case_id,method,time_s,theta_rad,lambda,CT,S,non_eq_CT
1,DIRECT,0,0.148352986419518,0.0759712592315892,0.0115432644584667,0.0115432644584667,1.73472347597681e-18
1,DIRECT,0.002,0.148352986419518,0.0759712592315892,0.0115432644584667,0.0115432644584667,1.73472347597681e-18
1,DIRECT,0.004,0.148352986419518,0.0759712592315892,0.0115432644584667,0.0115432644584667,1.73472347597681e-18
1,DIRECT,0.006,0.148352986419518,0.0759712592315892,0.0115432644584667,0.0115432644584667,1.73472347597681e-18
1,DIRECT,0.008,0.148352986419518,0.0759712592315892,0.0115432644584667,0.0115432644584667,1.73472347597681e-18
1,DIRECT,0.01,0.148352986419518,0.0759712592315892,0.0115432644584667,0.0115432644584667,1.73472347597681e-18
1,DIRECT,0.012,0.148352986419518,0.0759712592315892,0.0115432644584667,0.0115432644584667,1.73472347597681e-18
1,DIRECT,0.014,0.148352986419518,0.0759712592315892,0.0115432644584667,0.0115432644584667,1.73472347597681e-18
1,DIRECT,0.016,0.148352986419518,0.0759712592315892,0.0115432644584667,0.0115432644584667,1.73472347597681e-18
1,DIRECT,0.018,0.148352986419518,0.0759712592315892,0.0115432644584667,0.0115432644584667,1.73472347597681e-18
1,DIRECT,0.02,0.148352986419518,0.0759712592315892,0.0115432644584667,0.0115432644584667,1.73472347597681e-18
1,DIRECT,0.022,0.148352986419518,0.0759712592315892,0.0115432644584667,0.0115432644584667,1.73472347597681e-18
1,DIRECT,0.024,0.148352986419518,0.0759712592315892,0.0115432644584667,0.0115432644584667,1.73472347597681e-18
1,DIRECT,0.026,0.148352986419518,0.0759712592315892,0.0115432644584667,0.0115432644584667,1.73472347597681e-18
1,DIRECT,0.028,0.148352986419518,0.0759712592315892,0.0115432644584667,0.0115432644584667,1.73472347597681e-18
1,DIRECT,0.03,0.148352986419518,0.0759712592315892,0.0115432644584667,0.0115432644584667,1.73472347597681e-18
1,DIRECT,0.032,0.148352986419518,0.0759712592315892,0.0115432644584667,0.0115432644584667,1.73472347597681e-18
1,DIRECT,0.034,0.148352986419518,0.0759712592315892,0.0115432644584667,0.0115432644584667,1.73472347597681e-18
1,DIRECT,0.036,0.148352986419518,0.0759712592315892,0.0115432644584667,0.0115432644584667,1.73472347597681e-18
1,DIRECT,0.038,0.148352986419518,0.0759712592315892,0.0115432644584667,0.0115432644584667,1.73472347597681e-18
1,DIRECT,0.04,0.148352986419518,0.0759712592315892,0.0115432644584667,0.0115432644584667,1.73472347597681e-18
1,DIRECT,0.042,0.148352986419518,0.0759712592315892,0.0115432644584667,0.0115432644584667,1.73472347597681e-18
1,DIRECT,0.044,0.148352986419518,0.0759712592315892,0.0115432644584667,0.0115432644584667,1.73472347597681e-18
1,DIRECT,0.046,0.148352986419518,0.0759712592315892,0.0115432644584667,0.0115432644584667,1.73472347597681e-18
1,DIRECT,0.048,0.148352986419518,0.0759712592315892,0.0115432644584667,0.0115432644584667,1.73472347597681e-18
1,DIRECT,0.05,0.148352986419518,0.0759712592315892,0.0115432644584667,0.0115432644584667,1.73472347597681e-18
1,DIRECT,0.052,0.148352986419518,0.0759712592315892,0.0115432644584667,0.0115432644584667,1.73472347597681e-18
1,DIRECT,0.054,0.148352986419518,0.0759712592315892,0.0115432644584667,0.0115432644584667,1.73472347597681e-18
1,DIRECT,0.056,0.148352986419518,0.0759712592315892,0.0115432644584667,0.0115432644584667,1.73472347597681e-18
1,DIRECT,0.058,0.148352986419518,0.0759712592315892,0.0115432644584667,0.0115432644584667,1.73472347597681e-18
1,DIRECT,0.06,0.148352986419518,0.0759712592315892,0.0115432644584667,0.0115432644584667,1.73472347597681e-18
1,DIRECT,0.062,0.148352986419518,0.0759712592315892,0.0115432644584667,0.0115432644584667,1.73472347597681e-18
1,DIRECT,0.064,0.148352986419518,0.0759712592315892,0.0115432644584667,0.0115432644584667,1.73472347597681e-18
1,DIRECT,0.066,0.148352986419518,0.0759712592315892,0.0115432644584667,0.0115432644584667,1.73472347597681e-18
1,DIRECT,0.068,0.148352986419518,0.0759712592315892,0.0115432644584667,0.0115432644584667,1.73472347597681e-18
1,DIRECT,0.07,0.148352986419518,0.0759712592315892,0.0115432644584667,0.0115432644584667,1.73472347597681e-18
1,DIRECT,0.072,0.148352986419518,0.0759712592315892,0.0115432644584667,0.0115432644584667,1.73472347597681e-18
1,DIRECT,0.074,0.148352986419518,0.0759712592315892,0.0115432644584667,0.0115432644584667,1.73472347597681e-18
1,DIRECT,0.076,0.148352986419518,0.0759712592315892,0.0115432644584667,0.0115432644584667,1.73472347597681e-18
1,DIRECT,0.078,0.148352986419518,0.0759712592315892,0.0115432644584667,0.0115432644584667,1.73472347597681e-18
1,DIRECT,0.08,0.148352986419518,0.0759712592315892,0.0115432644584667,0.0115432644584667,1.73472347597681e-18
1,DIRECT,0.082,0.148352986419518,0.0759712592315892,0.0115432644584667,0.0115432644584667,1.73472347597681e-18
1,DIRECT,0.084,0.148352986419518,0.0759712592315892,0.0115432644584667,0.0115432644584667,1.73472347597681e-18
1,DIRECT,0.086,0.148352986419518,0.0759712592315892,0.0115432644584667,0.0115432644584667,1.73472347597681e-18
1,DIRECT,0.088,0.148352986419518,0.0759712592315892,0.0115432644584667,0.0115432644584667,1.73472347597681e-18
1,DIRECT,0.09,0.148352986419518,0.0759712592315892,0.0115432644584667,0.0115432644584667,1.73472347597681e-18
1,DIRECT,0.092,0.148352986419518,0.0759712592315892,0.0115432644584667,0.0115432644584667,1.73472347597681e-18
1,DIRECT,0.094,0.148352986419518,0.0759712592315892,0.0115432644584667,0.0115432644584667,1.73472347597681e-18
1,DIRECT,0.096,0.148352986419518,0.0759712592315892,0.0115432644584667,0.0115432644584667,1.73472347597681e-18
1,DIRECT,0.098,0.148352986419518,0.0759712592315892,0.0115432644584667,0.0115432644584667,1.73472347597681e-18
1,DIRECT,0.1,0.148352986419518,0.0759712592315892,0.0115432644584667,0.0115432644584667,1.73472347597681e-18
1,DIRECT,0.102,0.148352986419518,0.0759712592315892,0.0115432644584667,0.0115432644584667,1.73472347597681e-18
1,DIRECT,0.104,0.148352986419518,0.0759712592315892,0.0115432644584667,0.0115432644584667,1.73472347597681e-18
1,DIRECT,0.106,0.148352986419518,0.0759712592315892,0.0115432644584667,0.0115432644584667,1.73472347597681e-18
1,DIRECT,0.108,0.148352986419518,0.0759712592315892,0.0115432644584667,0.0115432644584667,1.73472347597681e-18
1,DIRECT,0.11,0.148352986419518,0.0759712592315892,0.0115432644584667,0.0115432644584667,1.73472347597681e-18
1,DIRECT,0.112,0.148352986419518,0.0759712592315892,0.0115432644584667,0.0115432644584667,1.73472347597681e-18
1,DIRECT,0.114,0.148352986419518,0.0759712592315892,0.0115432644584667,0.0115432644584667,1.73472347597681e-18
1,DIRECT,0.116,0.148352986419518,0.0759712592315892,0.0115432644584667,0.0115432644584667,1.73472347597681e-18
1,DIRECT,0.118,0.148352986419518,0.0759712592315892,0.0115432644584667,0.0115432644584667,1.73472347597681e-18
1,DIRECT,0.12,0.148352986419518,0.0759712592315892,0.0115432644584667,0.0115432644584667,1.73472347597681e-18
1,DIRECT,0.122,0.148352986419518,0.0759712592315892,0.0115432644584667,0.0115432644584667,1.73472347597681e-18
1,DIRECT,0.124,0.148352986419518,0.0759712592315892,0.0115432644584667,0.0115432644584667,1.73472347597681e-18
1,DIRECT,0.126,0.148352986419518,0.0759712592315892,0.0115432644584667,0.0115432644584667,1.73472347597681e-18
1,DIRECT,0.128,0.148352986419518,0.0759712592315892,0.0115432644584667,0.0115432644584667,1.73472347597681e-18
1,DIRECT,0.13,0.148352986419518,0.0759712592315892,0.0115432644584667,0.0115432644584667,1.73472347597681e-18
1,DIRECT,0.132,0.148352986419518,0.0759712592315892,0.0115432644584667,0.0115432644584667,1.73472347597681e-18
1,DIRECT,0.134,0.148352986419518,0.0759712592315892,0.0115432644584667,0.0115432644584667,1.73472347597681e-18
1,DIRECT,0.136,0.148352986419518,0.0759712592315892,0.0115432644584667,0.0115432644584667,1.73472347597681e-18
1,DIRECT,0.138,0.148352986419518,0.0759712592315892,0.0115432644584667,0.0115432644584667,1.73472347597681e-18
1,DIRECT,0.14,0.148352986419518,0.0759712592315892,0.0115432644584667,0.0115432644584667,1.73472347597681e-18
1,DIRECT,0.142,0.148352986419518,0.0759712592315892,0.0115432644584667,0.0115432644584667,1.73472347597681e-18
1,DIRECT,0.144,0.148352986419518,0.0759712592315892,0.0115432644584667,0.0115432644584667,1.73472347597681e-18
1,DIRECT,0.146,0.148352986419518,0.0759712592315892,0.0115432644584667,0.0115432644584667,1.73472347597681e-18
1,DIRECT,0.148,0.148352986419518,0.0759712592315892,0.0115432644584667,0.0115432644584667,1.73472347597681e-18
1,DIRECT,0.15,0.148352986419518,0.0759712592315892,0.0115432644584667,0.0115432644584667,1.73472347597681e-18
1,DIRECT,0.152,0.148352986419518,0.0759712592315892,0.0115432644584667,0.0115432644584667,1.73472347597681e-18
1,DIRECT,0.154,0.148352986419518,0.0759712592315892,0.0115432644584667,0.0115432644584667,1.73472347597681e-18
1,DIRECT,0.156,0.148352986419518,0.0759712592315892,0.0115432644584667,0.0115432644584667,1.73472347597681e-18
1,DIRECT,0.158,0.148352986419518,0.0759712592315892,0.0115432644584667,0.0115432644584667,1.73472347597681e-18
1,DIRECT,0.16,0.148352986419518,0.0759712592315892,0.0115432644584667,0.0115432644584667,1.73472347597681e-18
1,DIRECT,0.162,0.148352986419518,0.0759712592315892,0.0115432644584667,0.0115432644584667,1.73472347597681e-18
1,DIRECT,0.164,0.148352986419518,0.0759712592315892,0.0115432644584667,0.0115432644584667,1.73472347597681e-18
1,DIRECT,0.166,0.148352986419518,0.0759712592315892,0.0115432644584667,0.0115432644584667,1.73472347597681e-18
1,DIRECT,0.168,0.148352986419518,0.0759712592315892,0.0115432644584667,0.0115432644584667,1.73472347597681e-18
1,DIRECT,0.17,0.148352986419518,0.0759712592315892,0.0115432644584667,0.0115432644584667,1.73472347597681e-18
1,DIRECT,0.172,0.148352986419518,0.0759712592315892,0.0115432644584667,0.0115432644584667,1.73472347597681e-18
1,DIRECT,0.174,0.148352986419518,0.0759712592315892,0.0115432644584667,0.0115432644584667,1.73472347597681e-18
1,DIRECT,0.176,0.148352986419518,0.0759712592315892,0.0115432644584667,0.0115432644584667,1.73472347597681e-18
1,DIRECT,0.178,0.148352986419518,0.0759712592315892,0.0115432644584667,0.0115432644584667,1.73472347597681e-18
1,DIRECT,0.18,0.148352986419518,0.0759712592315892,0.0115432644584667,0.0115432644584667,1.73472347597681e-18
1,DIRECT,0.182,0.148352986419518,0.0759712592315892,0.0115432644584667,0.0115432644584667,1.73472347597681e-18
1,DIRECT,0.184,0.148352986419518,0.0759712592315892,0.0115432644584667,0.0115432644584667,1.73472347597681e-18
1,DIRECT,0.186,0.148352986419518,0.0759712592315892,0.0115432644584667,0.0115432644584667,1.73472347597681e-18
1,DIRECT,0.188,0.148352986419518,0.0759712592315892,0.0115432644584667,0.0115432644584667,1.73472347597681e-18
1,DIRECT,0.19,0.148352986419518,0.0759712592315892,0.0115432644584667,0.0115432644584667,1.73472347597681e-18
1,DIRECT,0.192,0.148352986419518,0.0759712592315892,0.0115432644584667,0.0115432644584667,1.73472347597681e-18
1,DIRECT,0.194,0.148352986419518,0.0759712592315892,0.0115432644584667,0.0115432644584667,1.73472347597681e-18
1,DIRECT,0.196,0.148352986419518,0.0759712592315892,0.0115432644584667,0.0115432644584667,1.73472347597681e-18
1,DIRECT,0.198,0.148352986419518,0.0759712592315892,0.0115432644584667,0.0115432644584667,1.73472347597681e-18
1,DIRECT,0.2,0.150098315671512,0.0759712592315892,0.0116810540546675,0.0116399067566197,4.11472980478556e-05
1,DIRECT,0.202,0.150098315671512,0.0760009475455061,0.0116772106327059,0.0116399067566197,3.73038760862685e-05
1,DIRECT,0.204,0.150098315671512,0.0760278633896004,0.011673726307622,0.0116399067566197,3.38195510023523e-05
1,DIRECT,0.206,0.150098315671512,0.0760522646131337,0.0116705673835803,0.0116399067566197,3.06606269606519e-05
1,DIRECT,0.208,0.150098315671512,0.0760743860232942,0.011667703614696,0.0116399067566197,2.77968580763566e-05
1,DIRECT,0.21,0.150098315671512,0.0760944401985832,0.0116651075226545,0.0116399067566197,2.5200766034808e-05
1,DIRECT,0.212,0.150098315671512,0.0761126196162248,0.0116627532746234,0.0116399067566197,2.28465180037198e-05
1,DIRECT,0.214,0.150098315671512,0.076129099093013,0.0116606144102488,0.0116399067566197,2.07076536291664e-05
1,DIRECT,0.216,0.150098315671512,0.0761440365367443,0.0116586762088001,0.0116399067566197,1.8769452180472e-05
1,DIRECT,0.218,0.150098315671512,0.0761575762668818,0.0116569192283607,0.0116399067566197,1.7012471741077e-05
1,DIRECT,0.22,0.150098315671512,0.0761698489819278,0.0116553261322938,0.0116399067566197,1.54193756741472e-05
1,DIRECT,0.222,0.150098315671512,0.0761809727017627,0.011653882188971,0.0116399067566197,1.39754323513035e-05
1,DIRECT,0.224,0.150098315671512,0.0761910552151173,0.0116525733792567,0.0116399067566197,1.26666226370128e-05
1,DIRECT,0.226,0.150098315671512,0.0762001938683924,0.011651387092535,0.0116399067566197,1.14803359153592e-05
1,DIRECT,0.228,0.150098315671512,0.0762084766745042,0.0116503119053883,0.0116399067566197,1.04051487686413e-05
1,DIRECT,0.23,0.150098315671512,0.076215984048267,0.011649337298818,0.0116399067566197,9.43054219828404e-06
1,DIRECT,0.232,0.150098315671512,0.0762227884546948,0.0116484538877999,0.0116399067566197,8.54713118027609e-06
1,DIRECT,0.234,0.150098315671512,0.0762289554264644,0.0116476532210711,0.0116399067566197,7.74646445143162e-06
1,DIRECT,0.236,0.150098315671512,0.0762345449132093,0.0116469275283206,0.0116399067566197,7.02077170090451e-06
1,DIRECT,0.238,0.150098315671512,0.0762396109955513,0.0116462697909026,0.0116399067566197,6.36303428293641e-06
1,DIRECT,0.24,0.150098315671512,0.0762442023820014,0.0116456736787088,0.0116399067566197,5.76692208908297e-06
1,DIRECT,0.242,0.150098315671512,0.0762483636888019,0.0116451333896661,0.0116399067566197,5.22663304644913e-06
1,DIRECT,0.244,0.150098315671512,0.0762521353780926,0.0116446436876141,0.0116399067566197,4.7369309944395e-06
1,DIRECT,0.246,0.150098315671512,0.0762555536335782,0.0116441998744658,0.0116399067566197,4.29311784608602e-06
1,DIRECT,0.248,0.150098315671512,0.0762586515576047,0.011643797652233,0.0116399067566197,3.89089561335376e-06
1,DIRECT,0.25,0.150098315671512,0.0762614594050131,0.0116434330926591,0.0116399067566197,3.52633603943608e-06
1,DIRECT,0.252,0.150098315671512,0.0762640042534697,0.0116431026800172,0.0116399067566197,3.19592339751221e-06
1,DIRECT,0.254,0.150098315671512,0.0762663105389063,0.0116428032393302,0.0116399067566197,2.89648271056819e-06
1,DIRECT,0.256,0.150098315671512,0.0762684007176813,0.0116425318535074,0.0116399067566197,2.62509688769841e-06
1,DIRECT,0.258,0.150098315671512,0.0762702952315504,0.0116422858726522,0.0116399067566197,2.37911603252761e-06
1,DIRECT,0.26,0.150098315671512,0.0762720122300937,0.0116420629402176,0.0116399067566197,2.15618359789005e-06
1,DIRECT,0.262,0.150098315671512,0.076273568228659,0.0116418609118493,0.0116399067566197,1.95415522968173e-06
1,DIRECT,0.264,0.150098315671512,0.076274978422592,0.011641677814586,0.0116399067566197,1.77105796637239e-06
1,DIRECT,0.266,0.150098315671512,0.0762762566373912,0.0116415118533295,0.0116399067566197,1.60509670981204e-06
1,DIRECT,0.268,0.150098315671512,0.07627741508458,0.0116413614425411,0.0116399067566197,1.45468592147036e-06
1,DIRECT,0.27,0.150098315671512,0.0762784648747049,0.0116412251396345,0.0116399067566197,1.31838301487344e-06
1,DIRECT,0.272,0.150098315671512,0.0762794162568125,0.0116411016138814,0.0116399067566197,1.19485726175067e-06
1,DIRECT,0.274,0.150098315671512,0.0762802786072971,0.0116409896478592,0.0116399067566197,1.08289123955038e-06
1,DIRECT,0.276,0.150098315671512,0.0762810602175912,0.0116408881650166,0.0116399067566197,9.81408396938388e-07
1,DIRECT,0.278,0.150098315671512,0.076281768508516,0.0116407962018423,0.0116399067566197,8.89445222598817e-07
1,DIRECT,0.28,0.150098315671512,0.0762824103495304,0.0116407128664138,0.0116399067566197,8.06109794158905e-07
1,DIRECT,0.282,0.150098315671512,0.0762829920682763,0.0116406373371584,0.0116399067566197,7.30580538781112e-07
1,DIRECT,0.284,0.150098315671512,0.0762835193987904,0.0116405688695766,0.0116399067566197,6.62112956940908e-07
1,DIRECT,0.286,0.150098315671512,0.0762839973208317,0.0116405068171034,0.0116399067566197,6.00060483777615e-07
1,DIRECT,0.288,0.150098315671512,0.0762844303807859,0.0116404505894429,0.0116399067566197,5.43832823274304e-07
1,DIRECT,0.29,0.150098315671512,0.0762848227986766,0.0116403996386737,0.0116399067566197,4.92882054076854e-07
1,DIRECT,0.292,0.150098315671512,0.0762851784681652,0.0116403534592491,0.0116399067566197,4.46702629410684e-07
1,DIRECT,0.294,0.150098315671512,0.0762855009147207,0.0116403115934279,0.0116399067566197,4.04836808198111e-07
1,DIRECT,0.296,0.150098315671512,0.0762857931611397,0.0116402736487352,0.0116399067566197,3.66892115556683e-07
1,DIRECT,0.298,0.150098315671512,0.0762860579623059,0.0116402392674818,0.0116399067566197,3.32510862125629e-07
1,DIRECT,0.3,0.150098315671512,0.0762862978867054,0.0116402081161798,0.0116399067566197,3.01359560160586e-07
1,DIRECT,0.302,0.150098315671512,0.076286515316427,0.0116401798855432,0.0116399067566197,2.731289234989e-07
1,DIRECT,0.304,0.150098315671512,0.0762867124428056,0.0116401542910529,0.0116399067566197,2.47534433211322e-07
1,DIRECT,0.306,0.150098315671512,0.0762868911612665,0.0116401310866104,0.0116399067566197,2.24329990767408e-07
1,DIRECT,0.308,0.150098315671512,0.0762870531131827,0.011640110059103,0.0116399067566197,2.03302483313406e-07
1,DIRECT,0.31,0.150098315671512,0.076287199833505,0.0116400910092354,0.0116399067566197,1.84252615741121e-07
1,DIRECT,0.312,0.150098315671512,0.0762873327576101,0.0116400737506411,0.0116399067566197,1.66994021461725e-07
1,DIRECT,0.314,0.150098315671512,0.0762874532213008,0.0116400581098821,0.0116399067566197,1.51353262398818e-07
1,DIRECT,0.316,0.150098315671512,0.0762875624572495,0.0116400439269104,0.0116399067566197,1.37170290764876e-07
1,DIRECT,0.318,0.150098315671512,0.0762876615142608,0.0116400310655515,0.0116399067566197,1.24308931814809e-07
1,DIRECT,0.32,0.150098315671512,0.0762877512824162,0.0116400194102388,0.0116399067566197,1.12653619099845e-07
1,DIRECT,0.322,0.150098315671512,0.0762878325981959,0.0116400088523654,0.0116399067566197,1.02095745684039e-07
1,DIRECT,0.324,0.150098315671512,0.0762879062493634,0.0116399992896496,0.0116399067566197,9.25330299050842e-08
1,DIRECT,0.326,0.150098315671512,0.0762879729749656,0.0116399906261351,0.0116399067566197,8.38695153951297e-08
1,DIRECT,0.328,0.150098315671512,0.0762880334653328,0.0116399827721907,0.0116399067566197,7.60155710634314e-08
1,DIRECT,0.33,0.150098315671512,0.0762880883483135,0.011639975646298,0.0116399067566197,6.88896782952142e-08
1,DIRECT,0.332,0.150098315671512,0.0762881381209239,0.0116399691839252,0.0116399067566197,6.2427305526358e-08
1,DIRECT,0.334,0.150098315671512,0.0762881832200302,0.0116399633283506,0.0116399067566197,5.65717309317093e-08
1,DIRECT,0.336,0.150098315671512,0.0762882240613618,0.0116399580255967,0.0116399067566197,5.12689770325314e-08
1,DIRECT,0.338,0.150098315671512,0.0762882610396027,0.0116399532244186,0.0116399067566197,4.6467798886507e-08
1,DIRECT,0.34,0.150098315671512,0.0762882945283908,0.0116399488763038,0.0116399067566197,4.2119684087738e-08
1,DIRECT,0.342,0.150098315671512,0.0762883248803187,0.0116399449354724,0.0116399067566197,3.81788527459292e-08
1,DIRECT,0.344,0.150098315671512,0.076288352425854,0.0116399413590173,0.0116399067566197,3.46023976104115e-08
1,DIRECT,0.346,0.150098315671512,0.0762883774340849,0.0116399381120005,0.0116399067566197,3.13553808438394e-08
1,DIRECT,0.348,0.150098315671512,0.0762884001104235,0.0116399351677518,0.0116399067566197,2.84111321482983e-08
1,DIRECT,0.35,0.150098315671512,0.0762884206497301,0.0116399325009709,0.0116399067566197,2.57443512514943e-08
1,DIRECT,0.352,0.150098315671512,0.0762884392394415,0.0116399300873214,0.0116399067566197,2.33307017628859e-08
1,DIRECT,0.354,0.150098315671512,0.0762884560595706,0.0116399279034308,0.0116399067566197,2.1146811170214e-08
1,DIRECT,0.356,0.150098315671512,0.0762884712827067,0.0116399259268905,0.0116399067566197,1.91702708360331e-08
1,DIRECT,0.358,0.150098315671512,0.0762884850740153,0.0116399241362557,0.0116399067566197,1.73796360185274e-08
1,DIRECT,0.36,0.150098315671512,0.0762884975912381,0.0116399225110455,0.0116399067566197,1.57544258472253e-08
1,DIRECT,0.362,0.150098315671512,0.076288508974203,0.011639921033105,0.0116399067566197,1.42764853619526e-08
1,DIRECT,0.364,0.150098315671512,0.0762885193129757,0.0116399196907403,0.0116399067566197,1.29341206321631e-08
1,DIRECT,0.366,0.150098315671512,0.0762885286861604,0.0116399184737455,0.0116399067566197,1.17171258390281e-08
1,DIRECT,0.368,0.150098315671512,0.076288537170807,0.0116399173721167,0.0116399067566197,1.06154969953254e-08
1,DIRECT,0.37,0.150098315671512,0.076288544842323,0.011639916376063,0.0116399067566197,9.61944332522613e-09
1,DIRECT,0.372,0.150098315671512,0.076288551774474,0.0116399154760069,0.0116399067566197,8.71938727817212e-09
1,DIRECT,0.374,0.150098315671512,0.0762885580393832,0.0116399146625842,0.0116399067566197,7.90596450112035e-09
1,DIRECT,0.376,0.150098315671512,0.0762885637075319,0.0116399139266436,0.0116399067566197,7.17002388364585e-09
1,DIRECT,0.378,0.150098315671512,0.076288568847759,0.0116399132592472,0.0116399067566197,6.50262750936936e-09
1,DIRECT,0.38,0.150098315671512,0.0762885735271687,0.0116399126516824,0.0116399067566197,5.89506269493834e-09
1,DIRECT,0.382,0.150098315671512,0.0762885777901836,0.0116399120981814,0.0116399067566197,5.34156172071754e-09
1,DIRECT,0.384,0.150098315671512,0.0762885816612027,0.0116399115955763,0.0116399067566197,4.83895665898126e-09
1,DIRECT,0.386,0.150098315671512,0.0762885851696282,0.0116399111400497,0.0116399067566197,4.3834300043899e-09
1,DIRECT,0.388,0.150098315671512,0.0762885883443506,0.0116399107278503,0.0116399067566197,3.97123065334903e-09
1,DIRECT,0.39,0.150098315671512,0.0762885912137491,0.0116399103552936,0.0116399067566197,3.59867393176505e-09
1,DIRECT,0.392,0.150098315671512,0.0762885938056913,0.0116399100187612,0.0116399067566197,3.26214156035065e-09
1,DIRECT,0.394,0.150098315671512,0.0762885961475333,0.0116399097147013,0.0116399067566197,2.95808167891098e-09
1,DIRECT,0.396,0.150098315671512,0.0762885982661197,0.0116399094396285,0.0116399067566197,2.68300883940475e-09
1,DIRECT,0.398,0.150098315671512,0.0762886001877836,0.0116399091901237,0.0116399067566197,2.43350400247477e-09
1,DIRECT,0.4,0.150098315671512,0.0762886019383044,0.0116399089628397,0.0116399067566197,2.20622001917414e-09
1,DIRECT,0.402,0.150098315671512,0.0762886035337327,0.0116399087556926,0.0116399067566197,1.9990729314967e-09
1,DIRECT,0.404,0.150098315671512,0.0762886049824571,0.0116399085675933,0.0116399067566197,1.81097358289972e-09
1,DIRECT,0.406,0.150098315671512,0.0762886062954812,0.0116399083971129,0.0116399067566197,1.64049327594507e-09
1,DIRECT,0.408,0.150098315671512,0.0762886074836172,0.0116399082428478,0.0116399067566197,1.48622816137367e-09
1,DIRECT,0.41,0.150098315671512,0.0762886085574861,0.0116399081034189,0.0116399067566197,1.34679925892223e-09
1,DIRECT,0.412,0.150098315671512,0.0762886095275174,0.0116399079774721,0.0116399067566197,1.22085243303705e-09
1,DIRECT,0.414,0.150098315671512,0.0762886104039489,0.0116399078636781,0.0116399067566197,1.10705838940461e-09
1,DIRECT,0.416,0.150098315671512,0.0762886111968272,0.0116399077607324,0.0116399067566197,1.00411271658496e-09
1,DIRECT,0.418,0.150098315671512,0.0762886119160076,0.0116399076673555,0.0116399067566197,9.10735840908838e-10
1,DIRECT,0.42,0.150098315671512,0.0762886125711378,0.0116399075822948,0.0116399067566197,8.25675090798672e-10
1,DIRECT,0.422,0.150098315671512,0.0762886131682249,0.0116399075047702,0.0116399067566197,7.48150544988002e-10
1,DIRECT,0.424,0.150098315671512,0.0762886137104082,0.0116399074343743,0.0116399067566197,6.77754595501678e-10
1,DIRECT,0.426,0.150098315671512,0.0762886142018059,0.0116399073705722,0.0116399067566197,6.139525485227e-10
1,DIRECT,0.428,0.150098315671512,0.0762886146464643,0.0116399073128387,0.0116399067566197,5.56219025699134e-10
1,DIRECT,0.43,0.150098315671512,0.0762886150483584,0.0116399072606576,0.0116399067566197,5.04037929449641e-10
1,DIRECT,0.432,0.150098315671512,0.0762886154113914,0.0116399072135222,0.0116399067566197,4.56902484596844e-10
1,DIRECT,0.434,0.150098315671512,0.0762886157393948,0.0116399071709349,0.0116399067566197,4.14315210611749e-10
1,DIRECT,0.436,0.150098315671512,0.0762886160361285,0.0116399071324076,0.0116399067566197,3.75787921613746e-10
1,DIRECT,0.438,0.150098315671512,0.0762886163052809,0.0116399070974614,0.0116399067566197,3.40841740248399e-10
1,DIRECT,0.44,0.150098315671512,0.0762886165504626,0.0116399070656275,0.0116399067566197,3.09007860965771e-10
1,DIRECT,0.442,0.150098315671512,0.0762886167739216,0.0116399070366141,0.0116399067566197,2.79994402663242e-10
1,DIRECT,0.444,0.150098315671512,0.0762886169768331,0.0116399070102685,0.0116399067566197,2.53648799880546e-10
1,DIRECT,0.446,0.150098315671512,0.076288617160738,0.0116399069863906,0.0116399067566197,2.29770966142517e-10
1,DIRECT,0.448,0.150098315671512,0.0762886173271509,0.0116399069647839,0.0116399067566197,2.08164267073707e-10
1,DIRECT,0.45,0.150098315671512,0.0762886174775592,0.0116399069452552,0.0116399067566197,1.88635562031747e-10
1,DIRECT,0.452,0.150098315671512,0.0762886176134239,0.0116399069276148,0.0116399067566197,1.70995176351774e-10
1,DIRECT,0.454,0.150098315671512,0.0762886177361787,0.0116399069116766,0.0116399067566197,1.55056942979792e-10
1,DIRECT,0.456,0.150098315671512,0.076288617847231,0.0116399068972578,0.0116399067566197,1.40638153900419e-10
1,DIRECT,0.458,0.150098315671512,0.0762886179479609,0.0116399068841793,0.0116399067566197,1.27559591361903e-10
1,DIRECT,0.46,0.150098315671512,0.0762886180397198,0.0116399068722655,0.0116399067566197,1.15645801962438e-10
1,DIRECT,0.462,0.150098315671512,0.0762886181233491,0.0116399068614072,0.0116399067566197,1.04787550164742e-10
1,DIRECT,0.464,0.150098315671512,0.0762886181992884,0.0116399068515474,0.0116399067566197,9.492774621922e-11
1,DIRECT,0.466,0.150098315671512,0.0762886182681146,0.0116399068426112,0.0116399067566197,8.599149517452e-11
1,DIRECT,0.468,0.150098315671512,0.0762886183303945,0.0116399068345249,0.0116399067566197,7.79052135302383e-11
1,DIRECT,0.47,0.150098315671512,0.0762886183866846,0.0116399068272163,0.0116399067566197,7.05966188285778e-11
1,DIRECT,0.472,0.150098315671512,0.0762886184375317,0.0116399068206144,0.0116399067566197,6.39947296543486e-11
1,DIRECT,0.474,0.150098315671512,0.0762886184834726,0.0116399068146495,0.0116399067566197,5.80298656349676e-11
1,DIRECT,0.476,0.150098315671512,0.0762886185250338,0.0116399068092533,0.0116399067566197,5.26336509099057e-11
1,DIRECT,0.478,0.150098315671512,0.0762886185627318,0.0116399068043587,0.0116399067566197,4.77390141306877e-11
1,DIRECT,0.48,0.150098315671512,0.0762886185970725,0.0116399067999,0.0116399067566197,4.32802960137479e-11
1,DIRECT,0.482,0.150098315671512,0.0762886186283706,0.0116399067958363,0.0116399067566197,3.92166091267576e-11
1,DIRECT,0.484,0.150098315671512,0.0762886186567908,0.0116399067921463,0.0116399067566197,3.55265920848336e-11
1,DIRECT,0.486,0.150098315671512,0.0762886186825489,0.0116399067888019,0.0116399067566197,3.2182211756604e-11
1,DIRECT,0.488,0.150098315671512,0.0762886187058571,0.0116399067857756,0.0116399067566197,2.91559276721642e-11
1,DIRECT,0.49,0.150098315671512,0.0762886187269236,0.0116399067830404,0.0116399067566197,2.64206989619709e-11
1,DIRECT,0.492,0.150098315671512,0.0762886187459531,0.0116399067805696,0.0116399067566197,2.39499461929249e-11
1,DIRECT,0.494,0.150098315671512,0.0762886187631464,0.0116399067783373,0.0116399067566197,2.17176034100763e-11
1,DIRECT,0.496,0.150098315671512,0.0762886187787006,0.0116399067763177,0.0116399067566197,1.96980765032606e-11
1,DIRECT,0.498,0.150098315671512,0.076288618792809,0.0116399067744859,0.0116399067566197,1.78662674932273e-11
1,DIRECT,0.5,0.150098315671512,0.076288618805661,0.0116399067728173,0.0116399067566197,1.61975953483218e-11
1,DIRECT,0.502,0.150098315671512,0.0762886188173743,0.0116399067712964,0.0116399067566197,1.46767667463799e-11
1,DIRECT,0.504,0.150098315671512,0.0762886188280105,0.0116399067699154,0.0116399067566197,1.32957811427303e-11
1,DIRECT,0.506,0.150098315671512,0.0762886188376505,0.0116399067686638,0.0116399067566197,1.20441538686844e-11
1,DIRECT,0.508,0.150098315671512,0.0762886188463735,0.0116399067675312,0.0116399067566197,1.09115702584539e-11
1,DIRECT,0.51,0.150098315671512,0.0762886188542576,0.0116399067665076,0.0116399067566197,9.88790993527999e-12
1,DIRECT,0.512,0.150098315671512,0.0762886188613794,0.0116399067655829,0.0116399067566197,8.96323987253922e-12
1,DIRECT,0.514,0.150098315671512,0.0762886188678139,0.0116399067647475,0.0116399067566197,8.12778316872098e-12
1,DIRECT,0.516,0.150098315671512,0.0762886188736351,0.0116399067639916,0.0116399067566197,7.37197802802569e-12
1,DIRECT,0.518,0.150098315671512,0.0762886188789152,0.0116399067633061,0.0116399067566197,6.68642918810747e-12
1,DIRECT,0.52,0.150098315671512,0.076288618883725,0.0116399067626816,0.0116399067566197,6.06192873675582e-12
1,DIRECT,0.522,0.150098315671512,0.0762886188881087,0.0116399067621124,0.0116399067566197,5.49276249484087e-12
1,DIRECT,0.524,0.150098315671512,0.0762886188920893,0.0116399067615956,0.0116399067566197,4.9759293907492e-12
1,DIRECT,0.526,0.150098315671512,0.076288618895697,0.0116399067611272,0.0116399067566197,4.50750894942509e-12
1,DIRECT,0.528,0.150098315671512,0.0762886188989616,0.0116399067607033,0.0116399067566197,4.08364314585796e-12
1,DIRECT,0.53,0.150098315671512,0.0762886189019122,0.0116399067603202,0.0116399067566197,3.70053987452934e-12
1,DIRECT,0.532,0.150098315671512,0.0762886189045775,0.0116399067599742,0.0116399067566197,3.35448335775368e-12
1,DIRECT,0.534,0.150098315671512,0.0762886189069857,0.0116399067596615,0.0116399067566197,3.04181332899667e-12
1,DIRECT,0.536,0.150098315671512,0.0762886189091642,0.0116399067593786,0.0116399067566197,2.75895625789779e-12
1,DIRECT,0.538,0.150098315671512,0.0762886189111403,0.0116399067591221,0.0116399067566197,2.50238718635387e-12
1,DIRECT,0.54,0.150098315671512,0.0762886189129403,0.0116399067588883,0.0116399067566197,2.26867136188247e-12
1,DIRECT,0.542,0.150098315671512,0.0762886189145809,0.0116399067586753,0.0116399067566197,2.05565772737337e-12
1,DIRECT,0.544,0.150098315671512,0.0762886189160707,0.0116399067584819,0.0116399067566197,1.86223605980196e-12
1,DIRECT,0.546,0.150098315671512,0.0762886189174209,0.0116399067583066,0.0116399067566197,1.68693184421365e-12
1,DIRECT,0.548,0.150098315671512,0.0762886189186426,0.011639906758148,0.0116399067566197,1.52829832122947e-12
1,DIRECT,0.55,0.150098315671512,0.0762886189197469,0.0116399067580046,0.0116399067566197,1.38492342593999e-12
1,DIRECT,0.552,0.150098315671512,0.0762886189207444,0.0116399067578751,0.0116399067566197,1.25541244067051e-12
1,DIRECT,0.554,0.150098315671512,0.0762886189216456,0.0116399067577581,0.0116399067566197,1.13839493387502e-12
1,DIRECT,0.556,0.150098315671512,0.0762886189224609,0.0116399067576522,0.0116399067566197,1.03253516847701e-12
1,DIRECT,0.558,0.150098315671512,0.0762886189232005,0.0116399067575562,0.0116399067566197,9.36514754634743e-13
1,DIRECT,0.56,0.150098315671512,0.0762886189238741,0.0116399067574687,0.0116399067566197,8.49049996975992e-13
1,DIRECT,0.562,0.150098315671512,0.0762886189244881,0.011639906757389,0.0116399067566197,7.69329044914002e-13
1,DIRECT,0.564,0.150098315671512,0.0762886189250457,0.0116399067573166,0.0116399067566197,6.9693903426149e-13
1,DIRECT,0.566,0.150098315671512,0.076288618925551,0.011639906757251,0.0116399067566197,6.31335261846999e-13
1,DIRECT,0.568,0.150098315671512,0.0762886189260082,0.0116399067571916,0.0116399067566197,5.71966085605169e-13
1,DIRECT,0.57,0.150098315671512,0.0762886189264215,0.011639906757138,0.0116399067566197,5.18307619046254e-13
1,DIRECT,0.572,0.150098315671512,0.0762886189267948,0.0116399067570895,0.0116399067566197,4.69832506233558e-13
1,DIRECT,0.574,0.150098315671512,0.0762886189271321,0.0116399067570457,0.0116399067566197,4.26044616252952e-13
1,DIRECT,0.576,0.150098315671512,0.0762886189274372,0.0116399067570061,0.0116399067566197,3.86427001508594e-13
1,DIRECT,0.578,0.150098315671512,0.076288618927714,0.0116399067569702,0.0116399067566197,3.50490469980258e-13
1,DIRECT,0.58,0.150098315671512,0.0762886189279661,0.0116399067569374,0.0116399067566197,3.17759707435528e-13
1,DIRECT,0.582,0.150098315671512,0.0762886189281959,0.0116399067569076,0.0116399067566197,2.87922463648727e-13
1,DIRECT,0.584,0.150098315671512,0.0762886189284046,0.0116399067568805,0.0116399067566197,2.60826082953969e-13
1,DIRECT,0.586,0.150098315671512,0.0762886189285937,0.0116399067568559,0.0116399067566197,2.36276276321945e-13
1,DIRECT,0.588,0.150098315671512,0.0762886189287648,0.0116399067568337,0.0116399067566197,2.14057938041634e-13
1,DIRECT,0.59,0.150098315671512,0.0762886189289194,0.0116399067568136,0.0116399067566197,1.93976779083727e-13
1,DIRECT,0.592,0.150098315671512,0.0762886189290592,0.0116399067567955,0.0116399067566197,1.75835040971961e-13
1,DIRECT,0.594,0.150098315671512,0.0762886189291854,0.0116399067567791,0.0116399067566197,1.59445373570932e-13
1,DIRECT,0.596,0.150098315671512,0.0762886189292996,0.0116399067567643,0.0116399067566197,1.44620426745234e-13
1,DIRECT,0.598,0.150098315671512,0.0762886189294032,0.0116399067567508,0.0116399067566197,1.31172850359462e-13
1,DIRECT,0.6,0.150098315671512,0.0762886189294975,0.0116399067567386,0.0116399067566197,1.18918763725162e-13
1,DIRECT,0.602,0.150098315671512,0.0762886189295835,0.0116399067567274,0.0116399067566197,1.07750613986823e-13
1,DIRECT,0.604,0.150098315671512,0.0762886189296616,0.0116399067567173,0.0116399067566197,9.76163594401669e-14
1,DIRECT,0.606,0.150098315671512,0.0762886189297324,0.0116399067567081,0.0116399067566197,8.84257944644418e-14
1,DIRECT,0.608,0.150098315671512,0.0762886189297964,0.0116399067566998,0.0116399067566197,8.01129995675609e-14
1,DIRECT,0.61,0.150098315671512,0.0762886189298543,0.0116399067566923,0.0116399067566197,7.25981774696294e-14
1,DIRECT,0.612,0.150098315671512,0.0762886189299066,0.0116399067566855,0.0116399067566197,6.58084697846562e-14
1,DIRECT,0.614,0.150098315671512,0.0762886189299538,0.0116399067566793,0.0116399067566197,5.96744875736022e-14
1,DIRECT,0.616,0.150098315671512,0.0762886189299966,0.0116399067566738,0.0116399067566197,5.41233724504764e-14
1,DIRECT,0.618,0.150098315671512,0.0762886189300353,0.0116399067566688,0.0116399067566197,4.90926743701436e-14
1,DIRECT,0.62,0.150098315671512,0.0762886189300707,0.0116399067566642,0.0116399067566197,4.4502596052709e-14
1,DIRECT,0.622,0.150098315671512,0.0762886189301028,0.01163990675666,0.0116399067566197,4.03253819225569e-14
1,DIRECT,0.624,0.150098315671512,0.0762886189301321,0.0116399067566562,0.0116399067566197,3.65298069571196e-14
1,DIRECT,0.626,0.150098315671512,0.0762886189301585,0.0116399067566528,0.0116399067566197,3.30915850277336e-14
1,DIRECT,0.628,0.150098315671512,0.0762886189301825,0.0116399067566497,0.0116399067566197,2.99829605587831e-14
1,DIRECT,0.63,0.150098315671512,0.0762886189302042,0.0116399067566468,0.0116399067566197,2.71692390807488e-14
1,DIRECT,0.632,0.150098315671512,0.0762886189302237,0.0116399067566443,0.0116399067566197,2.46261344649668e-14
1,DIRECT,0.634,0.150098315671512,0.0762886189302414,0.011639906756642,0.0116399067566197,2.23328300297254e-14
1,DIRECT,0.636,0.150098315671512,0.0762886189302574,0.0116399067566399,0.0116399067566197,2.02546313055052e-14
1,DIRECT,0.638,0.150098315671512,0.0762886189302719,0.011639906756638,0.0116399067566197,1.83707216105944e-14
1,DIRECT,0.64,0.150098315671512,0.0762886189302851,0.0116399067566363,0.0116399067566197,1.66602842632813e-14
1,DIRECT,0.642,0.150098315671512,0.0762886189302972,0.0116399067566348,0.0116399067566197,1.50920942409982e-14
1,DIRECT,0.644,0.150098315671512,0.0762886189303081,0.0116399067566333,0.0116399067566197,1.36730904376492e-14
1,DIRECT,0.646,0.150098315671512,0.076288618930318,0.0116399067566321,0.0116399067566197,1.23859256184744e-14
1,DIRECT,0.648,0.150098315671512,0.076288618930327,0.0116399067566309,0.0116399067566197,1.12236608895699e-14
1,DIRECT,0.65,0.150098315671512,0.0762886189303351,0.0116399067566298,0.0116399067566197,1.0168949016176e-14
1,DIRECT,0.652,0.150098315671512,0.0762886189303424,0.0116399067566289,0.0116399067566197,9.21832055134075e-15
1,DIRECT,0.654,0.150098315671512,0.0762886189303491,0.011639906756628,0.0116399067566197,8.35789770725626e-15
1,DIRECT,0.656,0.150098315671512,0.076288618930355,0.0116399067566272,0.0116399067566197,7.58074159001865e-15
1,DIRECT,0.658,0.150098315671512,0.0762886189303605,0.0116399067566265,0.0116399067566197,6.87644385877206e-15
1,DIRECT,0.66,0.150098315671512,0.0762886189303654,0.0116399067566259,0.0116399067566197,6.23112672570869e-15
1,DIRECT,0.662,0.150098315671512,0.0762886189303699,0.0116399067566253,0.0116399067566197,5.64825963778048e-15
1,DIRECT,0.664,0.150098315671512,0.076288618930374,0.0116399067566248,0.0116399067566197,5.11743425413158e-15
1,DIRECT,0.666,0.150098315671512,0.0762886189303777,0.0116399067566243,0.0116399067566197,4.63518112781003e-15
1,DIRECT,0.668,0.150098315671512,0.0762886189303811,0.0116399067566239,0.0116399067566197,4.20150025881583e-15
1,DIRECT,0.67,0.150098315671512,0.0762886189303841,0.0116399067566235,0.0116399067566197,3.80251385934116e-15
1,DIRECT,0.672,0.150098315671512,0.0762886189303869,0.0116399067566231,0.0116399067566197,3.44863027024189e-15
1,DIRECT,0.674,0.150098315671512,0.0762886189303893,0.0116399067566228,0.0116399067566197,3.12597170371021e-15
1,DIRECT,0.676,0.150098315671512,0.0762886189303916,0.0116399067566225,0.0116399067566197,2.8345381597461e-15
1,DIRECT,0.678,0.150098315671512,0.0762886189303936,0.0116399067566222,0.0116399067566197,2.57432963834958e-15
1,DIRECT,0.68,0.150098315671512,0.0762886189303955,0.011639906756622,0.0116399067566197,2.33146835171283e-15
1,DIRECT,0.682,0.150098315671512,0.0762886189303972,0.0116399067566218,0.0116399067566197,2.11289319373975e-15
1,DIRECT,0.684,0.150098315671512,0.0762886189303987,0.0116399067566216,0.0116399067566197,1.9151347174784e-15
1,DIRECT,0.686,0.150098315671512,0.0762886189304001,0.0116399067566214,0.0116399067566197,1.73472347597681e-15
1,DIRECT,0.688,0.150098315671512,0.0762886189304013,0.0116399067566212,0.0116399067566197,1.57165946923499e-15
1,DIRECT,0.69,0.150098315671512,0.0762886189304025,0.0116399067566211,0.0116399067566197,1.42594269725294e-15
1,DIRECT,0.692,0.150098315671512,0.0762886189304035,0.011639906756621,0.0116399067566197,1.2941037130787e-15
1,DIRECT,0.694,0.150098315671512,0.0762886189304044,0.0116399067566208,0.0116399067566197,1.17267306976032e-15
1,DIRECT,0.696,0.150098315671512,0.0762886189304053,0.0116399067566207,0.0116399067566197,1.06165076729781e-15
1,DIRECT,0.698,0.150098315671512,0.076288618930406,0.0116399067566206,0.0116399067566197,9.64506252643105e-16
1,DIRECT,0.7,0.148352986419518,0.0762886189304067,0.011501837726735,0.0115432644584667,-4.14267317316707e-05
1,DIRECT,0.7,0.148352986419518,0.0762886189304067,0.011501837726735,0.0115432644584667,-4.14267317316707e-05
1,DIRECT,0.702,0.148352986419518,0.0762588780356803,0.0115057214855798,0.0115432644584667,-3.75429728868715e-05
1,DIRECT,0.704,0.148352986419518,0.0762319277653329,0.011509240767287,0.0115432644584667,-3.40236911796372e-05
1,DIRECT,0.706,0.148352986419518,0.0762075061291018,0.0115124296460276,0.0115432644584667,-3.08348124390522e-05
1,DIRECT,0.708,0.148352986419518,0.0761853747340267,0.0115153185829381,0.0115432644584667,-2.7945875528573e-05
1,DIRECT,0.71,0.148352986419518,0.0761653185414271,0.0115179365600758,0.0115432644584667,-2.53278983908551e-05
1,DIRECT,0.712,0.148352986419518,0.0761471427172672,0.0115203091371267,0.0115432644584667,-2.29553213399788e-05
1,DIRECT,0.714,0.148352986419518,0.0761306704154044,0.0115224599342912,0.0115432644584667,-2.08045241754263e-05
1,DIRECT,0.716,0.148352986419518,0.0761157422615427,0.0115244090966745,0.0115432644584667,-1.88553617921344e-05
1,DIRECT,0.718,0.148352986419518,0.0761022130174411,0.0115261755634078,0.0115432644584667,-1.70888950588536e-05
1,DIRECT,0.72,0.148352986419518,0.0760899513920766,0.0115277762546433,0.0115432644584667,-1.54882038233672e-05
1,DIRECT,0.722,0.148352986419518,0.0760788387668422,0.0115292269549074,0.0115432644584667,-1.40375035592912e-05
1,DIRECT,0.724,0.148352986419518,0.0760687670073729,0.0115305418398237,0.0115432644584667,-1.27226186430029e-05
1,DIRECT,0.726,0.148352986419518,0.076059638705804,0.011531733599757,0.0115432644584667,-1.15308587096668e-05
1,DIRECT,0.728,0.148352986419518,0.0760513655489048,0.011532813246862,0.0115432644584667,-1.04512116046711e-05
1,DIRECT,0.73,0.148352986419518,0.076043866977387,0.0115337918123323,0.0115432644584667,-9.47264613434216e-06
1,DIRECT,0.732,0.148352986419518,0.0760370706014944,0.0115346787425509,0.0115432644584667,-8.58571591576783e-06
1,DIRECT,0.734,0.148352986419518,0.0760309107887892,0.0115354826075715,0.0115432644584667,-7.78185089520163e-06
1,DIRECT,0.736,0.148352986419518,0.0760253275814075,0.0115362112294724,0.0115432644584667,-7.05322899430434e-06
1,DIRECT,0.738,0.148352986419518,0.0760202670686366,0.0115368716308566,0.0115432644584667,-6.39282761006991e-06
1,DIRECT,0.74,0.148352986419518,0.0760156805130138,0.0115374701756851,0.0115432644584667,-5.79428278160536e-06
1,DIRECT,0.742,0.148352986419518,0.0760115232900405,0.0115380126932113,0.0115432644584667,-5.25176525531697e-06
1,DIRECT,0.744,0.148352986419518,0.0760077550990613,0.0115385044425168,0.0115432644584667,-4.76001594981908e-06
1,DIRECT,0.746,0.148352986419518,0.0760043398052447,0.0115389501404536,0.0115432644584667,-4.3143180130812e-06
1,DIRECT,0.748,0.148352986419518,0.0760012442968122,0.0115393541911377,0.0115432644584667,-3.91026732894477e-06
1,DIRECT,0.75,0.148352986419518,0.0759984383964863,0.0115397204400883,0.0115432644584667,-3.54401837840239e-06
1,DIRECT,0.752,0.148352986419518,0.0759958951615779,0.0115400523673302,0.0115432644584667,-3.21209113649835e-06
1,DIRECT,0.754,0.148352986419518,0.0759935901201518,0.0115403531228001,0.0115432644584667,-2.91133566656006e-06
1,DIRECT,0.756,0.148352986419518,0.0759915008105072,0.011540625730318,0.0115432644584667,-2.63872814865694e-06
1,DIRECT,0.758,0.148352986419518,0.0759896068860501,0.011540872844614,0.0115432644584667,-2.39161385262067e-06
1,DIRECT,0.76,0.148352986419518,0.0759878902807923,0.0115410968228591,0.0115432644584667,-2.16763560757956e-06
1,DIRECT,0.762,0.148352986419518,0.0759863344517716,0.0115412997932904,0.0115432644584667,-1.96466517627357e-06
1,DIRECT,0.764,0.148352986419518,0.0759849242008591,0.0115414837680063,0.0115432644584667,-1.78069046038141e-06
1,DIRECT,0.766,0.148352986419518,0.0759836457809343,0.0115416505440538,0.0115432644584667,-1.61391441288843e-06
1,DIRECT,0.768,0.148352986419518,0.0759824870461576,0.0115418017039548,0.0115432644584667,-1.46275451182003e-06
1,DIRECT,0.77,0.148352986419518,0.0759814368586877,0.0115419387036183,0.0115432644584667,-1.32575484834523e-06
1,DIRECT,0.772,0.148352986419518,0.0759804849602963,0.0115420628812467,0.0115432644584667,-1.20157721992913e-06
1,DIRECT,0.774,0.148352986419518,0.0759796220074353,0.0115421754557222,0.0115432644584667,-1.08900274444455e-06
1,DIRECT,0.776,0.148352986419518,0.0759788397912926,0.0115422774978993,0.0115432644584667,-9.86960567326764e-07
1,DIRECT,0.778,0.148352986419518,0.075978130865595,0.0115423699791588,0.0115432644584667,-8.94479307891535e-07
1,DIRECT,0.78,0.148352986419518,0.0759774883314512,0.0115424536433475,0.0115432644584667,-8.10815119120165e-07
1,DIRECT,0.782,0.148352986419518,0.0759769058371321,0.0115425294640766,0.0115432644584667,-7.34994390018742e-07
1,DIRECT,0.784,0.148352986419518,0.0759763777066565,0.0115425982085116,0.0115432644584667,-6.66249955044371e-07
1,DIRECT,0.786,0.148352986419518,0.0759758989944896,0.0115426605203886,0.0115432644584667,-6.03938078007696e-07
1,DIRECT,0.788,0.148352986419518,0.0759754651337918,0.0115427169941513,0.0115432644584667,-5.47464315334492e-07
1,DIRECT,0.79,0.148352986419518,0.0759750718922015,0.0115427681807061,0.0115432644584667,-4.96277760596645e-07
1,DIRECT,0.792,0.148352986419518,0.075974715371986,0.0115428145874025,0.0115432644584667,-4.49871064173504e-07
1,DIRECT,0.794,0.148352986419518,0.0759743920978379,0.0115428566666052,0.0115432644584667,-4.07791861426268e-07
1,DIRECT,0.796,0.148352986419518,0.0759740990696696,0.0115428948088218,0.0115432644584667,-3.69649644808498e-07
1,DIRECT,0.798,0.148352986419518,0.0759738335125639,0.0115429293752506,0.0115432644584667,-3.3508321606833e-07
1,DIRECT,0.8,0.148352986419518,0.0759735928433196,0.0115429607021351,0.0115432644584667,-3.03756331596419e-07
1,DIRECT,0.802,0.148352986419518,0.0759733746704509,0.0115429891007642,0.0115432644584667,-2.75357702467574e-07
1,DIRECT,0.804,0.148352986419518,0.0759731768129637,0.0115430148550283,0.0115432644584667,-2.49603438398985e-07
1,DIRECT,0.806,0.148352986419518,0.0759729974212422,0.0115430382056835,0.0115432644584667,-2.26252783180544e-07
1,DIRECT,0.808,0.148352986419518,0.0759728348414612,0.0115430593680009,0.0115432644584667,-2.05090465716165e-07
1,DIRECT,0.81,0.148352986419518,0.0759726875232695,0.011543078543783,0.0115432644584667,-1.85914683618546e-07
1,DIRECT,0.812,0.148352986419518,0.0759725540192487,0.0115430959214338,0.0115432644584667,-1.68537032807156e-07
1,DIRECT,0.814,0.148352986419518,0.0759724329849133,0.0115431116759592,0.0115432644584667,-1.52782507466601e-07
1,DIRECT,0.816,0.148352986419518,0.0759723231950981,0.0115431259668335,0.0115432644584667,-1.38491633177099e-07
1,DIRECT,0.818,0.148352986419518,0.0759722236369491,0.0115431389258955,0.0115432644584667,-1.25532571134887e-07
1,DIRECT,0.82,0.148352986419518,0.0759721334106003,0.011543150670277,0.0115432644584667,-1.13788189702244e-07
1,DIRECT,0.822,0.148352986419518,0.0759720516671618,0.0115431613104741,0.0115432644584667,-1.03147992534455e-07
1,DIRECT,0.824,0.148352986419518,0.0759719776084507,0.011543170950383,0.0115432644584667,-9.35080836147323e-08
1,DIRECT,0.826,0.148352986419518,0.0759719104869917,0.0115431796872994,0.0115432644584667,-8.47711672854329e-08
1,DIRECT,0.828,0.148352986419518,0.075971849606195,0.0115431876118952,0.0115432644584667,-7.68465714586636e-08
1,DIRECT,0.83,0.148352986419518,0.0759717943587833,0.0115431948032172,0.0115432644584667,-6.96552494208053e-08
1,DIRECT,0.832,0.148352986419518,0.0759717442628424,0.0115432013239942,0.0115432644584667,-6.31344724919686e-08
1,DIRECT,0.834,0.148352986419518,0.0759716988717558,0.0115432072323602,0.0115432644584667,-5.72261064871876e-08
1,DIRECT,0.836,0.148352986419518,0.0759716577610388,0.0115432125835686,0.0115432644584667,-5.1874898076773e-08
1,DIRECT,0.838,0.148352986419518,0.0759716205283392,0.0115432174299919,0.0115432644584667,-4.70284747585564e-08
1,DIRECT,0.84,0.148352986419518,0.0759715867934365,0.0115432218211218,0.0115432644584667,-4.26373448682987e-08
1,DIRECT,0.842,0.148352986419518,0.0759715561982426,0.0115432258035691,0.0115432644584667,-3.86548975796902e-08
1,DIRECT,0.844,0.148352986419518,0.075971528415499,0.0115432294199316,0.0115432644584667,-3.50385350542798e-08
1,DIRECT,0.846,0.148352986419518,0.0759715031995249,0.0115432327021886,0.0115432644584667,-3.17562780811215e-08
1,DIRECT,0.848,0.148352986419518,0.0759714803412529,0.0115432356775534,0.0115432644584667,-2.87809132203803e-08
1,DIRECT,0.85,0.148352986419518,0.0759714596396038,0.0115432383721998,0.0115432644584667,-2.60862668462897e-08
1,DIRECT,0.852,0.148352986419518,0.0759714409014505,0.0115432408112662,0.0115432644584667,-2.36472004287031e-08
1,DIRECT,0.854,0.148352986419518,0.0759714239416178,0.0115432430188561,0.0115432644584667,-2.14396105088083e-08
1,DIRECT,0.856,0.148352986419518,0.0759714085828829,0.0115432450180379,0.0115432644584667,-1.94404287234134e-08
1,DIRECT,0.858,0.148352986419518,0.0759713946559748,0.0115432468308449,0.0115432644584667,-1.76276217945387e-08
1,DIRECT,0.86,0.148352986419518,0.0759713820004312,0.0115432484781636,0.0115432644584667,-1.59803030235633e-08
1,DIRECT,0.862,0.148352986419518,0.0759713704936697,0.0115432499759503,0.0115432644584667,-1.44825163615053e-08
1,DIRECT,0.864,0.148352986419518,0.0759713600501521,0.011543251335339,0.0115432644584667,-1.31231276800231e-08
1,DIRECT,0.866,0.148352986419518,0.0759713505872709,0.0115432525670823,0.0115432644584667,-1.18913843095286e-08
1,DIRECT,0.868,0.148352986419518,0.075971342024276,0.0115432536816913,0.0115432644584667,-1.07767753384364e-08
1,DIRECT,0.87,0.148352986419518,0.0759713342822744,0.0115432546894351,0.0115432644584667,-9.76903160275489e-09
1,DIRECT,0.872,0.148352986419518,0.0759713272842303,0.011543255600341,0.0115432644584667,-8.85812568261757e-09
1,DIRECT,0.874,0.148352986419518,0.0759713209549654,0.0115432564241947,0.0115432644584667,-8.03427193350748e-09
1,DIRECT,0.876,0.148352986419518,0.0759713152211584,0.0115432571705402,0.0115432644584667,-7.28792642727683e-09
1,DIRECT,0.878,0.148352986419518,0.0759713100113455,0.0115432578486796,0.0115432644584667,-6.60978702153592e-09
1,DIRECT,0.88,0.148352986419518,0.0759713052619388,0.0115432584668899,0.0115432644584667,-5.99157676077489e-09
1,DIRECT,0.882,0.148352986419518,0.0759713009432018,0.0115432590290417,0.0115432644584667,-5.42942495997123e-09
1,DIRECT,0.884,0.148352986419518,0.0759712970249073,0.0115432595390696,0.0115432644584667,-4.9193970719924e-09
1,DIRECT,0.886,0.148352986419518,0.0759712934760656,0.0115432600010074,0.0115432644584667,-4.45745929576746e-09
1,DIRECT,0.888,0.148352986419518,0.0759712902662405,0.0115432604188168,0.0115432644584667,-4.03964987676086e-09
1,DIRECT,0.89,0.148352986419518,0.0759712873655495,0.0115432607963875,0.0115432644584667,-3.66207914513639e-09
1,DIRECT,0.892,0.148352986419518,0.0759712847446636,0.0115432611375372,0.0115432644584667,-3.32092946024598e-09
1,DIRECT,0.894,0.148352986419518,0.0759712823748074,0.0115432614460114,0.0115432644584667,-3.01245525573257e-09
1,DIRECT,0.896,0.148352986419518,0.075971280227759,0.0115432617254836,0.0115432644584667,-2.73298301177449e-09
1,DIRECT,0.898,0.148352986419518,0.0759712782758503,0.0115432619795554,0.0115432644584667,-2.47891127243272e-09
1,DIRECT,0.9,0.148352986419518,0.0759712764948179,0.0115432622113849,0.0115432644584667,-2.24708178279964e-09
1,DIRECT,0.902,0.148352986419518,0.0759712748751184,0.0115432624222143,0.0115432644584667,-2.03625231780247e-09
1,DIRECT,0.904,0.148352986419518,0.0759712734056008,0.0115432626134952,0.0115432644584667,-1.84497140655326e-09
1,DIRECT,0.906,0.148352986419518,0.0759712720746428,0.0115432627867404,0.0115432644584667,-1.67172621058642e-09
1,DIRECT,0.908,0.148352986419518,0.0759712708708296,0.0115432629434357,0.0115432644584667,-1.51503091842808e-09
1,DIRECT,0.91,0.148352986419518,0.0759712697829541,0.0115432630850399,0.0115432644584667,-1.3734267421267e-09
1,DIRECT,0.912,0.148352986419518,0.0759712688000167,0.0115432632129847,0.0115432644584667,-1.24548192072249e-09
1,DIRECT,0.914,0.148352986419518,0.0759712679112255,0.0115432633286749,0.0115432644584667,-1.12979170636962e-09
1,DIRECT,0.916,0.148352986419518,0.0759712671059962,0.0115432634334883,0.0115432644584667,-1.02497839903071e-09
1,DIRECT,0.918,0.148352986419518,0.075971266373952,0.0115432635287754,0.0115432644584667,-9.29691294435098e-10
1,DIRECT,0.92,0.148352986419518,0.0759712657059934,0.0115432636157207,0.0115432644584667,-8.42745930332289e-10
1,DIRECT,0.922,0.148352986419518,0.075971265098541,0.0115432636947902,0.0115432644584667,-7.63676415507786e-10
1,DIRECT,0.924,0.148352986419518,0.0759712645474129,0.0115432637665283,0.0115432644584667,-6.91938393734826e-10
1,DIRECT,0.926,0.148352986419518,0.0759712640482502,0.0115432638315022,0.0115432644584667,-6.26964485536674e-10
1,DIRECT,0.928,0.148352986419518,0.075971263596772,0.0115432638902692,0.0115432644584667,-5.68197459568931e-10
1,DIRECT,0.93,0.148352986419518,0.075971263188775,0.0115432639433765,0.0115432644584667,-5.15090204863955e-10
1,DIRECT,0.932,0.148352986419518,0.0759712628201339,0.0115432639913609,0.0115432644584667,-4.67105758586439e-10
1,DIRECT,0.934,0.148352986419518,0.0759712624868015,0.0115432640347494,0.0115432644584667,-4.23717281747282e-10
1,DIRECT,0.936,0.148352986419518,0.0759712621848082,0.0115432640740586,0.0115432644584667,-3.84408080020271e-10
1,DIRECT,0.938,0.148352986419518,0.0759712619102622,0.0115432641097951,0.0115432644584667,-3.48671589864291e-10
1,DIRECT,0.94,0.148352986419518,0.0759712616597509,0.0115432641424031,0.0115432644584667,-3.16063583291615e-10
1,DIRECT,0.942,0.148352986419518,0.0759712614319319,0.0115432641720573,0.0115432644584667,-2.86409338953741e-10
1,DIRECT,0.944,0.148352986419518,0.0759712612252367,0.011543264198962,0.0115432644584667,-2.5950470071423e-10
1,DIRECT,0.946,0.148352986419518,0.0759712610380306,0.0115432642233298,0.0115432644584667,-2.3513687351373e-10
1,DIRECT,0.948,0.148352986419518,0.0759712608687081,0.0115432642453698,0.0115432644584667,-2.13096878684538e-10
1,DIRECT,0.95,0.148352986419518,0.0759712607156929,0.0115432642652871,0.0115432644584667,-1.93179522725573e-10
1,DIRECT,0.952,0.148352986419518,0.0759712605774377,0.0115432642832832,0.0115432644584667,-1.75183428527403e-10
1,DIRECT,0.954,0.148352986419518,0.0759712604524246,0.0115432642995557,0.0115432644584667,-1.58911004147222e-10
1,DIRECT,0.956,0.148352986419518,0.075971260339165,0.0115432643142982,0.0115432644584667,-1.44168477503315e-10
1,DIRECT,0.958,0.148352986419518,0.0759712602361992,0.0115432643277008,0.0115432644584667,-1.30765854741699e-10
1,DIRECT,0.96,0.148352986419518,0.0759712601422474,0.0115432643399301,0.0115432644584667,-1.18536539958636e-10
1,DIRECT,0.962,0.148352986419518,0.0759712600568061,0.0115432643510517,0.0115432644584667,-1.07415005709544e-10
1,DIRECT,0.964,0.148352986419518,0.0759712599792871,0.011543264361142,0.0115432644584667,-9.73246882390866e-11
1,DIRECT,0.966,0.148352986419518,0.0759712599090773,0.0115432643702809,0.0115432644584667,-8.81857763895821e-11
1,DIRECT,0.968,0.148352986419518,0.0759712598455746,0.0115432643785468,0.0115432644584667,-7.99198918849386e-11
1,DIRECT,0.97,0.148352986419518,0.0759712597881877,0.0115432643860166,0.0115432644584667,-7.24500858612087e-11
1,DIRECT,0.972,0.148352986419518,0.0759712597363365,0.0115432643927658,0.0115432644584667,-6.57008215193544e-11
1,DIRECT,0.974,0.148352986419518,0.0759712596894516,0.0115432643988686,0.0115432644584667,-5.95980122891637e-11
1,DIRECT,0.976,0.148352986419518,0.0759712596469746,0.0115432644043977,0.0115432644584667,-5.40689697875463e-11
1,DIRECT,0.978,0.148352986419518,0.0759712596083583,0.0115432644094242,0.0115432644584667,-4.90424523907906e-11
1,DIRECT,0.98,0.148352986419518,0.0759712595731226,0.0115432644140107,0.0115432644584667,-4.44559684203982e-11
1,DIRECT,0.982,0.148352986419518,0.0759712595410787,0.0115432644181817,0.0115432644584667,-4.02849437836084e-11
1,DIRECT,0.984,0.148352986419518,0.075971259512006,0.011543264421966,0.0115432644584667,-3.65006688068936e-11
1,DIRECT,0.986,0.148352986419518,0.0759712594856745,0.0115432644253934,0.0115432644584667,-3.30732091019525e-11
1,DIRECT,0.988,0.148352986419518,0.0759712594618584,0.0115432644284935,0.0115432644584667,-2.99731715142082e-11
1,DIRECT,0.99,0.148352986419518,0.075971259440336,0.011543264431295,0.0115432644584667,-2.71716937144673e-11
1,DIRECT,0.992,0.148352986419518,0.0759712594208897,0.0115432644338262,0.0115432644584667,-2.4640447668367e-11
1,DIRECT,0.994,0.148352986419518,0.075971259403306,0.011543264436115,0.0115432644584667,-2.23516465752693e-11
1,DIRECT,0.996,0.148352986419518,0.0759712593873754,0.0115432644381886,0.0115432644584667,-2.02780379293666e-11
1,DIRECT,0.998,0.148352986419518,0.0759712593728928,0.0115432644400738,0.0115432644584667,-1.83928896418939e-11
1,DIRECT,1,0.148352986419518,0.075971259359678,0.0115432644417939,0.0115432644584667,-1.66727760070318e-11
1,DIRECT,1.002,0.148352986419518,0.0759712593476602,0.0115432644433582,0.0115432644584667,-1.51084717653349e-11
1,DIRECT,1.004,0.148352986419518,0.0759712593367568,0.0115432644447774,0.0115432644584667,-1.36892216312523e-11
1,DIRECT,1.006,0.148352986419518,0.0759712593268814,0.0115432644460629,0.0115432644584667,-1.24037811272126e-11
1,DIRECT,1.008,0.148352986419518,0.0759712593179494,0.0115432644472255,0.0115432644584667,-1.12411451674843e-11
1,DIRECT,1.01,0.148352986419518,0.0759712593098777,0.0115432644482762,0.0115432644584667,-1.01904751997894e-11
1,DIRECT,1.012,0.148352986419518,0.0759712593025845,0.0115432644492255,0.0115432644584667,-9.24115471645504e-12
1,DIRECT,1.014,0.148352986419518,0.0759712592959899,0.0115432644500839,0.0115432644584667,-8.38276496828438e-12
1,DIRECT,1.016,0.148352986419518,0.0759712592900153,0.0115432644508616,0.0115432644584667,-7.60507802566313e-12
1,DIRECT,1.018,0.148352986419518,0.0759712592845837,0.0115432644515686,0.0115432644584667,-6.89807065634707e-12
1,DIRECT,1.02,0.148352986419518,0.0759712592796276,0.0115432644522137,0.0115432644584667,-6.25295822065386e-12
1,DIRECT,1.022,0.148352986419518,0.0759712592751205,0.0115432644528004,0.0115432644584667,-5.66628514941936e-12
1,DIRECT,1.024,0.148352986419518,0.0759712592710313,0.0115432644533327,0.0115432644584667,-5.13400606749759e-12
1,DIRECT,1.026,0.148352986419518,0.0759712592673276,0.0115432644538147,0.0115432644584667,-4.65191600518278e-12
1,DIRECT,1.028,0.148352986419518,0.0759712592639778,0.0115432644542508,0.0115432644584667,-4.21587591226125e-12
1,DIRECT,1.03,0.148352986419518,0.0759712592609505,0.0115432644546448,0.0115432644584667,-3.82183694414007e-12
1,DIRECT,1.032,0.148352986419518,0.0759712592582153,0.0115432644550009,0.0115432644584667,-3.46580576737754e-12
1,DIRECT,1.034,0.148352986419518,0.0759712592557421,0.0115432644553228,0.0115432644584667,-3.14387578470576e-12
1,DIRECT,1.036,0.148352986419518,0.0759712592535013,0.0115432644556144,0.0115432644584667,-2.85220978779588e-12
1,DIRECT,1.038,0.148352986419518,0.0759712592514643,0.0115432644558796,0.0115432644584667,-2.58705383504587e-12
1,DIRECT,1.04,0.148352986419518,0.0759712592496055,0.0115432644561215,0.0115432644584667,-2.34510848240443e-12
1,DIRECT,1.042,0.148352986419518,0.0759712592479152,0.0115432644563416,0.0115432644584667,-2.12508309560544e-12
1,DIRECT,1.044,0.148352986419518,0.0759712592463816,0.0115432644565412,0.0115432644584667,-1.92545805688393e-12
1,DIRECT,1.046,0.148352986419518,0.0759712592449925,0.011543264456722,0.0115432644584667,-1.74465823732373e-12
1,DIRECT,1.048,0.148352986419518,0.0759712592437362,0.0115432644568855,0.0115432644584667,-1.58112585524339e-12
1,DIRECT,1.05,0.148352986419518,0.0759712592426009,0.0115432644570333,0.0115432644584667,-1.43334476232493e-12
1,DIRECT,1.052,0.148352986419518,0.0759712592415751,0.0115432644571668,0.0115432644584667,-1.29981615748509e-12
1,DIRECT,1.054,0.148352986419518,0.0759712592406475,0.0115432644572876,0.0115432644584667,-1.1790794035571e-12
1,DIRECT,1.056,0.148352986419518,0.0759712592398071,0.011543264457397,0.0115432644584667,-1.06969468005591e-12
1,DIRECT,1.058,0.148352986419518,0.0759712592390432,0.0115432644574964,0.0115432644584667,-9.70249922072064e-13
1,DIRECT,1.06,0.148352986419518,0.0759712592383461,0.0115432644575871,0.0115432644584667,-8.79513475937621e-13
1,DIRECT,1.062,0.148352986419518,0.0759712592377121,0.0115432644576697,0.0115432644584667,-7.96989210738452e-13
1,DIRECT,1.064,0.148352986419518,0.0759712592371369,0.0115432644577445,0.0115432644584667,-7.22122014962245e-13
1,DIRECT,1.066,0.148352986419518,0.075971259236616,0.0115432644578123,0.0115432644584667,-6.54315143733264e-13
1,DIRECT,1.068,0.148352986419518,0.0759712592361448,0.0115432644578737,0.0115432644584667,-5.92982260516628e-13
1,DIRECT,1.07,0.148352986419518,0.075971259235719,0.0115432644579291,0.0115432644584667,-5.37561314906121e-13
1,DIRECT,1.072,0.148352986419518,0.0759712592353343,0.0115432644579792,0.0115432644584667,-4.87483317601622e-13
1,DIRECT,1.074,0.148352986419518,0.0759712592349864,0.0115432644580245,0.0115432644584667,-4.42200095984724e-13
1,DIRECT,1.076,0.148352986419518,0.0759712592346713,0.0115432644580655,0.0115432644584667,-4.01177355224824e-13
1,DIRECT,1.078,0.148352986419518,0.0759712592343847,0.0115432644581028,0.0115432644584667,-3.63880800491323e-13
1,DIRECT,1.08,0.148352986419518,0.0759712592341233,0.0115432644581368,0.0115432644584667,-3.29852464786562e-13
1,DIRECT,1.082,0.148352986419518,0.0759712592338855,0.0115432644581678,0.0115432644584667,-2.98904997975136e-13
1,DIRECT,1.084,0.148352986419518,0.0759712592336698,0.0115432644581958,0.0115432644584667,-2.70823294346023e-13
1,DIRECT,1.086,0.148352986419518,0.0759712592334745,0.0115432644582213,0.0115432644584667,-2.45395717635155e-13
1,DIRECT,1.088,0.148352986419518,0.0759712592332978,0.0115432644582443,0.0115432644584667,-2.22389814896751e-13
1,DIRECT,1.09,0.148352986419518,0.0759712592331381,0.011543264458265,0.0115432644584667,-2.01607827654549e-13
1,DIRECT,1.092,0.148352986419518,0.0759712592329938,0.0115432644582838,0.0115432644584667,-1.82827711303624e-13
1,DIRECT,1.094,0.148352986419518,0.0759712592328633,0.0115432644583008,0.0115432644584667,-1.65844768473811e-13
1,DIRECT,1.096,0.148352986419518,0.0759712592327451,0.0115432644583162,0.0115432644584667,-1.50457771241896e-13
1,DIRECT,1.098,0.148352986419518,0.0759712592326376,0.0115432644583302,0.0115432644584667,-1.36468961131619e-13
1,DIRECT,1.1,0.148352986419518,0.0759712592325396,0.0115432644583429,0.0115432644584667,-1.23711804689286e-13
1,DIRECT,1.102,0.148352986419518,0.0759712592324504,0.0115432644583546,0.0115432644584667,-1.12099565741097e-13
1,DIRECT,1.104,0.148352986419518,0.0759712592323695,0.0115432644583651,0.0115432644584667,-1.01569794241918e-13
1,DIRECT,1.106,0.148352986419518,0.0759712592322963,0.0115432644583746,0.0115432644584667,-9.20322845709975e-14
1,DIRECT,1.108,0.148352986419518,0.07597125923223,0.0115432644583833,0.0115432644584667,-8.34037700014889e-14
1,DIRECT,1.11,0.148352986419518,0.0759712592321701,0.011543264458391,0.0115432644584667,-7.56079227004491e-14
1,DIRECT,1.112,0.148352986419518,0.075971259232116,0.0115432644583981,0.0115432644584667,-6.85684148349353e-14
1,DIRECT,1.114,0.148352986419518,0.075971259232067,0.0115432644584045,0.0115432644584667,-6.21985102311484e-14
1,DIRECT,1.116,0.148352986419518,0.0759712592320227,0.0115432644584102,0.0115432644584667,-5.64288199500496e-14
1,DIRECT,1.118,0.148352986419518,0.0759712592319824,0.0115432644584155,0.0115432644584667,-5.11830161586957e-14
1,DIRECT,1.12,0.148352986419518,0.0759712592319456,0.0115432644584203,0.0115432644584667,-4.63951793649997e-14
1,DIRECT,1.122,0.148352986419518,0.0759712592319122,0.0115432644584246,0.0115432644584667,-4.20410234402979e-14
1,DIRECT,1.124,0.148352986419518,0.0759712592318819,0.0115432644584286,0.0115432644584667,-3.80927928089747e-14
1,DIRECT,1.126,0.148352986419518,0.0759712592318544,0.0115432644584321,0.0115432644584667,-3.45157930015105e-14
1,DIRECT,1.128,0.148352986419518,0.0759712592318295,0.0115432644584354,0.0115432644584667,-3.12822684422898e-14
1,DIRECT,1.13,0.148352986419518,0.0759712592318071,0.0115432644584383,0.0115432644584667,-2.83575246617929e-14
1,DIRECT,1.132,0.148352986419518,0.0759712592317868,0.0115432644584409,0.0115432644584667,-2.57138060844042e-14
1,DIRECT,1.134,0.148352986419518,0.0759712592317684,0.0115432644584433,0.0115432644584667,-2.33268265814601e-14
1,DIRECT,1.136,0.148352986419518,0.0759712592317518,0.0115432644584455,0.0115432644584667,-2.11618916834411e-14
1,DIRECT,1.138,0.148352986419518,0.0759712592317367,0.0115432644584475,0.0115432644584667,-1.91912458147314e-14
1,DIRECT,1.14,0.148352986419518,0.0759712592317229,0.0115432644584493,0.0115432644584667,-1.74010111875234e-14
1,DIRECT,1.142,0.148352986419518,0.0759712592317103,0.0115432644584509,0.0115432644584667,-1.57669016731532e-14
1,DIRECT,1.144,0.148352986419518,0.075971259231699,0.0115432644584524,0.0115432644584667,-1.4285447824669e-14
1,DIRECT,1.146,0.148352986419518,0.0759712592316887,0.0115432644584537,0.0115432644584667,-1.2939302407311e-14
1,DIRECT,1.148,0.148352986419518,0.0759712592316793,0.0115432644584549,0.0115432644584667,-1.17319348680311e-14
1,DIRECT,1.15,0.148352986419518,0.0759712592316709,0.011543264458456,0.0115432644584667,-1.06355896312138e-14
1,DIRECT,1.152,0.148352986419518,0.0759712592316633,0.011543264458457,0.0115432644584667,-9.64332780295507e-15
1,DIRECT,1.154,0.148352986419518,0.0759712592316564,0.0115432644584579,0.0115432644584667,-8.74821048935104e-15
1,DIRECT,1.156,0.148352986419518,0.0759712592316502,0.0115432644584587,0.0115432644584667,-7.93635990259389e-15
1,DIRECT,1.158,0.148352986419518,0.0759712592316445,0.0115432644584595,0.0115432644584667,-7.20083714877973e-15
1,DIRECT,1.16,0.148352986419518,0.0759712592316393,0.0115432644584601,0.0115432644584667,-6.52429499314877e-15
1,DIRECT,1.162,0.148352986419518,0.0759712592316346,0.0115432644584607,0.0115432644584667,-5.91367232960494e-15
1,DIRECT,1.164,0.148352986419518,0.0759712592316304,0.0115432644584613,0.0115432644584667,-5.3550913703404e-15
1,DIRECT,1.166,0.148352986419518,0.0759712592316265,0.0115432644584618,0.0115432644584667,-4.85549100925908e-15
1,DIRECT,1.168,0.148352986419518,0.075971259231623,0.0115432644584623,0.0115432644584667,-4.39752401160121e-15
1,DIRECT,1.17,0.148352986419518,0.0759712592316198,0.0115432644584627,0.0115432644584667,-3.99159871822263e-15
1,DIRECT,1.172,0.148352986419518,0.075971259231617,0.011543264458463,0.0115432644584667,-3.61342900045969e-15
1,DIRECT,1.174,0.148352986419518,0.0759712592316144,0.0115432644584634,0.0115432644584667,-3.28036209307214e-15
1,DIRECT,1.176,0.148352986419518,0.0759712592316121,0.0115432644584637,0.0115432644584667,-2.97505076130022e-15
1,DIRECT,1.178,0.148352986419518,0.0759712592316099,0.011543264458464,0.0115432644584667,-2.69749500514394e-15
1,DIRECT,1.18,0.148352986419518,0.075971259231608,0.0115432644584642,0.0115432644584667,-2.44769482460327e-15
1,DIRECT,1.182,0.148352986419518,0.0759712592316062,0.0115432644584644,0.0115432644584667,-2.21871132577434e-15
1,DIRECT,1.184,0.148352986419518,0.0759712592316047,0.0115432644584646,0.0115432644584667,-2.01054450865712e-15
1,DIRECT,1.186,0.148352986419518,0.0759712592316032,0.0115432644584648,0.0115432644584667,-1.81972492629967e-15
1,DIRECT,1.188,0.148352986419518,0.0759712592316019,0.011543264458465,0.0115432644584667,-1.64972202565394e-15
1,DIRECT,1.19,0.148352986419518,0.0759712592316007,0.0115432644584652,0.0115432644584667,-1.49359691281603e-15
1,DIRECT,1.192,0.148352986419518,0.0759712592315996,0.0115432644584653,0.0115432644584667,-1.35828848168984e-15
1,DIRECT,1.194,0.148352986419518,0.0759712592315987,0.0115432644584654,0.0115432644584667,-1.22991894446756e-15
1,DIRECT,1.196,0.148352986419518,0.0759712592315978,0.0115432644584655,0.0115432644584667,-1.11542719505309e-15
1,DIRECT,1.198,0.148352986419518,0.075971259231597,0.0115432644584656,0.0115432644584667,-1.01481323344643e-15
1,DIRECT,1.2,0.148352986419518,0.0759712592315963,0.0115432644584657,0.0115432644584667,-9.17668718791731e-16
1,DIRECT,1.202,0.148352986419518,0.0759712592315956,0.0115432644584658,0.0115432644584667,-8.30932544992891e-16
1,DIRECT,1.204,0.148352986419518,0.075971259231595,0.0115432644584659,0.0115432644584667,-7.54604712049911e-16
1,DIRECT,1.206,0.148352986419518,0.0759712592315945,0.011543264458466,0.0115432644584667,-6.78276879106932e-16
1,DIRECT,1.208,0.148352986419518,0.075971259231594,0.011543264458466,0.0115432644584667,-6.22765727875674e-16
1,DIRECT,1.21,0.148352986419518,0.0759712592315935,0.0115432644584661,0.0115432644584667,-5.60315682740509e-16
1,DIRECT,1.212,0.148352986419518,0.0759712592315931,0.0115432644584661,0.0115432644584667,-5.08273978461204e-16
1,DIRECT,1.214,0.148352986419518,0.0759712592315928,0.0115432644584662,0.0115432644584667,-4.59701721133854e-16
1,DIRECT,1.216,0.148352986419518,0.0759712592315924,0.0115432644584662,0.0115432644584667,-4.18068357710411e-16
1,DIRECT,1.218,0.148352986419518,0.0759712592315921,0.0115432644584663,0.0115432644584667,-3.79904441238921e-16
1,DIRECT,1.22,0.148352986419518,0.0759712592315919,0.0115432644584663,0.0115432644584667,-3.45209971719385e-16
1,DIRECT,1.222,0.148352986419518,0.0759712592315916,0.0115432644584663,0.0115432644584667,-3.10515502199848e-16
1,DIRECT,1.224,0.148352986419518,0.0759712592315914,0.0115432644584664,0.0115432644584667,-2.8275992658422e-16
1,DIRECT,1.226,0.148352986419518,0.0759712592315912,0.0115432644584664,0.0115432644584667,-2.55004350968591e-16
1,DIRECT,1.228,0.148352986419518,0.075971259231591,0.0115432644584664,0.0115432644584667,-2.34187669256869e-16
1,DIRECT,1.23,0.148352986419518,0.0759712592315908,0.0115432644584664,0.0115432644584667,-2.13370987545147e-16
1,DIRECT,1.232,0.148352986419518,0.0759712592315907,0.0115432644584665,0.0115432644584667,-1.92554305833426e-16
1,DIRECT,1.234,0.148352986419518,0.0759712592315905,0.0115432644584665,0.0115432644584667,-1.71737624121704e-16
1,DIRECT,1.236,0.148352986419518,0.0759712592315904,0.0115432644584665,0.0115432644584667,-1.54390389361936e-16
1,DIRECT,1.238,0.148352986419518,0.0759712592315903,0.0115432644584665,0.0115432644584667,-1.37043154602168e-16
1,DIRECT,1.24,0.148352986419518,0.0759712592315902,0.0115432644584665,0.0115432644584667,-1.26634813746307e-16
1,DIRECT,1.242,0.148352986419518,0.0759712592315901,0.0115432644584665,0.0115432644584667,-1.16226472890446e-16
1,DIRECT,1.244,0.148352986419518,0.07597125923159,0.0115432644584666,0.0115432644584667,-1.05818132034585e-16
1,DIRECT,1.246,0.148352986419518,0.0759712592315899,0.0115432644584666,0.0115432644584667,-9.54097911787244e-17
1,DIRECT,1.248,0.148352986419518,0.0759712592315899,0.0115432644584666,0.0115432644584667,-8.50014503228635e-17
1,DIRECT,1.25,0.148352986419518,0.0759712592315898,0.0115432644584666,0.0115432644584667,-7.80625564189563e-17
1,DIRECT,1.252,0.148352986419518,0.0759712592315898,0.0115432644584666,0.0115432644584667,-7.11236625150491e-17
1,DIRECT,1.254,0.148352986419518,0.0759712592315897,0.0115432644584666,0.0115432644584667,-6.41847686111419e-17
1,DIRECT,1.256,0.148352986419518,0.0759712592315897,0.0115432644584666,0.0115432644584667,-6.07153216591882e-17
1,DIRECT,1.258,0.148352986419518,0.0759712592315896,0.0115432644584666,0.0115432644584667,-5.3776427755281e-17
1,DIRECT,1.26,0.148352986419518,0.0759712592315896,0.0115432644584666,0.0115432644584667,-4.68375338513738e-17
1,DIRECT,1.262,0.148352986419518,0.0759712592315896,0.0115432644584666,0.0115432644584667,-4.33680868994202e-17
1,DIRECT,1.264,0.148352986419518,0.0759712592315895,0.0115432644584666,0.0115432644584667,-3.98986399474666e-17
1,DIRECT,1.266,0.148352986419518,0.0759712592315895,0.0115432644584666,0.0115432644584667,-3.29597460435593e-17
1,DIRECT,1.268,0.148352986419518,0.0759712592315895,0.0115432644584666,0.0115432644584667,-3.29597460435593e-17
1,DIRECT,1.27,0.148352986419518,0.0759712592315894,0.0115432644584666,0.0115432644584667,-2.94902990916057e-17
1,DIRECT,1.272,0.148352986419518,0.0759712592315894,0.0115432644584666,0.0115432644584667,-2.60208521396521e-17
1,DIRECT,1.274,0.148352986419518,0.0759712592315894,0.0115432644584666,0.0115432644584667,-2.60208521396521e-17
1,DIRECT,1.276,0.148352986419518,0.0759712592315894,0.0115432644584666,0.0115432644584667,-2.25514051876985e-17
1,DIRECT,1.278,0.148352986419518,0.0759712592315894,0.0115432644584666,0.0115432644584667,-1.90819582357449e-17
1,DIRECT,1.28,0.148352986419518,0.0759712592315893,0.0115432644584666,0.0115432644584667,-1.90819582357449e-17
1,DIRECT,1.282,0.148352986419518,0.0759712592315893,0.0115432644584666,0.0115432644584667,-1.56125112837913e-17
1,DIRECT,1.284,0.148352986419518,0.0759712592315893,0.0115432644584666,0.0115432644584667,-1.56125112837913e-17
1,DIRECT,1.286,0.148352986419518,0.0759712592315893,0.0115432644584666,0.0115432644584667,-1.56125112837913e-17
1,DIRECT,1.288,0.148352986419518,0.0759712592315893,0.0115432644584666,0.0115432644584667,-1.21430643318376e-17
1,DIRECT,1.29,0.148352986419518,0.0759712592315893,0.0115432644584666,0.0115432644584667,-1.21430643318376e-17
1,DIRECT,1.292,0.148352986419518,0.0759712592315893,0.0115432644584666,0.0115432644584667,-1.21430643318376e-17
1,DIRECT,1.294,0.148352986419518,0.0759712592315893,0.0115432644584666,0.0115432644584667,-8.67361737988404e-18
1,DIRECT,1.296,0.148352986419518,0.0759712592315893,0.0115432644584666,0.0115432644584667,-8.67361737988404e-18
1,DIRECT,1.298,0.148352986419518,0.0759712592315893,0.0115432644584666,0.0115432644584667,-8.67361737988404e-18
1,DIRECT,1.3,0.148352986419518,0.0759712592315893,0.0115432644584666,0.0115432644584667,-8.67361737988404e-18
1,DIRECT,1.302,0.148352986419518,0.0759712592315892,0.0115432644584667,0.0115432644584667,-5.20417042793042e-18
1,DIRECT,1.304,0.148352986419518,0.0759712592315892,0.0115432644584667,0.0115432644584667,-5.20417042793042e-18
1,DIRECT,1.306,0.148352986419518,0.0759712592315892,0.0115432644584667,0.0115432644584667,-5.20417042793042e-18
1,DIRECT,1.308,0.148352986419518,0.0759712592315892,0.0115432644584667,0.0115432644584667,-5.20417042793042e-18
1,DIRECT,1.31,0.148352986419518,0.0759712592315892,0.0115432644584667,0.0115432644584667,-5.20417042793042e-18
1,DIRECT,1.312,0.148352986419518,0.0759712592315892,0.0115432644584667,0.0115432644584667,-5.20417042793042e-18
1,DIRECT,1.314,0.148352986419518,0.0759712592315892,0.0115432644584667,0.0115432644584667,-5.20417042793042e-18
1,DIRECT,1.316,0.148352986419518,0.0759712592315892,0.0115432644584667,0.0115432644584667,-5.20417042793042e-18
1,DIRECT,1.318,0.148352986419518,0.0759712592315892,0.0115432644584667,0.0115432644584667,-5.20417042793042e-18
1,DIRECT,1.32,0.148352986419518,0.0759712592315892,0.0115432644584667,0.0115432644584667,-5.20417042793042e-18
1,DIRECT,1.322,0.148352986419518,0.0759712592315892,0.0115432644584667,0.0115432644584667,-5.20417042793042e-18
1,DIRECT,1.324,0.148352986419518,0.0759712592315892,0.0115432644584667,0.0115432644584667,-5.20417042793042e-18
1,DIRECT,1.326,0.148352986419518,0.0759712592315892,0.0115432644584667,0.0115432644584667,-1.73472347597681e-18
1,DIRECT,1.328,0.148352986419518,0.0759712592315892,0.0115432644584667,0.0115432644584667,-1.73472347597681e-18
1,DIRECT,1.33,0.148352986419518,0.0759712592315892,0.0115432644584667,0.0115432644584667,-1.73472347597681e-18
1,DIRECT,1.332,0.148352986419518,0.0759712592315892,0.0115432644584667,0.0115432644584667,-1.73472347597681e-18
1,DIRECT,1.334,0.148352986419518,0.0759712592315892,0.0115432644584667,0.0115432644584667,-1.73472347597681e-18
1,DIRECT,1.336,0.148352986419518,0.0759712592315892,0.0115432644584667,0.0115432644584667,-1.73472347597681e-18
1,DIRECT,1.338,0.148352986419518,0.0759712592315892,0.0115432644584667,0.0115432644584667,-1.73472347597681e-18
1,DIRECT,1.34,0.148352986419518,0.0759712592315892,0.0115432644584667,0.0115432644584667,-1.73472347597681e-18
1,DIRECT,1.342,0.148352986419518,0.0759712592315892,0.0115432644584667,0.0115432644584667,-1.73472347597681e-18
1,DIRECT,1.344,0.148352986419518,0.0759712592315892,0.0115432644584667,0.0115432644584667,-1.73472347597681e-18
1,DIRECT,1.346,0.148352986419518,0.0759712592315892,0.0115432644584667,0.0115432644584667,-1.73472347597681e-18
1,DIRECT,1.348,0.148352986419518,0.0759712592315892,0.0115432644584667,0.0115432644584667,-1.73472347597681e-18
1,DIRECT,1.35,0.148352986419518,0.0759712592315892,0.0115432644584667,0.0115432644584667,-1.73472347597681e-18
1,DIRECT,1.352,0.148352986419518,0.0759712592315892,0.0115432644584667,0.0115432644584667,-1.73472347597681e-18
1,DIRECT,1.354,0.148352986419518,0.0759712592315892,0.0115432644584667,0.0115432644584667,-1.73472347597681e-18
1,DIRECT,1.356,0.148352986419518,0.0759712592315892,0.0115432644584667,0.0115432644584667,-1.73472347597681e-18
1,DIRECT,1.358,0.148352986419518,0.0759712592315892,0.0115432644584667,0.0115432644584667,-1.73472347597681e-18
1,DIRECT,1.36,0.148352986419518,0.0759712592315892,0.0115432644584667,0.0115432644584667,-1.73472347597681e-18
1,DIRECT,1.362,0.148352986419518,0.0759712592315892,0.0115432644584667,0.0115432644584667,-1.73472347597681e-18
1,DIRECT,1.364,0.148352986419518,0.0759712592315892,0.0115432644584667,0.0115432644584667,-1.73472347597681e-18
1,DIRECT,1.366,0.148352986419518,0.0759712592315892,0.0115432644584667,0.0115432644584667,-1.73472347597681e-18
1,DIRECT,1.368,0.148352986419518,0.0759712592315892,0.0115432644584667,0.0115432644584667,-1.73472347597681e-18
1,DIRECT,1.37,0.148352986419518,0.0759712592315892,0.0115432644584667,0.0115432644584667,-1.73472347597681e-18
1,DIRECT,1.372,0.148352986419518,0.0759712592315892,0.0115432644584667,0.0115432644584667,-1.73472347597681e-18
1,DIRECT,1.374,0.148352986419518,0.0759712592315892,0.0115432644584667,0.0115432644584667,-1.73472347597681e-18
1,DIRECT,1.376,0.148352986419518,0.0759712592315892,0.0115432644584667,0.0115432644584667,-1.73472347597681e-18
1,DIRECT,1.378,0.148352986419518,0.0759712592315892,0.0115432644584667,0.0115432644584667,-1.73472347597681e-18
1,DIRECT,1.38,0.148352986419518,0.0759712592315892,0.0115432644584667,0.0115432644584667,-1.73472347597681e-18
1,DIRECT,1.382,0.148352986419518,0.0759712592315892,0.0115432644584667,0.0115432644584667,-1.73472347597681e-18
1,DIRECT,1.384,0.148352986419518,0.0759712592315892,0.0115432644584667,0.0115432644584667,-1.73472347597681e-18
1,DIRECT,1.386,0.148352986419518,0.0759712592315892,0.0115432644584667,0.0115432644584667,-1.73472347597681e-18
1,DIRECT,1.388,0.148352986419518,0.0759712592315892,0.0115432644584667,0.0115432644584667,-1.73472347597681e-18
1,DIRECT,1.39,0.148352986419518,0.0759712592315892,0.0115432644584667,0.0115432644584667,-1.73472347597681e-18
1,DIRECT,1.392,0.148352986419518,0.0759712592315892,0.0115432644584667,0.0115432644584667,-1.73472347597681e-18
1,DIRECT,1.394,0.148352986419518,0.0759712592315892,0.0115432644584667,0.0115432644584667,-1.73472347597681e-18
1,DIRECT,1.396,0.148352986419518,0.0759712592315892,0.0115432644584667,0.0115432644584667,-1.73472347597681e-18
1,DIRECT,1.398,0.148352986419518,0.0759712592315892,0.0115432644584667,0.0115432644584667,-1.73472347597681e-18
1,DIRECT,1.4,0.148352986419518,0.0759712592315892,0.0115432644584667,0.0115432644584667,-1.73472347597681e-18
1,DIRECT,1.402,0.148352986419518,0.0759712592315892,0.0115432644584667,0.0115432644584667,-1.73472347597681e-18
1,DIRECT,1.404,0.148352986419518,0.0759712592315892,0.0115432644584667,0.0115432644584667,-1.73472347597681e-18
1,DIRECT,1.406,0.148352986419518,0.0759712592315892,0.0115432644584667,0.0115432644584667,-1.73472347597681e-18
1,DIRECT,1.408,0.148352986419518,0.0759712592315892,0.0115432644584667,0.0115432644584667,-1.73472347597681e-18
1,DIRECT,1.41,0.148352986419518,0.0759712592315892,0.0115432644584667,0.0115432644584667,-1.73472347597681e-18
1,DIRECT,1.412,0.148352986419518,0.0759712592315892,0.0115432644584667,0.0115432644584667,-1.73472347597681e-18
1,DIRECT,1.414,0.148352986419518,0.0759712592315892,0.0115432644584667,0.0115432644584667,-1.73472347597681e-18
1,DIRECT,1.416,0.148352986419518,0.0759712592315892,0.0115432644584667,0.0115432644584667,-1.73472347597681e-18
1,DIRECT,1.418,0.148352986419518,0.0759712592315892,0.0115432644584667,0.0115432644584667,-1.73472347597681e-18
1,DIRECT,1.42,0.148352986419518,0.0759712592315892,0.0115432644584667,0.0115432644584667,-1.73472347597681e-18
1,DIRECT,1.422,0.148352986419518,0.0759712592315892,0.0115432644584667,0.0115432644584667,-1.73472347597681e-18
1,DIRECT,1.424,0.148352986419518,0.0759712592315892,0.0115432644584667,0.0115432644584667,-1.73472347597681e-18
1,DIRECT,1.426,0.148352986419518,0.0759712592315892,0.0115432644584667,0.0115432644584667,-1.73472347597681e-18
1,DIRECT,1.428,0.148352986419518,0.0759712592315892,0.0115432644584667,0.0115432644584667,-1.73472347597681e-18
1,DIRECT,1.43,0.148352986419518,0.0759712592315892,0.0115432644584667,0.0115432644584667,-1.73472347597681e-18
1,DIRECT,1.432,0.148352986419518,0.0759712592315892,0.0115432644584667,0.0115432644584667,-1.73472347597681e-18
1,DIRECT,1.434,0.148352986419518,0.0759712592315892,0.0115432644584667,0.0115432644584667,-1.73472347597681e-18
1,DIRECT,1.436,0.148352986419518,0.0759712592315892,0.0115432644584667,0.0115432644584667,-1.73472347597681e-18
1,DIRECT,1.438,0.148352986419518,0.0759712592315892,0.0115432644584667,0.0115432644584667,-1.73472347597681e-18
1,DIRECT,1.44,0.148352986419518,0.0759712592315892,0.0115432644584667,0.0115432644584667,-1.73472347597681e-18
1,DIRECT,1.442,0.148352986419518,0.0759712592315892,0.0115432644584667,0.0115432644584667,-1.73472347597681e-18
1,DIRECT,1.444,0.148352986419518,0.0759712592315892,0.0115432644584667,0.0115432644584667,-1.73472347597681e-18
1,DIRECT,1.446,0.148352986419518,0.0759712592315892,0.0115432644584667,0.0115432644584667,-1.73472347597681e-18
1,DIRECT,1.448,0.148352986419518,0.0759712592315892,0.0115432644584667,0.0115432644584667,-1.73472347597681e-18
1,DIRECT,1.45,0.148352986419518,0.0759712592315892,0.0115432644584667,0.0115432644584667,-1.73472347597681e-18
1,DIRECT,1.452,0.148352986419518,0.0759712592315892,0.0115432644584667,0.0115432644584667,-1.73472347597681e-18
1,DIRECT,1.454,0.148352986419518,0.0759712592315892,0.0115432644584667,0.0115432644584667,-1.73472347597681e-18
1,DIRECT,1.456,0.148352986419518,0.0759712592315892,0.0115432644584667,0.0115432644584667,-1.73472347597681e-18
1,DIRECT,1.458,0.148352986419518,0.0759712592315892,0.0115432644584667,0.0115432644584667,-1.73472347597681e-18
1,DIRECT,1.46,0.148352986419518,0.0759712592315892,0.0115432644584667,0.0115432644584667,-1.73472347597681e-18
1,DIRECT,1.462,0.148352986419518,0.0759712592315892,0.0115432644584667,0.0115432644584667,-1.73472347597681e-18
1,DIRECT,1.464,0.148352986419518,0.0759712592315892,0.0115432644584667,0.0115432644584667,-1.73472347597681e-18
1,DIRECT,1.466,0.148352986419518,0.0759712592315892,0.0115432644584667,0.0115432644584667,-1.73472347597681e-18
1,DIRECT,1.468,0.148352986419518,0.0759712592315892,0.0115432644584667,0.0115432644584667,-1.73472347597681e-18
1,DIRECT,1.47,0.148352986419518,0.0759712592315892,0.0115432644584667,0.0115432644584667,-1.73472347597681e-18
1,DIRECT,1.472,0.148352986419518,0.0759712592315892,0.0115432644584667,0.0115432644584667,-1.73472347597681e-18
1,DIRECT,1.474,0.148352986419518,0.0759712592315892,0.0115432644584667,0.0115432644584667,-1.73472347597681e-18
1,DIRECT,1.476,0.148352986419518,0.0759712592315892,0.0115432644584667,0.0115432644584667,-1.73472347597681e-18
1,DIRECT,1.478,0.148352986419518,0.0759712592315892,0.0115432644584667,0.0115432644584667,-1.73472347597681e-18
1,DIRECT,1.48,0.148352986419518,0.0759712592315892,0.0115432644584667,0.0115432644584667,-1.73472347597681e-18
1,DIRECT,1.482,0.148352986419518,0.0759712592315892,0.0115432644584667,0.0115432644584667,-1.73472347597681e-18
1,DIRECT,1.484,0.148352986419518,0.0759712592315892,0.0115432644584667,0.0115432644584667,-1.73472347597681e-18
1,DIRECT,1.486,0.148352986419518,0.0759712592315892,0.0115432644584667,0.0115432644584667,-1.73472347597681e-18
1,DIRECT,1.488,0.148352986419518,0.0759712592315892,0.0115432644584667,0.0115432644584667,-1.73472347597681e-18
1,DIRECT,1.49,0.148352986419518,0.0759712592315892,0.0115432644584667,0.0115432644584667,-1.73472347597681e-18
1,DIRECT,1.492,0.148352986419518,0.0759712592315892,0.0115432644584667,0.0115432644584667,-1.73472347597681e-18
1,DIRECT,1.494,0.148352986419518,0.0759712592315892,0.0115432644584667,0.0115432644584667,-1.73472347597681e-18
1,DIRECT,1.496,0.148352986419518,0.0759712592315892,0.0115432644584667,0.0115432644584667,-1.73472347597681e-18
1,DIRECT,1.498,0.148352986419518,0.0759712592315892,0.0115432644584667,0.0115432644584667,-1.73472347597681e-18
1,DIRECT,1.5,0.148352986419518,0.0759712592315892,0.0115432644584667,0.0115432644584667,-1.73472347597681e-18
1,LUT,0,0.148352986419518,0.0759712592315892,0.0115432644584667,0.0115432644584667,0
1,LUT,0.002,0.148352986419518,0.0759712592315892,0.0115432644584667,0.0115432644584667,0
1,LUT,0.004,0.148352986419518,0.0759712592315892,0.0115432644584667,0.0115432644584667,0
1,LUT,0.006,0.148352986419518,0.0759712592315892,0.0115432644584667,0.0115432644584667,0
1,LUT,0.008,0.148352986419518,0.0759712592315892,0.0115432644584667,0.0115432644584667,0
1,LUT,0.01,0.148352986419518,0.0759712592315892,0.0115432644584667,0.0115432644584667,0
1,LUT,0.012,0.148352986419518,0.0759712592315892,0.0115432644584667,0.0115432644584667,0
1,LUT,0.014,0.148352986419518,0.0759712592315892,0.0115432644584667,0.0115432644584667,0
1,LUT,0.016,0.148352986419518,0.0759712592315892,0.0115432644584667,0.0115432644584667,0
1,LUT,0.018,0.148352986419518,0.0759712592315892,0.0115432644584667,0.0115432644584667,0
1,LUT,0.02,0.148352986419518,0.0759712592315892,0.0115432644584667,0.0115432644584667,0
1,LUT,0.022,0.148352986419518,0.0759712592315892,0.0115432644584667,0.0115432644584667,0
1,LUT,0.024,0.148352986419518,0.0759712592315892,0.0115432644584667,0.0115432644584667,0
1,LUT,0.026,0.148352986419518,0.0759712592315892,0.0115432644584667,0.0115432644584667,0
1,LUT,0.028,0.148352986419518,0.0759712592315892,0.0115432644584667,0.0115432644584667,0
1,LUT,0.03,0.148352986419518,0.0759712592315892,0.0115432644584667,0.0115432644584667,0
1,LUT,0.032,0.148352986419518,0.0759712592315892,0.0115432644584667,0.0115432644584667,0
1,LUT,0.034,0.148352986419518,0.0759712592315892,0.0115432644584667,0.0115432644584667,0
1,LUT,0.036,0.148352986419518,0.0759712592315892,0.0115432644584667,0.0115432644584667,0
1,LUT,0.038,0.148352986419518,0.0759712592315892,0.0115432644584667,0.0115432644584667,0
1,LUT,0.04,0.148352986419518,0.0759712592315892,0.0115432644584667,0.0115432644584667,0
1,LUT,0.042,0.148352986419518,0.0759712592315892,0.0115432644584667,0.0115432644584667,0
1,LUT,0.044,0.148352986419518,0.0759712592315892,0.0115432644584667,0.0115432644584667,0
1,LUT,0.046,0.148352986419518,0.0759712592315892,0.0115432644584667,0.0115432644584667,0
1,LUT,0.048,0.148352986419518,0.0759712592315892,0.0115432644584667,0.0115432644584667,0
1,LUT,0.05,0.148352986419518,0.0759712592315892,0.0115432644584667,0.0115432644584667,0
1,LUT,0.052,0.148352986419518,0.0759712592315892,0.0115432644584667,0.0115432644584667,0
1,LUT,0.054,0.148352986419518,0.0759712592315892,0.0115432644584667,0.0115432644584667,0
1,LUT,0.056,0.148352986419518,0.0759712592315892,0.0115432644584667,0.0115432644584667,0
1,LUT,0.058,0.148352986419518,0.0759712592315892,0.0115432644584667,0.0115432644584667,0
1,LUT,0.06,0.148352986419518,0.0759712592315892,0.0115432644584667,0.0115432644584667,0
1,LUT,0.062,0.148352986419518,0.0759712592315892,0.0115432644584667,0.0115432644584667,0
1,LUT,0.064,0.148352986419518,0.0759712592315892,0.0115432644584667,0.0115432644584667,0
1,LUT,0.066,0.148352986419518,0.0759712592315892,0.0115432644584667,0.0115432644584667,0
1,LUT,0.068,0.148352986419518,0.0759712592315892,0.0115432644584667,0.0115432644584667,0
1,LUT,0.07,0.148352986419518,0.0759712592315892,0.0115432644584667,0.0115432644584667,0
1,LUT,0.072,0.148352986419518,0.0759712592315892,0.0115432644584667,0.0115432644584667,0
1,LUT,0.074,0.148352986419518,0.0759712592315892,0.0115432644584667,0.0115432644584667,0
1,LUT,0.076,0.148352986419518,0.0759712592315892,0.0115432644584667,0.0115432644584667,0
1,LUT,0.078,0.148352986419518,0.0759712592315892,0.0115432644584667,0.0115432644584667,0
1,LUT,0.08,0.148352986419518,0.0759712592315892,0.0115432644584667,0.0115432644584667,0
1,LUT,0.082,0.148352986419518,0.0759712592315892,0.0115432644584667,0.0115432644584667,0
1,LUT,0.084,0.148352986419518,0.0759712592315892,0.0115432644584667,0.0115432644584667,0
1,LUT,0.086,0.148352986419518,0.0759712592315892,0.0115432644584667,0.0115432644584667,0
1,LUT,0.088,0.148352986419518,0.0759712592315892,0.0115432644584667,0.0115432644584667,0
1,LUT,0.09,0.148352986419518,0.0759712592315892,0.0115432644584667,0.0115432644584667,0
1,LUT,0.092,0.148352986419518,0.0759712592315892,0.0115432644584667,0.0115432644584667,0
1,LUT,0.094,0.148352986419518,0.0759712592315892,0.0115432644584667,0.0115432644584667,0
1,LUT,0.096,0.148352986419518,0.0759712592315892,0.0115432644584667,0.0115432644584667,0
1,LUT,0.098,0.148352986419518,0.0759712592315892,0.0115432644584667,0.0115432644584667,0
1,LUT,0.1,0.148352986419518,0.0759712592315892,0.0115432644584667,0.0115432644584667,0
1,LUT,0.102,0.148352986419518,0.0759712592315892,0.0115432644584667,0.0115432644584667,0
1,LUT,0.104,0.148352986419518,0.0759712592315892,0.0115432644584667,0.0115432644584667,0
1,LUT,0.106,0.148352986419518,0.0759712592315892,0.0115432644584667,0.0115432644584667,0
1,LUT,0.108,0.148352986419518,0.0759712592315892,0.0115432644584667,0.0115432644584667,0
1,LUT,0.11,0.148352986419518,0.0759712592315892,0.0115432644584667,0.0115432644584667,0
1,LUT,0.112,0.148352986419518,0.0759712592315892,0.0115432644584667,0.0115432644584667,0
1,LUT,0.114,0.148352986419518,0.0759712592315892,0.0115432644584667,0.0115432644584667,0
1,LUT,0.116,0.148352986419518,0.0759712592315892,0.0115432644584667,0.0115432644584667,0
1,LUT,0.118,0.148352986419518,0.0759712592315892,0.0115432644584667,0.0115432644584667,0
1,LUT,0.12,0.148352986419518,0.0759712592315892,0.0115432644584667,0.0115432644584667,0
1,LUT,0.122,0.148352986419518,0.0759712592315892,0.0115432644584667,0.0115432644584667,0
1,LUT,0.124,0.148352986419518,0.0759712592315892,0.0115432644584667,0.0115432644584667,0
1,LUT,0.126,0.148352986419518,0.0759712592315892,0.0115432644584667,0.0115432644584667,0
1,LUT,0.128,0.148352986419518,0.0759712592315892,0.0115432644584667,0.0115432644584667,0
1,LUT,0.13,0.148352986419518,0.0759712592315892,0.0115432644584667,0.0115432644584667,0
1,LUT,0.132,0.148352986419518,0.0759712592315892,0.0115432644584667,0.0115432644584667,0
1,LUT,0.134,0.148352986419518,0.0759712592315892,0.0115432644584667,0.0115432644584667,0
1,LUT,0.136,0.148352986419518,0.0759712592315892,0.0115432644584667,0.0115432644584667,0
1,LUT,0.138,0.148352986419518,0.0759712592315892,0.0115432644584667,0.0115432644584667,0
1,LUT,0.14,0.148352986419518,0.0759712592315892,0.0115432644584667,0.0115432644584667,0
1,LUT,0.142,0.148352986419518,0.0759712592315892,0.0115432644584667,0.0115432644584667,0
1,LUT,0.144,0.148352986419518,0.0759712592315892,0.0115432644584667,0.0115432644584667,0
1,LUT,0.146,0.148352986419518,0.0759712592315892,0.0115432644584667,0.0115432644584667,0
1,LUT,0.148,0.148352986419518,0.0759712592315892,0.0115432644584667,0.0115432644584667,0
1,LUT,0.15,0.148352986419518,0.0759712592315892,0.0115432644584667,0.0115432644584667,0
1,LUT,0.152,0.148352986419518,0.0759712592315892,0.0115432644584667,0.0115432644584667,0
1,LUT,0.154,0.148352986419518,0.0759712592315892,0.0115432644584667,0.0115432644584667,0
1,LUT,0.156,0.148352986419518,0.0759712592315892,0.0115432644584667,0.0115432644584667,0
1,LUT,0.158,0.148352986419518,0.0759712592315892,0.0115432644584667,0.0115432644584667,0
1,LUT,0.16,0.148352986419518,0.0759712592315892,0.0115432644584667,0.0115432644584667,0
1,LUT,0.162,0.148352986419518,0.0759712592315892,0.0115432644584667,0.0115432644584667,0
1,LUT,0.164,0.148352986419518,0.0759712592315892,0.0115432644584667,0.0115432644584667,0
1,LUT,0.166,0.148352986419518,0.0759712592315892,0.0115432644584667,0.0115432644584667,0
1,LUT,0.168,0.148352986419518,0.0759712592315892,0.0115432644584667,0.0115432644584667,0
1,LUT,0.17,0.148352986419518,0.0759712592315892,0.0115432644584667,0.0115432644584667,0
1,LUT,0.172,0.148352986419518,0.0759712592315892,0.0115432644584667,0.0115432644584667,0
1,LUT,0.174,0.148352986419518,0.0759712592315892,0.0115432644584667,0.0115432644584667,0
1,LUT,0.176,0.148352986419518,0.0759712592315892,0.0115432644584667,0.0115432644584667,0
1,LUT,0.178,0.148352986419518,0.0759712592315892,0.0115432644584667,0.0115432644584667,0
1,LUT,0.18,0.148352986419518,0.0759712592315892,0.0115432644584667,0.0115432644584667,0
1,LUT,0.182,0.148352986419518,0.0759712592315892,0.0115432644584667,0.0115432644584667,0
1,LUT,0.184,0.148352986419518,0.0759712592315892,0.0115432644584667,0.0115432644584667,0
1,LUT,0.186,0.148352986419518,0.0759712592315892,0.0115432644584667,0.0115432644584667,0
1,LUT,0.188,0.148352986419518,0.0759712592315892,0.0115432644584667,0.0115432644584667,0
1,LUT,0.19,0.148352986419518,0.0759712592315892,0.0115432644584667,0.0115432644584667,0
1,LUT,0.192,0.148352986419518,0.0759712592315892,0.0115432644584667,0.0115432644584667,0
1,LUT,0.194,0.148352986419518,0.0759712592315892,0.0115432644584667,0.0115432644584667,0
1,LUT,0.196,0.148352986419518,0.0759712592315892,0.0115432644584667,0.0115432644584667,0
1,LUT,0.198,0.148352986419518,0.0759712592315892,0.0115432644584667,0.0115432644584667,0
1,LUT,0.2,0.150098315671512,0.0759712592315892,0.0116810478102078,0.0116399067566197,4.11410535881389e-05
1,LUT,0.202,0.150098315671512,0.0760009456426862,0.0116771994002354,0.0116399067566197,3.72926436157713e-05
1,LUT,0.204,0.150098315671512,0.0760278586407708,0.0116737105227866,0.0116399067566197,3.38037661668841e-05
1,LUT,0.206,0.150098315671512,0.0760522562922954,0.0116705477233116,0.0116399067566197,3.06409666919766e-05
1,LUT,0.208,0.150098315671512,0.0760743735706624,0.0116676805409382,0.0116399067566197,2.77737843184921e-05
1,LUT,0.21,0.150098315671512,0.0760944231701239,0.0116650814029603,0.0116399067566197,2.51746463406071e-05
1,LUT,0.212,0.150098315671512,0.0761125978123869,0.0116627253258211,0.0116399067566197,2.28185692014542e-05
1,LUT,0.214,0.150098315671512,0.0761290730004795,0.0116605895581143,0.0116399067566197,2.06828014946391e-05
1,LUT,0.216,0.150098315671512,0.0761440070034049,0.0116586535825733,0.0116399067566197,1.8746825953592e-05
1,LUT,0.218,0.150098315671512,0.0761575439675237,0.0116568987127259,0.0116399067566197,1.6991956106235e-05
1,LUT,0.22,0.150098315671512,0.0761698146236083,0.0116553080012354,0.0116399067566197,1.54012446157478e-05
1,LUT,0.222,0.150098315671512,0.0761809369100871,0.0116538661591057,0.0116399067566197,1.39594024859985e-05
1,LUT,0.224,0.150098315671512,0.0761910185051649,0.0116525592274288,0.0116399067566197,1.26524708091488e-05
1,LUT,0.226,0.150098315671512,0.0762001567038367,0.0116513745933286,0.0116399067566197,1.14678367089584e-05
1,LUT,0.228,0.150098315671512,0.076208439422962,0.0116503008596673,0.0116399067566197,1.03941030475847e-05
1,LUT,0.23,0.150098315671512,0.0762159470035429,0.0116493276114062,0.0116399067566197,9.42085478657963e-06
1,LUT,0.232,0.150098315671512,0.0762227519097581,0.0116484454546223,0.0116399067566197,8.53869800264591e-06
1,LUT,0.234,0.150098315671512,0.0762289196042262,0.0116476459030423,0.0116399067566197,7.7391464226341e-06
1,LUT,0.236,0.150098315671512,0.0762345099787637,0.0116469211925662,0.0116399067566197,7.01443594654932e-06
1,LUT,0.238,0.150098315671512,0.0762395771061309,0.0116462643134498,0.0116399067566197,6.35755683013259e-06
1,LUT,0.24,0.150098315671512,0.0762441696466865,0.0116456689575877,0.0116399067566197,5.76220096798995e-06
1,LUT,0.242,0.150098315671512,0.0762483321724049,0.0116451293468738,0.0116399067566197,5.22259025408783e-06
1,LUT,0.244,0.150098315671512,0.0762521051433876,0.0116446402362464,0.0116399067566197,4.73347962674613e-06
1,LUT,0.246,0.150098315671512,0.0762555247267722,0.011644196937164,0.0116399067566197,4.29018054436646e-06
1,LUT,0.248,0.150098315671512,0.076258623987029,0.0116437951633006,0.0116399067566197,3.88840668088218e-06
1,LUT,0.25,0.150098315671512,0.0762614331623274,0.0116434309947186,0.0116399067566197,3.52423809893247e-06
1,LUT,0.252,0.150098315671512,0.0762639793451889,0.0116431009192681,0.0116399067566197,3.1941626484587e-06
1,LUT,0.254,0.150098315671512,0.0762662869467874,0.0116428017723967,0.0116399067566197,2.89501577702828e-06
1,LUT,0.256,0.150098315671512,0.0762683784031919,0.0116425306455954,0.0116399067566197,2.62388897568668e-06
1,LUT,0.258,0.150098315671512,0.0762702741584328,0.0116422848885939,0.0116399067566197,2.37813197426565e-06
1,LUT,0.26,0.150098315671512,0.0762719923750675,0.0116420621468819,0.0116399067566197,2.1553902622394e-06
1,LUT,0.262,0.150098315671512,0.0762735495486884,0.0116418602820465,0.0116399067566197,1.95352542678613e-06
1,LUT,0.264,0.150098315671512,0.0762749608620771,0.0116416773258615,0.0116399067566197,1.77056924182545e-06
1,LUT,0.266,0.150098315671512,0.0762762401469503,0.0116415114852468,0.0116399067566197,1.60472862717129e-06
1,LUT,0.268,0.150098315671512,0.0762773996302439,0.0116413611751586,0.0116399067566197,1.45441853898094e-06
1,LUT,0.27,0.150098315671512,0.0762784504086623,0.0116412249570712,0.0116399067566197,1.31820045149583e-06
1,LUT,0.272,0.150098315671512,0.0762794027222978,0.0116411015035058,0.0116399067566197,1.19474688616873e-06
1,LUT,0.274,0.150098315671512,0.0762802659483682,0.0116409895988432,0.0116399067566197,1.08284222356293e-06
1,LUT,0.276,0.150098315671512,0.0762810483996654,0.0116408881654512,0.0116399067566197,9.81408831521313e-07
1,LUT,0.278,0.150098315671512,0.0762817574903099,0.0116407962421972,0.0116399067566197,8.8948557752655e-07
1,LUT,0.28,0.150098315671512,0.0762824000820559,0.0116407129395549,0.0116399067566197,8.06182935266658e-07
1,LUT,0.282,0.150098315671512,0.0762829824986986,0.0116406374377367,0.0116399067566197,7.30681116995271e-07
1,LUT,0.284,0.150098315671512,0.0762835104852117,0.0116405689919904,0.0116399067566197,6.62235370700592e-07
1,LUT,0.286,0.150098315671512,0.0762839890340878,0.0116405069551122,0.0116399067566197,6.00198492578183e-07
1,LUT,0.288,0.150098315671512,0.0762844226845425,0.0116404507386592,0.0116399067566197,5.43982039569874e-07
1,LUT,0.29,0.150098315671512,0.076284815651834,0.0116403997961846,0.0116399067566197,4.93039564971806e-07
1,LUT,0.292,0.150098315671512,0.0762851718273527,0.0116403536232265,0.0116399067566197,4.46866606790969e-07
1,LUT,0.294,0.150098315671512,0.0762854947463671,0.0116403117614887,0.0116399067566197,4.05004869060213e-07
1,LUT,0.296,0.150098315671512,0.07628578744358,0.0116402738175665,0.0116399067566197,3.67060946866726e-07
1,LUT,0.298,0.150098315671512,0.0762860526687297,0.0116402394349964,0.0116399067566197,3.32678376752799e-07
1,LUT,0.3,0.150098315671512,0.0762862929865862,0.0116402082812934,0.0116399067566197,3.01524673718828e-07
1,LUT,0.302,0.150098315671512,0.0762865107770662,0.011640180047936,0.0116399067566197,2.73291316290822e-07
1,LUT,0.304,0.150098315671512,0.0762867082328745,0.011640154450672,0.0116399067566197,2.4769405231051e-07
1,LUT,0.306,0.150098315671512,0.0762868872647086,0.0116401312418074,0.0116399067566197,2.24485187704307e-07
1,LUT,0.308,0.150098315671512,0.076287049513657,0.011640110208599,0.0116399067566197,2.0345197930538e-07
1,LUT,0.31,0.150098315671512,0.0762871965113658,0.0116400911524912,0.0116399067566197,1.84395871559787e-07
1,LUT,0.312,0.150098315671512,0.0762873296908136,0.0116400738877194,0.0116399067566197,1.67131099694171e-07
1,LUT,0.314,0.150098315671512,0.0762874503863118,0.0116400582413094,0.0116399067566197,1.51484689720968e-07
1,LUT,0.316,0.150098315671512,0.076287559831658,0.0116400440533174,0.0116399067566197,1.37296697769532e-07
1,LUT,0.318,0.150098315671512,0.0762876590882681,0.0116400311861464,0.0116399067566197,1.24429526760297e-07
1,LUT,0.32,0.150098315671512,0.0762877490464563,0.0116400195243801,0.0116399067566197,1.12767760459404e-07
1,LUT,0.322,0.150098315671512,0.0762878305402741,0.0116400089598959,0.0116399067566197,1.02203276257026e-07
1,LUT,0.324,0.150098315671512,0.0762879043555538,0.0116399993908221,0.0116399067566197,9.26342024528543e-08
1,LUT,0.326,0.150098315671512,0.0762879712299089,0.0116399907215379,0.0116399067566197,8.39649182422103e-08
1,LUT,0.328,0.150098315671512,0.0762880318527335,0.0116399828626734,0.0116399067566197,7.61060537351338e-08
1,LUT,0.33,0.150098315671512,0.076288086855963,0.0116399757323074,0.0116399067566197,6.89756877118169e-08
1,LUT,0.332,0.150098315671512,0.0762881367451081,0.0116399692649078,0.0116399067566197,6.2508288099436e-08
1,LUT,0.334,0.150098315671512,0.0762881819554855,0.0116399634040421,0.0116399067566197,5.66474224437952e-08
1,LUT,0.336,0.150098315671512,0.0762882229011838,0.0116399580960299,0.0116399067566197,5.1339410193571e-08
1,LUT,0.338,0.150098315671512,0.0762882599754957,0.0116399532898864,0.0116399067566197,4.65332667051732e-08
1,LUT,0.34,0.150098315671512,0.0762882935509176,0.0116399489373229,0.0116399067566197,4.21807032288668e-08
1,LUT,0.342,0.150098315671512,0.0762883239791503,0.0116399449927466,0.0116399067566197,3.823612692265e-08
1,LUT,0.344,0.150098315671512,0.0762883515907353,0.0116399414133075,0.0116399067566197,3.46566878701993e-08
1,LUT,0.346,0.150098315671512,0.0762883766625433,0.0116399381631135,0.0116399067566197,3.1406493850028e-08
1,LUT,0.348,0.150098315671512,0.0762883994011021,0.0116399352153912,0.0116399067566197,2.84587715285861e-08
1,LUT,0.35,0.150098315671512,0.0762884200000919,0.0116399325450328,0.0116399067566197,2.57884131046188e-08
1,LUT,0.352,0.150098315671512,0.0762884386458793,0.0116399301278785,0.0116399067566197,2.33712588813134e-08
1,LUT,0.354,0.150098315671512,0.076288455517517,0.0116399279407169,0.0116399067566197,2.11840972680344e-08
1,LUT,0.356,0.150098315671512,0.0762884707867443,0.0116399259612844,0.0116399067566197,1.92046647751187e-08
1,LUT,0.358,0.150098315671512,0.0762884846179869,0.0116399241682657,0.0116399067566197,1.74116460242846e-08
1,LUT,0.36,0.150098315671512,0.0762884971683566,0.0116399225412934,0.0116399067566197,1.57846737399575e-08
1,LUT,0.362,0.150098315671512,0.0762885085809587,0.0116399210618161,0.0116399067566197,1.4305196428463e-08
1,LUT,0.364,0.150098315671512,0.0762885189501065,0.0116399197176074,0.0116399067566197,1.29609877396603e-08
1,LUT,0.366,0.150098315671512,0.0762885283535325,0.0116399184985905,0.0116399067566197,1.17419707915123e-08
1,LUT,0.368,0.150098315671512,0.0762885368675662,0.0116399173948702,0.0116399067566197,1.06382505599828e-08
1,LUT,0.37,0.150098315671512,0.0762885445669345,0.0116399163967595,0.0116399067566197,9.64013982009126e-09
1,LUT,0.372,0.150098315671512,0.076288551524761,0.0116399154947788,0.0116399067566197,8.73815916152543e-09
1,LUT,0.374,0.150098315671512,0.0762885578125662,0.0116399146796566,0.0116399067566197,7.92303697302876e-09
1,LUT,0.376,0.150098315671512,0.0762885635002679,0.0116399139423291,0.0116399067566197,7.18570945454355e-09
1,LUT,0.378,0.150098315671512,0.0762885686561806,0.0116399132739403,0.0116399067566197,6.51732061547616e-09
1,LUT,0.38,0.150098315671512,0.0762885733470159,0.0116399126658419,0.0116399067566197,5.90922227122759e-09
1,LUT,0.382,0.150098315671512,0.0762885776229184,0.0116399121115336,0.0116399067566197,5.35491390986353e-09
1,LUT,0.384,0.150098315671512,0.0762885815070635,0.0116399116080109,0.0116399067566197,4.85139118287792e-09
1,LUT,0.386,0.150098315671512,0.0762885850285184,0.0116399111515056,0.0116399067566197,4.39488593954873e-09
1,LUT,0.388,0.150098315671512,0.0762885882158981,0.0116399107383083,0.0116399067566197,3.98168868015469e-09
1,LUT,0.39,0.150098315671512,0.0762885910973103,0.0116399103647753,0.0116399067566197,3.60815563711647e-09
1,LUT,0.392,0.150098315671512,0.0762885937003558,0.0116399100273285,0.0116399067566197,3.27070878367031e-09
1,LUT,0.394,0.150098315671512,0.076288596052128,0.0116399097224555,0.0116399067566197,2.96583583907217e-09
1,LUT,0.396,0.150098315671512,0.0762885981792134,0.0116399094467099,0.0116399067566197,2.69009025472e-09
1,LUT,0.398,0.150098315671512,0.0762886001076914,0.0116399091967109,0.0116399067566197,2.44009122803146e-09
1,LUT,0.4,0.150098315671512,0.0762886018631342,0.0116399089691434,0.0116399067566197,2.21252368509672e-09
1,LUT,0.402,0.150098315671512,0.0762886034641086,0.0116399087616004,0.0116399067566197,2.00498071444011e-09
1,LUT,0.404,0.150098315671512,0.0762886049184059,0.011639908573072,0.0116399067566197,1.81645229066496e-09
1,LUT,0.406,0.150098315671512,0.0762886062369051,0.0116399084021478,0.0116399067566197,1.64552810787144e-09
1,LUT,0.408,0.150098315671512,0.0762886074303203,0.0116399082474389,0.0116399067566197,1.49081925450434e-09
1,LUT,0.41,0.150098315671512,0.0762886085091754,0.0116399081075811,0.0116399067566197,1.35096143299984e-09
1,LUT,0.412,0.150098315671512,0.0762886094838047,0.0116399079812346,0.0116399067566197,1.22461496672444e-09
1,LUT,0.414,0.150098315671512,0.0762886103643525,0.0116399078670845,0.0116399067566197,1.11046478956656e-09
1,LUT,0.416,0.150098315671512,0.0762886111607734,0.0116399077638401,0.0116399067566197,1.00722044420187e-09
1,LUT,0.418,0.150098315671512,0.0762886118828319,0.0116399076702358,0.0116399067566197,9.13616097705794e-10
1,LUT,0.42,0.150098315671512,0.0762886125401028,0.0116399075850302,0.0116399067566197,8.28410522471512e-10
1,LUT,0.422,0.150098315671512,0.0762886131395378,0.0116399075073222,0.0116399067566197,7.5070252097964e-10
1,LUT,0.424,0.150098315671512,0.0762886136840541,0.0116399074367336,0.0116399067566197,6.80113928716586e-10
1,LUT,0.426,0.150098315671512,0.076288614177725,0.0116399073727364,0.0116399067566197,6.16116694121538e-10
1,LUT,0.428,0.150098315671512,0.0762886146245621,0.0116399073148105,0.0116399067566197,5.58190785260315e-10
1,LUT,0.43,0.150098315671512,0.0762886150285058,0.0116399072624451,0.0116399067566197,5.05825383315117e-10
1,LUT,0.432,0.150098315671512,0.0762886153934253,0.0116399072151386,0.0116399067566197,4.58518889523418e-10
1,LUT,0.434,0.150098315671512,0.076288615723119,0.0116399071723986,0.0116399067566197,4.1577891130018e-10
1,LUT,0.436,0.150098315671512,0.076288616021314,0.011639907133742,0.0116399067566197,3.77122286523979e-10
1,LUT,0.438,0.150098315671512,0.0762886162916663,0.0116399070986947,0.0116399067566197,3.42075055781432e-10
1,LUT,0.44,0.150098315671512,0.0762886165377609,0.0116399070667922,0.0116399067566197,3.10172486653326e-10
1,LUT,0.442,0.150098315671512,0.0762886167622006,0.0116399070376968,0.0116399067566197,2.81077147668007e-10
1,LUT,0.444,0.150098315671512,0.0762886169660778,0.0116399070112671,0.0116399067566197,2.54647448960643e-10
1,LUT,0.446,0.150098315671512,0.0762886171509175,0.0116399069873053,0.0116399067566197,2.30685680627229e-10
1,LUT,0.448,0.150098315671512,0.0762886173182217,0.0116399069656168,0.0116399067566197,2.08997132100652e-10
1,LUT,0.45,0.150098315671512,0.0762886174694658,0.0116399069460102,0.0116399067566197,1.89390539709344e-10
1,LUT,0.452,0.150098315671512,0.0762886176060985,0.0116399069282978,0.0116399067566197,1.71678097085626e-10
1,LUT,0.454,0.150098315671512,0.0762886177295421,0.0116399069122951,0.0116399067566197,1.55675446492087e-10
1,LUT,0.456,0.150098315671512,0.0762886178411919,0.0116399068978213,0.0116399067566197,1.4120167882159e-10
1,LUT,0.458,0.150098315671512,0.0762886179424169,0.011639906884699,0.0116399067566197,1.28079335331988e-10
1,LUT,0.46,0.150098315671512,0.0762886180345593,0.0116399068727541,0.0116399067566197,1.16134414585023e-10
1,LUT,0.462,0.150098315671512,0.0762886181185938,0.0116399068618602,0.0116399067566197,1.05240573200494e-10
1,LUT,0.464,0.150098315671512,0.0762886181949292,0.0116399068519645,0.0116399067566197,9.534479629425e-11
1,LUT,0.466,0.150098315671512,0.0762886182641367,0.0116399068429927,0.0116399067566197,8.63730597461254e-11
1,LUT,0.468,0.150098315671512,0.0762886183267785,0.0116399068348721,0.0116399067566197,7.8252458332595e-11
1,LUT,0.47,0.150098315671512,0.0762886183834072,0.011639906827531,0.0116399067566197,7.09113809338469e-11
1,LUT,0.472,0.150098315671512,0.076288618434565,0.0116399068208992,0.0116399067566197,6.42795087990589e-11
1,LUT,0.474,0.150098315671512,0.0762886184807846,0.0116399068149075,0.0116399067566197,5.82878155463984e-11
1,LUT,0.476,0.150098315671512,0.0762886185225884,0.0116399068094882,0.0116399067566197,5.2868565428299e-11
1,LUT,0.478,0.150098315671512,0.0762886185604889,0.011639906804575,0.0116399067566197,4.79553115967368e-11
1,LUT,0.48,0.150098315671512,0.0762886185949888,0.0116399068001026,0.0116399067566197,4.34829082462951e-11
1,LUT,0.482,0.150098315671512,0.0762886186264529,0.0116399067960237,0.0116399067566197,3.94040477330604e-11
1,LUT,0.484,0.150098315671512,0.0762886186550343,0.0116399067923186,0.0116399067566197,3.56988848204676e-11
1,LUT,0.486,0.150098315671512,0.0762886186809469,0.0116399067889594,0.0116399067566197,3.2339696892647e-11
1,LUT,0.488,0.150098315671512,0.0762886187044012,0.0116399067859189,0.0116399067566197,2.92991915451513e-11
1,LUT,0.49,0.150098315671512,0.076288618725604,0.0116399067831702,0.0116399067566197,2.65505534224886e-11
1,LUT,0.492,0.150098315671512,0.0762886187447585,0.0116399067806871,0.0116399067566197,2.40674563611876e-11
1,LUT,0.494,0.150098315671512,0.0762886187620639,0.0116399067784437,0.0116399067566197,2.18240547161797e-11
1,LUT,0.496,0.150098315671512,0.0762886187777161,0.0116399067764147,0.0116399067566197,1.97949833607991e-11
1,LUT,0.498,0.150098315671512,0.0762886187919067,0.011639906774575,0.0116399067566197,1.79553715645708e-11
1,LUT,0.5,0.150098315671512,0.0762886188048241,0.0116399067729005,0.0116399067566197,1.62808187070818e-11
1,LUT,0.502,0.150098315671512,0.0762886188166049,0.0116399067713733,0.0116399067566197,1.47536167310891e-11
1,LUT,0.504,0.150098315671512,0.0762886188273063,0.011639906769986,0.0116399067566197,1.33663340812218e-11
1,LUT,0.506,0.150098315671512,0.0762886188370085,0.0116399067687283,0.0116399067566197,1.21085901721996e-11
1,LUT,0.508,0.150098315671512,0.0762886188457902,0.0116399067675898,0.0116399067566197,1.09701674827489e-11
1,LUT,0.51,0.150098315671512,0.0762886188537289,0.0116399067665607,0.0116399067566197,9.9410271681144e-12
1,LUT,0.512,0.150098315671512,0.0762886188609007,0.011639906765631,0.0116399067566197,9.01130906005854e-12
1,LUT,0.514,0.150098315671512,0.0762886188673802,0.011639906764791,0.0116399067566197,8.17133687103233e-12
1,LUT,0.516,0.150098315671512,0.0762886188732407,0.0116399067640313,0.0116399067566197,7.41161472472829e-12
1,LUT,0.518,0.150098315671512,0.0762886188785539,0.0116399067633425,0.0116399067566197,6.72282715608041e-12
1,LUT,0.52,0.150098315671512,0.0762886188833904,0.0116399067627155,0.0116399067566197,6.09584431543464e-12
1,LUT,0.522,0.150098315671512,0.0762886188878014,0.0116399067621437,0.0116399067566197,5.52403088549536e-12
1,LUT,0.524,0.150098315671512,0.0762886188918082,0.0116399067616243,0.0116399067566197,5.00460610453057e-12
1,LUT,0.526,0.150098315671512,0.0762886188954409,0.0116399067611534,0.0116399067566197,4.53368245723063e-12
1,LUT,0.528,0.150098315671512,0.0762886188987289,0.0116399067607271,0.0116399067566197,4.10743661305446e-12
1,LUT,0.53,0.150098315671512,0.0762886189017013,0.0116399067603418,0.0116399067566197,3.72210769150616e-12
1,LUT,0.532,0.150098315671512,0.0762886189043866,0.0116399067599937,0.0116399067566197,3.37400246630537e-12
1,LUT,0.534,0.150098315671512,0.0762886189068126,0.0116399067596792,0.0116399067566197,3.05950056955773e-12
1,LUT,0.536,0.150098315671512,0.0762886189090069,0.0116399067593947,0.0116399067566197,2.77504755286095e-12
1,LUT,0.538,0.150098315671512,0.0762886189109963,0.0116399067591368,0.0116399067566197,2.51715315258139e-12
1,LUT,0.54,0.150098315671512,0.0762886189128071,0.0116399067589021,0.0116399067566197,2.28239822874787e-12
1,LUT,0.542,0.150098315671512,0.0762886189144587,0.011639906758688,0.0116399067566197,2.06830039206629e-12
1,LUT,0.544,0.150098315671512,0.0762886189159589,0.0116399067584935,0.0116399067566197,1.87381707372758e-12
1,LUT,0.546,0.150098315671512,0.076288618917319,0.0116399067583172,0.0116399067566197,1.69749631018234e-12
1,LUT,0.548,0.150098315671512,0.0762886189185501,0.0116399067581576,0.0116399067566197,1.53790175039248e-12
1,LUT,0.55,0.150098315671512,0.0762886189196631,0.0116399067580133,0.0116399067566197,1.39362653361896e-12
1,LUT,0.552,0.150098315671512,0.0762886189206685,0.011639906757883,0.0116399067566197,1.2632915546984e-12
1,LUT,0.554,0.150098315671512,0.0762886189215768,0.0116399067577652,0.0116399067566197,1.14553679042562e-12
1,LUT,0.556,0.150098315671512,0.0762886189223984,0.0116399067576587,0.0116399067566197,1.03902997317107e-12
1,LUT,0.558,0.150098315671512,0.0762886189231433,0.0116399067575621,0.0116399067566197,9.42470060327771e-13
1,LUT,0.56,0.150098315671512,0.0762886189238213,0.0116399067574742,0.0116399067566197,8.54573356523503e-13
1,LUT,0.562,0.150098315671512,0.0762886189244397,0.0116399067573941,0.0116399067566197,7.74411784698614e-13
1,LUT,0.564,0.150098315671512,0.0762886189250014,0.0116399067573213,0.0116399067566197,7.01593297347536e-13
1,LUT,0.566,0.150098315671512,0.0762886189255106,0.0116399067572552,0.0116399067566197,6.35574926022286e-13
1,LUT,0.568,0.150098315671512,0.0762886189259716,0.0116399067571955,0.0116399067566197,5.75818906445313e-13
1,LUT,0.57,0.150098315671512,0.0762886189263883,0.0116399067571415,0.0116399067566197,5.21801352126872e-13
1,LUT,0.572,0.150098315671512,0.0762886189267647,0.0116399067570927,0.0116399067566197,4.73000111300692e-13
1,LUT,0.574,0.150098315671512,0.0762886189271048,0.0116399067570486,0.0116399067566197,4.28910379435266e-13
1,LUT,0.576,0.150098315671512,0.0762886189274125,0.0116399067570087,0.0116399067566197,3.89032556169511e-13
1,LUT,0.578,0.150098315671512,0.0762886189276913,0.0116399067569725,0.0116399067566197,3.52879184206678e-13
1,LUT,0.58,0.150098315671512,0.0762886189279452,0.0116399067569396,0.0116399067566197,3.19968010420446e-13
1,LUT,0.582,0.150098315671512,0.0762886189281767,0.0116399067569096,0.0116399067566197,2.89955559562571e-13
1,LUT,0.584,0.150098315671512,0.0762886189283871,0.0116399067568824,0.0116399067566197,2.62690910690644e-13
1,LUT,0.586,0.150098315671512,0.0762886189285777,0.0116399067568576,0.0116399067566197,2.37971101157974e-13
1,LUT,0.588,0.150098315671512,0.0762886189287503,0.0116399067568353,0.0116399067566197,2.15598372488301e-13
1,LUT,0.59,0.150098315671512,0.0762886189289063,0.011639906756815,0.0116399067566197,1.95373231481888e-13
1,LUT,0.592,0.150098315671512,0.0762886189290473,0.0116399067567968,0.0116399067566197,1.77101389109424e-13
1,LUT,0.594,0.150098315671512,0.0762886189291746,0.0116399067567803,0.0116399067566197,1.60592025788553e-13
1,LUT,0.596,0.150098315671512,0.0762886189292898,0.0116399067567653,0.0116399067566197,1.45661260830821e-13
1,LUT,0.598,0.150098315671512,0.0762886189293942,0.0116399067567518,0.0116399067566197,1.32123478824298e-13
1,LUT,0.6,0.150098315671512,0.0762886189294893,0.0116399067567395,0.0116399067566197,1.19801737974434e-13
1,LUT,0.602,0.150098315671512,0.076288618929576,0.0116399067567282,0.0116399067566197,1.08564199297057e-13
1,LUT,0.604,0.150098315671512,0.0762886189296547,0.011639906756718,0.0116399067566197,9.8355351640933e-14
1,LUT,0.606,0.150098315671512,0.0762886189297261,0.0116399067567088,0.0116399067566197,8.91023366200727e-14
1,LUT,0.608,0.150098315671512,0.0762886189297907,0.0116399067567004,0.0116399067566197,8.07236222311047e-14
1,LUT,0.61,0.150098315671512,0.0762886189298491,0.0116399067566928,0.0116399067566197,7.3151554258466e-14
1,LUT,0.612,0.150098315671512,0.0762886189299019,0.011639906756686,0.0116399067566197,6.63098048692135e-14
1,LUT,0.614,0.150098315671512,0.0762886189299496,0.0116399067566798,0.0116399067566197,6.01272504008321e-14
1,LUT,0.616,0.150098315671512,0.0762886189299927,0.0116399067566742,0.0116399067566197,5.45379713612348e-14
1,LUT,0.618,0.150098315671512,0.0762886189300318,0.0116399067566691,0.0116399067566197,4.94691093644306e-14
1,LUT,0.62,0.150098315671512,0.0762886189300674,0.0116399067566645,0.0116399067566197,4.48564796418083e-14
1,LUT,0.622,0.150098315671512,0.0762886189300999,0.0116399067566603,0.0116399067566197,4.06480404890885e-14
1,LUT,0.624,0.150098315671512,0.0762886189301294,0.0116399067566565,0.0116399067566197,3.68264446715116e-14
1,LUT,0.626,0.150098315671512,0.0762886189301561,0.011639906756653,0.0116399067566197,3.3362201889986e-14
1,LUT,0.628,0.150098315671512,0.0762886189301803,0.0116399067566499,0.0116399067566197,3.02240871219439e-14
1,LUT,0.63,0.150098315671512,0.0762886189302022,0.0116399067566471,0.0116399067566197,2.73895489621978e-14
1,LUT,0.632,0.150098315671512,0.0762886189302219,0.0116399067566445,0.0116399067566197,2.48273623881801e-14
1,LUT,0.634,0.150098315671512,0.0762886189302398,0.0116399067566422,0.0116399067566197,2.2513241271227e-14
1,LUT,0.636,0.150098315671512,0.0762886189302559,0.0116399067566401,0.0116399067566197,2.0421164759199e-14
1,LUT,0.638,0.150098315671512,0.0762886189302705,0.0116399067566382,0.0116399067566197,1.85233772764803e-14
1,LUT,0.64,0.150098315671512,0.0762886189302839,0.0116399067566365,0.0116399067566197,1.67938579709315e-14
1,LUT,0.642,0.150098315671512,0.076288618930296,0.0116399067566349,0.0116399067566197,1.52204637782205e-14
1,LUT,0.644,0.150098315671512,0.0762886189303071,0.0116399067566335,0.0116399067566197,1.37893169105396e-14
1,LUT,0.646,0.150098315671512,0.0762886189303171,0.0116399067566322,0.0116399067566197,1.2490009027033e-14
1,LUT,0.648,0.150098315671512,0.0762886189303261,0.011639906756631,0.0116399067566197,1.13173359572727e-14
1,LUT,0.65,0.150098315671512,0.0762886189303343,0.0116399067566299,0.0116399067566197,1.02539504664989e-14
1,LUT,0.652,0.150098315671512,0.0762886189303417,0.011639906756629,0.0116399067566197,9.29638310775971e-15
1,LUT,0.654,0.150098315671512,0.0762886189303484,0.0116399067566281,0.0116399067566197,8.43075609324728e-15
1,LUT,0.656,0.150098315671512,0.0762886189303544,0.0116399067566273,0.0116399067566197,7.64666108210577e-15
1,LUT,0.658,0.150098315671512,0.0762886189303599,0.0116399067566266,0.0116399067566197,6.93542445695527e-15
1,LUT,0.66,0.150098315671512,0.0762886189303649,0.011639906756626,0.0116399067566197,6.2901073238919e-15
1,LUT,0.662,0.150098315671512,0.0762886189303695,0.0116399067566254,0.0116399067566197,5.69856661858381e-15
1,LUT,0.664,0.150098315671512,0.0762886189303736,0.0116399067566248,0.0116399067566197,5.16253706450698e-15
1,LUT,0.666,0.150098315671512,0.0762886189303773,0.0116399067566243,0.0116399067566197,4.67681449123347e-15
1,LUT,0.668,0.150098315671512,0.0762886189303807,0.0116399067566239,0.0116399067566197,4.23619472833536e-15
1,LUT,0.67,0.150098315671512,0.0762886189303838,0.0116399067566235,0.0116399067566197,3.83894305233667e-15
1,LUT,0.672,0.150098315671512,0.0762886189303866,0.0116399067566231,0.0116399067566197,3.48159001628545e-15
1,LUT,0.674,0.150098315671512,0.0762886189303891,0.0116399067566228,0.0116399067566197,3.15546200280181e-15
1,LUT,0.676,0.150098315671512,0.0762886189303913,0.0116399067566225,0.0116399067566197,2.86229373536173e-15
1,LUT,0.678,0.150098315671512,0.0762886189303934,0.0116399067566223,0.0116399067566197,2.59688104353728e-15
1,LUT,0.68,0.150098315671512,0.0762886189303953,0.011639906756622,0.0116399067566197,2.3557544803765e-15
1,LUT,0.682,0.150098315671512,0.076288618930397,0.0116399067566218,0.0116399067566197,2.13370987545147e-15
1,LUT,0.684,0.150098315671512,0.0762886189303985,0.0116399067566216,0.0116399067566197,1.93421667571414e-15
1,LUT,0.686,0.150098315671512,0.0762886189303999,0.0116399067566214,0.0116399067566197,1.75207071073658e-15
1,LUT,0.688,0.150098315671512,0.0762886189304012,0.0116399067566213,0.0116399067566197,1.58727198051878e-15
1,LUT,0.69,0.150098315671512,0.0762886189304023,0.0116399067566211,0.0116399067566197,1.43808576158477e-15
1,LUT,0.692,0.150098315671512,0.0762886189304034,0.011639906756621,0.0116399067566197,1.30277733045858e-15
1,LUT,0.694,0.150098315671512,0.0762886189304043,0.0116399067566208,0.0116399067566197,1.18134668714021e-15
1,LUT,0.696,0.150098315671512,0.0762886189304052,0.0116399067566207,0.0116399067566197,1.07205910815367e-15
1,LUT,0.698,0.150098315671512,0.0762886189304059,0.0116399067566206,0.0116399067566197,9.71445146547012e-16
1,LUT,0.7,0.148352986419518,0.0762886189304066,0.0115018116037163,0.0115432644584667,-4.14528547503755e-05
1,LUT,0.7,0.148352986419518,0.0762886189304066,0.0115018116037163,0.0115432644584667,-4.14528547503755e-05
1,LUT,0.702,0.148352986419518,0.0762588725128659,0.0115056970180592,0.0115432644584667,-3.75674404074315e-05
1,LUT,0.704,0.148352986419518,0.0762319174317473,0.0115092178339239,0.0115432644584667,-3.40466245427867e-05
1,LUT,0.706,0.148352986419518,0.0762074916318154,0.0115124082804125,0.0115432644584667,-3.08561780541106e-05
1,LUT,0.708,0.148352986419518,0.076185356785396,0.0115152994873836,0.0115432644584667,-2.79649710830717e-05
1,LUT,0.71,0.148352986419518,0.0761652978479632,0.0115179195434995,0.0115432644584667,-2.53449149671143e-05
1,LUT,0.712,0.148352986419518,0.0761471198869589,0.0115202939104402,0.0115432644584667,-2.29705480264582e-05
1,LUT,0.714,0.148352986419518,0.0761306458878801,0.0115224457094667,0.0115432644584667,-2.08187489999373e-05
1,LUT,0.716,0.148352986419518,0.0761157163588208,0.0115243957730756,0.0115432644584667,-1.88686853910547e-05
1,LUT,0.718,0.148352986419518,0.0761021860208363,0.0115261630772963,0.0115432644584667,-1.71013811703698e-05
1,LUT,0.72,0.148352986419518,0.0760899235735289,0.0115277647723099,0.0115432644584667,-1.5499686156769e-05
1,LUT,0.722,0.148352986419518,0.076078810388308,0.0115292163531328,0.0115432644584667,-1.40481053338311e-05
1,LUT,0.724,0.148352986419518,0.0760687382768821,0.0115305319510916,0.0115432644584667,-1.27325073750288e-05
1,LUT,0.726,0.148352986419518,0.0760596097922284,0.0115317242945109,0.0115432644584667,-1.15401639557266e-05
1,LUT,0.728,0.148352986419518,0.0760513366383136,0.0115328049164325,0.0115432644584667,-1.04595420341753e-05
1,LUT,0.73,0.148352986419518,0.0760438382636968,0.0115337843383156,0.0115432644584667,-9.48012015101855e-06
1,LUT,0.732,0.148352986419518,0.0760370422482802,0.0115346720195209,0.0115432644584667,-8.59243894576166e-06
1,LUT,0.734,0.148352986419518,0.0760308829251488,0.0115354765373222,0.0115432644584667,-7.78792114441811e-06
1,LUT,0.736,0.148352986419518,0.0760253003066606,0.011536205727179,0.0115432644584667,-7.05873128767007e-06
1,LUT,0.738,0.148352986419518,0.0760202404609118,0.0115368666335627,0.0115432644584667,-6.39782490394897e-06
1,LUT,0.74,0.148352986419518,0.0760156546320309,0.0115374656248625,0.0115432644584667,-5.79883360411759e-06
1,LUT,0.742,0.148352986419518,0.0760114981778411,0.0115380085321455,0.0115432644584667,-5.25592632115955e-06
1,LUT,0.744,0.148352986419518,0.0760077307844266,0.0115385006211303,0.0115432644584667,-4.76383733638563e-06
1,LUT,0.746,0.148352986419518,0.0760043163038124,0.0115389466133891,0.0115432644584667,-4.31784507752032e-06
1,LUT,0.748,0.148352986419518,0.0760012216058912,0.0115393508363069,0.0115432644584667,-3.91362215979713e-06
1,LUT,0.75,0.148352986419518,0.0759984164944482,0.0115397172340494,0.0115432644584667,-3.54722441729682e-06
1,LUT,0.752,0.148352986419518,0.0759958740322965,0.0115400493250952,0.0115432644584667,-3.21513337146924e-06
1,LUT,0.754,0.148352986419518,0.0759935697565023,0.0115403503047412,0.0115432644584667,-2.91415372548516e-06
1,LUT,0.756,0.148352986419518,0.075991481205402,0.0115406231068825,0.0115432644584667,-2.64135158418999e-06
1,LUT,0.758,0.148352986419518,0.0759895880285923,0.0115408703896459,0.0115432644584667,-2.39406882079733e-06
1,LUT,0.76,0.148352986419518,0.0759878721576153,0.0115410945130952,0.0115432644584667,-2.16994537147013e-06
1,LUT,0.762,0.148352986419518,0.0759863170464505,0.0115412976384368,0.0115432644584667,-1.96682002985733e-06
1,LUT,0.764,0.148352986419518,0.0759849074954717,0.0115414817510138,0.0115432644584667,-1.78270745284856e-06
1,LUT,0.766,0.148352986419518,0.0759836297576161,0.0115416486464386,0.0115432644584667,-1.61581202808188e-06
1,LUT,0.768,0.148352986419518,0.0759824716851251,0.0115417999114257,0.0115432644584667,-1.46454704094516e-06
1,LUT,0.77,0.148352986419518,0.0759814221370846,0.0115419370011779,0.0115432644584667,-1.32745728871966e-06
1,LUT,0.772,0.148352986419518,0.0759804708529079,0.0115420612559114,0.0115432644584667,-1.20320255521042e-06
1,LUT,0.774,0.148352986419518,0.0759796084892419,0.0115421738960353,0.0115432644584667,-1.09056243133114e-06
1,LUT,0.776,0.148352986419518,0.075978826837886,0.0115422759936874,0.0115432644584667,-9.88464779238044e-07
1,LUT,0.778,0.148352986419518,0.0759781184536782,0.0115423685213391,0.0115432644584667,-8.95937127536051e-07
1,LUT,0.78,0.148352986419518,0.0759774764472675,0.0115424523788629,0.0115432644584667,-8.12079603753485e-07
1,LUT,0.782,0.148352986419518,0.0759768944843138,0.0115425283936369,0.0115432644584667,-7.36064829727837e-07
1,LUT,0.784,0.148352986419518,0.0759763668924386,0.0115425973065753,0.0115432644584667,-6.67151891352996e-07
1,LUT,0.786,0.148352986419518,0.0759758887184663,0.0115426597646514,0.0115432644584667,-6.04693815244375e-07
1,LUT,0.788,0.148352986419518,0.0759754553903471,0.0115427163650567,0.0115432644584667,-5.48093409935557e-07
1,LUT,0.79,0.148352986419518,0.0759750626712844,0.0115427676611927,0.0115432644584667,-4.96797273957794e-07
1,LUT,0.792,0.148352986419518,0.0759747066599569,0.0115428141626417,0.0115432644584667,-4.50295824957342e-07
1,LUT,0.794,0.148352986419518,0.0759743838805736,0.0115428563234042,0.0115432644584667,-4.0813506244422e-07
1,LUT,0.796,0.148352986419518,0.0759740913317253,0.011542894535518,0.0115432644584667,-3.69922948677617e-07
1,LUT,0.798,0.148352986419518,0.0759738262364704,0.0115429291617012,0.0115432644584667,-3.35296765406265e-07
1,LUT,0.8,0.148352986419518,0.0759735860100336,0.0115429605395719,0.0115432644584667,-3.03918894712166e-07
1,LUT,0.802,0.148352986419518,0.0759733682598055,0.0115429889816476,0.0115432644584667,-2.75476819019266e-07
1,LUT,0.804,0.148352986419518,0.0759731708051291,0.0115430147727612,0.0115432644584667,-2.49685705487959e-07
1,LUT,0.806,0.148352986419518,0.075972991798117,0.0115430381542797,0.0115432644584667,-2.26304186988838e-07
1,LUT,0.808,0.148352986419518,0.0759728295843675,0.0115430593422976,0.0115432644584667,-2.05116169034111e-07
1,LUT,0.81,0.148352986419518,0.0759726826130745,0.011543078539378,0.0115432644584667,-1.85919088612277e-07
1,LUT,0.812,0.148352986419518,0.0759725494365786,0.0115430959346112,0.0115432644584667,-1.68523855492014e-07
1,LUT,0.814,0.148352986419518,0.0759724287103667,0.0115431117036144,0.0115432644584667,-1.52754852237799e-07
1,LUT,0.816,0.148352986419518,0.0759723192105881,0.0115431260062446,0.0115432644584667,-1.38452222016999e-07
1,LUT,0.818,0.148352986419518,0.0759722199267516,0.01154313897449,0.0115432644584667,-1.25483976615853e-07
1,LUT,0.82,0.148352986419518,0.0759721299590273,0.0115431507258845,0.0115432644584667,-1.13732582150694e-07
1,LUT,0.822,0.148352986419518,0.0759720484585848,0.0115431613713005,0.0115432644584667,-1.03087166187024e-07
1,LUT,0.824,0.148352986419518,0.0759719746273907,0.0115431710149754,0.0115432644584667,-9.34434912780446e-08
1,LUT,0.826,0.148352986419518,0.0759719077182085,0.0115431797545117,0.0115432644584667,-8.47039549629197e-08
1,LUT,0.828,0.148352986419518,0.0759718470348461,0.0115431876808445,0.0115432644584667,-7.67776221106964e-08
1,LUT,0.83,0.148352986419518,0.0759717919725086,0.011543194872971,0.0115432644584667,-6.95854956798275e-08
1,LUT,0.832,0.148352986419518,0.075971742050459,0.0115432013936838,0.0115432644584667,-6.30647828143288e-08
1,LUT,0.834,0.148352986419518,0.0759716968222339,0.0115432073012992,0.0115432644584667,-5.71571674139876e-08
1,LUT,0.836,0.148352986419518,0.0759716558635309,0.0115432126512387,0.0115432644584667,-5.18072279746123e-08
1,LUT,0.838,0.148352986419518,0.0759716187722081,0.0115432174960291,0.0115432644584667,-4.69624376036454e-08
1,LUT,0.84,0.148352986419518,0.0759715851682849,0.0115432218853027,0.0115432644584667,-4.25731639976112e-08
1,LUT,0.842,0.148352986419518,0.0759715546939412,0.0115432258657972,0.0115432644584667,-3.85926694698724e-08
1,LUT,0.844,0.148352986419518,0.075971527023138,0.0115432294800992,0.0115432644584667,-3.49783675045179e-08
1,LUT,0.846,0.148352986419518,0.0759715019121543,0.0115432327600429,0.0115432644584667,-3.16984237556245e-08
1,LUT,0.848,0.148352986419518,0.0759714791520818,0.0115432357329156,0.0115432644584667,-2.87255510766915e-08
1,LUT,0.85,0.148352986419518,0.0759714585419721,0.0115432384249647,0.0115432644584667,-2.60335019930391e-08
1,LUT,0.852,0.148352986419518,0.0759714398888323,0.0115432408613985,0.0115432644584667,-2.3597068202208e-08
1,LUT,0.854,0.148352986419518,0.0759714230076256,0.0115432430663861,0.0115432644584667,-2.1392080575694e-08
1,LUT,0.856,0.148352986419518,0.0759714077212709,0.0115432450630575,0.0115432644584667,-1.93954091572135e-08
1,LUT,0.858,0.148352986419518,0.075971393860643,0.0115432468735035,0.0115432644584667,-1.75849631644381e-08
1,LUT,0.86,0.148352986419518,0.0759713812656602,0.0115432485186336,0.0115432644584667,-1.59398330628474e-08
1,LUT,0.862,0.148352986419518,0.0759713698155399,0.0115432500142242,0.0115432644584667,-1.44442424826474e-08
1,LUT,0.864,0.148352986419518,0.0759713594250682,0.0115432513714057,0.0115432644584667,-1.30870609852535e-08
1,LUT,0.866,0.148352986419518,0.0759713500117015,0.0115432526009598,0.0115432644584667,-1.1857506877419e-08
1,LUT,0.868,0.148352986419518,0.0759713414947499,0.011543253713426,0.0115432644584667,-1.07450406090087e-08
1,LUT,0.87,0.148352986419518,0.0759713337953771,0.0115432547191019,0.0115432644584667,-9.73936476258985e-09
1,LUT,0.872,0.148352986419518,0.0759713268366006,0.0115432556280426,0.0115432644584667,-8.83042405690204e-09
1,LUT,0.874,0.148352986419518,0.075971320543292,0.0115432564500613,0.0115432644584667,-8.00840534685709e-09
1,LUT,0.876,0.148352986419518,0.0759713148421762,0.011543257194729,0.0115432644584667,-7.26373762700849e-09
1,LUT,0.878,0.148352986419518,0.0759713096618322,0.0115432578713746,0.0115432644584667,-6.5870920176736e-09
1,LUT,0.88,0.148352986419518,0.0759713049395653,0.0115432584881872,0.0115432644584667,-5.97027947218942e-09
1,LUT,0.882,0.148352986419518,0.0759713006464242,0.0115432590489482,0.0115432644584667,-5.4095184321562e-09
1,LUT,0.884,0.148352986419518,0.0759712967520087,0.0115432595576286,0.0115432644584667,-4.90083808951658e-09
1,LUT,0.886,0.148352986419518,0.0759712932253794,0.0115432600182695,0.0115432644584667,-4.44019719950117e-09
1,LUT,0.888,0.148352986419518,0.0759712900361453,0.0115432604348405,0.0115432644584667,-4.02362617356322e-09
1,LUT,0.89,0.148352986419518,0.0759712871544643,0.0115432608112396,0.0115432644584667,-3.64722707764387e-09
1,LUT,0.892,0.148352986419518,0.0759712845510426,0.011543261151293,0.0115432644584667,-3.30717362349853e-09
1,LUT,0.894,0.148352986419518,0.0759712821971351,0.0115432614587555,0.0115432644584667,-2.99971118777886e-09
1,LUT,0.896,0.148352986419518,0.0759712800645452,0.0115432617373099,0.0115432644584667,-2.72115679121609e-09
1,LUT,0.898,0.148352986419518,0.075971278125625,0.0115432619905675,0.0115432644584667,-2.46789911596823e-09
1,LUT,0.9,0.148352986419518,0.0759712763565347,0.0115432622216424,0.0115432644584667,-2.23682427961946e-09
1,LUT,0.902,0.148352986419518,0.0759712747480671,0.011543262431737,0.0115432644584667,-2.02672963307837e-09
1,LUT,0.904,0.148352986419518,0.075971273288986,0.0115432626223191,0.0115432644584667,-1.83614752916061e-09
1,LUT,0.906,0.148352986419518,0.0759712719676995,0.0115432627949028,0.0115432644584667,-1.66356387346078e-09
1,LUT,0.908,0.148352986419518,0.0759712707728215,0.0115432629509752,0.0115432644584667,-1.5074914268276e-09
1,LUT,0.91,0.148352986419518,0.0759712696931712,0.0115432630919969,0.0115432644584667,-1.36646978454724e-09
1,LUT,0.912,0.148352986419518,0.0759712687177735,0.0115432632194013,0.0115432644584667,-1.23906539369056e-09
1,LUT,0.914,0.148352986419518,0.0759712678358588,0.0115432633345951,0.0115432644584667,-1.12387154964366e-09
1,LUT,0.916,0.148352986419518,0.0759712670368629,0.0115432634389583,0.0115432644584667,-1.01950838743425e-09
1,LUT,0.918,0.148352986419518,0.0759712663104272,0.0115432635338438,0.0115432644584667,-9.24622892140015e-10
1,LUT,0.92,0.148352986419518,0.07597126564762,0.0115432636204182,0.0115432644584667,-8.38048413651094e-10
1,LUT,0.922,0.148352986419518,0.0759712650449917,0.0115432636991323,0.0115432644584667,-7.5933437489184e-10
1,LUT,0.924,0.148352986419518,0.0759712644983325,0.0115432637705358,0.0115432644584667,-6.87930901480116e-10
1,LUT,0.926,0.148352986419518,0.0759712640032994,0.0115432638351959,0.0115432644584667,-6.23270723226765e-10
1,LUT,0.928,0.148352986419518,0.0759712635556265,0.01154326389367,0.0115432644584667,-5.64796633073517e-10
1,LUT,0.93,0.148352986419518,0.0759712631511248,0.0115432639465052,0.0115432644584667,-5.11961476684641e-10
1,LUT,0.932,0.148352986419518,0.0759712627856824,0.0115432639942385,0.0115432644584667,-4.64228157651125e-10
1,LUT,0.934,0.148352986419518,0.0759712624552643,0.011543264037397,0.0115432644584667,-4.21069639225391e-10
1,LUT,0.936,0.148352986419518,0.0759712621559125,0.0115432640764977,0.0115432644584667,-3.81968946056022e-10
1,LUT,0.938,0.148352986419518,0.0759712618837462,0.0115432641120475,0.0115432644584667,-3.46419152044697e-10
1,LUT,0.94,0.148352986419518,0.0759712616354189,0.0115432641444835,0.0115432644584667,-3.13983165856069e-10
1,LUT,0.942,0.148352986419518,0.0759712614096382,0.0115432641739745,0.0115432644584667,-2.84492169405626e-10
1,LUT,0.944,0.148352986419518,0.0759712612048269,0.0115432642007265,0.0115432644584667,-2.57740148668084e-10
1,LUT,0.946,0.148352986419518,0.0759712610193578,0.0115432642249521,0.0115432644584667,-2.33514570527338e-10
1,LUT,0.948,0.148352986419518,0.0759712608516327,0.01154326424686,0.0115432644584667,-2.11606671421394e-10
1,LUT,0.95,0.148352986419518,0.0759712607000822,0.0115432642666552,0.0115432644584667,-1.91811455607649e-10
1,LUT,0.952,0.148352986419518,0.0759712605631655,0.011543264284539,0.0115432644584667,-1.73927693428166e-10
1,LUT,0.954,0.148352986419518,0.0759712604393711,0.0115432643007087,0.0115432644584667,-1.57757924779123e-10
1,LUT,0.956,0.148352986419518,0.075971260327216,0.0115432643153582,0.0115432644584667,-1.43108462580255e-10
1,LUT,0.958,0.148352986419518,0.0759712602252462,0.0115432643286773,0.0115432644584667,-1.29789377162348e-10
1,LUT,0.96,0.148352986419518,0.0759712601322079,0.0115432643408297,0.0115432644584667,-1.17636912363994e-10
1,LUT,0.962,0.148352986419518,0.0759712600476169,0.0115432643518788,0.0115432644584667,-1.06587818432535e-10
1,LUT,0.964,0.148352986419518,0.0759712599708823,0.0115432643619017,0.0115432644584667,-9.65649071121844e-11
1,LUT,0.966,0.148352986419518,0.0759712599013945,0.0115432643709781,0.0115432644584667,-8.74885528606706e-11
1,LUT,0.968,0.148352986419518,0.0759712598385546,0.0115432643791861,0.0115432644584667,-7.92805422006326e-11
1,LUT,0.97,0.148352986419518,0.0759712597817747,0.0115432643866026,0.0115432644584667,-7.18640667807247e-11
1,LUT,0.972,0.148352986419518,0.0759712597304775,0.0115432643933029,0.0115432644584667,-6.51637389881277e-11
1,LUT,0.974,0.148352986419518,0.0759712596840967,0.0115432643993611,0.0115432644584667,-5.91055746013147e-11
1,LUT,0.976,0.148352986419518,0.0759712596420767,0.0115432644048496,0.0115432644584667,-5.36170066678388e-11
1,LUT,0.978,0.148352986419518,0.0759712596038727,0.0115432644098398,0.0115432644584667,-4.86268803001622e-11
1,LUT,0.98,0.148352986419518,0.0759712595690149,0.0115432644143928,0.0115432644584667,-4.40738383289396e-11
1,LUT,0.982,0.148352986419518,0.0759712595373221,0.0115432644185325,0.0115432644584667,-3.99341844314893e-11
1,LUT,0.984,0.148352986419518,0.0759712595085727,0.0115432644222877,0.0115432644584667,-3.61790007674667e-11
1,LUT,0.986,0.148352986419518,0.0759712594825384,0.0115432644256882,0.0115432644584667,-3.27784570319789e-11
1,LUT,0.988,0.148352986419518,0.0759712594589948,0.0115432644287634,0.0115432644584667,-2.97032433371758e-11
1,LUT,0.99,0.148352986419518,0.0759712594377217,0.0115432644315421,0.0115432644584667,-2.69245875594848e-11
1,LUT,0.992,0.148352986419518,0.0759712594185027,0.0115432644340524,0.0115432644584667,-2.44142414618231e-11
1,LUT,0.994,0.148352986419518,0.0759712594011256,0.0115432644363222,0.0115432644584667,-2.21444911019386e-11
1,LUT,0.996,0.148352986419518,0.0759712593853824,0.0115432644383785,0.0115432644584667,-2.00881446893453e-11
1,LUT,0.998,0.148352986419518,0.0759712593710689,0.0115432644402481,0.0115432644584667,-1.82185447283878e-11
1,LUT,1,0.148352986419518,0.0759712593580091,0.011543264441954,0.0115432644584667,-1.65127009288391e-11
1,LUT,1.002,0.148352986419518,0.0759712593461351,0.0115432644435049,0.0115432644584667,-1.49617401801194e-11
1,LUT,1.004,0.148352986419518,0.0759712593353638,0.0115432644449118,0.0115432644584667,-1.3554823929951e-11
1,LUT,1.006,0.148352986419518,0.0759712593256098,0.0115432644461859,0.0115432644584667,-1.22807753549781e-11
1,LUT,1.008,0.148352986419518,0.075971259316789,0.011543264447338,0.0115432644584667,-1.11286153903212e-11
1,LUT,1.01,0.148352986419518,0.0759712593088188,0.0115432644483791,0.0115432644584667,-1.00875661990241e-11
1,LUT,1.012,0.148352986419518,0.0759712593016182,0.0115432644493196,0.0115432644584667,-9.14703729426591e-12
1,LUT,1.014,0.148352986419518,0.0759712592951077,0.01154326445017,0.0115432644584667,-8.2966532949369e-12
1,LUT,1.016,0.148352986419518,0.0759712592892094,0.0115432644509404,0.0115432644584667,-7.52622443533912e-12
1,LUT,1.018,0.148352986419518,0.0759712592838467,0.0115432644516409,0.0115432644584667,-6.8257569735275e-12
1,LUT,1.02,0.148352986419518,0.0759712592789537,0.01154326445228,0.0115432644584667,-6.18664841578465e-12
1,LUT,1.022,0.148352986419518,0.075971259274505,0.0115432644528611,0.0115432644584667,-5.60556462358974e-12
1,LUT,1.024,0.148352986419518,0.0759712592704694,0.0115432644533882,0.0115432644584667,-5.07844807873248e-12
1,LUT,1.026,0.148352986419518,0.075971259266815,0.0115432644538655,0.0115432644584667,-4.60111289346532e-12
1,LUT,1.028,0.148352986419518,0.0759712592635101,0.0115432644542972,0.0115432644584667,-4.16944603842673e-12
1,LUT,1.03,0.148352986419518,0.075971259260524,0.0115432644546873,0.0115432644584667,-3.77940560791767e-12
1,LUT,1.032,0.148352986419518,0.0759712592578263,0.0115432644550396,0.0115432644584667,-3.42702949351903e-12
1,LUT,1.034,0.148352986419518,0.075971259255387,0.0115432644553582,0.0115432644584667,-3.10842324102723e-12
1,LUT,1.036,0.148352986419518,0.0759712592531772,0.0115432644556469,0.0115432644584667,-2.81977566296554e-12
1,LUT,1.038,0.148352986419518,0.075971259251168,0.0115432644559093,0.0115432644584667,-2.55733802190239e-12
1,LUT,1.04,0.148352986419518,0.0759712592493348,0.0115432644561488,0.0115432644584667,-2.31788893634288e-12
1,LUT,1.042,0.148352986419518,0.075971259247668,0.0115432644563665,0.0115432644584667,-2.10018114010779e-12
1,LUT,1.044,0.148352986419518,0.0759712592461561,0.011543264456564,0.0115432644584667,-1.90269154598521e-12
1,LUT,1.046,0.148352986419518,0.0759712592447869,0.0115432644567428,0.0115432644584667,-1.72385369867634e-12
1,LUT,1.048,0.148352986419518,0.0759712592435487,0.0115432644569045,0.0115432644584667,-1.56212542901102e-12
1,LUT,1.05,0.148352986419518,0.0759712592424299,0.0115432644570507,0.0115432644584667,-1.41599232339473e-12
1,LUT,1.052,0.148352986419518,0.0759712592414192,0.0115432644571827,0.0115432644584667,-1.28396945853204e-12
1,LUT,1.054,0.148352986419518,0.0759712592405053,0.0115432644573021,0.0115432644584667,-1.16460313615008e-12
1,LUT,1.056,0.148352986419518,0.0759712592396773,0.0115432644574102,0.0115432644584667,-1.05645527048726e-12
1,LUT,1.058,0.148352986419518,0.0759712592389246,0.0115432644575085,0.0115432644584667,-9.58132878592366e-13
1,LUT,1.06,0.148352986419518,0.0759712592382378,0.0115432644575982,0.0115432644584667,-8.68419919308749e-13
1,LUT,1.062,0.148352986419518,0.0759712592376133,0.0115432644576798,0.0115432644584667,-7.8685322146832e-13
1,LUT,1.064,0.148352986419518,0.0759712592370468,0.0115432644577538,0.0115432644584667,-7.12862061047481e-13
1,LUT,1.066,0.148352986419518,0.0759712592365338,0.0115432644578208,0.0115432644584667,-6.45858366787877e-13
1,LUT,1.068,0.148352986419518,0.07597125923607,0.0115432644578814,0.0115432644584667,-5.85266210495483e-13
1,LUT,1.07,0.148352986419518,0.0759712592356508,0.0115432644579361,0.0115432644584667,-5.30514868146703e-13
1,LUT,1.072,0.148352986419518,0.0759712592352721,0.0115432644579856,0.0115432644584667,-4.81052697676176e-13
1,LUT,1.074,0.148352986419518,0.0759712592349297,0.0115432644580303,0.0115432644584667,-4.36329791742018e-13
1,LUT,1.076,0.148352986419518,0.0759712592346195,0.0115432644580708,0.0115432644584667,-3.95813590237104e-13
1,LUT,1.078,0.148352986419518,0.0759712592343375,0.0115432644581077,0.0115432644584667,-3.58973267777785e-13
1,LUT,1.08,0.148352986419518,0.0759712592340802,0.0115432644581413,0.0115432644584667,-3.25363000430734e-13
1,LUT,1.082,0.148352986419518,0.0759712592338462,0.0115432644581719,0.0115432644584667,-2.94802376954451e-13
1,LUT,1.084,0.148352986419518,0.075971259233634,0.0115432644581996,0.0115432644584667,-2.67081495808341e-13
1,LUT,1.086,0.148352986419518,0.0759712592334418,0.0115432644582247,0.0115432644584667,-2.41978312387481e-13
1,LUT,1.088,0.148352986419518,0.075971259233268,0.0115432644582474,0.0115432644584667,-2.19277720980848e-13
1,LUT,1.09,0.148352986419518,0.0759712592331109,0.0115432644582679,0.0115432644584667,-1.98762881153947e-13
1,LUT,1.092,0.148352986419518,0.075971259232969,0.0115432644582864,0.0115432644584667,-1.80232564983562e-13
1,LUT,1.094,0.148352986419518,0.0759712592328408,0.0115432644583032,0.0115432644584667,-1.63475136205626e-13
1,LUT,1.096,0.148352986419518,0.0759712592327245,0.0115432644583184,0.0115432644584667,-1.48296305790829e-13
1,LUT,1.098,0.148352986419518,0.0759712592326189,0.0115432644583322,0.0115432644584667,-1.34494845815958e-13
1,LUT,1.1,0.148352986419518,0.0759712592325225,0.0115432644583448,0.0115432644584667,-1.21900753380366e-13
1,LUT,1.102,0.148352986419518,0.0759712592324348,0.0115432644583562,0.0115432644584667,-1.10453313162395e-13
1,LUT,1.104,0.148352986419518,0.0759712592323553,0.0115432644583666,0.0115432644584667,-1.00065788988246e-13
1,LUT,1.106,0.148352986419518,0.0759712592322833,0.011543264458376,0.0115432644584667,-9.06601183014999e-14
1,LUT,1.108,0.148352986419518,0.0759712592322182,0.0115432644583845,0.0115432644584667,-8.21547690987856e-14
1,LUT,1.11,0.148352986419518,0.0759712592321593,0.0115432644583922,0.0115432644584667,-7.44682093767324e-14
1,LUT,1.112,0.148352986419518,0.0759712592321062,0.0115432644583991,0.0115432644584667,-6.75258460258732e-14
1,LUT,1.114,0.148352986419518,0.0759712592320581,0.0115432644584054,0.0115432644584667,-6.12496164897891e-14
1,LUT,1.116,0.148352986419518,0.0759712592320146,0.0115432644584111,0.0115432644584667,-5.55614582120612e-14
1,LUT,1.118,0.148352986419518,0.075971259231975,0.0115432644584163,0.0115432644584667,-5.03902475301743e-14
1,LUT,1.12,0.148352986419518,0.0759712592319389,0.011543264458421,0.0115432644584667,-4.56717996755174e-14
1,LUT,1.122,0.148352986419518,0.075971259231906,0.0115432644584253,0.0115432644584667,-4.13818285194267e-14
1,LUT,1.124,0.148352986419518,0.0759712592318762,0.0115432644584292,0.0115432644584667,-3.74925784862867e-14
1,LUT,1.126,0.148352986419518,0.0759712592318493,0.0115432644584327,0.0115432644584667,-3.39676203831019e-14
1,LUT,1.128,0.148352986419518,0.0759712592318249,0.0115432644584359,0.0115432644584667,-3.07791986342565e-14
1,LUT,1.13,0.148352986419518,0.0759712592318028,0.0115432644584388,0.0115432644584667,-2.7901292387611e-14
1,LUT,1.132,0.148352986419518,0.0759712592317829,0.0115432644584414,0.0115432644584667,-2.52992071736458e-14
1,LUT,1.134,0.148352986419518,0.0759712592317649,0.0115432644584437,0.0115432644584667,-2.29486568636972e-14
1,LUT,1.136,0.148352986419518,0.0759712592317486,0.0115432644584458,0.0115432644584667,-2.08166817117217e-14
1,LUT,1.138,0.148352986419518,0.0759712592317337,0.0115432644584478,0.0115432644584667,-1.88789955890556e-14
1,LUT,1.14,0.148352986419518,0.0759712592317202,0.0115432644584495,0.0115432644584667,-1.71130470905112e-14
1,LUT,1.142,0.148352986419518,0.0759712592317079,0.0115432644584512,0.0115432644584667,-1.55049584282807e-14
1,LUT,1.144,0.148352986419518,0.0759712592316968,0.0115432644584526,0.0115432644584667,-1.40477907084602e-14
1,LUT,1.146,0.148352986419518,0.0759712592316866,0.0115432644584539,0.0115432644584667,-1.27276661432418e-14
1,LUT,1.148,0.148352986419518,0.0759712592316775,0.0115432644584551,0.0115432644584667,-1.15324416682938e-14
1,LUT,1.15,0.148352986419518,0.0759712592316692,0.0115432644584562,0.0115432644584667,-1.04534436662362e-14
1,LUT,1.152,0.148352986419518,0.0759712592316618,0.0115432644584572,0.0115432644584667,-9.47852907273727e-15
1,LUT,1.154,0.148352986419518,0.075971259231655,0.0115432644584581,0.0115432644584667,-8.59728954694106e-15
1,LUT,1.156,0.148352986419518,0.0759712592316489,0.0115432644584589,0.0115432644584667,-7.79931674799172e-15
1,LUT,1.158,0.148352986419518,0.0759712592316434,0.0115432644584596,0.0115432644584667,-7.07246761155744e-15
1,LUT,1.16,0.148352986419518,0.0759712592316383,0.0115432644584602,0.0115432644584667,-6.41153796721028e-15
1,LUT,1.162,0.148352986419518,0.0759712592316337,0.0115432644584608,0.0115432644584667,-5.80958892104633e-15
1,LUT,1.164,0.148352986419518,0.0759712592316295,0.0115432644584614,0.0115432644584667,-5.26141630263766e-15
1,LUT,1.166,0.148352986419518,0.0759712592316257,0.0115432644584619,0.0115432644584667,-4.76702011198427e-15
1,LUT,1.168,0.148352986419518,0.0759712592316223,0.0115432644584623,0.0115432644584667,-4.32119617865823e-15
1,LUT,1.17,0.148352986419518,0.0759712592316192,0.0115432644584627,0.0115432644584667,-3.91700560875563e-15
1,LUT,1.172,0.148352986419518,0.0759712592316164,0.0115432644584631,0.0115432644584667,-3.55097895532452e-15
1,LUT,1.174,0.148352986419518,0.0759712592316139,0.0115432644584634,0.0115432644584667,-3.22138149488893e-15
1,LUT,1.176,0.148352986419518,0.0759712592316116,0.0115432644584637,0.0115432644584667,-2.92127433354494e-15
1,LUT,1.178,0.148352986419518,0.0759712592316095,0.011543264458464,0.0115432644584667,-2.65065747129256e-15
1,LUT,1.18,0.148352986419518,0.0759712592316076,0.0115432644584643,0.0115432644584667,-2.40432673770385e-15
1,LUT,1.182,0.148352986419518,0.0759712592316059,0.0115432644584645,0.0115432644584667,-2.17707796235089e-15
1,LUT,1.184,0.148352986419518,0.0759712592316043,0.0115432644584647,0.0115432644584667,-1.97238059218563e-15
1,LUT,1.186,0.148352986419518,0.0759712592316029,0.0115432644584649,0.0115432644584667,-1.78676518025611e-15
1,LUT,1.188,0.148352986419518,0.0759712592316016,0.011543264458465,0.0115432644584667,-1.61849700308636e-15
1,LUT,1.19,0.148352986419518,0.0759712592316004,0.0115432644584652,0.0115432644584667,-1.46757606067638e-15
1,LUT,1.192,0.148352986419518,0.0759712592315994,0.0115432644584653,0.0115432644584667,-1.33053290607421e-15
1,LUT,1.194,0.148352986419518,0.0759712592315984,0.0115432644584654,0.0115432644584667,-1.20736753927986e-15
1,LUT,1.196,0.148352986419518,0.0759712592315976,0.0115432644584656,0.0115432644584667,-1.09461051334137e-15
1,LUT,1.198,0.148352986419518,0.0759712592315968,0.0115432644584657,0.0115432644584667,-9.9399655173471e-16
1,LUT,1.2,0.148352986419518,0.0759712592315961,0.0115432644584658,0.0115432644584667,-8.98586760555986e-16
1,LUT,1.202,0.148352986419518,0.0759712592315955,0.0115432644584658,0.0115432644584667,-8.15320033709099e-16
1,LUT,1.204,0.148352986419518,0.0759712592315949,0.0115432644584659,0.0115432644584667,-7.3899220076612e-16
1,LUT,1.206,0.148352986419518,0.0759712592315943,0.011543264458466,0.0115432644584667,-6.69603261727048e-16
1,LUT,1.208,0.148352986419518,0.0759712592315939,0.011543264458466,0.0115432644584667,-6.07153216591882e-16
1,LUT,1.21,0.148352986419518,0.0759712592315934,0.0115432644584661,0.0115432644584667,-5.49907341884648e-16
1,LUT,1.212,0.148352986419518,0.075971259231593,0.0115432644584662,0.0115432644584667,-4.97865637605344e-16
1,LUT,1.214,0.148352986419518,0.0759712592315927,0.0115432644584662,0.0115432644584667,-4.5102810375397e-16
1,LUT,1.216,0.148352986419518,0.0759712592315923,0.0115432644584662,0.0115432644584667,-4.09394740330526e-16
1,LUT,1.218,0.148352986419518,0.0759712592315921,0.0115432644584663,0.0115432644584667,-3.71230823859037e-16
1,LUT,1.22,0.148352986419518,0.0759712592315918,0.0115432644584663,0.0115432644584667,-3.34801630863524e-16
1,LUT,1.222,0.148352986419518,0.0759712592315915,0.0115432644584664,0.0115432644584667,-3.05311331771918e-16
1,LUT,1.224,0.148352986419518,0.0759712592315913,0.0115432644584664,0.0115432644584667,-2.75821032680312e-16
1,LUT,1.226,0.148352986419518,0.0759712592315911,0.0115432644584664,0.0115432644584667,-2.4980018054066e-16
1,LUT,1.228,0.148352986419518,0.0759712592315909,0.0115432644584664,0.0115432644584667,-2.27248775352962e-16
1,LUT,1.23,0.148352986419518,0.0759712592315908,0.0115432644584665,0.0115432644584667,-2.04697370165263e-16
1,LUT,1.232,0.148352986419518,0.0759712592315906,0.0115432644584665,0.0115432644584667,-1.87350135405495e-16
1,LUT,1.234,0.148352986419518,0.0759712592315905,0.0115432644584665,0.0115432644584667,-1.6826817716975e-16
1,LUT,1.236,0.148352986419518,0.0759712592315904,0.0115432644584665,0.0115432644584667,-1.54390389361936e-16
1,LUT,1.238,0.148352986419518,0.0759712592315903,0.0115432644584665,0.0115432644584667,-1.38777878078145e-16
1,LUT,1.24,0.148352986419518,0.0759712592315902,0.0115432644584665,0.0115432644584667,-1.2490009027033e-16
1,LUT,1.242,0.148352986419518,0.0759712592315901,0.0115432644584665,0.0115432644584667,-1.14491749414469e-16
1,LUT,1.244,0.148352986419518,0.07597125923159,0.0115432644584666,0.0115432644584667,-1.04083408558608e-16
1,LUT,1.246,0.148352986419518,0.0759712592315899,0.0115432644584666,0.0115432644584667,-9.19403442267708e-17
1,LUT,1.248,0.148352986419518,0.0759712592315898,0.0115432644584666,0.0115432644584667,-8.32667268468867e-17
1,LUT,1.25,0.148352986419518,0.0759712592315898,0.0115432644584666,0.0115432644584667,-7.63278329429795e-17
1,LUT,1.252,0.148352986419518,0.0759712592315897,0.0115432644584666,0.0115432644584667,-6.93889390390723e-17
1,LUT,1.254,0.148352986419518,0.0759712592315897,0.0115432644584666,0.0115432644584667,-6.41847686111419e-17
1,LUT,1.256,0.148352986419518,0.0759712592315896,0.0115432644584666,0.0115432644584667,-5.72458747072346e-17
1,LUT,1.258,0.148352986419518,0.0759712592315896,0.0115432644584666,0.0115432644584667,-5.20417042793042e-17
1,LUT,1.26,0.148352986419518,0.0759712592315896,0.0115432644584666,0.0115432644584667,-4.68375338513738e-17
1,LUT,1.262,0.148352986419518,0.0759712592315895,0.0115432644584666,0.0115432644584667,-4.33680868994202e-17
1,LUT,1.264,0.148352986419518,0.0759712592315895,0.0115432644584666,0.0115432644584667,-3.98986399474666e-17
1,LUT,1.266,0.148352986419518,0.0759712592315895,0.0115432644584666,0.0115432644584667,-3.64291929955129e-17
1,LUT,1.268,0.148352986419518,0.0759712592315895,0.0115432644584666,0.0115432644584667,-3.29597460435593e-17
1,LUT,1.27,0.148352986419518,0.0759712592315894,0.0115432644584666,0.0115432644584667,-2.94902990916057e-17
1,LUT,1.272,0.148352986419518,0.0759712592315894,0.0115432644584666,0.0115432644584667,-2.60208521396521e-17
1,LUT,1.274,0.148352986419518,0.0759712592315894,0.0115432644584666,0.0115432644584667,-2.42861286636753e-17
1,LUT,1.276,0.148352986419518,0.0759712592315894,0.0115432644584666,0.0115432644584667,-2.25514051876985e-17
1,LUT,1.278,0.148352986419518,0.0759712592315894,0.0115432644584666,0.0115432644584667,-1.90819582357449e-17
1,LUT,1.28,0.148352986419518,0.0759712592315893,0.0115432644584666,0.0115432644584667,-1.56125112837913e-17
1,LUT,1.282,0.148352986419518,0.0759712592315893,0.0115432644584666,0.0115432644584667,-1.38777878078145e-17
1,LUT,1.284,0.148352986419518,0.0759712592315893,0.0115432644584666,0.0115432644584667,-1.38777878078145e-17
1,LUT,1.286,0.148352986419518,0.0759712592315893,0.0115432644584666,0.0115432644584667,-1.21430643318376e-17
1,LUT,1.288,0.148352986419518,0.0759712592315893,0.0115432644584666,0.0115432644584667,-1.04083408558608e-17
1,LUT,1.29,0.148352986419518,0.0759712592315893,0.0115432644584666,0.0115432644584667,-1.04083408558608e-17
1,LUT,1.292,0.148352986419518,0.0759712592315893,0.0115432644584666,0.0115432644584667,-8.67361737988404e-18
1,LUT,1.294,0.148352986419518,0.0759712592315893,0.0115432644584666,0.0115432644584667,-8.67361737988404e-18
1,LUT,1.296,0.148352986419518,0.0759712592315893,0.0115432644584666,0.0115432644584667,-6.93889390390723e-18
1,LUT,1.298,0.148352986419518,0.0759712592315893,0.0115432644584666,0.0115432644584667,-6.93889390390723e-18
1,LUT,1.3,0.148352986419518,0.0759712592315893,0.0115432644584666,0.0115432644584667,-6.93889390390723e-18
1,LUT,1.302,0.148352986419518,0.0759712592315892,0.0115432644584667,0.0115432644584667,-5.20417042793042e-18
1,LUT,1.304,0.148352986419518,0.0759712592315892,0.0115432644584667,0.0115432644584667,-5.20417042793042e-18
1,LUT,1.306,0.148352986419518,0.0759712592315892,0.0115432644584667,0.0115432644584667,-5.20417042793042e-18
1,LUT,1.308,0.148352986419518,0.0759712592315892,0.0115432644584667,0.0115432644584667,-5.20417042793042e-18
1,LUT,1.31,0.148352986419518,0.0759712592315892,0.0115432644584667,0.0115432644584667,-3.46944695195361e-18
1,LUT,1.312,0.148352986419518,0.0759712592315892,0.0115432644584667,0.0115432644584667,-3.46944695195361e-18
1,LUT,1.314,0.148352986419518,0.0759712592315892,0.0115432644584667,0.0115432644584667,-3.46944695195361e-18
1,LUT,1.316,0.148352986419518,0.0759712592315892,0.0115432644584667,0.0115432644584667,-3.46944695195361e-18
1,LUT,1.318,0.148352986419518,0.0759712592315892,0.0115432644584667,0.0115432644584667,-3.46944695195361e-18
1,LUT,1.32,0.148352986419518,0.0759712592315892,0.0115432644584667,0.0115432644584667,-3.46944695195361e-18
1,LUT,1.322,0.148352986419518,0.0759712592315892,0.0115432644584667,0.0115432644584667,-3.46944695195361e-18
1,LUT,1.324,0.148352986419518,0.0759712592315892,0.0115432644584667,0.0115432644584667,-3.46944695195361e-18
1,LUT,1.326,0.148352986419518,0.0759712592315892,0.0115432644584667,0.0115432644584667,-3.46944695195361e-18
1,LUT,1.328,0.148352986419518,0.0759712592315892,0.0115432644584667,0.0115432644584667,-1.73472347597681e-18
1,LUT,1.33,0.148352986419518,0.0759712592315892,0.0115432644584667,0.0115432644584667,-1.73472347597681e-18
1,LUT,1.332,0.148352986419518,0.0759712592315892,0.0115432644584667,0.0115432644584667,-1.73472347597681e-18
1,LUT,1.334,0.148352986419518,0.0759712592315892,0.0115432644584667,0.0115432644584667,-1.73472347597681e-18
1,LUT,1.336,0.148352986419518,0.0759712592315892,0.0115432644584667,0.0115432644584667,-1.73472347597681e-18
1,LUT,1.338,0.148352986419518,0.0759712592315892,0.0115432644584667,0.0115432644584667,-1.73472347597681e-18
1,LUT,1.34,0.148352986419518,0.0759712592315892,0.0115432644584667,0.0115432644584667,-1.73472347597681e-18
1,LUT,1.342,0.148352986419518,0.0759712592315892,0.0115432644584667,0.0115432644584667,-1.73472347597681e-18
1,LUT,1.344,0.148352986419518,0.0759712592315892,0.0115432644584667,0.0115432644584667,-1.73472347597681e-18
1,LUT,1.346,0.148352986419518,0.0759712592315892,0.0115432644584667,0.0115432644584667,-1.73472347597681e-18
1,LUT,1.348,0.148352986419518,0.0759712592315892,0.0115432644584667,0.0115432644584667,-1.73472347597681e-18
1,LUT,1.35,0.148352986419518,0.0759712592315892,0.0115432644584667,0.0115432644584667,-1.73472347597681e-18
1,LUT,1.352,0.148352986419518,0.0759712592315892,0.0115432644584667,0.0115432644584667,-1.73472347597681e-18
1,LUT,1.354,0.148352986419518,0.0759712592315892,0.0115432644584667,0.0115432644584667,-1.73472347597681e-18
1,LUT,1.356,0.148352986419518,0.0759712592315892,0.0115432644584667,0.0115432644584667,-1.73472347597681e-18
1,LUT,1.358,0.148352986419518,0.0759712592315892,0.0115432644584667,0.0115432644584667,-1.73472347597681e-18
1,LUT,1.36,0.148352986419518,0.0759712592315892,0.0115432644584667,0.0115432644584667,-1.73472347597681e-18
1,LUT,1.362,0.148352986419518,0.0759712592315892,0.0115432644584667,0.0115432644584667,-1.73472347597681e-18
1,LUT,1.364,0.148352986419518,0.0759712592315892,0.0115432644584667,0.0115432644584667,-1.73472347597681e-18
1,LUT,1.366,0.148352986419518,0.0759712592315892,0.0115432644584667,0.0115432644584667,-1.73472347597681e-18
1,LUT,1.368,0.148352986419518,0.0759712592315892,0.0115432644584667,0.0115432644584667,-1.73472347597681e-18
1,LUT,1.37,0.148352986419518,0.0759712592315892,0.0115432644584667,0.0115432644584667,-1.73472347597681e-18
1,LUT,1.372,0.148352986419518,0.0759712592315892,0.0115432644584667,0.0115432644584667,-1.73472347597681e-18
1,LUT,1.374,0.148352986419518,0.0759712592315892,0.0115432644584667,0.0115432644584667,-1.73472347597681e-18
1,LUT,1.376,0.148352986419518,0.0759712592315892,0.0115432644584667,0.0115432644584667,-1.73472347597681e-18
1,LUT,1.378,0.148352986419518,0.0759712592315892,0.0115432644584667,0.0115432644584667,-1.73472347597681e-18
1,LUT,1.38,0.148352986419518,0.0759712592315892,0.0115432644584667,0.0115432644584667,-1.73472347597681e-18
1,LUT,1.382,0.148352986419518,0.0759712592315892,0.0115432644584667,0.0115432644584667,-1.73472347597681e-18
1,LUT,1.384,0.148352986419518,0.0759712592315892,0.0115432644584667,0.0115432644584667,-1.73472347597681e-18
1,LUT,1.386,0.148352986419518,0.0759712592315892,0.0115432644584667,0.0115432644584667,-1.73472347597681e-18
1,LUT,1.388,0.148352986419518,0.0759712592315892,0.0115432644584667,0.0115432644584667,-1.73472347597681e-18
1,LUT,1.39,0.148352986419518,0.0759712592315892,0.0115432644584667,0.0115432644584667,-1.73472347597681e-18
1,LUT,1.392,0.148352986419518,0.0759712592315892,0.0115432644584667,0.0115432644584667,-1.73472347597681e-18
1,LUT,1.394,0.148352986419518,0.0759712592315892,0.0115432644584667,0.0115432644584667,-1.73472347597681e-18
1,LUT,1.396,0.148352986419518,0.0759712592315892,0.0115432644584667,0.0115432644584667,-1.73472347597681e-18
1,LUT,1.398,0.148352986419518,0.0759712592315892,0.0115432644584667,0.0115432644584667,-1.73472347597681e-18
1,LUT,1.4,0.148352986419518,0.0759712592315892,0.0115432644584667,0.0115432644584667,-1.73472347597681e-18
1,LUT,1.402,0.148352986419518,0.0759712592315892,0.0115432644584667,0.0115432644584667,-1.73472347597681e-18
1,LUT,1.404,0.148352986419518,0.0759712592315892,0.0115432644584667,0.0115432644584667,-1.73472347597681e-18
1,LUT,1.406,0.148352986419518,0.0759712592315892,0.0115432644584667,0.0115432644584667,-1.73472347597681e-18
1,LUT,1.408,0.148352986419518,0.0759712592315892,0.0115432644584667,0.0115432644584667,-1.73472347597681e-18
1,LUT,1.41,0.148352986419518,0.0759712592315892,0.0115432644584667,0.0115432644584667,-1.73472347597681e-18
1,LUT,1.412,0.148352986419518,0.0759712592315892,0.0115432644584667,0.0115432644584667,-1.73472347597681e-18
1,LUT,1.414,0.148352986419518,0.0759712592315892,0.0115432644584667,0.0115432644584667,-1.73472347597681e-18
1,LUT,1.416,0.148352986419518,0.0759712592315892,0.0115432644584667,0.0115432644584667,-1.73472347597681e-18
1,LUT,1.418,0.148352986419518,0.0759712592315892,0.0115432644584667,0.0115432644584667,-1.73472347597681e-18
1,LUT,1.42,0.148352986419518,0.0759712592315892,0.0115432644584667,0.0115432644584667,-1.73472347597681e-18
1,LUT,1.422,0.148352986419518,0.0759712592315892,0.0115432644584667,0.0115432644584667,-1.73472347597681e-18
1,LUT,1.424,0.148352986419518,0.0759712592315892,0.0115432644584667,0.0115432644584667,-1.73472347597681e-18
1,LUT,1.426,0.148352986419518,0.0759712592315892,0.0115432644584667,0.0115432644584667,-1.73472347597681e-18
1,LUT,1.428,0.148352986419518,0.0759712592315892,0.0115432644584667,0.0115432644584667,-1.73472347597681e-18
1,LUT,1.43,0.148352986419518,0.0759712592315892,0.0115432644584667,0.0115432644584667,-1.73472347597681e-18
1,LUT,1.432,0.148352986419518,0.0759712592315892,0.0115432644584667,0.0115432644584667,-1.73472347597681e-18
1,LUT,1.434,0.148352986419518,0.0759712592315892,0.0115432644584667,0.0115432644584667,-1.73472347597681e-18
1,LUT,1.436,0.148352986419518,0.0759712592315892,0.0115432644584667,0.0115432644584667,-1.73472347597681e-18
1,LUT,1.438,0.148352986419518,0.0759712592315892,0.0115432644584667,0.0115432644584667,-1.73472347597681e-18
1,LUT,1.44,0.148352986419518,0.0759712592315892,0.0115432644584667,0.0115432644584667,-1.73472347597681e-18
1,LUT,1.442,0.148352986419518,0.0759712592315892,0.0115432644584667,0.0115432644584667,-1.73472347597681e-18
1,LUT,1.444,0.148352986419518,0.0759712592315892,0.0115432644584667,0.0115432644584667,-1.73472347597681e-18
1,LUT,1.446,0.148352986419518,0.0759712592315892,0.0115432644584667,0.0115432644584667,-1.73472347597681e-18
1,LUT,1.448,0.148352986419518,0.0759712592315892,0.0115432644584667,0.0115432644584667,-1.73472347597681e-18
1,LUT,1.45,0.148352986419518,0.0759712592315892,0.0115432644584667,0.0115432644584667,-1.73472347597681e-18
1,LUT,1.452,0.148352986419518,0.0759712592315892,0.0115432644584667,0.0115432644584667,-1.73472347597681e-18
1,LUT,1.454,0.148352986419518,0.0759712592315892,0.0115432644584667,0.0115432644584667,-1.73472347597681e-18
1,LUT,1.456,0.148352986419518,0.0759712592315892,0.0115432644584667,0.0115432644584667,-1.73472347597681e-18
1,LUT,1.458,0.148352986419518,0.0759712592315892,0.0115432644584667,0.0115432644584667,-1.73472347597681e-18
1,LUT,1.46,0.148352986419518,0.0759712592315892,0.0115432644584667,0.0115432644584667,-1.73472347597681e-18
1,LUT,1.462,0.148352986419518,0.0759712592315892,0.0115432644584667,0.0115432644584667,-1.73472347597681e-18
1,LUT,1.464,0.148352986419518,0.0759712592315892,0.0115432644584667,0.0115432644584667,-1.73472347597681e-18
1,LUT,1.466,0.148352986419518,0.0759712592315892,0.0115432644584667,0.0115432644584667,-1.73472347597681e-18
1,LUT,1.468,0.148352986419518,0.0759712592315892,0.0115432644584667,0.0115432644584667,-1.73472347597681e-18
1,LUT,1.47,0.148352986419518,0.0759712592315892,0.0115432644584667,0.0115432644584667,-1.73472347597681e-18
1,LUT,1.472,0.148352986419518,0.0759712592315892,0.0115432644584667,0.0115432644584667,-1.73472347597681e-18
1,LUT,1.474,0.148352986419518,0.0759712592315892,0.0115432644584667,0.0115432644584667,-1.73472347597681e-18
1,LUT,1.476,0.148352986419518,0.0759712592315892,0.0115432644584667,0.0115432644584667,-1.73472347597681e-18
1,LUT,1.478,0.148352986419518,0.0759712592315892,0.0115432644584667,0.0115432644584667,-1.73472347597681e-18
1,LUT,1.48,0.148352986419518,0.0759712592315892,0.0115432644584667,0.0115432644584667,-1.73472347597681e-18
1,LUT,1.482,0.148352986419518,0.0759712592315892,0.0115432644584667,0.0115432644584667,-1.73472347597681e-18
1,LUT,1.484,0.148352986419518,0.0759712592315892,0.0115432644584667,0.0115432644584667,-1.73472347597681e-18
1,LUT,1.486,0.148352986419518,0.0759712592315892,0.0115432644584667,0.0115432644584667,-1.73472347597681e-18
1,LUT,1.488,0.148352986419518,0.0759712592315892,0.0115432644584667,0.0115432644584667,-1.73472347597681e-18
1,LUT,1.49,0.148352986419518,0.0759712592315892,0.0115432644584667,0.0115432644584667,-1.73472347597681e-18
1,LUT,1.492,0.148352986419518,0.0759712592315892,0.0115432644584667,0.0115432644584667,-1.73472347597681e-18
1,LUT,1.494,0.148352986419518,0.0759712592315892,0.0115432644584667,0.0115432644584667,-1.73472347597681e-18
1,LUT,1.496,0.148352986419518,0.0759712592315892,0.0115432644584667,0.0115432644584667,-1.73472347597681e-18
1,LUT,1.498,0.148352986419518,0.0759712592315892,0.0115432644584667,0.0115432644584667,-1.73472347597681e-18
1,LUT,1.5,0.148352986419518,0.0759712592315892,0.0115432644584667,0.0115432644584667,-1.73472347597681e-18
1,LTI_EXACT,0,0.148352986419518,0.0759712592315892,0.0115432644584667,0.0115432644584667,0
1,LTI_EXACT,0.002,0.148352986419518,0.0759712592315892,0.0115432644584667,0.0115432644584667,0
1,LTI_EXACT,0.004,0.148352986419518,0.0759712592315892,0.0115432644584667,0.0115432644584667,0
1,LTI_EXACT,0.006,0.148352986419518,0.0759712592315892,0.0115432644584667,0.0115432644584667,0
1,LTI_EXACT,0.008,0.148352986419518,0.0759712592315892,0.0115432644584667,0.0115432644584667,0
1,LTI_EXACT,0.01,0.148352986419518,0.0759712592315892,0.0115432644584667,0.0115432644584667,0
1,LTI_EXACT,0.012,0.148352986419518,0.0759712592315892,0.0115432644584667,0.0115432644584667,0
1,LTI_EXACT,0.014,0.148352986419518,0.0759712592315892,0.0115432644584667,0.0115432644584667,0
1,LTI_EXACT,0.016,0.148352986419518,0.0759712592315892,0.0115432644584667,0.0115432644584667,0
1,LTI_EXACT,0.018,0.148352986419518,0.0759712592315892,0.0115432644584667,0.0115432644584667,0
1,LTI_EXACT,0.02,0.148352986419518,0.0759712592315892,0.0115432644584667,0.0115432644584667,0
1,LTI_EXACT,0.022,0.148352986419518,0.0759712592315892,0.0115432644584667,0.0115432644584667,0
1,LTI_EXACT,0.024,0.148352986419518,0.0759712592315892,0.0115432644584667,0.0115432644584667,0
1,LTI_EXACT,0.026,0.148352986419518,0.0759712592315892,0.0115432644584667,0.0115432644584667,0
1,LTI_EXACT,0.028,0.148352986419518,0.0759712592315892,0.0115432644584667,0.0115432644584667,0
1,LTI_EXACT,0.03,0.148352986419518,0.0759712592315892,0.0115432644584667,0.0115432644584667,0
1,LTI_EXACT,0.032,0.148352986419518,0.0759712592315892,0.0115432644584667,0.0115432644584667,0
1,LTI_EXACT,0.034,0.148352986419518,0.0759712592315892,0.0115432644584667,0.0115432644584667,0
1,LTI_EXACT,0.036,0.148352986419518,0.0759712592315892,0.0115432644584667,0.0115432644584667,0
1,LTI_EXACT,0.038,0.148352986419518,0.0759712592315892,0.0115432644584667,0.0115432644584667,0
1,LTI_EXACT,0.04,0.148352986419518,0.0759712592315892,0.0115432644584667,0.0115432644584667,0
1,LTI_EXACT,0.042,0.148352986419518,0.0759712592315892,0.0115432644584667,0.0115432644584667,0
1,LTI_EXACT,0.044,0.148352986419518,0.0759712592315892,0.0115432644584667,0.0115432644584667,0
1,LTI_EXACT,0.046,0.148352986419518,0.0759712592315892,0.0115432644584667,0.0115432644584667,0
1,LTI_EXACT,0.048,0.148352986419518,0.0759712592315892,0.0115432644584667,0.0115432644584667,0
1,LTI_EXACT,0.05,0.148352986419518,0.0759712592315892,0.0115432644584667,0.0115432644584667,0
1,LTI_EXACT,0.052,0.148352986419518,0.0759712592315892,0.0115432644584667,0.0115432644584667,0
1,LTI_EXACT,0.054,0.148352986419518,0.0759712592315892,0.0115432644584667,0.0115432644584667,0
1,LTI_EXACT,0.056,0.148352986419518,0.0759712592315892,0.0115432644584667,0.0115432644584667,0
1,LTI_EXACT,0.058,0.148352986419518,0.0759712592315892,0.0115432644584667,0.0115432644584667,0
1,LTI_EXACT,0.06,0.148352986419518,0.0759712592315892,0.0115432644584667,0.0115432644584667,0
1,LTI_EXACT,0.062,0.148352986419518,0.0759712592315892,0.0115432644584667,0.0115432644584667,0
1,LTI_EXACT,0.064,0.148352986419518,0.0759712592315892,0.0115432644584667,0.0115432644584667,0
1,LTI_EXACT,0.066,0.148352986419518,0.0759712592315892,0.0115432644584667,0.0115432644584667,0
1,LTI_EXACT,0.068,0.148352986419518,0.0759712592315892,0.0115432644584667,0.0115432644584667,0
1,LTI_EXACT,0.07,0.148352986419518,0.0759712592315892,0.0115432644584667,0.0115432644584667,0
1,LTI_EXACT,0.072,0.148352986419518,0.0759712592315892,0.0115432644584667,0.0115432644584667,0
1,LTI_EXACT,0.074,0.148352986419518,0.0759712592315892,0.0115432644584667,0.0115432644584667,0
1,LTI_EXACT,0.076,0.148352986419518,0.0759712592315892,0.0115432644584667,0.0115432644584667,0
1,LTI_EXACT,0.078,0.148352986419518,0.0759712592315892,0.0115432644584667,0.0115432644584667,0
1,LTI_EXACT,0.08,0.148352986419518,0.0759712592315892,0.0115432644584667,0.0115432644584667,0
1,LTI_EXACT,0.082,0.148352986419518,0.0759712592315892,0.0115432644584667,0.0115432644584667,0
1,LTI_EXACT,0.084,0.148352986419518,0.0759712592315892,0.0115432644584667,0.0115432644584667,0
1,LTI_EXACT,0.086,0.148352986419518,0.0759712592315892,0.0115432644584667,0.0115432644584667,0
1,LTI_EXACT,0.088,0.148352986419518,0.0759712592315892,0.0115432644584667,0.0115432644584667,0
1,LTI_EXACT,0.09,0.148352986419518,0.0759712592315892,0.0115432644584667,0.0115432644584667,0
1,LTI_EXACT,0.092,0.148352986419518,0.0759712592315892,0.0115432644584667,0.0115432644584667,0
1,LTI_EXACT,0.094,0.148352986419518,0.0759712592315892,0.0115432644584667,0.0115432644584667,0
1,LTI_EXACT,0.096,0.148352986419518,0.0759712592315892,0.0115432644584667,0.0115432644584667,0
1,LTI_EXACT,0.098,0.148352986419518,0.0759712592315892,0.0115432644584667,0.0115432644584667,0
1,LTI_EXACT,0.1,0.148352986419518,0.0759712592315892,0.0115432644584667,0.0115432644584667,0
1,LTI_EXACT,0.102,0.148352986419518,0.0759712592315892,0.0115432644584667,0.0115432644584667,0
1,LTI_EXACT,0.104,0.148352986419518,0.0759712592315892,0.0115432644584667,0.0115432644584667,0
1,LTI_EXACT,0.106,0.148352986419518,0.0759712592315892,0.0115432644584667,0.0115432644584667,0
1,LTI_EXACT,0.108,0.148352986419518,0.0759712592315892,0.0115432644584667,0.0115432644584667,0
1,LTI_EXACT,0.11,0.148352986419518,0.0759712592315892,0.0115432644584667,0.0115432644584667,0
1,LTI_EXACT,0.112,0.148352986419518,0.0759712592315892,0.0115432644584667,0.0115432644584667,0
1,LTI_EXACT,0.114,0.148352986419518,0.0759712592315892,0.0115432644584667,0.0115432644584667,0
1,LTI_EXACT,0.116,0.148352986419518,0.0759712592315892,0.0115432644584667,0.0115432644584667,0
1,LTI_EXACT,0.118,0.148352986419518,0.0759712592315892,0.0115432644584667,0.0115432644584667,0
1,LTI_EXACT,0.12,0.148352986419518,0.0759712592315892,0.0115432644584667,0.0115432644584667,0
1,LTI_EXACT,0.122,0.148352986419518,0.0759712592315892,0.0115432644584667,0.0115432644584667,0
1,LTI_EXACT,0.124,0.148352986419518,0.0759712592315892,0.0115432644584667,0.0115432644584667,0
1,LTI_EXACT,0.126,0.148352986419518,0.0759712592315892,0.0115432644584667,0.0115432644584667,0
1,LTI_EXACT,0.128,0.148352986419518,0.0759712592315892,0.0115432644584667,0.0115432644584667,0
1,LTI_EXACT,0.13,0.148352986419518,0.0759712592315892,0.0115432644584667,0.0115432644584667,0
1,LTI_EXACT,0.132,0.148352986419518,0.0759712592315892,0.0115432644584667,0.0115432644584667,0
1,LTI_EXACT,0.134,0.148352986419518,0.0759712592315892,0.0115432644584667,0.0115432644584667,0
1,LTI_EXACT,0.136,0.148352986419518,0.0759712592315892,0.0115432644584667,0.0115432644584667,0
1,LTI_EXACT,0.138,0.148352986419518,0.0759712592315892,0.0115432644584667,0.0115432644584667,0
1,LTI_EXACT,0.14,0.148352986419518,0.0759712592315892,0.0115432644584667,0.0115432644584667,0
1,LTI_EXACT,0.142,0.148352986419518,0.0759712592315892,0.0115432644584667,0.0115432644584667,0
1,LTI_EXACT,0.144,0.148352986419518,0.0759712592315892,0.0115432644584667,0.0115432644584667,0
1,LTI_EXACT,0.146,0.148352986419518,0.0759712592315892,0.0115432644584667,0.0115432644584667,0
1,LTI_EXACT,0.148,0.148352986419518,0.0759712592315892,0.0115432644584667,0.0115432644584667,0
1,LTI_EXACT,0.15,0.148352986419518,0.0759712592315892,0.0115432644584667,0.0115432644584667,0
1,LTI_EXACT,0.152,0.148352986419518,0.0759712592315892,0.0115432644584667,0.0115432644584667,0
1,LTI_EXACT,0.154,0.148352986419518,0.0759712592315892,0.0115432644584667,0.0115432644584667,0
1,LTI_EXACT,0.156,0.148352986419518,0.0759712592315892,0.0115432644584667,0.0115432644584667,0
1,LTI_EXACT,0.158,0.148352986419518,0.0759712592315892,0.0115432644584667,0.0115432644584667,0
1,LTI_EXACT,0.16,0.148352986419518,0.0759712592315892,0.0115432644584667,0.0115432644584667,0
1,LTI_EXACT,0.162,0.148352986419518,0.0759712592315892,0.0115432644584667,0.0115432644584667,0
1,LTI_EXACT,0.164,0.148352986419518,0.0759712592315892,0.0115432644584667,0.0115432644584667,0
1,LTI_EXACT,0.166,0.148352986419518,0.0759712592315892,0.0115432644584667,0.0115432644584667,0
1,LTI_EXACT,0.168,0.148352986419518,0.0759712592315892,0.0115432644584667,0.0115432644584667,0
1,LTI_EXACT,0.17,0.148352986419518,0.0759712592315892,0.0115432644584667,0.0115432644584667,0
1,LTI_EXACT,0.172,0.148352986419518,0.0759712592315892,0.0115432644584667,0.0115432644584667,0
1,LTI_EXACT,0.174,0.148352986419518,0.0759712592315892,0.0115432644584667,0.0115432644584667,0
1,LTI_EXACT,0.176,0.148352986419518,0.0759712592315892,0.0115432644584667,0.0115432644584667,0
1,LTI_EXACT,0.178,0.148352986419518,0.0759712592315892,0.0115432644584667,0.0115432644584667,0
1,LTI_EXACT,0.18,0.148352986419518,0.0759712592315892,0.0115432644584667,0.0115432644584667,0
1,LTI_EXACT,0.182,0.148352986419518,0.0759712592315892,0.0115432644584667,0.0115432644584667,0
1,LTI_EXACT,0.184,0.148352986419518,0.0759712592315892,0.0115432644584667,0.0115432644584667,0
1,LTI_EXACT,0.186,0.148352986419518,0.0759712592315892,0.0115432644584667,0.0115432644584667,0
1,LTI_EXACT,0.188,0.148352986419518,0.0759712592315892,0.0115432644584667,0.0115432644584667,0
1,LTI_EXACT,0.19,0.148352986419518,0.0759712592315892,0.0115432644584667,0.0115432644584667,0
1,LTI_EXACT,0.192,0.148352986419518,0.0759712592315892,0.0115432644584667,0.0115432644584667,0
1,LTI_EXACT,0.194,0.148352986419518,0.0759712592315892,0.0115432644584667,0.0115432644584667,0
1,LTI_EXACT,0.196,0.148352986419518,0.0759712592315892,0.0115432644584667,0.0115432644584667,0
1,LTI_EXACT,0.198,0.148352986419518,0.0759712592315892,0.0115432644584667,0.0115432644584667,0
1,LTI_EXACT,0.2,0.150098315671512,0.0759712592315892,0.0116809425707319,0.0116399067566197,4.10358141121874e-05
1,LTI_EXACT,0.202,0.150098315671512,0.0760009211978128,0.0116770802233322,0.0116399067566197,3.71734667124913e-05
1,LTI_EXACT,0.204,0.150098315671512,0.0760278090653459,0.0116735790971941,0.0116399067566197,3.36723405744803e-05
1,LTI_EXACT,0.206,0.150098315671512,0.0760521822783363,0.0116704054095463,0.0116399067566197,3.04986529265916e-05
1,LTI_EXACT,0.208,0.150098315671512,0.0760742760167387,0.0116675285371088,0.0116399067566197,2.76217804891787e-05
1,LTI_EXACT,0.21,0.150098315671512,0.0760943034655935,0.0116649207206066,0.0116399067566197,2.50139639869258e-05
1,LTI_EXACT,0.212,0.150098315671512,0.0761124578720741,0.0116625567969161,0.0116399067566197,2.26500402964024e-05
1,LTI_EXACT,0.214,0.150098315671512,0.076128914410151,0.0116604139562638,0.0116399067566197,2.050719964416e-05
1,LTI_EXACT,0.216,0.150098315671512,0.0761438318708659,0.0116584715221323,0.0116399067566197,1.85647655125878e-05
1,LTI_EXACT,0.218,0.150098315671512,0.0761573541945248,0.0116567107517495,0.0116399067566197,1.68039951298007e-05
1,LTI_EXACT,0.22,0.150098315671512,0.0761696118595945,0.0116551146552381,0.0116399067566197,1.52078986184676e-05
1,LTI_EXACT,0.222,0.150098315671512,0.0761807231417051,0.0116536678316782,0.0116399067566197,1.37610750585125e-05
1,LTI_EXACT,0.224,0.150098315671512,0.0761907952549041,0.0116523563205015,0.0116399067566197,1.24495638818504e-05
1,LTI_EXACT,0.226,0.150098315671512,0.0761999253861785,0.0116511674667849,0.0116399067566197,1.12607101652572e-05
1,LTI_EXACT,0.228,0.150098315671512,0.0762082016332221,0.0116500897991412,0.0116399067566197,1.01830425215423e-05
1,LTI_EXACT,0.23,0.150098315671512,0.0762157038545011,0.0116491129190305,0.0116399067566197,9.20616241080995e-06
1,LTI_EXACT,0.232,0.150098315671512,0.0762225044398175,0.0116482274004234,0.0116399067566197,8.32064380374212e-06
1,LTI_EXACT,0.234,0.150098315671512,0.0762286690088065,0.0116474246988484,0.0116399067566197,7.51794222875191e-06
1,LTI_EXACT,0.236,0.150098315671512,0.0762342570441082,0.0116466970689451,0.0116399067566197,6.79031232538214e-06
1,LTI_EXACT,0.238,0.150098315671512,0.0762393224653224,0.0116460374897281,0.0116399067566197,6.13073310842989e-06
1,LTI_EXACT,0.24,0.150098315671512,0.076243914149285,0.0116454395968413,0.0116399067566197,5.53284022165e-06
1,LTI_EXACT,0.242,0.150098315671512,0.0762480764016862,0.011644897621147,0.0116399067566197,4.99086452733152e-06
1,LTI_EXACT,0.244,0.150098315671512,0.0762518493845816,0.0116444063330589,0.0116399067566197,4.49957643924165e-06
1,LTI_EXACT,0.246,0.150098315671512,0.0762552695039199,0.0116439609920814,0.0116399067566197,4.05423546171943e-06
1,LTI_EXACT,0.248,0.150098315671512,0.0762583697608289,0.0116435573010678,0.0116399067566197,3.65054444810033e-06
1,LTI_EXACT,0.25,0.150098315671512,0.0762611800700464,0.0116431913647567,0.0116399067566197,3.28460813704516e-06
1,LTI_EXACT,0.252,0.150098315671512,0.0762637275485715,0.0116428596521864,0.0116399067566197,2.95289556670811e-06
1,LTI_EXACT,0.254,0.150098315671512,0.0762660367773195,0.0116425589626238,0.0116399067566197,2.65220600408761e-06
1,LTI_EXACT,0.256,0.150098315671512,0.0762681300383061,0.0116422863946804,0.0116399067566197,2.37963806076595e-06
1,LTI_EXACT,0.258,0.150098315671512,0.0762700275296489,0.0116420393183168,0.0116399067566197,2.132561697097e-06
1,LTI_EXACT,0.26,0.150098315671512,0.0762717475604616,0.0116418153494643,0.0116399067566197,1.90859284463288e-06
1,LTI_EXACT,0.262,0.150098315671512,0.0762733067275208,0.0116416123270217,0.0116399067566197,1.70557040198201e-06
1,LTI_EXACT,0.264,0.150098315671512,0.0762747200754099,0.0116414282920017,0.0116399067566197,1.52153538207807e-06
1,LTI_EXACT,0.266,0.150098315671512,0.0762760012416864,0.0116412614686294,0.0116399067566197,1.35471200970495e-06
1,LTI_EXACT,0.268,0.150098315671512,0.076277162588472,0.0116411102472065,0.0116399067566197,1.20349058682287e-06
1,LTI_EXACT,0.27,0.150098315671512,0.0762782153217365,0.0116409731685801,0.0116399067566197,1.06641196040945e-06
1,LTI_EXACT,0.272,0.150098315671512,0.076279169599425,0.0116408489100626,0.0116399067566197,9.42153442925336e-07
1,LTI_EXACT,0.274,0.150098315671512,0.0762800346294733,0.0116407362726692,0.0116399067566197,8.29516049544177e-07
1,LTI_EXACT,0.276,0.150098315671512,0.0762808187586567,0.0116406341695487,0.0116399067566197,7.27412929012877e-07
1,LTI_EXACT,0.278,0.150098315671512,0.0762815295531285,0.0116405416154962,0.0116399067566197,6.34858876498792e-07
1,LTI_EXACT,0.28,0.150098315671512,0.0762821738714267,0.0116404577174469,0.0116399067566197,5.50960827227012e-07
1,LTI_EXACT,0.282,0.150098315671512,0.0762827579306533,0.0116403816658589,0.0116399067566197,4.74909239206803e-07
1,LTI_EXACT,0.284,0.150098315671512,0.0762832873664634,0.0116403127269015,0.0116399067566197,4.05970281858528e-07
1,LTI_EXACT,0.286,0.150098315671512,0.0762837672874444,0.0116402502353749,0.0116399067566197,3.43478755196816e-07
1,LTI_EXACT,0.288,0.150098315671512,0.0762842023244094,0.0116401935882909,0.0116399067566197,2.86831671247878e-07
1,LTI_EXACT,0.29,0.150098315671512,0.0762845966750806,0.0116401422390554,0.0116399067566197,2.35482435734929e-07
1,LTI_EXACT,0.292,0.150098315671512,0.0762849541445932,0.0116400956921936,0.0116399067566197,1.88935573939425e-07
1,LTI_EXACT,0.294,0.150098315671512,0.0762852781822119,0.0116400534985695,0.0116399067566197,1.46741949801424e-07
1,LTI_EXACT,0.296,0.150098315671512,0.0762855719146133,0.0116400152510518,0.0116399067566197,1.08494432153605e-07
1,LTI_EXACT,0.298,0.150098315671512,0.0762858381760552,0.0116399805805859,0.0116399067566197,7.38239662716883e-08
1,LTI_EXACT,0.3,0.150098315671512,0.0762860795357252,0.0116399491526325,0.0116399067566197,4.23960128115297e-08
1,LTI_EXACT,0.302,0.150098315671512,0.0762862983225308,0.0116399206639395,0.0116399067566197,1.39073198148626e-08
1,LTI_EXACT,0.304,0.150098315671512,0.076286496647571,0.0116398948396162,0.0116399067566197,-1.19170034187932e-08
1,LTI_EXACT,0.306,0.150098315671512,0.0762866764245073,0.0116398714304809,0.0116399067566197,-3.53261387763676e-08
1,LTI_EXACT,0.308,0.150098315671512,0.076286839388028,0.011639850210656,0.0116399067566197,-5.65459637100196e-08
1,LTI_EXACT,0.31,0.150098315671512,0.0762869871105871,0.0116398309753889,0.0116399067566197,-7.57812307732031e-08
1,LTI_EXACT,0.312,0.150098315671512,0.0762871210175766,0.0116398135390764,0.0116399067566197,-9.32175432850901e-08
1,LTI_EXACT,0.314,0.150098315671512,0.0762872424010806,0.0116397977334734,0.0116399067566197,-1.09023146243475e-07
1,LTI_EXACT,0.316,0.150098315671512,0.0762873524323426,0.0116397834060699,0.0116399067566197,-1.2335054973972e-07
1,LTI_EXACT,0.318,0.150098315671512,0.0762874521730669,0.0116397704186191,0.0116399067566197,-1.36338000552433e-07
1,LTI_EXACT,0.32,0.150098315671512,0.0762875425856635,0.0116397586458036,0.0116399067566197,-1.4811081609778e-07
1,LTI_EXACT,0.322,0.150098315671512,0.0762876245425338,0.011639747974026,0.0116399067566197,-1.58782593635831e-07
1,LTI_EXACT,0.324,0.150098315671512,0.0762876988344891,0.0116397383003133,0.0116399067566197,-1.68456306381612e-07
1,LTI_EXACT,0.326,0.150098315671512,0.0762877661783813,0.0116397295313226,0.0116399067566197,-1.77225297113073e-07
1,LTI_EXACT,0.328,0.150098315671512,0.0762878272240193,0.0116397215824408,0.0116399067566197,-1.85174178837788e-07
1,LTI_EXACT,0.33,0.150098315671512,0.0762878825604396,0.0116397143769684,0.0116399067566197,-1.9237965123188e-07
1,LTI_EXACT,0.332,0.150098315671512,0.0762879327215896,0.0116397078453789,0.0116399067566197,-1.98911240737246e-07
1,LTI_EXACT,0.334,0.150098315671512,0.0762879781914801,0.0116397019246483,0.0116399067566197,-2.04831971415548e-07
1,LTI_EXACT,0.336,0.150098315671512,0.0762880194088554,0.0116396965576466,0.0116399067566197,-2.10198973083289e-07
1,LTI_EXACT,0.338,0.150098315671512,0.0762880567714266,0.0116396916925871,0.0116399067566197,-2.1506403255836e-07
1,LTI_EXACT,0.34,0.150098315671512,0.0762880906397096,0.0116396872825263,0.0116399067566197,-2.1947409336795e-07
1,LTI_EXACT,0.342,0.150098315671512,0.0762881213405033,0.011639683284911,0.0116399067566197,-2.23471708695258e-07
1,LTI_EXACT,0.344,0.150098315671512,0.0762881491700433,0.0116396796611677,0.0116399067566197,-2.27095451997214e-07
1,LTI_EXACT,0.346,0.150098315671512,0.07628817439686,0.0116396763763305,0.0116399067566197,-2.30380289189397e-07
1,LTI_EXACT,0.348,0.150098315671512,0.0762881972643699,0.0116396733987036,0.0116399067566197,-2.33357916048019e-07
1,LTI_EXACT,0.35,0.150098315671512,0.0762882179932242,0.0116396706995556,0.0116399067566197,-2.36057064036468e-07
1,LTI_EXACT,0.352,0.150098315671512,0.076288236783438,0.0116396682528421,0.0116399067566197,-2.38503777552287e-07
1,LTI_EXACT,0.354,0.150098315671512,0.0762882538163204,0.0116396660349545,0.0116399067566197,-2.40721665212273e-07
1,LTI_EXACT,0.356,0.150098315671512,0.0762882692562235,0.011639664024492,0.0116399067566197,-2.42732127673714e-07
1,LTI_EXACT,0.358,0.150098315671512,0.0762882832521288,0.0116396622020555,0.0116399067566197,-2.44554564120258e-07
1,LTI_EXACT,0.36,0.150098315671512,0.0762882959390843,0.0116396605500602,0.0116399067566197,-2.46206559452455e-07
1,LTI_EXACT,0.362,0.150098315671512,0.076288307439508,0.0116396590525657,0.0116399067566197,-2.47704053964529e-07
1,LTI_EXACT,0.364,0.150098315671512,0.0762883178643689,0.0116396576951225,0.0116399067566197,-2.49061497157102e-07
1,LTI_EXACT,0.366,0.150098315671512,0.0762883273142575,0.0116396564646325,0.0116399067566197,-2.50291987155191e-07
1,LTI_EXACT,0.368,0.150098315671512,0.076288335880357,0.0116396553492226,0.0116399067566197,-2.51407397096684e-07
1,LTI_EXACT,0.37,0.150098315671512,0.0762883436453226,0.01163965433813,0.0116399067566197,-2.52418489705628e-07
1,LTI_EXACT,0.372,0.150098315671512,0.0762883506840794,0.0116396534215985,0.0116399067566197,-2.53335021127565e-07
1,LTI_EXACT,0.374,0.150098315671512,0.0762883570645452,0.0116396525907846,0.0116399067566197,-2.54165835081657e-07
1,LTI_EXACT,0.376,0.150098315671512,0.0762883628482858,0.0116396518376715,0.0116399067566197,-2.54918948191726e-07
1,LTI_EXACT,0.378,0.150098315671512,0.0762883680911093,0.0116396511549923,0.0116399067566197,-2.55601627327171e-07
1,LTI_EXACT,0.38,0.150098315671512,0.0762883728436041,0.0116396505361599,0.0116399067566197,-2.56220459743037e-07
1,LTI_EXACT,0.382,0.150098315671512,0.0762883771516278,0.011639649975203,0.0116399067566197,-2.56781416621207e-07
1,LTI_EXACT,0.384,0.150098315671512,0.0762883810567489,0.011639649466709,0.0116399067566197,-2.57289910701383e-07
1,LTI_EXACT,0.386,0.150098315671512,0.0762883845966483,0.0116396490057712,0.0116399067566197,-2.57750848503199e-07
1,LTI_EXACT,0.388,0.150098315671512,0.0762883878054831,0.011639648587942,0.0116399067566197,-2.58168677666828e-07
1,LTI_EXACT,0.39,0.150098315671512,0.0762883907142155,0.0116396482091898,0.0116399067566197,-2.58547429875244e-07
1,LTI_EXACT,0.392,0.150098315671512,0.0762883933509124,0.0116396478658599,0.0116399067566197,-2.58890759751926e-07
1,LTI_EXACT,0.394,0.150098315671512,0.0762883957410154,0.0116396475546395,0.0116399067566197,-2.5920198012605e-07
1,LTI_EXACT,0.396,0.150098315671512,0.076288397907587,0.0116396472725257,0.0116399067566197,-2.59484093999979e-07
1,LTI_EXACT,0.398,0.150098315671512,0.0762883998715327,0.0116396470167961,0.0116399067566197,-2.59739823524341e-07
1,LTI_EXACT,0.4,0.150098315671512,0.0762884016518028,0.0116396467849834,0.0116399067566197,-2.59971636260015e-07
1,LTI_EXACT,0.402,0.150098315671512,0.0762884032655753,0.0116396465748507,0.0116399067566197,-2.60181768995879e-07
1,LTI_EXACT,0.404,0.150098315671512,0.0762884047284218,0.0116396463843703,0.0116399067566197,-2.6037224932704e-07
1,LTI_EXACT,0.406,0.150098315671512,0.0762884060544573,0.0116396462117044,0.0116399067566197,-2.60544915224245e-07
1,LTI_EXACT,0.408,0.150098315671512,0.076288407256477,0.0116396460551869,0.0116399067566197,-2.60701432754085e-07
1,LTI_EXACT,0.41,0.150098315671512,0.0762884083460793,0.0116396459133075,0.0116399067566197,-2.60843312177225e-07
1,LTI_EXACT,0.412,0.150098315671512,0.0762884093337779,0.0116396457846972,0.0116399067566197,-2.60971922501005e-07
1,LTI_EXACT,0.414,0.150098315671512,0.0762884102291032,0.011639645668115,0.0116399067566197,-2.61088504704965e-07
1,LTI_EXACT,0.416,0.150098315671512,0.0762884110406944,0.011639645562436,0.0116399067566197,-2.61194183701768e-07
1,LTI_EXACT,0.418,0.150098315671512,0.0762884117763824,0.0116396454666405,0.0116399067566197,-2.61289979201773e-07
1,LTI_EXACT,0.42,0.150098315671512,0.0762884124432662,0.0116396453798041,0.0116399067566197,-2.61376815545444e-07
1,LTI_EXACT,0.422,0.150098315671512,0.0762884130477804,0.011639645301089,0.0116399067566197,-2.61455530628507e-07
1,LTI_EXACT,0.424,0.150098315671512,0.0762884135957582,0.0116396452297357,0.0116399067566197,-2.61526883978819e-07
1,LTI_EXACT,0.426,0.150098315671512,0.0762884140924871,0.0116396451650556,0.0116399067566197,-2.61591564097718e-07
1,LTI_EXACT,0.428,0.150098315671512,0.07628841454276,0.0116396451064246,0.0116399067566197,-2.61650195086671e-07
1,LTI_EXACT,0.43,0.150098315671512,0.0762884149509217,0.011639645053277,0.0116399067566197,-2.6170334268584e-07
1,LTI_EXACT,0.432,0.150098315671512,0.0762884153209106,0.0116396450050999,0.0116399067566197,-2.61751519722853e-07
1,LTI_EXACT,0.434,0.150098315671512,0.0762884156562968,0.0116396449614286,0.0116399067566197,-2.61795191060232e-07
1,LTI_EXACT,0.436,0.150098315671512,0.0762884159603163,0.0116396449218416,0.0116399067566197,-2.61834778091802e-07
1,LTI_EXACT,0.438,0.150098315671512,0.0762884162359028,0.0116396448859569,0.0116399067566197,-2.61870662791527e-07
1,LTI_EXACT,0.44,0.150098315671512,0.0762884164857154,0.0116396448534282,0.0116399067566197,-2.61903191420623e-07
1,LTI_EXACT,0.442,0.150098315671512,0.0762884167121646,0.0116396448239418,0.0116399067566197,-2.61932677851281e-07
1,LTI_EXACT,0.444,0.150098315671512,0.0762884169174355,0.0116396447972131,0.0116399067566197,-2.61959406600704e-07
1,LTI_EXACT,0.446,0.150098315671512,0.0762884171035086,0.0116396447729841,0.0116399067566197,-2.61983635575433e-07
1,LTI_EXACT,0.448,0.150098315671512,0.0762884172721795,0.0116396447510211,0.0116399067566197,-2.62005598565887e-07
1,LTI_EXACT,0.45,0.150098315671512,0.0762884174250756,0.0116396447311122,0.0116399067566197,-2.62025507494559e-07
1,LTI_EXACT,0.452,0.150098315671512,0.0762884175636723,0.0116396447130652,0.0116399067566197,-2.62043554464728e-07
1,LTI_EXACT,0.454,0.150098315671512,0.0762884176893069,0.0116396446967061,0.0116399067566197,-2.62059913614873e-07
1,LTI_EXACT,0.456,0.150098315671512,0.0762884178031917,0.0116396446818769,0.0116399067566197,-2.62074742794424e-07
1,LTI_EXACT,0.458,0.150098315671512,0.0762884179064256,0.0116396446684346,0.0116399067566197,-2.62088185095516e-07
1,LTI_EXACT,0.46,0.150098315671512,0.0762884180000046,0.0116396446562494,0.0116399067566197,-2.62100370219953e-07
1,LTI_EXACT,0.462,0.150098315671512,0.0762884180848318,0.0116396446452039,0.0116399067566197,-2.62111415747293e-07
1,LTI_EXACT,0.464,0.150098315671512,0.0762884181617256,0.0116396446351914,0.0116399067566197,-2.62121428255477e-07
1,LTI_EXACT,0.466,0.150098315671512,0.0762884182314281,0.0116396446261153,0.0116399067566197,-2.62130504356459e-07
1,LTI_EXACT,0.468,0.150098315671512,0.0762884182946116,0.011639644617888,0.0116399067566197,-2.62138731624284e-07
1,LTI_EXACT,0.47,0.150098315671512,0.0762884183518861,0.0116396446104302,0.0116399067566197,-2.62146189446838e-07
1,LTI_EXACT,0.472,0.150098315671512,0.076288418403804,0.0116396446036699,0.0116399067566197,-2.62152949789124e-07
1,LTI_EXACT,0.474,0.150098315671512,0.0762884184508663,0.0116396445975418,0.0116399067566197,-2.62159077876745e-07
1,LTI_EXACT,0.476,0.150098315671512,0.0762884184935272,0.0116396445919868,0.0116399067566197,-2.62164632842954e-07
1,LTI_EXACT,0.478,0.150098315671512,0.0762884185321983,0.0116396445869514,0.0116399067566197,-2.62169668287238e-07
1,LTI_EXACT,0.48,0.150098315671512,0.0762884185672527,0.0116396445823869,0.0116399067566197,-2.62174232797466e-07
1,LTI_EXACT,0.482,0.150098315671512,0.0762884185990287,0.0116396445782492,0.0116399067566197,-2.62178370418267e-07
1,LTI_EXACT,0.484,0.150098315671512,0.0762884186278329,0.0116396445744986,0.0116399067566197,-2.62182121072568e-07
1,LTI_EXACT,0.486,0.150098315671512,0.0762884186539432,0.0116396445710987,0.0116399067566197,-2.62185520953639e-07
1,LTI_EXACT,0.488,0.150098315671512,0.0762884186776116,0.0116396445680168,0.0116399067566197,-2.62188602861632e-07
1,LTI_EXACT,0.49,0.150098315671512,0.0762884186990664,0.0116396445652231,0.0116399067566197,-2.62191396540115e-07
1,LTI_EXACT,0.492,0.150098315671512,0.0762884187185147,0.0116396445626907,0.0116399067566197,-2.62193928943222e-07
1,LTI_EXACT,0.494,0.150098315671512,0.0762884187361441,0.0116396445603952,0.0116399067566197,-2.62196224506267e-07
1,LTI_EXACT,0.496,0.150098315671512,0.0762884187521248,0.0116396445583143,0.0116399067566197,-2.62198305379935e-07
1,LTI_EXACT,0.498,0.150098315671512,0.0762884187666109,0.011639644556428,0.0116399067566197,-2.62200191641915e-07
1,LTI_EXACT,0.5,0.150098315671512,0.0762884187797421,0.0116396445547182,0.0116399067566197,-2.6220190149466e-07
1,LTI_EXACT,0.502,0.150098315671512,0.0762884187916453,0.0116396445531682,0.0116399067566197,-2.62203451433657e-07
1,LTI_EXACT,0.504,0.150098315671512,0.0762884188024353,0.0116396445517633,0.0116399067566197,-2.62204856417425e-07
1,LTI_EXACT,0.506,0.150098315671512,0.0762884188122161,0.0116396445504897,0.0116399067566197,-2.62206130001094e-07
1,LTI_EXACT,0.508,0.150098315671512,0.0762884188210822,0.0116396445493352,0.0116399067566197,-2.6220728447518e-07
1,LTI_EXACT,0.51,0.150098315671512,0.0762884188291192,0.0116396445482887,0.0116399067566197,-2.62208330980077e-07
1,LTI_EXACT,0.512,0.150098315671512,0.0762884188364044,0.0116396445473401,0.0116399067566197,-2.6220927961014e-07
1,LTI_EXACT,0.514,0.150098315671512,0.0762884188430084,0.0116396445464801,0.0116399067566197,-2.62210139521241e-07
1,LTI_EXACT,0.516,0.150098315671512,0.0762884188489946,0.0116396445457007,0.0116399067566197,-2.62210919008826e-07
1,LTI_EXACT,0.518,0.150098315671512,0.0762884188544211,0.0116396445449941,0.0116399067566197,-2.62211625596392e-07
1,LTI_EXACT,0.52,0.150098315671512,0.07628841885934,0.0116396445443536,0.0116399067566197,-2.62212266103137e-07
1,LTI_EXACT,0.522,0.150098315671512,0.0762884188637989,0.011639644543773,0.0116399067566197,-2.62212846706411e-07
1,LTI_EXACT,0.524,0.150098315671512,0.0762884188678408,0.0116396445432467,0.0116399067566197,-2.62213373007636e-07
1,LTI_EXACT,0.526,0.150098315671512,0.0762884188715047,0.0116396445427696,0.0116399067566197,-2.62213850087817e-07
1,LTI_EXACT,0.528,0.150098315671512,0.0762884188748259,0.0116396445423371,0.0116399067566197,-2.6221428255091e-07
1,LTI_EXACT,0.53,0.150098315671512,0.0762884188778365,0.0116396445419451,0.0116399067566197,-2.62214674568925e-07
1,LTI_EXACT,0.532,0.150098315671512,0.0762884188805655,0.0116396445415897,0.0116399067566197,-2.6221502992356e-07
1,LTI_EXACT,0.534,0.150098315671512,0.0762884188830394,0.0116396445412676,0.0116399067566197,-2.62215352042627e-07
1,LTI_EXACT,0.536,0.150098315671512,0.0762884188852818,0.0116396445409756,0.0116399067566197,-2.62215644036487e-07
1,LTI_EXACT,0.538,0.150098315671512,0.0762884188873145,0.0116396445407109,0.0116399067566197,-2.6221590872233e-07
1,LTI_EXACT,0.54,0.150098315671512,0.0762884188891571,0.011639644540471,0.0116399067566197,-2.62216148653668e-07
1,LTI_EXACT,0.542,0.150098315671512,0.0762884188908274,0.0116396445402535,0.0116399067566197,-2.62216366144624e-07
1,LTI_EXACT,0.544,0.150098315671512,0.0762884188923415,0.0116396445400564,0.0116399067566197,-2.62216563295947e-07
1,LTI_EXACT,0.546,0.150098315671512,0.076288418893714,0.0116396445398777,0.0116399067566197,-2.62216742010629e-07
1,LTI_EXACT,0.548,0.150098315671512,0.0762884188949581,0.0116396445397157,0.0116399067566197,-2.62216904009516e-07
1,LTI_EXACT,0.55,0.150098315671512,0.0762884188960859,0.0116396445395688,0.0116399067566197,-2.62217050859062e-07
1,LTI_EXACT,0.552,0.150098315671512,0.0762884188971082,0.0116396445394357,0.0116399067566197,-2.62217183971333e-07
1,LTI_EXACT,0.554,0.150098315671512,0.0762884188980349,0.011639644539315,0.0116399067566197,-2.62217304638698e-07
1,LTI_EXACT,0.556,0.150098315671512,0.0762884188988749,0.0116396445392057,0.0116399067566197,-2.62217414016483e-07
1,LTI_EXACT,0.558,0.150098315671512,0.0762884188996363,0.0116396445391065,0.0116399067566197,-2.62217513168073e-07
1,LTI_EXACT,0.56,0.150098315671512,0.0762884189003266,0.0116396445390166,0.0116399067566197,-2.62217603045831e-07
1,LTI_EXACT,0.562,0.150098315671512,0.0762884189009522,0.0116396445389352,0.0116399067566197,-2.62217684517119e-07
1,LTI_EXACT,0.564,0.150098315671512,0.0762884189015194,0.0116396445388613,0.0116399067566197,-2.62217758369501e-07
1,LTI_EXACT,0.566,0.150098315671512,0.0762884189020335,0.0116396445387944,0.0116399067566197,-2.6221782531595e-07
1,LTI_EXACT,0.568,0.150098315671512,0.0762884189024996,0.0116396445387337,0.0116399067566197,-2.62217885998312e-07
1,LTI_EXACT,0.57,0.150098315671512,0.076288418902922,0.0116396445386787,0.0116399067566197,-2.62217941008128e-07
1,LTI_EXACT,0.572,0.150098315671512,0.076288418903305,0.0116396445386288,0.0116399067566197,-2.62217990872754e-07
1,LTI_EXACT,0.574,0.150098315671512,0.0762884189036521,0.0116396445385836,0.0116399067566197,-2.62218036072709e-07
1,LTI_EXACT,0.576,0.150098315671512,0.0762884189039668,0.0116396445385426,0.0116399067566197,-2.62218077046877e-07
1,LTI_EXACT,0.578,0.150098315671512,0.076288418904252,0.0116396445385055,0.0116399067566197,-2.62218114187307e-07
1,LTI_EXACT,0.58,0.150098315671512,0.0762884189045106,0.0116396445384718,0.0116399067566197,-2.6221814785482e-07
1,LTI_EXACT,0.582,0.150098315671512,0.076288418904745,0.0116396445384413,0.0116399067566197,-2.62218178375545e-07
1,LTI_EXACT,0.584,0.150098315671512,0.0762884189049574,0.0116396445384136,0.0116399067566197,-2.62218206040915e-07
1,LTI_EXACT,0.586,0.150098315671512,0.07628841890515,0.0116396445383886,0.0116399067566197,-2.62218231118078e-07
1,LTI_EXACT,0.588,0.150098315671512,0.0762884189053246,0.0116396445383658,0.0116399067566197,-2.62218253849894e-07
1,LTI_EXACT,0.59,0.150098315671512,0.0762884189054828,0.0116396445383452,0.0116399067566197,-2.62218274456674e-07
1,LTI_EXACT,0.592,0.150098315671512,0.0762884189056263,0.0116396445383265,0.0116399067566197,-2.62218293136177e-07
1,LTI_EXACT,0.594,0.150098315671512,0.0762884189057563,0.0116396445383096,0.0116399067566197,-2.62218310067078e-07
1,LTI_EXACT,0.596,0.150098315671512,0.0762884189058742,0.0116396445382943,0.0116399067566197,-2.62218325414176e-07
1,LTI_EXACT,0.598,0.150098315671512,0.0762884189059811,0.0116396445382803,0.0116399067566197,-2.62218339330128e-07
1,LTI_EXACT,0.6,0.150098315671512,0.0762884189060779,0.0116396445382677,0.0116399067566197,-2.62218351941568e-07
1,LTI_EXACT,0.602,0.150098315671512,0.0762884189061657,0.0116396445382563,0.0116399067566197,-2.62218363371661e-07
1,LTI_EXACT,0.604,0.150098315671512,0.0762884189062453,0.0116396445382459,0.0116399067566197,-2.62218373734899e-07
1,LTI_EXACT,0.606,0.150098315671512,0.0762884189063174,0.0116396445382365,0.0116399067566197,-2.62218383130161e-07
1,LTI_EXACT,0.608,0.150098315671512,0.0762884189063828,0.011639644538228,0.0116399067566197,-2.62218391645919e-07
1,LTI_EXACT,0.61,0.150098315671512,0.0762884189064421,0.0116396445382203,0.0116399067566197,-2.62218399365438e-07
1,LTI_EXACT,0.612,0.150098315671512,0.0762884189064958,0.0116396445382133,0.0116399067566197,-2.62218406361578e-07
1,LTI_EXACT,0.614,0.150098315671512,0.0762884189065446,0.011639644538207,0.0116399067566197,-2.62218412705462e-07
1,LTI_EXACT,0.616,0.150098315671512,0.0762884189065887,0.0116396445382012,0.0116399067566197,-2.62218418452601e-07
1,LTI_EXACT,0.618,0.150098315671512,0.0762884189066287,0.011639644538196,0.0116399067566197,-2.62218423667179e-07
1,LTI_EXACT,0.62,0.150098315671512,0.076288418906665,0.0116396445381913,0.0116399067566197,-2.62218428390831e-07
1,LTI_EXACT,0.622,0.150098315671512,0.0762884189066979,0.011639644538187,0.0116399067566197,-2.62218432672129e-07
1,LTI_EXACT,0.624,0.150098315671512,0.0762884189067277,0.0116396445381831,0.0116399067566197,-2.6221843655444e-07
1,LTI_EXACT,0.626,0.150098315671512,0.0762884189067547,0.0116396445381796,0.0116399067566197,-2.62218440072459e-07
1,LTI_EXACT,0.628,0.150098315671512,0.0762884189067792,0.0116396445381764,0.0116399067566197,-2.6221844326435e-07
1,LTI_EXACT,0.63,0.150098315671512,0.0762884189068015,0.0116396445381735,0.0116399067566197,-2.622184461544e-07
1,LTI_EXACT,0.632,0.150098315671512,0.0762884189068216,0.0116396445381709,0.0116399067566197,-2.62218448775567e-07
1,LTI_EXACT,0.634,0.150098315671512,0.0762884189068398,0.0116396445381685,0.0116399067566197,-2.62218451152138e-07
1,LTI_EXACT,0.636,0.150098315671512,0.0762884189068564,0.0116396445381664,0.0116399067566197,-2.6221845330493e-07
1,LTI_EXACT,0.638,0.150098315671512,0.0762884189068714,0.0116396445381644,0.0116399067566197,-2.62218455256494e-07
1,LTI_EXACT,0.64,0.150098315671512,0.076288418906885,0.0116396445381626,0.0116399067566197,-2.62218457027646e-07
1,LTI_EXACT,0.642,0.150098315671512,0.0762884189068973,0.011639644538161,0.0116399067566197,-2.62218458630531e-07
1,LTI_EXACT,0.644,0.150098315671512,0.0762884189069084,0.0116396445381596,0.0116399067566197,-2.62218460085964e-07
1,LTI_EXACT,0.646,0.150098315671512,0.0762884189069186,0.0116396445381583,0.0116399067566197,-2.62218461404354e-07
1,LTI_EXACT,0.648,0.150098315671512,0.0762884189069277,0.0116396445381571,0.0116399067566197,-2.62218462599578e-07
1,LTI_EXACT,0.65,0.150098315671512,0.0762884189069361,0.011639644538156,0.0116399067566197,-2.62218463682046e-07
1,LTI_EXACT,0.652,0.150098315671512,0.0762884189069436,0.011639644538155,0.0116399067566197,-2.62218464665634e-07
1,LTI_EXACT,0.654,0.150098315671512,0.0762884189069504,0.0116396445381541,0.0116399067566197,-2.62218465553812e-07
1,LTI_EXACT,0.656,0.150098315671512,0.0762884189069566,0.0116396445381533,0.0116399067566197,-2.62218466362193e-07
1,LTI_EXACT,0.658,0.150098315671512,0.0762884189069622,0.0116396445381526,0.0116399067566197,-2.62218467092512e-07
1,LTI_EXACT,0.66,0.150098315671512,0.0762884189069673,0.0116396445381519,0.0116399067566197,-2.62218467755176e-07
1,LTI_EXACT,0.662,0.150098315671512,0.076288418906972,0.0116396445381513,0.0116399067566197,-2.62218468357125e-07
1,LTI_EXACT,0.664,0.150098315671512,0.0762884189069761,0.0116396445381508,0.0116399067566197,-2.62218468900094e-07
1,LTI_EXACT,0.666,0.150098315671512,0.0762884189069799,0.0116396445381503,0.0116399067566197,-2.6221846939449e-07
1,LTI_EXACT,0.668,0.150098315671512,0.0762884189069834,0.0116396445381498,0.0116399067566197,-2.62218469842049e-07
1,LTI_EXACT,0.67,0.150098315671512,0.0762884189069865,0.0116396445381494,0.0116399067566197,-2.62218470247974e-07
1,LTI_EXACT,0.672,0.150098315671512,0.0762884189069893,0.0116396445381491,0.0116399067566197,-2.62218470615735e-07
1,LTI_EXACT,0.674,0.150098315671512,0.0762884189069919,0.0116396445381487,0.0116399067566197,-2.62218470950537e-07
1,LTI_EXACT,0.676,0.150098315671512,0.0762884189069942,0.0116396445381484,0.0116399067566197,-2.62218471252379e-07
1,LTI_EXACT,0.678,0.150098315671512,0.0762884189069963,0.0116396445381481,0.0116399067566197,-2.62218471526465e-07
1,LTI_EXACT,0.68,0.150098315671512,0.0762884189069982,0.0116396445381479,0.0116399067566197,-2.62218471774531e-07
1,LTI_EXACT,0.682,0.150098315671512,0.0762884189069999,0.0116396445381477,0.0116399067566197,-2.62218472000045e-07
1,LTI_EXACT,0.684,0.150098315671512,0.0762884189070015,0.0116396445381475,0.0116399067566197,-2.62218472204742e-07
1,LTI_EXACT,0.686,0.150098315671512,0.0762884189070029,0.0116396445381473,0.0116399067566197,-2.62218472388623e-07
1,LTI_EXACT,0.688,0.150098315671512,0.0762884189070042,0.0116396445381471,0.0116399067566197,-2.62218472556891e-07
1,LTI_EXACT,0.69,0.150098315671512,0.0762884189070054,0.011639644538147,0.0116399067566197,-2.62218472707812e-07
1,LTI_EXACT,0.692,0.150098315671512,0.0762884189070064,0.0116396445381468,0.0116399067566197,-2.62218472844855e-07
1,LTI_EXACT,0.694,0.150098315671512,0.0762884189070074,0.0116396445381467,0.0116399067566197,-2.62218472969755e-07
1,LTI_EXACT,0.696,0.150098315671512,0.0762884189070083,0.0116396445381466,0.0116399067566197,-2.62218473084247e-07
1,LTI_EXACT,0.698,0.150098315671512,0.076288418907009,0.0116396445381465,0.0116399067566197,-2.62218473186596e-07
1,LTI_EXACT,0.7,0.148352986419518,0.0762884189070098,0.0115019664258812,0.0115432644584667,-4.1298032585466e-05
1,LTI_EXACT,0.7,0.148352986419518,0.0762884189070098,0.0115019664258812,0.0115432644584667,-4.1298032585466e-05
1,LTI_EXACT,0.702,0.148352986419518,0.0762587569407869,0.0115058287732808,0.0115432644584667,-3.74356851858548e-05
1,LTI_EXACT,0.704,0.148352986419518,0.0762318690732543,0.0115093298994187,0.0115432644584667,-3.39345590479202e-05
1,LTI_EXACT,0.706,0.148352986419518,0.0762074958602644,0.0115125035870666,0.0115432644584667,-3.07608714001026e-05
1,LTI_EXACT,0.708,0.148352986419518,0.0761854021218625,0.0115153804595039,0.0115432644584667,-2.78839989627504e-05
1,LTI_EXACT,0.71,0.148352986419518,0.0761653746730081,0.0115179882760061,0.0115432644584667,-2.52761824605548e-05
1,LTI_EXACT,0.712,0.148352986419518,0.0761472202665279,0.0115203521996966,0.0115432644584667,-2.29122587700834e-05
1,LTI_EXACT,0.714,0.148352986419518,0.0761307637284514,0.0115224950403488,0.0115432644584667,-2.07694181178879e-05
1,LTI_EXACT,0.716,0.148352986419518,0.0761158462677368,0.0115244374744803,0.0115432644584667,-1.88269839863572e-05
1,LTI_EXACT,0.718,0.148352986419518,0.0761023239440783,0.011526198244863,0.0115432644584667,-1.70662136036084e-05
1,LTI_EXACT,0.72,0.148352986419518,0.0760900662790087,0.0115277943413743,0.0115432644584667,-1.54701170923116e-05
1,LTI_EXACT,0.722,0.148352986419518,0.0760789549968985,0.0115292411649343,0.0115432644584667,-1.40232935323861e-05
1,LTI_EXACT,0.724,0.148352986419518,0.0760688828836996,0.0115305526761109,0.0115432644584667,-1.27117823557534e-05
1,LTI_EXACT,0.726,0.148352986419518,0.0760597527524255,0.0115317415298275,0.0115432644584667,-1.15229286391863e-05
1,LTI_EXACT,0.728,0.148352986419518,0.076051476505382,0.0115328191974712,0.0115432644584667,-1.04452609954956e-05
1,LTI_EXACT,0.73,0.148352986419518,0.0760439742841032,0.0115337960775819,0.0115432644584667,-9.46838088478411e-06
1,LTI_EXACT,0.732,0.148352986419518,0.076037173698787,0.0115346815961889,0.0115432644584667,-8.58286227773709e-06
1,LTI_EXACT,0.734,0.148352986419518,0.0760310091297981,0.0115354842977639,0.0115432644584667,-7.7801607027625e-06
1,LTI_EXACT,0.736,0.148352986419518,0.0760254210944965,0.0115362119276672,0.0115432644584667,-7.05253079940835e-06
1,LTI_EXACT,0.738,0.148352986419518,0.0760203556732824,0.0115368715068842,0.0115432644584667,-6.3929515824717e-06
1,LTI_EXACT,0.74,0.148352986419518,0.0760157639893199,0.011537469399771,0.0115432644584667,-5.79505869570396e-06
1,LTI_EXACT,0.742,0.148352986419518,0.0760116017369188,0.0115380113754653,0.0115432644584667,-5.25308300139762e-06
1,LTI_EXACT,0.744,0.148352986419518,0.0760078287540235,0.0115385026635533,0.0115432644584667,-4.76179491331642e-06
1,LTI_EXACT,0.746,0.148352986419518,0.0760044086346852,0.0115389480045308,0.0115432644584667,-4.31645393580635e-06
1,LTI_EXACT,0.748,0.148352986419518,0.0760013083777763,0.0115393516955445,0.0115432644584667,-3.91276292219592e-06
1,LTI_EXACT,0.75,0.148352986419518,0.0759984980685589,0.0115397176318555,0.0115432644584667,-3.54682661114943e-06
1,LTI_EXACT,0.752,0.148352986419518,0.0759959505900338,0.0115400493444258,0.0115432644584667,-3.21511404081931e-06
1,LTI_EXACT,0.754,0.148352986419518,0.0759936413612859,0.0115403500339885,0.0115432644584667,-2.91442447820402e-06
1,LTI_EXACT,0.756,0.148352986419518,0.0759915481002993,0.0115406226019318,0.0115432644584667,-2.6418565348893e-06
1,LTI_EXACT,0.758,0.148352986419518,0.0759896506089566,0.0115408696782954,0.0115432644584667,-2.39478017122555e-06
1,LTI_EXACT,0.76,0.148352986419518,0.0759879305781439,0.0115410936471479,0.0115432644584667,-2.17081131876663e-06
1,LTI_EXACT,0.762,0.148352986419518,0.0759863714110848,0.0115412966695905,0.0115432644584667,-1.96778887611923e-06
1,LTI_EXACT,0.764,0.148352986419518,0.0759849580631957,0.0115414807046104,0.0115432644584667,-1.78375385621876e-06
1,LTI_EXACT,0.766,0.148352986419518,0.0759836768969192,0.0115416475279828,0.0115432644584667,-1.61693048385085e-06
1,LTI_EXACT,0.768,0.148352986419518,0.0759825155501336,0.0115417987494057,0.0115432644584667,-1.46570906097224e-06
1,LTI_EXACT,0.77,0.148352986419518,0.0759814628168691,0.0115419358280321,0.0115432644584667,-1.32863043456229e-06
1,LTI_EXACT,0.772,0.148352986419518,0.0759805085391807,0.0115420600865496,0.0115432644584667,-1.20437191707991e-06
1,LTI_EXACT,0.774,0.148352986419518,0.0759796435091324,0.011542172723943,0.0115432644584667,-1.09173452370222e-06
1,LTI_EXACT,0.776,0.148352986419518,0.075978859379949,0.0115422748270635,0.0115432644584667,-9.89631403172653e-07
1,LTI_EXACT,0.778,0.148352986419518,0.0759781485854773,0.011542367381116,0.0115432644584667,-8.97077350658568e-07
1,LTI_EXACT,0.78,0.148352986419518,0.0759775042671791,0.0115424512791653,0.0115432644584667,-8.13179301390257e-07
1,LTI_EXACT,0.782,0.148352986419518,0.0759769202079525,0.0115425273307533,0.0115432644584667,-7.37127713371782e-07
1,LTI_EXACT,0.784,0.148352986419518,0.0759763907721424,0.0115425962697106,0.0115432644584667,-6.68188756025243e-07
1,LTI_EXACT,0.786,0.148352986419518,0.0759759108511614,0.0115426587612373,0.0115432644584667,-6.05697229365265e-07
1,LTI_EXACT,0.788,0.148352986419518,0.0759754758141964,0.0115427154083212,0.0115432644584667,-5.49050145418062e-07
1,LTI_EXACT,0.79,0.148352986419518,0.0759750814635252,0.0115427667575568,0.0115432644584667,-4.97700909905113e-07
1,LTI_EXACT,0.792,0.148352986419518,0.0759747239940126,0.0115428133044185,0.0115432644584667,-4.51154048111344e-07
1,LTI_EXACT,0.794,0.148352986419518,0.0759743999563939,0.0115428554980427,0.0115432644584667,-4.08960423973342e-07
1,LTI_EXACT,0.796,0.148352986419518,0.0759741062239926,0.0115428937455603,0.0115432644584667,-3.70712906327259e-07
1,LTI_EXACT,0.798,0.148352986419518,0.0759738399625506,0.0115429284160262,0.0115432644584667,-3.36042440445342e-07
1,LTI_EXACT,0.8,0.148352986419518,0.0759735986028806,0.0115429598439797,0.0115432644584667,-3.04614486985183e-07
1,LTI_EXACT,0.802,0.148352986419518,0.0759733798160751,0.0115429883326727,0.0115432644584667,-2.76125793990251e-07
1,LTI_EXACT,0.804,0.148352986419518,0.0759731814910348,0.0115430141569959,0.0115432644584667,-2.50301470756595e-07
1,LTI_EXACT,0.806,0.148352986419518,0.0759730017140986,0.0115430375661313,0.0115432644584667,-2.26892335400755e-07
1,LTI_EXACT,0.808,0.148352986419518,0.0759728387505779,0.0115430587859562,0.0115432644584667,-2.05672510467103e-07
1,LTI_EXACT,0.81,0.148352986419518,0.0759726910280188,0.0115430780212233,0.0115432644584667,-1.86437243402185e-07
1,LTI_EXACT,0.812,0.148352986419518,0.0759725571210293,0.0115430954575358,0.0115432644584667,-1.69000930892033e-07
1,LTI_EXACT,0.814,0.148352986419518,0.0759724357375252,0.0115431112631387,0.0115432644584667,-1.53195327933647e-07
1,LTI_EXACT,0.816,0.148352986419518,0.0759723257062633,0.0115431255905422,0.0115432644584667,-1.38867924437402e-07
1,LTI_EXACT,0.818,0.148352986419518,0.0759722259655389,0.011543138577993,0.0115432644584667,-1.2588047362469e-07
1,LTI_EXACT,0.82,0.148352986419518,0.0759721355529424,0.0115431503508086,0.0115432644584667,-1.14107658081078e-07
1,LTI_EXACT,0.822,0.148352986419518,0.0759720535960721,0.0115431610225861,0.0115432644584667,-1.03435880543026e-07
1,LTI_EXACT,0.824,0.148352986419518,0.0759719793041167,0.0115431706962989,0.0115432644584667,-9.37621677972456e-08
1,LTI_EXACT,0.826,0.148352986419518,0.0759719119602245,0.0115431794652896,0.0115432644584667,-8.49931770657841e-08
1,LTI_EXACT,0.828,0.148352986419518,0.0759718509145865,0.0115431874141713,0.0115432644584667,-7.70442953410694e-08
1,LTI_EXACT,0.83,0.148352986419518,0.0759717955781663,0.0115431946196437,0.0115432644584667,-6.98388229469771e-08
1,LTI_EXACT,0.832,0.148352986419518,0.0759717454170163,0.0115432011512332,0.0115432644584667,-6.33072334416118e-08
1,LTI_EXACT,0.834,0.148352986419518,0.0759716999471258,0.0115432070719639,0.0115432644584667,-5.73865027650444e-08
1,LTI_EXACT,0.836,0.148352986419518,0.0759716587297505,0.0115432124389656,0.0115432644584667,-5.20195010990376e-08
1,LTI_EXACT,0.838,0.148352986419518,0.0759716213671793,0.011543217304025,0.0115432644584667,-4.71544416204978e-08
1,LTI_EXACT,0.84,0.148352986419518,0.0759715874988963,0.0115432217140858,0.0115432644584667,-4.27443808126426e-08
1,LTI_EXACT,0.842,0.148352986419518,0.0759715567981026,0.0115432257117012,0.0115432644584667,-3.87467654835993e-08
1,LTI_EXACT,0.844,0.148352986419518,0.0759715289685626,0.0115432293354445,0.0115432644584667,-3.51230221833781e-08
1,LTI_EXACT,0.846,0.148352986419518,0.0759715037417459,0.0115432326202817,0.0115432644584667,-3.18381849911953e-08
1,LTI_EXACT,0.848,0.148352986419518,0.075971480874236,0.0115432355979085,0.0115432644584667,-2.88605581343082e-08
1,LTI_EXACT,0.85,0.148352986419518,0.0759714601453817,0.0115432382970565,0.0115432644584667,-2.61614101441238e-08
1,LTI_EXACT,0.852,0.148352986419518,0.0759714413551679,0.01154324074377,0.0115432644584667,-2.37146966300394e-08
1,LTI_EXACT,0.854,0.148352986419518,0.0759714243222855,0.0115432429616577,0.0115432644584667,-2.14968089683187e-08
1,LTI_EXACT,0.856,0.148352986419518,0.0759714088823824,0.0115432449721201,0.0115432644584667,-1.94863465068779e-08
1,LTI_EXACT,0.858,0.148352986419518,0.0759713948864771,0.0115432467945566,0.0115432644584667,-1.76639100620685e-08
1,LTI_EXACT,0.86,0.148352986419518,0.0759713821995216,0.0115432484465519,0.0115432644584667,-1.60119147298715e-08
1,LTI_EXACT,0.862,0.148352986419518,0.0759713706990978,0.0115432499440464,0.0115432644584667,-1.45144202143288e-08
1,LTI_EXACT,0.864,0.148352986419518,0.075971360274237,0.0115432513014896,0.0115432644584667,-1.31569770234902e-08
1,LTI_EXACT,0.866,0.148352986419518,0.0759713508243484,0.0115432525319796,0.0115432644584667,-1.19264870254016e-08
1,LTI_EXACT,0.868,0.148352986419518,0.0759713422582489,0.0115432536473896,0.0115432644584667,-1.08110770839082e-08
1,LTI_EXACT,0.87,0.148352986419518,0.0759713344932833,0.0115432546584822,0.0115432644584667,-9.79998447496466e-09
1,LTI_EXACT,0.872,0.148352986419518,0.0759713274545265,0.0115432555750136,0.0115432644584667,-8.88345305302685e-09
1,LTI_EXACT,0.874,0.148352986419518,0.0759713210740607,0.0115432564058276,0.0115432644584667,-8.05263909893494e-09
1,LTI_EXACT,0.876,0.148352986419518,0.0759713152903201,0.0115432571589407,0.0115432644584667,-7.29952598886585e-09
1,LTI_EXACT,0.878,0.148352986419518,0.0759713100474966,0.0115432578416198,0.0115432644584667,-6.61684685342168e-09
1,LTI_EXACT,0.88,0.148352986419518,0.0759713052950017,0.0115432584604522,0.0115432644584667,-5.99801443755543e-09
1,LTI_EXACT,0.882,0.148352986419518,0.0759713009869781,0.0115432590214091,0.0115432644584667,-5.43705755938484e-09
1,LTI_EXACT,0.884,0.148352986419518,0.075971297081857,0.0115432595299032,0.0115432644584667,-4.928563479209e-09
1,LTI_EXACT,0.886,0.148352986419518,0.0759712935419575,0.011543259990841,0.0115432644584667,-4.46762567739289e-09
1,LTI_EXACT,0.888,0.148352986419518,0.0759712903331228,0.0115432604086701,0.0115432644584667,-4.04979651202897e-09
1,LTI_EXACT,0.89,0.148352986419518,0.0759712874243904,0.0115432607874224,0.0115432644584667,-3.67104430534781e-09
1,LTI_EXACT,0.892,0.148352986419518,0.0759712847876935,0.0115432611307522,0.0115432644584667,-3.32771442866642e-09
1,LTI_EXACT,0.894,0.148352986419518,0.0759712823975905,0.0115432614419726,0.0115432644584667,-3.01649405454185e-09
1,LTI_EXACT,0.896,0.148352986419518,0.0759712802310189,0.0115432617240865,0.0115432644584667,-2.73438018061345e-09
1,LTI_EXACT,0.898,0.148352986419518,0.0759712782670732,0.011543261979816,0.0115432644584667,-2.4786506562513e-09
1,LTI_EXACT,0.9,0.148352986419518,0.0759712764868031,0.0115432622116287,0.0115432644584667,-2.24683792057756e-09
1,LTI_EXACT,0.902,0.148352986419518,0.0759712748730306,0.0115432624217615,0.0115432644584667,-2.03670518471311e-09
1,LTI_EXACT,0.904,0.148352986419518,0.0759712734101841,0.0115432626122418,0.0115432644584667,-1.84622485355224e-09
1,LTI_EXACT,0.906,0.148352986419518,0.0759712720841486,0.0115432627849077,0.0115432644584667,-1.67355895634713e-09
1,LTI_EXACT,0.908,0.148352986419518,0.0759712708821289,0.0115432629414252,0.0115432644584667,-1.51704142650755e-09
1,LTI_EXACT,0.91,0.148352986419518,0.0759712697925266,0.0115432630833047,0.0115432644584667,-1.37516200336696e-09
1,LTI_EXACT,0.912,0.148352986419518,0.075971268804828,0.011543263211915,0.0115432644584667,-1.24655167958732e-09
1,LTI_EXACT,0.914,0.148352986419518,0.0759712679095026,0.0115432633284972,0.0115432644584667,-1.12996947562727e-09
1,LTI_EXACT,0.916,0.148352986419518,0.0759712670979115,0.0115432634341762,0.0115432644584667,-1.0242904788238e-09
1,LTI_EXACT,0.918,0.148352986419518,0.0759712663622235,0.0115432635299717,0.0115432644584667,-9.28494978819083e-10
1,LTI_EXACT,0.92,0.148352986419518,0.0759712656953397,0.011543263616808,0.0115432644584667,-8.41658635147846e-10
1,LTI_EXACT,0.922,0.148352986419518,0.0759712650908255,0.0115432636955231,0.0115432644584667,-7.6294355208506e-10
1,LTI_EXACT,0.924,0.148352986419518,0.0759712645428476,0.0115432637668765,0.0115432644584667,-6.91590201773451e-10
1,LTI_EXACT,0.926,0.148352986419518,0.0759712640461188,0.0115432638315566,0.0115432644584667,-6.26910082873744e-10
1,LTI_EXACT,0.928,0.148352986419518,0.0759712635958458,0.0115432638901876,0.0115432644584667,-5.68279093920987e-10
1,LTI_EXACT,0.93,0.148352986419518,0.0759712631876841,0.0115432639433352,0.0115432644584667,-5.1513149475213e-10
1,LTI_EXACT,0.932,0.148352986419518,0.0759712628176953,0.0115432639915122,0.0115432644584667,-4.66954459474311e-10
1,LTI_EXACT,0.934,0.148352986419518,0.0759712624823091,0.0115432640351835,0.0115432644584667,-4.23283120359885e-10
1,LTI_EXACT,0.936,0.148352986419518,0.0759712621782896,0.0115432640747706,0.0115432644584667,-3.83696090525132e-10
1,LTI_EXACT,0.938,0.148352986419518,0.0759712619027031,0.0115432641106553,0.0115432644584667,-3.47811389064812e-10
1,LTI_EXACT,0.94,0.148352986419518,0.0759712616528904,0.0115432641431839,0.0115432644584667,-3.15282759968949e-10
1,LTI_EXACT,0.942,0.148352986419518,0.0759712614264412,0.0115432641726703,0.0115432644584667,-2.85796329310695e-10
1,LTI_EXACT,0.944,0.148352986419518,0.0759712612211704,0.0115432641993991,0.0115432644584667,-2.59067579888583e-10
1,LTI_EXACT,0.946,0.148352986419518,0.0759712610350973,0.0115432642236281,0.0115432644584667,-2.34838605159271e-10
1,LTI_EXACT,0.948,0.148352986419518,0.0759712608664264,0.011543264245591,0.0115432644584667,-2.12875614705177e-10
1,LTI_EXACT,0.95,0.148352986419518,0.0759712607135303,0.0115432642655,0.0115432644584667,-1.92966686032858e-10
1,LTI_EXACT,0.952,0.148352986419518,0.0759712605749336,0.0115432642835469,0.0115432644584667,-1.74919715864585e-10
1,LTI_EXACT,0.954,0.148352986419518,0.075971260449299,0.0115432642999061,0.0115432644584667,-1.58560565718946e-10
1,LTI_EXACT,0.956,0.148352986419518,0.0759712603354142,0.0115432643147353,0.0115432644584667,-1.43731386167967e-10
1,LTI_EXACT,0.958,0.148352986419518,0.0759712602321803,0.0115432643281776,0.0115432644584667,-1.30289086811008e-10
1,LTI_EXACT,0.96,0.148352986419518,0.0759712601386013,0.0115432643403627,0.0115432644584667,-1.18103960639049e-10
1,LTI_EXACT,0.962,0.148352986419518,0.0759712600537741,0.0115432643514082,0.0115432644584667,-1.07058433299057e-10
1,LTI_EXACT,0.964,0.148352986419518,0.0759712599768803,0.0115432643614207,0.0115432644584667,-9.7045925115391e-11
1,LTI_EXACT,0.966,0.148352986419518,0.0759712599071778,0.0115432643704968,0.0115432644584667,-8.79698241335047e-11
1,LTI_EXACT,0.968,0.148352986419518,0.0759712598439942,0.0115432643787241,0.0115432644584667,-7.974255630816e-11
1,LTI_EXACT,0.97,0.148352986419518,0.0759712597867198,0.0115432643861819,0.0115432644584667,-7.22847337542021e-11
1,LTI_EXACT,0.972,0.148352986419518,0.0759712597348019,0.0115432643929423,0.0115432644584667,-6.55243914682302e-11
1,LTI_EXACT,0.974,0.148352986419518,0.0759712596877396,0.0115432643990704,0.0115432644584667,-5.9396305582271e-11
1,LTI_EXACT,0.976,0.148352986419518,0.0759712596450787,0.0115432644046253,0.0115432644584667,-5.38413376383051e-11
1,LTI_EXACT,0.978,0.148352986419518,0.0759712596064076,0.0115432644096608,0.0115432644584667,-4.88058933545421e-11
1,LTI_EXACT,0.98,0.148352986419518,0.0759712595713532,0.0115432644142253,0.0115432644584667,-4.42413831264199e-11
1,LTI_EXACT,0.982,0.148352986419518,0.0759712595395772,0.0115432644183629,0.0115432644584667,-4.01037640596069e-11
1,LTI_EXACT,0.984,0.148352986419518,0.075971259510773,0.0115432644221135,0.0115432644584667,-3.63531080238566e-11
1,LTI_EXACT,0.986,0.148352986419518,0.0759712594846626,0.0115432644255134,0.0115432644584667,-3.29532286874601e-11
1,LTI_EXACT,0.988,0.148352986419518,0.0759712594609943,0.0115432644285953,0.0115432644584667,-2.98713189600397e-11
1,LTI_EXACT,0.99,0.148352986419518,0.0759712594395394,0.011543264431389,0.0115432644584667,-2.70776404770467e-11
1,LTI_EXACT,0.992,0.148352986419518,0.0759712594200912,0.0115432644339214,0.0115432644584667,-2.45452373703881e-11
1,LTI_EXACT,0.994,0.148352986419518,0.0759712594024617,0.011543264436217,0.0115432644584667,-2.2249674325181e-11
1,LTI_EXACT,0.996,0.148352986419518,0.0759712593864811,0.0115432644382979,0.0115432644584667,-2.01688006573608e-11
1,LTI_EXACT,0.998,0.148352986419518,0.075971259371995,0.0115432644401841,0.0115432644584667,-1.82825404121401e-11
1,LTI_EXACT,1,0.148352986419518,0.0759712593588637,0.011543264441894,0.0115432644584667,-1.65726876666383e-11
1,LTI_EXACT,1.002,0.148352986419518,0.0759712593469606,0.0115432644434439,0.0115432644584667,-1.5022748670046e-11
1,LTI_EXACT,1.004,0.148352986419518,0.0759712593361706,0.0115432644448489,0.0115432644584667,-1.36177631671064e-11
1,LTI_EXACT,1.006,0.148352986419518,0.0759712593263897,0.0115432644461225,0.0115432644584667,-1.2344179498025e-11
1,LTI_EXACT,1.008,0.148352986419518,0.0759712593175236,0.011543264447277,0.0115432644584667,-1.11897054122512e-11
1,LTI_EXACT,1.01,0.148352986419518,0.0759712593094867,0.0115432644483235,0.0115432644584667,-1.01432005156221e-11
1,LTI_EXACT,1.012,0.148352986419518,0.0759712593022015,0.0115432644492721,0.0115432644584667,-9.19457045223115e-12
1,LTI_EXACT,1.014,0.148352986419518,0.0759712592955975,0.011543264450132,0.0115432644584667,-8.33465935157207e-12
1,LTI_EXACT,1.016,0.148352986419518,0.0759712592896112,0.0115432644509115,0.0115432644584667,-7.55517176598275e-12
1,LTI_EXACT,1.018,0.148352986419518,0.0759712592841848,0.0115432644516181,0.0115432644584667,-6.84858419974788e-12
1,LTI_EXACT,1.02,0.148352986419518,0.0759712592792659,0.0115432644522586,0.0115432644584667,-6.20807745488339e-12
1,LTI_EXACT,1.022,0.148352986419518,0.075971259274807,0.0115432644528392,0.0115432644584667,-5.62747418109133e-12
1,LTI_EXACT,1.024,0.148352986419518,0.0759712592707651,0.0115432644533655,0.0115432644584667,-5.10117295626777e-12
1,LTI_EXACT,1.026,0.148352986419518,0.0759712592671012,0.0115432644538426,0.0115432644584667,-4.62409277535158e-12
1,LTI_EXACT,1.028,0.148352986419518,0.07597125926378,0.011543264454275,0.0115432644584667,-4.19162968223752e-12
1,LTI_EXACT,1.03,0.148352986419518,0.0759712592607694,0.011543264454667,0.0115432644584667,-3.79961166696585e-12
1,LTI_EXACT,1.032,0.148352986419518,0.0759712592580403,0.0115432644550224,0.0115432644584667,-3.44425876708243e-12
1,LTI_EXACT,1.034,0.148352986419518,0.0759712592555665,0.0115432644553445,0.0115432644584667,-3.1221379648283e-12
1,LTI_EXACT,1.036,0.148352986419518,0.0759712592533241,0.0115432644556365,0.0115432644584667,-2.83014410518145e-12
1,LTI_EXACT,1.038,0.148352986419518,0.0759712592512913,0.0115432644559012,0.0115432644584667,-2.56545826249344e-12
1,LTI_EXACT,1.04,0.148352986419518,0.0759712592494487,0.0115432644561411,0.0115432644584667,-2.32552692380761e-12
1,LTI_EXACT,1.042,0.148352986419518,0.0759712592477784,0.0115432644563586,0.0115432644584667,-2.10803596800702e-12
1,LTI_EXACT,1.044,0.148352986419518,0.0759712592462644,0.0115432644565558,0.0115432644584667,-1.91088464496225e-12
1,LTI_EXACT,1.046,0.148352986419518,0.0759712592448919,0.0115432644567345,0.0115432644584667,-1.73216996302017e-12
1,LTI_EXACT,1.048,0.148352986419518,0.0759712592436478,0.0115432644568965,0.0115432644584667,-1.5701710764926e-12
1,LTI_EXACT,1.05,0.148352986419518,0.07597125924252,0.0115432644570433,0.0115432644584667,-1.42332153008073e-12
1,LTI_EXACT,1.052,0.148352986419518,0.0759712592414977,0.0115432644571764,0.0115432644584667,-1.29020925887513e-12
1,LTI_EXACT,1.054,0.148352986419518,0.075971259240571,0.0115432644572971,0.0115432644584667,-1.16954362860966e-12
1,LTI_EXACT,1.056,0.148352986419518,0.075971259239731,0.0115432644574065,0.0115432644584667,-1.06016410927889e-12
1,LTI_EXACT,1.058,0.148352986419518,0.0759712592389696,0.0115432644575056,0.0115432644584667,-9.61012519562487e-13
1,LTI_EXACT,1.06,0.148352986419518,0.0759712592382793,0.0115432644575955,0.0115432644584667,-8.71134761548653e-13
1,LTI_EXACT,1.062,0.148352986419518,0.0759712592376536,0.011543264457677,0.0115432644584667,-7.89663473499402e-13
1,LTI_EXACT,1.064,0.148352986419518,0.0759712592370865,0.0115432644577508,0.0115432644584667,-7.15811090956642e-13
1,LTI_EXACT,1.066,0.148352986419518,0.0759712592365723,0.0115432644578178,0.0115432644584667,-6.48864642571745e-13
1,LTI_EXACT,1.068,0.148352986419518,0.0759712592361063,0.0115432644578785,0.0115432644584667,-5.881822806586e-13
1,LTI_EXACT,1.07,0.148352986419518,0.0759712592356838,0.0115432644579335,0.0115432644584667,-5.331724645119e-13
1,LTI_EXACT,1.072,0.148352986419518,0.0759712592353009,0.0115432644579833,0.0115432644584667,-4.83307838194946e-13
1,LTI_EXACT,1.074,0.148352986419518,0.0759712592349538,0.0115432644580285,0.0115432644584667,-4.38107883304895e-13
1,LTI_EXACT,1.076,0.148352986419518,0.0759712592346391,0.0115432644580695,0.0115432644584667,-3.97133714802322e-13
1,LTI_EXACT,1.078,0.148352986419518,0.0759712592343539,0.0115432644581067,0.0115432644584667,-3.59993285181659e-13
1,LTI_EXACT,1.08,0.148352986419518,0.0759712592340953,0.0115432644581403,0.0115432644584667,-3.26325771959901e-13
1,LTI_EXACT,1.082,0.148352986419518,0.0759712592338609,0.0115432644581708,0.0115432644584667,-2.95806781847041e-13
1,LTI_EXACT,1.084,0.148352986419518,0.0759712592336485,0.0115432644581985,0.0115432644584667,-2.68139677128687e-13
1,LTI_EXACT,1.086,0.148352986419518,0.0759712592334559,0.0115432644582236,0.0115432644584667,-2.43064249283442e-13
1,LTI_EXACT,1.088,0.148352986419518,0.0759712592332813,0.0115432644582463,0.0115432644584667,-2.20330698130766e-13
1,LTI_EXACT,1.09,0.148352986419518,0.075971259233123,0.0115432644582669,0.0115432644584667,-1.99725652683114e-13
1,LTI_EXACT,1.092,0.148352986419518,0.0759712592329796,0.0115432644582856,0.0115432644584667,-1.81046150293795e-13
1,LTI_EXACT,1.094,0.148352986419518,0.0759712592328496,0.0115432644583025,0.0115432644584667,-1.64113514444786e-13
1,LTI_EXACT,1.096,0.148352986419518,0.0759712592327317,0.0115432644583179,0.0115432644584667,-1.48766415852819e-13
1,LTI_EXACT,1.098,0.148352986419518,0.0759712592326248,0.0115432644583318,0.0115432644584667,-1.34852198852009e-13
1,LTI_EXACT,1.1,0.148352986419518,0.075971259232528,0.0115432644583444,0.0115432644584667,-1.22240759181658e-13
1,LTI_EXACT,1.102,0.148352986419518,0.0759712592324402,0.0115432644583558,0.0115432644584667,-1.10808931474971e-13
1,LTI_EXACT,1.104,0.148352986419518,0.0759712592323606,0.0115432644583662,0.0115432644584667,-1.00445693429485e-13
1,LTI_EXACT,1.106,0.148352986419518,0.0759712592322885,0.0115432644583756,0.0115432644584667,-9.10504310835947e-14
1,LTI_EXACT,1.108,0.148352986419518,0.0759712592322231,0.0115432644583841,0.0115432644584667,-8.25346735400245e-14
1,LTI_EXACT,1.11,0.148352986419518,0.0759712592321638,0.0115432644583918,0.0115432644584667,-7.48151540719277e-14
1,LTI_EXACT,1.112,0.148352986419518,0.07597125923211,0.0115432644583988,0.0115432644584667,-6.78190142933133e-14
1,LTI_EXACT,1.114,0.148352986419518,0.0759712592320613,0.0115432644584052,0.0115432644584667,-6.14768652651421e-14
1,LTI_EXACT,1.116,0.148352986419518,0.0759712592320172,0.0115432644584109,0.0115432644584667,-5.57279916657549e-14
1,LTI_EXACT,1.118,0.148352986419518,0.0759712592319771,0.0115432644584161,0.0115432644584667,-5.05151476204446e-14
1,LTI_EXACT,1.12,0.148352986419518,0.0759712592319409,0.0115432644584209,0.0115432644584667,-4.57914955953598e-14
1,LTI_EXACT,1.122,0.148352986419518,0.075971259231908,0.0115432644584251,0.0115432644584667,-4.1508463333173e-14
1,LTI_EXACT,1.124,0.148352986419518,0.0759712592318782,0.011543264458429,0.0115432644584667,-3.76261521939369e-14
1,LTI_EXACT,1.126,0.148352986419518,0.0759712592318511,0.0115432644584325,0.0115432644584667,-3.4108132984656e-14
1,LTI_EXACT,1.128,0.148352986419518,0.0759712592318266,0.0115432644584357,0.0115432644584667,-3.09162417888587e-14
1,LTI_EXACT,1.13,0.148352986419518,0.0759712592318044,0.0115432644584386,0.0115432644584667,-2.80261924778813e-14
1,LTI_EXACT,1.132,0.148352986419518,0.0759712592317843,0.0115432644584413,0.0115432644584667,-2.54050253056803e-14
1,LTI_EXACT,1.134,0.148352986419518,0.0759712592317661,0.0115432644584436,0.0115432644584667,-2.30284541435921e-14
1,LTI_EXACT,1.136,0.148352986419518,0.0759712592317495,0.0115432644584458,0.0115432644584667,-2.08756623099049e-14
1,LTI_EXACT,1.138,0.148352986419518,0.0759712592317345,0.0115432644584477,0.0115432644584667,-1.8924098399431e-14
1,LTI_EXACT,1.14,0.148352986419518,0.0759712592317209,0.0115432644584495,0.0115432644584667,-1.71529457304587e-14
1,LTI_EXACT,1.142,0.148352986419518,0.0759712592317086,0.0115432644584511,0.0115432644584667,-1.55500612386561e-14
1,LTI_EXACT,1.144,0.148352986419518,0.0759712592316975,0.0115432644584526,0.0115432644584667,-1.40946282423116e-14
1,LTI_EXACT,1.146,0.148352986419518,0.0759712592316873,0.0115432644584539,0.0115432644584667,-1.27762384005692e-14
1,LTI_EXACT,1.148,0.148352986419518,0.0759712592316781,0.0115432644584551,0.0115432644584667,-1.15810139256212e-14
1,LTI_EXACT,1.15,0.148352986419518,0.0759712592316698,0.0115432644584562,0.0115432644584667,-1.04985464766116e-14
1,LTI_EXACT,1.152,0.148352986419518,0.0759712592316623,0.0115432644584571,0.0115432644584667,-9.51669298920876e-15
1,LTI_EXACT,1.154,0.148352986419518,0.0759712592316555,0.011543264458458,0.0115432644584667,-8.62677984603266e-15
1,LTI_EXACT,1.156,0.148352986419518,0.0759712592316493,0.0115432644584588,0.0115432644584667,-7.81839870622747e-15
1,LTI_EXACT,1.158,0.148352986419518,0.0759712592316436,0.0115432644584596,0.0115432644584667,-7.08981484631721e-15
1,LTI_EXACT,1.16,0.148352986419518,0.0759712592316386,0.0115432644584602,0.0115432644584667,-6.42541575501809e-15
1,LTI_EXACT,1.162,0.148352986419518,0.0759712592316339,0.0115432644584608,0.0115432644584667,-5.82346670885414e-15
1,LTI_EXACT,1.164,0.148352986419518,0.0759712592316298,0.0115432644584614,0.0115432644584667,-5.2804982608734e-15
1,LTI_EXACT,1.166,0.148352986419518,0.075971259231626,0.0115432644584619,0.0115432644584667,-4.78610207022001e-15
1,LTI_EXACT,1.168,0.148352986419518,0.0759712592316225,0.0115432644584623,0.0115432644584667,-4.33854341341799e-15
1,LTI_EXACT,1.17,0.148352986419518,0.0759712592316194,0.0115432644584627,0.0115432644584667,-3.93261812003942e-15
1,LTI_EXACT,1.172,0.148352986419518,0.0759712592316166,0.0115432644584631,0.0115432644584667,-3.56485674313234e-15
1,LTI_EXACT,1.174,0.148352986419518,0.075971259231614,0.0115432644584634,0.0115432644584667,-3.23178983574479e-15
1,LTI_EXACT,1.176,0.148352986419518,0.0759712592316117,0.0115432644584637,0.0115432644584667,-2.92994795092483e-15
1,LTI_EXACT,1.178,0.148352986419518,0.0759712592316096,0.011543264458464,0.0115432644584667,-2.65412691824451e-15
1,LTI_EXACT,1.18,0.148352986419518,0.0759712592316077,0.0115432644584642,0.0115432644584667,-2.40779618465581e-15
1,LTI_EXACT,1.182,0.148352986419518,0.075971259231606,0.0115432644584645,0.0115432644584667,-2.18054740930285e-15
1,LTI_EXACT,1.184,0.148352986419518,0.0759712592316044,0.0115432644584647,0.0115432644584667,-1.97758476261356e-15
1,LTI_EXACT,1.186,0.148352986419518,0.075971259231603,0.0115432644584649,0.0115432644584667,-1.79196935068404e-15
1,LTI_EXACT,1.188,0.148352986419518,0.0759712592316017,0.011543264458465,0.0115432644584667,-1.62370117351429e-15
1,LTI_EXACT,1.19,0.148352986419518,0.0759712592316005,0.0115432644584652,0.0115432644584667,-1.47278023110431e-15
1,LTI_EXACT,1.192,0.148352986419518,0.0759712592315995,0.0115432644584653,0.0115432644584667,-1.33573707650214e-15
1,LTI_EXACT,1.194,0.148352986419518,0.0759712592315985,0.0115432644584654,0.0115432644584667,-1.21083698623181e-15
1,LTI_EXACT,1.196,0.148352986419518,0.0759712592315976,0.0115432644584656,0.0115432644584667,-1.09634523681734e-15
1,LTI_EXACT,1.198,0.148352986419518,0.0759712592315968,0.0115432644584657,0.0115432644584667,-9.9399655173471e-16
1,LTI_EXACT,1.2,0.148352986419518,0.0759712592315961,0.0115432644584658,0.0115432644584667,-9.0205620750794e-16
1,LTI_EXACT,1.202,0.148352986419518,0.0759712592315955,0.0115432644584658,0.0115432644584667,-8.17054757185076e-16
1,LTI_EXACT,1.204,0.148352986419518,0.0759712592315949,0.0115432644584659,0.0115432644584667,-7.40726924242097e-16
1,LTI_EXACT,1.206,0.148352986419518,0.0759712592315944,0.011543264458466,0.0115432644584667,-6.73072708679001e-16
1,LTI_EXACT,1.208,0.148352986419518,0.0759712592315939,0.011543264458466,0.0115432644584667,-6.08887940067859e-16
1,LTI_EXACT,1.21,0.148352986419518,0.0759712592315934,0.0115432644584661,0.0115432644584667,-5.51642065360625e-16
1,LTI_EXACT,1.212,0.148352986419518,0.075971259231593,0.0115432644584662,0.0115432644584667,-5.01335084557297e-16
1,LTI_EXACT,1.214,0.148352986419518,0.0759712592315927,0.0115432644584662,0.0115432644584667,-4.52762827229947e-16
1,LTI_EXACT,1.216,0.148352986419518,0.0759712592315924,0.0115432644584662,0.0115432644584667,-4.09394740330526e-16
1,LTI_EXACT,1.218,0.148352986419518,0.0759712592315921,0.0115432644584663,0.0115432644584667,-3.72965547335014e-16
1,LTI_EXACT,1.22,0.148352986419518,0.0759712592315918,0.0115432644584663,0.0115432644584667,-3.38271077815477e-16
1,LTI_EXACT,1.222,0.148352986419518,0.0759712592315916,0.0115432644584664,0.0115432644584667,-3.05311331771918e-16
1,LTI_EXACT,1.224,0.148352986419518,0.0759712592315913,0.0115432644584664,0.0115432644584667,-2.77555756156289e-16
1,LTI_EXACT,1.226,0.148352986419518,0.0759712592315911,0.0115432644584664,0.0115432644584667,-2.51534904016637e-16
1,LTI_EXACT,1.228,0.148352986419518,0.075971259231591,0.0115432644584664,0.0115432644584667,-2.27248775352962e-16
1,LTI_EXACT,1.23,0.148352986419518,0.0759712592315908,0.0115432644584664,0.0115432644584667,-2.0643209364124e-16
1,LTI_EXACT,1.232,0.148352986419518,0.0759712592315906,0.0115432644584665,0.0115432644584667,-1.87350135405495e-16
1,LTI_EXACT,1.234,0.148352986419518,0.0759712592315905,0.0115432644584665,0.0115432644584667,-1.70002900645727e-16
1,LTI_EXACT,1.236,0.148352986419518,0.0759712592315904,0.0115432644584665,0.0115432644584667,-1.54390389361936e-16
1,LTI_EXACT,1.238,0.148352986419518,0.0759712592315903,0.0115432644584665,0.0115432644584667,-1.38777878078145e-16
1,LTI_EXACT,1.24,0.148352986419518,0.0759712592315902,0.0115432644584665,0.0115432644584667,-1.26634813746307e-16
1,LTI_EXACT,1.242,0.148352986419518,0.0759712592315901,0.0115432644584665,0.0115432644584667,-1.14491749414469e-16
1,LTI_EXACT,1.244,0.148352986419518,0.07597125923159,0.0115432644584666,0.0115432644584667,-1.04083408558608e-16
1,LTI_EXACT,1.246,0.148352986419518,0.0759712592315899,0.0115432644584666,0.0115432644584667,-9.36750677027476e-17
1,LTI_EXACT,1.248,0.148352986419518,0.0759712592315899,0.0115432644584666,0.0115432644584667,-8.50014503228635e-17
1,LTI_EXACT,1.25,0.148352986419518,0.0759712592315898,0.0115432644584666,0.0115432644584667,-7.80625564189563e-17
1,LTI_EXACT,1.252,0.148352986419518,0.0759712592315897,0.0115432644584666,0.0115432644584667,-7.11236625150491e-17
1,LTI_EXACT,1.254,0.148352986419518,0.0759712592315897,0.0115432644584666,0.0115432644584667,-6.24500451351651e-17
1,LTI_EXACT,1.256,0.148352986419518,0.0759712592315896,0.0115432644584666,0.0115432644584667,-5.72458747072346e-17
1,LTI_EXACT,1.258,0.148352986419518,0.0759712592315896,0.0115432644584666,0.0115432644584667,-5.20417042793042e-17
1,LTI_EXACT,1.26,0.148352986419518,0.0759712592315896,0.0115432644584666,0.0115432644584667,-4.68375338513738e-17
1,LTI_EXACT,1.262,0.148352986419518,0.0759712592315895,0.0115432644584666,0.0115432644584667,-4.33680868994202e-17
1,LTI_EXACT,1.264,0.148352986419518,0.0759712592315895,0.0115432644584666,0.0115432644584667,-3.98986399474666e-17
1,LTI_EXACT,1.266,0.148352986419518,0.0759712592315895,0.0115432644584666,0.0115432644584667,-3.64291929955129e-17
1,LTI_EXACT,1.268,0.148352986419518,0.0759712592315895,0.0115432644584666,0.0115432644584667,-3.29597460435593e-17
1,LTI_EXACT,1.27,0.148352986419518,0.0759712592315894,0.0115432644584666,0.0115432644584667,-2.94902990916057e-17
1,LTI_EXACT,1.272,0.148352986419518,0.0759712592315894,0.0115432644584666,0.0115432644584667,-2.77555756156289e-17
1,LTI_EXACT,1.274,0.148352986419518,0.0759712592315894,0.0115432644584666,0.0115432644584667,-2.42861286636753e-17
1,LTI_EXACT,1.276,0.148352986419518,0.0759712592315894,0.0115432644584666,0.0115432644584667,-2.25514051876985e-17
1,LTI_EXACT,1.278,0.148352986419518,0.0759712592315894,0.0115432644584666,0.0115432644584667,-1.90819582357449e-17
1,LTI_EXACT,1.28,0.148352986419518,0.0759712592315893,0.0115432644584666,0.0115432644584667,-1.73472347597681e-17
1,LTI_EXACT,1.282,0.148352986419518,0.0759712592315893,0.0115432644584666,0.0115432644584667,-1.56125112837913e-17
1,LTI_EXACT,1.284,0.148352986419518,0.0759712592315893,0.0115432644584666,0.0115432644584667,-1.38777878078145e-17
1,LTI_EXACT,1.286,0.148352986419518,0.0759712592315893,0.0115432644584666,0.0115432644584667,-1.21430643318376e-17
1,LTI_EXACT,1.288,0.148352986419518,0.0759712592315893,0.0115432644584666,0.0115432644584667,-1.21430643318376e-17
1,LTI_EXACT,1.29,0.148352986419518,0.0759712592315893,0.0115432644584666,0.0115432644584667,-1.04083408558608e-17
1,LTI_EXACT,1.292,0.148352986419518,0.0759712592315893,0.0115432644584666,0.0115432644584667,-8.67361737988404e-18
1,LTI_EXACT,1.294,0.148352986419518,0.0759712592315893,0.0115432644584666,0.0115432644584667,-8.67361737988404e-18
1,LTI_EXACT,1.296,0.148352986419518,0.0759712592315893,0.0115432644584666,0.0115432644584667,-6.93889390390723e-18
1,LTI_EXACT,1.298,0.148352986419518,0.0759712592315893,0.0115432644584666,0.0115432644584667,-6.93889390390723e-18
1,LTI_EXACT,1.3,0.148352986419518,0.0759712592315893,0.0115432644584666,0.0115432644584667,-6.93889390390723e-18
1,LTI_EXACT,1.302,0.148352986419518,0.0759712592315892,0.0115432644584667,0.0115432644584667,-5.20417042793042e-18
1,LTI_EXACT,1.304,0.148352986419518,0.0759712592315892,0.0115432644584667,0.0115432644584667,-5.20417042793042e-18
1,LTI_EXACT,1.306,0.148352986419518,0.0759712592315892,0.0115432644584667,0.0115432644584667,-5.20417042793042e-18
1,LTI_EXACT,1.308,0.148352986419518,0.0759712592315892,0.0115432644584667,0.0115432644584667,-3.46944695195361e-18
1,LTI_EXACT,1.31,0.148352986419518,0.0759712592315892,0.0115432644584667,0.0115432644584667,-3.46944695195361e-18
1,LTI_EXACT,1.312,0.148352986419518,0.0759712592315892,0.0115432644584667,0.0115432644584667,-3.46944695195361e-18
1,LTI_EXACT,1.314,0.148352986419518,0.0759712592315892,0.0115432644584667,0.0115432644584667,-3.46944695195361e-18
1,LTI_EXACT,1.316,0.148352986419518,0.0759712592315892,0.0115432644584667,0.0115432644584667,-3.46944695195361e-18
1,LTI_EXACT,1.318,0.148352986419518,0.0759712592315892,0.0115432644584667,0.0115432644584667,-3.46944695195361e-18
1,LTI_EXACT,1.32,0.148352986419518,0.0759712592315892,0.0115432644584667,0.0115432644584667,-1.73472347597681e-18
1,LTI_EXACT,1.322,0.148352986419518,0.0759712592315892,0.0115432644584667,0.0115432644584667,-1.73472347597681e-18
1,LTI_EXACT,1.324,0.148352986419518,0.0759712592315892,0.0115432644584667,0.0115432644584667,-1.73472347597681e-18
1,LTI_EXACT,1.326,0.148352986419518,0.0759712592315892,0.0115432644584667,0.0115432644584667,-1.73472347597681e-18
1,LTI_EXACT,1.328,0.148352986419518,0.0759712592315892,0.0115432644584667,0.0115432644584667,-1.73472347597681e-18
1,LTI_EXACT,1.33,0.148352986419518,0.0759712592315892,0.0115432644584667,0.0115432644584667,-1.73472347597681e-18
1,LTI_EXACT,1.332,0.148352986419518,0.0759712592315892,0.0115432644584667,0.0115432644584667,-1.73472347597681e-18
1,LTI_EXACT,1.334,0.148352986419518,0.0759712592315892,0.0115432644584667,0.0115432644584667,-1.73472347597681e-18
1,LTI_EXACT,1.336,0.148352986419518,0.0759712592315892,0.0115432644584667,0.0115432644584667,-1.73472347597681e-18
1,LTI_EXACT,1.338,0.148352986419518,0.0759712592315892,0.0115432644584667,0.0115432644584667,-1.73472347597681e-18
1,LTI_EXACT,1.34,0.148352986419518,0.0759712592315892,0.0115432644584667,0.0115432644584667,-1.73472347597681e-18
1,LTI_EXACT,1.342,0.148352986419518,0.0759712592315892,0.0115432644584667,0.0115432644584667,0
1,LTI_EXACT,1.344,0.148352986419518,0.0759712592315892,0.0115432644584667,0.0115432644584667,0
1,LTI_EXACT,1.346,0.148352986419518,0.0759712592315892,0.0115432644584667,0.0115432644584667,0
1,LTI_EXACT,1.348,0.148352986419518,0.0759712592315892,0.0115432644584667,0.0115432644584667,0
1,LTI_EXACT,1.35,0.148352986419518,0.0759712592315892,0.0115432644584667,0.0115432644584667,0
1,LTI_EXACT,1.352,0.148352986419518,0.0759712592315892,0.0115432644584667,0.0115432644584667,0
1,LTI_EXACT,1.354,0.148352986419518,0.0759712592315892,0.0115432644584667,0.0115432644584667,0
1,LTI_EXACT,1.356,0.148352986419518,0.0759712592315892,0.0115432644584667,0.0115432644584667,0
1,LTI_EXACT,1.358,0.148352986419518,0.0759712592315892,0.0115432644584667,0.0115432644584667,0
1,LTI_EXACT,1.36,0.148352986419518,0.0759712592315892,0.0115432644584667,0.0115432644584667,0
1,LTI_EXACT,1.362,0.148352986419518,0.0759712592315892,0.0115432644584667,0.0115432644584667,0
1,LTI_EXACT,1.364,0.148352986419518,0.0759712592315892,0.0115432644584667,0.0115432644584667,0
1,LTI_EXACT,1.366,0.148352986419518,0.0759712592315892,0.0115432644584667,0.0115432644584667,0
1,LTI_EXACT,1.368,0.148352986419518,0.0759712592315892,0.0115432644584667,0.0115432644584667,0
1,LTI_EXACT,1.37,0.148352986419518,0.0759712592315892,0.0115432644584667,0.0115432644584667,0
1,LTI_EXACT,1.372,0.148352986419518,0.0759712592315892,0.0115432644584667,0.0115432644584667,0
1,LTI_EXACT,1.374,0.148352986419518,0.0759712592315892,0.0115432644584667,0.0115432644584667,0
1,LTI_EXACT,1.376,0.148352986419518,0.0759712592315892,0.0115432644584667,0.0115432644584667,0
1,LTI_EXACT,1.378,0.148352986419518,0.0759712592315892,0.0115432644584667,0.0115432644584667,0
1,LTI_EXACT,1.38,0.148352986419518,0.0759712592315892,0.0115432644584667,0.0115432644584667,0
1,LTI_EXACT,1.382,0.148352986419518,0.0759712592315892,0.0115432644584667,0.0115432644584667,0
1,LTI_EXACT,1.384,0.148352986419518,0.0759712592315892,0.0115432644584667,0.0115432644584667,0
1,LTI_EXACT,1.386,0.148352986419518,0.0759712592315892,0.0115432644584667,0.0115432644584667,0
1,LTI_EXACT,1.388,0.148352986419518,0.0759712592315892,0.0115432644584667,0.0115432644584667,0
1,LTI_EXACT,1.39,0.148352986419518,0.0759712592315892,0.0115432644584667,0.0115432644584667,0
1,LTI_EXACT,1.392,0.148352986419518,0.0759712592315892,0.0115432644584667,0.0115432644584667,0
1,LTI_EXACT,1.394,0.148352986419518,0.0759712592315892,0.0115432644584667,0.0115432644584667,0
1,LTI_EXACT,1.396,0.148352986419518,0.0759712592315892,0.0115432644584667,0.0115432644584667,0
1,LTI_EXACT,1.398,0.148352986419518,0.0759712592315892,0.0115432644584667,0.0115432644584667,0
1,LTI_EXACT,1.4,0.148352986419518,0.0759712592315892,0.0115432644584667,0.0115432644584667,0
1,LTI_EXACT,1.402,0.148352986419518,0.0759712592315892,0.0115432644584667,0.0115432644584667,0
1,LTI_EXACT,1.404,0.148352986419518,0.0759712592315892,0.0115432644584667,0.0115432644584667,0
1,LTI_EXACT,1.406,0.148352986419518,0.0759712592315892,0.0115432644584667,0.0115432644584667,0
1,LTI_EXACT,1.408,0.148352986419518,0.0759712592315892,0.0115432644584667,0.0115432644584667,0
1,LTI_EXACT,1.41,0.148352986419518,0.0759712592315892,0.0115432644584667,0.0115432644584667,0
1,LTI_EXACT,1.412,0.148352986419518,0.0759712592315892,0.0115432644584667,0.0115432644584667,0
1,LTI_EXACT,1.414,0.148352986419518,0.0759712592315892,0.0115432644584667,0.0115432644584667,0
1,LTI_EXACT,1.416,0.148352986419518,0.0759712592315892,0.0115432644584667,0.0115432644584667,0
1,LTI_EXACT,1.418,0.148352986419518,0.0759712592315892,0.0115432644584667,0.0115432644584667,0
1,LTI_EXACT,1.42,0.148352986419518,0.0759712592315892,0.0115432644584667,0.0115432644584667,0
1,LTI_EXACT,1.422,0.148352986419518,0.0759712592315892,0.0115432644584667,0.0115432644584667,0
1,LTI_EXACT,1.424,0.148352986419518,0.0759712592315892,0.0115432644584667,0.0115432644584667,0
1,LTI_EXACT,1.426,0.148352986419518,0.0759712592315892,0.0115432644584667,0.0115432644584667,0
1,LTI_EXACT,1.428,0.148352986419518,0.0759712592315892,0.0115432644584667,0.0115432644584667,0
1,LTI_EXACT,1.43,0.148352986419518,0.0759712592315892,0.0115432644584667,0.0115432644584667,0
1,LTI_EXACT,1.432,0.148352986419518,0.0759712592315892,0.0115432644584667,0.0115432644584667,0
1,LTI_EXACT,1.434,0.148352986419518,0.0759712592315892,0.0115432644584667,0.0115432644584667,0
1,LTI_EXACT,1.436,0.148352986419518,0.0759712592315892,0.0115432644584667,0.0115432644584667,0
1,LTI_EXACT,1.438,0.148352986419518,0.0759712592315892,0.0115432644584667,0.0115432644584667,0
1,LTI_EXACT,1.44,0.148352986419518,0.0759712592315892,0.0115432644584667,0.0115432644584667,0
1,LTI_EXACT,1.442,0.148352986419518,0.0759712592315892,0.0115432644584667,0.0115432644584667,0
1,LTI_EXACT,1.444,0.148352986419518,0.0759712592315892,0.0115432644584667,0.0115432644584667,0
1,LTI_EXACT,1.446,0.148352986419518,0.0759712592315892,0.0115432644584667,0.0115432644584667,0
1,LTI_EXACT,1.448,0.148352986419518,0.0759712592315892,0.0115432644584667,0.0115432644584667,0
1,LTI_EXACT,1.45,0.148352986419518,0.0759712592315892,0.0115432644584667,0.0115432644584667,0
1,LTI_EXACT,1.452,0.148352986419518,0.0759712592315892,0.0115432644584667,0.0115432644584667,0
1,LTI_EXACT,1.454,0.148352986419518,0.0759712592315892,0.0115432644584667,0.0115432644584667,0
1,LTI_EXACT,1.456,0.148352986419518,0.0759712592315892,0.0115432644584667,0.0115432644584667,0
1,LTI_EXACT,1.458,0.148352986419518,0.0759712592315892,0.0115432644584667,0.0115432644584667,0
1,LTI_EXACT,1.46,0.148352986419518,0.0759712592315892,0.0115432644584667,0.0115432644584667,0
1,LTI_EXACT,1.462,0.148352986419518,0.0759712592315892,0.0115432644584667,0.0115432644584667,0
1,LTI_EXACT,1.464,0.148352986419518,0.0759712592315892,0.0115432644584667,0.0115432644584667,0
1,LTI_EXACT,1.466,0.148352986419518,0.0759712592315892,0.0115432644584667,0.0115432644584667,0
1,LTI_EXACT,1.468,0.148352986419518,0.0759712592315892,0.0115432644584667,0.0115432644584667,0
1,LTI_EXACT,1.47,0.148352986419518,0.0759712592315892,0.0115432644584667,0.0115432644584667,0
1,LTI_EXACT,1.472,0.148352986419518,0.0759712592315892,0.0115432644584667,0.0115432644584667,0
1,LTI_EXACT,1.474,0.148352986419518,0.0759712592315892,0.0115432644584667,0.0115432644584667,0
1,LTI_EXACT,1.476,0.148352986419518,0.0759712592315892,0.0115432644584667,0.0115432644584667,0
1,LTI_EXACT,1.478,0.148352986419518,0.0759712592315892,0.0115432644584667,0.0115432644584667,0
1,LTI_EXACT,1.48,0.148352986419518,0.0759712592315892,0.0115432644584667,0.0115432644584667,0
1,LTI_EXACT,1.482,0.148352986419518,0.0759712592315892,0.0115432644584667,0.0115432644584667,0
1,LTI_EXACT,1.484,0.148352986419518,0.0759712592315892,0.0115432644584667,0.0115432644584667,0
1,LTI_EXACT,1.486,0.148352986419518,0.0759712592315892,0.0115432644584667,0.0115432644584667,0
1,LTI_EXACT,1.488,0.148352986419518,0.0759712592315892,0.0115432644584667,0.0115432644584667,0
1,LTI_EXACT,1.49,0.148352986419518,0.0759712592315892,0.0115432644584667,0.0115432644584667,0
1,LTI_EXACT,1.492,0.148352986419518,0.0759712592315892,0.0115432644584667,0.0115432644584667,0
1,LTI_EXACT,1.494,0.148352986419518,0.0759712592315892,0.0115432644584667,0.0115432644584667,0
1,LTI_EXACT,1.496,0.148352986419518,0.0759712592315892,0.0115432644584667,0.0115432644584667,0
1,LTI_EXACT,1.498,0.148352986419518,0.0759712592315892,0.0115432644584667,0.0115432644584667,0
1,LTI_EXACT,1.5,0.148352986419518,0.0759712592315892,0.0115432644584667,0.0115432644584667,0
1,SCHEDULED_EXACT,0,0.148352986419518,0.0759712592315892,0.0115432644584667,0.0115432644584667,0
1,SCHEDULED_EXACT,0.002,0.148352986419518,0.0759712592315892,0.0115432644584667,0.0115432644584667,0
1,SCHEDULED_EXACT,0.004,0.148352986419518,0.0759712592315892,0.0115432644584667,0.0115432644584667,0
1,SCHEDULED_EXACT,0.006,0.148352986419518,0.0759712592315892,0.0115432644584667,0.0115432644584667,0
1,SCHEDULED_EXACT,0.008,0.148352986419518,0.0759712592315892,0.0115432644584667,0.0115432644584667,0
1,SCHEDULED_EXACT,0.01,0.148352986419518,0.0759712592315892,0.0115432644584667,0.0115432644584667,0
1,SCHEDULED_EXACT,0.012,0.148352986419518,0.0759712592315892,0.0115432644584667,0.0115432644584667,0
1,SCHEDULED_EXACT,0.014,0.148352986419518,0.0759712592315892,0.0115432644584667,0.0115432644584667,0
1,SCHEDULED_EXACT,0.016,0.148352986419518,0.0759712592315892,0.0115432644584667,0.0115432644584667,0
1,SCHEDULED_EXACT,0.018,0.148352986419518,0.0759712592315892,0.0115432644584667,0.0115432644584667,0
1,SCHEDULED_EXACT,0.02,0.148352986419518,0.0759712592315892,0.0115432644584667,0.0115432644584667,0
1,SCHEDULED_EXACT,0.022,0.148352986419518,0.0759712592315892,0.0115432644584667,0.0115432644584667,0
1,SCHEDULED_EXACT,0.024,0.148352986419518,0.0759712592315892,0.0115432644584667,0.0115432644584667,0
1,SCHEDULED_EXACT,0.026,0.148352986419518,0.0759712592315892,0.0115432644584667,0.0115432644584667,0
1,SCHEDULED_EXACT,0.028,0.148352986419518,0.0759712592315892,0.0115432644584667,0.0115432644584667,0
1,SCHEDULED_EXACT,0.03,0.148352986419518,0.0759712592315892,0.0115432644584667,0.0115432644584667,0
1,SCHEDULED_EXACT,0.032,0.148352986419518,0.0759712592315892,0.0115432644584667,0.0115432644584667,0
1,SCHEDULED_EXACT,0.034,0.148352986419518,0.0759712592315892,0.0115432644584667,0.0115432644584667,0
1,SCHEDULED_EXACT,0.036,0.148352986419518,0.0759712592315892,0.0115432644584667,0.0115432644584667,0
1,SCHEDULED_EXACT,0.038,0.148352986419518,0.0759712592315892,0.0115432644584667,0.0115432644584667,0
1,SCHEDULED_EXACT,0.04,0.148352986419518,0.0759712592315892,0.0115432644584667,0.0115432644584667,0
1,SCHEDULED_EXACT,0.042,0.148352986419518,0.0759712592315892,0.0115432644584667,0.0115432644584667,0
1,SCHEDULED_EXACT,0.044,0.148352986419518,0.0759712592315892,0.0115432644584667,0.0115432644584667,0
1,SCHEDULED_EXACT,0.046,0.148352986419518,0.0759712592315892,0.0115432644584667,0.0115432644584667,0
1,SCHEDULED_EXACT,0.048,0.148352986419518,0.0759712592315892,0.0115432644584667,0.0115432644584667,0
1,SCHEDULED_EXACT,0.05,0.148352986419518,0.0759712592315892,0.0115432644584667,0.0115432644584667,0
1,SCHEDULED_EXACT,0.052,0.148352986419518,0.0759712592315892,0.0115432644584667,0.0115432644584667,0
1,SCHEDULED_EXACT,0.054,0.148352986419518,0.0759712592315892,0.0115432644584667,0.0115432644584667,0
1,SCHEDULED_EXACT,0.056,0.148352986419518,0.0759712592315892,0.0115432644584667,0.0115432644584667,0
1,SCHEDULED_EXACT,0.058,0.148352986419518,0.0759712592315892,0.0115432644584667,0.0115432644584667,0
1,SCHEDULED_EXACT,0.06,0.148352986419518,0.0759712592315892,0.0115432644584667,0.0115432644584667,0
1,SCHEDULED_EXACT,0.062,0.148352986419518,0.0759712592315892,0.0115432644584667,0.0115432644584667,0
1,SCHEDULED_EXACT,0.064,0.148352986419518,0.0759712592315892,0.0115432644584667,0.0115432644584667,0
1,SCHEDULED_EXACT,0.066,0.148352986419518,0.0759712592315892,0.0115432644584667,0.0115432644584667,0
1,SCHEDULED_EXACT,0.068,0.148352986419518,0.0759712592315892,0.0115432644584667,0.0115432644584667,0
1,SCHEDULED_EXACT,0.07,0.148352986419518,0.0759712592315892,0.0115432644584667,0.0115432644584667,0
1,SCHEDULED_EXACT,0.072,0.148352986419518,0.0759712592315892,0.0115432644584667,0.0115432644584667,0
1,SCHEDULED_EXACT,0.074,0.148352986419518,0.0759712592315892,0.0115432644584667,0.0115432644584667,0
1,SCHEDULED_EXACT,0.076,0.148352986419518,0.0759712592315892,0.0115432644584667,0.0115432644584667,0
1,SCHEDULED_EXACT,0.078,0.148352986419518,0.0759712592315892,0.0115432644584667,0.0115432644584667,0
1,SCHEDULED_EXACT,0.08,0.148352986419518,0.0759712592315892,0.0115432644584667,0.0115432644584667,0
1,SCHEDULED_EXACT,0.082,0.148352986419518,0.0759712592315892,0.0115432644584667,0.0115432644584667,0
1,SCHEDULED_EXACT,0.084,0.148352986419518,0.0759712592315892,0.0115432644584667,0.0115432644584667,0
1,SCHEDULED_EXACT,0.086,0.148352986419518,0.0759712592315892,0.0115432644584667,0.0115432644584667,0
1,SCHEDULED_EXACT,0.088,0.148352986419518,0.0759712592315892,0.0115432644584667,0.0115432644584667,0
1,SCHEDULED_EXACT,0.09,0.148352986419518,0.0759712592315892,0.0115432644584667,0.0115432644584667,0
1,SCHEDULED_EXACT,0.092,0.148352986419518,0.0759712592315892,0.0115432644584667,0.0115432644584667,0
1,SCHEDULED_EXACT,0.094,0.148352986419518,0.0759712592315892,0.0115432644584667,0.0115432644584667,0
1,SCHEDULED_EXACT,0.096,0.148352986419518,0.0759712592315892,0.0115432644584667,0.0115432644584667,0
1,SCHEDULED_EXACT,0.098,0.148352986419518,0.0759712592315892,0.0115432644584667,0.0115432644584667,0
1,SCHEDULED_EXACT,0.1,0.148352986419518,0.0759712592315892,0.0115432644584667,0.0115432644584667,0
1,SCHEDULED_EXACT,0.102,0.148352986419518,0.0759712592315892,0.0115432644584667,0.0115432644584667,0
1,SCHEDULED_EXACT,0.104,0.148352986419518,0.0759712592315892,0.0115432644584667,0.0115432644584667,0
1,SCHEDULED_EXACT,0.106,0.148352986419518,0.0759712592315892,0.0115432644584667,0.0115432644584667,0
1,SCHEDULED_EXACT,0.108,0.148352986419518,0.0759712592315892,0.0115432644584667,0.0115432644584667,0
1,SCHEDULED_EXACT,0.11,0.148352986419518,0.0759712592315892,0.0115432644584667,0.0115432644584667,0
1,SCHEDULED_EXACT,0.112,0.148352986419518,0.0759712592315892,0.0115432644584667,0.0115432644584667,0
1,SCHEDULED_EXACT,0.114,0.148352986419518,0.0759712592315892,0.0115432644584667,0.0115432644584667,0
1,SCHEDULED_EXACT,0.116,0.148352986419518,0.0759712592315892,0.0115432644584667,0.0115432644584667,0
1,SCHEDULED_EXACT,0.118,0.148352986419518,0.0759712592315892,0.0115432644584667,0.0115432644584667,0
1,SCHEDULED_EXACT,0.12,0.148352986419518,0.0759712592315892,0.0115432644584667,0.0115432644584667,0
1,SCHEDULED_EXACT,0.122,0.148352986419518,0.0759712592315892,0.0115432644584667,0.0115432644584667,0
1,SCHEDULED_EXACT,0.124,0.148352986419518,0.0759712592315892,0.0115432644584667,0.0115432644584667,0
1,SCHEDULED_EXACT,0.126,0.148352986419518,0.0759712592315892,0.0115432644584667,0.0115432644584667,0
1,SCHEDULED_EXACT,0.128,0.148352986419518,0.0759712592315892,0.0115432644584667,0.0115432644584667,0
1,SCHEDULED_EXACT,0.13,0.148352986419518,0.0759712592315892,0.0115432644584667,0.0115432644584667,0
1,SCHEDULED_EXACT,0.132,0.148352986419518,0.0759712592315892,0.0115432644584667,0.0115432644584667,0
1,SCHEDULED_EXACT,0.134,0.148352986419518,0.0759712592315892,0.0115432644584667,0.0115432644584667,0
1,SCHEDULED_EXACT,0.136,0.148352986419518,0.0759712592315892,0.0115432644584667,0.0115432644584667,0
1,SCHEDULED_EXACT,0.138,0.148352986419518,0.0759712592315892,0.0115432644584667,0.0115432644584667,0
1,SCHEDULED_EXACT,0.14,0.148352986419518,0.0759712592315892,0.0115432644584667,0.0115432644584667,0
1,SCHEDULED_EXACT,0.142,0.148352986419518,0.0759712592315892,0.0115432644584667,0.0115432644584667,0
1,SCHEDULED_EXACT,0.144,0.148352986419518,0.0759712592315892,0.0115432644584667,0.0115432644584667,0
1,SCHEDULED_EXACT,0.146,0.148352986419518,0.0759712592315892,0.0115432644584667,0.0115432644584667,0
1,SCHEDULED_EXACT,0.148,0.148352986419518,0.0759712592315892,0.0115432644584667,0.0115432644584667,0
1,SCHEDULED_EXACT,0.15,0.148352986419518,0.0759712592315892,0.0115432644584667,0.0115432644584667,0
1,SCHEDULED_EXACT,0.152,0.148352986419518,0.0759712592315892,0.0115432644584667,0.0115432644584667,0
1,SCHEDULED_EXACT,0.154,0.148352986419518,0.0759712592315892,0.0115432644584667,0.0115432644584667,0
1,SCHEDULED_EXACT,0.156,0.148352986419518,0.0759712592315892,0.0115432644584667,0.0115432644584667,0
1,SCHEDULED_EXACT,0.158,0.148352986419518,0.0759712592315892,0.0115432644584667,0.0115432644584667,0
1,SCHEDULED_EXACT,0.16,0.148352986419518,0.0759712592315892,0.0115432644584667,0.0115432644584667,0
1,SCHEDULED_EXACT,0.162,0.148352986419518,0.0759712592315892,0.0115432644584667,0.0115432644584667,0
1,SCHEDULED_EXACT,0.164,0.148352986419518,0.0759712592315892,0.0115432644584667,0.0115432644584667,0
1,SCHEDULED_EXACT,0.166,0.148352986419518,0.0759712592315892,0.0115432644584667,0.0115432644584667,0
1,SCHEDULED_EXACT,0.168,0.148352986419518,0.0759712592315892,0.0115432644584667,0.0115432644584667,0
1,SCHEDULED_EXACT,0.17,0.148352986419518,0.0759712592315892,0.0115432644584667,0.0115432644584667,0
1,SCHEDULED_EXACT,0.172,0.148352986419518,0.0759712592315892,0.0115432644584667,0.0115432644584667,0
1,SCHEDULED_EXACT,0.174,0.148352986419518,0.0759712592315892,0.0115432644584667,0.0115432644584667,0
1,SCHEDULED_EXACT,0.176,0.148352986419518,0.0759712592315892,0.0115432644584667,0.0115432644584667,0
1,SCHEDULED_EXACT,0.178,0.148352986419518,0.0759712592315892,0.0115432644584667,0.0115432644584667,0
1,SCHEDULED_EXACT,0.18,0.148352986419518,0.0759712592315892,0.0115432644584667,0.0115432644584667,0
1,SCHEDULED_EXACT,0.182,0.148352986419518,0.0759712592315892,0.0115432644584667,0.0115432644584667,0
1,SCHEDULED_EXACT,0.184,0.148352986419518,0.0759712592315892,0.0115432644584667,0.0115432644584667,0
1,SCHEDULED_EXACT,0.186,0.148352986419518,0.0759712592315892,0.0115432644584667,0.0115432644584667,0
1,SCHEDULED_EXACT,0.188,0.148352986419518,0.0759712592315892,0.0115432644584667,0.0115432644584667,0
1,SCHEDULED_EXACT,0.19,0.148352986419518,0.0759712592315892,0.0115432644584667,0.0115432644584667,0
1,SCHEDULED_EXACT,0.192,0.148352986419518,0.0759712592315892,0.0115432644584667,0.0115432644584667,0
1,SCHEDULED_EXACT,0.194,0.148352986419518,0.0759712592315892,0.0115432644584667,0.0115432644584667,0
1,SCHEDULED_EXACT,0.196,0.148352986419518,0.0759712592315892,0.0115432644584667,0.0115432644584667,0
1,SCHEDULED_EXACT,0.198,0.148352986419518,0.0759712592315892,0.0115432644584667,0.0115432644584667,0
1,SCHEDULED_EXACT,0.2,0.150098315671512,0.0759712592315892,0.0116811329770202,0.0116399067566197,4.12262204005226e-05
1,SCHEDULED_EXACT,0.202,0.150098315671512,0.0760009631056774,0.0116772743318789,0.0116399067566197,3.73675752592291e-05
1,SCHEDULED_EXACT,0.204,0.150098315671512,0.0760278901273437,0.0116737764103279,0.0116399067566197,3.38696537081993e-05
1,SCHEDULED_EXACT,0.206,0.150098315671512,0.0760522992936642,0.0116706055676713,0.0116399067566197,3.06988110515896e-05
1,SCHEDULED_EXACT,0.208,0.150098315671512,0.0760744255513894,0.0116677312834411,0.0116399067566197,2.78245268214312e-05
1,SCHEDULED_EXACT,0.21,0.150098315671512,0.0760944820112438,0.0116651258737515,0.0116399067566197,2.52191171318111e-05
1,SCHEDULED_EXACT,0.212,0.150098315671512,0.0761126619617592,0.011662764229694,0.0116399067566197,2.28574730743187e-05
1,SCHEDULED_EXACT,0.214,0.150098315671512,0.0761291407001774,0.0116606235794965,0.0116399067566197,2.07168228768626e-05
1,SCHEDULED_EXACT,0.216,0.150098315671512,0.0761440771965372,0.0116586832723522,0.0116399067566197,1.87765157325711e-05
1,SCHEDULED_EXACT,0.218,0.150098315671512,0.0761576156057288,0.0116569245819978,0.0116399067566197,1.70178253781385e-05
1,SCHEDULED_EXACT,0.22,0.150098315671512,0.0761698866410693,0.011655330528281,0.0116399067566197,1.54237716612892e-05
1,SCHEDULED_EXACT,0.222,0.150098315671512,0.0761810088218003,0.0116538857151057,0.0116399067566197,1.3978958486054e-05
1,SCHEDULED_EXACT,0.224,0.150098315671512,0.0761910896058537,0.0116525761832819,0.0116399067566197,1.26694266622748e-05
1,SCHEDULED_EXACT,0.226,0.150098315671512,0.0762002264182484,0.0116513892769327,0.0116399067566197,1.14825203129856e-05
1,SCHEDULED_EXACT,0.228,0.150098315671512,0.0762085075845805,0.0116503135222302,0.0116399067566197,1.04067656105222e-05
1,SCHEDULED_EXACT,0.23,0.150098315671512,0.0762160131782389,0.0116493385173397,0.0116399067566197,9.43176072003109e-06
1,SCHEDULED_EXACT,0.232,0.150098315671512,0.0762228157892157,0.0116484548325477,0.0116399067566197,8.54807592808038e-06
1,SCHEDULED_EXACT,0.234,0.150098315671512,0.0762289812216826,0.0116476539196446,0.0116399067566197,7.74716302488765e-06
1,SCHEDULED_EXACT,0.236,0.150098315671512,0.0762345691268625,0.0116469280297115,0.0116399067566197,7.02127309185931e-06
1,SCHEDULED_EXACT,0.238,0.150098315671512,0.076239633577142,0.011646270138542,0.0116399067566197,6.36338192230683e-06
1,SCHEDULED_EXACT,0.24,0.150098315671512,0.0762442235868308,0.0116456738789924,0.0116399067566197,5.76712237273722e-06
1,SCHEDULED_EXACT,0.242,0.150098315671512,0.07624838358449,0.0116451334796254,0.0116399067566197,5.22672300570619e-06
1,SCHEDULED_EXACT,0.244,0.150098315671512,0.0762521538412993,0.011644643709063,0.0116399067566197,4.73695244328221e-06
1,SCHEDULED_EXACT,0.246,0.150098315671512,0.0762555708595295,0.0116441998255226,0.0116399067566197,4.29306890295696e-06
1,SCHEDULED_EXACT,0.248,0.150098315671512,0.0762586677248148,0.0116437975310559,0.0116399067566197,3.8907744362212e-06
1,SCHEDULED_EXACT,0.25,0.150098315671512,0.0762614744255793,0.0116434329300535,0.0116399067566197,3.52617343380053e-06
1,SCHEDULED_EXACT,0.252,0.150098315671512,0.0762640181426673,0.0116431024916213,0.0116399067566197,3.19573500166467e-06
1,SCHEDULED_EXACT,0.254,0.150098315671512,0.0762663235119425,0.0116428030154679,0.0116399067566197,2.89625884827664e-06
1,SCHEDULED_EXACT,0.256,0.150098315671512,0.0762684128623725,0.0116425316009763,0.0116399067566197,2.62484435663811e-06
1,SCHEDULED_EXACT,0.258,0.150098315671512,0.076270306431876,0.0116422856191645,0.0116399067566197,2.3788625448818e-06
1,SCHEDULED_EXACT,0.26,0.150098315671512,0.0762720225630046,0.0116420626872661,0.0116399067566197,2.15593064645074e-06
1,SCHEDULED_EXACT,0.262,0.150098315671512,0.0762735778803378,0.0116418606456855,0.0116399067566197,1.9538890658477e-06
1,SCHEDULED_EXACT,0.264,0.150098315671512,0.0762749874512948,0.0116416775371082,0.0116399067566197,1.77078048855216e-06
1,SCHEDULED_EXACT,0.266,0.150098315671512,0.0762762649319107,0.0116415115875638,0.0116399067566197,1.60483094415777e-06
1,SCHEDULED_EXACT,0.268,0.150098315671512,0.0762774226989792,0.0116413611892602,0.0116399067566197,1.45443264054808e-06
1,SCHEDULED_EXACT,0.27,0.150098315671512,0.0762784719698345,0.0116412248850234,0.0116399067566197,1.31812840374439e-06
1,SCHEDULED_EXACT,0.272,0.150098315671512,0.0762794229109269,0.0116411013541932,0.0116399067566197,1.19459757355611e-06
1,SCHEDULED_EXACT,0.274,0.150098315671512,0.0762802847362386,0.0116409893998387,0.0116399067566197,1.08264321898623e-06
1,SCHEDULED_EXACT,0.276,0.150098315671512,0.0762810657964891,0.0116408879371698,0.0116399067566197,9.81180550122321e-07
1,SCHEDULED_EXACT,0.278,0.150098315671512,0.0762817736599909,0.0116407959830343,0.0116399067566197,8.89226414656566e-07
1,SCHEDULED_EXACT,0.28,0.150098315671512,0.0762824151859364,0.0116407126463973,0.0116399067566197,8.05889777643481e-07
1,SCHEDULED_EXACT,0.282,0.150098315671512,0.0762829965908238,0.0116406371197122,0.0116399067566197,7.30363092570768e-07
1,SCHEDULED_EXACT,0.284,0.150098315671512,0.0762835235086629,0.0116405686711,0.0116399067566197,6.61914480323822e-07
1,SCHEDULED_EXACT,0.286,0.150098315671512,0.076284001045544,0.0116405066372602,0.0116399067566197,5.9988064054009e-07
1,SCHEDULED_EXACT,0.288,0.150098315671512,0.0762844338290962,0.0116404504170464,0.0116399067566197,5.43660426767512e-07
1,SCHEDULED_EXACT,0.29,0.150098315671512,0.076284826053314,0.011640399465643,0.0116399067566197,4.92709023339546e-07
1,SCHEDULED_EXACT,0.292,0.150098315671512,0.0762851815191848,0.0116403532892873,0.0116399067566197,4.46532667643801e-07
1,SCHEDULED_EXACT,0.294,0.150098315671512,0.0762855036715123,0.0116403114404864,0.0116399067566197,4.04683866726124e-07
1,SCHEDULED_EXACT,0.296,0.150098315671512,0.0762857956322891,0.0116402735136816,0.0116399067566197,3.66757061970313e-07
1,SCHEDULED_EXACT,0.298,0.150098315671512,0.0762860602309445,0.0116402391413195,0.0116399067566197,3.32384699869639e-07
1,SCHEDULED_EXACT,0.3,0.150098315671512,0.0762863000317574,0.0116402079902906,0.0116399067566197,3.01233670920581e-07
1,SCHEDULED_EXACT,0.302,0.150098315671512,0.0762865173587023,0.0116401797587018,0.0116399067566197,2.730020820952e-07
1,SCHEDULED_EXACT,0.304,0.150098315671512,0.0762867143179664,0.0116401541729514,0.0116399067566197,2.47416331720929e-07
1,SCHEDULED_EXACT,0.306,0.150098315671512,0.0762868928183582,0.0116401309850781,0.0116399067566197,2.2422845839809e-07
1,SCHEDULED_EXACT,0.308,0.150098315671512,0.076287054589803,0.011640109970358,0.0116399067566197,2.03213738312474e-07
1,SCHEDULED_EXACT,0.31,0.150098315671512,0.0762872012001059,0.0116400909251273,0.0116399067566197,1.84168507671653e-07
1,SCHEDULED_EXACT,0.312,0.150098315671512,0.0762873340701441,0.0116400736648088,0.0116399067566197,1.66908189167328e-07
1,SCHEDULED_EXACT,0.314,0.150098315671512,0.0762874544876359,0.011640058022123,0.0116399067566197,1.51265503362669e-07
1,SCHEDULED_EXACT,0.316,0.150098315671512,0.0762875636196188,0.0116400438454673,0.0116399067566197,1.37088847673023e-07
1,SCHEDULED_EXACT,0.318,0.150098315671512,0.0762876625237592,0.0116400309974469,0.0116399067566197,1.24240827254624e-07
1,SCHEDULED_EXACT,0.32,0.150098315671512,0.0762877521586018,0.0116400193535432,0.0116399067566197,1.1259692353667e-07
1,SCHEDULED_EXACT,0.322,0.150098315671512,0.0762878333928588,0.0116400088009072,0.0116399067566197,1.02044287539002e-07
1,SCHEDULED_EXACT,0.324,0.150098315671512,0.0762879070138284,0.0116399992372659,0.0116399067566197,9.24806462521133e-08
1,SCHEDULED_EXACT,0.326,0.150098315671512,0.0762879737350246,0.0116399905699312,0.0116399067566197,8.38133115167727e-08
1,SCHEDULED_EXACT,0.328,0.150098315671512,0.0762880342030921,0.0116399827149014,0.0116399067566197,7.59582817599219e-08
1,SCHEDULED_EXACT,0.33,0.150098315671512,0.0762880890040728,0.0116399755960476,0.0116399067566197,6.8839427930581e-08
1,SCHEDULED_EXACT,0.332,0.150098315671512,0.0762881386690854,0.0116399691443754,0.0116399067566197,6.23877556994029e-08
1,SCHEDULED_EXACT,0.334,0.150098315671512,0.0762881836794727,0.0116399632973565,0.0116399067566197,5.6540736828592e-08
1,SCHEDULED_EXACT,0.336,0.150098315671512,0.0762882244714665,0.0116399579983228,0.0116399067566197,5.12417031705431e-08
1,SCHEDULED_EXACT,0.338,0.150098315671512,0.0762882614404151,0.0116399531959172,0.0116399067566197,4.64392974856148e-08
1,SCHEDULED_EXACT,0.34,0.150098315671512,0.0762882949446149,0.0116399488435954,0.0116399067566197,4.2086975710065e-08
1,SCHEDULED_EXACT,0.342,0.150098315671512,0.0762883253087832,0.0116399448991755,0.0116399067566197,3.81425558689669e-08
1,SCHEDULED_EXACT,0.344,0.150098315671512,0.0762883528272045,0.0116399413244289,0.0116399067566197,3.45678092712742e-08
1,SCHEDULED_EXACT,0.346,0.150098315671512,0.0762883777665833,0.0116399380847097,0.0116399067566197,3.13280900145207e-08
1,SCHEDULED_EXACT,0.348,0.150098315671512,0.0762884003686285,0.0116399351486189,0.0116399067566197,2.83919992065396e-08
1,SCHEDULED_EXACT,0.35,0.150098315671512,0.0762884208523959,0.0116399324877003,0.0116399067566197,2.57310806602712e-08
1,SCHEDULED_EXACT,0.352,0.150098315671512,0.0762884394164114,0.0116399300761648,0.0116399067566197,2.33195451056906e-08
1,SCHEDULED_EXACT,0.354,0.150098315671512,0.0762884562405953,0.0116399278906399,0.0116399067566197,2.11340202439098e-08
1,SCHEDULED_EXACT,0.356,0.150098315671512,0.0762884714880054,0.0116399259099439,0.0116399067566197,1.91533242339254e-08
1,SCHEDULED_EXACT,0.358,0.150098315671512,0.0762884853064178,0.0116399241148801,0.0116399067566197,1.7358260407177e-08
1,SCHEDULED_EXACT,0.36,0.150098315671512,0.076288497829759,0.0116399224880509,0.0116399067566197,1.57314312063117e-08
1,SCHEDULED_EXACT,0.362,0.150098315671512,0.0762885091794039,0.0116399210136893,0.0116399067566197,1.42570695822047e-08
1,SCHEDULED_EXACT,0.364,0.150098315671512,0.0762885194653519,0.0116399196775059,0.0116399067566197,1.29208861821689e-08
1,SCHEDULED_EXACT,0.366,0.150098315671512,0.0762885287872935,0.0116399184665505,0.0116399067566197,1.17099308531016e-08
1,SCHEDULED_EXACT,0.368,0.150098315671512,0.076288537235576,0.0116399173690868,0.0116399067566197,1.061246714118e-08
1,SCHEDULED_EXACT,0.37,0.150098315671512,0.0762885448920791,0.0116399163744782,0.0116399067566197,9.6178585356349e-09
1,SCHEDULED_EXACT,0.372,0.150098315671512,0.0762885518310091,0.0116399154730851,0.0116399067566197,8.71646538801174e-09
1,SCHEDULED_EXACT,0.374,0.150098315671512,0.0762885581196174,0.0116399146561711,0.0116399067566197,7.89955147822985e-09
1,SCHEDULED_EXACT,0.376,0.150098315671512,0.0762885638188526,0.011639913915819,0.0116399067566197,7.15919935660725e-09
1,SCHEDULED_EXACT,0.378,0.150098315671512,0.0762885689839512,0.0116399132448533,0.0116399067566197,6.48823359622464e-09
1,SCHEDULED_EXACT,0.38,0.150098315671512,0.0762885736649728,0.0116399126367709,0.0116399067566197,5.8801512600043e-09
1,SCHEDULED_EXACT,0.382,0.150098315671512,0.0762885779072854,0.0116399120856785,0.0116399067566197,5.32905886606316e-09
1,SCHEDULED_EXACT,0.384,0.150098315671512,0.0762885817520053,0.0116399115862349,0.0116399067566197,4.82961527367709e-09
1,SCHEDULED_EXACT,0.386,0.150098315671512,0.076288585236395,0.0116399111335996,0.0116399067566197,4.37697992086705e-09
1,SCHEDULED_EXACT,0.388,0.150098315671512,0.076288588394225,0.0116399107233856,0.0116399067566197,3.96676590533329e-09
1,SCHEDULED_EXACT,0.39,0.150098315671512,0.0762885912561008,0.0116399103516171,0.0116399067566197,3.59499746638292e-09
1,SCHEDULED_EXACT,0.392,0.150098315671512,0.0762885938497593,0.0116399100146911,0.0116399067566197,3.2580714549868e-09
1,SCHEDULED_EXACT,0.394,0.150098315671512,0.0762885962003381,0.0116399097093421,0.0116399067566197,2.95272241379596e-09
1,SCHEDULED_EXACT,0.396,0.150098315671512,0.0762885983306188,0.0116399094326106,0.0116399067566197,2.67599092364235e-09
1,SCHEDULED_EXACT,0.398,0.150098315671512,0.0762886002612479,0.0116399091818146,0.0116399067566197,2.4251949250903e-09
1,SCHEDULED_EXACT,0.4,0.150098315671512,0.076288602010937,0.0116399089545234,0.0116399067566197,2.19790372707473e-09
1,SCHEDULED_EXACT,0.402,0.150098315671512,0.0762886035966438,0.0116399087485341,0.0116399067566197,1.9919144406827e-09
1,SCHEDULED_EXACT,0.404,0.150098315671512,0.0762886050337369,0.0116399085618503,0.0116399067566197,1.80523062991156e-09
1,SCHEDULED_EXACT,0.406,0.150098315671512,0.0762886063361445,0.0116399083926626,0.0116399067566197,1.63604297644115e-09
1,SCHEDULED_EXACT,0.408,0.150098315671512,0.0762886075164895,0.0116399082393314,0.0116399067566197,1.48271172076275e-09
1,SCHEDULED_EXACT,0.41,0.150098315671512,0.0762886085862115,0.0116399081003705,0.0116399067566197,1.34375079639815e-09
1,SCHEDULED_EXACT,0.412,0.150098315671512,0.0762886095556784,0.0116399079744331,0.0116399067566197,1.21781339700033e-09
1,SCHEDULED_EXACT,0.414,0.150098315671512,0.0762886104342861,0.0116399078602986,0.0116399067566197,1.10367895204966e-09
1,SCHEDULED_EXACT,0.416,0.150098315671512,0.0762886112305499,0.0116399077568609,0.0116399067566197,1.00024127869247e-09
1,SCHEDULED_EXACT,0.418,0.150098315671512,0.0762886119521873,0.0116399076631175,0.0116399067566197,9.06497864619493e-10
1,SCHEDULED_EXACT,0.42,0.150098315671512,0.0762886126061922,0.0116399075781598,0.0116399067566197,8.21540160553247e-10
1,SCHEDULED_EXACT,0.422,0.150098315671512,0.0762886131989033,0.0116399075011644,0.0116399067566197,7.44544759179178e-10
1,SCHEDULED_EXACT,0.424,0.150098315671512,0.076288613736065,0.0116399074313851,0.0116399067566197,6.74765425826007e-10
1,SCHEDULED_EXACT,0.426,0.150098315671512,0.0762886142228835,0.0116399073681455,0.0116399067566197,6.11525869873009e-10
1,SCHEDULED_EXACT,0.428,0.150098315671512,0.076288614664077,0.0116399073108328,0.0116399067566197,5.54213177086926e-10
1,SCHEDULED_EXACT,0.43,0.150098315671512,0.0762886150639215,0.0116399072588915,0.0116399067566197,5.02271873398241e-10
1,SCHEDULED_EXACT,0.432,0.150098315671512,0.0762886154262922,0.0116399072118182,0.0116399067566197,4.55198548993119e-10
1,SCHEDULED_EXACT,0.434,0.150098315671512,0.0762886157547012,0.0116399071691566,0.0116399067566197,4.12536976801547e-10
1,SCHEDULED_EXACT,0.436,0.150098315671512,0.0762886160523315,0.0116399071304933,0.0116399067566197,3.73873680278858e-10
1,SCHEDULED_EXACT,0.438,0.150098315671512,0.0762886163220677,0.0116399070954536,0.0116399067566197,3.38833940072281e-10
1,SCHEDULED_EXACT,0.44,0.150098315671512,0.0762886165665239,0.0116399070636978,0.0116399067566197,3.07078151101647e-10
1,SCHEDULED_EXACT,0.442,0.150098315671512,0.0762886167880695,0.0116399070349182,0.0116399067566197,2.78298540462574e-10
1,SCHEDULED_EXACT,0.444,0.150098315671512,0.0762886169888517,0.0116399070088358,0.0116399067566197,2.52216176763187e-10
1,SCHEDULED_EXACT,0.446,0.150098315671512,0.0762886171708165,0.0116399069851979,0.0116399067566197,2.28578274363844e-10
1,SCHEDULED_EXACT,0.448,0.150098315671512,0.0762886173357273,0.0116399069637754,0.0116399067566197,2.07155735273967e-10
1,SCHEDULED_EXACT,0.45,0.150098315671512,0.0762886174851826,0.0116399069443606,0.0116399067566197,1.87740933910163e-10
1,SCHEDULED_EXACT,0.452,0.150098315671512,0.0762886176206308,0.0116399069267654,0.0116399067566197,1.7014570308227e-10
1,SCHEDULED_EXACT,0.454,0.150098315671512,0.0762886177433846,0.0116399069108192,0.0116399067566197,1.54199512533704e-10
1,SCHEDULED_EXACT,0.456,0.150098315671512,0.0762886178546339,0.0116399068963675,0.0116399067566197,1.39747808811097e-10
1,SCHEDULED_EXACT,0.458,0.150098315671512,0.0762886179554569,0.0116399068832702,0.0116399067566197,1.26650532075723e-10
1,SCHEDULED_EXACT,0.46,0.150098315671512,0.0762886180468306,0.0116399068714004,0.0116399067566197,1.14780742202503e-10
1,SCHEDULED_EXACT,0.462,0.150098315671512,0.0762886181296407,0.0116399068606431,0.0116399067566197,1.04023399269404e-10
1,SCHEDULED_EXACT,0.464,0.150098315671512,0.0762886182046897,0.0116399068508939,0.0116399067566197,9.42742429260734e-11
1,SCHEDULED_EXACT,0.466,0.150098315671512,0.0762886182727051,0.0116399068420585,0.0116399067566197,8.54387845194982e-11
1,SCHEDULED_EXACT,0.468,0.150098315671512,0.0762886183343461,0.0116399068340511,0.0116399067566197,7.74313946294569e-11
1,SCHEDULED_EXACT,0.47,0.150098315671512,0.07628861839021,0.0116399068267941,0.0116399067566197,7.01744617276345e-11
1,SCHEDULED_EXACT,0.472,0.150098315671512,0.0762886184408383,0.0116399068202173,0.0116399067566197,6.3597653185421e-11
1,SCHEDULED_EXACT,0.474,0.150098315671512,0.0762886184867217,0.0116399068142569,0.0116399067566197,5.7637231792862e-11
1,SCHEDULED_EXACT,0.476,0.150098315671512,0.0762886185283048,0.0116399068088551,0.0116399067566197,5.223542258459e-11
1,SCHEDULED_EXACT,0.478,0.150098315671512,0.0762886185659908,0.0116399068039595,0.0116399067566197,4.73398785449941e-11
1,SCHEDULED_EXACT,0.48,0.150098315671512,0.0762886186001447,0.0116399067995228,0.0116399067566197,4.29031463133889e-11
1,SCHEDULED_EXACT,0.482,0.150098315671512,0.0762886186310978,0.0116399067955019,0.0116399067566197,3.88822290336988e-11
1,SCHEDULED_EXACT,0.484,0.150098315671512,0.0762886186591499,0.0116399067918578,0.0116399067566197,3.52381561430359e-11
1,SCHEDULED_EXACT,0.486,0.150098315671512,0.0762886186845729,0.0116399067885553,0.0116399067566197,3.19356069367061e-11
1,SCHEDULED_EXACT,0.488,0.150098315671512,0.0762886187076133,0.0116399067855622,0.0116399067566197,2.89425757665773e-11
1,SCHEDULED_EXACT,0.49,0.150098315671512,0.0762886187284943,0.0116399067828497,0.0116399067566197,2.62300545866845e-11
1,SCHEDULED_EXACT,0.492,0.150098315671512,0.0762886187474183,0.0116399067803914,0.0116399067566197,2.37717536627491e-11
1,SCHEDULED_EXACT,0.494,0.150098315671512,0.0762886187645688,0.0116399067781635,0.0116399067566197,2.15438465678286e-11
1,SCHEDULED_EXACT,0.496,0.150098315671512,0.0762886187801119,0.0116399067761444,0.0116399067566197,1.95247394640941e-11
1,SCHEDULED_EXACT,0.498,0.150098315671512,0.0762886187941983,0.0116399067743145,0.0116399067566197,1.76948646707364e-11
1,SCHEDULED_EXACT,0.5,0.150098315671512,0.0762886188069644,0.0116399067726562,0.0116399067566197,1.60364881096609e-11
1,SCHEDULED_EXACT,0.502,0.150098315671512,0.0762886188185342,0.0116399067711532,0.0116399067566197,1.45335358331389e-11
1,SCHEDULED_EXACT,0.504,0.150098315671512,0.0762886188290196,0.0116399067697911,0.0116399067566197,1.31714396334193e-11
1,SCHEDULED_EXACT,0.506,0.150098315671512,0.0762886188385223,0.0116399067685567,0.0116399067566197,1.19370034690203e-11
1,SCHEDULED_EXACT,0.508,0.150098315671512,0.0762886188471344,0.0116399067674379,0.0116399067566197,1.08182577479576e-11
1,SCHEDULED_EXACT,0.51,0.150098315671512,0.0762886188549394,0.011639906766424,0.0116399067566197,9.80436044850652e-12
1,SCHEDULED_EXACT,0.512,0.150098315671512,0.0762886188620129,0.0116399067655052,0.0116399067566197,8.88548956634594e-12
1,SCHEDULED_EXACT,0.514,0.150098315671512,0.0762886188684234,0.0116399067646724,0.0116399067566197,8.0527338269798e-12
1,SCHEDULED_EXACT,0.516,0.150098315671512,0.0762886188742332,0.0116399067639177,0.0116399067566197,7.29802503152133e-12
1,SCHEDULED_EXACT,0.518,0.150098315671512,0.0762886188794984,0.0116399067632337,0.0116399067566197,6.61404785107234e-12
1,SCHEDULED_EXACT,0.52,0.150098315671512,0.0762886188842702,0.0116399067626138,0.0116399067566197,5.99417390723112e-12
1,SCHEDULED_EXACT,0.522,0.150098315671512,0.0762886188885948,0.0116399067620521,0.0116399067566197,5.43239585260036e-12
1,SCHEDULED_EXACT,0.524,0.150098315671512,0.0762886188925141,0.0116399067615429,0.0116399067566197,4.9232666554655e-12
1,SCHEDULED_EXACT,0.526,0.150098315671512,0.076288618896066,0.0116399067610815,0.0116399067566197,4.46185449698433e-12
1,SCHEDULED_EXACT,0.528,0.150098315671512,0.0762886188992851,0.0116399067606634,0.0116399067566197,4.04368552531231e-12
1,SCHEDULED_EXACT,0.53,0.150098315671512,0.0762886189022025,0.0116399067602844,0.0116399067566197,3.66470916113304e-12
1,SCHEDULED_EXACT,0.532,0.150098315671512,0.0762886189048464,0.0116399067599409,0.0116399067566197,3.32124952540092e-12
1,SCHEDULED_EXACT,0.534,0.150098315671512,0.0762886189072426,0.0116399067596296,0.0116399067566197,3.00997941848902e-12
1,SCHEDULED_EXACT,0.536,0.150098315671512,0.0762886189094142,0.0116399067593475,0.0116399067566197,2.72788042154914e-12
1,SCHEDULED_EXACT,0.538,0.150098315671512,0.0762886189113822,0.0116399067590919,0.0116399067566197,2.47222207983011e-12
1,SCHEDULED_EXACT,0.54,0.150098315671512,0.0762886189131659,0.0116399067588602,0.0116399067566197,2.24052373876127e-12
1,SCHEDULED_EXACT,0.542,0.150098315671512,0.0762886189147823,0.0116399067586502,0.0116399067566197,2.03053893144123e-12
1,SCHEDULED_EXACT,0.544,0.150098315671512,0.0762886189162473,0.0116399067584599,0.0116399067566197,1.84023456195614e-12
1,SCHEDULED_EXACT,0.546,0.150098315671512,0.0762886189175749,0.0116399067582874,0.0116399067566197,1.66776661925105e-12
1,SCHEDULED_EXACT,0.548,0.150098315671512,0.0762886189187782,0.0116399067581311,0.0116399067566197,1.51146282989512e-12
1,SCHEDULED_EXACT,0.55,0.150098315671512,0.0762886189198686,0.0116399067579895,0.0116399067566197,1.36980704557033e-12
1,SCHEDULED_EXACT,0.552,0.150098315671512,0.0762886189208569,0.0116399067578611,0.0116399067566197,1.24142883473066e-12
1,SCHEDULED_EXACT,0.554,0.150098315671512,0.0762886189217526,0.0116399067577447,0.0116399067566197,1.1250809311969e-12
1,SCHEDULED_EXACT,0.556,0.150098315671512,0.0762886189225643,0.0116399067576393,0.0116399067566197,1.01963576470965e-12
1,SCHEDULED_EXACT,0.558,0.150098315671512,0.0762886189232999,0.0116399067575437,0.0116399067566197,9.24076787311989e-13
1,SCHEDULED_EXACT,0.56,0.150098315671512,0.0762886189239666,0.0116399067574571,0.0116399067566197,8.37470717773847e-13
1,SCHEDULED_EXACT,0.562,0.150098315671512,0.0762886189245708,0.0116399067573786,0.0116399067566197,7.58981419379801e-13
1,SCHEDULED_EXACT,0.564,0.150098315671512,0.0762886189251184,0.0116399067573075,0.0116399067566197,6.87849083247372e-13
1,SCHEDULED_EXACT,0.566,0.150098315671512,0.0762886189256146,0.0116399067572431,0.0116399067566197,6.23383289433121e-13
1,SCHEDULED_EXACT,0.568,0.150098315671512,0.0762886189260644,0.0116399067571846,0.0116399067566197,5.64959537485699e-13
1,SCHEDULED_EXACT,0.57,0.150098315671512,0.076288618926472,0.0116399067571317,0.0116399067566197,5.12012307551934e-13
1,SCHEDULED_EXACT,0.572,0.150098315671512,0.0762886189268414,0.0116399067570837,0.0116399067566197,4.64026386759464e-13
1,SCHEDULED_EXACT,0.574,0.150098315671512,0.0762886189271761,0.0116399067570402,0.0116399067566197,4.2053513449325e-13
1,SCHEDULED_EXACT,0.576,0.150098315671512,0.0762886189274795,0.0116399067570008,0.0116399067566197,3.81123951842532e-13
1,SCHEDULED_EXACT,0.578,0.150098315671512,0.0762886189277545,0.0116399067569651,0.0116399067566197,3.45404260748694e-13
1,SCHEDULED_EXACT,0.58,0.150098315671512,0.0762886189280037,0.0116399067569327,0.0116399067566197,3.13032585963491e-13
1,SCHEDULED_EXACT,0.582,0.150098315671512,0.0762886189282295,0.0116399067569034,0.0116399067566197,2.83694942537771e-13
1,SCHEDULED_EXACT,0.584,0.150098315671512,0.0762886189284342,0.0116399067568768,0.0116399067566197,2.57106835821475e-13
1,SCHEDULED_EXACT,0.586,0.150098315671512,0.0762886189286197,0.0116399067568527,0.0116399067566197,2.33011526740157e-13
1,SCHEDULED_EXACT,0.588,0.150098315671512,0.0762886189287878,0.0116399067568308,0.0116399067566197,2.11171358177609e-13
1,SCHEDULED_EXACT,0.59,0.150098315671512,0.0762886189289402,0.011639906756811,0.0116399067566197,1.91381632763665e-13
1,SCHEDULED_EXACT,0.592,0.150098315671512,0.0762886189290782,0.0116399067567931,0.0116399067566197,1.73444592022065e-13
1,SCHEDULED_EXACT,0.594,0.150098315671512,0.0762886189292034,0.0116399067567769,0.0116399067566197,1.57190233052162e-13
1,SCHEDULED_EXACT,0.596,0.150098315671512,0.0762886189293168,0.0116399067567621,0.0116399067566197,1.42457226570691e-13
1,SCHEDULED_EXACT,0.598,0.150098315671512,0.0762886189294196,0.0116399067567488,0.0116399067566197,1.29105059976098e-13
1,SCHEDULED_EXACT,0.6,0.150098315671512,0.0762886189295127,0.0116399067567367,0.0116399067566197,1.1700536373116e-13
1,SCHEDULED_EXACT,0.602,0.150098315671512,0.0762886189295971,0.0116399067567257,0.0116399067566197,1.06041911362986e-13
1,SCHEDULED_EXACT,0.604,0.150098315671512,0.0762886189296736,0.0116399067567158,0.0116399067566197,9.61019458456391e-14
1,SCHEDULED_EXACT,0.606,0.150098315671512,0.076288618929743,0.0116399067567068,0.0116399067566197,8.70952615583676e-14
1,SCHEDULED_EXACT,0.608,0.150098315671512,0.0762886189298058,0.0116399067566986,0.0116399067566197,7.89333876038967e-14
1,SCHEDULED_EXACT,0.61,0.150098315671512,0.0762886189298627,0.0116399067566912,0.0116399067566197,7.15365267023316e-14
1,SCHEDULED_EXACT,0.612,0.150098315671512,0.0762886189299144,0.0116399067566845,0.0116399067566197,6.48318204676812e-14
1,SCHEDULED_EXACT,0.614,0.150098315671512,0.0762886189299611,0.0116399067566784,0.0116399067566197,5.87550841313345e-14
1,SCHEDULED_EXACT,0.616,0.150098315671512,0.0762886189300035,0.0116399067566729,0.0116399067566197,5.32490718185841e-14
1,SCHEDULED_EXACT,0.618,0.150098315671512,0.0762886189300419,0.0116399067566679,0.0116399067566197,4.82582723781988e-14
1,SCHEDULED_EXACT,0.62,0.150098315671512,0.0762886189300768,0.0116399067566634,0.0116399067566197,4.37358482763273e-14
1,SCHEDULED_EXACT,0.622,0.150098315671512,0.0762886189301083,0.0116399067566593,0.0116399067566197,3.96366967025941e-14
1,SCHEDULED_EXACT,0.624,0.150098315671512,0.0762886189301369,0.0116399067566556,0.0116399067566197,3.59226537405277e-14
1,SCHEDULED_EXACT,0.626,0.150098315671512,0.0762886189301628,0.0116399067566522,0.0116399067566197,3.25538207501808e-14
1,SCHEDULED_EXACT,0.628,0.150098315671512,0.0762886189301863,0.0116399067566492,0.0116399067566197,2.95041768794135e-14
1,SCHEDULED_EXACT,0.63,0.150098315671512,0.0762886189302076,0.0116399067566464,0.0116399067566197,2.67390276587065e-14
1,SCHEDULED_EXACT,0.632,0.150098315671512,0.0762886189302269,0.0116399067566439,0.0116399067566197,2.423235223592e-14
1,SCHEDULED_EXACT,0.634,0.150098315671512,0.0762886189302444,0.0116399067566416,0.0116399067566197,2.19615992058664e-14
1,SCHEDULED_EXACT,0.636,0.150098315671512,0.0762886189302602,0.0116399067566396,0.0116399067566197,1.99024824398819e-14
1,SCHEDULED_EXACT,0.638,0.150098315671512,0.0762886189302746,0.0116399067566377,0.0116399067566197,1.80393894266828e-14
1,SCHEDULED_EXACT,0.64,0.150098315671512,0.0762886189302876,0.011639906756636,0.0116399067566197,1.63480340376054e-14
1,SCHEDULED_EXACT,0.642,0.150098315671512,0.0762886189302994,0.0116399067566345,0.0116399067566197,1.48145384848419e-14
1,SCHEDULED_EXACT,0.644,0.150098315671512,0.0762886189303101,0.0116399067566331,0.0116399067566197,1.34267597040605e-14
1,SCHEDULED_EXACT,0.646,0.150098315671512,0.0762886189303198,0.0116399067566318,0.0116399067566197,1.21690851839773e-14
1,SCHEDULED_EXACT,0.648,0.150098315671512,0.0762886189303285,0.0116399067566307,0.0116399067566197,1.10276371367846e-14
1,SCHEDULED_EXACT,0.65,0.150098315671512,0.0762886189303365,0.0116399067566297,0.0116399067566197,9.99374194510239e-15
1,SCHEDULED_EXACT,0.652,0.150098315671512,0.0762886189303437,0.0116399067566287,0.0116399067566197,9.05699126807491e-15
1,SCHEDULED_EXACT,0.654,0.150098315671512,0.0762886189303502,0.0116399067566279,0.0116399067566197,8.20871148832225e-15
1,SCHEDULED_EXACT,0.656,0.150098315671512,0.0762886189303562,0.0116399067566271,0.0116399067566197,7.44022898846453e-15
1,SCHEDULED_EXACT,0.658,0.150098315671512,0.0762886189303615,0.0116399067566264,0.0116399067566197,6.74287015112185e-15
1,SCHEDULED_EXACT,0.66,0.150098315671512,0.0762886189303664,0.0116399067566258,0.0116399067566197,6.10969608239031e-15
1,SCHEDULED_EXACT,0.662,0.150098315671512,0.0762886189303708,0.0116399067566252,0.0116399067566197,5.53897205879395e-15
1,SCHEDULED_EXACT,0.664,0.150098315671512,0.0762886189303748,0.0116399067566247,0.0116399067566197,5.0185550160009e-15
1,SCHEDULED_EXACT,0.666,0.150098315671512,0.0762886189303784,0.0116399067566242,0.0116399067566197,4.54844495401119e-15
1,SCHEDULED_EXACT,0.668,0.150098315671512,0.0762886189303817,0.0116399067566238,0.0116399067566197,4.12343770239687e-15
1,SCHEDULED_EXACT,0.67,0.150098315671512,0.0762886189303847,0.0116399067566234,0.0116399067566197,3.73485964377807e-15
1,SCHEDULED_EXACT,0.672,0.150098315671512,0.0762886189303874,0.0116399067566231,0.0116399067566197,3.38618022510673e-15
1,SCHEDULED_EXACT,0.674,0.150098315671512,0.0762886189303898,0.0116399067566227,0.0116399067566197,3.06872582900297e-15
1,SCHEDULED_EXACT,0.676,0.150098315671512,0.076288618930392,0.0116399067566224,0.0116399067566197,2.77902700851484e-15
1,SCHEDULED_EXACT,0.678,0.150098315671512,0.076288618930394,0.0116399067566222,0.0116399067566197,2.5205532105943e-15
1,SCHEDULED_EXACT,0.68,0.150098315671512,0.0762886189303958,0.011639906756622,0.0116399067566197,2.28463081786145e-15
1,SCHEDULED_EXACT,0.682,0.150098315671512,0.0762886189303975,0.0116399067566217,0.0116399067566197,2.06952510684033e-15
1,SCHEDULED_EXACT,0.684,0.150098315671512,0.076288618930399,0.0116399067566215,0.0116399067566197,1.87697080100691e-15
1,SCHEDULED_EXACT,0.686,0.150098315671512,0.0762886189304003,0.0116399067566214,0.0116399067566197,1.70002900645727e-15
1,SCHEDULED_EXACT,0.688,0.150098315671512,0.0762886189304016,0.0116399067566212,0.0116399067566197,1.54216917014338e-15
1,SCHEDULED_EXACT,0.69,0.150098315671512,0.0762886189304027,0.0116399067566211,0.0116399067566197,1.39645239816133e-15
1,SCHEDULED_EXACT,0.692,0.150098315671512,0.0762886189304037,0.0116399067566209,0.0116399067566197,1.26634813746307e-15
1,SCHEDULED_EXACT,0.694,0.150098315671512,0.0762886189304046,0.0116399067566208,0.0116399067566197,1.14665221762067e-15
1,SCHEDULED_EXACT,0.696,0.150098315671512,0.0762886189304054,0.0116399067566207,0.0116399067566197,1.04083408558608e-15
1,SCHEDULED_EXACT,0.698,0.150098315671512,0.0762886189304062,0.0116399067566206,0.0116399067566197,9.43689570931383e-16
1,SCHEDULED_EXACT,0.7,0.148352986419518,0.0762886189304069,0.0115019403804113,0.0115432644584667,-4.13240780553388e-05
1,SCHEDULED_EXACT,0.7,0.148352986419518,0.0762886189304069,0.0115019403804113,0.0115432644584667,-4.13240780553388e-05
1,SCHEDULED_EXACT,0.702,0.148352986419518,0.0762588989234691,0.0115058102854152,0.0115432644584667,-3.7454173051411e-05
1,SCHEDULED_EXACT,0.704,0.148352986419518,0.0762319654650763,0.0115093173480356,0.0115432644584667,-3.39471104310717e-05
1,SCHEDULED_EXACT,0.706,0.148352986419518,0.0762075566926024,0.0115124956659591,0.0115432644584667,-3.07687925075843e-05
1,SCHEDULED_EXACT,0.708,0.148352986419518,0.0761854354579604,0.0115153761187401,0.0115432644584667,-2.78883397266047e-05
1,SCHEDULED_EXACT,0.71,0.148352986419518,0.0761653869760963,0.0115179866739949,0.0115432644584667,-2.5277784471707e-05
1,SCHEDULED_EXACT,0.712,0.148352986419518,0.0761472167005937,0.0115203526640244,0.0115432644584667,-2.29117944422451e-05
1,SCHEDULED_EXACT,0.714,0.148352986419518,0.0761307484038553,0.0115224970357969,0.0115432644584667,-2.07674226697929e-05
1,SCHEDULED_EXACT,0.716,0.148352986419518,0.0761158224416715,0.0115244405769227,0.0115432644584667,-1.88238815439692e-05
1,SCHEDULED_EXACT,0.718,0.148352986419518,0.0761022941840648,0.0115262021199774,0.0115432644584667,-1.70623384892748e-05
1,SCHEDULED_EXACT,0.72,0.148352986419518,0.0760900325961449,0.0115277987272913,0.0115432644584667,-1.54657311753278e-05
1,SCHEDULED_EXACT,0.722,0.148352986419518,0.0760789189543637,0.011529245858109,0.0115432644584667,-1.40186003576483e-05
1,SCHEDULED_EXACT,0.724,0.148352986419518,0.0760688456850261,0.0115305575198289,0.0115432644584667,-1.27069386377521e-05
1,SCHEDULED_EXACT,0.726,0.148352986419518,0.0760597153132316,0.0115317464048641,0.0115432644584667,-1.15180536025168e-05
1,SCHEDULED_EXACT,0.728,0.148352986419518,0.0760514395115936,0.0115328240145107,0.0115432644584667,-1.04404439560061e-05
1,SCHEDULED_EXACT,0.73,0.148352986419518,0.0760439382391427,0.0115338007710725,0.0115432644584667,-9.46368739418967e-06
1,SCHEDULED_EXACT,0.732,0.148352986419518,0.0760371389617604,0.0115346861193707,0.0115432644584667,-8.57833909599127e-06
1,SCHEDULED_EXACT,0.734,0.148352986419518,0.076030975946341,0.0115354886186521,0.0115432644584667,-7.77583981458052e-06
1,SCHEDULED_EXACT,0.736,0.148352986419518,0.0760253896216384,0.0115362160258147,0.0115432644584667,-7.0484326519446e-06
1,SCHEDULED_EXACT,0.738,0.148352986419518,0.0760203259994428,0.0115368753707776,0.0115432644584667,-6.38908768901304e-06
1,SCHEDULED_EXACT,0.74,0.148352986419518,0.0760157361503446,0.0115374730247429,0.0115432644584667,-5.79143372379971e-06
1,SCHEDULED_EXACT,0.742,0.148352986419518,0.0760115757288997,0.0115380147620245,0.0115432644584667,-5.24969644218228e-06
1,SCHEDULED_EXACT,0.744,0.148352986419518,0.07600780454351,0.0115385058160555,0.0115432644584667,-4.75864241110749e-06
1,SCHEDULED_EXACT,0.746,0.148352986419518,0.0760043861667815,0.0115389509301241,0.0115432644584667,-4.31352834251095e-06
1,SCHEDULED_EXACT,0.748,0.148352986419518,0.0760012875825302,0.0115393544033375,0.0115432644584667,-3.91005512919047e-06
1,SCHEDULED_EXACT,0.75,0.148352986419518,0.075998478865971,0.0115397201322651,0.0115432644584667,-3.54432620153916e-06
1,SCHEDULED_EXACT,0.752,0.148352986419518,0.075995932893956,0.0115400516486696,0.0115432644584667,-3.21280979706517e-06
1,SCHEDULED_EXACT,0.754,0.148352986419518,0.075993625082427,0.0115403521536931,0.0115432644584667,-2.91230477353702e-06
1,SCHEDULED_EXACT,0.756,0.148352986419518,0.075991533148517,0.011540624548835,0.0115432644584667,-2.63990963166559e-06
1,SCHEDULED_EXACT,0.758,0.148352986419518,0.0759896368949776,0.0115408714640217,0.0115432644584667,-2.39299444499547e-06
1,SCHEDULED_EXACT,0.76,0.148352986419518,0.0759879180148315,0.0115410952830434,0.0115432644584667,-2.16917542326597e-06
1,SCHEDULED_EXACT,0.762,0.148352986419518,0.0759863599143467,0.0115412981666051,0.0115432644584667,-1.96629186152014e-06
1,SCHEDULED_EXACT,0.764,0.148352986419518,0.0759849475526099,0.0115414820732161,0.0115432644584667,-1.78238525059063e-06
1,SCHEDULED_EXACT,0.766,0.148352986419518,0.0759836672961384,0.0115416487781208,0.0115432644584667,-1.61568034585773e-06
1,SCHEDULED_EXACT,0.768,0.148352986419518,0.0759825067871189,0.0115417998904564,0.0115432644584667,-1.46456801028427e-06
1,SCHEDULED_EXACT,0.77,0.148352986419518,0.0759814548239922,0.0115419368688015,0.0115432644584667,-1.32758966514025e-06
1,SCHEDULED_EXACT,0.772,0.148352986419518,0.075980501253226,0.0115420610352692,0.0115432644584667,-1.20342319749438e-06
1,SCHEDULED_EXACT,0.774,0.148352986419518,0.0759796368712254,0.0115421735882789,0.0115432644584667,-1.09087018778861e-06
1,SCHEDULED_EXACT,0.776,0.148352986419518,0.0759788533354306,0.011542275614133,0.0115432644584667,-9.88844333646779e-07
1,SCHEDULED_EXACT,0.778,0.148352986419518,0.0759781430837396,0.0115423680975089,0.0115432644584667,-8.96360957751766e-07
1,SCHEDULED_EXACT,0.78,0.148352986419518,0.0759774992614756,0.0115424519309685,0.0115432644584667,-8.12527498146934e-07
1,SCHEDULED_EXACT,0.782,0.148352986419518,0.0759769156551925,0.0115425279235778,0.0115432644584667,-7.3653488885661e-07
1,SCHEDULED_EXACT,0.784,0.148352986419518,0.0759763866326767,0.0115425968087192,0.0115432644584667,-6.67649747432275e-07
1,SCHEDULED_EXACT,0.786,0.148352986419518,0.0759759070885654,0.0115426592511729,0.0115432644584667,-6.05207293778373e-07
1,SCHEDULED_EXACT,0.788,0.148352986419518,0.0759754723950548,0.0115427158535349,0.0115432644584667,-5.48604931751781e-07
1,SCHEDULED_EXACT,0.79,0.148352986419518,0.0759750783572213,0.0115427671620352,0.0115432644584667,-4.97296431504687e-07
1,SCHEDULED_EXACT,0.792,0.148352986419518,0.0759747211725249,0.0115428136718104,0.0115432644584667,-4.50786656228802e-07
1,SCHEDULED_EXACT,0.794,0.148352986419518,0.0759743973941012,0.0115428558316842,0.0115432644584667,-4.08626782409313e-07
1,SCHEDULED_EXACT,0.796,0.148352986419518,0.0759741038974885,0.0115428940484993,0.0115432644584667,-3.70409967309637e-07
1,SCHEDULED_EXACT,0.798,0.148352986419518,0.0759738378504693,0.0115429286910448,0.0115432644584667,-3.35767421862782e-07
1,SCHEDULED_EXACT,0.8,0.148352986419518,0.0759735966857319,0.0115429600936157,0.0115432644584667,-3.04364850997954e-07
1,SCHEDULED_EXACT,0.802,0.148352986419518,0.0759733780760913,0.0115429885592396,0.0115432644584667,-2.75899227016735e-07
1,SCHEDULED_EXACT,0.804,0.148352986419518,0.0759731799120273,0.0115430143626018,0.0115432644584667,-2.50095864844091e-07
1,SCHEDULED_EXACT,0.806,0.148352986419518,0.0759730002813249,0.0115430377526958,0.0115432644584667,-2.26705770905999e-07
1,SCHEDULED_EXACT,0.808,0.148352986419518,0.0759728374506186,0.0115430589552266,0.0115432644584667,-2.05503240017016e-07
1,SCHEDULED_EXACT,0.81,0.148352986419518,0.0759726898486637,0.0115430781747896,0.0115432644584667,-1.86283677082802e-07
1,SCHEDULED_EXACT,0.812,0.148352986419518,0.0759725560511725,0.0115430955968441,0.0115432644584667,-1.68861622580618e-07
1,SCHEDULED_EXACT,0.814,0.148352986419518,0.0759724347670687,0.0115431113895039,0.0115432644584667,-1.53068962727154e-07
1,SCHEDULED_EXACT,0.816,0.148352986419518,0.0759723248260277,0.0115431257051596,0.0115432644584667,-1.38753307097478e-07
1,SCHEDULED_EXACT,0.818,0.148352986419518,0.0759722251671828,0.0115431386819487,0.0115432644584667,-1.2577651798025e-07
1,SCHEDULED_EXACT,0.82,0.148352986419518,0.0759721348288871,0.0115431504450894,0.0115432644584667,-1.14013377305183e-07
1,SCHEDULED_EXACT,0.822,0.148352986419518,0.0759720529394337,0.0115431611080884,0.0115432644584667,-1.03350378269362e-07
1,SCHEDULED_EXACT,0.824,0.148352986419518,0.0759719787086436,0.0115431707738367,0.0115432644584667,-9.36846299755961e-08
1,SCHEDULED_EXACT,0.826,0.148352986419518,0.0759719114202401,0.0115431795356021,0.0115432644584667,-8.49228645460887e-08
1,SCHEDULED_EXACT,0.828,0.148352986419518,0.0759718504249373,0.0115431874779296,0.0115432644584667,-7.69805370819804e-08
1,SCHEDULED_EXACT,0.83,0.148352986419518,0.0759717951341744,0.0115431946774568,0.0115432644584667,-6.97810098228974e-08
1,SCHEDULED_EXACT,0.832,0.148352986419518,0.075971745014436,0.011543201203654,0.0115432644584667,-6.32548126117821e-08
1,SCHEDULED_EXACT,0.834,0.148352986419518,0.0759716995821041,0.0115432071194941,0.0115432644584667,-5.73389725248841e-08
1,SCHEDULED_EXACT,0.836,0.148352986419518,0.0759716583987913,0.0115432124820605,0.0115432644584667,-5.19764062033301e-08
1,SCHEDULED_EXACT,0.838,0.148352986419518,0.0759716210671104,0.0115432173430976,0.0115432644584667,-4.71153690194404e-08
1,SCHEDULED_EXACT,0.84,0.148352986419518,0.0759715872268399,0.0115432217495109,0.0115432644584667,-4.27089557695354e-08
1,SCHEDULED_EXACT,0.842,0.148352986419518,0.0759715565514479,0.0115432257438186,0.0115432644584667,-3.87146480533562e-08
1,SCHEDULED_EXACT,0.844,0.148352986419518,0.0759715287449414,0.0115432293645627,0.0115432644584667,-3.50939039998194e-08
1,SCHEDULED_EXACT,0.846,0.148352986419518,0.0759715035390102,0.0115432326466803,0.0115432644584667,-3.18117863561812e-08
1,SCHEDULED_EXACT,0.848,0.148352986419518,0.0759714806904377,0.0115432356218413,0.0115432644584667,-2.88366253618777e-08
1,SCHEDULED_EXACT,0.85,0.148352986419518,0.0759714599787537,0.0115432383187535,0.0115432644584667,-2.61397131596369e-08
1,SCHEDULED_EXACT,0.852,0.148352986419518,0.0759714412041078,0.0115432407634399,0.0115432644584667,-2.36950267792219e-08
1,SCHEDULED_EXACT,0.854,0.148352986419518,0.0759714241853402,0.0115432429794896,0.0115432644584667,-2.14789770327378e-08
1,SCHEDULED_EXACT,0.856,0.148352986419518,0.0759714087582341,0.0115432449882858,0.0115432644584667,-1.94701808980957e-08
1,SCHEDULED_EXACT,0.858,0.148352986419518,0.0759713947739309,0.0115432468092115,0.0115432644584667,-1.76492551823282e-08
1,SCHEDULED_EXACT,0.86,0.148352986419518,0.0759713820974939,0.0115432484598372,0.0115432644584667,-1.59986294941128e-08
1,SCHEDULED_EXACT,0.862,0.148352986419518,0.0759713706066063,0.01154324995609,0.0115432644584667,-1.45023766988384e-08
1,SCHEDULED_EXACT,0.864,0.148352986419518,0.0759713601903908,0.0115432513124074,0.0115432644584667,-1.31460592307786e-08
1,SCHEDULED_EXACT,0.866,0.148352986419518,0.0759713507483398,0.0115432525418769,0.0115432644584667,-1.19165897878581e-08
1,SCHEDULED_EXACT,0.868,0.148352986419518,0.0759713421893457,0.0115432536563616,0.0115432644584667,-1.08021050472529e-08
1,SCHEDULED_EXACT,0.87,0.148352986419518,0.0759713344308215,0.0115432546666155,0.0115432644584667,-9.79185118925308e-09
1,SCHEDULED_EXACT,0.872,0.148352986419518,0.0759713273979041,0.0115432555823865,0.0115432644584667,-8.87608013304397e-09
1,SCHEDULED_EXACT,0.874,0.148352986419518,0.075971321022732,0.0115432564125112,0.0115432644584667,-8.04595548520304e-09
1,SCHEDULED_EXACT,0.876,0.148352986419518,0.0759713152437904,0.0115432571649994,0.0115432644584667,-7.29346725895919e-09
1,SCHEDULED_EXACT,0.878,0.148352986419518,0.0759713100053173,0.0115432578471121,0.0115432644584667,-6.61135459920081e-09
1,SCHEDULED_EXACT,0.88,0.148352986419518,0.0759713052567662,0.0115432584654309,0.0115432644584667,-5.99303570832099e-09
1,SCHEDULED_EXACT,0.882,0.148352986419518,0.0759713009523177,0.0115432590259223,0.0115432644584667,-5.4325443518688e-09
1,SCHEDULED_EXACT,0.884,0.148352986419518,0.0759712970504375,0.0115432595339944,0.0115432644584667,-4.92447227266879e-09
1,SCHEDULED_EXACT,0.886,0.148352986419518,0.0759712935134759,0.0115432599945496,0.0115432644584667,-4.46391702595139e-09
1,SCHEDULED_EXACT,0.888,0.148352986419518,0.0759712903073044,0.011543260412032,0.0115432644584667,-4.04643464915755e-09
1,SCHEDULED_EXACT,0.89,0.148352986419518,0.0759712874009862,0.0115432607904699,0.0115432644584667,-3.66799680559526e-09
1,SCHEDULED_EXACT,0.892,0.148352986419518,0.0759712847664779,0.0115432611335148,0.0115432644584667,-3.32495190234761e-09
1,SCHEDULED_EXACT,0.894,0.148352986419518,0.0759712823783588,0.0115432614444768,0.0115432644584667,-3.01398985630419e-09
1,SCHEDULED_EXACT,0.896,0.148352986419518,0.0759712802135856,0.0115432617263565,0.0115432644584667,-2.73211015790198e-09
1,SCHEDULED_EXACT,0.898,0.148352986419518,0.0759712782512702,0.0115432619818737,0.0115432644584667,-2.47659291338631e-09
1,SCHEDULED_EXACT,0.9,0.148352986419518,0.0759712764724779,0.011543262213494,0.0115432644584667,-2.24497260711831e-09
1,SCHEDULED_EXACT,0.902,0.148352986419518,0.075971274860045,0.0115432624234523,0.0115432644584667,-2.03501430637298e-09
1,SCHEDULED_EXACT,0.904,0.148352986419518,0.0759712733984129,0.0115432626137746,0.0115432644584667,-1.8446920987264e-09
1,SCHEDULED_EXACT,0.906,0.148352986419518,0.0759712720734782,0.0115432627862971,0.0115432644584667,-1.67216954172211e-09
1,SCHEDULED_EXACT,0.908,0.148352986419518,0.0759712708724563,0.0115432629426847,0.0115432644584667,-1.51578194614033e-09
1,SCHEDULED_EXACT,0.91,0.148352986419518,0.0759712697837586,0.0115432630844463,0.0115432644584667,-1.37402030898903e-09
1,SCHEDULED_EXACT,0.912,0.148352986419518,0.07597126879688,0.0115432632129499,0.0115432644584667,-1.24551675396989e-09
1,SCHEDULED_EXACT,0.914,0.148352986419518,0.0759712679022979,0.0115432633294353,0.0115432644584667,-1.12903133543674e-09
1,SCHEDULED_EXACT,0.916,0.148352986419518,0.0759712670913806,0.0115432634350266,0.0115432644584667,-1.02344007227306e-09
1,SCHEDULED_EXACT,0.918,0.148352986419518,0.0759712663563033,0.0115432635307426,0.0115432644584667,-9.27724104135552e-10
1,SCHEDULED_EXACT,0.92,0.148352986419518,0.0759712656899732,0.0115432636175068,0.0115432644584667,-8.4095985210253e-10
1,SCHEDULED_EXACT,0.922,0.148352986419518,0.0759712650859608,0.0115432636961565,0.0115432644584667,-7.62310119542531e-10
1,SCHEDULED_EXACT,0.924,0.148352986419518,0.075971264538438,0.0115432637674506,0.0115432644584667,-6.91016008302903e-10
1,SCHEDULED_EXACT,0.926,0.148352986419518,0.0759712640421215,0.0115432638320771,0.0115432644584667,-6.26389589503118e-10
1,SCHEDULED_EXACT,0.928,0.148352986419518,0.0759712635922224,0.0115432638906594,0.0115432644584667,-5.67807276891097e-10
1,SCHEDULED_EXACT,0.93,0.148352986419518,0.0759712631843996,0.0115432639437629,0.0115432644584667,-5.14703802148575e-10
1,SCHEDULED_EXACT,0.932,0.148352986419518,0.0759712628147179,0.0115432639918999,0.0115432644584667,-4.66566766124665e-10
1,SCHEDULED_EXACT,0.934,0.148352986419518,0.0759712624796102,0.011543264035535,0.0115432644584667,-4.22931686200334e-10
1,SCHEDULED_EXACT,0.936,0.148352986419518,0.075971262175843,0.0115432640750891,0.0115432644584667,-3.83377522436557e-10
1,SCHEDULED_EXACT,0.938,0.148352986419518,0.0759712619004853,0.011543264110944,0.0115432644584667,-3.47522613117213e-10
1,SCHEDULED_EXACT,0.94,0.148352986419518,0.0759712616508801,0.0115432641434457,0.0115432644584667,-3.15020990196424e-10
1,SCHEDULED_EXACT,0.942,0.148352986419518,0.0759712614246189,0.0115432641729076,0.0115432644584667,-2.8555904342531e-10
1,SCHEDULED_EXACT,0.944,0.148352986419518,0.0759712612195185,0.0115432641996142,0.0115432644584667,-2.58852486320627e-10
1,SCHEDULED_EXACT,0.946,0.148352986419518,0.0759712610335999,0.011543264223823,0.0115432644584667,-2.34643625710018e-10
1,SCHEDULED_EXACT,0.948,0.148352986419518,0.0759712608650691,0.0115432642457678,0.0115432644584667,-2.12698872403827e-10
1,SCHEDULED_EXACT,0.95,0.148352986419518,0.0759712607122999,0.0115432642656602,0.0115432644584667,-1.92806473911511e-10
1,SCHEDULED_EXACT,0.952,0.148352986419518,0.0759712605738183,0.0115432642836922,0.0115432644584667,-1.74774484815177e-10
1,SCHEDULED_EXACT,0.954,0.148352986419518,0.0759712604482879,0.0115432643000377,0.0115432644584667,-1.58428917554354e-10
1,SCHEDULED_EXACT,0.956,0.148352986419518,0.0759712603344977,0.0115432643148546,0.0115432644584667,-1.43612049335884e-10
1,SCHEDULED_EXACT,0.958,0.148352986419518,0.0759712602313495,0.0115432643282857,0.0115432644584667,-1.30180909455047e-10
1,SCHEDULED_EXACT,0.96,0.148352986419518,0.0759712601378482,0.0115432643404608,0.0115432644584667,-1.18005901925122e-10
1,SCHEDULED_EXACT,0.962,0.148352986419518,0.0759712600530914,0.0115432643514971,0.0115432644584667,-1.06969546068147e-10
1,SCHEDULED_EXACT,0.964,0.148352986419518,0.0759712599762615,0.0115432643615013,0.0115432644584667,-9.69653524141023e-11
1,SCHEDULED_EXACT,0.966,0.148352986419518,0.0759712599066169,0.0115432643705699,0.0115432644584667,-8.78967870709957e-11
1,SCHEDULED_EXACT,0.968,0.148352986419518,0.0759712598434858,0.0115432643787903,0.0115432644584667,-7.96763488519758e-11
1,SCHEDULED_EXACT,0.97,0.148352986419518,0.0759712597862589,0.0115432643862419,0.0115432644584667,-7.22247175261037e-11
1,SCHEDULED_EXACT,0.972,0.148352986419518,0.0759712597343841,0.0115432643929967,0.0115432644584667,-6.54699888053001e-11
1,SCHEDULED_EXACT,0.974,0.148352986419518,0.0759712596873608,0.0115432643991197,0.0115432644584667,-5.9346990863296e-11
1,SCHEDULED_EXACT,0.976,0.148352986419518,0.0759712596447354,0.01154326440467,0.0115432644584667,-5.37966355490527e-11
1,SCHEDULED_EXACT,0.978,0.148352986419518,0.0759712596060964,0.0115432644097013,0.0115432644584667,-4.87653719488668e-11
1,SCHEDULED_EXACT,0.98,0.148352986419518,0.0759712595710711,0.011543264414262,0.0115432644584667,-4.42046520915396e-11
1,SCHEDULED_EXACT,0.982,0.148352986419518,0.0759712595393214,0.0115432644183962,0.0115432644584667,-4.00704643077621e-11
1,SCHEDULED_EXACT,0.984,0.148352986419518,0.0759712595105412,0.0115432644221437,0.0115432644584667,-3.63229255700981e-11
1,SCHEDULED_EXACT,0.986,0.148352986419518,0.0759712594844525,0.0115432644255408,0.0115432644584667,-3.2925868628797e-11
1,SCHEDULED_EXACT,0.988,0.148352986419518,0.0759712594608038,0.0115432644286201,0.0115432644584667,-2.98465176185037e-11
1,SCHEDULED_EXACT,0.99,0.148352986419518,0.0759712594393668,0.0115432644314115,0.0115432644584667,-2.70551584607981e-11
1,SCHEDULED_EXACT,0.992,0.148352986419518,0.0759712594199346,0.0115432644339418,0.0115432644584667,-2.45248578389923e-11
1,SCHEDULED_EXACT,0.994,0.148352986419518,0.0759712594023199,0.0115432644362355,0.0115432644584667,-2.22312012548853e-11
1,SCHEDULED_EXACT,0.996,0.148352986419518,0.0759712593863525,0.0115432644383146,0.0115432644584667,-2.01520553716472e-11
1,SCHEDULED_EXACT,0.998,0.148352986419518,0.0759712593718785,0.0115432644401993,0.0115432644584667,-1.82673598470018e-11
1,SCHEDULED_EXACT,1,0.148352986419518,0.0759712593587581,0.0115432644419077,0.0115432644584667,-1.65589278400269e-11
1,SCHEDULED_EXACT,1.002,0.148352986419518,0.0759712593468648,0.0115432644434564,0.0115432644584667,-1.50102742735303e-11
1,SCHEDULED_EXACT,1.004,0.148352986419518,0.0759712593360838,0.0115432644448602,0.0115432644584667,-1.360645623949e-11
1,SCHEDULED_EXACT,1.006,0.148352986419518,0.075971259326311,0.0115432644461327,0.0115432644584667,-1.23339290170055e-11
1,SCHEDULED_EXACT,1.008,0.148352986419518,0.0759712593174523,0.0115432644472862,0.0115432644584667,-1.11804142333138e-11
1,SCHEDULED_EXACT,1.01,0.148352986419518,0.0759712593094221,0.0115432644483319,0.0115432644584667,-1.01347801678697e-11
1,SCHEDULED_EXACT,1.012,0.148352986419518,0.0759712593021428,0.0115432644492797,0.0115432644584667,-9.18693766893686e-12
1,SCHEDULED_EXACT,1.014,0.148352986419518,0.0759712592955444,0.0115432644501389,0.0115432644584667,-8.32774127434988e-12
1,SCHEDULED_EXACT,1.016,0.148352986419518,0.0759712592895631,0.0115432644509178,0.0115432644584667,-7.54889900589362e-12
1,SCHEDULED_EXACT,1.018,0.148352986419518,0.0759712592841411,0.0115432644516238,0.0115432644584667,-6.84289604147015e-12
1,SCHEDULED_EXACT,1.02,0.148352986419518,0.0759712592792263,0.0115432644522637,0.0115432644584667,-6.20292359143626e-12
1,SCHEDULED_EXACT,1.022,0.148352986419518,0.0759712592747711,0.0115432644528439,0.0115432644584667,-5.62280257077052e-12
1,SCHEDULED_EXACT,1.024,0.148352986419518,0.0759712592707325,0.0115432644533697,0.0115432644584667,-5.09693676153944e-12
1,SCHEDULED_EXACT,1.026,0.148352986419518,0.0759712592670717,0.0115432644538464,0.0115432644584667,-4.62025209757577e-12
1,SCHEDULED_EXACT,1.028,0.148352986419518,0.0759712592637533,0.0115432644542785,0.0115432644584667,-4.18814809222123e-12
1,SCHEDULED_EXACT,1.03,0.148352986419518,0.0759712592607451,0.0115432644546702,0.0115432644584667,-3.79645620496305e-12
1,SCHEDULED_EXACT,1.032,0.148352986419518,0.0759712592580184,0.0115432644550253,0.0115432644584667,-3.44139994279402e-12
1,SCHEDULED_EXACT,1.034,0.148352986419518,0.0759712592555466,0.0115432644553471,0.0115432644584667,-3.11954628795519e-12
1,SCHEDULED_EXACT,1.036,0.148352986419518,0.075971259253306,0.0115432644556389,0.0115432644584667,-2.82779528959498e-12
1,SCHEDULED_EXACT,1.038,0.148352986419518,0.075971259251275,0.0115432644559033,0.0115432644584667,-2.56332975678841e-12
1,SCHEDULED_EXACT,1.04,0.148352986419518,0.0759712592494339,0.0115432644561431,0.0115432644584667,-2.32359617657885e-12
1,SCHEDULED_EXACT,1.042,0.148352986419518,0.075971259247765,0.0115432644563604,0.0115432644584667,-2.10628389729628e-12
1,SCHEDULED_EXACT,1.044,0.148352986419518,0.0759712592462522,0.0115432644565574,0.0115432644584667,-1.90929737298173e-12
1,SCHEDULED_EXACT,1.046,0.148352986419518,0.0759712592448809,0.0115432644567359,0.0115432644584667,-1.73073361198206e-12
1,SCHEDULED_EXACT,1.048,0.148352986419518,0.0759712592436378,0.0115432644568978,0.0115432644584667,-1.56886829916214e-12
1,SCHEDULED_EXACT,1.05,0.148352986419518,0.0759712592425109,0.0115432644570445,0.0115432644584667,-1.42214191811707e-12
1,SCHEDULED_EXACT,1.052,0.148352986419518,0.0759712592414895,0.0115432644571775,0.0115432644584667,-1.28913719976698e-12
1,SCHEDULED_EXACT,1.054,0.148352986419518,0.0759712592405636,0.0115432644572981,0.0115432644584667,-1.16857218346311e-12
1,SCHEDULED_EXACT,1.056,0.148352986419518,0.0759712592397243,0.0115432644574074,0.0115432644584667,-1.0592828697531e-12
1,SCHEDULED_EXACT,1.058,0.148352986419518,0.0759712592389634,0.0115432644575064,0.0115432644584667,-9.60214546763538e-13
1,SCHEDULED_EXACT,1.06,0.148352986419518,0.0759712592382738,0.0115432644575962,0.0115432644584667,-8.70411381859171e-13
1,SCHEDULED_EXACT,1.062,0.148352986419518,0.0759712592376486,0.0115432644576776,0.0115432644584667,-7.89007748025483e-13
1,SCHEDULED_EXACT,1.064,0.148352986419518,0.0759712592370819,0.0115432644577514,0.0115432644584667,-7.15216080804382e-13
1,SCHEDULED_EXACT,1.066,0.148352986419518,0.0759712592365682,0.0115432644578183,0.0115432644584667,-6.48326878294192e-13
1,SCHEDULED_EXACT,1.068,0.148352986419518,0.0759712592361026,0.011543264457879,0.0115432644584667,-5.87693088638375e-13
1,SCHEDULED_EXACT,1.07,0.148352986419518,0.0759712592356804,0.0115432644579339,0.0115432644584667,-5.3272837530205e-13
1,SCHEDULED_EXACT,1.072,0.148352986419518,0.0759712592352978,0.0115432644579837,0.0115432644584667,-4.82907117071996e-13
1,SCHEDULED_EXACT,1.074,0.148352986419518,0.075971259234951,0.0115432644580289,0.0115432644584667,-4.37743591374939e-13
1,SCHEDULED_EXACT,1.076,0.148352986419518,0.0759712592346366,0.0115432644580699,0.0115432644584667,-3.96804117341887e-13
1,SCHEDULED_EXACT,1.078,0.148352986419518,0.0759712592343516,0.011543264458107,0.0115432644584667,-3.59694912743791e-13
1,SCHEDULED_EXACT,1.08,0.148352986419518,0.0759712592340932,0.0115432644581406,0.0115432644584667,-3.26055155097649e-13
1,SCHEDULED_EXACT,1.082,0.148352986419518,0.075971259233859,0.0115432644581711,0.0115432644584667,-2.95560451113452e-13
1,SCHEDULED_EXACT,1.084,0.148352986419518,0.0759712592336468,0.0115432644581987,0.0115432644584667,-2.67917632523762e-13
1,SCHEDULED_EXACT,1.086,0.148352986419518,0.0759712592334543,0.0115432644582238,0.0115432644584667,-2.42861286636753e-13
1,SCHEDULED_EXACT,1.088,0.148352986419518,0.0759712592332799,0.0115432644582465,0.0115432644584667,-2.20148552165789e-13
1,SCHEDULED_EXACT,1.09,0.148352986419518,0.0759712592331218,0.0115432644582671,0.0115432644584667,-1.9955911922942e-13
1,SCHEDULED_EXACT,1.092,0.148352986419518,0.0759712592329784,0.0115432644582858,0.0115432644584667,-1.80895229351385e-13
1,SCHEDULED_EXACT,1.094,0.148352986419518,0.0759712592328485,0.0115432644583027,0.0115432644584667,-1.6397820601366e-13
1,SCHEDULED_EXACT,1.096,0.148352986419518,0.0759712592327307,0.011543264458318,0.0115432644584667,-1.48641515762549e-13
1,SCHEDULED_EXACT,1.098,0.148352986419518,0.075971259232624,0.0115432644583319,0.0115432644584667,-1.34739441826071e-13
1,SCHEDULED_EXACT,1.1,0.148352986419518,0.0759712592325272,0.0115432644583445,0.0115432644584667,-1.22138410496575e-13
1,SCHEDULED_EXACT,1.102,0.148352986419518,0.0759712592324395,0.0115432644583559,0.0115432644584667,-1.10716991130744e-13
1,SCHEDULED_EXACT,1.104,0.148352986419518,0.07597125923236,0.0115432644583663,0.0115432644584667,-1.00362426702638e-13
1,SCHEDULED_EXACT,1.106,0.148352986419518,0.0759712592322879,0.0115432644583757,0.0115432644584667,-9.09741032506517e-14
1,SCHEDULED_EXACT,1.108,0.148352986419518,0.0759712592322225,0.0115432644583842,0.0115432644584667,-8.24670193244614e-14
1,SCHEDULED_EXACT,1.11,0.148352986419518,0.0759712592321633,0.0115432644583919,0.0115432644584667,-7.47544387502685e-14
1,SCHEDULED_EXACT,1.112,0.148352986419518,0.0759712592321096,0.0115432644583989,0.0115432644584667,-6.7763503142082e-14
1,SCHEDULED_EXACT,1.114,0.148352986419518,0.0759712592320609,0.0115432644584052,0.0115432644584667,-6.14248235608628e-14
1,SCHEDULED_EXACT,1.116,0.148352986419518,0.0759712592320168,0.011543264458411,0.0115432644584667,-5.56811541319036e-14
1,SCHEDULED_EXACT,1.118,0.148352986419518,0.0759712592319768,0.0115432644584162,0.0115432644584667,-5.04735142570212e-14
1,SCHEDULED_EXACT,1.12,0.148352986419518,0.0759712592319406,0.0115432644584209,0.0115432644584667,-4.57533316788883e-14
1,SCHEDULED_EXACT,1.122,0.148352986419518,0.0759712592319077,0.0115432644584252,0.0115432644584667,-4.14737688636535e-14
1,SCHEDULED_EXACT,1.124,0.148352986419518,0.0759712592318779,0.0115432644584291,0.0115432644584667,-3.75966618948453e-14
1,SCHEDULED_EXACT,1.126,0.148352986419518,0.0759712592318509,0.0115432644584326,0.0115432644584667,-3.40786426855644e-14
1,SCHEDULED_EXACT,1.128,0.148352986419518,0.0759712592318264,0.0115432644584358,0.0115432644584667,-3.0891955660195e-14
1,SCHEDULED_EXACT,1.13,0.148352986419518,0.0759712592318043,0.0115432644584387,0.0115432644584667,-2.80019063492176e-14
1,SCHEDULED_EXACT,1.132,0.148352986419518,0.0759712592317841,0.0115432644584413,0.0115432644584667,-2.53842086239686e-14
1,SCHEDULED_EXACT,1.134,0.148352986419518,0.0759712592317659,0.0115432644584436,0.0115432644584667,-2.30093721853564e-14
1,SCHEDULED_EXACT,1.136,0.148352986419518,0.0759712592317494,0.0115432644584458,0.0115432644584667,-2.08565803516692e-14
1,SCHEDULED_EXACT,1.138,0.148352986419518,0.0759712592317344,0.0115432644584477,0.0115432644584667,-1.89067511646712e-14
1,SCHEDULED_EXACT,1.14,0.148352986419518,0.0759712592317208,0.0115432644584495,0.0115432644584667,-1.71373332191749e-14
1,SCHEDULED_EXACT,1.142,0.148352986419518,0.0759712592317085,0.0115432644584511,0.0115432644584667,-1.55344487273723e-14
1,SCHEDULED_EXACT,1.144,0.148352986419518,0.0759712592316974,0.0115432644584526,0.0115432644584667,-1.40824851779797e-14
1,SCHEDULED_EXACT,1.146,0.148352986419518,0.0759712592316872,0.0115432644584539,0.0115432644584667,-1.27658300597133e-14
1,SCHEDULED_EXACT,1.148,0.148352986419518,0.0759712592316781,0.0115432644584551,0.0115432644584667,-1.15723403082413e-14
1,SCHEDULED_EXACT,1.15,0.148352986419518,0.0759712592316698,0.0115432644584562,0.0115432644584667,-1.04898728592318e-14
1,SCHEDULED_EXACT,1.152,0.148352986419518,0.0759712592316622,0.0115432644584571,0.0115432644584667,-9.50801937182888e-15
1,SCHEDULED_EXACT,1.154,0.148352986419518,0.0759712592316554,0.011543264458458,0.0115432644584667,-8.61984095212875e-15
1,SCHEDULED_EXACT,1.156,0.148352986419518,0.0759712592316492,0.0115432644584588,0.0115432644584667,-7.81319453579954e-15
1,SCHEDULED_EXACT,1.158,0.148352986419518,0.0759712592316436,0.0115432644584596,0.0115432644584667,-7.08114122893733e-15
1,SCHEDULED_EXACT,1.16,0.148352986419518,0.0759712592316385,0.0115432644584602,0.0115432644584667,-6.42021158459016e-15
1,SCHEDULED_EXACT,1.162,0.148352986419518,0.0759712592316339,0.0115432644584608,0.0115432644584667,-5.81999726190219e-15
1,SCHEDULED_EXACT,1.164,0.148352986419518,0.0759712592316297,0.0115432644584614,0.0115432644584667,-5.27529409044547e-15
1,SCHEDULED_EXACT,1.166,0.148352986419518,0.0759712592316259,0.0115432644584619,0.0115432644584667,-4.78089789979208e-15
1,SCHEDULED_EXACT,1.168,0.148352986419518,0.0759712592316225,0.0115432644584623,0.0115432644584667,-4.33507396646604e-15
1,SCHEDULED_EXACT,1.17,0.148352986419518,0.0759712592316194,0.0115432644584627,0.0115432644584667,-3.92914867308747e-15
1,SCHEDULED_EXACT,1.172,0.148352986419518,0.0759712592316166,0.0115432644584631,0.0115432644584667,-3.56138729618038e-15
1,SCHEDULED_EXACT,1.174,0.148352986419518,0.075971259231614,0.0115432644584634,0.0115432644584667,-3.23005511226881e-15
1,SCHEDULED_EXACT,1.176,0.148352986419518,0.0759712592316117,0.0115432644584637,0.0115432644584667,-2.92821322744885e-15
1,SCHEDULED_EXACT,1.178,0.148352986419518,0.0759712592316096,0.011543264458464,0.0115432644584667,-2.65239219476854e-15
1,SCHEDULED_EXACT,1.18,0.148352986419518,0.0759712592316077,0.0115432644584643,0.0115432644584667,-2.40432673770385e-15
1,SCHEDULED_EXACT,1.182,0.148352986419518,0.0759712592316059,0.0115432644584645,0.0115432644584667,-2.17881268582687e-15
1,SCHEDULED_EXACT,1.184,0.148352986419518,0.0759712592316044,0.0115432644584647,0.0115432644584667,-1.97758476261356e-15
1,SCHEDULED_EXACT,1.186,0.148352986419518,0.075971259231603,0.0115432644584649,0.0115432644584667,-1.79023462720806e-15
1,SCHEDULED_EXACT,1.188,0.148352986419518,0.0759712592316017,0.011543264458465,0.0115432644584667,-1.62370117351429e-15
1,SCHEDULED_EXACT,1.19,0.148352986419518,0.0759712592316005,0.0115432644584652,0.0115432644584667,-1.47278023110431e-15
1,SCHEDULED_EXACT,1.192,0.148352986419518,0.0759712592315994,0.0115432644584653,0.0115432644584667,-1.33400235302616e-15
1,SCHEDULED_EXACT,1.194,0.148352986419518,0.0759712592315985,0.0115432644584654,0.0115432644584667,-1.20910226275583e-15
1,SCHEDULED_EXACT,1.196,0.148352986419518,0.0759712592315976,0.0115432644584656,0.0115432644584667,-1.09634523681734e-15
1,SCHEDULED_EXACT,1.198,0.148352986419518,0.0759712592315968,0.0115432644584657,0.0115432644584667,-9.9399655173471e-16
1,SCHEDULED_EXACT,1.2,0.148352986419518,0.0759712592315961,0.0115432644584658,0.0115432644584667,-9.0205620750794e-16
1,SCHEDULED_EXACT,1.202,0.148352986419518,0.0759712592315955,0.0115432644584658,0.0115432644584667,-8.17054757185076e-16
1,SCHEDULED_EXACT,1.204,0.148352986419518,0.0759712592315949,0.0115432644584659,0.0115432644584667,-7.40726924242097e-16
1,SCHEDULED_EXACT,1.206,0.148352986419518,0.0759712592315944,0.011543264458466,0.0115432644584667,-6.69603261727048e-16
1,SCHEDULED_EXACT,1.208,0.148352986419518,0.0759712592315939,0.011543264458466,0.0115432644584667,-6.08887940067859e-16
1,SCHEDULED_EXACT,1.21,0.148352986419518,0.0759712592315934,0.0115432644584661,0.0115432644584667,-5.51642065360625e-16
1,SCHEDULED_EXACT,1.212,0.148352986419518,0.075971259231593,0.0115432644584662,0.0115432644584667,-5.01335084557297e-16
1,SCHEDULED_EXACT,1.214,0.148352986419518,0.0759712592315927,0.0115432644584662,0.0115432644584667,-4.52762827229947e-16
1,SCHEDULED_EXACT,1.216,0.148352986419518,0.0759712592315924,0.0115432644584662,0.0115432644584667,-4.09394740330526e-16
1,SCHEDULED_EXACT,1.218,0.148352986419518,0.0759712592315921,0.0115432644584663,0.0115432644584667,-3.72965547335014e-16
1,SCHEDULED_EXACT,1.22,0.148352986419518,0.0759712592315918,0.0115432644584663,0.0115432644584667,-3.38271077815477e-16
1,SCHEDULED_EXACT,1.222,0.148352986419518,0.0759712592315916,0.0115432644584664,0.0115432644584667,-3.05311331771918e-16
1,SCHEDULED_EXACT,1.224,0.148352986419518,0.0759712592315913,0.0115432644584664,0.0115432644584667,-2.75821032680312e-16
1,SCHEDULED_EXACT,1.226,0.148352986419518,0.0759712592315911,0.0115432644584664,0.0115432644584667,-2.51534904016637e-16
1,SCHEDULED_EXACT,1.228,0.148352986419518,0.075971259231591,0.0115432644584664,0.0115432644584667,-2.27248775352962e-16
1,SCHEDULED_EXACT,1.23,0.148352986419518,0.0759712592315908,0.0115432644584664,0.0115432644584667,-2.0643209364124e-16
1,SCHEDULED_EXACT,1.232,0.148352986419518,0.0759712592315906,0.0115432644584665,0.0115432644584667,-1.87350135405495e-16
1,SCHEDULED_EXACT,1.234,0.148352986419518,0.0759712592315905,0.0115432644584665,0.0115432644584667,-1.70002900645727e-16
1,SCHEDULED_EXACT,1.236,0.148352986419518,0.0759712592315904,0.0115432644584665,0.0115432644584667,-1.54390389361936e-16
1,SCHEDULED_EXACT,1.238,0.148352986419518,0.0759712592315903,0.0115432644584665,0.0115432644584667,-1.38777878078145e-16
1,SCHEDULED_EXACT,1.24,0.148352986419518,0.0759712592315902,0.0115432644584665,0.0115432644584667,-1.26634813746307e-16
1,SCHEDULED_EXACT,1.242,0.148352986419518,0.0759712592315901,0.0115432644584665,0.0115432644584667,-1.14491749414469e-16
1,SCHEDULED_EXACT,1.244,0.148352986419518,0.07597125923159,0.0115432644584666,0.0115432644584667,-1.02348685082632e-16
1,SCHEDULED_EXACT,1.246,0.148352986419518,0.0759712592315899,0.0115432644584666,0.0115432644584667,-9.36750677027476e-17
1,SCHEDULED_EXACT,1.248,0.148352986419518,0.0759712592315899,0.0115432644584666,0.0115432644584667,-8.50014503228635e-17
1,SCHEDULED_EXACT,1.25,0.148352986419518,0.0759712592315898,0.0115432644584666,0.0115432644584667,-7.80625564189563e-17
1,SCHEDULED_EXACT,1.252,0.148352986419518,0.0759712592315897,0.0115432644584666,0.0115432644584667,-7.11236625150491e-17
1,SCHEDULED_EXACT,1.254,0.148352986419518,0.0759712592315897,0.0115432644584666,0.0115432644584667,-6.24500451351651e-17
1,SCHEDULED_EXACT,1.256,0.148352986419518,0.0759712592315896,0.0115432644584666,0.0115432644584667,-5.72458747072346e-17
1,SCHEDULED_EXACT,1.258,0.148352986419518,0.0759712592315896,0.0115432644584666,0.0115432644584667,-5.20417042793042e-17
1,SCHEDULED_EXACT,1.26,0.148352986419518,0.0759712592315896,0.0115432644584666,0.0115432644584667,-4.68375338513738e-17
1,SCHEDULED_EXACT,1.262,0.148352986419518,0.0759712592315895,0.0115432644584666,0.0115432644584667,-4.33680868994202e-17
1,SCHEDULED_EXACT,1.264,0.148352986419518,0.0759712592315895,0.0115432644584666,0.0115432644584667,-3.98986399474666e-17
1,SCHEDULED_EXACT,1.266,0.148352986419518,0.0759712592315895,0.0115432644584666,0.0115432644584667,-3.64291929955129e-17
1,SCHEDULED_EXACT,1.268,0.148352986419518,0.0759712592315895,0.0115432644584666,0.0115432644584667,-3.29597460435593e-17
1,SCHEDULED_EXACT,1.27,0.148352986419518,0.0759712592315894,0.0115432644584666,0.0115432644584667,-2.94902990916057e-17
1,SCHEDULED_EXACT,1.272,0.148352986419518,0.0759712592315894,0.0115432644584666,0.0115432644584667,-2.77555756156289e-17
1,SCHEDULED_EXACT,1.274,0.148352986419518,0.0759712592315894,0.0115432644584666,0.0115432644584667,-2.42861286636753e-17
1,SCHEDULED_EXACT,1.276,0.148352986419518,0.0759712592315894,0.0115432644584666,0.0115432644584667,-2.25514051876985e-17
1,SCHEDULED_EXACT,1.278,0.148352986419518,0.0759712592315894,0.0115432644584666,0.0115432644584667,-1.90819582357449e-17
1,SCHEDULED_EXACT,1.28,0.148352986419518,0.0759712592315893,0.0115432644584666,0.0115432644584667,-1.73472347597681e-17
1,SCHEDULED_EXACT,1.282,0.148352986419518,0.0759712592315893,0.0115432644584666,0.0115432644584667,-1.56125112837913e-17
1,SCHEDULED_EXACT,1.284,0.148352986419518,0.0759712592315893,0.0115432644584666,0.0115432644584667,-1.38777878078145e-17
1,SCHEDULED_EXACT,1.286,0.148352986419518,0.0759712592315893,0.0115432644584666,0.0115432644584667,-1.21430643318376e-17
1,SCHEDULED_EXACT,1.288,0.148352986419518,0.0759712592315893,0.0115432644584666,0.0115432644584667,-1.21430643318376e-17
1,SCHEDULED_EXACT,1.29,0.148352986419518,0.0759712592315893,0.0115432644584666,0.0115432644584667,-1.04083408558608e-17
1,SCHEDULED_EXACT,1.292,0.148352986419518,0.0759712592315893,0.0115432644584666,0.0115432644584667,-8.67361737988404e-18
1,SCHEDULED_EXACT,1.294,0.148352986419518,0.0759712592315893,0.0115432644584666,0.0115432644584667,-8.67361737988404e-18
1,SCHEDULED_EXACT,1.296,0.148352986419518,0.0759712592315893,0.0115432644584666,0.0115432644584667,-6.93889390390723e-18
1,SCHEDULED_EXACT,1.298,0.148352986419518,0.0759712592315893,0.0115432644584666,0.0115432644584667,-6.93889390390723e-18
1,SCHEDULED_EXACT,1.3,0.148352986419518,0.0759712592315893,0.0115432644584666,0.0115432644584667,-6.93889390390723e-18
1,SCHEDULED_EXACT,1.302,0.148352986419518,0.0759712592315892,0.0115432644584667,0.0115432644584667,-5.20417042793042e-18
1,SCHEDULED_EXACT,1.304,0.148352986419518,0.0759712592315892,0.0115432644584667,0.0115432644584667,-5.20417042793042e-18
1,SCHEDULED_EXACT,1.306,0.148352986419518,0.0759712592315892,0.0115432644584667,0.0115432644584667,-5.20417042793042e-18
1,SCHEDULED_EXACT,1.308,0.148352986419518,0.0759712592315892,0.0115432644584667,0.0115432644584667,-3.46944695195361e-18
1,SCHEDULED_EXACT,1.31,0.148352986419518,0.0759712592315892,0.0115432644584667,0.0115432644584667,-3.46944695195361e-18
1,SCHEDULED_EXACT,1.312,0.148352986419518,0.0759712592315892,0.0115432644584667,0.0115432644584667,-3.46944695195361e-18
1,SCHEDULED_EXACT,1.314,0.148352986419518,0.0759712592315892,0.0115432644584667,0.0115432644584667,-3.46944695195361e-18
1,SCHEDULED_EXACT,1.316,0.148352986419518,0.0759712592315892,0.0115432644584667,0.0115432644584667,-3.46944695195361e-18
1,SCHEDULED_EXACT,1.318,0.148352986419518,0.0759712592315892,0.0115432644584667,0.0115432644584667,-3.46944695195361e-18
1,SCHEDULED_EXACT,1.32,0.148352986419518,0.0759712592315892,0.0115432644584667,0.0115432644584667,-1.73472347597681e-18
1,SCHEDULED_EXACT,1.322,0.148352986419518,0.0759712592315892,0.0115432644584667,0.0115432644584667,-1.73472347597681e-18
1,SCHEDULED_EXACT,1.324,0.148352986419518,0.0759712592315892,0.0115432644584667,0.0115432644584667,-1.73472347597681e-18
1,SCHEDULED_EXACT,1.326,0.148352986419518,0.0759712592315892,0.0115432644584667,0.0115432644584667,-1.73472347597681e-18
1,SCHEDULED_EXACT,1.328,0.148352986419518,0.0759712592315892,0.0115432644584667,0.0115432644584667,-1.73472347597681e-18
1,SCHEDULED_EXACT,1.33,0.148352986419518,0.0759712592315892,0.0115432644584667,0.0115432644584667,-1.73472347597681e-18
1,SCHEDULED_EXACT,1.332,0.148352986419518,0.0759712592315892,0.0115432644584667,0.0115432644584667,-1.73472347597681e-18
1,SCHEDULED_EXACT,1.334,0.148352986419518,0.0759712592315892,0.0115432644584667,0.0115432644584667,-1.73472347597681e-18
1,SCHEDULED_EXACT,1.336,0.148352986419518,0.0759712592315892,0.0115432644584667,0.0115432644584667,-1.73472347597681e-18
1,SCHEDULED_EXACT,1.338,0.148352986419518,0.0759712592315892,0.0115432644584667,0.0115432644584667,-1.73472347597681e-18
1,SCHEDULED_EXACT,1.34,0.148352986419518,0.0759712592315892,0.0115432644584667,0.0115432644584667,-1.73472347597681e-18
1,SCHEDULED_EXACT,1.342,0.148352986419518,0.0759712592315892,0.0115432644584667,0.0115432644584667,0
1,SCHEDULED_EXACT,1.344,0.148352986419518,0.0759712592315892,0.0115432644584667,0.0115432644584667,0
1,SCHEDULED_EXACT,1.346,0.148352986419518,0.0759712592315892,0.0115432644584667,0.0115432644584667,0
1,SCHEDULED_EXACT,1.348,0.148352986419518,0.0759712592315892,0.0115432644584667,0.0115432644584667,0
1,SCHEDULED_EXACT,1.35,0.148352986419518,0.0759712592315892,0.0115432644584667,0.0115432644584667,0
1,SCHEDULED_EXACT,1.352,0.148352986419518,0.0759712592315892,0.0115432644584667,0.0115432644584667,0
1,SCHEDULED_EXACT,1.354,0.148352986419518,0.0759712592315892,0.0115432644584667,0.0115432644584667,0
1,SCHEDULED_EXACT,1.356,0.148352986419518,0.0759712592315892,0.0115432644584667,0.0115432644584667,0
1,SCHEDULED_EXACT,1.358,0.148352986419518,0.0759712592315892,0.0115432644584667,0.0115432644584667,0
1,SCHEDULED_EXACT,1.36,0.148352986419518,0.0759712592315892,0.0115432644584667,0.0115432644584667,0
1,SCHEDULED_EXACT,1.362,0.148352986419518,0.0759712592315892,0.0115432644584667,0.0115432644584667,0
1,SCHEDULED_EXACT,1.364,0.148352986419518,0.0759712592315892,0.0115432644584667,0.0115432644584667,0
1,SCHEDULED_EXACT,1.366,0.148352986419518,0.0759712592315892,0.0115432644584667,0.0115432644584667,0
1,SCHEDULED_EXACT,1.368,0.148352986419518,0.0759712592315892,0.0115432644584667,0.0115432644584667,0
1,SCHEDULED_EXACT,1.37,0.148352986419518,0.0759712592315892,0.0115432644584667,0.0115432644584667,0
1,SCHEDULED_EXACT,1.372,0.148352986419518,0.0759712592315892,0.0115432644584667,0.0115432644584667,0
1,SCHEDULED_EXACT,1.374,0.148352986419518,0.0759712592315892,0.0115432644584667,0.0115432644584667,0
1,SCHEDULED_EXACT,1.376,0.148352986419518,0.0759712592315892,0.0115432644584667,0.0115432644584667,0
1,SCHEDULED_EXACT,1.378,0.148352986419518,0.0759712592315892,0.0115432644584667,0.0115432644584667,0
1,SCHEDULED_EXACT,1.38,0.148352986419518,0.0759712592315892,0.0115432644584667,0.0115432644584667,0
1,SCHEDULED_EXACT,1.382,0.148352986419518,0.0759712592315892,0.0115432644584667,0.0115432644584667,0
1,SCHEDULED_EXACT,1.384,0.148352986419518,0.0759712592315892,0.0115432644584667,0.0115432644584667,0
1,SCHEDULED_EXACT,1.386,0.148352986419518,0.0759712592315892,0.0115432644584667,0.0115432644584667,0
1,SCHEDULED_EXACT,1.388,0.148352986419518,0.0759712592315892,0.0115432644584667,0.0115432644584667,0
1,SCHEDULED_EXACT,1.39,0.148352986419518,0.0759712592315892,0.0115432644584667,0.0115432644584667,0
1,SCHEDULED_EXACT,1.392,0.148352986419518,0.0759712592315892,0.0115432644584667,0.0115432644584667,0
1,SCHEDULED_EXACT,1.394,0.148352986419518,0.0759712592315892,0.0115432644584667,0.0115432644584667,0
1,SCHEDULED_EXACT,1.396,0.148352986419518,0.0759712592315892,0.0115432644584667,0.0115432644584667,0
1,SCHEDULED_EXACT,1.398,0.148352986419518,0.0759712592315892,0.0115432644584667,0.0115432644584667,0
1,SCHEDULED_EXACT,1.4,0.148352986419518,0.0759712592315892,0.0115432644584667,0.0115432644584667,0
1,SCHEDULED_EXACT,1.402,0.148352986419518,0.0759712592315892,0.0115432644584667,0.0115432644584667,0
1,SCHEDULED_EXACT,1.404,0.148352986419518,0.0759712592315892,0.0115432644584667,0.0115432644584667,0
1,SCHEDULED_EXACT,1.406,0.148352986419518,0.0759712592315892,0.0115432644584667,0.0115432644584667,0
1,SCHEDULED_EXACT,1.408,0.148352986419518,0.0759712592315892,0.0115432644584667,0.0115432644584667,0
1,SCHEDULED_EXACT,1.41,0.148352986419518,0.0759712592315892,0.0115432644584667,0.0115432644584667,0
1,SCHEDULED_EXACT,1.412,0.148352986419518,0.0759712592315892,0.0115432644584667,0.0115432644584667,0
1,SCHEDULED_EXACT,1.414,0.148352986419518,0.0759712592315892,0.0115432644584667,0.0115432644584667,0
1,SCHEDULED_EXACT,1.416,0.148352986419518,0.0759712592315892,0.0115432644584667,0.0115432644584667,0
1,SCHEDULED_EXACT,1.418,0.148352986419518,0.0759712592315892,0.0115432644584667,0.0115432644584667,0
1,SCHEDULED_EXACT,1.42,0.148352986419518,0.0759712592315892,0.0115432644584667,0.0115432644584667,0
1,SCHEDULED_EXACT,1.422,0.148352986419518,0.0759712592315892,0.0115432644584667,0.0115432644584667,0
1,SCHEDULED_EXACT,1.424,0.148352986419518,0.0759712592315892,0.0115432644584667,0.0115432644584667,0
1,SCHEDULED_EXACT,1.426,0.148352986419518,0.0759712592315892,0.0115432644584667,0.0115432644584667,0
1,SCHEDULED_EXACT,1.428,0.148352986419518,0.0759712592315892,0.0115432644584667,0.0115432644584667,0
1,SCHEDULED_EXACT,1.43,0.148352986419518,0.0759712592315892,0.0115432644584667,0.0115432644584667,0
1,SCHEDULED_EXACT,1.432,0.148352986419518,0.0759712592315892,0.0115432644584667,0.0115432644584667,0
1,SCHEDULED_EXACT,1.434,0.148352986419518,0.0759712592315892,0.0115432644584667,0.0115432644584667,0
1,SCHEDULED_EXACT,1.436,0.148352986419518,0.0759712592315892,0.0115432644584667,0.0115432644584667,0
1,SCHEDULED_EXACT,1.438,0.148352986419518,0.0759712592315892,0.0115432644584667,0.0115432644584667,0
1,SCHEDULED_EXACT,1.44,0.148352986419518,0.0759712592315892,0.0115432644584667,0.0115432644584667,0
1,SCHEDULED_EXACT,1.442,0.148352986419518,0.0759712592315892,0.0115432644584667,0.0115432644584667,0
1,SCHEDULED_EXACT,1.444,0.148352986419518,0.0759712592315892,0.0115432644584667,0.0115432644584667,0
1,SCHEDULED_EXACT,1.446,0.148352986419518,0.0759712592315892,0.0115432644584667,0.0115432644584667,0
1,SCHEDULED_EXACT,1.448,0.148352986419518,0.0759712592315892,0.0115432644584667,0.0115432644584667,0
1,SCHEDULED_EXACT,1.45,0.148352986419518,0.0759712592315892,0.0115432644584667,0.0115432644584667,0
1,SCHEDULED_EXACT,1.452,0.148352986419518,0.0759712592315892,0.0115432644584667,0.0115432644584667,0
1,SCHEDULED_EXACT,1.454,0.148352986419518,0.0759712592315892,0.0115432644584667,0.0115432644584667,0
1,SCHEDULED_EXACT,1.456,0.148352986419518,0.0759712592315892,0.0115432644584667,0.0115432644584667,0
1,SCHEDULED_EXACT,1.458,0.148352986419518,0.0759712592315892,0.0115432644584667,0.0115432644584667,0
1,SCHEDULED_EXACT,1.46,0.148352986419518,0.0759712592315892,0.0115432644584667,0.0115432644584667,0
1,SCHEDULED_EXACT,1.462,0.148352986419518,0.0759712592315892,0.0115432644584667,0.0115432644584667,0
1,SCHEDULED_EXACT,1.464,0.148352986419518,0.0759712592315892,0.0115432644584667,0.0115432644584667,0
1,SCHEDULED_EXACT,1.466,0.148352986419518,0.0759712592315892,0.0115432644584667,0.0115432644584667,0
1,SCHEDULED_EXACT,1.468,0.148352986419518,0.0759712592315892,0.0115432644584667,0.0115432644584667,0
1,SCHEDULED_EXACT,1.47,0.148352986419518,0.0759712592315892,0.0115432644584667,0.0115432644584667,0
1,SCHEDULED_EXACT,1.472,0.148352986419518,0.0759712592315892,0.0115432644584667,0.0115432644584667,0
1,SCHEDULED_EXACT,1.474,0.148352986419518,0.0759712592315892,0.0115432644584667,0.0115432644584667,0
1,SCHEDULED_EXACT,1.476,0.148352986419518,0.0759712592315892,0.0115432644584667,0.0115432644584667,0
1,SCHEDULED_EXACT,1.478,0.148352986419518,0.0759712592315892,0.0115432644584667,0.0115432644584667,0
1,SCHEDULED_EXACT,1.48,0.148352986419518,0.0759712592315892,0.0115432644584667,0.0115432644584667,0
1,SCHEDULED_EXACT,1.482,0.148352986419518,0.0759712592315892,0.0115432644584667,0.0115432644584667,0
1,SCHEDULED_EXACT,1.484,0.148352986419518,0.0759712592315892,0.0115432644584667,0.0115432644584667,0
1,SCHEDULED_EXACT,1.486,0.148352986419518,0.0759712592315892,0.0115432644584667,0.0115432644584667,0
1,SCHEDULED_EXACT,1.488,0.148352986419518,0.0759712592315892,0.0115432644584667,0.0115432644584667,0
1,SCHEDULED_EXACT,1.49,0.148352986419518,0.0759712592315892,0.0115432644584667,0.0115432644584667,0
1,SCHEDULED_EXACT,1.492,0.148352986419518,0.0759712592315892,0.0115432644584667,0.0115432644584667,0
1,SCHEDULED_EXACT,1.494,0.148352986419518,0.0759712592315892,0.0115432644584667,0.0115432644584667,0
1,SCHEDULED_EXACT,1.496,0.148352986419518,0.0759712592315892,0.0115432644584667,0.0115432644584667,0
1,SCHEDULED_EXACT,1.498,0.148352986419518,0.0759712592315892,0.0115432644584667,0.0115432644584667,0
1,SCHEDULED_EXACT,1.5,0.148352986419518,0.0759712592315892,0.0115432644584667,0.0115432644584667,0
1,QS,0,0.148352986419518,0.0759712592315892,0.0115432644584667,0.0115432644584667,0
1,QS,0.002,0.148352986419518,0.0759712592315892,0.0115432644584667,0.0115432644584667,0
1,QS,0.004,0.148352986419518,0.0759712592315892,0.0115432644584667,0.0115432644584667,0
1,QS,0.006,0.148352986419518,0.0759712592315892,0.0115432644584667,0.0115432644584667,0
1,QS,0.008,0.148352986419518,0.0759712592315892,0.0115432644584667,0.0115432644584667,0
1,QS,0.01,0.148352986419518,0.0759712592315892,0.0115432644584667,0.0115432644584667,0
1,QS,0.012,0.148352986419518,0.0759712592315892,0.0115432644584667,0.0115432644584667,0
1,QS,0.014,0.148352986419518,0.0759712592315892,0.0115432644584667,0.0115432644584667,0
1,QS,0.016,0.148352986419518,0.0759712592315892,0.0115432644584667,0.0115432644584667,0
1,QS,0.018,0.148352986419518,0.0759712592315892,0.0115432644584667,0.0115432644584667,0
1,QS,0.02,0.148352986419518,0.0759712592315892,0.0115432644584667,0.0115432644584667,0
1,QS,0.022,0.148352986419518,0.0759712592315892,0.0115432644584667,0.0115432644584667,0
1,QS,0.024,0.148352986419518,0.0759712592315892,0.0115432644584667,0.0115432644584667,0
1,QS,0.026,0.148352986419518,0.0759712592315892,0.0115432644584667,0.0115432644584667,0
1,QS,0.028,0.148352986419518,0.0759712592315892,0.0115432644584667,0.0115432644584667,0
1,QS,0.03,0.148352986419518,0.0759712592315892,0.0115432644584667,0.0115432644584667,0
1,QS,0.032,0.148352986419518,0.0759712592315892,0.0115432644584667,0.0115432644584667,0
1,QS,0.034,0.148352986419518,0.0759712592315892,0.0115432644584667,0.0115432644584667,0
1,QS,0.036,0.148352986419518,0.0759712592315892,0.0115432644584667,0.0115432644584667,0
1,QS,0.038,0.148352986419518,0.0759712592315892,0.0115432644584667,0.0115432644584667,0
1,QS,0.04,0.148352986419518,0.0759712592315892,0.0115432644584667,0.0115432644584667,0
1,QS,0.042,0.148352986419518,0.0759712592315892,0.0115432644584667,0.0115432644584667,0
1,QS,0.044,0.148352986419518,0.0759712592315892,0.0115432644584667,0.0115432644584667,0
1,QS,0.046,0.148352986419518,0.0759712592315892,0.0115432644584667,0.0115432644584667,0
1,QS,0.048,0.148352986419518,0.0759712592315892,0.0115432644584667,0.0115432644584667,0
1,QS,0.05,0.148352986419518,0.0759712592315892,0.0115432644584667,0.0115432644584667,0
1,QS,0.052,0.148352986419518,0.0759712592315892,0.0115432644584667,0.0115432644584667,0
1,QS,0.054,0.148352986419518,0.0759712592315892,0.0115432644584667,0.0115432644584667,0
1,QS,0.056,0.148352986419518,0.0759712592315892,0.0115432644584667,0.0115432644584667,0
1,QS,0.058,0.148352986419518,0.0759712592315892,0.0115432644584667,0.0115432644584667,0
1,QS,0.06,0.148352986419518,0.0759712592315892,0.0115432644584667,0.0115432644584667,0
1,QS,0.062,0.148352986419518,0.0759712592315892,0.0115432644584667,0.0115432644584667,0
1,QS,0.064,0.148352986419518,0.0759712592315892,0.0115432644584667,0.0115432644584667,0
1,QS,0.066,0.148352986419518,0.0759712592315892,0.0115432644584667,0.0115432644584667,0
1,QS,0.068,0.148352986419518,0.0759712592315892,0.0115432644584667,0.0115432644584667,0
1,QS,0.07,0.148352986419518,0.0759712592315892,0.0115432644584667,0.0115432644584667,0
1,QS,0.072,0.148352986419518,0.0759712592315892,0.0115432644584667,0.0115432644584667,0
1,QS,0.074,0.148352986419518,0.0759712592315892,0.0115432644584667,0.0115432644584667,0
1,QS,0.076,0.148352986419518,0.0759712592315892,0.0115432644584667,0.0115432644584667,0
1,QS,0.078,0.148352986419518,0.0759712592315892,0.0115432644584667,0.0115432644584667,0
1,QS,0.08,0.148352986419518,0.0759712592315892,0.0115432644584667,0.0115432644584667,0
1,QS,0.082,0.148352986419518,0.0759712592315892,0.0115432644584667,0.0115432644584667,0
1,QS,0.084,0.148352986419518,0.0759712592315892,0.0115432644584667,0.0115432644584667,0
1,QS,0.086,0.148352986419518,0.0759712592315892,0.0115432644584667,0.0115432644584667,0
1,QS,0.088,0.148352986419518,0.0759712592315892,0.0115432644584667,0.0115432644584667,0
1,QS,0.09,0.148352986419518,0.0759712592315892,0.0115432644584667,0.0115432644584667,0
1,QS,0.092,0.148352986419518,0.0759712592315892,0.0115432644584667,0.0115432644584667,0
1,QS,0.094,0.148352986419518,0.0759712592315892,0.0115432644584667,0.0115432644584667,0
1,QS,0.096,0.148352986419518,0.0759712592315892,0.0115432644584667,0.0115432644584667,0
1,QS,0.098,0.148352986419518,0.0759712592315892,0.0115432644584667,0.0115432644584667,0
1,QS,0.1,0.148352986419518,0.0759712592315892,0.0115432644584667,0.0115432644584667,0
1,QS,0.102,0.148352986419518,0.0759712592315892,0.0115432644584667,0.0115432644584667,0
1,QS,0.104,0.148352986419518,0.0759712592315892,0.0115432644584667,0.0115432644584667,0
1,QS,0.106,0.148352986419518,0.0759712592315892,0.0115432644584667,0.0115432644584667,0
1,QS,0.108,0.148352986419518,0.0759712592315892,0.0115432644584667,0.0115432644584667,0
1,QS,0.11,0.148352986419518,0.0759712592315892,0.0115432644584667,0.0115432644584667,0
1,QS,0.112,0.148352986419518,0.0759712592315892,0.0115432644584667,0.0115432644584667,0
1,QS,0.114,0.148352986419518,0.0759712592315892,0.0115432644584667,0.0115432644584667,0
1,QS,0.116,0.148352986419518,0.0759712592315892,0.0115432644584667,0.0115432644584667,0
1,QS,0.118,0.148352986419518,0.0759712592315892,0.0115432644584667,0.0115432644584667,0
1,QS,0.12,0.148352986419518,0.0759712592315892,0.0115432644584667,0.0115432644584667,0
1,QS,0.122,0.148352986419518,0.0759712592315892,0.0115432644584667,0.0115432644584667,0
1,QS,0.124,0.148352986419518,0.0759712592315892,0.0115432644584667,0.0115432644584667,0
1,QS,0.126,0.148352986419518,0.0759712592315892,0.0115432644584667,0.0115432644584667,0
1,QS,0.128,0.148352986419518,0.0759712592315892,0.0115432644584667,0.0115432644584667,0
1,QS,0.13,0.148352986419518,0.0759712592315892,0.0115432644584667,0.0115432644584667,0
1,QS,0.132,0.148352986419518,0.0759712592315892,0.0115432644584667,0.0115432644584667,0
1,QS,0.134,0.148352986419518,0.0759712592315892,0.0115432644584667,0.0115432644584667,0
1,QS,0.136,0.148352986419518,0.0759712592315892,0.0115432644584667,0.0115432644584667,0
1,QS,0.138,0.148352986419518,0.0759712592315892,0.0115432644584667,0.0115432644584667,0
1,QS,0.14,0.148352986419518,0.0759712592315892,0.0115432644584667,0.0115432644584667,0
1,QS,0.142,0.148352986419518,0.0759712592315892,0.0115432644584667,0.0115432644584667,0
1,QS,0.144,0.148352986419518,0.0759712592315892,0.0115432644584667,0.0115432644584667,0
1,QS,0.146,0.148352986419518,0.0759712592315892,0.0115432644584667,0.0115432644584667,0
1,QS,0.148,0.148352986419518,0.0759712592315892,0.0115432644584667,0.0115432644584667,0
1,QS,0.15,0.148352986419518,0.0759712592315892,0.0115432644584667,0.0115432644584667,0
1,QS,0.152,0.148352986419518,0.0759712592315892,0.0115432644584667,0.0115432644584667,0
1,QS,0.154,0.148352986419518,0.0759712592315892,0.0115432644584667,0.0115432644584667,0
1,QS,0.156,0.148352986419518,0.0759712592315892,0.0115432644584667,0.0115432644584667,0
1,QS,0.158,0.148352986419518,0.0759712592315892,0.0115432644584667,0.0115432644584667,0
1,QS,0.16,0.148352986419518,0.0759712592315892,0.0115432644584667,0.0115432644584667,0
1,QS,0.162,0.148352986419518,0.0759712592315892,0.0115432644584667,0.0115432644584667,0
1,QS,0.164,0.148352986419518,0.0759712592315892,0.0115432644584667,0.0115432644584667,0
1,QS,0.166,0.148352986419518,0.0759712592315892,0.0115432644584667,0.0115432644584667,0
1,QS,0.168,0.148352986419518,0.0759712592315892,0.0115432644584667,0.0115432644584667,0
1,QS,0.17,0.148352986419518,0.0759712592315892,0.0115432644584667,0.0115432644584667,0
1,QS,0.172,0.148352986419518,0.0759712592315892,0.0115432644584667,0.0115432644584667,0
1,QS,0.174,0.148352986419518,0.0759712592315892,0.0115432644584667,0.0115432644584667,0
1,QS,0.176,0.148352986419518,0.0759712592315892,0.0115432644584667,0.0115432644584667,0
1,QS,0.178,0.148352986419518,0.0759712592315892,0.0115432644584667,0.0115432644584667,0
1,QS,0.18,0.148352986419518,0.0759712592315892,0.0115432644584667,0.0115432644584667,0
1,QS,0.182,0.148352986419518,0.0759712592315892,0.0115432644584667,0.0115432644584667,0
1,QS,0.184,0.148352986419518,0.0759712592315892,0.0115432644584667,0.0115432644584667,0
1,QS,0.186,0.148352986419518,0.0759712592315892,0.0115432644584667,0.0115432644584667,0
1,QS,0.188,0.148352986419518,0.0759712592315892,0.0115432644584667,0.0115432644584667,0
1,QS,0.19,0.148352986419518,0.0759712592315892,0.0115432644584667,0.0115432644584667,0
1,QS,0.192,0.148352986419518,0.0759712592315892,0.0115432644584667,0.0115432644584667,0
1,QS,0.194,0.148352986419518,0.0759712592315892,0.0115432644584667,0.0115432644584667,0
1,QS,0.196,0.148352986419518,0.0759712592315892,0.0115432644584667,0.0115432644584667,0
1,QS,0.198,0.148352986419518,0.0759712592315892,0.0115432644584667,0.0115432644584667,0
1,QS,0.2,0.150098315671512,0.0762886189304134,0.0116399067566197,0.0116399067566197,0
1,QS,0.202,0.150098315671512,0.0762886189304134,0.0116399067566197,0.0116399067566197,0
1,QS,0.204,0.150098315671512,0.0762886189304134,0.0116399067566197,0.0116399067566197,0
1,QS,0.206,0.150098315671512,0.0762886189304134,0.0116399067566197,0.0116399067566197,0
1,QS,0.208,0.150098315671512,0.0762886189304134,0.0116399067566197,0.0116399067566197,0
1,QS,0.21,0.150098315671512,0.0762886189304134,0.0116399067566197,0.0116399067566197,0
1,QS,0.212,0.150098315671512,0.0762886189304134,0.0116399067566197,0.0116399067566197,0
1,QS,0.214,0.150098315671512,0.0762886189304134,0.0116399067566197,0.0116399067566197,0
1,QS,0.216,0.150098315671512,0.0762886189304134,0.0116399067566197,0.0116399067566197,0
1,QS,0.218,0.150098315671512,0.0762886189304134,0.0116399067566197,0.0116399067566197,0
1,QS,0.22,0.150098315671512,0.0762886189304134,0.0116399067566197,0.0116399067566197,0
1,QS,0.222,0.150098315671512,0.0762886189304134,0.0116399067566197,0.0116399067566197,0
1,QS,0.224,0.150098315671512,0.0762886189304134,0.0116399067566197,0.0116399067566197,0
1,QS,0.226,0.150098315671512,0.0762886189304134,0.0116399067566197,0.0116399067566197,0
1,QS,0.228,0.150098315671512,0.0762886189304134,0.0116399067566197,0.0116399067566197,0
1,QS,0.23,0.150098315671512,0.0762886189304134,0.0116399067566197,0.0116399067566197,0
1,QS,0.232,0.150098315671512,0.0762886189304134,0.0116399067566197,0.0116399067566197,0
1,QS,0.234,0.150098315671512,0.0762886189304134,0.0116399067566197,0.0116399067566197,0
1,QS,0.236,0.150098315671512,0.0762886189304134,0.0116399067566197,0.0116399067566197,0
1,QS,0.238,0.150098315671512,0.0762886189304134,0.0116399067566197,0.0116399067566197,0
1,QS,0.24,0.150098315671512,0.0762886189304134,0.0116399067566197,0.0116399067566197,0
1,QS,0.242,0.150098315671512,0.0762886189304134,0.0116399067566197,0.0116399067566197,0
1,QS,0.244,0.150098315671512,0.0762886189304134,0.0116399067566197,0.0116399067566197,0
1,QS,0.246,0.150098315671512,0.0762886189304134,0.0116399067566197,0.0116399067566197,0
1,QS,0.248,0.150098315671512,0.0762886189304134,0.0116399067566197,0.0116399067566197,0
1,QS,0.25,0.150098315671512,0.0762886189304134,0.0116399067566197,0.0116399067566197,0
1,QS,0.252,0.150098315671512,0.0762886189304134,0.0116399067566197,0.0116399067566197,0
1,QS,0.254,0.150098315671512,0.0762886189304134,0.0116399067566197,0.0116399067566197,0
1,QS,0.256,0.150098315671512,0.0762886189304134,0.0116399067566197,0.0116399067566197,0
1,QS,0.258,0.150098315671512,0.0762886189304134,0.0116399067566197,0.0116399067566197,0
1,QS,0.26,0.150098315671512,0.0762886189304134,0.0116399067566197,0.0116399067566197,0
1,QS,0.262,0.150098315671512,0.0762886189304134,0.0116399067566197,0.0116399067566197,0
1,QS,0.264,0.150098315671512,0.0762886189304134,0.0116399067566197,0.0116399067566197,0
1,QS,0.266,0.150098315671512,0.0762886189304134,0.0116399067566197,0.0116399067566197,0
1,QS,0.268,0.150098315671512,0.0762886189304134,0.0116399067566197,0.0116399067566197,0
1,QS,0.27,0.150098315671512,0.0762886189304134,0.0116399067566197,0.0116399067566197,0
1,QS,0.272,0.150098315671512,0.0762886189304134,0.0116399067566197,0.0116399067566197,0
1,QS,0.274,0.150098315671512,0.0762886189304134,0.0116399067566197,0.0116399067566197,0
1,QS,0.276,0.150098315671512,0.0762886189304134,0.0116399067566197,0.0116399067566197,0
1,QS,0.278,0.150098315671512,0.0762886189304134,0.0116399067566197,0.0116399067566197,0
1,QS,0.28,0.150098315671512,0.0762886189304134,0.0116399067566197,0.0116399067566197,0
1,QS,0.282,0.150098315671512,0.0762886189304134,0.0116399067566197,0.0116399067566197,0
1,QS,0.284,0.150098315671512,0.0762886189304134,0.0116399067566197,0.0116399067566197,0
1,QS,0.286,0.150098315671512,0.0762886189304134,0.0116399067566197,0.0116399067566197,0
1,QS,0.288,0.150098315671512,0.0762886189304134,0.0116399067566197,0.0116399067566197,0
1,QS,0.29,0.150098315671512,0.0762886189304134,0.0116399067566197,0.0116399067566197,0
1,QS,0.292,0.150098315671512,0.0762886189304134,0.0116399067566197,0.0116399067566197,0
1,QS,0.294,0.150098315671512,0.0762886189304134,0.0116399067566197,0.0116399067566197,0
1,QS,0.296,0.150098315671512,0.0762886189304134,0.0116399067566197,0.0116399067566197,0
1,QS,0.298,0.150098315671512,0.0762886189304134,0.0116399067566197,0.0116399067566197,0
1,QS,0.3,0.150098315671512,0.0762886189304134,0.0116399067566197,0.0116399067566197,0
1,QS,0.302,0.150098315671512,0.0762886189304134,0.0116399067566197,0.0116399067566197,0
1,QS,0.304,0.150098315671512,0.0762886189304134,0.0116399067566197,0.0116399067566197,0
1,QS,0.306,0.150098315671512,0.0762886189304134,0.0116399067566197,0.0116399067566197,0
1,QS,0.308,0.150098315671512,0.0762886189304134,0.0116399067566197,0.0116399067566197,0
1,QS,0.31,0.150098315671512,0.0762886189304134,0.0116399067566197,0.0116399067566197,0
1,QS,0.312,0.150098315671512,0.0762886189304134,0.0116399067566197,0.0116399067566197,0
1,QS,0.314,0.150098315671512,0.0762886189304134,0.0116399067566197,0.0116399067566197,0
1,QS,0.316,0.150098315671512,0.0762886189304134,0.0116399067566197,0.0116399067566197,0
1,QS,0.318,0.150098315671512,0.0762886189304134,0.0116399067566197,0.0116399067566197,0
1,QS,0.32,0.150098315671512,0.0762886189304134,0.0116399067566197,0.0116399067566197,0
1,QS,0.322,0.150098315671512,0.0762886189304134,0.0116399067566197,0.0116399067566197,0
1,QS,0.324,0.150098315671512,0.0762886189304134,0.0116399067566197,0.0116399067566197,0
1,QS,0.326,0.150098315671512,0.0762886189304134,0.0116399067566197,0.0116399067566197,0
1,QS,0.328,0.150098315671512,0.0762886189304134,0.0116399067566197,0.0116399067566197,0
1,QS,0.33,0.150098315671512,0.0762886189304134,0.0116399067566197,0.0116399067566197,0
1,QS,0.332,0.150098315671512,0.0762886189304134,0.0116399067566197,0.0116399067566197,0
1,QS,0.334,0.150098315671512,0.0762886189304134,0.0116399067566197,0.0116399067566197,0
1,QS,0.336,0.150098315671512,0.0762886189304134,0.0116399067566197,0.0116399067566197,0
1,QS,0.338,0.150098315671512,0.0762886189304134,0.0116399067566197,0.0116399067566197,0
1,QS,0.34,0.150098315671512,0.0762886189304134,0.0116399067566197,0.0116399067566197,0
1,QS,0.342,0.150098315671512,0.0762886189304134,0.0116399067566197,0.0116399067566197,0
1,QS,0.344,0.150098315671512,0.0762886189304134,0.0116399067566197,0.0116399067566197,0
1,QS,0.346,0.150098315671512,0.0762886189304134,0.0116399067566197,0.0116399067566197,0
1,QS,0.348,0.150098315671512,0.0762886189304134,0.0116399067566197,0.0116399067566197,0
1,QS,0.35,0.150098315671512,0.0762886189304134,0.0116399067566197,0.0116399067566197,0
1,QS,0.352,0.150098315671512,0.0762886189304134,0.0116399067566197,0.0116399067566197,0
1,QS,0.354,0.150098315671512,0.0762886189304134,0.0116399067566197,0.0116399067566197,0
1,QS,0.356,0.150098315671512,0.0762886189304134,0.0116399067566197,0.0116399067566197,0
1,QS,0.358,0.150098315671512,0.0762886189304134,0.0116399067566197,0.0116399067566197,0
1,QS,0.36,0.150098315671512,0.0762886189304134,0.0116399067566197,0.0116399067566197,0
1,QS,0.362,0.150098315671512,0.0762886189304134,0.0116399067566197,0.0116399067566197,0
1,QS,0.364,0.150098315671512,0.0762886189304134,0.0116399067566197,0.0116399067566197,0
1,QS,0.366,0.150098315671512,0.0762886189304134,0.0116399067566197,0.0116399067566197,0
1,QS,0.368,0.150098315671512,0.0762886189304134,0.0116399067566197,0.0116399067566197,0
1,QS,0.37,0.150098315671512,0.0762886189304134,0.0116399067566197,0.0116399067566197,0
1,QS,0.372,0.150098315671512,0.0762886189304134,0.0116399067566197,0.0116399067566197,0
1,QS,0.374,0.150098315671512,0.0762886189304134,0.0116399067566197,0.0116399067566197,0
1,QS,0.376,0.150098315671512,0.0762886189304134,0.0116399067566197,0.0116399067566197,0
1,QS,0.378,0.150098315671512,0.0762886189304134,0.0116399067566197,0.0116399067566197,0
1,QS,0.38,0.150098315671512,0.0762886189304134,0.0116399067566197,0.0116399067566197,0
1,QS,0.382,0.150098315671512,0.0762886189304134,0.0116399067566197,0.0116399067566197,0
1,QS,0.384,0.150098315671512,0.0762886189304134,0.0116399067566197,0.0116399067566197,0
1,QS,0.386,0.150098315671512,0.0762886189304134,0.0116399067566197,0.0116399067566197,0
1,QS,0.388,0.150098315671512,0.0762886189304134,0.0116399067566197,0.0116399067566197,0
1,QS,0.39,0.150098315671512,0.0762886189304134,0.0116399067566197,0.0116399067566197,0
1,QS,0.392,0.150098315671512,0.0762886189304134,0.0116399067566197,0.0116399067566197,0
1,QS,0.394,0.150098315671512,0.0762886189304134,0.0116399067566197,0.0116399067566197,0
1,QS,0.396,0.150098315671512,0.0762886189304134,0.0116399067566197,0.0116399067566197,0
1,QS,0.398,0.150098315671512,0.0762886189304134,0.0116399067566197,0.0116399067566197,0
1,QS,0.4,0.150098315671512,0.0762886189304134,0.0116399067566197,0.0116399067566197,0
1,QS,0.402,0.150098315671512,0.0762886189304134,0.0116399067566197,0.0116399067566197,0
1,QS,0.404,0.150098315671512,0.0762886189304134,0.0116399067566197,0.0116399067566197,0
1,QS,0.406,0.150098315671512,0.0762886189304134,0.0116399067566197,0.0116399067566197,0
1,QS,0.408,0.150098315671512,0.0762886189304134,0.0116399067566197,0.0116399067566197,0
1,QS,0.41,0.150098315671512,0.0762886189304134,0.0116399067566197,0.0116399067566197,0
1,QS,0.412,0.150098315671512,0.0762886189304134,0.0116399067566197,0.0116399067566197,0
1,QS,0.414,0.150098315671512,0.0762886189304134,0.0116399067566197,0.0116399067566197,0
1,QS,0.416,0.150098315671512,0.0762886189304134,0.0116399067566197,0.0116399067566197,0
1,QS,0.418,0.150098315671512,0.0762886189304134,0.0116399067566197,0.0116399067566197,0
1,QS,0.42,0.150098315671512,0.0762886189304134,0.0116399067566197,0.0116399067566197,0
1,QS,0.422,0.150098315671512,0.0762886189304134,0.0116399067566197,0.0116399067566197,0
1,QS,0.424,0.150098315671512,0.0762886189304134,0.0116399067566197,0.0116399067566197,0
1,QS,0.426,0.150098315671512,0.0762886189304134,0.0116399067566197,0.0116399067566197,0
1,QS,0.428,0.150098315671512,0.0762886189304134,0.0116399067566197,0.0116399067566197,0
1,QS,0.43,0.150098315671512,0.0762886189304134,0.0116399067566197,0.0116399067566197,0
1,QS,0.432,0.150098315671512,0.0762886189304134,0.0116399067566197,0.0116399067566197,0
1,QS,0.434,0.150098315671512,0.0762886189304134,0.0116399067566197,0.0116399067566197,0
1,QS,0.436,0.150098315671512,0.0762886189304134,0.0116399067566197,0.0116399067566197,0
1,QS,0.438,0.150098315671512,0.0762886189304134,0.0116399067566197,0.0116399067566197,0
1,QS,0.44,0.150098315671512,0.0762886189304134,0.0116399067566197,0.0116399067566197,0
1,QS,0.442,0.150098315671512,0.0762886189304134,0.0116399067566197,0.0116399067566197,0
1,QS,0.444,0.150098315671512,0.0762886189304134,0.0116399067566197,0.0116399067566197,0
1,QS,0.446,0.150098315671512,0.0762886189304134,0.0116399067566197,0.0116399067566197,0
1,QS,0.448,0.150098315671512,0.0762886189304134,0.0116399067566197,0.0116399067566197,0
1,QS,0.45,0.150098315671512,0.0762886189304134,0.0116399067566197,0.0116399067566197,0
1,QS,0.452,0.150098315671512,0.0762886189304134,0.0116399067566197,0.0116399067566197,0
1,QS,0.454,0.150098315671512,0.0762886189304134,0.0116399067566197,0.0116399067566197,0
1,QS,0.456,0.150098315671512,0.0762886189304134,0.0116399067566197,0.0116399067566197,0
1,QS,0.458,0.150098315671512,0.0762886189304134,0.0116399067566197,0.0116399067566197,0
1,QS,0.46,0.150098315671512,0.0762886189304134,0.0116399067566197,0.0116399067566197,0
1,QS,0.462,0.150098315671512,0.0762886189304134,0.0116399067566197,0.0116399067566197,0
1,QS,0.464,0.150098315671512,0.0762886189304134,0.0116399067566197,0.0116399067566197,0
1,QS,0.466,0.150098315671512,0.0762886189304134,0.0116399067566197,0.0116399067566197,0
1,QS,0.468,0.150098315671512,0.0762886189304134,0.0116399067566197,0.0116399067566197,0
1,QS,0.47,0.150098315671512,0.0762886189304134,0.0116399067566197,0.0116399067566197,0
1,QS,0.472,0.150098315671512,0.0762886189304134,0.0116399067566197,0.0116399067566197,0
1,QS,0.474,0.150098315671512,0.0762886189304134,0.0116399067566197,0.0116399067566197,0
1,QS,0.476,0.150098315671512,0.0762886189304134,0.0116399067566197,0.0116399067566197,0
1,QS,0.478,0.150098315671512,0.0762886189304134,0.0116399067566197,0.0116399067566197,0
1,QS,0.48,0.150098315671512,0.0762886189304134,0.0116399067566197,0.0116399067566197,0
1,QS,0.482,0.150098315671512,0.0762886189304134,0.0116399067566197,0.0116399067566197,0
1,QS,0.484,0.150098315671512,0.0762886189304134,0.0116399067566197,0.0116399067566197,0
1,QS,0.486,0.150098315671512,0.0762886189304134,0.0116399067566197,0.0116399067566197,0
1,QS,0.488,0.150098315671512,0.0762886189304134,0.0116399067566197,0.0116399067566197,0
1,QS,0.49,0.150098315671512,0.0762886189304134,0.0116399067566197,0.0116399067566197,0
1,QS,0.492,0.150098315671512,0.0762886189304134,0.0116399067566197,0.0116399067566197,0
1,QS,0.494,0.150098315671512,0.0762886189304134,0.0116399067566197,0.0116399067566197,0
1,QS,0.496,0.150098315671512,0.0762886189304134,0.0116399067566197,0.0116399067566197,0
1,QS,0.498,0.150098315671512,0.0762886189304134,0.0116399067566197,0.0116399067566197,0
1,QS,0.5,0.150098315671512,0.0762886189304134,0.0116399067566197,0.0116399067566197,0
1,QS,0.502,0.150098315671512,0.0762886189304134,0.0116399067566197,0.0116399067566197,0
1,QS,0.504,0.150098315671512,0.0762886189304134,0.0116399067566197,0.0116399067566197,0
1,QS,0.506,0.150098315671512,0.0762886189304134,0.0116399067566197,0.0116399067566197,0
1,QS,0.508,0.150098315671512,0.0762886189304134,0.0116399067566197,0.0116399067566197,0
1,QS,0.51,0.150098315671512,0.0762886189304134,0.0116399067566197,0.0116399067566197,0
1,QS,0.512,0.150098315671512,0.0762886189304134,0.0116399067566197,0.0116399067566197,0
1,QS,0.514,0.150098315671512,0.0762886189304134,0.0116399067566197,0.0116399067566197,0
1,QS,0.516,0.150098315671512,0.0762886189304134,0.0116399067566197,0.0116399067566197,0
1,QS,0.518,0.150098315671512,0.0762886189304134,0.0116399067566197,0.0116399067566197,0
1,QS,0.52,0.150098315671512,0.0762886189304134,0.0116399067566197,0.0116399067566197,0
1,QS,0.522,0.150098315671512,0.0762886189304134,0.0116399067566197,0.0116399067566197,0
1,QS,0.524,0.150098315671512,0.0762886189304134,0.0116399067566197,0.0116399067566197,0
1,QS,0.526,0.150098315671512,0.0762886189304134,0.0116399067566197,0.0116399067566197,0
1,QS,0.528,0.150098315671512,0.0762886189304134,0.0116399067566197,0.0116399067566197,0
1,QS,0.53,0.150098315671512,0.0762886189304134,0.0116399067566197,0.0116399067566197,0
1,QS,0.532,0.150098315671512,0.0762886189304134,0.0116399067566197,0.0116399067566197,0
1,QS,0.534,0.150098315671512,0.0762886189304134,0.0116399067566197,0.0116399067566197,0
1,QS,0.536,0.150098315671512,0.0762886189304134,0.0116399067566197,0.0116399067566197,0
1,QS,0.538,0.150098315671512,0.0762886189304134,0.0116399067566197,0.0116399067566197,0
1,QS,0.54,0.150098315671512,0.0762886189304134,0.0116399067566197,0.0116399067566197,0
1,QS,0.542,0.150098315671512,0.0762886189304134,0.0116399067566197,0.0116399067566197,0
1,QS,0.544,0.150098315671512,0.0762886189304134,0.0116399067566197,0.0116399067566197,0
1,QS,0.546,0.150098315671512,0.0762886189304134,0.0116399067566197,0.0116399067566197,0
1,QS,0.548,0.150098315671512,0.0762886189304134,0.0116399067566197,0.0116399067566197,0
1,QS,0.55,0.150098315671512,0.0762886189304134,0.0116399067566197,0.0116399067566197,0
1,QS,0.552,0.150098315671512,0.0762886189304134,0.0116399067566197,0.0116399067566197,0
1,QS,0.554,0.150098315671512,0.0762886189304134,0.0116399067566197,0.0116399067566197,0
1,QS,0.556,0.150098315671512,0.0762886189304134,0.0116399067566197,0.0116399067566197,0
1,QS,0.558,0.150098315671512,0.0762886189304134,0.0116399067566197,0.0116399067566197,0
1,QS,0.56,0.150098315671512,0.0762886189304134,0.0116399067566197,0.0116399067566197,0
1,QS,0.562,0.150098315671512,0.0762886189304134,0.0116399067566197,0.0116399067566197,0
1,QS,0.564,0.150098315671512,0.0762886189304134,0.0116399067566197,0.0116399067566197,0
1,QS,0.566,0.150098315671512,0.0762886189304134,0.0116399067566197,0.0116399067566197,0
1,QS,0.568,0.150098315671512,0.0762886189304134,0.0116399067566197,0.0116399067566197,0
1,QS,0.57,0.150098315671512,0.0762886189304134,0.0116399067566197,0.0116399067566197,0
1,QS,0.572,0.150098315671512,0.0762886189304134,0.0116399067566197,0.0116399067566197,0
1,QS,0.574,0.150098315671512,0.0762886189304134,0.0116399067566197,0.0116399067566197,0
1,QS,0.576,0.150098315671512,0.0762886189304134,0.0116399067566197,0.0116399067566197,0
1,QS,0.578,0.150098315671512,0.0762886189304134,0.0116399067566197,0.0116399067566197,0
1,QS,0.58,0.150098315671512,0.0762886189304134,0.0116399067566197,0.0116399067566197,0
1,QS,0.582,0.150098315671512,0.0762886189304134,0.0116399067566197,0.0116399067566197,0
1,QS,0.584,0.150098315671512,0.0762886189304134,0.0116399067566197,0.0116399067566197,0
1,QS,0.586,0.150098315671512,0.0762886189304134,0.0116399067566197,0.0116399067566197,0
1,QS,0.588,0.150098315671512,0.0762886189304134,0.0116399067566197,0.0116399067566197,0
1,QS,0.59,0.150098315671512,0.0762886189304134,0.0116399067566197,0.0116399067566197,0
1,QS,0.592,0.150098315671512,0.0762886189304134,0.0116399067566197,0.0116399067566197,0
1,QS,0.594,0.150098315671512,0.0762886189304134,0.0116399067566197,0.0116399067566197,0
1,QS,0.596,0.150098315671512,0.0762886189304134,0.0116399067566197,0.0116399067566197,0
1,QS,0.598,0.150098315671512,0.0762886189304134,0.0116399067566197,0.0116399067566197,0
1,QS,0.6,0.150098315671512,0.0762886189304134,0.0116399067566197,0.0116399067566197,0
1,QS,0.602,0.150098315671512,0.0762886189304134,0.0116399067566197,0.0116399067566197,0
1,QS,0.604,0.150098315671512,0.0762886189304134,0.0116399067566197,0.0116399067566197,0
1,QS,0.606,0.150098315671512,0.0762886189304134,0.0116399067566197,0.0116399067566197,0
1,QS,0.608,0.150098315671512,0.0762886189304134,0.0116399067566197,0.0116399067566197,0
1,QS,0.61,0.150098315671512,0.0762886189304134,0.0116399067566197,0.0116399067566197,0
1,QS,0.612,0.150098315671512,0.0762886189304134,0.0116399067566197,0.0116399067566197,0
1,QS,0.614,0.150098315671512,0.0762886189304134,0.0116399067566197,0.0116399067566197,0
1,QS,0.616,0.150098315671512,0.0762886189304134,0.0116399067566197,0.0116399067566197,0
1,QS,0.618,0.150098315671512,0.0762886189304134,0.0116399067566197,0.0116399067566197,0
1,QS,0.62,0.150098315671512,0.0762886189304134,0.0116399067566197,0.0116399067566197,0
1,QS,0.622,0.150098315671512,0.0762886189304134,0.0116399067566197,0.0116399067566197,0
1,QS,0.624,0.150098315671512,0.0762886189304134,0.0116399067566197,0.0116399067566197,0
1,QS,0.626,0.150098315671512,0.0762886189304134,0.0116399067566197,0.0116399067566197,0
1,QS,0.628,0.150098315671512,0.0762886189304134,0.0116399067566197,0.0116399067566197,0
1,QS,0.63,0.150098315671512,0.0762886189304134,0.0116399067566197,0.0116399067566197,0
1,QS,0.632,0.150098315671512,0.0762886189304134,0.0116399067566197,0.0116399067566197,0
1,QS,0.634,0.150098315671512,0.0762886189304134,0.0116399067566197,0.0116399067566197,0
1,QS,0.636,0.150098315671512,0.0762886189304134,0.0116399067566197,0.0116399067566197,0
1,QS,0.638,0.150098315671512,0.0762886189304134,0.0116399067566197,0.0116399067566197,0
1,QS,0.64,0.150098315671512,0.0762886189304134,0.0116399067566197,0.0116399067566197,0
1,QS,0.642,0.150098315671512,0.0762886189304134,0.0116399067566197,0.0116399067566197,0
1,QS,0.644,0.150098315671512,0.0762886189304134,0.0116399067566197,0.0116399067566197,0
1,QS,0.646,0.150098315671512,0.0762886189304134,0.0116399067566197,0.0116399067566197,0
1,QS,0.648,0.150098315671512,0.0762886189304134,0.0116399067566197,0.0116399067566197,0
1,QS,0.65,0.150098315671512,0.0762886189304134,0.0116399067566197,0.0116399067566197,0
1,QS,0.652,0.150098315671512,0.0762886189304134,0.0116399067566197,0.0116399067566197,0
1,QS,0.654,0.150098315671512,0.0762886189304134,0.0116399067566197,0.0116399067566197,0
1,QS,0.656,0.150098315671512,0.0762886189304134,0.0116399067566197,0.0116399067566197,0
1,QS,0.658,0.150098315671512,0.0762886189304134,0.0116399067566197,0.0116399067566197,0
1,QS,0.66,0.150098315671512,0.0762886189304134,0.0116399067566197,0.0116399067566197,0
1,QS,0.662,0.150098315671512,0.0762886189304134,0.0116399067566197,0.0116399067566197,0
1,QS,0.664,0.150098315671512,0.0762886189304134,0.0116399067566197,0.0116399067566197,0
1,QS,0.666,0.150098315671512,0.0762886189304134,0.0116399067566197,0.0116399067566197,0
1,QS,0.668,0.150098315671512,0.0762886189304134,0.0116399067566197,0.0116399067566197,0
1,QS,0.67,0.150098315671512,0.0762886189304134,0.0116399067566197,0.0116399067566197,0
1,QS,0.672,0.150098315671512,0.0762886189304134,0.0116399067566197,0.0116399067566197,0
1,QS,0.674,0.150098315671512,0.0762886189304134,0.0116399067566197,0.0116399067566197,0
1,QS,0.676,0.150098315671512,0.0762886189304134,0.0116399067566197,0.0116399067566197,0
1,QS,0.678,0.150098315671512,0.0762886189304134,0.0116399067566197,0.0116399067566197,0
1,QS,0.68,0.150098315671512,0.0762886189304134,0.0116399067566197,0.0116399067566197,0
1,QS,0.682,0.150098315671512,0.0762886189304134,0.0116399067566197,0.0116399067566197,0
1,QS,0.684,0.150098315671512,0.0762886189304134,0.0116399067566197,0.0116399067566197,0
1,QS,0.686,0.150098315671512,0.0762886189304134,0.0116399067566197,0.0116399067566197,0
1,QS,0.688,0.150098315671512,0.0762886189304134,0.0116399067566197,0.0116399067566197,0
1,QS,0.69,0.150098315671512,0.0762886189304134,0.0116399067566197,0.0116399067566197,0
1,QS,0.692,0.150098315671512,0.0762886189304134,0.0116399067566197,0.0116399067566197,0
1,QS,0.694,0.150098315671512,0.0762886189304134,0.0116399067566197,0.0116399067566197,0
1,QS,0.696,0.150098315671512,0.0762886189304134,0.0116399067566197,0.0116399067566197,0
1,QS,0.698,0.150098315671512,0.0762886189304134,0.0116399067566197,0.0116399067566197,0
1,QS,0.7,0.148352986419518,0.0759712592315892,0.0115432644584667,0.0115432644584667,0
1,QS,0.7,0.148352986419518,0.0759712592315892,0.0115432644584667,0.0115432644584667,0
1,QS,0.702,0.148352986419518,0.0759712592315892,0.0115432644584667,0.0115432644584667,0
1,QS,0.704,0.148352986419518,0.0759712592315892,0.0115432644584667,0.0115432644584667,0
1,QS,0.706,0.148352986419518,0.0759712592315892,0.0115432644584667,0.0115432644584667,0
1,QS,0.708,0.148352986419518,0.0759712592315892,0.0115432644584667,0.0115432644584667,0
1,QS,0.71,0.148352986419518,0.0759712592315892,0.0115432644584667,0.0115432644584667,0
1,QS,0.712,0.148352986419518,0.0759712592315892,0.0115432644584667,0.0115432644584667,0
1,QS,0.714,0.148352986419518,0.0759712592315892,0.0115432644584667,0.0115432644584667,0
1,QS,0.716,0.148352986419518,0.0759712592315892,0.0115432644584667,0.0115432644584667,0
1,QS,0.718,0.148352986419518,0.0759712592315892,0.0115432644584667,0.0115432644584667,0
1,QS,0.72,0.148352986419518,0.0759712592315892,0.0115432644584667,0.0115432644584667,0
1,QS,0.722,0.148352986419518,0.0759712592315892,0.0115432644584667,0.0115432644584667,0
1,QS,0.724,0.148352986419518,0.0759712592315892,0.0115432644584667,0.0115432644584667,0
1,QS,0.726,0.148352986419518,0.0759712592315892,0.0115432644584667,0.0115432644584667,0
1,QS,0.728,0.148352986419518,0.0759712592315892,0.0115432644584667,0.0115432644584667,0
1,QS,0.73,0.148352986419518,0.0759712592315892,0.0115432644584667,0.0115432644584667,0
1,QS,0.732,0.148352986419518,0.0759712592315892,0.0115432644584667,0.0115432644584667,0
1,QS,0.734,0.148352986419518,0.0759712592315892,0.0115432644584667,0.0115432644584667,0
1,QS,0.736,0.148352986419518,0.0759712592315892,0.0115432644584667,0.0115432644584667,0
1,QS,0.738,0.148352986419518,0.0759712592315892,0.0115432644584667,0.0115432644584667,0
1,QS,0.74,0.148352986419518,0.0759712592315892,0.0115432644584667,0.0115432644584667,0
1,QS,0.742,0.148352986419518,0.0759712592315892,0.0115432644584667,0.0115432644584667,0
1,QS,0.744,0.148352986419518,0.0759712592315892,0.0115432644584667,0.0115432644584667,0
1,QS,0.746,0.148352986419518,0.0759712592315892,0.0115432644584667,0.0115432644584667,0
1,QS,0.748,0.148352986419518,0.0759712592315892,0.0115432644584667,0.0115432644584667,0
1,QS,0.75,0.148352986419518,0.0759712592315892,0.0115432644584667,0.0115432644584667,0
1,QS,0.752,0.148352986419518,0.0759712592315892,0.0115432644584667,0.0115432644584667,0
1,QS,0.754,0.148352986419518,0.0759712592315892,0.0115432644584667,0.0115432644584667,0
1,QS,0.756,0.148352986419518,0.0759712592315892,0.0115432644584667,0.0115432644584667,0
1,QS,0.758,0.148352986419518,0.0759712592315892,0.0115432644584667,0.0115432644584667,0
1,QS,0.76,0.148352986419518,0.0759712592315892,0.0115432644584667,0.0115432644584667,0
1,QS,0.762,0.148352986419518,0.0759712592315892,0.0115432644584667,0.0115432644584667,0
1,QS,0.764,0.148352986419518,0.0759712592315892,0.0115432644584667,0.0115432644584667,0
1,QS,0.766,0.148352986419518,0.0759712592315892,0.0115432644584667,0.0115432644584667,0
1,QS,0.768,0.148352986419518,0.0759712592315892,0.0115432644584667,0.0115432644584667,0
1,QS,0.77,0.148352986419518,0.0759712592315892,0.0115432644584667,0.0115432644584667,0
1,QS,0.772,0.148352986419518,0.0759712592315892,0.0115432644584667,0.0115432644584667,0
1,QS,0.774,0.148352986419518,0.0759712592315892,0.0115432644584667,0.0115432644584667,0
1,QS,0.776,0.148352986419518,0.0759712592315892,0.0115432644584667,0.0115432644584667,0
1,QS,0.778,0.148352986419518,0.0759712592315892,0.0115432644584667,0.0115432644584667,0
1,QS,0.78,0.148352986419518,0.0759712592315892,0.0115432644584667,0.0115432644584667,0
1,QS,0.782,0.148352986419518,0.0759712592315892,0.0115432644584667,0.0115432644584667,0
1,QS,0.784,0.148352986419518,0.0759712592315892,0.0115432644584667,0.0115432644584667,0
1,QS,0.786,0.148352986419518,0.0759712592315892,0.0115432644584667,0.0115432644584667,0
1,QS,0.788,0.148352986419518,0.0759712592315892,0.0115432644584667,0.0115432644584667,0
1,QS,0.79,0.148352986419518,0.0759712592315892,0.0115432644584667,0.0115432644584667,0
1,QS,0.792,0.148352986419518,0.0759712592315892,0.0115432644584667,0.0115432644584667,0
1,QS,0.794,0.148352986419518,0.0759712592315892,0.0115432644584667,0.0115432644584667,0
1,QS,0.796,0.148352986419518,0.0759712592315892,0.0115432644584667,0.0115432644584667,0
1,QS,0.798,0.148352986419518,0.0759712592315892,0.0115432644584667,0.0115432644584667,0
1,QS,0.8,0.148352986419518,0.0759712592315892,0.0115432644584667,0.0115432644584667,0
1,QS,0.802,0.148352986419518,0.0759712592315892,0.0115432644584667,0.0115432644584667,0
1,QS,0.804,0.148352986419518,0.0759712592315892,0.0115432644584667,0.0115432644584667,0
1,QS,0.806,0.148352986419518,0.0759712592315892,0.0115432644584667,0.0115432644584667,0
1,QS,0.808,0.148352986419518,0.0759712592315892,0.0115432644584667,0.0115432644584667,0
1,QS,0.81,0.148352986419518,0.0759712592315892,0.0115432644584667,0.0115432644584667,0
1,QS,0.812,0.148352986419518,0.0759712592315892,0.0115432644584667,0.0115432644584667,0
1,QS,0.814,0.148352986419518,0.0759712592315892,0.0115432644584667,0.0115432644584667,0
1,QS,0.816,0.148352986419518,0.0759712592315892,0.0115432644584667,0.0115432644584667,0
1,QS,0.818,0.148352986419518,0.0759712592315892,0.0115432644584667,0.0115432644584667,0
1,QS,0.82,0.148352986419518,0.0759712592315892,0.0115432644584667,0.0115432644584667,0
1,QS,0.822,0.148352986419518,0.0759712592315892,0.0115432644584667,0.0115432644584667,0
1,QS,0.824,0.148352986419518,0.0759712592315892,0.0115432644584667,0.0115432644584667,0
1,QS,0.826,0.148352986419518,0.0759712592315892,0.0115432644584667,0.0115432644584667,0
1,QS,0.828,0.148352986419518,0.0759712592315892,0.0115432644584667,0.0115432644584667,0
1,QS,0.83,0.148352986419518,0.0759712592315892,0.0115432644584667,0.0115432644584667,0
1,QS,0.832,0.148352986419518,0.0759712592315892,0.0115432644584667,0.0115432644584667,0
1,QS,0.834,0.148352986419518,0.0759712592315892,0.0115432644584667,0.0115432644584667,0
1,QS,0.836,0.148352986419518,0.0759712592315892,0.0115432644584667,0.0115432644584667,0
1,QS,0.838,0.148352986419518,0.0759712592315892,0.0115432644584667,0.0115432644584667,0
1,QS,0.84,0.148352986419518,0.0759712592315892,0.0115432644584667,0.0115432644584667,0
1,QS,0.842,0.148352986419518,0.0759712592315892,0.0115432644584667,0.0115432644584667,0
1,QS,0.844,0.148352986419518,0.0759712592315892,0.0115432644584667,0.0115432644584667,0
1,QS,0.846,0.148352986419518,0.0759712592315892,0.0115432644584667,0.0115432644584667,0
1,QS,0.848,0.148352986419518,0.0759712592315892,0.0115432644584667,0.0115432644584667,0
1,QS,0.85,0.148352986419518,0.0759712592315892,0.0115432644584667,0.0115432644584667,0
1,QS,0.852,0.148352986419518,0.0759712592315892,0.0115432644584667,0.0115432644584667,0
1,QS,0.854,0.148352986419518,0.0759712592315892,0.0115432644584667,0.0115432644584667,0
1,QS,0.856,0.148352986419518,0.0759712592315892,0.0115432644584667,0.0115432644584667,0
1,QS,0.858,0.148352986419518,0.0759712592315892,0.0115432644584667,0.0115432644584667,0
1,QS,0.86,0.148352986419518,0.0759712592315892,0.0115432644584667,0.0115432644584667,0
1,QS,0.862,0.148352986419518,0.0759712592315892,0.0115432644584667,0.0115432644584667,0
1,QS,0.864,0.148352986419518,0.0759712592315892,0.0115432644584667,0.0115432644584667,0
1,QS,0.866,0.148352986419518,0.0759712592315892,0.0115432644584667,0.0115432644584667,0
1,QS,0.868,0.148352986419518,0.0759712592315892,0.0115432644584667,0.0115432644584667,0
1,QS,0.87,0.148352986419518,0.0759712592315892,0.0115432644584667,0.0115432644584667,0
1,QS,0.872,0.148352986419518,0.0759712592315892,0.0115432644584667,0.0115432644584667,0
1,QS,0.874,0.148352986419518,0.0759712592315892,0.0115432644584667,0.0115432644584667,0
1,QS,0.876,0.148352986419518,0.0759712592315892,0.0115432644584667,0.0115432644584667,0
1,QS,0.878,0.148352986419518,0.0759712592315892,0.0115432644584667,0.0115432644584667,0
1,QS,0.88,0.148352986419518,0.0759712592315892,0.0115432644584667,0.0115432644584667,0
1,QS,0.882,0.148352986419518,0.0759712592315892,0.0115432644584667,0.0115432644584667,0
1,QS,0.884,0.148352986419518,0.0759712592315892,0.0115432644584667,0.0115432644584667,0
1,QS,0.886,0.148352986419518,0.0759712592315892,0.0115432644584667,0.0115432644584667,0
1,QS,0.888,0.148352986419518,0.0759712592315892,0.0115432644584667,0.0115432644584667,0
1,QS,0.89,0.148352986419518,0.0759712592315892,0.0115432644584667,0.0115432644584667,0
1,QS,0.892,0.148352986419518,0.0759712592315892,0.0115432644584667,0.0115432644584667,0
1,QS,0.894,0.148352986419518,0.0759712592315892,0.0115432644584667,0.0115432644584667,0
1,QS,0.896,0.148352986419518,0.0759712592315892,0.0115432644584667,0.0115432644584667,0
1,QS,0.898,0.148352986419518,0.0759712592315892,0.0115432644584667,0.0115432644584667,0
1,QS,0.9,0.148352986419518,0.0759712592315892,0.0115432644584667,0.0115432644584667,0
1,QS,0.902,0.148352986419518,0.0759712592315892,0.0115432644584667,0.0115432644584667,0
1,QS,0.904,0.148352986419518,0.0759712592315892,0.0115432644584667,0.0115432644584667,0
1,QS,0.906,0.148352986419518,0.0759712592315892,0.0115432644584667,0.0115432644584667,0
1,QS,0.908,0.148352986419518,0.0759712592315892,0.0115432644584667,0.0115432644584667,0
1,QS,0.91,0.148352986419518,0.0759712592315892,0.0115432644584667,0.0115432644584667,0
1,QS,0.912,0.148352986419518,0.0759712592315892,0.0115432644584667,0.0115432644584667,0
1,QS,0.914,0.148352986419518,0.0759712592315892,0.0115432644584667,0.0115432644584667,0
1,QS,0.916,0.148352986419518,0.0759712592315892,0.0115432644584667,0.0115432644584667,0
1,QS,0.918,0.148352986419518,0.0759712592315892,0.0115432644584667,0.0115432644584667,0
1,QS,0.92,0.148352986419518,0.0759712592315892,0.0115432644584667,0.0115432644584667,0
1,QS,0.922,0.148352986419518,0.0759712592315892,0.0115432644584667,0.0115432644584667,0
1,QS,0.924,0.148352986419518,0.0759712592315892,0.0115432644584667,0.0115432644584667,0
1,QS,0.926,0.148352986419518,0.0759712592315892,0.0115432644584667,0.0115432644584667,0
1,QS,0.928,0.148352986419518,0.0759712592315892,0.0115432644584667,0.0115432644584667,0
1,QS,0.93,0.148352986419518,0.0759712592315892,0.0115432644584667,0.0115432644584667,0
1,QS,0.932,0.148352986419518,0.0759712592315892,0.0115432644584667,0.0115432644584667,0
1,QS,0.934,0.148352986419518,0.0759712592315892,0.0115432644584667,0.0115432644584667,0
1,QS,0.936,0.148352986419518,0.0759712592315892,0.0115432644584667,0.0115432644584667,0
1,QS,0.938,0.148352986419518,0.0759712592315892,0.0115432644584667,0.0115432644584667,0
1,QS,0.94,0.148352986419518,0.0759712592315892,0.0115432644584667,0.0115432644584667,0
1,QS,0.942,0.148352986419518,0.0759712592315892,0.0115432644584667,0.0115432644584667,0
1,QS,0.944,0.148352986419518,0.0759712592315892,0.0115432644584667,0.0115432644584667,0
1,QS,0.946,0.148352986419518,0.0759712592315892,0.0115432644584667,0.0115432644584667,0
1,QS,0.948,0.148352986419518,0.0759712592315892,0.0115432644584667,0.0115432644584667,0
1,QS,0.95,0.148352986419518,0.0759712592315892,0.0115432644584667,0.0115432644584667,0
1,QS,0.952,0.148352986419518,0.0759712592315892,0.0115432644584667,0.0115432644584667,0
1,QS,0.954,0.148352986419518,0.0759712592315892,0.0115432644584667,0.0115432644584667,0
1,QS,0.956,0.148352986419518,0.0759712592315892,0.0115432644584667,0.0115432644584667,0
1,QS,0.958,0.148352986419518,0.0759712592315892,0.0115432644584667,0.0115432644584667,0
1,QS,0.96,0.148352986419518,0.0759712592315892,0.0115432644584667,0.0115432644584667,0
1,QS,0.962,0.148352986419518,0.0759712592315892,0.0115432644584667,0.0115432644584667,0
1,QS,0.964,0.148352986419518,0.0759712592315892,0.0115432644584667,0.0115432644584667,0
1,QS,0.966,0.148352986419518,0.0759712592315892,0.0115432644584667,0.0115432644584667,0
1,QS,0.968,0.148352986419518,0.0759712592315892,0.0115432644584667,0.0115432644584667,0
1,QS,0.97,0.148352986419518,0.0759712592315892,0.0115432644584667,0.0115432644584667,0
1,QS,0.972,0.148352986419518,0.0759712592315892,0.0115432644584667,0.0115432644584667,0
1,QS,0.974,0.148352986419518,0.0759712592315892,0.0115432644584667,0.0115432644584667,0
1,QS,0.976,0.148352986419518,0.0759712592315892,0.0115432644584667,0.0115432644584667,0
1,QS,0.978,0.148352986419518,0.0759712592315892,0.0115432644584667,0.0115432644584667,0
1,QS,0.98,0.148352986419518,0.0759712592315892,0.0115432644584667,0.0115432644584667,0
1,QS,0.982,0.148352986419518,0.0759712592315892,0.0115432644584667,0.0115432644584667,0
1,QS,0.984,0.148352986419518,0.0759712592315892,0.0115432644584667,0.0115432644584667,0
1,QS,0.986,0.148352986419518,0.0759712592315892,0.0115432644584667,0.0115432644584667,0
1,QS,0.988,0.148352986419518,0.0759712592315892,0.0115432644584667,0.0115432644584667,0
1,QS,0.99,0.148352986419518,0.0759712592315892,0.0115432644584667,0.0115432644584667,0
1,QS,0.992,0.148352986419518,0.0759712592315892,0.0115432644584667,0.0115432644584667,0
1,QS,0.994,0.148352986419518,0.0759712592315892,0.0115432644584667,0.0115432644584667,0
1,QS,0.996,0.148352986419518,0.0759712592315892,0.0115432644584667,0.0115432644584667,0
1,QS,0.998,0.148352986419518,0.0759712592315892,0.0115432644584667,0.0115432644584667,0
1,QS,1,0.148352986419518,0.0759712592315892,0.0115432644584667,0.0115432644584667,0
1,QS,1.002,0.148352986419518,0.0759712592315892,0.0115432644584667,0.0115432644584667,0
1,QS,1.004,0.148352986419518,0.0759712592315892,0.0115432644584667,0.0115432644584667,0
1,QS,1.006,0.148352986419518,0.0759712592315892,0.0115432644584667,0.0115432644584667,0
1,QS,1.008,0.148352986419518,0.0759712592315892,0.0115432644584667,0.0115432644584667,0
1,QS,1.01,0.148352986419518,0.0759712592315892,0.0115432644584667,0.0115432644584667,0
1,QS,1.012,0.148352986419518,0.0759712592315892,0.0115432644584667,0.0115432644584667,0
1,QS,1.014,0.148352986419518,0.0759712592315892,0.0115432644584667,0.0115432644584667,0
1,QS,1.016,0.148352986419518,0.0759712592315892,0.0115432644584667,0.0115432644584667,0
1,QS,1.018,0.148352986419518,0.0759712592315892,0.0115432644584667,0.0115432644584667,0
1,QS,1.02,0.148352986419518,0.0759712592315892,0.0115432644584667,0.0115432644584667,0
1,QS,1.022,0.148352986419518,0.0759712592315892,0.0115432644584667,0.0115432644584667,0
1,QS,1.024,0.148352986419518,0.0759712592315892,0.0115432644584667,0.0115432644584667,0
1,QS,1.026,0.148352986419518,0.0759712592315892,0.0115432644584667,0.0115432644584667,0
1,QS,1.028,0.148352986419518,0.0759712592315892,0.0115432644584667,0.0115432644584667,0
1,QS,1.03,0.148352986419518,0.0759712592315892,0.0115432644584667,0.0115432644584667,0
1,QS,1.032,0.148352986419518,0.0759712592315892,0.0115432644584667,0.0115432644584667,0
1,QS,1.034,0.148352986419518,0.0759712592315892,0.0115432644584667,0.0115432644584667,0
1,QS,1.036,0.148352986419518,0.0759712592315892,0.0115432644584667,0.0115432644584667,0
1,QS,1.038,0.148352986419518,0.0759712592315892,0.0115432644584667,0.0115432644584667,0
1,QS,1.04,0.148352986419518,0.0759712592315892,0.0115432644584667,0.0115432644584667,0
1,QS,1.042,0.148352986419518,0.0759712592315892,0.0115432644584667,0.0115432644584667,0
1,QS,1.044,0.148352986419518,0.0759712592315892,0.0115432644584667,0.0115432644584667,0
1,QS,1.046,0.148352986419518,0.0759712592315892,0.0115432644584667,0.0115432644584667,0
1,QS,1.048,0.148352986419518,0.0759712592315892,0.0115432644584667,0.0115432644584667,0
1,QS,1.05,0.148352986419518,0.0759712592315892,0.0115432644584667,0.0115432644584667,0
1,QS,1.052,0.148352986419518,0.0759712592315892,0.0115432644584667,0.0115432644584667,0
1,QS,1.054,0.148352986419518,0.0759712592315892,0.0115432644584667,0.0115432644584667,0
1,QS,1.056,0.148352986419518,0.0759712592315892,0.0115432644584667,0.0115432644584667,0
1,QS,1.058,0.148352986419518,0.0759712592315892,0.0115432644584667,0.0115432644584667,0
1,QS,1.06,0.148352986419518,0.0759712592315892,0.0115432644584667,0.0115432644584667,0
1,QS,1.062,0.148352986419518,0.0759712592315892,0.0115432644584667,0.0115432644584667,0
1,QS,1.064,0.148352986419518,0.0759712592315892,0.0115432644584667,0.0115432644584667,0
1,QS,1.066,0.148352986419518,0.0759712592315892,0.0115432644584667,0.0115432644584667,0
1,QS,1.068,0.148352986419518,0.0759712592315892,0.0115432644584667,0.0115432644584667,0
1,QS,1.07,0.148352986419518,0.0759712592315892,0.0115432644584667,0.0115432644584667,0
1,QS,1.072,0.148352986419518,0.0759712592315892,0.0115432644584667,0.0115432644584667,0
1,QS,1.074,0.148352986419518,0.0759712592315892,0.0115432644584667,0.0115432644584667,0
1,QS,1.076,0.148352986419518,0.0759712592315892,0.0115432644584667,0.0115432644584667,0
1,QS,1.078,0.148352986419518,0.0759712592315892,0.0115432644584667,0.0115432644584667,0
1,QS,1.08,0.148352986419518,0.0759712592315892,0.0115432644584667,0.0115432644584667,0
1,QS,1.082,0.148352986419518,0.0759712592315892,0.0115432644584667,0.0115432644584667,0
1,QS,1.084,0.148352986419518,0.0759712592315892,0.0115432644584667,0.0115432644584667,0
1,QS,1.086,0.148352986419518,0.0759712592315892,0.0115432644584667,0.0115432644584667,0
1,QS,1.088,0.148352986419518,0.0759712592315892,0.0115432644584667,0.0115432644584667,0
1,QS,1.09,0.148352986419518,0.0759712592315892,0.0115432644584667,0.0115432644584667,0
1,QS,1.092,0.148352986419518,0.0759712592315892,0.0115432644584667,0.0115432644584667,0
1,QS,1.094,0.148352986419518,0.0759712592315892,0.0115432644584667,0.0115432644584667,0
1,QS,1.096,0.148352986419518,0.0759712592315892,0.0115432644584667,0.0115432644584667,0
1,QS,1.098,0.148352986419518,0.0759712592315892,0.0115432644584667,0.0115432644584667,0
1,QS,1.1,0.148352986419518,0.0759712592315892,0.0115432644584667,0.0115432644584667,0
1,QS,1.102,0.148352986419518,0.0759712592315892,0.0115432644584667,0.0115432644584667,0
1,QS,1.104,0.148352986419518,0.0759712592315892,0.0115432644584667,0.0115432644584667,0
1,QS,1.106,0.148352986419518,0.0759712592315892,0.0115432644584667,0.0115432644584667,0
1,QS,1.108,0.148352986419518,0.0759712592315892,0.0115432644584667,0.0115432644584667,0
1,QS,1.11,0.148352986419518,0.0759712592315892,0.0115432644584667,0.0115432644584667,0
1,QS,1.112,0.148352986419518,0.0759712592315892,0.0115432644584667,0.0115432644584667,0
1,QS,1.114,0.148352986419518,0.0759712592315892,0.0115432644584667,0.0115432644584667,0
1,QS,1.116,0.148352986419518,0.0759712592315892,0.0115432644584667,0.0115432644584667,0
1,QS,1.118,0.148352986419518,0.0759712592315892,0.0115432644584667,0.0115432644584667,0
1,QS,1.12,0.148352986419518,0.0759712592315892,0.0115432644584667,0.0115432644584667,0
1,QS,1.122,0.148352986419518,0.0759712592315892,0.0115432644584667,0.0115432644584667,0
1,QS,1.124,0.148352986419518,0.0759712592315892,0.0115432644584667,0.0115432644584667,0
1,QS,1.126,0.148352986419518,0.0759712592315892,0.0115432644584667,0.0115432644584667,0
1,QS,1.128,0.148352986419518,0.0759712592315892,0.0115432644584667,0.0115432644584667,0
1,QS,1.13,0.148352986419518,0.0759712592315892,0.0115432644584667,0.0115432644584667,0
1,QS,1.132,0.148352986419518,0.0759712592315892,0.0115432644584667,0.0115432644584667,0
1,QS,1.134,0.148352986419518,0.0759712592315892,0.0115432644584667,0.0115432644584667,0
1,QS,1.136,0.148352986419518,0.0759712592315892,0.0115432644584667,0.0115432644584667,0
1,QS,1.138,0.148352986419518,0.0759712592315892,0.0115432644584667,0.0115432644584667,0
1,QS,1.14,0.148352986419518,0.0759712592315892,0.0115432644584667,0.0115432644584667,0
1,QS,1.142,0.148352986419518,0.0759712592315892,0.0115432644584667,0.0115432644584667,0
1,QS,1.144,0.148352986419518,0.0759712592315892,0.0115432644584667,0.0115432644584667,0
1,QS,1.146,0.148352986419518,0.0759712592315892,0.0115432644584667,0.0115432644584667,0
1,QS,1.148,0.148352986419518,0.0759712592315892,0.0115432644584667,0.0115432644584667,0
1,QS,1.15,0.148352986419518,0.0759712592315892,0.0115432644584667,0.0115432644584667,0
1,QS,1.152,0.148352986419518,0.0759712592315892,0.0115432644584667,0.0115432644584667,0
1,QS,1.154,0.148352986419518,0.0759712592315892,0.0115432644584667,0.0115432644584667,0
1,QS,1.156,0.148352986419518,0.0759712592315892,0.0115432644584667,0.0115432644584667,0
1,QS,1.158,0.148352986419518,0.0759712592315892,0.0115432644584667,0.0115432644584667,0
1,QS,1.16,0.148352986419518,0.0759712592315892,0.0115432644584667,0.0115432644584667,0
1,QS,1.162,0.148352986419518,0.0759712592315892,0.0115432644584667,0.0115432644584667,0
1,QS,1.164,0.148352986419518,0.0759712592315892,0.0115432644584667,0.0115432644584667,0
1,QS,1.166,0.148352986419518,0.0759712592315892,0.0115432644584667,0.0115432644584667,0
1,QS,1.168,0.148352986419518,0.0759712592315892,0.0115432644584667,0.0115432644584667,0
1,QS,1.17,0.148352986419518,0.0759712592315892,0.0115432644584667,0.0115432644584667,0
1,QS,1.172,0.148352986419518,0.0759712592315892,0.0115432644584667,0.0115432644584667,0
1,QS,1.174,0.148352986419518,0.0759712592315892,0.0115432644584667,0.0115432644584667,0
1,QS,1.176,0.148352986419518,0.0759712592315892,0.0115432644584667,0.0115432644584667,0
1,QS,1.178,0.148352986419518,0.0759712592315892,0.0115432644584667,0.0115432644584667,0
1,QS,1.18,0.148352986419518,0.0759712592315892,0.0115432644584667,0.0115432644584667,0
1,QS,1.182,0.148352986419518,0.0759712592315892,0.0115432644584667,0.0115432644584667,0
1,QS,1.184,0.148352986419518,0.0759712592315892,0.0115432644584667,0.0115432644584667,0
1,QS,1.186,0.148352986419518,0.0759712592315892,0.0115432644584667,0.0115432644584667,0
1,QS,1.188,0.148352986419518,0.0759712592315892,0.0115432644584667,0.0115432644584667,0
1,QS,1.19,0.148352986419518,0.0759712592315892,0.0115432644584667,0.0115432644584667,0
1,QS,1.192,0.148352986419518,0.0759712592315892,0.0115432644584667,0.0115432644584667,0
1,QS,1.194,0.148352986419518,0.0759712592315892,0.0115432644584667,0.0115432644584667,0
1,QS,1.196,0.148352986419518,0.0759712592315892,0.0115432644584667,0.0115432644584667,0
1,QS,1.198,0.148352986419518,0.0759712592315892,0.0115432644584667,0.0115432644584667,0
1,QS,1.2,0.148352986419518,0.0759712592315892,0.0115432644584667,0.0115432644584667,0
1,QS,1.202,0.148352986419518,0.0759712592315892,0.0115432644584667,0.0115432644584667,0
1,QS,1.204,0.148352986419518,0.0759712592315892,0.0115432644584667,0.0115432644584667,0
1,QS,1.206,0.148352986419518,0.0759712592315892,0.0115432644584667,0.0115432644584667,0
1,QS,1.208,0.148352986419518,0.0759712592315892,0.0115432644584667,0.0115432644584667,0
1,QS,1.21,0.148352986419518,0.0759712592315892,0.0115432644584667,0.0115432644584667,0
1,QS,1.212,0.148352986419518,0.0759712592315892,0.0115432644584667,0.0115432644584667,0
1,QS,1.214,0.148352986419518,0.0759712592315892,0.0115432644584667,0.0115432644584667,0
1,QS,1.216,0.148352986419518,0.0759712592315892,0.0115432644584667,0.0115432644584667,0
1,QS,1.218,0.148352986419518,0.0759712592315892,0.0115432644584667,0.0115432644584667,0
1,QS,1.22,0.148352986419518,0.0759712592315892,0.0115432644584667,0.0115432644584667,0
1,QS,1.222,0.148352986419518,0.0759712592315892,0.0115432644584667,0.0115432644584667,0
1,QS,1.224,0.148352986419518,0.0759712592315892,0.0115432644584667,0.0115432644584667,0
1,QS,1.226,0.148352986419518,0.0759712592315892,0.0115432644584667,0.0115432644584667,0
1,QS,1.228,0.148352986419518,0.0759712592315892,0.0115432644584667,0.0115432644584667,0
1,QS,1.23,0.148352986419518,0.0759712592315892,0.0115432644584667,0.0115432644584667,0
1,QS,1.232,0.148352986419518,0.0759712592315892,0.0115432644584667,0.0115432644584667,0
1,QS,1.234,0.148352986419518,0.0759712592315892,0.0115432644584667,0.0115432644584667,0
1,QS,1.236,0.148352986419518,0.0759712592315892,0.0115432644584667,0.0115432644584667,0
1,QS,1.238,0.148352986419518,0.0759712592315892,0.0115432644584667,0.0115432644584667,0
1,QS,1.24,0.148352986419518,0.0759712592315892,0.0115432644584667,0.0115432644584667,0
1,QS,1.242,0.148352986419518,0.0759712592315892,0.0115432644584667,0.0115432644584667,0
1,QS,1.244,0.148352986419518,0.0759712592315892,0.0115432644584667,0.0115432644584667,0
1,QS,1.246,0.148352986419518,0.0759712592315892,0.0115432644584667,0.0115432644584667,0
1,QS,1.248,0.148352986419518,0.0759712592315892,0.0115432644584667,0.0115432644584667,0
1,QS,1.25,0.148352986419518,0.0759712592315892,0.0115432644584667,0.0115432644584667,0
1,QS,1.252,0.148352986419518,0.0759712592315892,0.0115432644584667,0.0115432644584667,0
1,QS,1.254,0.148352986419518,0.0759712592315892,0.0115432644584667,0.0115432644584667,0
1,QS,1.256,0.148352986419518,0.0759712592315892,0.0115432644584667,0.0115432644584667,0
1,QS,1.258,0.148352986419518,0.0759712592315892,0.0115432644584667,0.0115432644584667,0
1,QS,1.26,0.148352986419518,0.0759712592315892,0.0115432644584667,0.0115432644584667,0
1,QS,1.262,0.148352986419518,0.0759712592315892,0.0115432644584667,0.0115432644584667,0
1,QS,1.264,0.148352986419518,0.0759712592315892,0.0115432644584667,0.0115432644584667,0
1,QS,1.266,0.148352986419518,0.0759712592315892,0.0115432644584667,0.0115432644584667,0
1,QS,1.268,0.148352986419518,0.0759712592315892,0.0115432644584667,0.0115432644584667,0
1,QS,1.27,0.148352986419518,0.0759712592315892,0.0115432644584667,0.0115432644584667,0
1,QS,1.272,0.148352986419518,0.0759712592315892,0.0115432644584667,0.0115432644584667,0
1,QS,1.274,0.148352986419518,0.0759712592315892,0.0115432644584667,0.0115432644584667,0
1,QS,1.276,0.148352986419518,0.0759712592315892,0.0115432644584667,0.0115432644584667,0
1,QS,1.278,0.148352986419518,0.0759712592315892,0.0115432644584667,0.0115432644584667,0
1,QS,1.28,0.148352986419518,0.0759712592315892,0.0115432644584667,0.0115432644584667,0
1,QS,1.282,0.148352986419518,0.0759712592315892,0.0115432644584667,0.0115432644584667,0
1,QS,1.284,0.148352986419518,0.0759712592315892,0.0115432644584667,0.0115432644584667,0
1,QS,1.286,0.148352986419518,0.0759712592315892,0.0115432644584667,0.0115432644584667,0
1,QS,1.288,0.148352986419518,0.0759712592315892,0.0115432644584667,0.0115432644584667,0
1,QS,1.29,0.148352986419518,0.0759712592315892,0.0115432644584667,0.0115432644584667,0
1,QS,1.292,0.148352986419518,0.0759712592315892,0.0115432644584667,0.0115432644584667,0
1,QS,1.294,0.148352986419518,0.0759712592315892,0.0115432644584667,0.0115432644584667,0
1,QS,1.296,0.148352986419518,0.0759712592315892,0.0115432644584667,0.0115432644584667,0
1,QS,1.298,0.148352986419518,0.0759712592315892,0.0115432644584667,0.0115432644584667,0
1,QS,1.3,0.148352986419518,0.0759712592315892,0.0115432644584667,0.0115432644584667,0
1,QS,1.302,0.148352986419518,0.0759712592315892,0.0115432644584667,0.0115432644584667,0
1,QS,1.304,0.148352986419518,0.0759712592315892,0.0115432644584667,0.0115432644584667,0
1,QS,1.306,0.148352986419518,0.0759712592315892,0.0115432644584667,0.0115432644584667,0
1,QS,1.308,0.148352986419518,0.0759712592315892,0.0115432644584667,0.0115432644584667,0
1,QS,1.31,0.148352986419518,0.0759712592315892,0.0115432644584667,0.0115432644584667,0
1,QS,1.312,0.148352986419518,0.0759712592315892,0.0115432644584667,0.0115432644584667,0
1,QS,1.314,0.148352986419518,0.0759712592315892,0.0115432644584667,0.0115432644584667,0
1,QS,1.316,0.148352986419518,0.0759712592315892,0.0115432644584667,0.0115432644584667,0
1,QS,1.318,0.148352986419518,0.0759712592315892,0.0115432644584667,0.0115432644584667,0
1,QS,1.32,0.148352986419518,0.0759712592315892,0.0115432644584667,0.0115432644584667,0
1,QS,1.322,0.148352986419518,0.0759712592315892,0.0115432644584667,0.0115432644584667,0
1,QS,1.324,0.148352986419518,0.0759712592315892,0.0115432644584667,0.0115432644584667,0
1,QS,1.326,0.148352986419518,0.0759712592315892,0.0115432644584667,0.0115432644584667,0
1,QS,1.328,0.148352986419518,0.0759712592315892,0.0115432644584667,0.0115432644584667,0
1,QS,1.33,0.148352986419518,0.0759712592315892,0.0115432644584667,0.0115432644584667,0
1,QS,1.332,0.148352986419518,0.0759712592315892,0.0115432644584667,0.0115432644584667,0
1,QS,1.334,0.148352986419518,0.0759712592315892,0.0115432644584667,0.0115432644584667,0
1,QS,1.336,0.148352986419518,0.0759712592315892,0.0115432644584667,0.0115432644584667,0
1,QS,1.338,0.148352986419518,0.0759712592315892,0.0115432644584667,0.0115432644584667,0
1,QS,1.34,0.148352986419518,0.0759712592315892,0.0115432644584667,0.0115432644584667,0
1,QS,1.342,0.148352986419518,0.0759712592315892,0.0115432644584667,0.0115432644584667,0
1,QS,1.344,0.148352986419518,0.0759712592315892,0.0115432644584667,0.0115432644584667,0
1,QS,1.346,0.148352986419518,0.0759712592315892,0.0115432644584667,0.0115432644584667,0
1,QS,1.348,0.148352986419518,0.0759712592315892,0.0115432644584667,0.0115432644584667,0
1,QS,1.35,0.148352986419518,0.0759712592315892,0.0115432644584667,0.0115432644584667,0
1,QS,1.352,0.148352986419518,0.0759712592315892,0.0115432644584667,0.0115432644584667,0
1,QS,1.354,0.148352986419518,0.0759712592315892,0.0115432644584667,0.0115432644584667,0
1,QS,1.356,0.148352986419518,0.0759712592315892,0.0115432644584667,0.0115432644584667,0
1,QS,1.358,0.148352986419518,0.0759712592315892,0.0115432644584667,0.0115432644584667,0
1,QS,1.36,0.148352986419518,0.0759712592315892,0.0115432644584667,0.0115432644584667,0
1,QS,1.362,0.148352986419518,0.0759712592315892,0.0115432644584667,0.0115432644584667,0
1,QS,1.364,0.148352986419518,0.0759712592315892,0.0115432644584667,0.0115432644584667,0
1,QS,1.366,0.148352986419518,0.0759712592315892,0.0115432644584667,0.0115432644584667,0
1,QS,1.368,0.148352986419518,0.0759712592315892,0.0115432644584667,0.0115432644584667,0
1,QS,1.37,0.148352986419518,0.0759712592315892,0.0115432644584667,0.0115432644584667,0
1,QS,1.372,0.148352986419518,0.0759712592315892,0.0115432644584667,0.0115432644584667,0
1,QS,1.374,0.148352986419518,0.0759712592315892,0.0115432644584667,0.0115432644584667,0
1,QS,1.376,0.148352986419518,0.0759712592315892,0.0115432644584667,0.0115432644584667,0
1,QS,1.378,0.148352986419518,0.0759712592315892,0.0115432644584667,0.0115432644584667,0
1,QS,1.38,0.148352986419518,0.0759712592315892,0.0115432644584667,0.0115432644584667,0
1,QS,1.382,0.148352986419518,0.0759712592315892,0.0115432644584667,0.0115432644584667,0
1,QS,1.384,0.148352986419518,0.0759712592315892,0.0115432644584667,0.0115432644584667,0
1,QS,1.386,0.148352986419518,0.0759712592315892,0.0115432644584667,0.0115432644584667,0
1,QS,1.388,0.148352986419518,0.0759712592315892,0.0115432644584667,0.0115432644584667,0
1,QS,1.39,0.148352986419518,0.0759712592315892,0.0115432644584667,0.0115432644584667,0
1,QS,1.392,0.148352986419518,0.0759712592315892,0.0115432644584667,0.0115432644584667,0
1,QS,1.394,0.148352986419518,0.0759712592315892,0.0115432644584667,0.0115432644584667,0
1,QS,1.396,0.148352986419518,0.0759712592315892,0.0115432644584667,0.0115432644584667,0
1,QS,1.398,0.148352986419518,0.0759712592315892,0.0115432644584667,0.0115432644584667,0
1,QS,1.4,0.148352986419518,0.0759712592315892,0.0115432644584667,0.0115432644584667,0
1,QS,1.402,0.148352986419518,0.0759712592315892,0.0115432644584667,0.0115432644584667,0
1,QS,1.404,0.148352986419518,0.0759712592315892,0.0115432644584667,0.0115432644584667,0
1,QS,1.406,0.148352986419518,0.0759712592315892,0.0115432644584667,0.0115432644584667,0
1,QS,1.408,0.148352986419518,0.0759712592315892,0.0115432644584667,0.0115432644584667,0
1,QS,1.41,0.148352986419518,0.0759712592315892,0.0115432644584667,0.0115432644584667,0
1,QS,1.412,0.148352986419518,0.0759712592315892,0.0115432644584667,0.0115432644584667,0
1,QS,1.414,0.148352986419518,0.0759712592315892,0.0115432644584667,0.0115432644584667,0
1,QS,1.416,0.148352986419518,0.0759712592315892,0.0115432644584667,0.0115432644584667,0
1,QS,1.418,0.148352986419518,0.0759712592315892,0.0115432644584667,0.0115432644584667,0
1,QS,1.42,0.148352986419518,0.0759712592315892,0.0115432644584667,0.0115432644584667,0
1,QS,1.422,0.148352986419518,0.0759712592315892,0.0115432644584667,0.0115432644584667,0
1,QS,1.424,0.148352986419518,0.0759712592315892,0.0115432644584667,0.0115432644584667,0
1,QS,1.426,0.148352986419518,0.0759712592315892,0.0115432644584667,0.0115432644584667,0
1,QS,1.428,0.148352986419518,0.0759712592315892,0.0115432644584667,0.0115432644584667,0
1,QS,1.43,0.148352986419518,0.0759712592315892,0.0115432644584667,0.0115432644584667,0
1,QS,1.432,0.148352986419518,0.0759712592315892,0.0115432644584667,0.0115432644584667,0
1,QS,1.434,0.148352986419518,0.0759712592315892,0.0115432644584667,0.0115432644584667,0
1,QS,1.436,0.148352986419518,0.0759712592315892,0.0115432644584667,0.0115432644584667,0
1,QS,1.438,0.148352986419518,0.0759712592315892,0.0115432644584667,0.0115432644584667,0
1,QS,1.44,0.148352986419518,0.0759712592315892,0.0115432644584667,0.0115432644584667,0
1,QS,1.442,0.148352986419518,0.0759712592315892,0.0115432644584667,0.0115432644584667,0
1,QS,1.444,0.148352986419518,0.0759712592315892,0.0115432644584667,0.0115432644584667,0
1,QS,1.446,0.148352986419518,0.0759712592315892,0.0115432644584667,0.0115432644584667,0
1,QS,1.448,0.148352986419518,0.0759712592315892,0.0115432644584667,0.0115432644584667,0
1,QS,1.45,0.148352986419518,0.0759712592315892,0.0115432644584667,0.0115432644584667,0
1,QS,1.452,0.148352986419518,0.0759712592315892,0.0115432644584667,0.0115432644584667,0
1,QS,1.454,0.148352986419518,0.0759712592315892,0.0115432644584667,0.0115432644584667,0
1,QS,1.456,0.148352986419518,0.0759712592315892,0.0115432644584667,0.0115432644584667,0
1,QS,1.458,0.148352986419518,0.0759712592315892,0.0115432644584667,0.0115432644584667,0
1,QS,1.46,0.148352986419518,0.0759712592315892,0.0115432644584667,0.0115432644584667,0
1,QS,1.462,0.148352986419518,0.0759712592315892,0.0115432644584667,0.0115432644584667,0
1,QS,1.464,0.148352986419518,0.0759712592315892,0.0115432644584667,0.0115432644584667,0
1,QS,1.466,0.148352986419518,0.0759712592315892,0.0115432644584667,0.0115432644584667,0
1,QS,1.468,0.148352986419518,0.0759712592315892,0.0115432644584667,0.0115432644584667,0
1,QS,1.47,0.148352986419518,0.0759712592315892,0.0115432644584667,0.0115432644584667,0
1,QS,1.472,0.148352986419518,0.0759712592315892,0.0115432644584667,0.0115432644584667,0
1,QS,1.474,0.148352986419518,0.0759712592315892,0.0115432644584667,0.0115432644584667,0
1,QS,1.476,0.148352986419518,0.0759712592315892,0.0115432644584667,0.0115432644584667,0
1,QS,1.478,0.148352986419518,0.0759712592315892,0.0115432644584667,0.0115432644584667,0
1,QS,1.48,0.148352986419518,0.0759712592315892,0.0115432644584667,0.0115432644584667,0
1,QS,1.482,0.148352986419518,0.0759712592315892,0.0115432644584667,0.0115432644584667,0
1,QS,1.484,0.148352986419518,0.0759712592315892,0.0115432644584667,0.0115432644584667,0
1,QS,1.486,0.148352986419518,0.0759712592315892,0.0115432644584667,0.0115432644584667,0
1,QS,1.488,0.148352986419518,0.0759712592315892,0.0115432644584667,0.0115432644584667,0
1,QS,1.49,0.148352986419518,0.0759712592315892,0.0115432644584667,0.0115432644584667,0
1,QS,1.492,0.148352986419518,0.0759712592315892,0.0115432644584667,0.0115432644584667,0
1,QS,1.494,0.148352986419518,0.0759712592315892,0.0115432644584667,0.0115432644584667,0
1,QS,1.496,0.148352986419518,0.0759712592315892,0.0115432644584667,0.0115432644584667,0
1,QS,1.498,0.148352986419518,0.0759712592315892,0.0115432644584667,0.0115432644584667,0
1,QS,1.5,0.148352986419518,0.0759712592315892,0.0115432644584667,0.0115432644584667,0
