amplitude_deg,method,time_s,theta_report_deg,vi_mps,v_up_mps,a_up_mps2,total_aero_thrust_N
0.1,DIRECT_C81,0,6.45799945840901,16.226991584938,0,1.77635683940025e-15,58839.9
0.1,DIRECT_C81,0.005,6.45799945840901,16.226991584938,8.88178419700125e-18,1.77635683940025e-15,58839.9
0.1,DIRECT_C81,0.01,6.45799945840901,16.226991584938,1.77635683940025e-17,1.77635683940025e-15,58839.9
0.1,DIRECT_C81,0.015,6.45799945840901,16.226991584938,2.66453525910038e-17,1.77635683940025e-15,58839.9
0.1,DIRECT_C81,0.02,6.45799945840901,16.226991584938,3.5527136788005e-17,1.77635683940025e-15,58839.9
0.1,DIRECT_C81,0.025,6.45799945840901,16.226991584938,4.44089209850063e-17,1.77635683940025e-15,58839.9
0.1,DIRECT_C81,0.03,6.45799945840901,16.226991584938,5.32907051820075e-17,1.77635683940025e-15,58839.9
0.1,DIRECT_C81,0.035,6.45799945840901,16.226991584938,6.21724893790088e-17,1.77635683940025e-15,58839.9
0.1,DIRECT_C81,0.04,6.45799945840901,16.226991584938,7.105427357601e-17,1.77635683940025e-15,58839.9
0.1,DIRECT_C81,0.045,6.45799945840901,16.226991584938,7.99360577730113e-17,1.77635683940025e-15,58839.9
0.1,DIRECT_C81,0.05,6.45799945840901,16.226991584938,8.88178419700125e-17,1.77635683940025e-15,58839.9
0.1,DIRECT_C81,0.055,6.45799945840901,16.226991584938,9.76996261670138e-17,1.77635683940025e-15,58839.9
0.1,DIRECT_C81,0.06,6.45799945840901,16.226991584938,1.06581410364015e-16,1.77635683940025e-15,58839.9
0.1,DIRECT_C81,0.065,6.45799945840901,16.226991584938,1.15463194561016e-16,1.77635683940025e-15,58839.9
0.1,DIRECT_C81,0.07,6.45799945840901,16.226991584938,1.24344978758018e-16,1.77635683940025e-15,58839.9
0.1,DIRECT_C81,0.075,6.45799945840901,16.226991584938,1.33226762955019e-16,1.77635683940025e-15,58839.9
0.1,DIRECT_C81,0.08,6.45799945840901,16.226991584938,1.4210854715202e-16,1.77635683940025e-15,58839.9
0.1,DIRECT_C81,0.085,6.45799945840901,16.226991584938,1.50990331349021e-16,1.77635683940025e-15,58839.9
0.1,DIRECT_C81,0.09,6.45799945840901,16.226991584938,1.59872115546023e-16,1.77635683940025e-15,58839.9
0.1,DIRECT_C81,0.095,6.45799945840901,16.226991584938,1.68753899743024e-16,1.77635683940025e-15,58839.9
0.1,DIRECT_C81,0.1,6.45799945840901,16.226991584938,1.77635683940025e-16,1.77635683940025e-15,58839.9
0.1,DIRECT_C81,0.105,6.45799945840901,16.226991584938,1.86517468137026e-16,1.77635683940025e-15,58839.9
0.1,DIRECT_C81,0.11,6.45799945840901,16.226991584938,1.95399252334028e-16,1.77635683940025e-15,58839.9
0.1,DIRECT_C81,0.115,6.45799945840901,16.226991584938,2.04281036531029e-16,1.77635683940025e-15,58839.9
0.1,DIRECT_C81,0.12,6.45799945840901,16.226991584938,2.1316282072803e-16,1.77635683940025e-15,58839.9
0.1,DIRECT_C81,0.125,6.45799945840901,16.226991584938,2.22044604925031e-16,1.77635683940025e-15,58839.9
0.1,DIRECT_C81,0.13,6.45799945840901,16.226991584938,2.30926389122033e-16,1.77635683940025e-15,58839.9
0.1,DIRECT_C81,0.135,6.45799945840901,16.226991584938,2.39808173319034e-16,1.77635683940025e-15,58839.9
0.1,DIRECT_C81,0.14,6.45799945840901,16.226991584938,2.48689957516035e-16,1.77635683940025e-15,58839.9
0.1,DIRECT_C81,0.145,6.45799945840901,16.226991584938,2.57571741713036e-16,1.77635683940025e-15,58839.9
0.1,DIRECT_C81,0.15,6.45799945840901,16.226991584938,2.66453525910038e-16,1.77635683940025e-15,58839.9
0.1,DIRECT_C81,0.155,6.45799945840901,16.226991584938,2.75335310107039e-16,1.77635683940025e-15,58839.9
0.1,DIRECT_C81,0.16,6.45799945840901,16.226991584938,2.8421709430404e-16,1.77635683940025e-15,58839.9
0.1,DIRECT_C81,0.165,6.45799945840901,16.226991584938,2.93098878501041e-16,1.77635683940025e-15,58839.9
0.1,DIRECT_C81,0.17,6.45799945840901,16.226991584938,3.01980662698043e-16,1.77635683940025e-15,58839.9
0.1,DIRECT_C81,0.175,6.45799945840901,16.226991584938,3.10862446895044e-16,1.77635683940025e-15,58839.9
0.1,DIRECT_C81,0.18,6.45799945840901,16.226991584938,3.19744231092045e-16,1.77635683940025e-15,58839.9
0.1,DIRECT_C81,0.185,6.45799945840901,16.226991584938,3.28626015289046e-16,1.77635683940025e-15,58839.9
0.1,DIRECT_C81,0.19,6.45799945840901,16.226991584938,3.37507799486048e-16,1.77635683940025e-15,58839.9
0.1,DIRECT_C81,0.195,6.45799945840901,16.226991584938,3.46389583683049e-16,1.77635683940025e-15,58839.9
0.1,DIRECT_C81,0.2,6.45799945840901,16.226991584938,3.5527136788005e-16,1.77635683940025e-15,58839.9
0.1,DIRECT_C81,0.205,6.45799945840901,16.226991584938,3.64153152077051e-16,1.77635683940025e-15,58839.9
0.1,DIRECT_C81,0.21,6.45799945840901,16.226991584938,3.73034936274053e-16,1.77635683940025e-15,58839.9
0.1,DIRECT_C81,0.215,6.45799945840901,16.226991584938,3.81916720471054e-16,1.77635683940025e-15,58839.9
0.1,DIRECT_C81,0.22,6.45799945840901,16.226991584938,3.90798504668055e-16,1.77635683940025e-15,58839.9
0.1,DIRECT_C81,0.225,6.45799945840901,16.226991584938,3.99680288865056e-16,1.77635683940025e-15,58839.9
0.1,DIRECT_C81,0.23,6.45799945840901,16.226991584938,4.08562073062058e-16,1.77635683940025e-15,58839.9
0.1,DIRECT_C81,0.235,6.45799945840901,16.226991584938,4.17443857259059e-16,1.77635683940025e-15,58839.9
0.1,DIRECT_C81,0.24,6.45799945840901,16.226991584938,4.2632564145606e-16,1.77635683940025e-15,58839.9
0.1,DIRECT_C81,0.245,6.45799945840901,16.226991584938,4.35207425653061e-16,1.77635683940025e-15,58839.9
0.1,DIRECT_C81,0.25,6.45799945840901,16.226991584938,4.44089209850063e-16,1.77635683940025e-15,58839.9
0.1,DIRECT_C81,0.255,6.45799945840901,16.226991584938,4.52970994047064e-16,1.77635683940025e-15,58839.9
0.1,DIRECT_C81,0.26,6.45799945840901,16.226991584938,4.61852778244065e-16,1.77635683940025e-15,58839.9
0.1,DIRECT_C81,0.265,6.45799945840901,16.226991584938,4.70734562441066e-16,1.77635683940025e-15,58839.9
0.1,DIRECT_C81,0.27,6.45799945840901,16.226991584938,4.79616346638068e-16,1.77635683940025e-15,58839.9
0.1,DIRECT_C81,0.275,6.45799945840901,16.226991584938,4.88498130835069e-16,1.77635683940025e-15,58839.9
0.1,DIRECT_C81,0.28,6.45799945840901,16.226991584938,4.9737991503207e-16,1.77635683940025e-15,58839.9
0.1,DIRECT_C81,0.285,6.45799945840901,16.226991584938,5.06261699229071e-16,1.77635683940025e-15,58839.9
0.1,DIRECT_C81,0.29,6.45799945840901,16.226991584938,5.15143483426073e-16,1.77635683940025e-15,58839.9
0.1,DIRECT_C81,0.295,6.45799945840901,16.226991584938,5.24025267623074e-16,1.77635683940025e-15,58839.9
0.1,DIRECT_C81,0.3,6.45799945840901,16.226991584938,5.32907051820075e-16,1.77635683940025e-15,58839.9
0.1,DIRECT_C81,0.305,6.45799945840901,16.226991584938,5.41788836017076e-16,1.77635683940025e-15,58839.9
0.1,DIRECT_C81,0.31,6.45799945840901,16.226991584938,5.50670620214078e-16,1.77635683940025e-15,58839.9
0.1,DIRECT_C81,0.315,6.45799945840901,16.226991584938,5.59552404411079e-16,1.77635683940025e-15,58839.9
0.1,DIRECT_C81,0.32,6.45799945840901,16.226991584938,5.6843418860808e-16,1.77635683940025e-15,58839.9
0.1,DIRECT_C81,0.325,6.45799945840901,16.226991584938,5.77315972805081e-16,1.77635683940025e-15,58839.9
0.1,DIRECT_C81,0.33,6.45799945840901,16.226991584938,5.86197757002083e-16,1.77635683940025e-15,58839.9
0.1,DIRECT_C81,0.335,6.45799945840901,16.226991584938,5.95079541199084e-16,1.77635683940025e-15,58839.9
0.1,DIRECT_C81,0.34,6.45799945840901,16.226991584938,6.03961325396085e-16,1.77635683940025e-15,58839.9
0.1,DIRECT_C81,0.345,6.45799945840901,16.226991584938,6.12843109593086e-16,1.77635683940025e-15,58839.9
0.1,DIRECT_C81,0.35,6.45799945840901,16.226991584938,6.21724893790088e-16,1.77635683940025e-15,58839.9
0.1,DIRECT_C81,0.355,6.45799945840901,16.226991584938,6.30606677987089e-16,1.77635683940025e-15,58839.9
0.1,DIRECT_C81,0.36,6.45799945840901,16.226991584938,6.3948846218409e-16,1.77635683940025e-15,58839.9
0.1,DIRECT_C81,0.365,6.45799945840901,16.226991584938,6.48370246381091e-16,1.77635683940025e-15,58839.9
0.1,DIRECT_C81,0.37,6.45799945840901,16.226991584938,6.57252030578093e-16,1.77635683940025e-15,58839.9
0.1,DIRECT_C81,0.375,6.45799945840901,16.226991584938,6.66133814775094e-16,1.77635683940025e-15,58839.9
0.1,DIRECT_C81,0.38,6.45799945840901,16.226991584938,6.75015598972095e-16,1.77635683940025e-15,58839.9
0.1,DIRECT_C81,0.385,6.45799945840901,16.226991584938,6.83897383169096e-16,1.77635683940025e-15,58839.9
0.1,DIRECT_C81,0.39,6.45799945840901,16.226991584938,6.92779167366098e-16,1.77635683940025e-15,58839.9
0.1,DIRECT_C81,0.395,6.45799945840901,16.226991584938,7.01660951563099e-16,1.77635683940025e-15,58839.9
0.1,DIRECT_C81,0.4,6.45799945840901,16.226991584938,7.105427357601e-16,1.77635683940025e-15,58839.9
0.1,DIRECT_C81,0.405,6.45799945840901,16.226991584938,7.19424519957101e-16,1.77635683940025e-15,58839.9
0.1,DIRECT_C81,0.41,6.45799945840901,16.226991584938,7.28306304154103e-16,1.77635683940025e-15,58839.9
0.1,DIRECT_C81,0.415,6.45799945840901,16.226991584938,7.37188088351104e-16,1.77635683940025e-15,58839.9
0.1,DIRECT_C81,0.42,6.45799945840901,16.226991584938,7.46069872548105e-16,1.77635683940025e-15,58839.9
0.1,DIRECT_C81,0.425,6.45799945840901,16.226991584938,7.54951656745106e-16,1.77635683940025e-15,58839.9
0.1,DIRECT_C81,0.43,6.45799945840901,16.226991584938,7.63833440942108e-16,1.77635683940025e-15,58839.9
0.1,DIRECT_C81,0.435,6.45799945840901,16.226991584938,7.72715225139109e-16,1.77635683940025e-15,58839.9
0.1,DIRECT_C81,0.44,6.45799945840901,16.226991584938,7.8159700933611e-16,1.77635683940025e-15,58839.9
0.1,DIRECT_C81,0.445,6.45799945840901,16.226991584938,7.90478793533111e-16,1.77635683940025e-15,58839.9
0.1,DIRECT_C81,0.45,6.45799945840901,16.226991584938,7.99360577730113e-16,1.77635683940025e-15,58839.9
0.1,DIRECT_C81,0.455,6.45799945840901,16.226991584938,8.08242361927114e-16,1.77635683940025e-15,58839.9
0.1,DIRECT_C81,0.46,6.45799945840901,16.226991584938,8.17124146124115e-16,1.77635683940025e-15,58839.9
0.1,DIRECT_C81,0.465,6.45799945840901,16.226991584938,8.26005930321117e-16,1.77635683940025e-15,58839.9
0.1,DIRECT_C81,0.47,6.45799945840901,16.226991584938,8.34887714518118e-16,1.77635683940025e-15,58839.9
0.1,DIRECT_C81,0.475,6.45799945840901,16.226991584938,8.43769498715119e-16,1.77635683940025e-15,58839.9
0.1,DIRECT_C81,0.48,6.45799945840901,16.226991584938,8.5265128291212e-16,1.77635683940025e-15,58839.9
0.1,DIRECT_C81,0.485,6.45799945840901,16.226991584938,8.61533067109121e-16,1.77635683940025e-15,58839.9
0.1,DIRECT_C81,0.49,6.45799945840901,16.226991584938,8.70414851306123e-16,1.77635683940025e-15,58839.9
0.1,DIRECT_C81,0.495,6.45799945840901,16.226991584938,8.79296635503124e-16,1.77635683940025e-15,58839.9
0.1,DIRECT_C81,0.5,6.45799945840901,16.226991584938,8.88178419700125e-16,1.77635683940025e-15,58839.9
0.1,DIRECT_C81,0.505,6.45799945840901,16.226991584938,8.97060203897126e-16,1.77635683940025e-15,58839.9
0.1,DIRECT_C81,0.51,6.45799945840901,16.226991584938,9.05941988094128e-16,1.77635683940025e-15,58839.9
0.1,DIRECT_C81,0.515,6.45799945840901,16.226991584938,9.14823772291129e-16,1.77635683940025e-15,58839.9
0.1,DIRECT_C81,0.52,6.45799945840901,16.226991584938,9.2370555648813e-16,1.77635683940025e-15,58839.9
0.1,DIRECT_C81,0.525,6.45799945840901,16.226991584938,9.32587340685132e-16,1.77635683940025e-15,58839.9
0.1,DIRECT_C81,0.53,6.45799945840901,16.226991584938,9.41469124882133e-16,1.77635683940025e-15,58839.9
0.1,DIRECT_C81,0.535,6.45799945840901,16.226991584938,9.50350909079134e-16,1.77635683940025e-15,58839.9
0.1,DIRECT_C81,0.54,6.45799945840901,16.226991584938,9.59232693276135e-16,1.77635683940025e-15,58839.9
0.1,DIRECT_C81,0.545,6.45799945840901,16.226991584938,9.68114477473137e-16,1.77635683940025e-15,58839.9
0.1,DIRECT_C81,0.55,6.45799945840901,16.226991584938,9.76996261670138e-16,1.77635683940025e-15,58839.9
0.1,DIRECT_C81,0.555,6.45799945840901,16.226991584938,9.85878045867139e-16,1.77635683940025e-15,58839.9
0.1,DIRECT_C81,0.56,6.45799945840901,16.226991584938,9.9475983006414e-16,1.77635683940025e-15,58839.9
0.1,DIRECT_C81,0.565,6.45799945840901,16.226991584938,1.00364161426114e-15,1.77635683940025e-15,58839.9
0.1,DIRECT_C81,0.57,6.45799945840901,16.226991584938,1.01252339845814e-15,1.77635683940025e-15,58839.9
0.1,DIRECT_C81,0.575,6.45799945840901,16.226991584938,1.02140518265514e-15,1.77635683940025e-15,58839.9
0.1,DIRECT_C81,0.58,6.45799945840901,16.226991584938,1.03028696685215e-15,1.77635683940025e-15,58839.9
0.1,DIRECT_C81,0.585,6.45799945840901,16.226991584938,1.03916875104915e-15,1.77635683940025e-15,58839.9
0.1,DIRECT_C81,0.59,6.45799945840901,16.226991584938,1.04805053524615e-15,1.77635683940025e-15,58839.9
0.1,DIRECT_C81,0.595,6.45799945840901,16.226991584938,1.05693231944315e-15,1.77635683940025e-15,58839.9
0.1,DIRECT_C81,0.6,6.45799945840901,16.226991584938,1.06581410364015e-15,1.77635683940025e-15,58839.9
0.1,DIRECT_C81,0.605,6.45799945840901,16.226991584938,1.07469588783715e-15,1.77635683940025e-15,58839.9
0.1,DIRECT_C81,0.61,6.45799945840901,16.226991584938,1.08357767203415e-15,1.77635683940025e-15,58839.9
0.1,DIRECT_C81,0.615,6.45799945840901,16.226991584938,1.09245945623115e-15,1.77635683940025e-15,58839.9
0.1,DIRECT_C81,0.62,6.45799945840901,16.226991584938,1.10134124042816e-15,1.77635683940025e-15,58839.9
0.1,DIRECT_C81,0.625,6.45799945840901,16.226991584938,1.11022302462516e-15,1.77635683940025e-15,58839.9
0.1,DIRECT_C81,0.63,6.45799945840901,16.226991584938,1.11910480882216e-15,1.77635683940025e-15,58839.9
0.1,DIRECT_C81,0.635,6.45799945840901,16.226991584938,1.12798659301916e-15,1.77635683940025e-15,58839.9
0.1,DIRECT_C81,0.64,6.45799945840901,16.226991584938,1.13686837721616e-15,1.77635683940025e-15,58839.9
0.1,DIRECT_C81,0.645,6.45799945840901,16.226991584938,1.14575016141316e-15,1.77635683940025e-15,58839.9
0.1,DIRECT_C81,0.65,6.45799945840901,16.226991584938,1.15463194561016e-15,1.77635683940025e-15,58839.9
0.1,DIRECT_C81,0.655,6.45799945840901,16.226991584938,1.16351372980716e-15,1.77635683940025e-15,58839.9
0.1,DIRECT_C81,0.66,6.45799945840901,16.226991584938,1.17239551400417e-15,1.77635683940025e-15,58839.9
0.1,DIRECT_C81,0.665,6.45799945840901,16.226991584938,1.18127729820117e-15,1.77635683940025e-15,58839.9
0.1,DIRECT_C81,0.67,6.45799945840901,16.226991584938,1.19015908239817e-15,1.77635683940025e-15,58839.9
0.1,DIRECT_C81,0.675,6.45799945840901,16.226991584938,1.19904086659517e-15,1.77635683940025e-15,58839.9
0.1,DIRECT_C81,0.68,6.45799945840901,16.226991584938,1.20792265079217e-15,1.77635683940025e-15,58839.9
0.1,DIRECT_C81,0.685,6.45799945840901,16.226991584938,1.21680443498917e-15,1.77635683940025e-15,58839.9
0.1,DIRECT_C81,0.69,6.45799945840901,16.226991584938,1.22568621918617e-15,1.77635683940025e-15,58839.9
0.1,DIRECT_C81,0.695,6.45799945840901,16.226991584938,1.23456800338317e-15,1.77635683940025e-15,58839.9
0.1,DIRECT_C81,0.7,6.45799945840901,16.226991584938,1.24344978758018e-15,1.77635683940025e-15,58839.9
0.1,DIRECT_C81,0.705,6.45799945840901,16.226991584938,1.25233157177718e-15,1.77635683940025e-15,58839.9
0.1,DIRECT_C81,0.71,6.45799945840901,16.226991584938,1.26121335597418e-15,1.77635683940025e-15,58839.9
0.1,DIRECT_C81,0.715,6.45799945840901,16.226991584938,1.27009514017118e-15,1.77635683940025e-15,58839.9
0.1,DIRECT_C81,0.72,6.45799945840901,16.226991584938,1.27897692436818e-15,1.77635683940025e-15,58839.9
0.1,DIRECT_C81,0.725,6.45799945840901,16.226991584938,1.28785870856518e-15,1.77635683940025e-15,58839.9
0.1,DIRECT_C81,0.73,6.45799945840901,16.226991584938,1.29674049276218e-15,1.77635683940025e-15,58839.9
0.1,DIRECT_C81,0.735,6.45799945840901,16.226991584938,1.30562227695918e-15,1.77635683940025e-15,58839.9
0.1,DIRECT_C81,0.74,6.45799945840901,16.226991584938,1.31450406115619e-15,1.77635683940025e-15,58839.9
0.1,DIRECT_C81,0.745,6.45799945840901,16.226991584938,1.32338584535319e-15,1.77635683940025e-15,58839.9
0.1,DIRECT_C81,0.75,6.45799945840901,16.226991584938,1.33226762955019e-15,1.77635683940025e-15,58839.9
0.1,DIRECT_C81,0.755,6.45799945840901,16.226991584938,1.34114941374719e-15,1.77635683940025e-15,58839.9
0.1,DIRECT_C81,0.76,6.45799945840901,16.226991584938,1.35003119794419e-15,1.77635683940025e-15,58839.9
0.1,DIRECT_C81,0.765,6.45799945840901,16.226991584938,1.35891298214119e-15,1.77635683940025e-15,58839.9
0.1,DIRECT_C81,0.77,6.45799945840901,16.226991584938,1.36779476633819e-15,1.77635683940025e-15,58839.9
0.1,DIRECT_C81,0.775,6.45799945840901,16.226991584938,1.37667655053519e-15,1.77635683940025e-15,58839.9
0.1,DIRECT_C81,0.78,6.45799945840901,16.226991584938,1.3855583347322e-15,1.77635683940025e-15,58839.9
0.1,DIRECT_C81,0.785,6.45799945840901,16.226991584938,1.3944401189292e-15,1.77635683940025e-15,58839.9
0.1,DIRECT_C81,0.79,6.45799945840901,16.226991584938,1.4033219031262e-15,1.77635683940025e-15,58839.9
0.1,DIRECT_C81,0.795,6.45799945840901,16.226991584938,1.4122036873232e-15,1.77635683940025e-15,58839.9
0.1,DIRECT_C81,0.8,6.45799945840901,16.226991584938,1.4210854715202e-15,1.77635683940025e-15,58839.9
0.1,DIRECT_C81,0.805,6.45799945840901,16.226991584938,1.4299672557172e-15,1.77635683940025e-15,58839.9
0.1,DIRECT_C81,0.81,6.45799945840901,16.226991584938,1.4388490399142e-15,1.77635683940025e-15,58839.9
0.1,DIRECT_C81,0.815,6.45799945840901,16.226991584938,1.4477308241112e-15,1.77635683940025e-15,58839.9
0.1,DIRECT_C81,0.82,6.45799945840901,16.226991584938,1.45661260830821e-15,1.77635683940025e-15,58839.9
0.1,DIRECT_C81,0.825,6.45799945840901,16.226991584938,1.46549439250521e-15,1.77635683940025e-15,58839.9
0.1,DIRECT_C81,0.83,6.45799945840901,16.226991584938,1.47437617670221e-15,1.77635683940025e-15,58839.9
0.1,DIRECT_C81,0.835,6.45799945840901,16.226991584938,1.48325796089921e-15,1.77635683940025e-15,58839.9
0.1,DIRECT_C81,0.84,6.45799945840901,16.226991584938,1.49213974509621e-15,1.77635683940025e-15,58839.9
0.1,DIRECT_C81,0.845,6.45799945840901,16.226991584938,1.50102152929321e-15,1.77635683940025e-15,58839.9
0.1,DIRECT_C81,0.85,6.45799945840901,16.226991584938,1.50990331349021e-15,1.77635683940025e-15,58839.9
0.1,DIRECT_C81,0.855,6.45799945840901,16.226991584938,1.51878509768721e-15,1.77635683940025e-15,58839.9
0.1,DIRECT_C81,0.86,6.45799945840901,16.226991584938,1.52766688188422e-15,1.77635683940025e-15,58839.9
0.1,DIRECT_C81,0.865,6.45799945840901,16.226991584938,1.53654866608122e-15,1.77635683940025e-15,58839.9
0.1,DIRECT_C81,0.87,6.45799945840901,16.226991584938,1.54543045027822e-15,1.77635683940025e-15,58839.9
0.1,DIRECT_C81,0.875,6.45799945840901,16.226991584938,1.55431223447522e-15,1.77635683940025e-15,58839.9
0.1,DIRECT_C81,0.88,6.45799945840901,16.226991584938,1.56319401867222e-15,1.77635683940025e-15,58839.9
0.1,DIRECT_C81,0.885,6.45799945840901,16.226991584938,1.57207580286922e-15,1.77635683940025e-15,58839.9
0.1,DIRECT_C81,0.89,6.45799945840901,16.226991584938,1.58095758706622e-15,1.77635683940025e-15,58839.9
0.1,DIRECT_C81,0.895,6.45799945840901,16.226991584938,1.58983937126322e-15,1.77635683940025e-15,58839.9
0.1,DIRECT_C81,0.9,6.45799945840901,16.226991584938,1.59872115546023e-15,1.77635683940025e-15,58839.9
0.1,DIRECT_C81,0.905,6.45799945840901,16.226991584938,1.60760293965723e-15,1.77635683940025e-15,58839.9
0.1,DIRECT_C81,0.91,6.45799945840901,16.226991584938,1.61648472385423e-15,1.77635683940025e-15,58839.9
0.1,DIRECT_C81,0.915,6.45799945840901,16.226991584938,1.62536650805123e-15,1.77635683940025e-15,58839.9
0.1,DIRECT_C81,0.92,6.45799945840901,16.226991584938,1.63424829224823e-15,1.77635683940025e-15,58839.9
0.1,DIRECT_C81,0.925,6.45799945840901,16.226991584938,1.64313007644523e-15,1.77635683940025e-15,58839.9
0.1,DIRECT_C81,0.93,6.45799945840901,16.226991584938,1.65201186064223e-15,1.77635683940025e-15,58839.9
0.1,DIRECT_C81,0.935,6.45799945840901,16.226991584938,1.66089364483923e-15,1.77635683940025e-15,58839.9
0.1,DIRECT_C81,0.94,6.45799945840901,16.226991584938,1.66977542903624e-15,1.77635683940025e-15,58839.9
0.1,DIRECT_C81,0.945,6.45799945840901,16.226991584938,1.67865721323324e-15,1.77635683940025e-15,58839.9
0.1,DIRECT_C81,0.95,6.45799945840901,16.226991584938,1.68753899743024e-15,1.77635683940025e-15,58839.9
0.1,DIRECT_C81,0.955,6.45799945840901,16.226991584938,1.69642078162724e-15,1.77635683940025e-15,58839.9
0.1,DIRECT_C81,0.96,6.45799945840901,16.226991584938,1.70530256582424e-15,1.77635683940025e-15,58839.9
0.1,DIRECT_C81,0.965,6.45799945840901,16.226991584938,1.71418435002124e-15,1.77635683940025e-15,58839.9
0.1,DIRECT_C81,0.97,6.45799945840901,16.226991584938,1.72306613421824e-15,1.77635683940025e-15,58839.9
0.1,DIRECT_C81,0.975,6.45799945840901,16.226991584938,1.73194791841524e-15,1.77635683940025e-15,58839.9
0.1,DIRECT_C81,0.98,6.45799945840901,16.226991584938,1.74082970261225e-15,1.77635683940025e-15,58839.9
0.1,DIRECT_C81,0.985,6.45799945840901,16.226991584938,1.74971148680925e-15,1.77635683940025e-15,58839.9
0.1,DIRECT_C81,0.99,6.45799945840901,16.226991584938,1.75859327100625e-15,1.77635683940025e-15,58839.9
0.1,DIRECT_C81,0.995,6.45799945840901,16.226991584938,1.76747505520325e-15,1.77635683940025e-15,58839.9
0.1,DIRECT_C81,1,6.45799945840901,16.226991584938,1.77635683940025e-15,1.77635683940025e-15,58839.9
0.1,DIRECT_C81,1.005,6.45800562678492,16.2269919205892,1.34522553911039e-08,8.02217533646399e-06,58839.948133052
0.1,DIRECT_C81,1.01,6.45802413039072,16.2269941228185,1.05799057673234e-07,3.13920583607796e-05,58840.0883523502
0.1,DIRECT_C81,1.015,6.45805496466091,16.2269996983578,3.51479697489058e-07,6.92230244538905e-05,58840.3153381467
0.1,DIRECT_C81,1.02,6.45809812198759,16.2270098348286,8.20957405379309e-07,0.000120804363918481,58840.6248261835
0.1,DIRECT_C81,1.025,6.45815359172235,16.2270254662099,1.581508656443e-06,0.00018556732816144,58841.013403969
0.1,DIRECT_C81,1.03,6.45822136017885,16.2270473246793,2.69784313349971e-06,0.000263046663498301,58841.478279981
0.1,DIRECT_C81,1.035,6.45830141063625,16.2270759811517,4.23256621660129e-06,0.000352866868100321,58842.0172012086
0.1,DIRECT_C81,1.04,6.45839372334328,16.2271118787627,6.24659449868227e-06,0.000454722211333802,58842.628333268
0.1,DIRECT_C81,1.045,6.45849827552318,16.227155358578,8.79945077290349e-06,0.000568359480586977,58843.3101568835
0.1,DIRECT_C81,1.05,6.45861504137925,16.2272066801749,1.19495011918636e-05,0.000693567503871506,58844.0614050232
0.1,DIRECT_C81,1.055,6.45874399210127,16.2272660380016,1.5754141560215e-05,0.000830167942378779,58844.8810076543
0.1,DIRECT_C81,1.06,6.45888509587257,16.2273335743662,2.0269942526275e-05,0.000978007984006268,58845.768047904
0.1,DIRECT_C81,1.065,6.45903831787792,16.2274093897517,2.55527621598394e-05,0.00113695454590435,58846.7217272754
0.1,DIRECT_C81,1.07,6.45920362031207,16.2274935510058,3.16578326537991e-05,0.00130688967515979,58847.741338051
0.1,DIRECT_C81,1.075,6.45938096238912,16.2275860978469,3.86398264992404e-05,0.00148770690064914,58848.8262414039
0.1,DIRECT_C81,1.08,6.45957030035258,16.2276870480308,4.65529063806703e-05,0.00167930834013497,58849.9758500408
0.1,DIRECT_C81,1.085,6.45977158748612,16.2277964014561,5.54507621637719e-05,0.00188160240691104,58851.1896144415
0.1,DIRECT_C81,1.09,6.45998477412516,16.2279141424319,6.53865974682231e-05,0.00209448277525759,58852.4668966515
0.1,DIRECT_C81,1.095,6.46020980766909,16.2280402440939,7.64132130083231e-05,0.00231790379746322,58853.8074227848
0.1,DIRECT_C81,1.1,6.46044663259425,16.2281746712745,8.85830654182916e-05,0.00255176395157974,58855.2105837095
0.1,DIRECT_C81,1.105,6.46069519046763,16.2283173789775,0.000101948147261613,0.00279598210503451,58856.6758926302
0.1,DIRECT_C81,1.11,6.4609554199613,16.2284683152274,0.000116560046406706,0.00305047740706144,58858.2028644424
0.1,DIRECT_C81,1.115,6.46122725686751,16.2286274221076,0.000132469945982542,0.00331516872971527,58859.7910123783
0.1,DIRECT_C81,1.12,6.46151063411459,16.2287946369119,0.00014972863434336,0.00358998844290426,58861.4399306574
0.1,DIRECT_C81,1.125,6.46180548178344,16.2289698946139,0.00016838658084967,0.00387484130011551,58863.1490478007
0.1,DIRECT_C81,1.13,6.46211172712481,16.2291531210229,0.000188493633850942,0.00416962453221181,58864.9177471933
0.1,DIRECT_C81,1.135,6.46242929457723,16.2293442407419,0.00021009929279778,0.00447426926617389,58866.745615597
0.1,DIRECT_C81,1.14,6.46275810578571,16.2295431758181,0.000233252647079649,0.00478868796334808,58868.6321277801
0.1,DIRECT_C81,1.145,6.46309807962098,16.2297498453988,0.000258002343902592,0.00511279127049846,58870.576747623
0.1,DIRECT_C81,1.15,6.46344913219959,16.2299641659588,0.000284396578964817,0.00544648792382318,58872.5789275429
0.1,DIRECT_C81,1.155,6.46381117690457,16.2301860514861,0.000312483086716138,0.00578968467755381,58874.6381080653
0.1,DIRECT_C81,1.16,6.46418412440681,16.2304154136343,0.00034230913031167,0.00614228625229352,58876.7537175138
0.1,DIRECT_C81,1.165,6.4645678826871,16.2306521618476,0.00037392149134775,0.00650419529901569,58878.9251717941
0.1,DIRECT_C81,1.17,6.46496235705881,16.2308962034662,0.000407366459450802,0.0068753123757368,58881.1518742544
0.1,DIRECT_C81,1.175,6.4653674501913,16.2311474438139,0.000442689821775556,0.00725553593422212,58883.4332156053
0.1,DIRECT_C81,1.18,6.46578306213391,16.2314057862736,0.000479936852457898,0.00764476231488409,58885.7685738893
0.1,DIRECT_C81,1.185,6.46620909034059,16.2316711323522,0.000519152302059293,0.00804288574821932,58888.1573144893
0.1,DIRECT_C81,1.19,6.46664542969528,16.2319433817371,0.000560380387031996,0.00844979836152682,58890.5987901692
0.1,DIRECT_C81,1.195,6.46709197253776,16.2322224323472,0.000603664779229167,0.00886539018999954,58893.09234114
0.1,DIRECT_C81,1.2,6.46754860869026,16.2325081803781,0.000649048595479533,0.00928954919134739,58895.6372951481
0.1,DIRECT_C81,1.205,6.46801522548465,16.2328005203441,0.00069657438724261,0.00972216126328185,58898.2329675797
0.1,DIRECT_C81,1.21,6.46849170779022,16.2330993451167,0.000746284130357563,0.0101631102634467,58900.8786615807
0.1,DIRECT_C81,1.215,6.46897793804209,16.2334045459614,0.000798219214897035,0.0106122780313438,58903.5736681881
0.1,DIRECT_C81,1.22,6.46947379627022,16.2337160125722,0.000852420435134771,0.011069544411983,58906.3172664719
0.1,DIRECT_C81,1.225,6.46997916012901,16.234033633105,0.000908927979635292,0.0115347872809295,58909.1087236856
0.1,DIRECT_C81,1.23,6.47049390492749,16.2343572942106,0.000967781421471938,0.0120078825705967,58911.9472954236
0.1,DIRECT_C81,1.235,6.47101790366008,16.2346868763291,0.0010290195207963,0.0124885621019448,58914.8313726117
0.1,DIRECT_C81,1.24,6.47155102703794,16.235022234515,0.00109267936821417,0.0129766484002172,58917.7598904013
0.1,DIRECT_C81,1.245,6.47209314352085,16.2353632618599,0.0011587988460311,0.0134724518722553,58920.7347112335
0.1,DIRECT_C81,1.25,6.47264411934968,16.2357098768956,0.00122741640111698,0.0139757910552021,58923.7547463312
0.1,DIRECT_C81,1.255,6.47320381857939,16.2360619597115,0.00129856851859557,0.0144862399627677,58926.8174397766
0.1,DIRECT_C81,1.26,6.47377210311257,16.236419379752,0.00137229060117487,0.0150037546365649,58929.9225278194
0.1,DIRECT_C81,1.265,6.47434883273352,16.2367820127191,0.00144861763815394,0.0155281989504523,58933.0691937027
0.1,DIRECT_C81,1.27,6.47493386514282,16.2371497333227,0.00152758393354372,0.01605943492652,58936.2566095591
0.1,DIRECT_C81,1.275,6.4755270559925,16.2375224152566,0.00160922309697013,0.0165973227987894,58939.4839367927
0.1,DIRECT_C81,1.28,6.47612825892157,16.2378999306643,0.00169356801475296,0.017141697227709,58942.7501833662
0.1,DIRECT_C81,1.285,6.47673732559222,16.2382821478494,0.00178065073710964,0.0176924482240324,58946.0546893442
0.1,DIRECT_C81,1.29,6.47735410572636,16.2386689419417,0.00187050290324094,0.0182494387434851,58949.3966324609
0.1,DIRECT_C81,1.295,6.47797844714271,16.239060182699,0.00196315527212874,0.0188125048962036,58952.7750293772
0.1,DIRECT_C81,1.3,6.47861019579438,16.2394557385442,0.00205863785302139,0.0193814988601542,58956.1889931609
0.1,DIRECT_C81,1.305,6.47924919580684,16.2398554769508,0.00215697991225916,0.0199562713019681,58959.6376278118
0.1,DIRECT_C81,1.31,6.4798952895164,16.240259264458,0.00225820996583342,0.0205366714229775,58963.1200285379
0.1,DIRECT_C81,1.315,6.4805483175091,16.2406669666883,0.00236235577217174,0.0211225470035785,58966.6352820215
0.1,DIRECT_C81,1.32,6.48120811866006,16.2410784483702,0.00246944432514118,0.0217137444462558,58970.1824666775
0.1,DIRECT_C81,1.325,6.48187453017321,16.2414935733615,0.00257950184726453,0.0223101088177433,58973.7606529065
0.1,DIRECT_C81,1.33,6.48254738762149,16.2419122056572,0.00269255382171845,0.0229115178783985,58977.3691072704
0.1,DIRECT_C81,1.335,6.48322652498739,16.2423342098073,0.00280862501754093,0.0235177485551041,58981.0064913306
0.1,DIRECT_C81,1.34,6.48391177470392,16.2427594429493,0.00292773914514587,0.0241286681958748,58984.6720091752
0.1,DIRECT_C81,1.345,6.48460296769598,16.2431877658206,0.00304991927530802,0.0247441229076024,58988.3647374456
0.1,DIRECT_C81,1.35,6.48529993342203,16.2436190385197,0.00317518768109884,0.025363951596141,58992.0837095768
0.1,DIRECT_C81,1.355,6.48600249991621,16.2440531204172,0.00330356582742344,0.0259879920950166,58995.8279525701
0.1,DIRECT_C81,1.36,6.48671049383075,16.2444898701961,0.00343507436574904,0.0266160812016523,58999.5964872099
0.1,DIRECT_C81,1.365,6.48742374047875,16.2449291468018,0.00356973316413978,0.0272480963240902,59003.3885779445
0.1,DIRECT_C81,1.37,6.48814206387727,16.2453708115679,0.00370756140621591,0.0278837952954358,59007.2027717726
0.1,DIRECT_C81,1.375,6.48886528679075,16.2458147151869,0.00384857704459654,0.0285230356020225,59011.0382136121
0.1,DIRECT_C81,1.38,6.48959323077477,16.2462607140226,0.00399279742106032,0.0291656626953714,59014.8939761722
0.1,DIRECT_C81,1.385,6.49032571622004,16.2467086641438,0.0041402390499823,0.0298115086208739,59018.7690517252
0.1,DIRECT_C81,1.39,6.49106256239674,16.2471584211056,0.0042909176040144,0.030460404649407,59022.6624278964
0.1,DIRECT_C81,1.395,6.4918035874991,16.2476098399969,0.00444484791029791,0.0311121813116984,59026.5730878702
0.1,DIRECT_C81,1.4,6.49254860869026,16.2480627752233,0.00460204393674937,0.0317666564668126,59030.4999388009
0.1,DIRECT_C81,1.405,6.49329744214739,16.2485170800421,0.00476251876251635,0.0324236827168445,59034.4420963011
0.1,DIRECT_C81,1.41,6.49404990310705,16.2489726101952,0.00492628472447038,0.0330830801898134,59038.3984811389
0.1,DIRECT_C81,1.415,6.49480580591074,16.2494292193018,0.00509335323508133,0.0337446735627278,59042.3680413764
0.1,DIRECT_C81,1.42,6.49556496405076,16.2498867606766,0.00526373484267534,0.0344082902765663,59046.3497416594
0.1,DIRECT_C81,1.425,6.49632719021621,16.2503450871406,0.00543743922009621,0.0350737437930029,59050.342462758
0.1,DIRECT_C81,1.43,6.49709229633918,16.2508040496496,0.00561447509822773,0.0357408835701225,59054.3453014207
0.1,DIRECT_C81,1.435,6.49786009364118,16.2512635051665,0.00579485058383227,0.0364095447636412,59058.3572685818
0.1,DIRECT_C81,1.44,6.49863039267972,16.2517233064131,0.00597857276706452,0.0370795336633964,59062.3772019804
0.1,DIRECT_C81,1.445,6.49940300339504,16.2521833057231,0.0061656478502711,0.0377506757343635,59066.4040544062
0.1,DIRECT_C81,1.45,6.500177735157,16.2526433554772,0.00635608116224399,0.0384227960984092,59070.4367765904
0.1,DIRECT_C81,1.455,6.50095439681213,16.2531033081249,0.0065498771566339,0.0390957195855233,59074.4743175131
0.1,DIRECT_C81,1.46,6.50173279673079,16.2535630162088,0.00674703941061541,0.0397692707833883,59078.5156247003
0.1,DIRECT_C81,1.465,6.50251274285445,16.2540223317524,0.00694757059915553,0.0404432448815957,59082.5594692896
0.1,DIRECT_C81,1.47,6.50329404274308,16.2544811052226,0.00715147243785349,0.041117520961155,59086.6051257669
0.1,DIRECT_C81,1.475,6.50407650362262,16.2549391911154,0.00735874591642868,0.0417918749277035,59090.6512495662
0.1,DIRECT_C81,1.48,6.50485993243254,16.2553964431868,0.00756939110860442,0.0424661738543328,59094.697043126
0.1,DIRECT_C81,1.485,6.50564413587353,16.2558527159925,0.00778340723935814,0.0431402211500913,59098.7413269005
0.1,DIRECT_C81,1.49,6.5064289204551,16.2563078631968,0.00800079261089737,0.0438138409683759,59102.7830458103
0.1,DIRECT_C81,1.495,6.50721409254342,16.2567617387869,0.00822154464636204,0.0444868575363984,59106.8211452184
0.1,DIRECT_C81,1.5,6.50799945840901,16.2572141971045,0.00844565989030839,0.0451590952010328,59110.8545712062
0.1,DIRECT_C81,1.505,6.5087848242746,16.2576650928783,0.00867313400942069,0.0458303784741041,59114.8822708446
0.1,DIRECT_C81,1.51,6.50956999636291,16.2581142848294,0.00890396193986578,0.046500571672583,59118.9034300355
0.1,DIRECT_C81,1.515,6.51035478094449,16.2585616256825,0.00913813750281735,0.0471694214687393,59122.9165288124
0.1,DIRECT_C81,1.52,6.51113898438547,16.2590069703267,0.00937565368957246,0.0478367921919514,59126.9207531517
0.1,DIRECT_C81,1.525,6.5119224131954,16.2594501754848,0.00961650266849478,0.0485025093967604,59130.9150563806
0.1,DIRECT_C81,1.53,6.51270487407493,16.2598910984131,0.00986067573670202,0.0491663990369968,59134.898394222
0.1,DIRECT_C81,1.535,6.51348617396356,16.26032959694,0.0101081633221645,0.0498282875066849,59138.8697250401
0.1,DIRECT_C81,1.54,6.51426612008722,16.2607655295085,0.0103589549861617,0.0504880018621243,59142.8280111727
0.1,DIRECT_C81,1.545,6.51504452000589,16.2611987552456,0.0106130394271556,0.0511453695636437,59146.7722173819
0.1,DIRECT_C81,1.55,6.51582118166102,16.2616291339222,0.0108704044805702,0.051800218310877,59150.7013098653
0.1,DIRECT_C81,1.555,6.51659591342298,16.2620565260233,0.0111310371228106,0.0524523766786285,59154.6142600718
0.1,DIRECT_C81,1.56,6.51736852413829,16.2624808207022,0.0113949246102716,0.0531021030044609,59158.5126180268
0.1,DIRECT_C81,1.565,6.51813882317683,16.2629018889849,0.0116620527979026,0.0537486533500715,59162.3919201004
0.1,DIRECT_C81,1.57,6.51890662047883,16.2633195732448,0.0119324054845552,0.0543917969354712,59166.2507816128
0.1,DIRECT_C81,1.575,6.5196717266018,16.263733706627,0.0122059650654825,0.0550314625815336,59170.0887754892
0.1,DIRECT_C81,1.58,6.52043395276725,16.2641441547601,0.0124827142230545,0.055667599507732,59173.9055970464
0.1,DIRECT_C81,1.585,6.52119311090728,16.2645507876684,0.0127626349592439,0.0563000670029759,59177.7004020179
0.1,DIRECT_C81,1.59,6.52194901371097,16.2649534755815,0.0130457084432473,0.0569286697894373,59181.4720187366
0.1,DIRECT_C81,1.595,6.52270147467062,16.2653520914787,0.0133319151054981,0.057553316791271,59185.2199007476
0.1,DIRECT_C81,1.6,6.52345030812775,16.2657465096091,0.0136212346071795,0.0581737715276631,59188.942629166
0.1,DIRECT_C81,1.605,6.52419532931891,16.266136597709,0.0139136455089431,0.0587898277980852,59192.6389667885
0.1,DIRECT_C81,1.61,6.52493635442127,16.2665222166672,0.0142091252162549,0.0594012733151601,59196.307639891
0.1,DIRECT_C81,1.615,6.52567320059797,16.2669032347608,0.0145076505160044,0.0600080716918221,59199.9484301509
0.1,DIRECT_C81,1.62,6.52640568604324,16.2672795336273,0.0148091978882448,0.060610072405364,59203.5604344322
0.1,DIRECT_C81,1.625,6.52713363002726,16.2676509887054,0.0151137427683798,0.0612070350206189,59207.1422101237
0.1,DIRECT_C81,1.63,6.52785685294075,16.2680174725132,0.0154212596289228,0.0617988385489898,59210.6930312939
0.1,DIRECT_C81,1.635,6.52857517633926,16.2683788621778,0.0157317222834425,0.0623853267601806,59214.2119605611
0.1,DIRECT_C81,1.64,6.52928842298726,16.268735036016,0.0160451037672731,0.0629663446502153,59217.6980679013
0.1,DIRECT_C81,1.645,6.5299964169018,16.269085873563,0.0163613763435484,0.0635417378554308,59221.1504271326
0.1,DIRECT_C81,1.65,6.53069898339598,16.2694312553871,0.0166805115004375,0.0641113522651136,59224.5681135907
0.1,DIRECT_C81,1.655,6.53139594912204,16.2697710635731,0.017002479974796,0.0646750399263123,59227.9502395579
0.1,DIRECT_C81,1.66,6.53208714211409,16.27010518171,0.0173272517589599,0.0652326515202901,59231.2959091217
0.1,DIRECT_C81,1.665,6.53277239183063,16.2704334867102,0.0176547957749621,0.0657839075578472,59234.6034453471
0.1,DIRECT_C81,1.67,6.53345152919653,16.2707558586874,0.0179850802157244,0.0663287994184376,59237.8727965106
0.1,DIRECT_C81,1.675,6.5341243866448,16.2710721892028,0.0183180729316473,0.0668672113632205,59241.1032681793
0.1,DIRECT_C81,1.68,6.53479079815796,16.2713823795212,0.0186537414168521,0.0673990638468993,59244.2943830814
0.1,DIRECT_C81,1.685,6.53545059930891,16.2716863247078,0.0189920522165542,0.067924113945077,59247.4446836705
0.1,DIRECT_C81,1.69,6.53610362730161,16.2719839160667,0.019332970970489,0.0684422225808365,59250.553335485
0.1,DIRECT_C81,1.695,6.53674972101117,16.2722750467228,0.0196764626269447,0.0689532522628582,59253.6195135771
0.1,DIRECT_C81,1.7,6.53738872102363,16.2725596116019,0.0200224914508448,0.0694570671461587,59256.642402877
0.1,DIRECT_C81,1.705,6.5380204696753,16.2728375074205,0.020371021032119,0.0699535330870873,59259.6211985225
0.1,DIRECT_C81,1.71,6.53864481109166,16.2731086326823,0.0207220142943382,0.0704425176936319,59262.5551061618
0.1,DIRECT_C81,1.715,6.53926159122579,16.2733728876803,0.0210754335035896,0.070923890371958,59265.4433422317
0.1,DIRECT_C81,1.72,6.53987065789644,16.2736301745034,0.021431240277578,0.0713975223697805,59268.2851342187
0.1,DIRECT_C81,1.725,6.54047186082552,16.2738803970462,0.0217893955949361,0.0718632868172335,59271.0797209034
0.1,DIRECT_C81,1.73,6.54106505167519,16.2741234610214,0.0221498598047342,0.0723210587654997,59273.826352593
0.1,DIRECT_C81,1.735,6.5416500840845,16.274359274466,0.022512592655131,0.0727707376828217,59276.5244260969
0.1,DIRECT_C81,1.74,6.54222681370544,16.2745877522029,0.0228775534939521,0.0732122185149908,59279.1733110899
0.1,DIRECT_C81,1.745,6.54279509823862,16.2748088056258,0.0232447008856841,0.0736453394132912,59281.7720364797
0.1,DIRECT_C81,1.75,6.54335479746833,16.2750223464847,0.0236139927395166,0.0740699842362034,59284.3199054172
0.1,DIRECT_C81,1.755,6.54390577329717,16.2752282887119,0.023985386388565,0.0744860385681587,59286.816231409
0.1,DIRECT_C81,1.76,6.54444788978008,16.2754265450832,0.0243588384655769,0.0748933378884598,59289.2600273307
0.1,DIRECT_C81,1.765,6.54498101315794,16.2756170315544,0.0247343050638322,0.0752918288194078,59291.6509729164
0.1,DIRECT_C81,1.77,6.54550501189053,16.275799669508,0.02511174186043,0.0756813930352358,59293.9883582114
0.1,DIRECT_C81,1.775,6.54601975668901,16.2759743787515,0.0254911038524695,0.0760618965113213,59296.2713790679
0.1,DIRECT_C81,1.78,6.5465251205478,16.2761410836239,0.0258723455945206,0.0764332758259911,59298.4996549559
0.1,DIRECT_C81,1.785,6.54702097877592,16.2762997123639,0.0262554212059582,0.0767954254091414,59300.6725524548
0.1,DIRECT_C81,1.79,6.54750720902779,16.276450189363,0.0266402840711445,0.0771481817750708,59302.7890906504
0.1,DIRECT_C81,1.795,6.54798369133336,16.2765924479021,0.02702688733034,0.0774915486624668,59304.8492919748
0.1,DIRECT_C81,1.8,6.54845030812775,16.2767264233931,0.0274151836707267,0.07782539860459,59306.8523916275
0.1,DIRECT_C81,1.805,6.54890694428026,16.2768520521064,0.0278051252740066,0.0781496385946436,59308.7978315679
0.1,DIRECT_C81,1.81,6.54935348712274,16.2769692721528,0.0281966638631823,0.0784641781579634,59310.6850689478
0.1,DIRECT_C81,1.815,6.54978982647742,16.2770780236159,0.0285897507176792,0.0787689322956062,59312.5135937736
0.1,DIRECT_C81,1.82,6.55021585468411,16.2771782506672,0.0289843367709657,0.079063841220183,59314.2830473211
0.1,DIRECT_C81,1.825,6.55063146662671,16.2772698983014,0.0293803725035067,0.0793487905364874,59315.9927432189
0.1,DIRECT_C81,1.83,6.5510365597592,16.277352914112,0.0297778080111871,0.0796237496511534,59317.6424979069
0.1,DIRECT_C81,1.835,6.55143103413092,16.2774272503029,0.0301765931153431,0.0798886040448199,59319.2316242689
0.1,DIRECT_C81,1.84,6.5518147924112,16.277492855186,0.0305766770279093,0.0801432609342854,59320.7595656057
0.1,DIRECT_C81,1.845,6.55218773991344,16.2775496792944,0.0309780085812284,0.0803876486522999,59322.2258919138
0.1,DIRECT_C81,1.85,6.55254978461843,16.2775976757069,0.0313805362551942,0.0806216978970582,59323.6301873823
0.1,DIRECT_C81,1.855,6.55290083719704,16.2776367999882,0.0317842081892272,0.0808453417899369,59324.9720507396
0.1,DIRECT_C81,1.86,6.55324081103231,16.2776670101443,0.0321889721945166,0.0810585159244752,59326.2510955468
0.1,DIRECT_C81,1.865,6.55356962224078,16.2776882665876,0.0325947757664876,0.0812611584080933,59327.4669504486
0.1,DIRECT_C81,1.87,6.55388718969321,16.2777005321115,0.0330015660974633,0.0814532098980081,59328.619259388
0.1,DIRECT_C81,1.875,6.55419343503457,16.2777037718717,0.0334092900894929,0.081634613632362,59329.7076817942
0.1,DIRECT_C81,1.88,6.55448828270342,16.2776979526772,0.0338178943393446,0.0818053003056054,59330.7318018336
0.1,DIRECT_C81,1.885,6.5547716599505,16.2776830428528,0.0342273251391316,0.0819652296696365,59331.6913780178
0.1,DIRECT_C81,1.89,6.55504349685672,16.2776590150905,0.0346375286058169,0.0821143591295943,59332.5861547776
0.1,DIRECT_C81,1.895,6.55530372635038,16.2776258444194,0.0350484506226333,0.0822526423292089,59333.4158539753
0.1,DIRECT_C81,1.9,6.55555228422377,16.2775835081642,0.0354600368504924,0.0823800364255796,59334.1802185535
0.1,DIRECT_C81,1.905,6.55578910914892,16.2775319858445,0.0358722327372744,0.0824964993367647,59334.8789960206
0.1,DIRECT_C81,1.91,6.55601414269285,16.2774712591729,0.036284983530372,0.0826019928478665,59335.5119570872
0.1,DIRECT_C81,1.915,6.5562273293319,16.2774013121332,0.0366982342928091,0.0826964812951587,59336.078887771
0.1,DIRECT_C81,1.92,6.55642861646544,16.2773221304174,0.0371119298936626,0.0827799232741331,59336.5795396448
0.1,DIRECT_C81,1.925,6.55661795442889,16.2772337022155,0.0375260150490991,0.0828522983807964,59337.0137902848
0.1,DIRECT_C81,1.93,6.55679529650595,16.2771360186078,0.0379404343554221,0.0829135793469469,59337.3814760817
0.1,DIRECT_C81,1.935,6.5569605989401,16.2770290729389,0.0383551322796028,0.0829637417078217,59337.6824502469
0.1,DIRECT_C81,1.94,6.55711382094544,16.2769128608304,0.0387700531732972,0.0830027638020017,59337.916582812
0.1,DIRECT_C81,1.945,6.55725492471675,16.276787380192,0.0391851412868633,0.0830306267719454,59338.0837606317
0.1,DIRECT_C81,1.95,6.55738387543876,16.2766526312286,0.0396003407833832,0.0830473145648494,59338.1838873891
0.1,DIRECT_C81,1.955,6.55750064129483,16.2765086164462,0.0400155957526886,0.0830528139336231,59338.2168836017
0.1,DIRECT_C81,1.96,6.55760519347473,16.2763553406559,0.0404308502253921,0.0830471144378606,59338.1826866272
0.1,DIRECT_C81,1.965,6.55769750618177,16.2761928109764,0.0408460481869228,0.0830302084445513,59338.0812506673
0.1,DIRECT_C81,1.97,6.55777755663916,16.2760210370452,0.0412611335999757,0.0830020964843552,59337.9125789061
0.1,DIRECT_C81,1.975,6.55784532509566,16.2758400312318,0.0416760504297466,0.0829627727546018,59337.6766365276
0.1,DIRECT_C81,1.98,6.55790079483042,16.2756498073019,0.0420907426042238,0.0829122347755611,59337.3734086534
0.1,DIRECT_C81,1.985,6.55794395215711,16.2754503813253,0.042505154060398,0.0828504863020374,59337.0029178122
0.1,DIRECT_C81,1.99,6.55797478642729,16.2752417717325,0.0429192287609637,0.0827775338617407,59336.5652031704
0.1,DIRECT_C81,1.995,6.55799329003309,16.2750239992983,0.0433329107081963,0.0826933867599706,59336.0603205598
0.1,DIRECT_C81,2,6.55799945840901,16.2747970871285,0.0437461439578477,0.08259805708229,59335.4883424937
0.1,DIRECT_C81,2.005,6.55799329003309,16.2745610606465,0.0441588726330507,0.0824915596954767,59334.8493581729
0.1,DIRECT_C81,2.01,6.55797478642729,16.2743159475819,0.0445710409382239,0.0823739122469362,59334.1434734816
0.1,DIRECT_C81,2.015,6.55794395215711,16.274061777959,0.0449825931729708,0.0822451351627471,59333.3708109765
0.1,DIRECT_C81,2.02,6.55790079483042,16.2737985840858,0.0453934737459657,0.0821052516445064,59332.531509867
0.1,DIRECT_C81,2.025,6.55784532509566,16.2735264005428,0.0458036271888208,0.0819542876650399,59331.6257259902
0.1,DIRECT_C81,2.03,6.55777755663916,16.2732452641731,0.0462129981699296,0.0817922719630726,59330.6536317784
0.1,DIRECT_C81,2.035,6.55769750618177,16.2729552139342,0.0466215315030339,0.081619229841122,59329.6153790467
0.1,DIRECT_C81,2.04,6.55760519347473,16.2726562899168,0.0470291721187852,0.081435195178992,59328.511171074
0.1,DIRECT_C81,2.045,6.55750064129483,16.2723485358017,0.047435865174574,0.0812402122153113,59327.3412732919
0.1,DIRECT_C81,2.05,6.55738387543876,16.272031997628,0.0478415560267111,0.0810343205366504,59326.1059232199
0.1,DIRECT_C81,2.055,6.55725492471675,16.2717067235859,0.0482461902363369,0.0808175624854108,59324.8053749125
0.1,DIRECT_C81,2.06,6.55711382094544,16.2713727640154,0.0486497135831585,0.080589983143172,59323.439898859
0.1,DIRECT_C81,2.065,6.5569605989401,16.2710301714019,0.0490520720791051,0.0803516303145013,59322.009781887
0.1,DIRECT_C81,2.07,6.55679529650595,16.2706790003699,0.0494532119819031,0.0801025545110683,59320.5153270664
0.1,DIRECT_C81,2.075,6.55661795442889,16.2703193076744,0.0498530798085719,0.0798428089358065,59318.9568536148
0.1,DIRECT_C81,2.08,6.55642861646544,16.269951152191,0.0502516223488409,0.0795724494670544,59317.3346968023
0.1,DIRECT_C81,2.085,6.5562273293319,16.2695745949048,0.050648786678486,0.0792915346424081,59315.6492078544
0.1,DIRECT_C81,2.09,6.55601414269285,16.2691896988973,0.0510445201725852,0.0790001256423825,59313.9007538543
0.1,DIRECT_C81,2.095,6.55578910914892,16.268796529333,0.0514387705186915,0.078698286273621,59312.0897176417
0.1,DIRECT_C81,2.1,6.55555228422377,16.268395153445,0.0518314857299208,0.0783860829517238,59310.2164977103
0.1,DIRECT_C81,2.105,6.55530372635038,16.2679856405191,0.0522226141579527,0.0780635846835747,59308.2815081014
0.1,DIRECT_C81,2.11,6.55504349685672,16.2675680618779,0.0526121045059414,0.0777308630491582,59306.2851782949
0.1,DIRECT_C81,2.115,6.5547716599505,16.2671424908636,0.0529999058413354,0.0773879921828868,59304.2279530973
0.1,DIRECT_C81,2.12,6.55448828270342,16.266709007278,0.0533859677888662,0.0770351328984589,59302.1107973907
0.1,DIRECT_C81,2.125,6.55419343503457,16.2662676951208,0.0537702404933313,0.0766722958218899,59299.9337749313
0.1,DIRECT_C81,2.13,6.55388718969321,16.2658186320397,0.0541526741926663,0.0762995447982497,59297.6972687895
0.1,DIRECT_C81,2.135,6.55356962224078,16.265361897643,0.0545332195287992,0.0759169648666109,59295.4017891997
0.1,DIRECT_C81,2.14,6.55324081103231,16.2648975737964,0.0549118275745055,0.0755246433306365,59293.0478599838
0.1,DIRECT_C81,2.145,6.55290083719704,16.2644257445343,0.0552884498447769,0.0751226697750038,59290.63601865
0.1,DIRECT_C81,2.15,6.55254978461843,16.2639464959838,0.0556630383082486,0.0747111360733594,59288.1668164402
0.1,DIRECT_C81,2.155,6.55218773991344,16.2634599163,0.0560355453986503,0.0742901363893047,59285.6408183358
0.1,DIRECT_C81,2.16,6.5518147924112,16.2629660956098,0.0564059240262452,0.0738597671717276,59283.0586030304
0.1,DIRECT_C81,2.165,6.55143103413092,16.2624651259621,0.056774127589236,0.073420127145587,59280.4207628735
0.1,DIRECT_C81,2.17,6.5510365597592,16.2619571012829,0.0571401099851142,0.0729713172989737,59277.7279037938
0.1,DIRECT_C81,2.175,6.55063146662671,16.2614421173351,0.0575038256219363,0.072513440867036,59274.9806452022
0.1,DIRECT_C81,2.18,6.55021585468411,16.2609202716808,0.0578652294295139,0.0720466033133373,59272.17961988
0.1,DIRECT_C81,2.185,6.54978982647742,16.2603916636461,0.058224276870505,0.0715709123091717,59269.325473855
0.1,DIRECT_C81,2.19,6.54935348712274,16.2598563942881,0.0585809239513958,0.0710864777108782,59266.4188662653
0.1,DIRECT_C81,2.195,6.54890694428026,16.2593145661236,0.0589351272241616,0.0705934006362288,59263.4604038174
0.1,DIRECT_C81,2.2,6.54845030812775,16.2587662794335,0.0592868436432284,0.0700917630255926,59260.4505781536
0.1,DIRECT_C81,2.205,6.54798369133336,16.258211639017,0.0596360308284183,0.0695817264695933,59257.3903588176
0.1,DIRECT_C81,2.21,6.54750720902779,16.2576507536119,0.0599826470784809,0.0690634087251443,59254.2804523509
0.1,DIRECT_C81,2.215,6.54702097877592,16.2570837341704,0.0603266513199432,0.0685369606261936,59251.1217637572
0.1,DIRECT_C81,2.22,6.5465251205478,16.2565106916711,0.0606680030424646,0.0680024024071813,59247.9144144431
0.1,DIRECT_C81,2.225,6.54601975668901,16.2559317334487,0.0610066621267181,0.0674599281422257,59244.6595688533
0.1,DIRECT_C81,2.23,6.54550501189053,16.2553469746763,0.0613425893188529,0.0669096666047633,59241.3579996286
0.1,DIRECT_C81,2.235,6.54498101315794,16.2547565297292,0.0616757459186897,0.0663517064822727,59238.0102388936
0.1,DIRECT_C81,2.24,6.54444788978008,16.2541605130276,0.0620060938040485,0.0657862089929679,59234.6172539578
0.1,DIRECT_C81,2.245,6.54390577329717,16.2535590442329,0.0623335956559181,0.0652133150433336,59231.17989026
0.1,DIRECT_C81,2.25,6.54335479746833,16.2529522442262,0.0626582148240507,0.064633157786643,59227.6989467199
0.1,DIRECT_C81,2.255,6.54279509823862,16.2523402366911,0.0629799153997358,0.0640459021151294,59224.1754126908
0.1,DIRECT_C81,2.26,6.54222681370544,16.2517231463706,0.0632986621683471,0.0634516561786906,59220.6099370721
0.1,DIRECT_C81,2.265,6.5416500840845,16.2511010967382,0.0636144205149037,0.0628505565680051,59217.003339408
0.1,DIRECT_C81,2.27,6.54106505167519,16.2504742193294,0.0639271567994382,0.0622428862975273,59213.3573177852
0.1,DIRECT_C81,2.275,6.54047186082552,16.2498426535791,0.0642368384287566,0.0616286854641785,59209.6721127851
0.1,DIRECT_C81,2.28,6.53987065789644,16.2492065233803,0.064543432908735,0.0610080510004671,59205.9483060028
0.1,DIRECT_C81,2.285,6.53926159122579,16.2485659535938,0.0648469084398425,0.0603811305422326,59202.1867832534
0.1,DIRECT_C81,2.29,6.53864481109166,16.2479210708947,0.0651472339636095,0.0597480728868849,59198.3884373213
0.1,DIRECT_C81,2.295,6.5380204696753,16.2472720035973,0.0654443791685503,0.0591090280364437,59194.5541682187
0.1,DIRECT_C81,2.3,6.53738872102363,16.2466188812166,0.065738314484963,0.0584641338528584,59190.6848031172
0.1,DIRECT_C81,2.305,6.53674972101117,16.2459618258381,0.0660290107459998,0.057813346574811,59186.7800794489
0.1,DIRECT_C81,2.31,6.53610362730161,16.2453009313508,0.0663164382535663,0.0571567769280872,59182.8406615685
0.1,DIRECT_C81,2.315,6.53545059930891,16.2446363357268,0.0666005696094812,0.056494889701888,59178.8693382113
0.1,DIRECT_C81,2.32,6.53479079815796,16.2439681829917,0.0668813784501054,0.0558277877080791,59174.8667262485
0.1,DIRECT_C81,2.325,6.5341243866448,16.2432966092886,0.0671588388817367,0.0551555611850176,59170.8333671101
0.1,DIRECT_C81,2.33,6.53345152919653,16.2426217524106,0.0674329258245175,0.054478398307646,59166.7703898459
0.1,DIRECT_C81,2.335,6.53277239183063,16.2419437496807,0.0677036149432204,0.0537964780240525,59162.6788681443
0.1,DIRECT_C81,2.34,6.53208714211409,16.2412627456625,0.0679708829677325,0.0531099845134655,59158.5599070808
0.1,DIRECT_C81,2.345,6.53139594912204,16.2405788763564,0.0682347070912572,0.0524189479543349,59154.413687726
0.1,DIRECT_C81,2.35,6.53069898339599,16.2398922804181,0.0684950653592351,0.0517236688183456,59150.2420129101
0.1,DIRECT_C81,2.355,6.5299964169018,16.2392031049764,0.068751936958336,0.0510243062486051,59146.0458374916
0.1,DIRECT_C81,2.36,6.52928842298726,16.2385114962536,0.0690053018702569,0.0503210220707437,59141.8261324245
0.1,DIRECT_C81,2.365,6.52857517633926,16.2378176004234,0.0692551409042487,0.0496139824040984,59137.5838944246
0.1,DIRECT_C81,2.37,6.52785685294075,16.2371215635087,0.0695014356952939,0.0489033524364828,59133.3201146189
0.1,DIRECT_C81,2.375,6.52713363002726,16.2364235342916,0.0697441688207977,0.0481893863971443,59129.0363183829
0.1,DIRECT_C81,2.38,6.52640568604324,16.2357236720258,0.0699833241563398,0.0474722204527964,59124.7333227168
0.1,DIRECT_C81,2.385,6.52567320059797,16.2350221204688,0.0702188858530394,0.0467519592913614,59120.4117557482
0.1,DIRECT_C81,2.39,6.52493635442127,16.2343190233971,0.0704508388837575,0.0460287991020465,59116.0727946123
0.1,DIRECT_C81,2.395,6.52419532931891,16.2336145309439,0.0706791693176709,0.0453029147107671,59111.7174882646
0.1,DIRECT_C81,2.4,6.52345030812775,16.2329087824405,0.0709038636494189,0.0445744047369505,59107.3464284217
0.1,DIRECT_C81,2.405,6.52270147467062,16.232201921247,0.0711249093407855,0.0438434872645868,59102.9609235875
0.1,DIRECT_C81,2.41,6.52194901371097,16.2314940932485,0.0713422947953298,0.0431103455445712,59098.5620732674
0.1,DIRECT_C81,2.415,6.52119311090728,16.2307854505671,0.0715560095253197,0.0423752186379662,59094.1513118278
0.1,DIRECT_C81,2.42,6.52043395276725,16.2300761422661,0.0717660438184552,0.0416381999265152,59089.7291995591
0.1,DIRECT_C81,2.425,6.5196717266018,16.2293663131,0.0719723886541473,0.0408994648083567,59085.2967888501
0.1,DIRECT_C81,2.43,6.51890662047883,16.2286561084129,0.072175035889183,0.040159188838027,59080.8551330282
0.1,DIRECT_C81,2.435,6.51813882317683,16.2279456738044,0.0723739782505533,0.0394175382836508,59076.4052297019
0.1,DIRECT_C81,2.44,6.51736852413829,16.2272351485869,0.0725692090712346,0.0386745997292941,59071.9475983758
0.1,DIRECT_C81,2.445,6.51659591342298,16.2265246670358,0.072760722296364,0.0379305233805702,59067.4831402834
0.1,DIRECT_C81,2.45,6.51582118166102,16.2258144019571,0.0729485142313511,0.0371861234869275,59063.0167409216
0.1,DIRECT_C81,2.455,6.51504452000589,16.225104528351,0.0731325823904178,0.036441043061215,59058.5462583673
0.1,DIRECT_C81,2.46,6.51426612008722,16.2243951856304,0.0733129238223126,0.0356954625181096,59054.0727751087
0.1,DIRECT_C81,2.465,6.51348617396356,16.2236865130253,0.0734895364097379,0.0349495078840452,59049.5970473043
0.1,DIRECT_C81,2.47,6.51270487407493,16.2229786485253,0.0736624188105166,0.0342034812457896,59045.1208874747
0.1,DIRECT_C81,2.475,6.5119224131954,16.2222717490471,0.073831571316041,0.0334575420252108,59040.6452521513
0.1,DIRECT_C81,2.48,6.51113898438547,16.2215659572284,0.073996994577435,0.0327118132737176,59036.1708796423
0.1,DIRECT_C81,2.485,6.51035478094449,16.220861415305,0.0741586900932181,0.0319664733571106,59031.6988401427
0.1,DIRECT_C81,2.49,6.50956999636291,16.2201582660543,0.0743166602522493,0.0312217000561059,59027.2302003366
0.1,DIRECT_C81,2.495,6.5087848242746,16.2194566527996,0.0744709083391155,0.0304776803046085,59022.7660818276
0.1,DIRECT_C81,2.5,6.50799945840901,16.2187567248335,0.0746214387631582,0.0297346568513355,59018.307941108
0.1,DIRECT_C81,2.505,6.50721409254342,16.2180586281658,0.074768256725533,0.028992725068699,59013.8563504122
0.1,DIRECT_C81,2.51,6.5064289204551,16.2173625041021,0.0749113681269702,0.0282520617866062,59009.4123707196
0.1,DIRECT_C81,2.515,6.50564413587353,16.2166684941308,0.07505077975058,0.0275128431341081,59004.9770588047
0.1,DIRECT_C81,2.52,6.50485993243254,16.2159767397543,0.0751864992584362,0.0267752445716436,59000.5514674299
0.1,DIRECT_C81,2.525,6.50407650362262,16.2152873823469,0.0753185351882809,0.0260394409077911,58996.1366454467
0.1,DIRECT_C81,2.53,6.50329404274308,16.2146005625342,0.075446896930924,0.0253055833660945,58991.7335001966
0.1,DIRECT_C81,2.535,6.50251274285445,16.2139164150561,0.0755715945122405,0.0245738211294775,58987.3429267769
0.1,DIRECT_C81,2.54,6.50173279673079,16.2132350709389,0.0756926386572835,0.0238441976853174,58982.9651861119
0.1,DIRECT_C81,2.545,6.50095439681213,16.2125566544673,0.0758100406180215,0.0231170179276976,58978.6021075662
0.1,DIRECT_C81,2.55,6.500177735157,16.2118813105235,0.0759238132977295,0.0223925131114946,58974.255078669
0.1,DIRECT_C81,2.555,6.49940300339504,16.2112091832705,0.0760339704902879,0.0216708509017316,58969.9251054104
0.1,DIRECT_C81,2.56,6.49863039267972,16.2105404150889,0.0761405268297281,0.020952201282757,58965.6132076965
0.1,DIRECT_C81,2.565,6.49786009364118,16.209875156315,0.0762434981784891,0.0202368788790306,58961.3212732742
0.1,DIRECT_C81,2.57,6.49709229633918,16.2092135525601,0.0763429011806212,0.0195248906524625,58957.0493439148
0.1,DIRECT_C81,2.575,6.49632719021621,16.2085557392282,0.0764387529716155,0.0188164565320008,58952.798739192
0.1,DIRECT_C81,2.58,6.49556496405076,16.2079018674518,0.0765310722097415,0.0181118670993481,58948.5712025961
0.1,DIRECT_C81,2.585,6.49480580591074,16.2072520725797,0.0766198778965346,0.0174109560243743,58944.3657361462
0.1,DIRECT_C81,2.59,6.49404990310705,16.2066064430093,0.0767051879378109,0.0167137429867577,58940.1824579205
0.1,DIRECT_C81,2.595,6.49329744214739,16.2059651033131,0.0767870223063127,0.0160207133789996,58936.024280274
0.1,DIRECT_C81,2.6,6.49254860869026,16.2053281903037,0.0768654023202491,0.0153320297261583,58931.8921783569
0.1,DIRECT_C81,2.605,6.4918035874991,16.2046958437647,0.0769403503086391,0.0146479263244235,58927.7875579465
0.1,DIRECT_C81,2.61,6.49106256239674,16.2040681993115,0.0770118893499749,0.0139684773262196,58923.7108639573
0.1,DIRECT_C81,2.615,6.49032571622004,16.2034453855266,0.0770800431132435,0.0132938413464672,58919.6630480788
0.1,DIRECT_C81,2.62,6.48959323077477,16.2028275295972,0.0771448360578471,0.0126241759250778,58915.6450555505
0.1,DIRECT_C81,2.625,6.48886528679075,16.2022147569912,0.0772062934150018,0.0119596219809655,58911.6577318858
0.1,DIRECT_C81,2.63,6.48814206387727,16.2016071880225,0.0772644410352112,0.0113003176645154,58907.7019059871
0.1,DIRECT_C81,2.635,6.48742374047875,16.201004945096,0.0773193056584023,0.0106464403768438,58903.7786422611
0.1,DIRECT_C81,2.64,6.48671049383075,16.2004081413983,0.0773709144692416,0.00999802778161829,58899.8881666897
0.1,DIRECT_C81,2.645,6.48600249991621,16.1998168932254,0.0774192955311173,0.00935536236388934,58896.0321741833
0.1,DIRECT_C81,2.65,6.48529993342203,16.1992313181692,0.0774644777617893,0.00871852379119353,58892.2111427472
0.1,DIRECT_C81,2.655,6.48460296769598,16.1986515338763,0.0775064908686927,0.00808773694608078,58888.4264216765
0.1,DIRECT_C81,2.66,6.48391177470392,16.1980776605861,0.077545365472498,0.00746314648422697,58884.6788789054
0.1,DIRECT_C81,2.665,6.48322652498739,16.1975098227966,0.0775811331817888,0.00684501273457983,58880.9700764075
0.1,DIRECT_C81,2.67,6.48254738762149,16.1969481436675,0.0776138264118573,0.00623336307804045,58877.3001784682
0.1,DIRECT_C81,2.675,6.48187453017321,16.1963927297624,0.077643477723362,0.0056282736393829,58873.6696418363
0.1,DIRECT_C81,2.68,6.48120811866006,16.1958436882003,0.0776701204326853,0.00502994535311529,58870.0796721187
0.1,DIRECT_C81,2.685,6.4805483175091,16.1953011281633,0.0776937886928511,0.00443851685998808,58866.5311011599
0.1,DIRECT_C81,2.69,6.4798952895164,16.1947651571001,0.0777145173460665,0.00385412518337525,58863.0247511003
0.1,DIRECT_C81,2.695,6.47924919580684,16.1942358807324,0.0777323419155036,0.00327690567793404,58859.5614340676
0.1,DIRECT_C81,2.7,6.47861019579438,16.1937134030552,0.0777472985968371,0.00270699198236457,58856.1419518942
0.1,DIRECT_C81,2.705,6.47797844714271,16.1931978263316,0.0777594242495538,0.00214451597573451,58852.7670958544
0.1,DIRECT_C81,2.71,6.47735410572636,16.1926892510845,0.0777687563880505,0.00158960773657135,58849.4376464194
0.1,DIRECT_C81,2.715,6.47673732559222,16.1921877760847,0.077775333172535,0.00104239550432972,58846.154373026
0.1,DIRECT_C81,2.72,6.47612825892157,16.1916934987137,0.0777791934142465,0.000503022835335543,58842.918137012
0.1,DIRECT_C81,2.725,6.4755270559925,16.1912065195359,0.0777803767600395,-2.83546388626377e-05,58839.7298721668
0.1,DIRECT_C81,2.73,6.47493386514282,16.1907269333707,0.0777789233466598,-0.000551646606041345,58836.5901203637
0.1,DIRECT_C81,2.735,6.47434883273352,16.1902548350128,0.0777748739992856,-0.00106672286159792,58833.4996628304
0.1,DIRECT_C81,2.74,6.47377210311257,16.1897903128997,0.0777682699746087,-0.00157349780223015,58830.4590131866
0.1,DIRECT_C81,2.745,6.47320381857939,16.1893334528423,0.0777591530743037,-0.00207185377460917,58827.4688773523
0.1,DIRECT_C81,2.75,6.47264411934968,16.188884339213,0.0777475656825246,-0.00256167543582997,58824.529947385
0.1,DIRECT_C81,2.755,6.47209314352085,16.1884430482124,0.07773355048527,-0.00304295652197695,58821.6422608681
0.1,DIRECT_C81,2.76,6.47155102703794,16.188009658858,0.0777171508499117,-0.00351535358608857,58818.8078784835
0.1,DIRECT_C81,2.765,6.47101790366008,16.1875842816476,0.0776984120726533,-0.00397866070990283,58816.0280357406
0.1,DIRECT_C81,2.77,6.47049390492749,16.1871670020201,0.0776773792268713,-0.00443298153808058,58813.3021107715
0.1,DIRECT_C81,2.775,6.46997916012901,16.1867578899113,0.077654097377523,-0.00487824448478236,58810.6305330913
0.1,DIRECT_C81,2.78,6.46947379627022,16.1863570111275,0.0776286119741285,-0.00531438931534822,58808.0136641079
0.1,DIRECT_C81,2.785,6.46897793804209,16.1859644273552,0.0776009688242063,-0.00574132167719377,58805.4520699368
0.1,DIRECT_C81,2.79,6.46849170779022,16.1855802049997,0.0775712144334309,-0.00615884433865688,58802.9469339681
0.1,DIRECT_C81,2.795,6.46801522548465,16.1852044198611,0.0775393962446661,-0.0065668519425337,58800.4988883448
0.1,DIRECT_C81,2.8,6.46754860869026,16.1848371370868,0.077505561859461,-0.00696530753521429,58798.1081547887
0.1,DIRECT_C81,2.805,6.46709197253776,16.184478418391,0.0774697592672829,-0.00735411979760592,58795.7752812144
0.1,DIRECT_C81,2.81,6.46664542969528,16.1841283239219,0.0774320369075399,-0.00773320006480382,58793.5007996112
0.1,DIRECT_C81,2.815,6.46620909034059,16.1837869121404,0.0773924436564129,-0.00810246228698475,58791.2852262781
0.1,DIRECT_C81,2.82,6.46578306213391,16.1834542397208,0.0773510288138533,-0.0084618230019764,58789.1290619881
0.1,DIRECT_C81,2.825,6.4653674501913,16.1831303614699,0.0773078420906939,-0.00881120131709423,58787.0327920974
0.1,DIRECT_C81,2.83,6.46496235705881,16.1828153302606,0.0772629335958306,-0.00915051889823282,58784.9968866106
0.1,DIRECT_C81,2.835,6.4645678826871,16.1825091969759,0.0772163538234461,-0.00947969996441955,58783.0218002135
0.1,DIRECT_C81,2.84,6.46418412440681,16.1822120104635,0.0771681536402477,-0.00979867128678968,58781.1079722793
0.1,DIRECT_C81,2.845,6.46381117690457,16.181923817497,0.0771183842727025,-0.0101073621908281,58779.255826855
0.1,DIRECT_C81,2.85,6.46344913219959,16.1816446627431,0.0770670972942551,-0.0104057045610855,58777.4657726335
0.1,DIRECT_C81,2.855,6.46309807962098,16.181374588734,0.077014344612516,-0.0106936328477563,58775.7382029135
0.1,DIRECT_C81,2.86,6.46275810578571,16.1811136358442,0.0769601784564145,-0.0109710840746011,58774.0734955524
0.1,DIRECT_C81,2.865,6.46242929457723,16.1808618420623,0.0769046513553436,-0.0112380073058578,58772.4719561649
0.1,DIRECT_C81,2.87,6.46211172712481,16.1806192407467,0.0768478160315118,-0.0114943569645352,58770.9338582128
0.1,DIRECT_C81,2.875,6.46180548178344,16.1803858654514,0.0767897255713111,-0.0117400530009952,58769.459681994
0.1,DIRECT_C81,2.88,6.46151063411459,16.1801617479766,0.076730433351567,-0.0119750595644543,58768.0496426133
0.1,DIRECT_C81,2.885,6.46122725686751,16.1799469160002,0.0766699929266145,-0.0121993194089516,58766.7040835463
0.1,DIRECT_C81,2.89,6.4609554199613,16.1797413976422,0.0766084581958308,-0.0124127743756191,58765.4233537463
0.1,DIRECT_C81,2.895,6.46069519046763,16.1795452187463,0.0765458832949596,-0.0126153803398896,58764.2077179607
0.1,DIRECT_C81,2.9,6.46044663259425,16.1793584026805,0.0764823225740523,-0.0128070957093662,58763.0574257438
0.1,DIRECT_C81,2.905,6.46020980766909,16.1791809703731,0.0764178305847214,-0.0129878814571782,58761.9727112569
0.1,DIRECT_C81,2.91,6.45998477412516,16.179012940341,0.0763524620672406,-0.0131577011498241,58760.9537931011
0.1,DIRECT_C81,2.915,6.45977158748612,16.1788543301359,0.0762862719953653,-0.0133164978532871,58760.0010128803
0.1,DIRECT_C81,2.92,6.45957030035258,16.1787051545453,0.0762193155010513,-0.013464265596161,58759.114406423
0.1,DIRECT_C81,2.925,6.45938096238912,16.1785654243004,0.0761516477994852,-0.0136009761955087,58758.2941428269
0.1,DIRECT_C81,2.93,6.45920362031207,16.1784351479083,0.0760833242429281,-0.0137266034896228,58757.5403790623
0.1,DIRECT_C81,2.935,6.45903831787792,16.1783143316469,0.0760144003075945,-0.0138411240583043,58756.8532556502
0.1,DIRECT_C81,2.94,6.45888509587257,16.1782029795489,0.0759449315799524,-0.013944517219965,58756.2328966802
0.1,DIRECT_C81,2.945,6.45874399210127,16.1781010933887,0.0758749737430349,-0.0140367650298518,58755.6794098209
0.1,DIRECT_C81,2.95,6.45861504137925,16.1780086726732,0.0758045825627595,-0.0141178522789165,58755.1928863265
0.1,DIRECT_C81,2.955,6.45849827552318,16.1779257146342,0.0757338138742509,-0.0141877664931727,58754.773401041
0.1,DIRECT_C81,2.96,6.45839372334328,16.1778522142237,0.075662723568167,-0.0142464979331667,58754.421012401
0.1,DIRECT_C81,2.965,6.45830141063625,16.1777881641099,0.0755913675770276,-0.0142940395936204,58754.1357624383
0.1,DIRECT_C81,2.97,6.45822136017885,16.1777335546757,0.0755198018615445,-0.0143303872028362,58753.917676783
0.1,DIRECT_C81,2.975,6.45815359172235,16.1776883739942,0.0754480823960302,-0.0143555403186468,58753.7667580881
0.1,DIRECT_C81,2.98,6.45809812198759,16.1776526076379,0.0753762651464862,-0.0143695004039337,58753.6829975764
0.1,DIRECT_C81,2.985,6.45805496466091,16.1776262391889,0.0753044060767276,-0.0143722693092894,58753.6663841443
0.1,DIRECT_C81,2.99,6.45802413039072,16.1776092500056,0.0752325611269925,-0.014363853749904,58753.7168775006
0.1,DIRECT_C81,2.995,6.45800562678492,16.1776016191451,0.0751607861971604,-0.014344263154074,58753.8344210756
0.1,DIRECT_C81,3,6.45799945840901,16.1776033233726,0.0750891371331864,-0.0143135096630758,58754.0189420215
0.1,DIRECT_C81,3.005,6.45799945840901,16.1776140014476,0.0750176562588412,-0.0142796317396083,58754.2222095623
0.1,DIRECT_C81,3.01,6.45799945840901,16.1776320942738,0.0749463338182922,-0.0142499734199326,58754.4001594804
0.1,DIRECT_C81,3.015,6.45799945840901,16.1776560645739,0.0748751509649545,-0.0142236676678156,58754.5579939931
0.1,DIRECT_C81,3.02,6.45799945840901,16.1776846919133,0.0748040927234078,-0.0142000261413955,58754.6998431516
0.1,DIRECT_C81,3.025,6.45799945840901,16.1777170073978,0.0747331471915601,-0.0141785023636896,58754.8289858179
0.1,DIRECT_C81,3.03,6.45799945840901,16.1777522418308,0.0746623049072475,-0.0141586624839825,58754.9480250961
0.1,DIRECT_C81,3.035,6.45799945840901,16.1777897845553,0.0745915583453784,-0.0141401620654129,58755.0590276075
0.1,DIRECT_C81,3.04,6.45799945840901,16.1778291507787,0.0745209015187172,-0.0141227276567779,58755.1636340593
0.1,DIRECT_C81,3.045,6.45799945840901,16.1778699556321,0.0744503296609456,-0.0141061421623601,58755.2631470258
0.1,DIRECT_C81,3.05,6.45799945840901,16.1779118935765,0.0743798389750459,-0.0140902332271313,58755.3586006372
0.1,DIRECT_C81,3.055,6.45799945840901,16.1779547220524,0.0743094264335415,-0.0140748640157291,58755.4508159056
0.1,DIRECT_C81,3.06,6.45799945840901,16.1779982485001,0.0742390896199081,-0.0140599258918837,58755.5404446487
0.1,DIRECT_C81,3.065,6.45799945840901,16.1780423200548,0.0741688266026693,-0.0140453326066474,58755.6280043601
0.1,DIRECT_C81,3.07,6.45799945840901,16.1780868153654,0.0740986358354419,-0.0140310156843686,58755.7139058938
0.1,DIRECT_C81,3.075,6.45799945840901,16.1781316380997,0.0740285160775804,-0.0140169207596763,58755.7984754419
0.1,DIRECT_C81,3.08,6.45799945840901,16.1781767117878,0.0739584663311778,-0.0140030046693518,58755.8819719839
0.1,DIRECT_C81,3.085,6.45799945840901,16.178221975729,0.0738884857910495,-0.0139892331435938,58755.9646011384
0.1,DIRECT_C81,3.09,6.45799945840901,16.178267381741,0.0738185738050259,-0.0139755789731009,58756.0465261614
0.1,DIRECT_C81,3.095,6.45799945840901,16.1783128915807,0.0737487298424286,-0.0139620205539064,58756.1278766766
0.1,DIRECT_C81,3.1,6.45799945840901,16.1783584748951,0.0736789534690434,-0.0139485407321462,58756.2087556071
0.1,DIRECT_C81,3.105,6.45799945840901,16.1784041075956,0.0736092443272515,-0.0139351258868814,58756.2892446787
0.1,DIRECT_C81,3.11,6.45799945840901,16.1784497705665,0.0735396021202554,-0.0139217652019852,58756.3694087881
0.1,DIRECT_C81,3.115,6.45799945840901,16.1784954486405,0.0734700265995564,-0.0139084500880635,58756.4492994716
0.1,DIRECT_C81,3.12,6.45799945840901,16.1785411297846,0.0734005175550119,-0.0138951737235455,58756.5289576587
0.1,DIRECT_C81,3.125,6.45799945840901,16.1785868044542,0.0733310748069431,-0.0138819306903226,58756.6084158581
0.1,DIRECT_C81,3.13,6.45799945840901,16.1786324650805,0.0732616981998681,-0.0138687166845166,58756.6876998929
0.1,DIRECT_C81,3.135,6.45799945840901,16.1786781056628,0.0731923875975276,-0.0138555282868236,58756.7668302791
0.1,DIRECT_C81,3.14,6.45799945840901,16.1787237214457,0.0731231428789353,-0.0138423627802187,58756.8458233187
0.1,DIRECT_C81,3.145,6.45799945840901,16.1787693086623,0.0730539639352421,-0.0138292180052133,58756.9246919687
0.1,DIRECT_C81,3.15,6.45799945840901,16.1788148643305,0.072984850667247,-0.013816092244948,58757.0034465303
0.1,DIRECT_C81,3.155,6.45799945840901,16.178860386091,0.0729158029834209,-0.0138029841339709,58757.0820951962
0.1,DIRECT_C81,3.16,6.45799945840901,16.1789058720795,0.0728468207983373,-0.0137898925858266,58757.160644485
0.1,DIRECT_C81,3.165,6.45799945840901,16.178951320824,0.0727779040314271,-0.0137768167355308,58757.2390995868
0.1,DIRECT_C81,3.17,6.45799945840901,16.1789967311644,0.0727090526059894,-0.0137637558939652,58757.3174646362
0.1,DIRECT_C81,3.175,6.45799945840901,16.1790421021881,0.0726402664484063,-0.0137507095115836,58757.3957429305
0.1,DIRECT_C81,3.18,6.45799945840901,16.1790874331789,0.07257154548752,-0.0137376771496989,58757.4739371018
0.1,DIRECT_C81,3.185,6.45799945840901,16.1791327235764,0.0725028896541374,-0.0137246584576136,58757.5520492543
0.1,DIRECT_C81,3.19,6.45799945840901,16.1791779729444,0.0724342988806378,-0.0137116531544841,58757.6300810731
0.1,DIRECT_C81,3.195,6.45799945840901,16.1792231809447,0.0723657731006603,-0.0136986610149314,58757.7080339104
0.1,DIRECT_C81,3.2,6.45799945840901,16.1792683473171,0.072297312248857,-0.0136856818576163,58757.7859088543
0.1,DIRECT_C81,3.205,6.45799945840901,16.1793134718635,0.0722289162606955,-0.0136727155361598,58757.863706783
0.1,DIRECT_C81,3.21,6.45799945840901,16.1793585544348,0.0721605850723036,-0.0136597619319385,58757.9414284084
0.1,DIRECT_C81,3.215,6.45799945840901,16.1794035949211,0.0720923186203446,-0.0136468209483738,58758.0190743098
0.1,DIRECT_C81,3.22,6.45799945840901,16.1794485932433,0.0720241168419195,-0.0136338925063839,58758.0966449617
0.1,DIRECT_C81,3.225,6.45799945840901,16.179493549347,0.0719559796744887,-0.0136209765407802,58758.1741407553
0.1,DIRECT_C81,3.23,6.45799945840901,16.1795384631971,0.0718879070558095,-0.0136080729974193,58758.2515620155
0.1,DIRECT_C81,3.235,6.45799945840901,16.1795833347743,0.0718198989238877,-0.0135951818309028,58758.3289090146
0.1,DIRECT_C81,3.24,6.45799945840901,16.1796281640713,0.0717519552169375,-0.0135823030028028,58758.4061819832
0.1,DIRECT_C81,3.245,6.45799945840901,16.1796729510764,0.0716840758727815,-0.0135694369010135,58758.4833785939
0.1,DIRECT_C81,3.25,6.45799945840901,16.1797176957383,0.0716162608272991,-0.0135565833287608,58758.5605000274
0.1,DIRECT_C81,3.255,6.45799945840901,16.1797623980844,0.0715485100191387,-0.0135437419698032,58758.6375481812
0.1,DIRECT_C81,3.26,6.45799945840901,16.1798070581497,0.07148082338727,-0.0135309128096672,58758.714523142
0.1,DIRECT_C81,3.265,6.45799945840901,16.1798516759702,0.0714132008707339,-0.0135180958344776,58758.7914249931
0.1,DIRECT_C81,3.27,6.45799945840901,16.1798962515829,0.0713456424086395,-0.0135052910308389,58758.868253815
0.1,DIRECT_C81,3.275,6.45799945840901,16.1799407850252,0.0712781479401616,-0.0134924983857232,58758.9450096857
0.1,DIRECT_C81,3.28,6.45799945840901,16.1799852763349,0.0712107174045394,-0.0134797178864208,58759.0216926815
0.1,DIRECT_C81,3.285,6.45799945840901,16.1800297255505,0.0711433507410753,-0.0134669495204633,58759.0983028772
0.1,DIRECT_C81,3.29,6.45799945840901,16.1800741327106,0.0710760478891332,-0.0134541932755816,58759.1748403465
0.1,DIRECT_C81,3.295,6.45799945840901,16.1801184978539,0.071008808788138,-0.0134414491396626,58759.251305162
0.1,DIRECT_C81,3.3,6.45799945840901,16.1801628210194,0.0709416333775751,-0.0134287171007159,58759.3276973957
0.1,DIRECT_C81,3.305,6.45799945840901,16.1802071022464,0.0708745215969892,-0.0134159971468666,58759.4040171188
0.1,DIRECT_C81,3.31,6.45799945840901,16.180251341574,0.0708074733859844,-0.0134032892663072,58759.4802644022
0.1,DIRECT_C81,3.315,6.45799945840901,16.1802955390415,0.0707404886842236,-0.0133905934473244,58759.556439316
0.1,DIRECT_C81,3.32,6.45799945840901,16.1803396946883,0.0706735674314281,-0.0133779096782423,58759.6325419305
0.1,DIRECT_C81,3.325,6.45799945840901,16.1803838085536,0.0706067095673775,-0.0133652379474363,58759.7085723154
0.1,DIRECT_C81,3.33,6.45799945840901,16.1804278806769,0.0705399150319094,-0.013352578243321,58759.7845305401
0.1,DIRECT_C81,3.335,6.45799945840901,16.1804719110976,0.0704731837649192,-0.0133399305543591,58759.8604166738
0.1,DIRECT_C81,3.34,6.45799945840901,16.180515899855,0.0704065157063599,-0.0133272948690273,58759.9362307858
0.1,DIRECT_C81,3.345,6.45799945840901,16.1805598469885,0.0703399107962422,-0.0133146711758325,58760.011972945
0.1,DIRECT_C81,3.35,6.45799945840901,16.1806037525374,0.070273368974634,-0.0133020594633013,58760.0876432202
0.1,DIRECT_C81,3.355,6.45799945840901,16.1806476165411,0.0702068901816606,-0.0132894597199975,58760.16324168
0.1,DIRECT_C81,3.36,6.45799945840901,16.1806914390388,0.0701404743575045,-0.0132768719344725,58760.2387683932
0.1,DIRECT_C81,3.365,6.45799945840901,16.1807352200699,0.0700741214424054,-0.0132642960953255,58760.314223428
0.1,DIRECT_C81,3.37,6.45799945840901,16.1807789596735,0.0700078313766598,-0.0132517321911436,58760.3896068531
0.1,DIRECT_C81,3.375,6.45799945840901,16.1808226578889,0.0699416041006215,-0.0132391802105563,58760.4649187367
0.1,DIRECT_C81,3.38,6.45799945840901,16.1808663147552,0.0698754395547007,-0.0132266401421877,58760.5401591469
0.1,DIRECT_C81,3.385,6.45799945840901,16.1809099303117,0.069809337679365,-0.0132141119746816,58760.6153281519
0.1,DIRECT_C81,3.39,6.45799945840901,16.1809535045974,0.0697432984151382,-0.0132015956966836,58760.6904258199
0.1,DIRECT_C81,3.395,6.45799945840901,16.1809970376514,0.0696773217026013,-0.0131890912968782,58760.7654522187
0.1,DIRECT_C81,3.4,6.45799945840901,16.1810405295127,0.0696114074823915,-0.0131765987639305,58760.8404074164
0.1,DIRECT_C81,3.405,6.45799945840901,16.1810839802203,0.0695455556952029,-0.0131641180865412,58760.9152914807
0.1,DIRECT_C81,3.41,6.45799945840901,16.1811273898133,0.0694797662817858,-0.0131516492534018,58760.9901044796
0.1,DIRECT_C81,3.415,6.45799945840901,16.1811707583306,0.0694140391829473,-0.0131391922532469,58761.0648464805
0.1,DIRECT_C81,3.42,6.45799945840901,16.181214085811,0.0693483743395507,-0.0131267470747858,58761.1395175513
0.1,DIRECT_C81,3.425,6.45799945840901,16.1812573722934,0.0692827716925156,-0.0131143137067546,58761.2141177595
0.1,DIRECT_C81,3.43,6.45799945840901,16.1813006178167,0.069217231182818,-0.0131018921379091,58761.2886471725
0.1,DIRECT_C81,3.435,6.45799945840901,16.1813438224196,0.06915175275149,-0.0130894823570102,58761.3631058579
0.1,DIRECT_C81,3.44,6.45799945840901,16.1813869861409,0.0690863363396202,-0.0130770843528154,58761.4374938831
0.1,DIRECT_C81,3.445,6.45799945840901,16.1814301090193,0.0690209818883529,-0.0130646981141176,58761.5118113153
0.1,DIRECT_C81,3.45,6.45799945840901,16.1814731910935,0.0689556893388887,-0.0130523236297098,58761.5860582217
0.1,DIRECT_C81,3.455,6.45799945840901,16.1815162324022,0.0688904586324841,-0.0130399608883867,58761.6602346697
0.1,DIRECT_C81,3.46,6.45799945840901,16.1815592329839,0.0688252897104518,-0.0130276098789643,58761.7343407262
0.1,DIRECT_C81,3.465,6.45799945840901,16.1816021928772,0.0687601825141601,-0.0130152705902624,58761.8083764584
0.1,DIRECT_C81,3.47,6.45799945840901,16.1816451121207,0.0686951369850333,-0.0130029430111289,58761.8823419332
0.1,DIRECT_C81,3.475,6.45799945840901,16.1816879907528,0.0686301530645516,-0.0129906271303977,58761.9562372176
0.1,DIRECT_C81,3.48,6.45799945840901,16.1817308288121,0.0685652306942507,-0.0129783229369291,58762.0300623784
0.1,DIRECT_C81,3.485,6.45799945840901,16.1817736263369,0.0685003698157222,-0.0129660304195909,58762.1038174824
0.1,DIRECT_C81,3.49,6.45799945840901,16.1818163833656,0.0684355703706132,-0.0129537495672665,58762.1775025964
0.1,DIRECT_C81,3.495,6.45799945840901,16.1818590999366,0.0683708323006266,-0.0129414803688341,58762.251117787
0.1,DIRECT_C81,3.5,6.45799945840901,16.1819017760882,0.0683061555475204,-0.0129292228131952,58762.3246631208
0.1,DIRECT_C81,3.505,6.45799945840901,16.1819444118587,0.0682415400531086,-0.0129169768892634,58762.3981386644
0.1,DIRECT_C81,3.51,6.45799945840901,16.1819870072863,0.0681769857592602,-0.0129047425859596,58762.4715444842
0.1,DIRECT_C81,3.515,6.45799945840901,16.1820295624092,0.0681124926078998,-0.0128925198922172,58762.5448806467
0.1,DIRECT_C81,3.52,6.45799945840901,16.1820720772657,0.0680480605410073,-0.0128803087969711,58762.6181472182
0.1,DIRECT_C81,3.525,6.45799945840901,16.1821145518938,0.0679836895006178,-0.0128681092891778,58762.6913442649
0.1,DIRECT_C81,3.53,6.45799945840901,16.1821569863316,0.0679193794288217,-0.0128559213578043,58762.7644718532
0.1,DIRECT_C81,3.535,6.45799945840901,16.1821993806172,0.0678551302677643,-0.0128437449918142,58762.8375300491
0.1,DIRECT_C81,3.54,6.45799945840901,16.1822417347887,0.0677909419596464,-0.012831580180201,58762.9105189188
0.1,DIRECT_C81,3.545,6.45799945840901,16.182284048884,0.0677268144467235,-0.0128194269119533,58762.9834385283
0.1,DIRECT_C81,3.55,6.45799945840901,16.1823263229411,0.0676627476713063,-0.0128072851760841,58763.0562889435
0.1,DIRECT_C81,3.555,6.45799945840901,16.1823685569978,0.0675987415757605,-0.0127951549615997,58763.1290702304
0.1,DIRECT_C81,3.56,6.45799945840901,16.1824107510922,0.0675347961025064,-0.0127830362575381,58763.2017824548
0.1,DIRECT_C81,3.565,6.45799945840901,16.1824529052619,0.0674709111940195,-0.0127709290529285,58763.2744256824
0.1,DIRECT_C81,3.57,6.45799945840901,16.1824950195449,0.0674070867928298,-0.012758833336818,58763.3469999791
0.1,DIRECT_C81,3.575,6.45799945840901,16.1825370939789,0.0673433228415222,-0.0127467490982678,58763.4195054104
0.1,DIRECT_C81,3.58,6.45799945840901,16.1825791286017,0.0672796192827362,-0.0127346763263443,58763.4919420419
0.1,DIRECT_C81,3.585,6.45799945840901,16.1826211234509,0.067215976059166,-0.0127226150101283,58763.5643099392
0.1,DIRECT_C81,3.59,6.45799945840901,16.1826630785642,0.0671523931135604,-0.0127105651387058,58763.6366091678
0.1,DIRECT_C81,3.595,6.45799945840901,16.1827049939793,0.0670888703887226,-0.0126985267011825,58763.7088397929
0.1,DIRECT_C81,3.6,6.45799945840901,16.1827468697337,0.0670254078275103,-0.0126864996866676,58763.78100188
0.1,DIRECT_C81,3.605,6.45799945840901,16.1827887058651,0.0669620053728359,-0.012674484084279,58763.8530954943
0.1,DIRECT_C81,3.61,6.45799945840901,16.1828305024109,0.0668986629676656,-0.0126624798831472,58763.9251207011
0.1,DIRECT_C81,3.615,6.45799945840901,16.1828722594086,0.0668353805550205,-0.0126504870724204,58763.9970775655
0.1,DIRECT_C81,3.62,6.45799945840901,16.1829139768956,0.0667721580779756,-0.0126385056412452,58764.0689661525
0.1,DIRECT_C81,3.625,6.45799945840901,16.1829556549095,0.0667089954796603,-0.012626535578784,58764.1407865273
0.1,DIRECT_C81,3.63,6.45799945840901,16.1829972934876,0.0666458927032581,-0.0126145768742134,58764.2125387547
0.1,DIRECT_C81,3.635,6.45799945840901,16.1830388926671,0.0665828496920066,-0.0126026295167136,58764.2842228997
0.1,DIRECT_C81,3.64,6.45799945840901,16.1830804524856,0.0665198663891974,-0.0125906934954809,58764.3558390271
0.1,DIRECT_C81,3.645,6.45799945840901,16.1831219729801,0.0664569427381761,-0.0125787687997185,58764.4273872017
0.1,DIRECT_C81,3.65,6.45799945840901,16.183163454188,0.0663940786823425,-0.0125668554186387,58764.4988674882
0.1,DIRECT_C81,3.655,6.45799945840901,16.1832048961464,0.06633127416515,-0.0125549533414695,58764.5702799512
0.1,DIRECT_C81,3.66,6.45799945840901,16.1832462988926,0.0662685291301061,-0.0125430625574481,58764.6416246553
0.1,DIRECT_C81,3.665,6.45799945840901,16.1832876624637,0.0662058435207717,-0.0125311830558115,58764.7129016651
0.1,DIRECT_C81,3.67,6.45799945840901,16.1833289868967,0.066143217280762,-0.0125193148258234,58764.7841110451
0.1,DIRECT_C81,3.675,6.45799945840901,16.1833702722288,0.0660806503537455,-0.0125074578567439,58764.8552528595
0.1,DIRECT_C81,3.68,6.45799945840901,16.1834115184969,0.0660181426834444,-0.0124956121378581,58764.9263271728
0.1,DIRECT_C81,3.685,6.45799945840901,16.183452725738,0.0659556942136346,-0.0124837776584439,58764.9973340493
0.1,DIRECT_C81,3.69,6.45799945840901,16.1834938939892,0.0658933048881455,-0.0124719544078022,58765.0682735532
0.1,DIRECT_C81,3.695,6.45799945840901,16.1835350232874,0.0658309746508599,-0.0124601423752395,58765.1391457486
0.1,DIRECT_C81,3.7,6.45799945840901,16.1835761136693,0.0657687034457142,-0.0124483415500727,58765.2099506996
0.1,DIRECT_C81,3.705,6.45799945840901,16.183617165172,0.0657064912166981,-0.0124365519216312,58765.2806884702
0.1,DIRECT_C81,3.71,6.45799945840901,16.1836581778321,0.0656443379078546,-0.0124247734792515,58765.3513591245
0.1,DIRECT_C81,3.715,6.45799945840901,16.1836991516865,0.06558224346328,-0.0124130062122862,58765.4219627263
0.1,DIRECT_C81,3.72,6.45799945840901,16.183740086772,0.0655202078271239,-0.0124012501100861,58765.4924993395
0.1,DIRECT_C81,3.725,6.45799945840901,16.1837809831252,0.0654582309435891,-0.0123895051620213,58765.5629690279
0.1,DIRECT_C81,3.73,6.45799945840901,16.1838218407829,0.0653963127569313,-0.0123777713574764,58765.6333718551
0.1,DIRECT_C81,3.735,6.45799945840901,16.1838626597816,0.0653344532114596,-0.0123660486858377,58765.703707885
0.1,DIRECT_C81,3.74,6.45799945840901,16.183903440158,0.0652726522515359,-0.0123543371365038,58765.773977181
0.1,DIRECT_C81,3.745,6.45799945840901,16.1839441819487,0.0652109098215752,-0.0123426366988788,58765.8441798067
0.1,DIRECT_C81,3.75,6.45799945840901,16.1839848851902,0.0651492258660453,-0.0123309473623898,58765.9143158257
0.1,DIRECT_C81,3.755,6.45799945840901,16.184025549919,0.0650876003294671,-0.0123192691164675,58765.9843853012
0.1,DIRECT_C81,3.76,6.45799945840901,16.1840661761715,0.0650260331564141,-0.0123076019505444,58766.0543882967
0.1,DIRECT_C81,3.765,6.45799945840901,16.1841067639843,0.0649645242915127,-0.0122959458540741,58766.1243248755
0.1,DIRECT_C81,3.77,6.45799945840901,16.1841473133937,0.064903073679442,-0.0122843008165212,58766.1941951009
0.1,DIRECT_C81,3.775,6.45799945840901,16.1841878244361,0.0648416812649336,-0.0122726668273501,58766.2639990359
0.1,DIRECT_C81,3.78,6.45799945840901,16.1842282971479,0.0647803469927722,-0.0122610438760358,58766.3337367438
0.1,DIRECT_C81,3.785,6.45799945840901,16.1842687315652,0.0647190708077945,-0.0122494319520783,58766.4034082875
0.1,DIRECT_C81,3.79,6.45799945840901,16.1843091276891,0.0646578526534658,-0.0122378317660594,58766.4730094036
0.1,DIRECT_C81,3.795,6.45799945840901,16.1843494854892,0.0645966924716947,-0.0122262427664825,58766.5425434011
0.1,DIRECT_C81,3.8,6.45799945840901,16.1843898050191,0.0645355902075583,-0.0122146647123511,58766.6120117259
0.1,DIRECT_C81,3.805,6.45799945840901,16.184430086333,0.0644745458063292,-0.01220309760334,58766.68141438
0.1,DIRECT_C81,3.81,6.45799945840901,16.1844703294812,0.064413559213287,-0.0121915414370317,58766.7507513778
0.1,DIRECT_C81,3.815,6.45799945840901,16.1845105345112,0.0643526303737277,-0.0121799962093743,58766.8200227437
0.1,DIRECT_C81,3.82,6.45799945840901,16.184550701468,0.0642917592329711,-0.0121684619150013,58766.88922851
0.1,DIRECT_C81,3.825,6.45799945840901,16.1845908303947,0.0642309457363663,-0.012156938547502,58766.958368715
0.1,DIRECT_C81,3.83,6.45799945840901,16.1846309213331,0.0641701898292966,-0.0121454260996696,58767.027443402
0.1,DIRECT_C81,3.835,6.45799945840901,16.1846709743236,0.0641094914571833,-0.0121339245636207,58767.0964526183
0.1,DIRECT_C81,3.84,6.45799945840901,16.1847109894056,0.0640488505654881,-0.0121224339309798,58767.1653964141
0.1,DIRECT_C81,3.845,6.45799945840901,16.1847509666179,0.0639882670997159,-0.0121109541929609,58767.2342748422
0.1,DIRECT_C81,3.85,6.45799945840901,16.1847909059986,0.0639277410054161,-0.0120994853404461,58767.3030879573
0.1,DIRECT_C81,3.855,6.45799945840901,16.1848308075853,0.0638672722281846,-0.0120880273640882,58767.3718358155
0.1,DIRECT_C81,3.86,6.45799945840901,16.1848706714152,0.0638068607136644,-0.0120765802543215,58767.4405184741
0.1,DIRECT_C81,3.865,6.45799945840901,16.1849104975252,0.0637465064075467,-0.0120651440014345,58767.5091359914
0.1,DIRECT_C81,3.87,6.45799945840901,16.1849502859518,0.0636862092555717,-0.0120537185955936,58767.5776884264
0.1,DIRECT_C81,3.875,6.45799945840901,16.1849900367315,0.0636259692035289,-0.0120423040268776,58767.6461758387
0.1,DIRECT_C81,3.88,6.45799945840901,16.1850297499005,0.0635657861972578,-0.0120309002852768,58767.7145982883
0.1,DIRECT_C81,3.885,6.45799945840901,16.1850694254947,0.0635056601826479,-0.0120195073607423,58767.7829558355
0.1,DIRECT_C81,3.89,6.45799945840901,16.1851090635503,0.0634455911056389,-0.0120081252431739,58767.851248541
0.1,DIRECT_C81,3.895,6.45799945840901,16.185148664103,0.0633855789122215,-0.0119967539224373,58767.9194764654
0.1,DIRECT_C81,3.9,6.45799945840901,16.1851882271884,0.0633256235484369,-0.011985393388386,58767.9876396697
0.1,DIRECT_C81,3.905,6.45799945840901,16.1852277528424,0.0632657249603769,-0.011974043630854,58768.0557382149
0.1,DIRECT_C81,3.91,6.45799945840901,16.1852672411004,0.0632058830941846,-0.0119627046396502,58768.1237721621
0.1,DIRECT_C81,3.915,6.45799945840901,16.185306691998,0.0631460978960536,-0.0119513764046051,58768.1917415724
0.1,DIRECT_C81,3.92,6.45799945840901,16.1853461055707,0.0630863693122287,-0.0119400589155187,58768.2596465069
0.1,DIRECT_C81,3.925,6.45799945840901,16.1853854818538,0.0630266972890056,-0.0119287521622056,58768.3274870268
0.1,DIRECT_C81,3.93,6.45799945840901,16.1854248208828,0.0629670817727308,-0.0119174561344728,58768.3952631932
0.1,DIRECT_C81,3.935,6.45799945840901,16.1854641226929,0.0629075227098019,-0.0119061708221455,58768.4629750671
0.1,DIRECT_C81,3.94,6.45799945840901,16.1855033873194,0.0628480200466675,-0.0118948962150327,58768.5306227098
0.1,DIRECT_C81,3.945,6.45799945840901,16.1855426147976,0.0627885737298267,-0.0118836323029594,58768.5982061822
0.1,DIRECT_C81,3.95,6.45799945840901,16.1855818051627,0.0627291837058298,-0.0118723790757667,58768.6657255454
0.1,DIRECT_C81,3.955,6.45799945840901,16.1856209584498,0.0626698499212779,-0.0118611365232901,58768.7331808603
0.1,DIRECT_C81,3.96,6.45799945840901,16.185660074694,0.0626105723228228,-0.0118499046353762,58768.8005721877
0.1,DIRECT_C81,3.965,6.45799945840901,16.1856991539305,0.0625513508571669,-0.0118386834018782,58768.8678995887
0.1,DIRECT_C81,3.97,6.45799945840901,16.1857381961942,0.0624921854710636,-0.0118274728126639,58768.935163124
0.1,DIRECT_C81,3.975,6.45799945840901,16.1857772015202,0.0624330761113168,-0.0118162728575957,58769.0023628544
0.1,DIRECT_C81,3.98,6.45799945840901,16.1858161699435,0.0623740227247811,-0.0118050835265713,58769.0694988406
0.1,DIRECT_C81,3.985,6.45799945840901,16.1858551014991,0.0623150252583614,-0.011793904809462,58769.1365711432
0.1,DIRECT_C81,3.99,6.45799945840901,16.1858939962218,0.0622560836590135,-0.0117827366961851,58769.2035798229
0.1,DIRECT_C81,3.995,6.45799945840901,16.1859328541465,0.0621971978737434,-0.0117715791766368,58769.2705249402
0.1,DIRECT_C81,4,6.45799945840901,16.185971675308,0.0621383678496078,-0.0117604322407345,58769.3374065556
0.1,OPERATING_TANGENT,0,6.45799945840901,16.226991584938,0,1.77635683940025e-15,58839.9
0.1,OPERATING_TANGENT,0.005,6.45799945840901,16.226991584938,8.88178419700125e-18,1.77635683940025e-15,58839.9
0.1,OPERATING_TANGENT,0.01,6.45799945840901,16.226991584938,1.77635683940025e-17,1.77635683940025e-15,58839.9
0.1,OPERATING_TANGENT,0.015,6.45799945840901,16.226991584938,2.66453525910038e-17,1.77635683940025e-15,58839.9
0.1,OPERATING_TANGENT,0.02,6.45799945840901,16.226991584938,3.5527136788005e-17,1.77635683940025e-15,58839.9
0.1,OPERATING_TANGENT,0.025,6.45799945840901,16.226991584938,4.44089209850063e-17,1.77635683940025e-15,58839.9
0.1,OPERATING_TANGENT,0.03,6.45799945840901,16.226991584938,5.32907051820075e-17,1.77635683940025e-15,58839.9
0.1,OPERATING_TANGENT,0.035,6.45799945840901,16.226991584938,6.21724893790088e-17,1.77635683940025e-15,58839.9
0.1,OPERATING_TANGENT,0.04,6.45799945840901,16.226991584938,7.105427357601e-17,1.77635683940025e-15,58839.9
0.1,OPERATING_TANGENT,0.045,6.45799945840901,16.226991584938,7.99360577730113e-17,1.77635683940025e-15,58839.9
0.1,OPERATING_TANGENT,0.05,6.45799945840901,16.226991584938,8.88178419700125e-17,1.77635683940025e-15,58839.9
0.1,OPERATING_TANGENT,0.055,6.45799945840901,16.226991584938,9.76996261670138e-17,1.77635683940025e-15,58839.9
0.1,OPERATING_TANGENT,0.06,6.45799945840901,16.226991584938,1.06581410364015e-16,1.77635683940025e-15,58839.9
0.1,OPERATING_TANGENT,0.065,6.45799945840901,16.226991584938,1.15463194561016e-16,1.77635683940025e-15,58839.9
0.1,OPERATING_TANGENT,0.07,6.45799945840901,16.226991584938,1.24344978758018e-16,1.77635683940025e-15,58839.9
0.1,OPERATING_TANGENT,0.075,6.45799945840901,16.226991584938,1.33226762955019e-16,1.77635683940025e-15,58839.9
0.1,OPERATING_TANGENT,0.08,6.45799945840901,16.226991584938,1.4210854715202e-16,1.77635683940025e-15,58839.9
0.1,OPERATING_TANGENT,0.085,6.45799945840901,16.226991584938,1.50990331349021e-16,1.77635683940025e-15,58839.9
0.1,OPERATING_TANGENT,0.09,6.45799945840901,16.226991584938,1.59872115546023e-16,1.77635683940025e-15,58839.9
0.1,OPERATING_TANGENT,0.095,6.45799945840901,16.226991584938,1.68753899743024e-16,1.77635683940025e-15,58839.9
0.1,OPERATING_TANGENT,0.1,6.45799945840901,16.226991584938,1.77635683940025e-16,1.77635683940025e-15,58839.9
0.1,OPERATING_TANGENT,0.105,6.45799945840901,16.226991584938,1.86517468137026e-16,1.77635683940025e-15,58839.9
0.1,OPERATING_TANGENT,0.11,6.45799945840901,16.226991584938,1.95399252334028e-16,1.77635683940025e-15,58839.9
0.1,OPERATING_TANGENT,0.115,6.45799945840901,16.226991584938,2.04281036531029e-16,1.77635683940025e-15,58839.9
0.1,OPERATING_TANGENT,0.12,6.45799945840901,16.226991584938,2.1316282072803e-16,1.77635683940025e-15,58839.9
0.1,OPERATING_TANGENT,0.125,6.45799945840901,16.226991584938,2.22044604925031e-16,1.77635683940025e-15,58839.9
0.1,OPERATING_TANGENT,0.13,6.45799945840901,16.226991584938,2.30926389122033e-16,1.77635683940025e-15,58839.9
0.1,OPERATING_TANGENT,0.135,6.45799945840901,16.226991584938,2.39808173319034e-16,1.77635683940025e-15,58839.9
0.1,OPERATING_TANGENT,0.14,6.45799945840901,16.226991584938,2.48689957516035e-16,1.77635683940025e-15,58839.9
0.1,OPERATING_TANGENT,0.145,6.45799945840901,16.226991584938,2.57571741713036e-16,1.77635683940025e-15,58839.9
0.1,OPERATING_TANGENT,0.15,6.45799945840901,16.226991584938,2.66453525910038e-16,1.77635683940025e-15,58839.9
0.1,OPERATING_TANGENT,0.155,6.45799945840901,16.226991584938,2.75335310107039e-16,1.77635683940025e-15,58839.9
0.1,OPERATING_TANGENT,0.16,6.45799945840901,16.226991584938,2.8421709430404e-16,1.77635683940025e-15,58839.9
0.1,OPERATING_TANGENT,0.165,6.45799945840901,16.226991584938,2.93098878501041e-16,1.77635683940025e-15,58839.9
0.1,OPERATING_TANGENT,0.17,6.45799945840901,16.226991584938,3.01980662698043e-16,1.77635683940025e-15,58839.9
0.1,OPERATING_TANGENT,0.175,6.45799945840901,16.226991584938,3.10862446895044e-16,1.77635683940025e-15,58839.9
0.1,OPERATING_TANGENT,0.18,6.45799945840901,16.226991584938,3.19744231092045e-16,1.77635683940025e-15,58839.9
0.1,OPERATING_TANGENT,0.185,6.45799945840901,16.226991584938,3.28626015289046e-16,1.77635683940025e-15,58839.9
0.1,OPERATING_TANGENT,0.19,6.45799945840901,16.226991584938,3.37507799486048e-16,1.77635683940025e-15,58839.9
0.1,OPERATING_TANGENT,0.195,6.45799945840901,16.226991584938,3.46389583683049e-16,1.77635683940025e-15,58839.9
0.1,OPERATING_TANGENT,0.2,6.45799945840901,16.226991584938,3.5527136788005e-16,1.77635683940025e-15,58839.9
0.1,OPERATING_TANGENT,0.205,6.45799945840901,16.226991584938,3.64153152077051e-16,1.77635683940025e-15,58839.9
0.1,OPERATING_TANGENT,0.21,6.45799945840901,16.226991584938,3.73034936274053e-16,1.77635683940025e-15,58839.9
0.1,OPERATING_TANGENT,0.215,6.45799945840901,16.226991584938,3.81916720471054e-16,1.77635683940025e-15,58839.9
0.1,OPERATING_TANGENT,0.22,6.45799945840901,16.226991584938,3.90798504668055e-16,1.77635683940025e-15,58839.9
0.1,OPERATING_TANGENT,0.225,6.45799945840901,16.226991584938,3.99680288865056e-16,1.77635683940025e-15,58839.9
0.1,OPERATING_TANGENT,0.23,6.45799945840901,16.226991584938,4.08562073062058e-16,1.77635683940025e-15,58839.9
0.1,OPERATING_TANGENT,0.235,6.45799945840901,16.226991584938,4.17443857259059e-16,1.77635683940025e-15,58839.9
0.1,OPERATING_TANGENT,0.24,6.45799945840901,16.226991584938,4.2632564145606e-16,1.77635683940025e-15,58839.9
0.1,OPERATING_TANGENT,0.245,6.45799945840901,16.226991584938,4.35207425653061e-16,1.77635683940025e-15,58839.9
0.1,OPERATING_TANGENT,0.25,6.45799945840901,16.226991584938,4.44089209850063e-16,1.77635683940025e-15,58839.9
0.1,OPERATING_TANGENT,0.255,6.45799945840901,16.226991584938,4.52970994047064e-16,1.77635683940025e-15,58839.9
0.1,OPERATING_TANGENT,0.26,6.45799945840901,16.226991584938,4.61852778244065e-16,1.77635683940025e-15,58839.9
0.1,OPERATING_TANGENT,0.265,6.45799945840901,16.226991584938,4.70734562441066e-16,1.77635683940025e-15,58839.9
0.1,OPERATING_TANGENT,0.27,6.45799945840901,16.226991584938,4.79616346638068e-16,1.77635683940025e-15,58839.9
0.1,OPERATING_TANGENT,0.275,6.45799945840901,16.226991584938,4.88498130835069e-16,1.77635683940025e-15,58839.9
0.1,OPERATING_TANGENT,0.28,6.45799945840901,16.226991584938,4.9737991503207e-16,1.77635683940025e-15,58839.9
0.1,OPERATING_TANGENT,0.285,6.45799945840901,16.226991584938,5.06261699229071e-16,1.77635683940025e-15,58839.9
0.1,OPERATING_TANGENT,0.29,6.45799945840901,16.226991584938,5.15143483426073e-16,1.77635683940025e-15,58839.9
0.1,OPERATING_TANGENT,0.295,6.45799945840901,16.226991584938,5.24025267623074e-16,1.77635683940025e-15,58839.9
0.1,OPERATING_TANGENT,0.3,6.45799945840901,16.226991584938,5.32907051820075e-16,1.77635683940025e-15,58839.9
0.1,OPERATING_TANGENT,0.305,6.45799945840901,16.226991584938,5.41788836017076e-16,1.77635683940025e-15,58839.9
0.1,OPERATING_TANGENT,0.31,6.45799945840901,16.226991584938,5.50670620214078e-16,1.77635683940025e-15,58839.9
0.1,OPERATING_TANGENT,0.315,6.45799945840901,16.226991584938,5.59552404411079e-16,1.77635683940025e-15,58839.9
0.1,OPERATING_TANGENT,0.32,6.45799945840901,16.226991584938,5.6843418860808e-16,1.77635683940025e-15,58839.9
0.1,OPERATING_TANGENT,0.325,6.45799945840901,16.226991584938,5.77315972805081e-16,1.77635683940025e-15,58839.9
0.1,OPERATING_TANGENT,0.33,6.45799945840901,16.226991584938,5.86197757002083e-16,1.77635683940025e-15,58839.9
0.1,OPERATING_TANGENT,0.335,6.45799945840901,16.226991584938,5.95079541199084e-16,1.77635683940025e-15,58839.9
0.1,OPERATING_TANGENT,0.34,6.45799945840901,16.226991584938,6.03961325396085e-16,1.77635683940025e-15,58839.9
0.1,OPERATING_TANGENT,0.345,6.45799945840901,16.226991584938,6.12843109593086e-16,1.77635683940025e-15,58839.9
0.1,OPERATING_TANGENT,0.35,6.45799945840901,16.226991584938,6.21724893790088e-16,1.77635683940025e-15,58839.9
0.1,OPERATING_TANGENT,0.355,6.45799945840901,16.226991584938,6.30606677987089e-16,1.77635683940025e-15,58839.9
0.1,OPERATING_TANGENT,0.36,6.45799945840901,16.226991584938,6.3948846218409e-16,1.77635683940025e-15,58839.9
0.1,OPERATING_TANGENT,0.365,6.45799945840901,16.226991584938,6.48370246381091e-16,1.77635683940025e-15,58839.9
0.1,OPERATING_TANGENT,0.37,6.45799945840901,16.226991584938,6.57252030578093e-16,1.77635683940025e-15,58839.9
0.1,OPERATING_TANGENT,0.375,6.45799945840901,16.226991584938,6.66133814775094e-16,1.77635683940025e-15,58839.9
0.1,OPERATING_TANGENT,0.38,6.45799945840901,16.226991584938,6.75015598972095e-16,1.77635683940025e-15,58839.9
0.1,OPERATING_TANGENT,0.385,6.45799945840901,16.226991584938,6.83897383169096e-16,1.77635683940025e-15,58839.9
0.1,OPERATING_TANGENT,0.39,6.45799945840901,16.226991584938,6.92779167366098e-16,1.77635683940025e-15,58839.9
0.1,OPERATING_TANGENT,0.395,6.45799945840901,16.226991584938,7.01660951563099e-16,1.77635683940025e-15,58839.9
0.1,OPERATING_TANGENT,0.4,6.45799945840901,16.226991584938,7.105427357601e-16,1.77635683940025e-15,58839.9
0.1,OPERATING_TANGENT,0.405,6.45799945840901,16.226991584938,7.19424519957101e-16,1.77635683940025e-15,58839.9
0.1,OPERATING_TANGENT,0.41,6.45799945840901,16.226991584938,7.28306304154103e-16,1.77635683940025e-15,58839.9
0.1,OPERATING_TANGENT,0.415,6.45799945840901,16.226991584938,7.37188088351104e-16,1.77635683940025e-15,58839.9
0.1,OPERATING_TANGENT,0.42,6.45799945840901,16.226991584938,7.46069872548105e-16,1.77635683940025e-15,58839.9
0.1,OPERATING_TANGENT,0.425,6.45799945840901,16.226991584938,7.54951656745106e-16,1.77635683940025e-15,58839.9
0.1,OPERATING_TANGENT,0.43,6.45799945840901,16.226991584938,7.63833440942108e-16,1.77635683940025e-15,58839.9
0.1,OPERATING_TANGENT,0.435,6.45799945840901,16.226991584938,7.72715225139109e-16,1.77635683940025e-15,58839.9
0.1,OPERATING_TANGENT,0.44,6.45799945840901,16.226991584938,7.8159700933611e-16,1.77635683940025e-15,58839.9
0.1,OPERATING_TANGENT,0.445,6.45799945840901,16.226991584938,7.90478793533111e-16,1.77635683940025e-15,58839.9
0.1,OPERATING_TANGENT,0.45,6.45799945840901,16.226991584938,7.99360577730113e-16,1.77635683940025e-15,58839.9
0.1,OPERATING_TANGENT,0.455,6.45799945840901,16.226991584938,8.08242361927114e-16,1.77635683940025e-15,58839.9
0.1,OPERATING_TANGENT,0.46,6.45799945840901,16.226991584938,8.17124146124115e-16,1.77635683940025e-15,58839.9
0.1,OPERATING_TANGENT,0.465,6.45799945840901,16.226991584938,8.26005930321117e-16,1.77635683940025e-15,58839.9
0.1,OPERATING_TANGENT,0.47,6.45799945840901,16.226991584938,8.34887714518118e-16,1.77635683940025e-15,58839.9
0.1,OPERATING_TANGENT,0.475,6.45799945840901,16.226991584938,8.43769498715119e-16,1.77635683940025e-15,58839.9
0.1,OPERATING_TANGENT,0.48,6.45799945840901,16.226991584938,8.5265128291212e-16,1.77635683940025e-15,58839.9
0.1,OPERATING_TANGENT,0.485,6.45799945840901,16.226991584938,8.61533067109121e-16,1.77635683940025e-15,58839.9
0.1,OPERATING_TANGENT,0.49,6.45799945840901,16.226991584938,8.70414851306123e-16,1.77635683940025e-15,58839.9
0.1,OPERATING_TANGENT,0.495,6.45799945840901,16.226991584938,8.79296635503124e-16,1.77635683940025e-15,58839.9
0.1,OPERATING_TANGENT,0.5,6.45799945840901,16.226991584938,8.88178419700125e-16,1.77635683940025e-15,58839.9
0.1,OPERATING_TANGENT,0.505,6.45799945840901,16.226991584938,8.97060203897126e-16,1.77635683940025e-15,58839.9
0.1,OPERATING_TANGENT,0.51,6.45799945840901,16.226991584938,9.05941988094128e-16,1.77635683940025e-15,58839.9
0.1,OPERATING_TANGENT,0.515,6.45799945840901,16.226991584938,9.14823772291129e-16,1.77635683940025e-15,58839.9
0.1,OPERATING_TANGENT,0.52,6.45799945840901,16.226991584938,9.2370555648813e-16,1.77635683940025e-15,58839.9
0.1,OPERATING_TANGENT,0.525,6.45799945840901,16.226991584938,9.32587340685132e-16,1.77635683940025e-15,58839.9
0.1,OPERATING_TANGENT,0.53,6.45799945840901,16.226991584938,9.41469124882133e-16,1.77635683940025e-15,58839.9
0.1,OPERATING_TANGENT,0.535,6.45799945840901,16.226991584938,9.50350909079134e-16,1.77635683940025e-15,58839.9
0.1,OPERATING_TANGENT,0.54,6.45799945840901,16.226991584938,9.59232693276135e-16,1.77635683940025e-15,58839.9
0.1,OPERATING_TANGENT,0.545,6.45799945840901,16.226991584938,9.68114477473137e-16,1.77635683940025e-15,58839.9
0.1,OPERATING_TANGENT,0.55,6.45799945840901,16.226991584938,9.76996261670138e-16,1.77635683940025e-15,58839.9
0.1,OPERATING_TANGENT,0.555,6.45799945840901,16.226991584938,9.85878045867139e-16,1.77635683940025e-15,58839.9
0.1,OPERATING_TANGENT,0.56,6.45799945840901,16.226991584938,9.9475983006414e-16,1.77635683940025e-15,58839.9
0.1,OPERATING_TANGENT,0.565,6.45799945840901,16.226991584938,1.00364161426114e-15,1.77635683940025e-15,58839.9
0.1,OPERATING_TANGENT,0.57,6.45799945840901,16.226991584938,1.01252339845814e-15,1.77635683940025e-15,58839.9
0.1,OPERATING_TANGENT,0.575,6.45799945840901,16.226991584938,1.02140518265514e-15,1.77635683940025e-15,58839.9
0.1,OPERATING_TANGENT,0.58,6.45799945840901,16.226991584938,1.03028696685215e-15,1.77635683940025e-15,58839.9
0.1,OPERATING_TANGENT,0.585,6.45799945840901,16.226991584938,1.03916875104915e-15,1.77635683940025e-15,58839.9
0.1,OPERATING_TANGENT,0.59,6.45799945840901,16.226991584938,1.04805053524615e-15,1.77635683940025e-15,58839.9
0.1,OPERATING_TANGENT,0.595,6.45799945840901,16.226991584938,1.05693231944315e-15,1.77635683940025e-15,58839.9
0.1,OPERATING_TANGENT,0.6,6.45799945840901,16.226991584938,1.06581410364015e-15,1.77635683940025e-15,58839.9
0.1,OPERATING_TANGENT,0.605,6.45799945840901,16.226991584938,1.07469588783715e-15,1.77635683940025e-15,58839.9
0.1,OPERATING_TANGENT,0.61,6.45799945840901,16.226991584938,1.08357767203415e-15,1.77635683940025e-15,58839.9
0.1,OPERATING_TANGENT,0.615,6.45799945840901,16.226991584938,1.09245945623115e-15,1.77635683940025e-15,58839.9
0.1,OPERATING_TANGENT,0.62,6.45799945840901,16.226991584938,1.10134124042816e-15,1.77635683940025e-15,58839.9
0.1,OPERATING_TANGENT,0.625,6.45799945840901,16.226991584938,1.11022302462516e-15,1.77635683940025e-15,58839.9
0.1,OPERATING_TANGENT,0.63,6.45799945840901,16.226991584938,1.11910480882216e-15,1.77635683940025e-15,58839.9
0.1,OPERATING_TANGENT,0.635,6.45799945840901,16.226991584938,1.12798659301916e-15,1.77635683940025e-15,58839.9
0.1,OPERATING_TANGENT,0.64,6.45799945840901,16.226991584938,1.13686837721616e-15,1.77635683940025e-15,58839.9
0.1,OPERATING_TANGENT,0.645,6.45799945840901,16.226991584938,1.14575016141316e-15,1.77635683940025e-15,58839.9
0.1,OPERATING_TANGENT,0.65,6.45799945840901,16.226991584938,1.15463194561016e-15,1.77635683940025e-15,58839.9
0.1,OPERATING_TANGENT,0.655,6.45799945840901,16.226991584938,1.16351372980716e-15,1.77635683940025e-15,58839.9
0.1,OPERATING_TANGENT,0.66,6.45799945840901,16.226991584938,1.17239551400417e-15,1.77635683940025e-15,58839.9
0.1,OPERATING_TANGENT,0.665,6.45799945840901,16.226991584938,1.18127729820117e-15,1.77635683940025e-15,58839.9
0.1,OPERATING_TANGENT,0.67,6.45799945840901,16.226991584938,1.19015908239817e-15,1.77635683940025e-15,58839.9
0.1,OPERATING_TANGENT,0.675,6.45799945840901,16.226991584938,1.19904086659517e-15,1.77635683940025e-15,58839.9
0.1,OPERATING_TANGENT,0.68,6.45799945840901,16.226991584938,1.20792265079217e-15,1.77635683940025e-15,58839.9
0.1,OPERATING_TANGENT,0.685,6.45799945840901,16.226991584938,1.21680443498917e-15,1.77635683940025e-15,58839.9
0.1,OPERATING_TANGENT,0.69,6.45799945840901,16.226991584938,1.22568621918617e-15,1.77635683940025e-15,58839.9
0.1,OPERATING_TANGENT,0.695,6.45799945840901,16.226991584938,1.23456800338317e-15,1.77635683940025e-15,58839.9
0.1,OPERATING_TANGENT,0.7,6.45799945840901,16.226991584938,1.24344978758018e-15,1.77635683940025e-15,58839.9
0.1,OPERATING_TANGENT,0.705,6.45799945840901,16.226991584938,1.25233157177718e-15,1.77635683940025e-15,58839.9
0.1,OPERATING_TANGENT,0.71,6.45799945840901,16.226991584938,1.26121335597418e-15,1.77635683940025e-15,58839.9
0.1,OPERATING_TANGENT,0.715,6.45799945840901,16.226991584938,1.27009514017118e-15,1.77635683940025e-15,58839.9
0.1,OPERATING_TANGENT,0.72,6.45799945840901,16.226991584938,1.27897692436818e-15,1.77635683940025e-15,58839.9
0.1,OPERATING_TANGENT,0.725,6.45799945840901,16.226991584938,1.28785870856518e-15,1.77635683940025e-15,58839.9
0.1,OPERATING_TANGENT,0.73,6.45799945840901,16.226991584938,1.29674049276218e-15,1.77635683940025e-15,58839.9
0.1,OPERATING_TANGENT,0.735,6.45799945840901,16.226991584938,1.30562227695918e-15,1.77635683940025e-15,58839.9
0.1,OPERATING_TANGENT,0.74,6.45799945840901,16.226991584938,1.31450406115619e-15,1.77635683940025e-15,58839.9
0.1,OPERATING_TANGENT,0.745,6.45799945840901,16.226991584938,1.32338584535319e-15,1.77635683940025e-15,58839.9
0.1,OPERATING_TANGENT,0.75,6.45799945840901,16.226991584938,1.33226762955019e-15,1.77635683940025e-15,58839.9
0.1,OPERATING_TANGENT,0.755,6.45799945840901,16.226991584938,1.34114941374719e-15,1.77635683940025e-15,58839.9
0.1,OPERATING_TANGENT,0.76,6.45799945840901,16.226991584938,1.35003119794419e-15,1.77635683940025e-15,58839.9
0.1,OPERATING_TANGENT,0.765,6.45799945840901,16.226991584938,1.35891298214119e-15,1.77635683940025e-15,58839.9
0.1,OPERATING_TANGENT,0.77,6.45799945840901,16.226991584938,1.36779476633819e-15,1.77635683940025e-15,58839.9
0.1,OPERATING_TANGENT,0.775,6.45799945840901,16.226991584938,1.37667655053519e-15,1.77635683940025e-15,58839.9
0.1,OPERATING_TANGENT,0.78,6.45799945840901,16.226991584938,1.3855583347322e-15,1.77635683940025e-15,58839.9
0.1,OPERATING_TANGENT,0.785,6.45799945840901,16.226991584938,1.3944401189292e-15,1.77635683940025e-15,58839.9
0.1,OPERATING_TANGENT,0.79,6.45799945840901,16.226991584938,1.4033219031262e-15,1.77635683940025e-15,58839.9
0.1,OPERATING_TANGENT,0.795,6.45799945840901,16.226991584938,1.4122036873232e-15,1.77635683940025e-15,58839.9
0.1,OPERATING_TANGENT,0.8,6.45799945840901,16.226991584938,1.4210854715202e-15,1.77635683940025e-15,58839.9
0.1,OPERATING_TANGENT,0.805,6.45799945840901,16.226991584938,1.4299672557172e-15,1.77635683940025e-15,58839.9
0.1,OPERATING_TANGENT,0.81,6.45799945840901,16.226991584938,1.4388490399142e-15,1.77635683940025e-15,58839.9
0.1,OPERATING_TANGENT,0.815,6.45799945840901,16.226991584938,1.4477308241112e-15,1.77635683940025e-15,58839.9
0.1,OPERATING_TANGENT,0.82,6.45799945840901,16.226991584938,1.45661260830821e-15,1.77635683940025e-15,58839.9
0.1,OPERATING_TANGENT,0.825,6.45799945840901,16.226991584938,1.46549439250521e-15,1.77635683940025e-15,58839.9
0.1,OPERATING_TANGENT,0.83,6.45799945840901,16.226991584938,1.47437617670221e-15,1.77635683940025e-15,58839.9
0.1,OPERATING_TANGENT,0.835,6.45799945840901,16.226991584938,1.48325796089921e-15,1.77635683940025e-15,58839.9
0.1,OPERATING_TANGENT,0.84,6.45799945840901,16.226991584938,1.49213974509621e-15,1.77635683940025e-15,58839.9
0.1,OPERATING_TANGENT,0.845,6.45799945840901,16.226991584938,1.50102152929321e-15,1.77635683940025e-15,58839.9
0.1,OPERATING_TANGENT,0.85,6.45799945840901,16.226991584938,1.50990331349021e-15,1.77635683940025e-15,58839.9
0.1,OPERATING_TANGENT,0.855,6.45799945840901,16.226991584938,1.51878509768721e-15,1.77635683940025e-15,58839.9
0.1,OPERATING_TANGENT,0.86,6.45799945840901,16.226991584938,1.52766688188422e-15,1.77635683940025e-15,58839.9
0.1,OPERATING_TANGENT,0.865,6.45799945840901,16.226991584938,1.53654866608122e-15,1.77635683940025e-15,58839.9
0.1,OPERATING_TANGENT,0.87,6.45799945840901,16.226991584938,1.54543045027822e-15,1.77635683940025e-15,58839.9
0.1,OPERATING_TANGENT,0.875,6.45799945840901,16.226991584938,1.55431223447522e-15,1.77635683940025e-15,58839.9
0.1,OPERATING_TANGENT,0.88,6.45799945840901,16.226991584938,1.56319401867222e-15,1.77635683940025e-15,58839.9
0.1,OPERATING_TANGENT,0.885,6.45799945840901,16.226991584938,1.57207580286922e-15,1.77635683940025e-15,58839.9
0.1,OPERATING_TANGENT,0.89,6.45799945840901,16.226991584938,1.58095758706622e-15,1.77635683940025e-15,58839.9
0.1,OPERATING_TANGENT,0.895,6.45799945840901,16.226991584938,1.58983937126322e-15,1.77635683940025e-15,58839.9
0.1,OPERATING_TANGENT,0.9,6.45799945840901,16.226991584938,1.59872115546023e-15,1.77635683940025e-15,58839.9
0.1,OPERATING_TANGENT,0.905,6.45799945840901,16.226991584938,1.60760293965723e-15,1.77635683940025e-15,58839.9
0.1,OPERATING_TANGENT,0.91,6.45799945840901,16.226991584938,1.61648472385423e-15,1.77635683940025e-15,58839.9
0.1,OPERATING_TANGENT,0.915,6.45799945840901,16.226991584938,1.62536650805123e-15,1.77635683940025e-15,58839.9
0.1,OPERATING_TANGENT,0.92,6.45799945840901,16.226991584938,1.63424829224823e-15,1.77635683940025e-15,58839.9
0.1,OPERATING_TANGENT,0.925,6.45799945840901,16.226991584938,1.64313007644523e-15,1.77635683940025e-15,58839.9
0.1,OPERATING_TANGENT,0.93,6.45799945840901,16.226991584938,1.65201186064223e-15,1.77635683940025e-15,58839.9
0.1,OPERATING_TANGENT,0.935,6.45799945840901,16.226991584938,1.66089364483923e-15,1.77635683940025e-15,58839.9
0.1,OPERATING_TANGENT,0.94,6.45799945840901,16.226991584938,1.66977542903624e-15,1.77635683940025e-15,58839.9
0.1,OPERATING_TANGENT,0.945,6.45799945840901,16.226991584938,1.67865721323324e-15,1.77635683940025e-15,58839.9
0.1,OPERATING_TANGENT,0.95,6.45799945840901,16.226991584938,1.68753899743024e-15,1.77635683940025e-15,58839.9
0.1,OPERATING_TANGENT,0.955,6.45799945840901,16.226991584938,1.69642078162724e-15,1.77635683940025e-15,58839.9
0.1,OPERATING_TANGENT,0.96,6.45799945840901,16.226991584938,1.70530256582424e-15,1.77635683940025e-15,58839.9
0.1,OPERATING_TANGENT,0.965,6.45799945840901,16.226991584938,1.71418435002124e-15,1.77635683940025e-15,58839.9
0.1,OPERATING_TANGENT,0.97,6.45799945840901,16.226991584938,1.72306613421824e-15,1.77635683940025e-15,58839.9
0.1,OPERATING_TANGENT,0.975,6.45799945840901,16.226991584938,1.73194791841524e-15,1.77635683940025e-15,58839.9
0.1,OPERATING_TANGENT,0.98,6.45799945840901,16.226991584938,1.74082970261225e-15,1.77635683940025e-15,58839.9
0.1,OPERATING_TANGENT,0.985,6.45799945840901,16.226991584938,1.74971148680925e-15,1.77635683940025e-15,58839.9
0.1,OPERATING_TANGENT,0.99,6.45799945840901,16.226991584938,1.75859327100625e-15,1.77635683940025e-15,58839.9
0.1,OPERATING_TANGENT,0.995,6.45799945840901,16.226991584938,1.76747505520325e-15,1.77635683940025e-15,58839.9
0.1,OPERATING_TANGENT,1,6.45799945840901,16.226991584938,1.77635683940025e-15,1.77635683940025e-15,58839.9
0.1,OPERATING_TANGENT,1.005,6.45800562678492,16.2269919205681,1.34514089541093e-08,8.02168089464317e-06,58839.9481300854
0.1,OPERATING_TANGENT,1.01,6.45802413039072,16.2269941226678,1.0579276870833e-07,3.13902623965134e-05,58840.0883415744
0.1,OPERATING_TANGENT,1.015,6.45805496466091,16.2269996979026,3.5145990430419e-07,6.92193362219484e-05,58840.3153160173
0.1,OPERATING_TANGENT,1.02,6.45809812198759,16.2270098338591,8.20913505618446e-07,0.00012079834928258,58840.6247900957
0.1,OPERATING_TANGENT,1.025,6.45815359172235,16.22702546437,1.5814228308682e-06,0.000185555798367432,58841.0133347902
0.1,OPERATING_TANGENT,1.03,6.45822136017885,16.2270473213728,2.69768508875205e-06,0.000263030014021837,58841.4781800841
0.1,OPERATING_TANGENT,1.035,6.45830141063625,16.2270759760809,4.23231438508121e-06,0.000352845969374016,58842.0170758162
0.1,OPERATING_TANGENT,1.04,6.45839372334328,16.2271118716687,6.24622713352472e-06,0.000454696871903693,58842.6281812314
0.1,OPERATING_TANGENT,1.045,6.45849827552318,16.227155349221,8.79894528522362e-06,0.000568329552358193,58843.3099773141
0.1,OPERATING_TANGENT,1.05,6.45861504137925,16.2272066683357,1.19488343306425e-05,0.000693532868080382,58844.0611972085
0.1,OPERATING_TANGENT,1.055,6.45874399210127,16.2272660234814,1.57532895322335e-05,0.000830128499480054,58844.8807709969
0.1,OPERATING_TANGENT,1.06,6.45888509587257,16.2273335569859,2.02688810730623e-05,0.000977963646423774,58845.7677818785
0.1,OPERATING_TANGENT,1.065,6.45903831787792,16.2274093693497,2.55514666040479e-05,0.0011369052329524,58846.7214313977
0.1,OPERATING_TANGENT,1.07,6.45920362031207,16.2274935274364,3.1656277924399e-05,0.00130683530957398,58847.7410118574
0.1,OPERATING_TANGENT,1.075,6.45938096238912,16.2275860709782,3.86379871423899e-05,0.0014876474062735,58848.8258844376
0.1,OPERATING_TANGENT,1.08,6.45957030035258,16.2276870177427,4.6550756561404e-05,0.00167924364048311,58849.9754618429
0.1,OPERATING_TANGENT,1.085,6.45977158748612,16.2277963676387,5.54482756622087e-05,0.00188153242440592,58851.1891945464
0.1,OPERATING_TANGENT,1.09,6.45998477412516,16.2279141059784,6.53837878577085e-05,0.00209442664830739,58852.4665598898
0.1,OPERATING_TANGENT,1.095,6.46020980766909,16.228040206071,7.64101091455578e-05,0.00231784224175691,58853.8070534505
0.1,OPERATING_TANGENT,1.1,6.46044663259425,16.2281746312851,8.8579640346387e-05,0.00255169703503277,58855.2101822102
0.1,OPERATING_TANGENT,1.105,6.46069519046763,16.22831733669,0.00010194437426802,0.0027959098589303,58856.6754591536
0.1,OPERATING_TANGENT,1.11,6.4609554199613,16.2284682703621,0.000116555898860487,0.00305039983396505,58858.2023990038
0.1,OPERATING_TANGENT,1.115,6.46122725686751,16.2286273744261,0.000132465397207624,0.00331508580998907,58859.7905148599
0.1,OPERATING_TANGENT,1.12,6.46151063411459,16.2287945858861,0.000149723645027253,0.00358988592541465,58861.4393155525
0.1,OPERATING_TANGENT,1.125,6.46180548178344,16.2289698372882,0.000168381006214107,0.0038747172614304,58863.1483035686
0.1,OPERATING_TANGENT,1.13,6.46211172712481,16.2291530572524,0.000188487426850042,0.00416949557181567,58864.9169734309
0.1,OPERATING_TANGENT,1.135,6.46242929457723,16.2293441708982,0.000210092428019276,0.00447413507279926,58866.7448104368
0.1,OPERATING_TANGENT,1.14,6.46275810578571,16.229543100187,0.000233245097697116,0.00478854828079456,58868.6312896848
0.1,OPERATING_TANGENT,1.145,6.46309807962098,16.2297497641987,0.00025799408192609,0.00511264588817184,58870.575875329
0.1,OPERATING_TANGENT,1.15,6.46344913219959,16.2299640793556,0.00028438757544981,0.00544633666940442,58872.5780200164
0.1,OPERATING_TANGENT,1.155,6.46381117690457,16.2301859596053,0.000312473311940251,0.00578952741140881,58874.6371644684
0.1,OPERATING_TANGENT,1.16,6.46418412440681,16.2304153165703,0.000342298553926882,0.00614212286318683,58876.7527371791
0.1,OPERATING_TANGENT,1.165,6.4645678826871,16.2306520596716,0.000373910082514139,0.00650402570094677,58878.9241542057
0.1,OPERATING_TANGENT,1.17,6.46496235705881,16.2308960962325,0.000407354186956476,0.00687513650559346,58881.1508190336
0.1,OPERATING_TANGENT,1.175,6.4653674501913,16.2311473315649,0.000442676654146708,0.00725535375012321,58883.4321225007
0.1,OPERATING_TANGENT,1.18,6.46578306213391,16.2314056690441,0.000479922758061978,0.00764457379506212,58885.7674427704
0.1,OPERATING_TANGENT,1.185,6.46620909034059,16.2316710101729,0.000519137249203626,0.00804269089030107,58888.1561453418
0.1,OPERATING_TANGENT,1.19,6.46664542969528,16.2319432546375,0.000560364344059768,0.00844959718218696,58890.5975830931
0.1,OPERATING_TANGENT,1.195,6.46709197253776,16.232222300358,0.000603647714614309,0.00886518272486647,58893.0910963492
0.1,OPERATING_TANGENT,1.2,6.46754860869026,16.2325080435333,0.000649030477921697,0.0092893354951098,58895.6360129707
0.1,OPERATING_TANGENT,1.205,6.46801522548465,16.2328003786827,0.000696555185763064,0.00972194140996407,58898.2316484598
0.1,OPERATING_TANGENT,1.21,6.46849170779022,16.2330991986847,0.000746263814396925,0.0101628843468244,58900.8773060809
0.1,OPERATING_TANGENT,1.215,6.46897793804209,16.2334043948125,0.000798197754415209,0.0106120461654484,58903.5722769927
0.1,OPERATING_TANGENT,1.22,6.46947379627022,16.2337158567697,0.000852397800713696,0.0110693067317058,58906.3158403902
0.1,OPERATING_TANGENT,1.225,6.46997916012901,16.2340334727228,0.000908904142584777,0.0115345439426324,58909.1072636558
0.1,OPERATING_TANGENT,1.23,6.47049390492749,16.2343571293338,0.000967756353938802,0.0120076337528356,58911.945802517
0.1,OPERATING_TANGENT,1.235,6.47101790366008,16.2346867117921,0.00102899338365999,0.0124884502019018,58914.8307012114
0.1,OPERATING_TANGENT,1.24,6.47155102703794,16.2350221038457,0.00109265354610181,0.012976865442722,58917.7611926563
0.1,OPERATING_TANGENT,1.245,6.47209314352085,16.2353631878318,0.00115877451172623,0.0134727497707186,58920.7364986243
0.1,OPERATING_TANGENT,1.25,6.47264411934968,16.2357098447082,0.00122739329789082,0.013975971653732,58923.7558299224
0.1,OPERATING_TANGENT,1.255,6.47320381857939,16.2360619540834,0.00129854625978725,0.0144863977627114,58926.8183865763
0.1,OPERATING_TANGENT,1.26,6.47377210311257,16.2364193942474,0.00137226908153458,0.0150038930029019,58929.9233580174
0.1,OPERATING_TANGENT,1.265,6.47434883273352,16.2367820422029,0.00144859676743018,0.015528320545716,58933.0699232743
0.1,OPERATING_TANGENT,1.27,6.47493386514282,16.2371497736955,0.00152756363336127,0.0160595418611109,58936.2572511667
0.1,OPERATING_TANGENT,1.275,6.4755270559925,16.2375224632453,0.00160920329837967,0.0165974167504697,58939.4845005028
0.1,OPERATING_TANGENT,1.28,6.47612825892157,16.2378999841778,0.00169354867644225,0.0171418033800155,58942.7508202801
0.1,OPERATING_TANGENT,1.285,6.47673732559222,16.2382822086553,0.00178063196831952,0.017692558314641,58946.0553498878
0.1,OPERATING_TANGENT,1.29,6.47735410572636,16.2386690077083,0.00187048465367455,0.0182495365522168,58949.3972193133
0.1,OPERATING_TANGENT,1.295,6.47797844714271,16.2390602512681,0.00196313748331454,0.0188125915583228,58952.7755493499
0.1,OPERATING_TANGENT,1.3,6.47861019579438,16.2394558081976,0.00205862047161698,0.0193815753013791,58956.1894518083
0.1,OPERATING_TANGENT,1.305,6.47924919580684,16.2398555463246,0.00215696288913265,0.0199563382881998,58959.6380297292
0.1,OPERATING_TANGENT,1.31,6.4798952895164,16.2402593324738,0.00225819325536719,0.0205367295999235,58963.1203775995
0.1,OPERATING_TANGENT,1.315,6.4805483175091,16.2406670324995,0.00236233933174335,0.0211225969283255,58966.6355815699
0.1,OPERATING_TANGENT,1.32,6.48120811866006,16.2410785113188,0.00246942811474567,0.0217137866124659,58970.1827196748
0.1,OPERATING_TANGENT,1.325,6.48187453017321,16.2414936329445,0.00257948582924942,0.0223101436757496,58973.7608620545
0.1,OPERATING_TANGENT,1.33,6.48254738762149,16.2419122605183,0.0026925379220355,0.0229115118632528,58977.3690711795
0.1,OPERATING_TANGENT,1.335,6.48322652498739,16.2423342563449,0.00280860905549299,0.023517733679487,58981.0064020769
0.1,OPERATING_TANGENT,1.34,6.48391177470392,16.2427594819253,0.0029277231015112,0.0241286504263538,58984.6719025581
0.1,OPERATING_TANGENT,1.345,6.48460296769598,16.2431877979911,0.00304990313556244,0.0247441022415487,58988.3646134493
0.1,OPERATING_TANGENT,1.35,6.48529993342203,16.2436190645383,0.00317517143097736,0.0253639281371711,58992.083568823
0.1,OPERATING_TANGENT,1.355,6.48600249991621,16.2440531408619,0.00330354945341436,0.0259879660387021,58995.8277962322
0.1,OPERATING_TANGENT,1.36,6.48671049383075,16.2444898855905,0.0034350578555243,0.0266160528241866,58999.5963169451
0.1,OPERATING_TANGENT,1.365,6.48742374047875,16.2449291567207,0.00356971647181208,0.0272480243637894,59003.3881461827
0.1,OPERATING_TANGENT,1.37,6.48814206387727,16.2453708116521,0.00370754431369657,0.0278837155595451,59007.2022933573
0.1,OPERATING_TANGENT,1.375,6.48886528679075,16.2458147072224,0.00384855956476984,0.0285229603853914,59011.0377623123
0.1,OPERATING_TANGENT,1.38,6.48959323077477,16.2462606997424,0.00399277957625744,0.0291655919274731,59014.8935515648
0.1,OPERATING_TANGENT,1.385,6.49032571622004,16.2467086450311,0.00414022086268045,0.0298114424246343,59018.7686545478
0.1,OPERATING_TANGENT,1.39,6.49106256239674,16.2471583984516,0.00429089909772097,0.0304603433091959,59022.6620598552
0.1,OPERATING_TANGENT,1.395,6.4918035874991,16.2476098149463,0.0044448291102917,0.0311121252479243,59026.5727514875
0.1,OPERATING_TANGENT,1.4,6.49254860869026,16.2480627490723,0.00460202488081112,0.0317666181832088,59030.4997090992
0.1,OPERATING_TANGENT,1.405,6.49329744214739,16.2485170550377,0.00476249953768493,0.0324236513744545,59034.4419082467
0.1,OPERATING_TANGENT,1.41,6.49404990310705,16.248972586737,0.00492626535399508,0.0330830534396611,59038.398320638
0.1,OPERATING_TANGENT,1.415,6.49480580591074,16.2494291977871,0.00509333374439704,0.0337446523971874,59042.3679143831
0.1,OPERATING_TANGENT,1.42,6.49556496405076,16.2498867415634,0.00526371526222628,0.0344082757076798,59046.3496542461
0.1,OPERATING_TANGENT,1.425,6.49632719021621,16.2503450712357,0.005437419596815,0.0350737503161529,59050.3425018969
0.1,OPERATING_TANGENT,1.43,6.49709229633918,16.2508040398045,0.00561445557101946,0.0357409026942737,59054.3454161656
0.1,OPERATING_TANGENT,1.435,6.49786009364118,16.251263500137,0.00579483113895915,0.0364095588827062,59058.3573532962
0.1,OPERATING_TANGENT,1.44,6.49863039267972,16.2517233050033,0.00597855338396808,0.0370795445336718,59062.377267202
0.1,OPERATING_TANGENT,1.445,6.49940300339504,16.2521833071127,0.00616562851675912,0.0377506849535756,59066.4041097215
0.1,OPERATING_TANGENT,1.45,6.500177735157,16.2526433591484,0.0063560618737477,0.0384228050817761,59070.4368304906
0.1,OPERATING_TANGENT,1.455,6.50095439681213,16.2531033137797,0.00654985791461668,0.0390957293872276,59074.4743763234
0.1,OPERATING_TANGENT,1.46,6.50173279673079,16.2535630237237,0.00674702022202288,0.0397692825364491,59078.5156952187
0.1,OPERATING_TANGENT,1.465,6.50251274285445,16.2540223417939,0.00694755150112663,0.0404432888806756,59082.559733284
0.1,OPERATING_TANGENT,1.47,6.50329404274308,16.2544811209261,0.00715145357849572,0.0411175726388944,59086.6054358334
0.1,OPERATING_TANGENT,1.475,6.50407650362262,16.2549392142148,0.00735872740155282,0.0417919579412427,59090.6517476475
0.1,OPERATING_TANGENT,1.48,6.50485993243254,16.2553964749489,0.0075693730382397,0.0424662688724631,59094.6976132348
0.1,OPERATING_TANGENT,1.485,6.50564413587353,16.2558527566472,0.00778338967689886,0.0431403295152855,59098.7419770917
0.1,OPERATING_TANGENT,1.49,6.5064289204551,16.2563079130949,0.00800077562637189,0.0438139639938644,59102.7837839632
0.1,OPERATING_TANGENT,1.495,6.50721409254342,16.2567617983793,0.00822152831631523,0.044486996517163,59106.821979103
0.1,OPERATING_TANGENT,1.5,6.50799945840901,16.2572142669254,0.00844564429773263,0.0451592514223638,59110.8555085342
0.1,OPERATING_TANGENT,1.505,6.5087848242746,16.2576651735318,0.00867311924372472,0.0458305532182255,59114.8833193094
0.1,OPERATING_TANGENT,1.51,6.50956999636291,16.2581143734068,0.00890394795045524,0.0465007266284392,59118.9043597706
0.1,OPERATING_TANGENT,1.515,6.51035478094449,16.2585617222036,0.00913812433833404,0.0471695966349408,59122.9175798096
0.1,OPERATING_TANGENT,1.52,6.51113898438547,16.2590070760562,0.00937564145341643,0.0478369885211745,59126.921931127
0.1,OPERATING_TANGENT,1.525,6.5119224131954,16.2594502916148,0.00961649146901887,0.048502727915313,59130.9163674919
0.1,OPERATING_TANGENT,1.53,6.51270487407493,16.2598912260809,0.00986066568755044,0.0491666408334019,59134.8998450004
0.1,OPERATING_TANGENT,1.535,6.51348617396356,16.2603297372432,0.0101081545425601,0.0498285537224632,59138.8713223348
0.1,OPERATING_TANGENT,1.54,6.51426612008722,16.2607656835121,0.0103589476009987,0.0504882935034807,59142.8297610209
0.1,OPERATING_TANGENT,1.545,6.51504452000589,16.261198923955,0.0106130335656969,0.0511456876143104,59146.7741256859
0.1,OPERATING_TANGENT,1.55,6.51582118166102,16.2616293183309,0.0108704002780556,0.0518005640525079,59150.703384315
0.1,OPERATING_TANGENT,1.555,6.51659591342298,16.2620567271253,0.0111310347209521,0.0524527514179915,59154.6165085079
0.1,OPERATING_TANGENT,1.56,6.51736852413829,16.2624810115847,0.0113949230218579,0.0531020789556518,59158.5124737339
0.1,OPERATING_TANGENT,1.565,6.51813882317683,16.2629020337506,0.0116620504561697,0.0537483765977722,59162.3902595866
0.1,OPERATING_TANGENT,1.57,6.51890662047883,16.2633196564942,0.0119324014507526,0.0543914750063283,59166.248850038
0.1,OPERATING_TANGENT,1.575,6.5196717266018,16.2637337435495,0.0122059595876935,0.0550312056151334,59170.0872336908
0.1,OPERATING_TANGENT,1.58,6.52043395276725,16.264144159548,0.0124827076082657,0.0556674006718225,59173.9044040309
0.1,OPERATING_TANGENT,1.585,6.52119311090728,16.2645507700515,0.0127626274171022,0.0562998932796432,59177.6993596779
0.1,OPERATING_TANGENT,1.59,6.52194901371097,16.2649534415855,0.0130457000865782,0.0569285174390775,59181.4711046345
0.1,OPERATING_TANGENT,1.595,6.52270147467062,16.2653520416726,0.0133319058614007,0.0575531080892659,59185.2186485356
0.1,OPERATING_TANGENT,1.6,6.52345030812775,16.265746438865,0.0136212241634053,0.0581735011492039,59188.9410068952
0.1,OPERATING_TANGENT,1.605,6.52419532931891,16.2661365027772,0.0139136335965574,0.0587895335587607,59192.6372013526
0.1,OPERATING_TANGENT,1.61,6.52493635442127,16.2665221041183,0.014209111952159,0.0594010433194203,59196.3062599165
0.1,OPERATING_TANGENT,1.615,6.52567320059797,16.2669031147238,0.0145076362142583,0.0600078695348163,59199.9472172089
0.1,OPERATING_TANGENT,1.62,6.52640568604324,16.2672794075879,0.0148091825652609,0.0606098524510124,59203.5591147061
0.1,OPERATING_TANGENT,1.625,6.52713363002726,16.2676508568945,0.0151137263917423,0.061206833496513,59207.1410009791
0.1,OPERATING_TANGENT,1.63,6.52785685294075,16.2680173380488,0.0154212422904596,0.0617986553220167,59210.6919319321
0.1,OPERATING_TANGENT,1.635,6.52857517633926,16.2683787277079,0.0157317040745612,0.0623851618398525,59214.2109710391
0.1,OPERATING_TANGENT,1.64,6.52928842298726,16.2687349038114,0.0160450847799929,0.0629661982631955,59217.6971895792
0.1,OPERATING_TANGENT,1.645,6.5299964169018,16.2690857456119,0.0163613566720996,0.0635416111448972,59221.1496668694
0.1,OPERATING_TANGENT,1.65,6.53069898339598,16.2694311337051,0.0166804912524202,0.0641112484160633,59224.5674904964
0.1,OPERATING_TANGENT,1.655,6.53139594912204,16.2697709500589,0.0170024592656745,0.0646749594242877,59227.9497565457
0.1,OPERATING_TANGENT,1.66,6.53208714211409,16.2701050780432,0.0173272307069405,0.0652325949715618,59231.2955698294
0.1,OPERATING_TANGENT,1.665,6.53277239183063,16.2704334024586,0.0176547748290206,0.0657840073518141,59234.6040441109
0.1,OPERATING_TANGENT,1.67,6.53345152919653,16.2707558095654,0.0179850601499943,0.0663290503881377,59237.8743023288
0.1,OPERATING_TANGENT,1.675,6.5341243866448,16.2710721871111,0.0183180544609566,0.0668675794696298,59241.1054768178
0.1,OPERATING_TANGENT,1.68,6.53479079815796,16.2713824243593,0.0186537248339387,0.0673994515878711,59244.2967095272
0.1,OPERATING_TANGENT,1.685,6.53545059930891,16.2716864121163,0.0189920376300116,0.0679245253730034,59247.447152238
0.1,OPERATING_TANGENT,1.69,6.53610362730161,16.2719840427588,0.0193329585075678,0.0684426611294384,59250.5559667766
0.1,OPERATING_TANGENT,1.695,6.53674972101117,16.2722752102605,0.0196764524307811,0.0689537208711517,59253.6223252269
0.1,OPERATING_TANGENT,1.7,6.53738872102363,16.2725598102184,0.0200224836782421,0.0694575683565741,59256.6454101394
0.1,OPERATING_TANGENT,1.705,6.5380204696753,16.2728377398789,0.0203710158517666,0.0699540691230549,59259.6244147383
0.1,OPERATING_TANGENT,1.71,6.53864481109166,16.2731088981633,0.0207220118853753,0.0704430905208966,59262.5585431254
0.1,OPERATING_TANGENT,1.715,6.53926159122579,16.2733731856928,0.0210754340544432,0.0709245017469602,59265.4470104818
0.1,OPERATING_TANGENT,1.72,6.53987065789644,16.2736305048136,0.021431243985015,0.0713981738777996,59268.2890432668
0.1,OPERATING_TANGENT,1.725,6.54047186082552,16.2738807596207,0.0217894026632859,0.0718639799023624,59271.0838794142
0.1,OPERATING_TANGENT,1.73,6.54106505167519,16.2741238559823,0.0221498704452438,0.0723217947542185,59273.8307685253
0.1,OPERATING_TANGENT,1.735,6.5416500840845,16.2743597015629,0.0225126070664726,0.0727714953433143,59276.5289720599
0.1,OPERATING_TANGENT,1.74,6.54222681370544,16.2745882058462,0.022877571652112,0.073212960587222,59279.1777635233
0.1,OPERATING_TANGENT,1.745,6.54279509823862,16.2748092801582,0.0232447227269729,0.0736460714419369,59281.7764286516
0.1,OPERATING_TANGENT,1.75,6.54335479746833,16.2750228376884,0.0236140182258055,0.074070710932121,59284.3242655927
0.1,OPERATING_TANGENT,1.755,6.54390577329717,16.2752287935125,0.0239854155037171,0.0744867641809108,59286.8205850855
0.1,OPERATING_TANGENT,1.76,6.54444788978008,16.2754270646124,0.0243588713467381,0.0748941184391203,59289.2647106347
0.1,OPERATING_TANGENT,1.765,6.54498101315794,16.275617569898,0.0247343419825319,0.0752926631139896,59291.6559786839
0.1,OPERATING_TANGENT,1.77,6.54550501189053,16.2758002302267,0.0251117830912483,0.0756822897973741,59293.9937387842
0.1,OPERATING_TANGENT,1.775,6.54601975668901,16.2759749684231,0.0254911498165156,0.0760628922933666,59296.2773537602
0.1,OPERATING_TANGENT,1.78,6.5465251205478,16.2761417092989,0.0258723967765696,0.0764343666454277,59298.5061998726
0.1,OPERATING_TANGENT,1.785,6.54702097877592,16.2763003796708,0.0262554780755175,0.076796611162905,59300.6796669774
0.1,OPERATING_TANGENT,1.79,6.54750720902779,16.2764509083794,0.0266403473147321,0.0771495264470108,59302.7971586821
0.1,OPERATING_TANGENT,1.795,6.54798369133336,16.2765932263066,0.0270269576043752,0.0774930154162519,59304.8580924975
0.1,OPERATING_TANGENT,1.8,6.54845030812775,16.2767272663932,0.0274152615750461,0.0778269833312137,59306.8618999873
0.1,OPERATING_TANGENT,1.805,6.54890694428026,16.2768529636551,0.0278052113895529,0.0781513378188503,59308.8080269131
0.1,OPERATING_TANGENT,1.81,6.54935348712274,16.2769702551998,0.0281967587548038,0.0784659888960988,59310.6959333766
0.1,OPERATING_TANGENT,1.815,6.54978982647742,16.2770790802424,0.0285898549338149,0.0787708489929475,59312.5250939577
0.1,OPERATING_TANGENT,1.82,6.55021585468411,16.2771793801202,0.0289844507578318,0.0790658329748748,59314.2949978492
0.1,OPERATING_TANGENT,1.825,6.55063146662671,16.2772710983078,0.0293804966385619,0.0793508581646805,59316.0051489881
0.1,OPERATING_TANGENT,1.83,6.5510365597592,16.2773541804308,0.0297779425805142,0.0796258443637221,59317.6550661823
0.1,OPERATING_TANGENT,1.835,6.55143103413092,16.27742857428,0.0301767381934438,0.0798907138724623,59319.2442832348
0.1,OPERATING_TANGENT,1.84,6.5518147924112,16.2774942298237,0.0305768327048981,0.0801453915104702,59320.7723490628
0.1,OPERATING_TANGENT,1.845,6.55218773991344,16.2775510992207,0.03097817497286,0.080389804635745,59322.2388278145
0.1,OPERATING_TANGENT,1.85,6.55254978461843,16.2775991368322,0.0313807134984879,0.0806238831633657,59323.6432989802
0.1,OPERATING_TANGENT,1.855,6.55290083719704,16.2776382992329,0.0317843964389459,0.0808475595835709,59324.9853575014
0.1,OPERATING_TANGENT,1.86,6.55324081103231,16.2776685452224,0.0321891716203237,0.0810607689791176,59326.2646138747
0.1,OPERATING_TANGENT,1.865,6.55356962224078,16.2776898358348,0.032594986550641,0.0812634490420248,59327.4806942521
0.1,OPERATING_TANGENT,1.87,6.55388718969321,16.2777021343491,0.0330017884329344,0.0814555400896282,59328.6332405378
0.1,OPERATING_TANGENT,1.875,6.55419343503457,16.2777054062979,0.0334095241784227,0.0816369850799941,59329.72191048
0.1,OPERATING_TANGENT,1.88,6.55448828270342,16.2776996194765,0.033818140419748,0.0818077296266502,59330.7463777599
0.1,OPERATING_TANGENT,1.885,6.5547716599505,16.2776847439503,0.0342275835242876,0.0819677220126298,59331.7063320758
0.1,OPERATING_TANGENT,1.89,6.55504349685672,16.277660752063,0.0346377996075363,0.0821169132038513,59332.6014792231
0.1,OPERATING_TANGENT,1.895,6.55530372635038,16.2776276184432,0.035048734546552,0.0822552568618313,59333.431541171
0.1,OPERATING_TANGENT,1.9,6.55555228422377,16.2775853200104,0.0354603339934646,0.0823827093556666,59334.196256134
0.1,OPERATING_TANGENT,1.905,6.55578910914892,16.2775338359816,0.0358725433890419,0.0824992297733615,59334.8953786402
0.1,OPERATING_TANGENT,1.91,6.55601414269285,16.2774731478756,0.0362853079763114,0.0826047799324563,59335.5286795947
0.1,OPERATING_TANGENT,1.915,6.5562273293319,16.2774032395185,0.0366985728142332,0.0826993243899423,59336.0959463397
0.1,OPERATING_TANGENT,1.92,6.55642861646544,16.2773240970472,0.0371122827914201,0.0827828304514959,59336.596982709
0.1,OPERATING_TANGENT,1.925,6.55661795442889,16.2772357089128,0.037526382639903,0.0828552681800083,59337.03160908
0.1,OPERATING_TANGENT,1.93,6.55679529650595,16.2771380658839,0.0379408169489367,0.0829166104033963,59337.3996624204
0.1,OPERATING_TANGENT,1.935,6.5569605989401,16.277031161049,0.0383555301788434,0.0829668327217075,59337.7009963302
0.1,OPERATING_TANGENT,1.94,6.55711382094544,16.2769149898176,0.038770466674889,0.0830059135135457,59337.9354810813
0.1,OPERATING_TANGENT,1.945,6.55725492471675,16.276789549922,0.0391855706811911,0.0830338339417427,59338.1030036505
0.1,OPERATING_TANGENT,1.95,6.55738387543876,16.2766548414175,0.0396007863546524,0.0830505779583461,59338.2034677501
0.1,OPERATING_TANGENT,1.955,6.55750064129483,16.2765108666829,0.040016057778918,0.0830561323088723,59338.2367938532
0.1,OPERATING_TANGENT,1.96,6.55760519347473,16.2763576304193,0.0404313289783518,0.0830504865358694,59338.2029192152
0.1,OPERATING_TANGENT,1.965,6.55769750618177,16.2761951396492,0.0408465439320292,0.0830336329817332,59338.1017978904
0.1,OPERATING_TANGENT,1.97,6.55777755663916,16.2760234037151,0.0412616465877414,0.0830055667908152,59337.9334007449
0.1,OPERATING_TANGENT,1.975,6.55784532509566,16.2758424342767,0.0416765808760097,0.0829662859108424,59337.6977154651
0.1,OPERATING_TANGENT,1.98,6.55790079483042,16.2756522453082,0.0420912907241038,0.0829157910935479,59337.3947465613
0.1,OPERATING_TANGENT,1.985,6.55794395215711,16.2754528530949,0.0425057200700623,0.082854085894672,59337.024515368
0.1,OPERATING_TANGENT,1.99,6.55797478642729,16.2752442762292,0.0429198128767109,0.082781176673155,59336.5870600389
0.1,OPERATING_TANGENT,1.995,6.55799329003309,16.2750265356057,0.0433335131456752,0.082697072589669,59336.082435538
0.1,OPERATING_TANGENT,2,6.55799945840901,16.2747996544162,0.043746764931384,0.0826017856044086,59335.5107136264
0.1,OPERATING_TANGENT,2.005,6.55799329003309,16.274563658144,0.0441595123550599,0.0824953304741705,59334.871982845
0.1,OPERATING_TANGENT,2.01,6.55797478642729,16.2743185745574,0.0445716996186937,0.0823777247486976,59334.1663484922
0.1,OPERATING_TANGENT,2.015,6.55794395215711,16.2740644337029,0.0449832710189981,0.0822489887663238,59333.3939325979
0.1,OPERATING_TANGENT,2.02,6.55790079483042,16.2738012678976,0.0453941709613389,0.0821091456489125,59332.5548738935
0.1,OPERATING_TANGENT,2.025,6.55784532509566,16.2735291117212,0.0458043439736376,0.0819582212960217,59331.6493277761
0.1,OPERATING_TANGENT,2.03,6.55777755663916,16.2732480020076,0.0462137347202448,0.0817962443784381,59330.6774662706
0.1,OPERATING_TANGENT,2.035,6.55769750618177,16.2729579778352,0.0466222880157778,0.0816232463309454,59329.6394779857
0.1,OPERATING_TANGENT,2.04,6.55760519347473,16.2726590805178,0.0470299488389218,0.0814392613443768,59328.5355680663
0.1,OPERATING_TANGENT,2.045,6.55750064129483,16.2723513535938,0.0474366623461882,0.0812443263570071,59327.365958142
0.1,OPERATING_TANGENT,2.05,6.55738387543876,16.2720348428156,0.0478423738856293,0.0810384810451996,59326.1308862712
0.1,OPERATING_TANGENT,2.055,6.55725492471675,16.271709596138,0.0482470290105032,0.0808217678133367,59324.83060688
0.1,OPERATING_TANGENT,2.06,6.55711382094544,16.2713756637066,0.0486505734928883,0.0805942317831168,59323.4653906987
0.1,OPERATING_TANGENT,2.065,6.5569605989401,16.2710330978448,0.0490529533372406,0.0803559207820719,59322.0355246924
0.1,OPERATING_TANGENT,2.07,6.55679529650595,16.2706819530414,0.0494541147938934,0.0801068853314568,59320.5413119887
0.1,OPERATING_TANGENT,2.075,6.55661795442889,16.2703222859364,0.049854004372494,0.0798471786334005,59318.9830718004
0.1,OPERATING_TANGENT,2.08,6.55642861646544,16.269954155307,0.0502525688553744,0.0795768565574146,59317.3611393445
0.1,OPERATING_TANGENT,2.085,6.5562273293319,16.2695776220534,0.0506497553108532,0.0792959776261544,59315.6758657569
0.1,OPERATING_TANGENT,2.09,6.55601414269285,16.269192749183,0.0510455111064644,0.0790046030005698,59313.9276180034
0.1,OPERATING_TANGENT,2.095,6.55578910914892,16.2687996017951,0.05143978392211,0.0787027964643503,59312.1167787861
0.1,OPERATING_TANGENT,2.1,6.55555228422377,16.2683982470645,0.0518325217631337,0.0783906244076729,59310.243746446
0.1,OPERATING_TANGENT,2.105,6.55530372635038,16.2679887542248,0.0522236729733113,0.07806815581033,59308.308934862
0.1,OPERATING_TANGENT,2.11,6.55504349685672,16.2675711945513,0.052613186247755,0.0777354622241617,59306.312773345
0.1,OPERATING_TANGENT,2.115,6.5547716599505,16.2671456413427,0.0530010106457285,0.077392617754839,59304.255706529
0.1,OPERATING_TANGENT,2.12,6.55448828270342,16.2667121699035,0.0533870956033695,0.0770396990430093,59302.138194258
0.1,OPERATING_TANGENT,2.125,6.55419343503457,16.2662708575248,0.0537713909463154,0.0766767852447643,59299.9607114686
0.1,OPERATING_TANGENT,2.13,6.55388718969321,16.2658217834651,0.0541538469022312,0.0763039580114988,59297.723748069
0.1,OPERATING_TANGENT,2.135,6.55356962224078,16.2653650289307,0.0545344141132337,0.0759213014691049,59295.4278088146
0.1,OPERATING_TANGENT,2.14,6.55324081103231,16.2649006770551,0.0549130436482109,0.0755289021965595,59293.0734131794
0.1,OPERATING_TANGENT,2.145,6.55290083719704,16.2644288128789,0.0552896870150326,0.0751268492038637,59290.6610952232
0.1,OPERATING_TANGENT,2.15,6.55254978461843,16.2639495233279,0.0556642961726491,0.0747152339093891,59288.1914034563
0.1,OPERATING_TANGENT,2.155,6.55218773991344,16.2634628971919,0.056036823543075,0.0742941501165912,59285.6649006995
0.1,OPERATING_TANGENT,2.16,6.5518147924112,16.2629690251023,0.0564072220232553,0.0738636939901234,59283.0821639407
0.1,OPERATING_TANGENT,2.165,6.55143103413092,16.2624679995098,0.0567754449968102,0.0734239640313614,59280.4437841882
0.1,OPERATING_TANGENT,2.17,6.5510365597592,16.2619599146611,0.0571414463456566,0.0729750610533042,59277.7503663198
0.1,OPERATING_TANGENT,2.175,6.55063146662671,16.2614448665755,0.057505180461502,0.0725170881549406,59275.0025289296
0.1,OPERATING_TANGENT,2.18,6.55021585468411,16.2609229530211,0.0578666022572093,0.072050150694988,59272.2009041699
0.1,OPERATING_TANGENT,2.185,6.54978982647742,16.2603942734903,0.0582256671780285,0.0715743562650974,59269.3461375906
0.1,OPERATING_TANGENT,2.19,6.54935348712274,16.2598589291748,0.0585823312126931,0.0710898146624501,59266.4388879747
0.1,OPERATING_TANGENT,2.195,6.54890694428026,16.259317022941,0.0589365509043786,0.0705966378618506,59263.4798271711
0.1,OPERATING_TANGENT,2.2,6.54845030812775,16.2587686593039,0.0592882833615189,0.0700949399872357,59260.4696399234
0.1,OPERATING_TANGENT,2.205,6.54798369133336,16.258213944401,0.0596374862684802,0.0695848372826635,59257.409023696
0.1,OPERATING_TANGENT,2.21,6.54750720902779,16.2576529859663,0.0599841178960879,0.0690664480827277,59254.2986884964
0.1,OPERATING_TANGENT,2.215,6.54702097877592,16.257085893303,0.0603281371120041,0.0685398927825265,59251.1393566952
0.1,OPERATING_TANGENT,2.22,6.5465251205478,16.2565127772567,0.0606695033909536,0.0680052938070208,59247.9317628421
0.1,OPERATING_TANGENT,2.225,6.54601975668901,16.2559337501875,0.0610081768247966,0.0674627755799673,59244.6766534798
0.1,OPERATING_TANGENT,2.23,6.54550501189053,16.2553489259422,0.0613441181324427,0.0669124644922867,59241.3747869537
0.1,OPERATING_TANGENT,2.235,6.54498101315794,16.2547584198257,0.0616772886696075,0.0663544888700027,59238.02693322
0.1,OPERATING_TANGENT,2.24,6.54444788978008,16.2541623485729,0.0620076504384066,0.0657889789416295,59234.6338736498
0.1,OPERATING_TANGENT,2.245,6.54390577329717,16.2535608303189,0.0623351660967857,0.0652160668051636,59231.196400831
0.1,OPERATING_TANGENT,2.25,6.54335479746833,16.25295398457,0.0626597989677843,0.0646358863945284,59227.7153183672
0.1,OPERATING_TANGENT,2.255,6.54279509823862,16.2523419321741,0.0629815130486306,0.0640485734456551,59224.1914406739
0.1,OPERATING_TANGENT,2.26,6.54222681370544,16.2517247952902,0.063300273019666,0.063454265462024,59220.6255927721
0.1,OPERATING_TANGENT,2.265,6.5416500840845,16.2511026973584,0.0636160442530955,0.0628531016798579,59217.0186100791
0.1,OPERATING_TANGENT,2.27,6.54106505167519,16.2504757630691,0.0639287928215636,0.0622452230328179,59213.3713381969
0.1,OPERATING_TANGENT,2.275,6.54047186082552,16.249844118332,0.0642384855065524,0.0616307721163203,59209.6846326979
0.1,OPERATING_TANGENT,2.28,6.53987065789644,16.2492078902445,0.0645450898066004,0.0610098931514464,59205.9593589087
0.1,OPERATING_TANGENT,2.285,6.53926159122579,16.2485672070605,0.0648485739453396,0.0603827319484278,59202.1963916906
0.1,OPERATING_TANGENT,2.29,6.53864481109166,16.2479221981585,0.0651489068793491,0.0597494358697901,59198.3966152187
0.1,OPERATING_TANGENT,2.295,6.5380204696753,16.247272994009,0.065446058305824,0.0591101537930516,59194.5609227583
0.1,OPERATING_TANGENT,2.3,6.53738872102363,16.2466197261426,0.0657399986700559,0.0584650360731391,59190.6902164388
0.1,OPERATING_TANGENT,2.305,6.53674972101117,16.245962527117,0.0660306991727256,0.0578142345043631,59186.7854070262
0.1,OPERATING_TANGENT,2.31,6.53610362730161,16.2453015304843,0.0663181317770039,0.0571579022820998,59182.8474136926
0.1,OPERATING_TANGENT,2.315,6.53545059930891,16.2446368707575,0.0666022692154608,0.0564961939641222,59178.8771637847
0.1,OPERATING_TANGENT,2.32,6.53479079815796,16.2439686833773,0.0668830849967797,0.0558292654316066,59174.8755925896
0.1,OPERATING_TANGENT,2.325,6.5341243866448,16.2432971046785,0.0671605534122767,0.055157273849801,59170.8436430988
0.1,OPERATING_TANGENT,2.33,6.53345152919653,16.2426222718561,0.0674346495422217,0.0544803776284279,59166.7822657706
0.1,OPERATING_TANGENT,2.335,6.53277239183063,16.2419443229312,0.0677053492619612,0.0537987363817578,59162.6924182905
0.1,OPERATING_TANGENT,2.34,6.53208714211409,16.2412633967166,0.0679726292478408,0.053112510888413,59158.5750653305
0.1,OPERATING_TANGENT,2.345,6.53139594912204,16.2405796327828,0.0682364669829257,0.052421863050899,59154.4311783054
0.1,OPERATING_TANGENT,2.35,6.53069898339599,16.2398931714228,0.0684968407625186,0.0517269558548783,59150.2617351293
0.1,OPERATING_TANGENT,2.355,6.5299964169018,16.2392041536176,0.0687537296994727,0.0510279533281643,59146.067719969
0.1,OPERATING_TANGENT,2.36,6.52928842298726,16.2385127210015,0.0690071137293,0.0503250204995158,59141.8501229971
0.1,OPERATING_TANGENT,2.365,6.52857517633926,16.2378190158262,0.0692569736150724,0.0496183233571603,59137.609940143
0.1,OPERATING_TANGENT,2.37,6.52785685294075,16.2371231809262,0.0695032909521144,0.0489080288071477,59133.3481728429
0.1,OPERATING_TANGENT,2.375,6.52713363002726,16.2364253596832,0.0697460481724883,0.0481943046314264,59129.0658277886
0.1,OPERATING_TANGENT,2.38,6.52640568604324,16.2357256959904,0.0699852285492682,0.0474773194457896,59124.7639166747
0.1,OPERATING_TANGENT,2.385,6.52567320059797,16.2350243342171,0.0702208162006036,0.0467572426576091,59120.4434559457
0.1,OPERATING_TANGENT,2.39,6.52493635442127,16.2343214191726,0.0704527960935713,0.0460342444233746,59116.1054665402
0.1,OPERATING_TANGENT,2.395,6.52419532931891,16.2336170960706,0.0706811540478148,0.0453084956060987,59111.7509736366
0.1,OPERATING_TANGENT,2.4,6.52345030812775,16.232911510493,0.0709058767389695,0.0445801677325619,59107.3810063954
0.1,OPERATING_TANGENT,2.405,6.52270147467062,16.2322048083541,0.0711269517018751,0.0438494329504024,59102.9965977024
0.1,OPERATING_TANGENT,2.41,6.52194901371097,16.2314971358643,0.0713443673335717,0.0431164639850792,59098.5987839105
0.1,OPERATING_TANGENT,2.415,6.52119311090728,16.2307886394937,0.0715581128960814,0.0423814340967521,59094.1886045805
0.1,OPERATING_TANGENT,2.42,6.52043395276725,16.2300794659363,0.0717681785189737,0.0416445170369819,59089.7671022219
0.1,OPERATING_TANGENT,2.425,6.5196717266018,16.2293697620734,0.0719745552017139,0.0409058870054011,59085.3353220324
0.1,OPERATING_TANGENT,2.43,6.51890662047883,16.2286596749372,0.0721772348157954,0.0401657186062732,59080.8943116376
0.1,OPERATING_TANGENT,2.435,6.51813882317683,16.2279493516745,0.0723762101066534,0.0394241868049594,59076.4451208298
0.1,OPERATING_TANGENT,2.44,6.51736852413829,16.2272389395104,0.0725714746953621,0.0386814668843503,59071.9888013061
0.1,OPERATING_TANGENT,2.445,6.51659591342298,16.2265285857118,0.072763023080113,0.0379377344012326,59067.5264064074
0.1,OPERATING_TANGENT,2.45,6.51582118166102,16.225818437551,0.072950850637475,0.0371931651426216,59063.0589908557
0.1,OPERATING_TANGENT,2.455,6.51504452000589,16.2251086422692,0.0731349536234367,0.0364479350820428,59058.5876104922
0.1,OPERATING_TANGENT,2.46,6.51426612008722,16.2243993470401,0.0733153291742296,0.0357022203358266,59054.113322015
0.1,OPERATING_TANGENT,2.465,6.51348617396356,16.2236906989338,0.0734919753069325,0.0349561971193673,59049.6371827162
0.1,OPERATING_TANGENT,2.47,6.51270487407493,16.2229828448802,0.0736648909198577,0.0342100417033979,59045.1602502204
0.1,OPERATING_TANGENT,2.475,6.5119224131954,16.2222759316327,0.0738340757927184,0.0334639303702851,59040.6835822217
0.1,OPERATING_TANGENT,2.48,6.51113898438547,16.221570105732,0.0739995305865777,0.0327180393703301,59036.208236222
0.1,OPERATING_TANGENT,2.485,6.51035478094449,16.22086551347,0.0741612568435788,0.0319725448781298,59031.7352692688
0.1,OPERATING_TANGENT,2.49,6.50956999636291,16.2201623008536,0.0743192569864581,0.0312276229489683,59027.2657376938
0.1,OPERATING_TANGENT,2.495,6.5087848242746,16.2194606135686,0.0744735343178389,0.0304834494752644,59022.8006968516
0.1,OPERATING_TANGENT,2.5,6.50799945840901,16.218760596944,0.0746240930193091,0.0297402001431042,59018.3412008586
0.1,OPERATING_TANGENT,2.505,6.50721409254342,16.2180623959156,0.0747709381502806,0.0289980503888394,59013.888302333
0.1,OPERATING_TANGENT,2.51,6.5064289204551,16.2173661549908,0.0749140756466323,0.0282571753557832,59009.4430521347
0.1,OPERATING_TANGENT,2.515,6.50564413587353,16.216672018213,0.0750535123191372,0.0275177498510004,59005.006499106
0.1,OPERATING_TANGENT,2.52,6.50485993243254,16.2159801291253,0.075189255851673,0.026779948302222,59000.5796898133
0.1,OPERATING_TANGENT,2.525,6.50407650362262,16.2152906307362,0.075321314799218,0.026043944714857,58996.1636682891
0.1,OPERATING_TANGENT,2.53,6.50329404274308,16.2146036654832,0.0754496985856328,0.0253099126291847,58991.7594757751
0.1,OPERATING_TANGENT,2.535,6.50251274285445,16.2139193751988,0.0755744175012269,0.0245780250776235,58987.3681504657
0.1,OPERATING_TANGENT,2.54,6.50173279673079,16.2132379010748,0.0756954827001141,0.0238484545422146,58982.9907272533
0.1,OPERATING_TANGENT,2.545,6.50095439681213,16.2125593836277,0.0758129061973538,0.0231213729122342,58978.6282374734
0.1,OPERATING_TANGENT,2.55,6.500177735157,16.2118839626644,0.0759267008658819,0.0223969514419977,58974.281708652
0.1,OPERATING_TANGENT,2.555,6.49940300339504,16.2112117754542,0.0760368803608743,0.0216753248933799,58969.9519493603
0.1,OPERATING_TANGENT,2.56,6.49863039267972,16.210542957114,0.0761434591158577,0.0209566909178829,58965.6401455073
0.1,OPERATING_TANGENT,2.565,6.49786009364118,16.2098776459804,0.076246452561577,0.0202412291138998,58961.3473746834
0.1,OPERATING_TANGENT,2.57,6.49709229633918,16.2092159795554,0.076345876978743,0.0195291073047361,58957.0746438284
0.1,OPERATING_TANGENT,2.575,6.49632719021621,16.2085580942825,0.0764417494853533,0.0188204925710416,58952.8229554262
0.1,OPERATING_TANGENT,2.58,6.49556496405076,16.20790412555,0.0765340880328223,0.0181155511891262,58948.5933071348
0.1,OPERATING_TANGENT,2.585,6.49480580591074,16.2072542076871,0.0766229114018154,0.0174144485737937,58944.3866914428
0.1,OPERATING_TANGENT,2.59,6.49404990310705,16.2066084739541,0.076708239197806,0.0167173492248462,58940.2040953491
0.1,OPERATING_TANGENT,2.595,6.49329744214739,16.2059670565282,0.076790091846373,0.0160244166765242,58936.0465000591
0.1,OPERATING_TANGENT,2.6,6.49254860869026,16.2053300864858,0.0768684905882521,0.0153358134493526,58931.9148806961
0.1,OPERATING_TANGENT,2.605,6.4918035874991,16.2046976937819,0.0769434574741505,0.0146517010040093,58927.810206024
0.1,OPERATING_TANGENT,2.61,6.49106256239674,16.204070007227,0.0770150153593362,0.0139722396967592,58923.7334381805
0.1,OPERATING_TANGENT,2.615,6.49032571622004,16.2034471544636,0.0770831878980072,0.0132975887363358,58919.685532418
0.1,OPERATING_TANGENT,2.62,6.48959323077477,16.2028292619398,0.0771479995374486,0.0126279061419314,58915.6674368516
0.1,OPERATING_TANGENT,2.625,6.48886528679075,16.2022164548835,0.0772094755119819,0.0119633487021762,58911.680092213
0.1,OPERATING_TANGENT,2.63,6.48814206387727,16.201608857275,0.0772676418367116,0.0113040719350419,58907.7244316103
0.1,OPERATING_TANGENT,2.635,6.48742374047875,16.2010065918198,0.0773225253010731,0.0106502300484088,58903.8013802905
0.1,OPERATING_TANGENT,2.64,6.48671049383075,16.2004097799204,0.0773741534621852,0.0100019759014085,58899.9118554084
0.1,OPERATING_TANGENT,2.645,6.48600249991621,16.1998185416486,0.0774225546380109,0.0093594609663139,58896.0567657979
0.1,OPERATING_TANGENT,2.65,6.48529993342203,16.1992329957173,0.0774677579003292,0.0087228352910742,58892.2370117464
0.1,OPERATING_TANGENT,2.655,6.48460296769598,16.198653259453,0.0775097930675209,0.00809224746232395,58888.4534847739
0.1,OPERATING_TANGENT,2.66,6.48391177470392,16.1980794487673,0.0775486906971704,0.00746784456893401,58884.7070674136
0.1,OPERATING_TANGENT,2.665,6.48322652498739,16.1975116781298,0.0775844820784872,0.00684977216607052,58880.9986329964
0.1,OPERATING_TANGENT,2.67,6.48254738762149,16.1969500605401,0.0776171992245481,0.00623817423969797,58877.3290454382
0.1,OPERATING_TANGENT,2.675,6.48187453017321,16.196394707501,0.0776468748643639,0.00563319317159916,58873.6991590296
0.1,OPERATING_TANGENT,2.68,6.48120811866006,16.1958457289915,0.0776735424347715,0.00503496970479667,58870.1098182288
0.1,OPERATING_TANGENT,2.685,6.4805483175091,16.1953032334398,0.0776972360721549,0.00444364290949295,58866.561857457
0.1,OPERATING_TANGENT,2.69,6.4798952895164,16.1947673276973,0.0777179906039969,0.00385935014944394,58863.0561008967
0.1,OPERATING_TANGENT,2.695,6.47924919580684,16.1942381170125,0.0777358415402638,0.00328222704879977,58859.5933622928
0.1,OPERATING_TANGENT,2.7,6.47861019579438,16.1937157050055,0.0777508250646253,0.00271240745938961,58856.1744447563
0.1,OPERATING_TANGENT,2.705,6.47797844714271,16.1932001936424,0.077762978025512,0.00215002342850212,58852.800140571
0.1,OPERATING_TANGENT,2.71,6.47735410572636,16.192691683211,0.0777723379270135,0.00159520516709932,58849.4712310026
0.1,OPERATING_TANGENT,2.715,6.47673732559222,16.192190272296,0.0777789429196178,0.00104808101854736,58846.1884861113
0.1,OPERATING_TANGENT,2.72,6.47612825892157,16.1916960577547,0.0777828317907967,0.000508777427780771,58842.9526645667
0.1,OPERATING_TANGENT,2.725,6.4755270559925,16.1912091346939,0.0777840439554368,-2.25810890324141e-05,58839.7645134658
0.1,OPERATING_TANGENT,2.73,6.47493386514282,16.1907295964464,0.0777826194461218,-0.000545871974331646,58836.624768154
0.1,OPERATING_TANGENT,2.735,6.47434883273352,16.1902575345481,0.077778598903265,-0.00106097465850929,58833.5341520489
0.1,OPERATING_TANGENT,2.74,6.47377210311257,16.189793038716,0.0777720235650977,-0.00156777058878887,58830.4933764673
0.1,OPERATING_TANGENT,2.745,6.47320381857939,16.1893361968257,0.0777629352575138,-0.00206614325755261,58827.5031404547
0.1,OPERATING_TANGENT,2.75,6.47264411934968,16.1888870948909,0.0777513763837743,-0.00255597823020182,58824.5641306188
0.1,OPERATING_TANGENT,2.755,6.47209314352085,16.1884458170412,0.0777373899140734,-0.00303716317247016,58821.6770209652
0.1,OPERATING_TANGENT,2.76,6.47155102703794,16.1880124455026,0.07772101937497,-0.00350958787724132,58818.8424727365
0.1,OPERATING_TANGENT,2.765,6.47101790366008,16.187587060577,0.0777023088386855,-0.00397314429081597,58816.0611342551
0.1,OPERATING_TANGENT,2.77,6.47049390492749,16.1871697406224,0.0776813029122729,-0.00442772653867962,58813.3336407679
0.1,OPERATING_TANGENT,2.775,6.46997916012901,16.1867605620342,0.0776580467266566,-0.00487323095068959,58810.6606142959
0.1,OPERATING_TANGENT,2.78,6.46947379627022,16.1863595992263,0.0776325859255497,-0.00530955608576988,58808.0426634854
0.1,OPERATING_TANGENT,2.785,6.46897793804209,16.1859669246131,0.0776049666542473,-0.00573660275601995,58805.4803834639
0.1,OPERATING_TANGENT,2.79,6.46849170779022,16.1855826085915,0.077575235548302,-0.00615427405029223,58802.9743556983
0.1,OPERATING_TANGENT,2.795,6.46801522548465,16.1852067195243,0.0775434397220819,-0.00656247535720489,58800.5251478568
0.1,OPERATING_TANGENT,2.8,6.46754860869026,16.1848393237231,0.0775096267572159,-0.00696111438760383,58798.1333136744
0.1,OPERATING_TANGENT,2.805,6.46709197253776,16.1844804854322,0.0774738446909272,-0.00735010119643142,58795.7993928214
0.1,OPERATING_TANGENT,2.81,6.46664542969528,16.184130266813,0.0774361420042596,-0.00772934820406768,58793.5239107756
0.1,OPERATING_TANGENT,2.815,6.46620909034059,16.183788727929,0.0773965676101978,-0.00809877021705674,58791.3073786977
0.1,OPERATING_TANGENT,2.82,6.46578306213391,16.1834559267308,0.0773551708416865,-0.00845828444828278,58789.1502933103
0.1,OPERATING_TANGENT,2.825,6.4653674501913,16.1831319190424,0.0773120014395491,-0.00880781053652591,58787.0531367808
0.1,OPERATING_TANGENT,2.83,6.46496235705881,16.1828167585474,0.0772671095403103,-0.0091472705654887,58785.0163766071
0.1,OPERATING_TANGENT,2.835,6.4645678826871,16.1825104967757,0.077220545663926,-0.00947658908218507,58783.0404655069
0.1,OPERATING_TANGENT,2.84,6.46418412440681,16.1822131830915,0.0771723607014212,-0.0097956931147376,58781.1258413116
0.1,OPERATING_TANGENT,2.845,6.46381117690457,16.1819248646808,0.0771226059024414,-0.0101045121896011,58779.2729268624
0.1,OPERATING_TANGENT,2.85,6.46344913219959,16.1816455865402,0.0770713328627196,-0.0104029783481607,58777.482129911
0.1,OPERATING_TANGENT,2.855,6.46309807962098,16.1813753914658,0.0770185935114606,-0.0106910261627533,58775.7538430235
0.1,OPERATING_TANGENT,2.86,6.46275810578571,16.1811143200429,0.0769644400986483,-0.0109685927520342,58774.0884434878
0.1,OPERATING_TANGENT,2.865,6.46242929457723,16.180862410636,0.0769089251822764,-0.0112356177957871,58772.4862932253
0.1,OPERATING_TANGENT,2.87,6.46211172712481,16.1806196993798,0.0768521016155071,-0.0114920435490813,58770.9477387055
0.1,OPERATING_TANGENT,2.875,6.46180548178344,16.1803862201698,0.0767940225337609,-0.0117378148558274,58769.473110865
0.1,OPERATING_TANGENT,2.88,6.46151063411459,16.1801620046547,0.0767347413417392,-0.0119728791617071,58768.0627250298
0.1,OPERATING_TANGENT,2.885,6.46122725686751,16.1799470822284,0.076674311700385,-0.012197186526496,58766.716880841
0.1,OPERATING_TANGENT,2.89,6.4609554199613,16.1797414800229,0.0766127875137826,-0.0124106896357343,58765.4358621856
0.1,OPERATING_TANGENT,2.895,6.46069519046763,16.1795452229019,0.0765502229160011,-0.0126133438118075,58764.2199371291
0.1,OPERATING_TANGENT,2.9,6.46044663259425,16.1793583334544,0.0764866722578835,-0.0128051070243558,58763.0693578539
0.1,OPERATING_TANGENT,2.905,6.46020980766909,16.1791808319895,0.076422190093786,-0.0129859399001013,58761.9843605994
0.1,OPERATING_TANGENT,2.91,6.45998477412516,16.1790127365314,0.0763568311682691,-0.0131558057319836,58760.9651656081
0.1,OPERATING_TANGENT,2.915,6.45977158748612,16.1788540628152,0.0762906504027454,-0.0133146704877305,58760.0119770736
0.1,OPERATING_TANGENT,2.92,6.45957030035258,16.1787048242828,0.0762237028820849,-0.0134625028177329,58759.1249830936
0.1,OPERATING_TANGENT,2.925,6.45938096238912,16.1785650320798,0.0761560438411841,-0.0135992740623045,58758.3043556262
0.1,OPERATING_TANGENT,2.93,6.45920362031207,16.178434695053,0.0760877286514989,-0.0137249582583276,58757.55025045
0.1,OPERATING_TANGENT,2.935,6.45903831787792,16.1783138197478,0.0760188128075468,-0.0138395321452158,58756.8628071287
0.1,OPERATING_TANGENT,2.94,6.45888509587257,16.1782024104072,0.0759493519133807,-0.0139429751702522,58756.2421489785
0.1,OPERATING_TANGENT,2.945,6.45874399210127,16.1781004689704,0.0758794016690374,-0.0140352694933146,58755.6883830401
0.1,OPERATING_TANGENT,2.95,6.45861504137925,16.1780079950724,0.0758090178569644,-0.0141163999909075,58755.2016000545
0.1,OPERATING_TANGENT,2.955,6.45849827552318,16.1779249860444,0.0757382563284275,-0.0141863542595928,58754.7818744424
0.1,OPERATING_TANGENT,2.96,6.45839372334328,16.177851436914,0.0756671729899039,-0.0142451226187532,58754.4292642875
0.1,OPERATING_TANGENT,2.965,6.45830141063625,16.1777873404069,0.0755958237894622,-0.0142926981127296,58754.1438113236
0.1,OPERATING_TANGENT,2.97,6.45822136017885,16.1777326869485,0.0755242647031336,-0.0143290765122863,58753.9255409263
0.1,OPERATING_TANGENT,2.975,6.45815359172235,16.1776874646662,0.0754525517212777,-0.0143542563154639,58753.7744621072
0.1,OPERATING_TANGENT,2.98,6.45809812198759,16.1776516593924,0.0753807408349449,-0.0143682387477728,58753.6905675134
0.1,OPERATING_TANGENT,2.985,6.45805496466091,16.177625254668,0.0753088880222404,-0.0143710277617384,58753.6738334296
0.1,OPERATING_TANGENT,2.99,6.45802413039072,16.1776082317463,0.0752370492346913,-0.014362630035798,58753.7242197852
0.1,OPERATING_TANGENT,2.995,6.45800562678492,16.1776005695977,0.075165280383621,-0.0143430549725831,58753.8416701645
0.1,OPERATING_TANGENT,3,6.45799945840901,16.177602244915,0.0750936373265345,-0.0143123146965198,58754.0261118209
0.1,OPERATING_TANGENT,3.005,6.45799945840901,16.1776128963912,0.0750221623986113,-0.0142784478153821,58754.2293131077
0.1,OPERATING_TANGENT,3.01,6.45799945840901,16.1776309648263,0.0749508458535295,-0.0142487989322575,58754.4072064064
0.1,OPERATING_TANGENT,3.015,6.45799945840901,16.177654912787,0.0748796688514334,-0.0142225015043778,58754.5649909737
0.1,OPERATING_TANGENT,3.02,6.45799945840901,16.1776835196542,0.0748086164215207,-0.0141988675476483,58754.7067947141
0.1,OPERATING_TANGENT,3.025,6.45799945840901,16.1777158163398,0.0747376766647934,-0.0141773508421501,58754.8358949471
0.1,OPERATING_TANGENT,3.03,6.45799945840901,16.1777510334548,0.0746668401210916,-0.0141575177198074,58754.9548936812
0.1,OPERATING_TANGENT,3.035,6.45799945840901,16.1777885601592,0.0745960992665584,-0.0141390238717385,58755.0658567696
0.1,OPERATING_TANGENT,3.04,6.45799945840901,16.1778279114912,0.0745254481146579,-0.014121595934828,58755.170424391
0.1,OPERATING_TANGENT,3.045,6.45799945840901,16.1778687024287,0.0744548818994076,-0.0141050168725609,58755.2698987646
0.1,OPERATING_TANGENT,3.05,6.45799945840901,16.1779106272955,0.074384396823884,-0.014089114368403,58755.3653137896
0.1,OPERATING_TANGENT,3.055,6.45799945840901,16.1779534434115,0.0743139898605513,-0.0140737516107681,58755.4574903354
0.1,OPERATING_TANGENT,3.06,6.45799945840901,16.1779969581116,0.0742436585927343,-0.0140588199769063,58755.5470801386
0.1,OPERATING_TANGENT,3.065,6.45799945840901,16.1780410184398,0.074173401088757,-0.0140442332243254,58755.634600654
0.1,OPERATING_TANGENT,3.07,6.45799945840901,16.1780855029664,0.0741032158020167,-0.0140299228791356,58755.7204627252
0.1,OPERATING_TANGENT,3.075,6.45799945840901,16.1781303152921,0.0740331014916482,-0.0140158345746624,58755.804992552
0.1,OPERATING_TANGENT,3.08,6.45799945840901,16.1781753788901,0.073963057159536,-0.0140019251445214,58755.8884491329
0.1,OPERATING_TANGENT,3.085,6.45799945840901,16.1782206330112,0.0738930820003059,-0.0139881603147121,58755.9710381117
0.1,OPERATING_TANGENT,3.09,6.45799945840901,16.1782660294325,0.073823175361621,-0.0139745128712505,58756.0529227725
0.1,OPERATING_TANGENT,3.095,6.45799945840901,16.1783115298765,0.0737533367126596,-0.0139609612053917,58756.1342327677
0.1,OPERATING_TANGENT,3.1,6.45799945840901,16.1783571039616,0.0736835656190876,-0.0139474881586246,58756.2150710483
0.1,OPERATING_TANGENT,3.105,6.45799945840901,16.1784027275751,0.0736138617231889,-0.0139340801056598,58756.295519366
0.1,OPERATING_TANGENT,3.11,6.45799945840901,16.1784483815814,0.0735442247280898,-0.0139207262263792,58756.3756426417
0.1,OPERATING_TANGENT,3.115,6.45799945840901,16.1784940507965,0.0734746543852338,-0.0139074179278058,58756.4554924332
0.1,OPERATING_TANGENT,3.12,6.45799945840901,16.1785397231734,0.073405150484438,-0.0138941483851802,58756.5351096889
0.1,OPERATING_TANGENT,3.125,6.45799945840901,16.1785853891563,0.0733357128459979,-0.013880912177612,58756.6145269343
0.1,OPERATING_TANGENT,3.13,6.45799945840901,16.1786310411668,0.0732663413144191,-0.0138677049987841,58756.6937700073
0.1,OPERATING_TANGENT,3.135,6.45799945840901,16.1786766731963,0.0731970357534411,-0.013854523427316,58756.7728594361
0.1,OPERATING_TANGENT,3.14,6.45799945840901,16.178722280483,0.0731277960420857,-0.013841364744378,58756.8518115337
0.1,OPERATING_TANGENT,3.145,6.45799945840901,16.1787678592547,0.0730586220715208,-0.01382822678897,58756.9306392662
0.1,OPERATING_TANGENT,3.15,6.45799945840901,16.1788134065248,0.0729895137425689,-0.0138151078429356,58757.0093529424
0.1,OPERATING_TANGENT,3.155,6.45799945840901,16.1788589199305,0.0729204709637305,-0.0138020065397324,58757.0879607616
0.1,OPERATING_TANGENT,3.16,6.45799945840901,16.1789043976044,0.0728514936496139,-0.0137889217919938,58757.166469248
0.1,OPERATING_TANGENT,3.165,6.45799945840901,16.1789498380722,0.0727825817196887,-0.0137758527339678,58757.2448835962
0.1,OPERATING_TANGENT,3.17,6.45799945840901,16.1789952401717,0.0727137350972963,-0.0137627986758933,58757.3232079446
0.1,OPERATING_TANGENT,3.175,6.45799945840901,16.1790406029886,0.0726449537088641,-0.0137497590677107,58757.4014455937
0.1,OPERATING_TANGENT,3.18,6.45799945840901,16.1790859258053,0.0725762374832818,-0.0137367334702887,58757.4795991783
0.1,OPERATING_TANGENT,3.185,6.45799945840901,16.1791312080606,0.0725075863514062,-0.013723721532557,58757.5576708047
0.1,OPERATING_TANGENT,3.19,6.45799945840901,16.1791764493171,0.0724390002456675,-0.0137107229733857,58757.6356621597
0.1,OPERATING_TANGENT,3.195,6.45799945840901,16.1792216492358,0.0723704790997578,-0.0136977375671528,58757.7135745971
0.1,OPERATING_TANGENT,3.2,6.45799945840901,16.1792668075561,0.0723020228483826,-0.013684765132318,58757.7914092061
0.1,OPERATING_TANGENT,3.205,6.45799945840901,16.1793119240792,0.0722336314270643,-0.013671805522339,58757.869166866
0.1,OPERATING_TANGENT,3.21,6.45799945840901,16.1793569986557,0.0721653047719859,-0.0136588586184718,58757.9468482892
0.1,OPERATING_TANGENT,3.215,6.45799945840901,16.1794020311752,0.0720970428198668,-0.0136459243240292,58758.0244540558
0.1,OPERATING_TANGENT,3.22,6.45799945840901,16.1794470215584,0.0720288455078642,-0.0136330025598461,58758.1019846409
0.1,OPERATING_TANGENT,3.225,6.45799945840901,16.1794919697506,0.0719607127734952,-0.0136200932606716,58758.179440436
0.1,OPERATING_TANGENT,3.23,6.45799945840901,16.1795368757166,0.0718926445545744,-0.0136071963723072,58758.2568217662
0.1,OPERATING_TANGENT,3.235,6.45799945840901,16.1795817394367,0.0718246407891644,-0.0135943118493209,58758.3341289041
0.1,OPERATING_TANGENT,3.24,6.45799945840901,16.1796265609038,0.0717567014155373,-0.0135814396532599,58758.4113620804
0.1,OPERATING_TANGENT,3.245,6.45799945840901,16.17967134012,0.0716888263721427,-0.0135685797511886,58758.4885214929
0.1,OPERATING_TANGENT,3.25,6.45799945840901,16.1797160770957,0.0716210155975836,-0.013555732114586,58758.5656073125
0.1,OPERATING_TANGENT,3.255,6.45799945840901,16.1797607718471,0.0715532690305967,-0.0135428967184197,58758.6426196895
0.1,OPERATING_TANGENT,3.26,6.45799945840901,16.1798054243954,0.0714855866100363,-0.0135300735404229,58758.7195587575
0.1,OPERATING_TANGENT,3.265,6.45799945840901,16.1798500347655,0.0714179682748627,-0.0135172625605424,58758.7964246367
0.1,OPERATING_TANGENT,3.27,6.45799945840901,16.1798946029857,0.0713504139641316,-0.01350446376048,58758.8732174371
0.1,OPERATING_TANGENT,3.275,6.45799945840901,16.1799391290863,0.0712829236169867,-0.0134916771233264,58758.94993726
0.1,OPERATING_TANGENT,3.28,6.45799945840901,16.1799836130998,0.0712154971726534,-0.0134789026332847,58759.0265842003
0.1,OPERATING_TANGENT,3.285,6.45799945840901,16.1800280550601,0.0711481345704338,-0.0134661402754457,58759.1031583473
0.1,OPERATING_TANGENT,3.29,6.45799945840901,16.1800724550023,0.0710808357497025,-0.0134533900355986,58759.1796597864
0.1,OPERATING_TANGENT,3.295,6.45799945840901,16.1801168129625,0.0710136006499041,-0.0134406519000922,58759.2560885994
0.1,OPERATING_TANGENT,3.3,6.45799945840901,16.1801611289773,0.07094642921055,-0.0134279258557175,58759.3324448657
0.1,OPERATING_TANGENT,3.305,6.45799945840901,16.1802054030842,0.0708793213712166,-0.0134152118896367,58759.4087286622
0.1,OPERATING_TANGENT,3.31,6.45799945840901,16.180249635321,0.0708122770715442,-0.0134025099892927,58759.4849400642
0.1,OPERATING_TANGENT,3.315,6.45799945840901,16.1802938257258,0.0707452962512349,-0.0133898201423559,58759.5610791459
0.1,OPERATING_TANGENT,3.32,6.45799945840901,16.1803379743371,0.0706783788500521,-0.013377142336676,58759.6371459799
0.1,OPERATING_TANGENT,3.325,6.45799945840901,16.1803820811935,0.0706115248078195,-0.0133644765602643,58759.7131406384
0.1,OPERATING_TANGENT,3.33,6.45799945840901,16.1804261463337,0.0705447340644206,-0.0133518228012388,58759.7890631926
0.1,OPERATING_TANGENT,3.335,6.45799945840901,16.1804701697968,0.070478006559798,-0.0133391810478223,58759.8649137131
0.1,OPERATING_TANGENT,3.34,6.45799945840901,16.1805141516216,0.0704113422339527,-0.0133265512883209,58759.9406922701
0.1,OPERATING_TANGENT,3.345,6.45799945840901,16.1805580918472,0.0703447410269444,-0.0133139335110997,58760.0163989334
0.1,OPERATING_TANGENT,3.35,6.45799945840901,16.1806019905127,0.0702782028788907,-0.0133013277045801,58760.0920337725
0.1,OPERATING_TANGENT,3.355,6.45799945840901,16.1806458476573,0.0702117277299668,-0.0132887338572303,58760.1675968566
0.1,OPERATING_TANGENT,3.36,6.45799945840901,16.18068966332,0.0701453155204057,-0.0132761519575588,58760.2430882546
0.1,OPERATING_TANGENT,3.365,6.45799945840901,16.1807334375399,0.0700789661904977,-0.0132635819940976,58760.3185080354
0.1,OPERATING_TANGENT,3.37,6.45799945840901,16.1807771703563,0.0700126796805903,-0.0132510239554193,58760.3938562675
0.1,OPERATING_TANGENT,3.375,6.45799945840901,16.1808208618081,0.069946455931088,-0.0132384778301109,58760.4691330193
0.1,OPERATING_TANGENT,3.38,6.45799945840901,16.1808645119345,0.0698802948824527,-0.0132259436067841,58760.5443383593
0.1,OPERATING_TANGENT,3.385,6.45799945840901,16.1809081207746,0.0698141964752027,-0.0132134212740773,58760.6194723555
0.1,OPERATING_TANGENT,3.39,6.45799945840901,16.1809516883674,0.0697481606499133,-0.0132009108206326,58760.6945350762
0.1,OPERATING_TANGENT,3.395,6.45799945840901,16.1809952147518,0.0696821873472166,-0.0131884122351256,58760.7695265892
0.1,OPERATING_TANGENT,3.4,6.45799945840901,16.181038699967,0.0696162765078011,-0.013175925506232,58760.8444469626
0.1,OPERATING_TANGENT,3.405,6.45799945840901,16.1810821440517,0.0695504280724122,-0.0131634506226508,58760.9192962641
0.1,OPERATING_TANGENT,3.41,6.45799945840901,16.1811255470451,0.0694846419818514,-0.013150987573086,58760.9940745615
0.1,OPERATING_TANGENT,3.415,6.45799945840901,16.1811689089859,0.0694189181769769,-0.0131385363462684,58761.0687819224
0.1,OPERATING_TANGENT,3.42,6.45799945840901,16.181212229913,0.0693532565987031,-0.0131260969309235,58761.1434184145
0.1,OPERATING_TANGENT,3.425,6.45799945840901,16.1812555098652,0.0692876571880008,-0.0131136693158052,58761.2179841052
0.1,OPERATING_TANGENT,3.43,6.45799945840901,16.1812987488813,0.0692221198858969,-0.0131012534896726,58761.292479062
0.1,OPERATING_TANGENT,3.435,6.45799945840901,16.1813419470001,0.0691566446334746,-0.013088849441294,58761.3669033522
0.1,OPERATING_TANGENT,3.44,6.45799945840901,16.1813851042602,0.0690912313718732,-0.0130764571594533,58761.4412570433
0.1,OPERATING_TANGENT,3.445,6.45799945840901,16.1814282207004,0.069025880042288,-0.0130640766329382,58761.5155402024
0.1,OPERATING_TANGENT,3.45,6.45799945840901,16.1814712963593,0.0689605905859704,-0.0130517078505594,58761.5897528966
0.1,OPERATING_TANGENT,3.455,6.45799945840901,16.1815143312755,0.0688953629442276,-0.0130393508011313,58761.6638951932
0.1,OPERATING_TANGENT,3.46,6.45799945840901,16.1815573254875,0.0688301970584229,-0.0130270054734787,58761.7379671591
0.1,OPERATING_TANGENT,3.465,6.45799945840901,16.1816002790339,0.0687650928699753,-0.0130146718564426,58761.8119688613
0.1,OPERATING_TANGENT,3.47,6.45799945840901,16.1816431919533,0.0687000503203595,-0.0130023499388692,58761.8859003668
0.1,OPERATING_TANGENT,3.475,6.45799945840901,16.181686064284,0.0686350693511062,-0.012990039709619,58761.9597617423
0.1,OPERATING_TANGENT,3.48,6.45799945840901,16.1817288960644,0.0685701499038015,-0.0129777411575578,58762.0335530546
0.1,OPERATING_TANGENT,3.485,6.45799945840901,16.1817716873331,0.0685052919200873,-0.0129654542715709,58762.1072743706
0.1,OPERATING_TANGENT,3.49,6.45799945840901,16.1818144381283,0.068440495341661,-0.0129531790405526,58762.1809257567
0.1,OPERATING_TANGENT,3.495,6.45799945840901,16.1818571484883,0.0683757601102755,-0.012940915453397,58762.2545072796
0.1,OPERATING_TANGENT,3.5,6.45799945840901,16.1818998184514,0.0683110861677392,-0.0129286634990233,58762.3280190059
0.1,OPERATING_TANGENT,3.505,6.45799945840901,16.1819424480559,0.0682464734559159,-0.0129164231663541,58762.4014610019
0.1,OPERATING_TANGENT,3.51,6.45799945840901,16.18198503734,0.0681819219167247,-0.0129041944443244,58762.4748333341
0.1,OPERATING_TANGENT,3.515,6.45799945840901,16.1820275863418,0.0681174314921401,-0.0128919773218747,58762.5481360687
0.1,OPERATING_TANGENT,3.52,6.45799945840901,16.1820700950995,0.0680530021241919,-0.0128797717879667,58762.6213692722
0.1,OPERATING_TANGENT,3.525,6.45799945840901,16.1821125636512,0.0679886337549648,-0.0128675778315603,58762.6945330106
0.1,OPERATING_TANGENT,3.53,6.45799945840901,16.1821549920349,0.0679243263265989,-0.0128553954416404,58762.7676273502
0.1,OPERATING_TANGENT,3.535,6.45799945840901,16.1821973802886,0.0678600797812894,-0.0128432246071881,58762.8406523569
0.1,OPERATING_TANGENT,3.54,6.45799945840901,16.1822397284505,0.0677958940612864,-0.0128310653172061,58762.9136080968
0.1,OPERATING_TANGENT,3.545,6.45799945840901,16.1822820365583,0.067731769108895,-0.0128189175606934,58762.9864946358
0.1,OPERATING_TANGENT,3.55,6.45799945840901,16.1823243046501,0.0676677048664754,-0.012806781326681,58763.0593120399
0.1,OPERATING_TANGENT,3.555,6.45799945840901,16.1823665327637,0.0676037012764425,-0.0127946566041892,58763.1320603749
0.1,OPERATING_TANGENT,3.56,6.45799945840901,16.1824087209369,0.0675397582812661,-0.0127825433822633,58763.2047397064
0.1,OPERATING_TANGENT,3.565,6.45799945840901,16.1824508692076,0.0674758758234707,-0.0127704416499519,58763.2773501003
0.1,OPERATING_TANGENT,3.57,6.45799945840901,16.1824929776136,0.0674120538456356,-0.0127583513963163,58763.3498916221
0.1,OPERATING_TANGENT,3.575,6.45799945840901,16.1825350461925,0.0673482922903947,-0.0127462726104302,58763.4223643374
0.1,OPERATING_TANGENT,3.58,6.45799945840901,16.1825770749822,0.0672845911004367,-0.0127342052813724,58763.4947683118
0.1,OPERATING_TANGENT,3.585,6.45799945840901,16.1826190640201,0.0672209502185046,-0.0127221493982397,58763.5671036106
0.1,OPERATING_TANGENT,3.59,6.45799945840901,16.1826610133441,0.0671573695873961,-0.0127101049501306,58763.6393702992
0.1,OPERATING_TANGENT,3.595,6.45799945840901,16.1827029229917,0.0670938491499632,-0.0126980719261596,58763.711568443
0.1,OPERATING_TANGENT,3.6,6.45799945840901,16.1827447930004,0.0670303888491125,-0.0126860503154536,58763.7836981073
0.1,OPERATING_TANGENT,3.605,6.45799945840901,16.1827866234077,0.0669669886278048,-0.0126740401071448,58763.8557593571
0.1,OPERATING_TANGENT,3.61,6.45799945840901,16.1828284142513,0.0669036484290553,-0.012662041290378,58763.9277522577
0.1,OPERATING_TANGENT,3.615,6.45799945840901,16.1828701655684,0.0668403681959333,-0.0126500538543066,58763.9996768742
0.1,OPERATING_TANGENT,3.62,6.45799945840901,16.1829118773966,0.0667771478715625,-0.0126380777881021,58764.0715332714
0.1,OPERATING_TANGENT,3.625,6.45799945840901,16.1829535497731,0.0667139873991207,-0.0126261130809322,58764.1433215144
0.1,OPERATING_TANGENT,3.63,6.45799945840901,16.1829951827355,0.0666508867218396,-0.0126141597219913,58764.2150416681
0.1,OPERATING_TANGENT,3.635,6.45799945840901,16.1830367763209,0.0665878457830052,-0.0126022177004703,58764.2866937972
0.1,OPERATING_TANGENT,3.64,6.45799945840901,16.1830783305667,0.0665248645259573,-0.0125902870055796,58764.3582779665
0.1,OPERATING_TANGENT,3.645,6.45799945840901,16.18311984551,0.0664619428940898,-0.0125783676265367,58764.4297942408
0.1,OPERATING_TANGENT,3.65,6.45799945840901,16.1831613211882,0.0663990808308503,-0.0125664595525663,58764.5012426846
0.1,OPERATING_TANGENT,3.655,6.45799945840901,16.1832027576383,0.0663362782797404,-0.0125545627729107,58764.5726233625
0.1,OPERATING_TANGENT,3.66,6.45799945840901,16.1832441548975,0.0662735351843154,-0.0125426772768122,58764.6439363391
0.1,OPERATING_TANGENT,3.665,6.45799945840901,16.1832855130029,0.0662108514881844,-0.0125308030535347,58764.7151816788
0.1,OPERATING_TANGENT,3.67,6.45799945840901,16.1833268319916,0.06614822713501,-0.0125189400923453,58764.7863594459
0.1,OPERATING_TANGENT,3.675,6.45799945840901,16.1833681119006,0.0660856620685088,-0.0125070883825291,58764.8574697048
0.1,OPERATING_TANGENT,3.68,6.45799945840901,16.1834093527669,0.0660231562324505,-0.0124952479133658,58764.9285125198
0.1,OPERATING_TANGENT,3.685,6.45799945840901,16.1834505546274,0.0659607095706587,-0.0124834186741616,58764.999487955
0.1,OPERATING_TANGENT,3.69,6.45799945840901,16.1834917175191,0.0658983220270102,-0.0124716006542247,58765.0703960747
0.1,OPERATING_TANGENT,3.695,6.45799945840901,16.1835328414789,0.0658359935454356,-0.0124597938428757,58765.1412369427
0.1,OPERATING_TANGENT,3.7,6.45799945840901,16.1835739265435,0.0657737240699184,-0.0124479982294456,58765.2120106233
0.1,OPERATING_TANGENT,3.705,6.45799945840901,16.18361497275,0.0657115135444958,-0.0124362138032765,58765.2827171803
0.1,OPERATING_TANGENT,3.71,6.45799945840901,16.1836559801349,0.0656493619132581,-0.0124244405537137,58765.3533566777
0.1,OPERATING_TANGENT,3.715,6.45799945840901,16.1836969487351,0.0655872691203488,-0.0124126784701275,58765.4239291792
0.1,OPERATING_TANGENT,3.72,6.45799945840901,16.1837378785873,0.0655252351099647,-0.0124009275418846,58765.4944347487
0.1,OPERATING_TANGENT,3.725,6.45799945840901,16.1837787697282,0.0654632598263556,-0.0123891877583659,58765.5648734498
0.1,OPERATING_TANGENT,3.73,6.45799945840901,16.1838196221944,0.0654013432138243,-0.0123774591089632,58765.6352453462
0.1,OPERATING_TANGENT,3.735,6.45799945840901,16.1838604360225,0.0653394852167269,-0.0123657415830785,58765.7055505015
0.1,OPERATING_TANGENT,3.74,6.45799945840901,16.1839012112492,0.0652776857794721,-0.0123540351701283,58765.7757889792
0.1,OPERATING_TANGENT,3.745,6.45799945840901,16.1839419479108,0.0652159448465218,-0.012342339859531,58765.8459608428
0.1,OPERATING_TANGENT,3.75,6.45799945840901,16.183982646044,0.0651542623623906,-0.0123306556407172,58765.9160661557
0.1,OPERATING_TANGENT,3.755,6.45799945840901,16.1840233056853,0.065092638271646,-0.0123189825031336,58765.9861049812
0.1,OPERATING_TANGENT,3.76,6.45799945840901,16.1840639268709,0.0650310725189083,-0.0123073204362321,58766.0560773826
0.1,OPERATING_TANGENT,3.765,6.45799945840901,16.1841045096375,0.0649695650488503,-0.0122956694294736,58766.1259834232
0.1,OPERATING_TANGENT,3.77,6.45799945840901,16.1841450540213,0.0649081158061976,-0.0122840294723314,58766.195823166
0.1,OPERATING_TANGENT,3.775,6.45799945840901,16.1841855600586,0.0648467247357286,-0.0122724005542931,58766.2655966742
0.1,OPERATING_TANGENT,3.78,6.45799945840901,16.1842260277858,0.0647853917822739,-0.0122607826648444,58766.3353040109
0.1,OPERATING_TANGENT,3.785,6.45799945840901,16.1842664572391,0.0647241168907167,-0.0122491757934959,58766.404945239
0.1,OPERATING_TANGENT,3.79,6.45799945840901,16.1843068484548,0.064662900005993,-0.0122375799297512,58766.4745204215
0.1,OPERATING_TANGENT,3.795,6.45799945840901,16.184347201469,0.0646017410730908,-0.0122259950631438,58766.5440296211
0.1,OPERATING_TANGENT,3.8,6.45799945840901,16.184387516318,0.0645406400370506,-0.012214421183204,58766.6134729008
0.1,OPERATING_TANGENT,3.805,6.45799945840901,16.1844277930378,0.0644795968429652,-0.0122028582794709,58766.6828503232
0.1,OPERATING_TANGENT,3.81,6.45799945840901,16.1844680316645,0.0644186114359797,-0.0121913063415029,58766.752161951
0.1,OPERATING_TANGENT,3.815,6.45799945840901,16.1845082322342,0.0643576837612914,-0.0121797653588605,58766.8214078468
0.1,OPERATING_TANGENT,3.82,6.45799945840901,16.184548394783,0.0642968137641497,-0.0121682353211181,58766.8905880733
0.1,OPERATING_TANGENT,3.825,6.45799945840901,16.1845885193467,0.0642360013898562,-0.0121567162178593,58766.9597026928
0.1,OPERATING_TANGENT,3.83,6.45799945840901,16.1846286059614,0.0641752465837645,-0.0121452080386799,58767.0287517679
0.1,OPERATING_TANGENT,3.835,6.45799945840901,16.1846686546631,0.0641145492912801,-0.0121337107731776,58767.0977353609
0.1,OPERATING_TANGENT,3.84,6.45799945840901,16.1847086654874,0.0640539094578606,-0.0121222244109678,58767.1666535342
0.1,OPERATING_TANGENT,3.845,6.45799945840901,16.1847486384705,0.0639933270290157,-0.0121107489416765,58767.2355063499
0.1,OPERATING_TANGENT,3.85,6.45799945840901,16.1847885736479,0.0639328019503064,-0.0120992843549335,58767.3042938704
0.1,OPERATING_TANGENT,3.855,6.45799945840901,16.1848284710556,0.0638723341673461,-0.012087830640386,58767.3730161577
0.1,OPERATING_TANGENT,3.86,6.45799945840901,16.1848683307293,0.0638119236257996,-0.0120763877876833,58767.4416732739
0.1,OPERATING_TANGENT,3.865,6.45799945840901,16.1849081527048,0.0637515702713835,-0.0120649557864887,58767.5102652811
0.1,OPERATING_TANGENT,3.87,6.45799945840901,16.1849479370176,0.0636912740498662,-0.0120535346264781,58767.5787922411
0.1,OPERATING_TANGENT,3.875,6.45799945840901,16.1849876837034,0.0636310349070674,-0.0120421242973325,58767.647254216
0.1,OPERATING_TANGENT,3.88,6.45799945840901,16.1850273927979,0.0635708527888587,-0.0120307247887439,58767.7156512675
0.1,OPERATING_TANGENT,3.885,6.45799945840901,16.1850670643367,0.063510727641163,-0.0120193360904128,58767.7839834575
0.1,OPERATING_TANGENT,3.89,6.45799945840901,16.1851066983553,0.0634506594099547,-0.0120079581920596,58767.8522508476
0.1,OPERATING_TANGENT,3.895,6.45799945840901,16.1851462948891,0.0633906480412597,-0.011996591083399,58767.9204534996
0.1,OPERATING_TANGENT,3.9,6.45799945840901,16.1851858539738,0.0633306934811552,-0.0119852347541674,58767.988591475
0.1,OPERATING_TANGENT,3.905,6.45799945840901,16.1852253756447,0.0632707956757696,-0.0119738891941026,58768.0566648354
0.1,OPERATING_TANGENT,3.91,6.45799945840901,16.1852648599373,0.0632109545712827,-0.0119625543929605,58768.1246736422
0.1,OPERATING_TANGENT,3.915,6.45799945840901,16.1853043068869,0.0631511701139256,-0.0119512303404985,58768.192617957
0.1,OPERATING_TANGENT,3.92,6.45799945840901,16.1853437165289,0.0630914422499804,-0.011939917026492,58768.2604978411
0.1,OPERATING_TANGENT,3.925,6.45799945840901,16.1853830888985,0.0630317709257804,-0.011928614440718,58768.3283133557
0.1,OPERATING_TANGENT,3.93,6.45799945840901,16.1854224240312,0.06297215608771,-0.0119173225729732,58768.3960645622
0.1,OPERATING_TANGENT,3.935,6.45799945840901,16.1854617219621,0.0629125976822044,-0.0119060414130558,58768.4637515217
0.1,OPERATING_TANGENT,3.94,6.45799945840901,16.1855009827265,0.0628530956557501,-0.0118947709507768,58768.5313742953
0.1,OPERATING_TANGENT,3.945,6.45799945840901,16.1855402063594,0.0627936499548844,-0.0118835111759523,58768.5989329443
0.1,OPERATING_TANGENT,3.95,6.45799945840901,16.1855793928962,0.0627342605261952,-0.011872262078418,58768.6664275295
0.1,OPERATING_TANGENT,3.955,6.45799945840901,16.1856185423718,0.0626749273163217,-0.0118610236480112,58768.7338581119
0.1,OPERATING_TANGENT,3.96,6.45799945840901,16.1856576548214,0.0626156502719536,-0.0118497958745838,58768.8012247525
0.1,OPERATING_TANGENT,3.965,6.45799945840901,16.18569673028,0.0625564293398313,-0.0118385787479927,58768.868527512
0.1,OPERATING_TANGENT,3.97,6.45799945840901,16.1857357687826,0.062497264466746,-0.0118273722581073,58768.9357664514
0.1,OPERATING_TANGENT,3.975,6.45799945840901,16.1857747703642,0.0624381555995394,-0.0118161763948059,58769.0029416312
0.1,OPERATING_TANGENT,3.98,6.45799945840901,16.1858137350598,0.0623791026851039,-0.0118049911479758,58769.0700531121
0.1,OPERATING_TANGENT,3.985,6.45799945840901,16.1858526629042,0.0623201056703824,-0.0117938165075202,58769.1371009549
0.1,OPERATING_TANGENT,3.99,6.45799945840901,16.1858915539325,0.0622611645023683,-0.0117826524633404,58769.2040852199
0.1,OPERATING_TANGENT,3.995,6.45799945840901,16.1859304081793,0.0622022791281055,-0.011771499005361,58769.2710059678
0.1,OPERATING_TANGENT,4,6.45799945840901,16.1859692256795,0.062143449494688,-0.0117603561235029,58769.337863259
0.1,CLASSICAL_LUT_COARSE,0,6.45799945840901,16.226991584938,0,1.77635683940025e-15,58839.9
0.1,CLASSICAL_LUT_COARSE,0.005,6.45799945840901,16.226991584938,8.88178419700125e-18,1.77635683940025e-15,58839.9
0.1,CLASSICAL_LUT_COARSE,0.01,6.45799945840901,16.226991584938,1.77635683940025e-17,1.77635683940025e-15,58839.9
0.1,CLASSICAL_LUT_COARSE,0.015,6.45799945840901,16.226991584938,2.66453525910038e-17,1.77635683940025e-15,58839.9
0.1,CLASSICAL_LUT_COARSE,0.02,6.45799945840901,16.226991584938,3.5527136788005e-17,1.77635683940025e-15,58839.9
0.1,CLASSICAL_LUT_COARSE,0.025,6.45799945840901,16.226991584938,4.44089209850063e-17,1.77635683940025e-15,58839.9
0.1,CLASSICAL_LUT_COARSE,0.03,6.45799945840901,16.226991584938,5.32907051820075e-17,1.77635683940025e-15,58839.9
0.1,CLASSICAL_LUT_COARSE,0.035,6.45799945840901,16.226991584938,6.21724893790088e-17,1.77635683940025e-15,58839.9
0.1,CLASSICAL_LUT_COARSE,0.04,6.45799945840901,16.226991584938,7.105427357601e-17,1.77635683940025e-15,58839.9
0.1,CLASSICAL_LUT_COARSE,0.045,6.45799945840901,16.226991584938,7.99360577730113e-17,1.77635683940025e-15,58839.9
0.1,CLASSICAL_LUT_COARSE,0.05,6.45799945840901,16.226991584938,8.88178419700125e-17,1.77635683940025e-15,58839.9
0.1,CLASSICAL_LUT_COARSE,0.055,6.45799945840901,16.226991584938,9.76996261670138e-17,1.77635683940025e-15,58839.9
0.1,CLASSICAL_LUT_COARSE,0.06,6.45799945840901,16.226991584938,1.06581410364015e-16,1.77635683940025e-15,58839.9
0.1,CLASSICAL_LUT_COARSE,0.065,6.45799945840901,16.226991584938,1.15463194561016e-16,1.77635683940025e-15,58839.9
0.1,CLASSICAL_LUT_COARSE,0.07,6.45799945840901,16.226991584938,1.24344978758018e-16,1.77635683940025e-15,58839.9
0.1,CLASSICAL_LUT_COARSE,0.075,6.45799945840901,16.226991584938,1.33226762955019e-16,1.77635683940025e-15,58839.9
0.1,CLASSICAL_LUT_COARSE,0.08,6.45799945840901,16.226991584938,1.4210854715202e-16,1.77635683940025e-15,58839.9
0.1,CLASSICAL_LUT_COARSE,0.085,6.45799945840901,16.226991584938,1.50990331349021e-16,1.77635683940025e-15,58839.9
0.1,CLASSICAL_LUT_COARSE,0.09,6.45799945840901,16.226991584938,1.59872115546023e-16,1.77635683940025e-15,58839.9
0.1,CLASSICAL_LUT_COARSE,0.095,6.45799945840901,16.226991584938,1.68753899743024e-16,1.77635683940025e-15,58839.9
0.1,CLASSICAL_LUT_COARSE,0.1,6.45799945840901,16.226991584938,1.77635683940025e-16,1.77635683940025e-15,58839.9
0.1,CLASSICAL_LUT_COARSE,0.105,6.45799945840901,16.226991584938,1.86517468137026e-16,1.77635683940025e-15,58839.9
0.1,CLASSICAL_LUT_COARSE,0.11,6.45799945840901,16.226991584938,1.95399252334028e-16,1.77635683940025e-15,58839.9
0.1,CLASSICAL_LUT_COARSE,0.115,6.45799945840901,16.226991584938,2.04281036531029e-16,1.77635683940025e-15,58839.9
0.1,CLASSICAL_LUT_COARSE,0.12,6.45799945840901,16.226991584938,2.1316282072803e-16,1.77635683940025e-15,58839.9
0.1,CLASSICAL_LUT_COARSE,0.125,6.45799945840901,16.226991584938,2.22044604925031e-16,1.77635683940025e-15,58839.9
0.1,CLASSICAL_LUT_COARSE,0.13,6.45799945840901,16.226991584938,2.30926389122033e-16,1.77635683940025e-15,58839.9
0.1,CLASSICAL_LUT_COARSE,0.135,6.45799945840901,16.226991584938,2.39808173319034e-16,1.77635683940025e-15,58839.9
0.1,CLASSICAL_LUT_COARSE,0.14,6.45799945840901,16.226991584938,2.48689957516035e-16,1.77635683940025e-15,58839.9
0.1,CLASSICAL_LUT_COARSE,0.145,6.45799945840901,16.226991584938,2.57571741713036e-16,1.77635683940025e-15,58839.9
0.1,CLASSICAL_LUT_COARSE,0.15,6.45799945840901,16.226991584938,2.66453525910038e-16,1.77635683940025e-15,58839.9
0.1,CLASSICAL_LUT_COARSE,0.155,6.45799945840901,16.226991584938,2.75335310107039e-16,1.77635683940025e-15,58839.9
0.1,CLASSICAL_LUT_COARSE,0.16,6.45799945840901,16.226991584938,2.8421709430404e-16,1.77635683940025e-15,58839.9
0.1,CLASSICAL_LUT_COARSE,0.165,6.45799945840901,16.226991584938,2.93098878501041e-16,1.77635683940025e-15,58839.9
0.1,CLASSICAL_LUT_COARSE,0.17,6.45799945840901,16.226991584938,3.01980662698043e-16,1.77635683940025e-15,58839.9
0.1,CLASSICAL_LUT_COARSE,0.175,6.45799945840901,16.226991584938,3.10862446895044e-16,1.77635683940025e-15,58839.9
0.1,CLASSICAL_LUT_COARSE,0.18,6.45799945840901,16.226991584938,3.19744231092045e-16,1.77635683940025e-15,58839.9
0.1,CLASSICAL_LUT_COARSE,0.185,6.45799945840901,16.226991584938,3.28626015289046e-16,1.77635683940025e-15,58839.9
0.1,CLASSICAL_LUT_COARSE,0.19,6.45799945840901,16.226991584938,3.37507799486048e-16,1.77635683940025e-15,58839.9
0.1,CLASSICAL_LUT_COARSE,0.195,6.45799945840901,16.226991584938,3.46389583683049e-16,1.77635683940025e-15,58839.9
0.1,CLASSICAL_LUT_COARSE,0.2,6.45799945840901,16.226991584938,3.5527136788005e-16,1.77635683940025e-15,58839.9
0.1,CLASSICAL_LUT_COARSE,0.205,6.45799945840901,16.226991584938,3.64153152077051e-16,1.77635683940025e-15,58839.9
0.1,CLASSICAL_LUT_COARSE,0.21,6.45799945840901,16.226991584938,3.73034936274053e-16,1.77635683940025e-15,58839.9
0.1,CLASSICAL_LUT_COARSE,0.215,6.45799945840901,16.226991584938,3.81916720471054e-16,1.77635683940025e-15,58839.9
0.1,CLASSICAL_LUT_COARSE,0.22,6.45799945840901,16.226991584938,3.90798504668055e-16,1.77635683940025e-15,58839.9
0.1,CLASSICAL_LUT_COARSE,0.225,6.45799945840901,16.226991584938,3.99680288865056e-16,1.77635683940025e-15,58839.9
0.1,CLASSICAL_LUT_COARSE,0.23,6.45799945840901,16.226991584938,4.08562073062058e-16,1.77635683940025e-15,58839.9
0.1,CLASSICAL_LUT_COARSE,0.235,6.45799945840901,16.226991584938,4.17443857259059e-16,1.77635683940025e-15,58839.9
0.1,CLASSICAL_LUT_COARSE,0.24,6.45799945840901,16.226991584938,4.2632564145606e-16,1.77635683940025e-15,58839.9
0.1,CLASSICAL_LUT_COARSE,0.245,6.45799945840901,16.226991584938,4.35207425653061e-16,1.77635683940025e-15,58839.9
0.1,CLASSICAL_LUT_COARSE,0.25,6.45799945840901,16.226991584938,4.44089209850063e-16,1.77635683940025e-15,58839.9
0.1,CLASSICAL_LUT_COARSE,0.255,6.45799945840901,16.226991584938,4.52970994047064e-16,1.77635683940025e-15,58839.9
0.1,CLASSICAL_LUT_COARSE,0.26,6.45799945840901,16.226991584938,4.61852778244065e-16,1.77635683940025e-15,58839.9
0.1,CLASSICAL_LUT_COARSE,0.265,6.45799945840901,16.226991584938,4.70734562441066e-16,1.77635683940025e-15,58839.9
0.1,CLASSICAL_LUT_COARSE,0.27,6.45799945840901,16.226991584938,4.79616346638068e-16,1.77635683940025e-15,58839.9
0.1,CLASSICAL_LUT_COARSE,0.275,6.45799945840901,16.226991584938,4.88498130835069e-16,1.77635683940025e-15,58839.9
0.1,CLASSICAL_LUT_COARSE,0.28,6.45799945840901,16.226991584938,4.9737991503207e-16,1.77635683940025e-15,58839.9
0.1,CLASSICAL_LUT_COARSE,0.285,6.45799945840901,16.226991584938,5.06261699229071e-16,1.77635683940025e-15,58839.9
0.1,CLASSICAL_LUT_COARSE,0.29,6.45799945840901,16.226991584938,5.15143483426073e-16,1.77635683940025e-15,58839.9
0.1,CLASSICAL_LUT_COARSE,0.295,6.45799945840901,16.226991584938,5.24025267623074e-16,1.77635683940025e-15,58839.9
0.1,CLASSICAL_LUT_COARSE,0.3,6.45799945840901,16.226991584938,5.32907051820075e-16,1.77635683940025e-15,58839.9
0.1,CLASSICAL_LUT_COARSE,0.305,6.45799945840901,16.226991584938,5.41788836017076e-16,1.77635683940025e-15,58839.9
0.1,CLASSICAL_LUT_COARSE,0.31,6.45799945840901,16.226991584938,5.50670620214078e-16,1.77635683940025e-15,58839.9
0.1,CLASSICAL_LUT_COARSE,0.315,6.45799945840901,16.226991584938,5.59552404411079e-16,1.77635683940025e-15,58839.9
0.1,CLASSICAL_LUT_COARSE,0.32,6.45799945840901,16.226991584938,5.6843418860808e-16,1.77635683940025e-15,58839.9
0.1,CLASSICAL_LUT_COARSE,0.325,6.45799945840901,16.226991584938,5.77315972805081e-16,1.77635683940025e-15,58839.9
0.1,CLASSICAL_LUT_COARSE,0.33,6.45799945840901,16.226991584938,5.86197757002083e-16,1.77635683940025e-15,58839.9
0.1,CLASSICAL_LUT_COARSE,0.335,6.45799945840901,16.226991584938,5.95079541199084e-16,1.77635683940025e-15,58839.9
0.1,CLASSICAL_LUT_COARSE,0.34,6.45799945840901,16.226991584938,6.03961325396085e-16,1.77635683940025e-15,58839.9
0.1,CLASSICAL_LUT_COARSE,0.345,6.45799945840901,16.226991584938,6.12843109593086e-16,1.77635683940025e-15,58839.9
0.1,CLASSICAL_LUT_COARSE,0.35,6.45799945840901,16.226991584938,6.21724893790088e-16,1.77635683940025e-15,58839.9
0.1,CLASSICAL_LUT_COARSE,0.355,6.45799945840901,16.226991584938,6.30606677987089e-16,1.77635683940025e-15,58839.9
0.1,CLASSICAL_LUT_COARSE,0.36,6.45799945840901,16.226991584938,6.3948846218409e-16,1.77635683940025e-15,58839.9
0.1,CLASSICAL_LUT_COARSE,0.365,6.45799945840901,16.226991584938,6.48370246381091e-16,1.77635683940025e-15,58839.9
0.1,CLASSICAL_LUT_COARSE,0.37,6.45799945840901,16.226991584938,6.57252030578093e-16,1.77635683940025e-15,58839.9
0.1,CLASSICAL_LUT_COARSE,0.375,6.45799945840901,16.226991584938,6.66133814775094e-16,1.77635683940025e-15,58839.9
0.1,CLASSICAL_LUT_COARSE,0.38,6.45799945840901,16.226991584938,6.75015598972095e-16,1.77635683940025e-15,58839.9
0.1,CLASSICAL_LUT_COARSE,0.385,6.45799945840901,16.226991584938,6.83897383169096e-16,1.77635683940025e-15,58839.9
0.1,CLASSICAL_LUT_COARSE,0.39,6.45799945840901,16.226991584938,6.92779167366098e-16,1.77635683940025e-15,58839.9
0.1,CLASSICAL_LUT_COARSE,0.395,6.45799945840901,16.226991584938,7.01660951563099e-16,1.77635683940025e-15,58839.9
0.1,CLASSICAL_LUT_COARSE,0.4,6.45799945840901,16.226991584938,7.105427357601e-16,1.77635683940025e-15,58839.9
0.1,CLASSICAL_LUT_COARSE,0.405,6.45799945840901,16.226991584938,7.19424519957101e-16,1.77635683940025e-15,58839.9
0.1,CLASSICAL_LUT_COARSE,0.41,6.45799945840901,16.226991584938,7.28306304154103e-16,1.77635683940025e-15,58839.9
0.1,CLASSICAL_LUT_COARSE,0.415,6.45799945840901,16.226991584938,7.37188088351104e-16,1.77635683940025e-15,58839.9
0.1,CLASSICAL_LUT_COARSE,0.42,6.45799945840901,16.226991584938,7.46069872548105e-16,1.77635683940025e-15,58839.9
0.1,CLASSICAL_LUT_COARSE,0.425,6.45799945840901,16.226991584938,7.54951656745106e-16,1.77635683940025e-15,58839.9
0.1,CLASSICAL_LUT_COARSE,0.43,6.45799945840901,16.226991584938,7.63833440942108e-16,1.77635683940025e-15,58839.9
0.1,CLASSICAL_LUT_COARSE,0.435,6.45799945840901,16.226991584938,7.72715225139109e-16,1.77635683940025e-15,58839.9
0.1,CLASSICAL_LUT_COARSE,0.44,6.45799945840901,16.226991584938,7.8159700933611e-16,1.77635683940025e-15,58839.9
0.1,CLASSICAL_LUT_COARSE,0.445,6.45799945840901,16.226991584938,7.90478793533111e-16,1.77635683940025e-15,58839.9
0.1,CLASSICAL_LUT_COARSE,0.45,6.45799945840901,16.226991584938,7.99360577730113e-16,1.77635683940025e-15,58839.9
0.1,CLASSICAL_LUT_COARSE,0.455,6.45799945840901,16.226991584938,8.08242361927114e-16,1.77635683940025e-15,58839.9
0.1,CLASSICAL_LUT_COARSE,0.46,6.45799945840901,16.226991584938,8.17124146124115e-16,1.77635683940025e-15,58839.9
0.1,CLASSICAL_LUT_COARSE,0.465,6.45799945840901,16.226991584938,8.26005930321117e-16,1.77635683940025e-15,58839.9
0.1,CLASSICAL_LUT_COARSE,0.47,6.45799945840901,16.226991584938,8.34887714518118e-16,1.77635683940025e-15,58839.9
0.1,CLASSICAL_LUT_COARSE,0.475,6.45799945840901,16.226991584938,8.43769498715119e-16,1.77635683940025e-15,58839.9
0.1,CLASSICAL_LUT_COARSE,0.48,6.45799945840901,16.226991584938,8.5265128291212e-16,1.77635683940025e-15,58839.9
0.1,CLASSICAL_LUT_COARSE,0.485,6.45799945840901,16.226991584938,8.61533067109121e-16,1.77635683940025e-15,58839.9
0.1,CLASSICAL_LUT_COARSE,0.49,6.45799945840901,16.226991584938,8.70414851306123e-16,1.77635683940025e-15,58839.9
0.1,CLASSICAL_LUT_COARSE,0.495,6.45799945840901,16.226991584938,8.79296635503124e-16,1.77635683940025e-15,58839.9
0.1,CLASSICAL_LUT_COARSE,0.5,6.45799945840901,16.226991584938,8.88178419700125e-16,1.77635683940025e-15,58839.9
0.1,CLASSICAL_LUT_COARSE,0.505,6.45799945840901,16.226991584938,8.97060203897126e-16,1.77635683940025e-15,58839.9
0.1,CLASSICAL_LUT_COARSE,0.51,6.45799945840901,16.226991584938,9.05941988094128e-16,1.77635683940025e-15,58839.9
0.1,CLASSICAL_LUT_COARSE,0.515,6.45799945840901,16.226991584938,9.14823772291129e-16,1.77635683940025e-15,58839.9
0.1,CLASSICAL_LUT_COARSE,0.52,6.45799945840901,16.226991584938,9.2370555648813e-16,1.77635683940025e-15,58839.9
0.1,CLASSICAL_LUT_COARSE,0.525,6.45799945840901,16.226991584938,9.32587340685132e-16,1.77635683940025e-15,58839.9
0.1,CLASSICAL_LUT_COARSE,0.53,6.45799945840901,16.226991584938,9.41469124882133e-16,1.77635683940025e-15,58839.9
0.1,CLASSICAL_LUT_COARSE,0.535,6.45799945840901,16.226991584938,9.50350909079134e-16,1.77635683940025e-15,58839.9
0.1,CLASSICAL_LUT_COARSE,0.54,6.45799945840901,16.226991584938,9.59232693276135e-16,1.77635683940025e-15,58839.9
0.1,CLASSICAL_LUT_COARSE,0.545,6.45799945840901,16.226991584938,9.68114477473137e-16,1.77635683940025e-15,58839.9
0.1,CLASSICAL_LUT_COARSE,0.55,6.45799945840901,16.226991584938,9.76996261670138e-16,1.77635683940025e-15,58839.9
0.1,CLASSICAL_LUT_COARSE,0.555,6.45799945840901,16.226991584938,9.85878045867139e-16,1.77635683940025e-15,58839.9
0.1,CLASSICAL_LUT_COARSE,0.56,6.45799945840901,16.226991584938,9.9475983006414e-16,1.77635683940025e-15,58839.9
0.1,CLASSICAL_LUT_COARSE,0.565,6.45799945840901,16.226991584938,1.00364161426114e-15,1.77635683940025e-15,58839.9
0.1,CLASSICAL_LUT_COARSE,0.57,6.45799945840901,16.226991584938,1.01252339845814e-15,1.77635683940025e-15,58839.9
0.1,CLASSICAL_LUT_COARSE,0.575,6.45799945840901,16.226991584938,1.02140518265514e-15,1.77635683940025e-15,58839.9
0.1,CLASSICAL_LUT_COARSE,0.58,6.45799945840901,16.226991584938,1.03028696685215e-15,1.77635683940025e-15,58839.9
0.1,CLASSICAL_LUT_COARSE,0.585,6.45799945840901,16.226991584938,1.03916875104915e-15,1.77635683940025e-15,58839.9
0.1,CLASSICAL_LUT_COARSE,0.59,6.45799945840901,16.226991584938,1.04805053524615e-15,1.77635683940025e-15,58839.9
0.1,CLASSICAL_LUT_COARSE,0.595,6.45799945840901,16.226991584938,1.05693231944315e-15,1.77635683940025e-15,58839.9
0.1,CLASSICAL_LUT_COARSE,0.6,6.45799945840901,16.226991584938,1.06581410364015e-15,1.77635683940025e-15,58839.9
0.1,CLASSICAL_LUT_COARSE,0.605,6.45799945840901,16.226991584938,1.07469588783715e-15,1.77635683940025e-15,58839.9
0.1,CLASSICAL_LUT_COARSE,0.61,6.45799945840901,16.226991584938,1.08357767203415e-15,1.77635683940025e-15,58839.9
0.1,CLASSICAL_LUT_COARSE,0.615,6.45799945840901,16.226991584938,1.09245945623115e-15,1.77635683940025e-15,58839.9
0.1,CLASSICAL_LUT_COARSE,0.62,6.45799945840901,16.226991584938,1.10134124042816e-15,1.77635683940025e-15,58839.9
0.1,CLASSICAL_LUT_COARSE,0.625,6.45799945840901,16.226991584938,1.11022302462516e-15,1.77635683940025e-15,58839.9
0.1,CLASSICAL_LUT_COARSE,0.63,6.45799945840901,16.226991584938,1.11910480882216e-15,1.77635683940025e-15,58839.9
0.1,CLASSICAL_LUT_COARSE,0.635,6.45799945840901,16.226991584938,1.12798659301916e-15,1.77635683940025e-15,58839.9
0.1,CLASSICAL_LUT_COARSE,0.64,6.45799945840901,16.226991584938,1.13686837721616e-15,1.77635683940025e-15,58839.9
0.1,CLASSICAL_LUT_COARSE,0.645,6.45799945840901,16.226991584938,1.14575016141316e-15,1.77635683940025e-15,58839.9
0.1,CLASSICAL_LUT_COARSE,0.65,6.45799945840901,16.226991584938,1.15463194561016e-15,1.77635683940025e-15,58839.9
0.1,CLASSICAL_LUT_COARSE,0.655,6.45799945840901,16.226991584938,1.16351372980716e-15,1.77635683940025e-15,58839.9
0.1,CLASSICAL_LUT_COARSE,0.66,6.45799945840901,16.226991584938,1.17239551400417e-15,1.77635683940025e-15,58839.9
0.1,CLASSICAL_LUT_COARSE,0.665,6.45799945840901,16.226991584938,1.18127729820117e-15,1.77635683940025e-15,58839.9
0.1,CLASSICAL_LUT_COARSE,0.67,6.45799945840901,16.226991584938,1.19015908239817e-15,1.77635683940025e-15,58839.9
0.1,CLASSICAL_LUT_COARSE,0.675,6.45799945840901,16.226991584938,1.19904086659517e-15,1.77635683940025e-15,58839.9
0.1,CLASSICAL_LUT_COARSE,0.68,6.45799945840901,16.226991584938,1.20792265079217e-15,1.77635683940025e-15,58839.9
0.1,CLASSICAL_LUT_COARSE,0.685,6.45799945840901,16.226991584938,1.21680443498917e-15,1.77635683940025e-15,58839.9
0.1,CLASSICAL_LUT_COARSE,0.69,6.45799945840901,16.226991584938,1.22568621918617e-15,1.77635683940025e-15,58839.9
0.1,CLASSICAL_LUT_COARSE,0.695,6.45799945840901,16.226991584938,1.23456800338317e-15,1.77635683940025e-15,58839.9
0.1,CLASSICAL_LUT_COARSE,0.7,6.45799945840901,16.226991584938,1.24344978758018e-15,1.77635683940025e-15,58839.9
0.1,CLASSICAL_LUT_COARSE,0.705,6.45799945840901,16.226991584938,1.25233157177718e-15,1.77635683940025e-15,58839.9
0.1,CLASSICAL_LUT_COARSE,0.71,6.45799945840901,16.226991584938,1.26121335597418e-15,1.77635683940025e-15,58839.9
0.1,CLASSICAL_LUT_COARSE,0.715,6.45799945840901,16.226991584938,1.27009514017118e-15,1.77635683940025e-15,58839.9
0.1,CLASSICAL_LUT_COARSE,0.72,6.45799945840901,16.226991584938,1.27897692436818e-15,1.77635683940025e-15,58839.9
0.1,CLASSICAL_LUT_COARSE,0.725,6.45799945840901,16.226991584938,1.28785870856518e-15,1.77635683940025e-15,58839.9
0.1,CLASSICAL_LUT_COARSE,0.73,6.45799945840901,16.226991584938,1.29674049276218e-15,1.77635683940025e-15,58839.9
0.1,CLASSICAL_LUT_COARSE,0.735,6.45799945840901,16.226991584938,1.30562227695918e-15,1.77635683940025e-15,58839.9
0.1,CLASSICAL_LUT_COARSE,0.74,6.45799945840901,16.226991584938,1.31450406115619e-15,1.77635683940025e-15,58839.9
0.1,CLASSICAL_LUT_COARSE,0.745,6.45799945840901,16.226991584938,1.32338584535319e-15,1.77635683940025e-15,58839.9
0.1,CLASSICAL_LUT_COARSE,0.75,6.45799945840901,16.226991584938,1.33226762955019e-15,1.77635683940025e-15,58839.9
0.1,CLASSICAL_LUT_COARSE,0.755,6.45799945840901,16.226991584938,1.34114941374719e-15,1.77635683940025e-15,58839.9
0.1,CLASSICAL_LUT_COARSE,0.76,6.45799945840901,16.226991584938,1.35003119794419e-15,1.77635683940025e-15,58839.9
0.1,CLASSICAL_LUT_COARSE,0.765,6.45799945840901,16.226991584938,1.35891298214119e-15,1.77635683940025e-15,58839.9
0.1,CLASSICAL_LUT_COARSE,0.77,6.45799945840901,16.226991584938,1.36779476633819e-15,1.77635683940025e-15,58839.9
0.1,CLASSICAL_LUT_COARSE,0.775,6.45799945840901,16.226991584938,1.37667655053519e-15,1.77635683940025e-15,58839.9
0.1,CLASSICAL_LUT_COARSE,0.78,6.45799945840901,16.226991584938,1.3855583347322e-15,1.77635683940025e-15,58839.9
0.1,CLASSICAL_LUT_COARSE,0.785,6.45799945840901,16.226991584938,1.3944401189292e-15,1.77635683940025e-15,58839.9
0.1,CLASSICAL_LUT_COARSE,0.79,6.45799945840901,16.226991584938,1.4033219031262e-15,1.77635683940025e-15,58839.9
0.1,CLASSICAL_LUT_COARSE,0.795,6.45799945840901,16.226991584938,1.4122036873232e-15,1.77635683940025e-15,58839.9
0.1,CLASSICAL_LUT_COARSE,0.8,6.45799945840901,16.226991584938,1.4210854715202e-15,1.77635683940025e-15,58839.9
0.1,CLASSICAL_LUT_COARSE,0.805,6.45799945840901,16.226991584938,1.4299672557172e-15,1.77635683940025e-15,58839.9
0.1,CLASSICAL_LUT_COARSE,0.81,6.45799945840901,16.226991584938,1.4388490399142e-15,1.77635683940025e-15,58839.9
0.1,CLASSICAL_LUT_COARSE,0.815,6.45799945840901,16.226991584938,1.4477308241112e-15,1.77635683940025e-15,58839.9
0.1,CLASSICAL_LUT_COARSE,0.82,6.45799945840901,16.226991584938,1.45661260830821e-15,1.77635683940025e-15,58839.9
0.1,CLASSICAL_LUT_COARSE,0.825,6.45799945840901,16.226991584938,1.46549439250521e-15,1.77635683940025e-15,58839.9
0.1,CLASSICAL_LUT_COARSE,0.83,6.45799945840901,16.226991584938,1.47437617670221e-15,1.77635683940025e-15,58839.9
0.1,CLASSICAL_LUT_COARSE,0.835,6.45799945840901,16.226991584938,1.48325796089921e-15,1.77635683940025e-15,58839.9
0.1,CLASSICAL_LUT_COARSE,0.84,6.45799945840901,16.226991584938,1.49213974509621e-15,1.77635683940025e-15,58839.9
0.1,CLASSICAL_LUT_COARSE,0.845,6.45799945840901,16.226991584938,1.50102152929321e-15,1.77635683940025e-15,58839.9
0.1,CLASSICAL_LUT_COARSE,0.85,6.45799945840901,16.226991584938,1.50990331349021e-15,1.77635683940025e-15,58839.9
0.1,CLASSICAL_LUT_COARSE,0.855,6.45799945840901,16.226991584938,1.51878509768721e-15,1.77635683940025e-15,58839.9
0.1,CLASSICAL_LUT_COARSE,0.86,6.45799945840901,16.226991584938,1.52766688188422e-15,1.77635683940025e-15,58839.9
0.1,CLASSICAL_LUT_COARSE,0.865,6.45799945840901,16.226991584938,1.53654866608122e-15,1.77635683940025e-15,58839.9
0.1,CLASSICAL_LUT_COARSE,0.87,6.45799945840901,16.226991584938,1.54543045027822e-15,1.77635683940025e-15,58839.9
0.1,CLASSICAL_LUT_COARSE,0.875,6.45799945840901,16.226991584938,1.55431223447522e-15,1.77635683940025e-15,58839.9
0.1,CLASSICAL_LUT_COARSE,0.88,6.45799945840901,16.226991584938,1.56319401867222e-15,1.77635683940025e-15,58839.9
0.1,CLASSICAL_LUT_COARSE,0.885,6.45799945840901,16.226991584938,1.57207580286922e-15,1.77635683940025e-15,58839.9
0.1,CLASSICAL_LUT_COARSE,0.89,6.45799945840901,16.226991584938,1.58095758706622e-15,1.77635683940025e-15,58839.9
0.1,CLASSICAL_LUT_COARSE,0.895,6.45799945840901,16.226991584938,1.58983937126322e-15,1.77635683940025e-15,58839.9
0.1,CLASSICAL_LUT_COARSE,0.9,6.45799945840901,16.226991584938,1.59872115546023e-15,1.77635683940025e-15,58839.9
0.1,CLASSICAL_LUT_COARSE,0.905,6.45799945840901,16.226991584938,1.60760293965723e-15,1.77635683940025e-15,58839.9
0.1,CLASSICAL_LUT_COARSE,0.91,6.45799945840901,16.226991584938,1.61648472385423e-15,1.77635683940025e-15,58839.9
0.1,CLASSICAL_LUT_COARSE,0.915,6.45799945840901,16.226991584938,1.62536650805123e-15,1.77635683940025e-15,58839.9
0.1,CLASSICAL_LUT_COARSE,0.92,6.45799945840901,16.226991584938,1.63424829224823e-15,1.77635683940025e-15,58839.9
0.1,CLASSICAL_LUT_COARSE,0.925,6.45799945840901,16.226991584938,1.64313007644523e-15,1.77635683940025e-15,58839.9
0.1,CLASSICAL_LUT_COARSE,0.93,6.45799945840901,16.226991584938,1.65201186064223e-15,1.77635683940025e-15,58839.9
0.1,CLASSICAL_LUT_COARSE,0.935,6.45799945840901,16.226991584938,1.66089364483923e-15,1.77635683940025e-15,58839.9
0.1,CLASSICAL_LUT_COARSE,0.94,6.45799945840901,16.226991584938,1.66977542903624e-15,1.77635683940025e-15,58839.9
0.1,CLASSICAL_LUT_COARSE,0.945,6.45799945840901,16.226991584938,1.67865721323324e-15,1.77635683940025e-15,58839.9
0.1,CLASSICAL_LUT_COARSE,0.95,6.45799945840901,16.226991584938,1.68753899743024e-15,1.77635683940025e-15,58839.9
0.1,CLASSICAL_LUT_COARSE,0.955,6.45799945840901,16.226991584938,1.69642078162724e-15,1.77635683940025e-15,58839.9
0.1,CLASSICAL_LUT_COARSE,0.96,6.45799945840901,16.226991584938,1.70530256582424e-15,1.77635683940025e-15,58839.9
0.1,CLASSICAL_LUT_COARSE,0.965,6.45799945840901,16.226991584938,1.71418435002124e-15,1.77635683940025e-15,58839.9
0.1,CLASSICAL_LUT_COARSE,0.97,6.45799945840901,16.226991584938,1.72306613421824e-15,1.77635683940025e-15,58839.9
0.1,CLASSICAL_LUT_COARSE,0.975,6.45799945840901,16.226991584938,1.73194791841524e-15,1.77635683940025e-15,58839.9
0.1,CLASSICAL_LUT_COARSE,0.98,6.45799945840901,16.226991584938,1.74082970261225e-15,1.77635683940025e-15,58839.9
0.1,CLASSICAL_LUT_COARSE,0.985,6.45799945840901,16.226991584938,1.74971148680925e-15,1.77635683940025e-15,58839.9
0.1,CLASSICAL_LUT_COARSE,0.99,6.45799945840901,16.226991584938,1.75859327100625e-15,1.77635683940025e-15,58839.9
0.1,CLASSICAL_LUT_COARSE,0.995,6.45799945840901,16.226991584938,1.76747505520325e-15,1.77635683940025e-15,58839.9
0.1,CLASSICAL_LUT_COARSE,1,6.45799945840901,16.226991584938,1.77635683940025e-15,1.77635683940025e-15,58839.9
0.1,CLASSICAL_LUT_COARSE,1.005,6.45800562678492,16.2269919204272,1.34457626366216e-08,8.01838344521855e-06,58839.9481103007
0.1,CLASSICAL_LUT_COARSE,1.01,6.45802413039072,16.2269941216642,1.05750865351989e-07,3.13783087957376e-05,58840.0882698528
0.1,CLASSICAL_LUT_COARSE,1.015,6.45805496466091,16.2269996948758,3.5132827830224e-07,6.91948705213719e-05,58840.3151692231
0.1,CLASSICAL_LUT_COARSE,1.02,6.45809812198759,16.2270098274315,8.20622362371157e-07,0.000120758640868246,58840.6245518452
0.1,CLASSICAL_LUT_COARSE,1.025,6.45815359172235,16.2270254530957,1.58089092705388e-06,0.00018549895690434,58841.0129937414
0.1,CLASSICAL_LUT_COARSE,1.03,6.45822136017885,16.2270473038354,2.69682337137756e-06,0.000262954774782997,58841.4777286487
0.1,CLASSICAL_LUT_COARSE,1.035,6.45830141063625,16.2270759509544,4.23102869693563e-06,0.000352751532009421,58842.016509192
0.1,CLASSICAL_LUT_COARSE,1.04,6.45839372334328,16.2271118377526,6.24442021857076e-06,0.000454582779758184,58842.6274966785
0.1,CLASSICAL_LUT_COARSE,1.045,6.45849827552318,16.2271553054579,8.79651827092742e-06,0.000568195602467014,58843.3091736148
0.1,CLASSICAL_LUT_COARSE,1.05,6.45861504137925,16.2272066138164,1.19456878208313e-05,0.000693379044312437,58844.0602742659
0.1,CLASSICAL_LUT_COARSE,1.055,6.45874399210127,16.2272659574429,1.57493244113574e-05,0.000829954923094789,58844.8797295386
0.1,CLASSICAL_LUT_COARSE,1.06,6.45888509587257,16.2273334788042,2.02639990975229e-05,0.000977770539714484,58845.7666232383
0.1,CLASSICAL_LUT_COARSE,1.065,6.45903831787792,16.22740927853,2.55455708373227e-05,0.00113669289265239,58846.7201573559
0.1,CLASSICAL_LUT_COARSE,1.07,6.45920362031207,16.2274934236019,3.1649273058343e-05,0.00130660408753869,58847.7396245252
0.1,CLASSICAL_LUT_COARSE,1.075,6.45938096238912,16.2275859538585,3.86297797361034e-05,0.00148739769556094,58848.8243861734
0.1,CLASSICAL_LUT_COARSE,1.08,6.45957030035258,16.2276868871628,4.65412552209592e-05,0.00167897586541699,58849.9738551925
0.1,CLASSICAL_LUT_COARSE,1.085,6.45977158748612,16.2277962235078,5.5437391178333e-05,0.00188124703353587,58851.1874822012
0.1,CLASSICAL_LUT_COARSE,1.09,6.45998477412516,16.2279139482805,6.53714333139234e-05,0.00209412410950804,58852.4647446571
0.1,CLASSICAL_LUT_COARSE,1.095,6.46020980766909,16.2280400348559,7.63962000058215e-05,0.00231752303885457,58853.8051382331
0.1,CLASSICAL_LUT_COARSE,1.1,6.46044663259425,16.2281744466604,8.85640945287434e-05,0.00255136166551928,58855.2081699931
0.1,CLASSICAL_LUT_COARSE,1.105,6.46069519046763,16.2283171388141,0.000101927112208882,0.00279555883245308,58856.6733529947
0.1,CLASSICAL_LUT_COARSE,1.11,6.4609554199613,16.2284680594381,0.000116536843572758,0.00305003367133772,58858.200202028
0.1,CLASSICAL_LUT_COARSE,1.115,6.46122725686751,16.2286271506963,0.000132444474334908,0.00331470504258213,58859.7882302555
0.1,CLASSICAL_LUT_COARSE,1.12,6.46151063411459,16.2287943496272,0.000149700782895557,0.00358949109477535,58861.4369465686
0.1,CLASSICAL_LUT_COARSE,1.125,6.46180548178344,16.2289695888079,0.000168356135882094,0.00387430891903406,58863.1458535142
0.1,CLASSICAL_LUT_COARSE,1.13,6.46211172712481,16.2291527968854,0.00018846048215832,0.00416907427893953,58864.9144456736
0.1,CLASSICAL_LUT_COARSE,1.135,6.46242929457723,16.2293438990033,0.00021006334563908,0.00447370140039816,58866.7422084024
0.1,CLASSICAL_LUT_COARSE,1.14,6.46275810578571,16.2295428171446,0.000233213817178523,0.00478810280942987,58868.6286168566
0.1,CLASSICAL_LUT_COARSE,1.145,6.46309807962098,16.2297494704087,0.00025796054574578,0.00511218920790313,58870.5731352474
0.1,CLASSICAL_LUT_COARSE,1.15,6.46344913219959,16.2299637752354,0.000284351729058294,0.00544586937968816,58872.5752162781
0.1,CLASSICAL_LUT_COARSE,1.155,6.46381117690457,16.2301856455882,0.000312435103808519,0.00578905012094388,58874.6343007257
0.1,CLASSICAL_LUT_COARSE,1.16,6.46418412440681,16.230414993104,0.000342257935592248,0.00614163618976349,58876.7498171386
0.1,CLASSICAL_LUT_COARSE,1.165,6.4645678826871,16.2306517272171,0.000373867008625181,0.00650353027125661,58878.9211816275
0.1,CLASSICAL_LUT_COARSE,1.17,6.46496235705881,16.2308957552628,0.000407308615316998,0.00687463295498603,58881.1477977299
0.1,CLASSICAL_LUT_COARSE,1.175,6.4653674501913,16.2311469825642,0.000442628545758458,0.00725484272237331,58883.4290563342
0.1,CLASSICAL_LUT_COARSE,1.18,6.46578306213391,16.231405312507,0.000479872077166053,0.00764405594209272,58885.7643356526
0.1,CLASSICAL_LUT_COARSE,1.185,6.46620909034059,16.2316706466033,0.000519083963320498,0.00804216687187242,58888.1530012312
0.1,CLASSICAL_LUT_COARSE,1.19,6.46664542969528,16.2319428845483,0.000560308424027671,0.00844906766559816,58890.5944059936
0.1,CLASSICAL_LUT_COARSE,1.195,6.46709197253776,16.2322219242702,0.000603589134626088,0.00886464838459844,58893.0878903076
0.1,CLASSICAL_LUT_COARSE,1.2,6.46754860869026,16.2325076619755,0.000648969215559853,0.00928879701247887,58895.6327820749
0.1,CLASSICAL_LUT_COARSE,1.205,6.46801522548465,16.2327999921906,0.000696491222033021,0.0097213994727543,58898.2283968365
0.1,CLASSICAL_LUT_COARSE,1.21,6.46849170779022,16.2330988078003,0.000746197133758415,0.0101623396489092,58900.8740378935
0.1,CLASSICAL_LUT_COARSE,1.215,6.46897793804209,16.2334040000842,0.000798128344811747,0.0106114994064086,58903.5689964385
0.1,CLASSICAL_LUT_COARSE,1.22,6.46947379627022,16.233715458751,0.000852325653600112,0.0110687586164104,58906.3125516985
0.1,CLASSICAL_LUT_COARSE,1.225,6.46997916012901,16.2340330719725,0.000908829252952692,0.0115339951808515,58909.1039710851
0.1,CLASSICAL_LUT_COARSE,1.23,6.47049390492749,16.2343567264155,0.000967678720340067,0.0120070850588334,58911.942510353
0.1,CLASSICAL_LUT_COARSE,1.235,6.47101790366008,16.2346863072734,0.00102891300822811,0.0124879022939997,58914.827413764
0.1,CLASSICAL_LUT_COARSE,1.24,6.47155102703794,16.235021698298,0.00109257043457123,0.0129763190428989,58917.7579142574
0.1,CLASSICAL_LUT_COARSE,1.245,6.47209314352085,16.2353627818302,0.00115868867344955,0.0134722056041792,58920.7332336251
0.1,CLASSICAL_LUT_COARSE,1.25,6.47264411934968,16.2357094388305,0.00122730474585387,0.0139754304484985,58923.752582691
0.1,CLASSICAL_LUT_COARSE,1.255,6.47320381857939,16.23606154891,0.00129845501062209,0.0144858602491773,58926.8151614951
0.1,CLASSICAL_LUT_COARSE,1.26,6.47377210311257,16.2364189903611,0.00137217515553032,0.0150033599134236,58929.9201594805
0.1,CLASSICAL_LUT_COARSE,1.265,6.47434883273352,16.2367816401882,0.00144850018854175,0.0155277926141952,58933.0667556852
0.1,CLASSICAL_LUT_COARSE,1.27,6.47493386514282,16.2371493741385,0.00152746442921606,0.016059019822551,58936.2541189353
0.1,CLASSICAL_LUT_COARSE,1.275,6.4755270559925,16.237522066733,0.00160910150028203,0.016596901340586,58939.4814080435
0.1,CLASSICAL_LUT_COARSE,1.28,6.47612825892157,16.2378995912979,0.00169344431937596,0.0171412953347883,58942.7477720087
0.1,CLASSICAL_LUT_COARSE,1.285,6.47673732559222,16.2382818199959,0.00178052509094808,0.0176920583699154,58946.0523502195
0.1,CLASSICAL_LUT_COARSE,1.29,6.47735410572636,16.2386686238576,0.00187037529833954,0.0182490454432926,58949.3942726598
0.1,CLASSICAL_LUT_COARSE,1.295,6.47797844714271,16.2390598728136,0.00196302569603176,0.0188121100195406,58952.7726601172
0.1,CLASSICAL_LUT_COARSE,1.3,6.47861019579438,16.2394554357263,0.00205850630207076,0.0193811040657224,58956.1866243943
0.1,CLASSICAL_LUT_COARSE,1.305,6.47924919580684,16.2398551804223,0.00215684639066798,0.0199558780868934,58959.6352685214
0.1,CLASSICAL_LUT_COARSE,1.31,6.4798952895164,16.2402589737249,0.00225807448497999,0.0205362811620464,58963.1176869723
0.1,CLASSICAL_LUT_COARSE,1.315,6.4805483175091,16.2406666814866,0.00236221835006872,0.0211221609804078,58966.6329658824
0.1,CLASSICAL_LUT_COARSE,1.32,6.48120811866006,16.2410781686223,0.00246930498604425,0.0217133638781224,58970.1801832687
0.1,CLASSICAL_LUT_COARSE,1.325,6.48187453017321,16.2414932991422,0.00257936062139181,0.0223097348752859,58973.7584092517
0.1,CLASSICAL_LUT_COARSE,1.33,6.48254738762149,16.2419119361855,0.00269241070648483,0.0229111177133259,58977.36670628
0.1,CLASSICAL_LUT_COARSE,1.335,6.48322652498739,16.2423339420536,0.00280847990728572,0.0235173548927019,58981.0041293562
0.1,CLASSICAL_LUT_COARSE,1.34,6.48391177470392,16.2427591782441,0.00292759209923604,0.0241282877109388,58984.6697262656
0.1,CLASSICAL_LUT_COARSE,1.345,6.48460296769598,16.2431875054847,0.00304977036133751,0.024743756300996,58988.362537806
0.1,CLASSICAL_LUT_COARSE,1.35,6.48529993342203,16.2436187837675,0.00317503697042572,0.0253635996698982,58992.0815980194
0.1,CLASSICAL_LUT_COARSE,1.355,6.48600249991621,16.2440528723831,0.00330341339563775,0.0259876557377101,58995.8259344263
0.1,CLASSICAL_LUT_COARSE,1.36,6.48671049383075,16.2444896299554,0.00343492029307529,0.026615761376755,58999.5945682605
0.1,CLASSICAL_LUT_COARSE,1.365,6.48742374047875,16.244928914476,0.00356957750066463,0.0272477524511405,59003.3865147068
0.1,CLASSICAL_LUT_COARSE,1.37,6.48814206387727,16.2453705833393,0.00370740403321499,0.0278834638565453,59007.2007831393
0.1,CLASSICAL_LUT_COARSE,1.375,6.48886528679075,16.2458144933775,0.00384841807767627,0.0285227295602599,59011.0363773616
0.1,CLASSICAL_LUT_COARSE,1.38,6.48959323077477,16.2462605008956,0.00399263698859786,0.0291653826414784,59014.8922958489
0.1,CLASSICAL_LUT_COARSE,1.385,6.49032571622004,16.2467084617066,0.00414007728378926,0.0298112553318237,59018.7675319909
0.1,CLASSICAL_LUT_COARSE,1.39,6.49106256239674,16.2471582311672,0.0042907546401842,0.030460179056135,59022.6610743368
0.1,CLASSICAL_LUT_COARSE,1.395,6.4918035874991,16.2476096642133,0.00444468388990891,0.0311119844734211,59026.5719068405
0.1,CLASSICAL_LUT_COARSE,1.4,6.49254860869026,16.2480626153954,0.00460187901655604,0.0317665015180744,59030.4990091084
0.1,CLASSICAL_LUT_COARSE,1.405,6.49329744214739,16.2485169389143,0.00476235315166484,0.0324235594412627,59034.4413566476
0.1,CLASSICAL_LUT_COARSE,1.41,6.49404990310705,16.2489724886575,0.00492611857140905,0.03308298685252,59038.3979211151
0.1,CLASSICAL_LUT_COARSE,1.415,6.49480580591074,16.2494291182343,0.00509318669349305,0.0337446117615237,59042.3676705691
0.1,CLASSICAL_LUT_COARSE,1.42,6.49556496405076,16.2498866810126,0.00526356807425733,0.034408261620019,59046.3495697201
0.1,CLASSICAL_LUT_COARSE,1.425,6.49632719021621,16.2503450301543,0.00543727240599406,0.0350737633639486,59050.3425801837
0.1,CLASSICAL_LUT_COARSE,1.43,6.49709229633918,16.2508040186519,0.00561430851447366,0.0357409434556981,59054.3456607342
0.1,CLASSICAL_LUT_COARSE,1.435,6.49786009364118,16.2512634993643,0.00579468435668295,0.0364096279264885,59058.3577675589
0.1,CLASSICAL_LUT_COARSE,1.44,6.49863039267972,16.2517233223924,0.0059784069120247,0.03707957994075,59062.3774796445
0.1,CLASSICAL_LUT_COARSE,1.445,6.49940300339504,16.2521833331239,0.00616548206997944,0.0377506601662265,59066.4039609973
0.1,CLASSICAL_LUT_COARSE,1.45,6.500177735157,16.2526433854979,0.00635591515873081,0.0384227230596359,59070.4363383578
0.1,CLASSICAL_LUT_COARSE,1.455,6.50095439681213,16.2531033337525,0.00654971065230553,0.0390955928272358,59074.4735569634
0.1,CLASSICAL_LUT_COARSE,1.46,6.50173279673079,16.2535630318603,0.00674687214422866,0.0397690931360284,59078.5145588162
0.1,CLASSICAL_LUT_COARSE,1.465,6.50251274285445,16.2540223336164,0.00694740234672314,0.0404430477888535,59082.5582867331
0.1,CLASSICAL_LUT_COARSE,1.47,6.50329404274308,16.2544810927367,0.00715130309097358,0.0411172805703597,59086.6036834222
0.1,CLASSICAL_LUT_COARSE,1.475,6.50407650362262,16.2549391629358,0.00735857532708303,0.041791615266968,59090.6496916018
0.1,CLASSICAL_LUT_COARSE,1.48,6.50485993243254,16.2553963979957,0.00756921912414181,0.0424658756916063,59094.6952541496
0.1,CLASSICAL_LUT_COARSE,1.485,6.50564413587353,16.255852651828,0.00778323367043024,0.0431398857123515,59098.7393142741
0.1,CLASSICAL_LUT_COARSE,1.49,6.5064289204551,16.2563077785305,0.00800061727377236,0.0438134692840801,59102.7808157045
0.1,CLASSICAL_LUT_COARSE,1.495,6.50721409254342,16.2567616324397,0.0082213673620543,0.0444864504825642,59106.8187028954
0.1,CLASSICAL_LUT_COARSE,1.5,6.50799945840901,16.2572140681798,0.00844548048391799,0.045158653540458,59110.8519212427
0.1,CLASSICAL_LUT_COARSE,1.505,6.5087848242746,16.2576649407087,0.00867295230963878,0.0458299028847957,59114.8794173088
0.1,CLASSICAL_LUT_COARSE,1.51,6.50956999636291,16.2581141053623,0.00890377763219359,0.0465000231756729,59118.900139054
0.1,CLASSICAL_LUT_COARSE,1.515,6.51035478094449,16.2585614178966,0.00913795036852494,0.0471688393458827,59122.9130360753
0.1,CLASSICAL_LUT_COARSE,1.52,6.51113898438547,16.2590067345284,0.00937546356100494,0.0478361766412103,59126.9170598473
0.1,CLASSICAL_LUT_COARSE,1.525,6.5119224131954,16.259449911975,0.00961630937910235,0.048501860661343,59130.9111639681
0.1,CLASSICAL_LUT_COARSE,1.53,6.51270487407493,16.2598908074929,0.00986047912125512,0.0491657174011682,59134.894304407
0.1,CLASSICAL_LUT_COARSE,1.535,6.51348617396356,16.2603292789154,0.0101079632169504,0.0498275732923883,59138.8654397543
0.1,CLASSICAL_LUT_COARSE,1.54,6.51426612008722,16.2607651846903,0.0103587512290129,0.0504872552453417,59142.8235314721
0.1,CLASSICAL_LUT_COARSE,1.545,6.51504452000589,16.2611983839158,0.0106128318561034,0.0511445906910115,59146.7675441461
0.1,CLASSICAL_LUT_COARSE,1.55,6.51582118166102,16.2616287363773,0.0108701929354267,0.0517994076230792,59150.6964457385
0.1,CLASSICAL_LUT_COARSE,1.555,6.51659591342298,16.2620561025826,0.0111308214456506,0.0524515346400349,59154.6092078402
0.1,CLASSICAL_LUT_COARSE,1.56,6.51736852413829,16.2624803437976,0.0113947035100352,0.0531008009873002,59158.5048059238
0.1,CLASSICAL_LUT_COARSE,1.565,6.51813882317683,16.262901322081,0.0116618243997728,0.0537470365992885,59162.3822195957
0.1,CLASSICAL_LUT_COARSE,1.57,6.51890662047883,16.263318900319,0.0119321685375377,0.054390072141409,59166.2404328485
0.1,CLASSICAL_LUT_COARSE,1.575,6.5196717266018,16.2637329422597,0.0122057195012462,0.0550297390519852,59170.0784343119
0.1,CLASSICAL_LUT_COARSE,1.58,6.52043395276725,16.264143312547,0.0124824600280258,0.0556658695840415,59173.8952175042
0.1,CLASSICAL_LUT_COARSE,1.585,6.52119311090728,16.2645498767546,0.0127623720183925,0.0562982968469363,59177.6897810816
0.1,CLASSICAL_LUT_COARSE,1.59,6.52194901371097,16.2649525014195,0.0130454365406366,0.0569268548478981,59181.4611290874
0.1,CLASSICAL_LUT_COARSE,1.595,6.52270147467062,16.2653510540748,0.0133316338354155,0.0575513785333186,59185.2082711999
0.1,CLASSICAL_LUT_COARSE,1.6,6.52345030812775,16.265745403283,0.0136209433205521,0.0581717038299061,59188.9302229794
0.1,CLASSICAL_LUT_COARSE,1.605,6.52419532931891,16.2661354186689,0.0139133435960391,0.0587876676856123,59192.6260061137
0.1,CLASSICAL_LUT_COARSE,1.61,6.52493635442127,16.2665209709512,0.014208812449247,0.0593991081103376,59196.294648662
0.1,CLASSICAL_LUT_COARSE,1.615,6.52567320059797,16.2669019319755,0.0145073268603352,0.0600058642164409,59199.9351852986
0.1,CLASSICAL_LUT_COARSE,1.62,6.52640568604324,16.2672781747456,0.0148088630078649,0.0606077762589603,59203.5466575538
0.1,CLASSICAL_LUT_COARSE,1.625,6.52713363002726,16.2676495734551,0.0151133962746126,0.0612046856756177,59207.1281140537
0.1,CLASSICAL_LUT_COARSE,1.63,6.52785685294075,16.2680160035188,0.015420901253583,0.0617964351265385,59210.6786107592
0.1,CLASSICAL_LUT_COARSE,1.635,6.52857517633926,16.2683773416034,0.0157313517542198,0.0623828685336854,59214.1972112021
0.1,CLASSICAL_LUT_COARSE,1.64,6.52928842298726,16.2687334656583,0.0160447208088129,0.0629638311200367,59217.6829867202
0.1,CLASSICAL_LUT_COARSE,1.645,6.5299964169018,16.2690842549459,0.0163609806791004,0.0635391694484344,59221.1350166906
0.1,CLASSICAL_LUT_COARSE,1.65,6.53069898339598,16.2694295900716,0.016680102863065,0.0641087314601148,59224.5523887607
0.1,CLASSICAL_LUT_COARSE,1.655,6.53139594912204,16.2697693530131,0.0170020581019211,0.0646723665129745,59227.9341990778
0.1,CLASSICAL_LUT_COARSE,1.66,6.53208714211409,16.2701034271503,0.0173268163872937,0.0652299254194322,59231.2795525166
0.1,CLASSICAL_LUT_COARSE,1.665,6.53277239183063,16.2704316972939,0.017654346968584,0.065781260483984,59234.5875629039
0.1,CLASSICAL_LUT_COARSE,1.67,6.53345152919653,16.2707540497139,0.0179846183605239,0.0663262255404291,59237.8573532426
0.1,CLASSICAL_LUT_COARSE,1.675,6.5341243866448,16.2710703721682,0.0183175983509145,0.0668646759886951,59241.0880559322
0.1,CLASSICAL_LUT_COARSE,1.68,6.53479079815796,16.2713805539305,0.0186532540085476,0.0673964688313013,59244.2788129878
0.1,CLASSICAL_LUT_COARSE,1.685,6.53545059930891,16.2716844858173,0.0189915516913098,0.0679214627094478,59247.4287762567
0.1,CLASSICAL_LUT_COARSE,1.69,6.53610362730161,16.2719820602157,0.0193324570544646,0.0684395179387209,59250.5371076323
0.1,CLASSICAL_LUT_COARSE,1.695,6.53674972101117,16.2722731711098,0.0196759350591133,0.0689504965443763,59253.6029792663
0.1,CLASSICAL_LUT_COARSE,1.7,6.53738872102363,16.2725577141069,0.0200219499808302,0.0694542622962295,59256.6255737774
0.1,CLASSICAL_LUT_COARSE,1.705,6.5380204696753,16.2728355864641,0.0203704654184723,0.0699506807431067,59259.6040844586
0.1,CLASSICAL_LUT_COARSE,1.71,6.53864481109166,16.2731066871131,0.0207214443031592,0.0704396192468995,59262.5377154814
0.1,CLASSICAL_LUT_COARSE,1.715,6.53926159122579,16.2733709166859,0.0210748489074227,0.0709209470161234,59265.4256820967
0.1,CLASSICAL_LUT_COARSE,1.72,6.53987065789644,16.2736281775393,0.0214306408545228,0.0713945351391096,59268.2672108347
0.1,CLASSICAL_LUT_COARSE,1.725,6.54047186082552,16.273878373779,0.0217887811279294,0.0718602566166506,59271.0615396999
0.1,CLASSICAL_LUT_COARSE,1.73,6.54106505167519,16.2741214112841,0.0221492300809643,0.0723179863942551,59273.8079183655
0.1,CLASSICAL_LUT_COARSE,1.735,6.5416500840845,16.2743571977298,0.0225119474466053,0.0727676013938723,59276.5056083632
0.1,CLASSICAL_LUT_COARSE,1.74,6.54222681370544,16.2745856426108,0.022876892347446,0.0732089805451803,59279.1538832711
0.1,CLASSICAL_LUT_COARSE,1.745,6.54279509823862,16.2748066572639,0.0232440233058124,0.0736420048163389,59281.752028898
0.1,CLASSICAL_LUT_COARSE,1.75,6.54335479746833,16.2750201548898,0.0236132982540302,0.0740665572442492,59284.2993434655
0.1,CLASSICAL_LUT_COARSE,1.755,6.54390577329717,16.2752260505749,0.0239846745448442,0.0744825229643666,59286.7951377862
0.1,CLASSICAL_LUT_COARSE,1.76,6.54444788978008,16.2754242613125,0.0243581089619833,0.0748897892398812,59289.2387354393
0.1,CLASSICAL_LUT_COARSE,1.765,6.54498101315794,16.2756147060234,0.0247335577308723,0.0752882454904871,59291.6294729429
0.1,CLASSICAL_LUT_COARSE,1.77,6.54550501189053,16.275797305576,0.0251109765294842,0.0756777833205398,59293.9666999232
0.1,CLASSICAL_LUT_COARSE,1.775,6.54601975668901,16.2759719828062,0.0254903204993333,0.0760582965467069,59296.2497792802
0.1,CLASSICAL_LUT_COARSE,1.78,6.5465251205478,16.2761386625368,0.0258715442566047,0.0764296812250738,59298.4780873504
0.1,CLASSICAL_LUT_COARSE,1.785,6.54702097877592,16.2762972715958,0.0262546019034179,0.0767918356776764,59300.6510140661
0.1,CLASSICAL_LUT_COARSE,1.79,6.54750720902779,16.2764477388349,0.0266394470392216,0.0771446605184654,59302.7679631108
0.1,CLASSICAL_LUT_COARSE,1.795,6.54798369133336,16.2765899951474,0.0270260327723172,0.0774880586787248,59304.8283520723
0.1,CLASSICAL_LUT_COARSE,1.8,6.54845030812775,16.2767239734851,0.0274143117315079,0.0778219354318868,59306.8316125913
0.1,CLASSICAL_LUT_COARSE,1.805,6.54890694428026,16.2768496088754,0.0278042360778698,0.0781461984177909,59308.7771905067
0.1,CLASSICAL_LUT_COARSE,1.81,6.54935348712274,16.276966838437,0.028195757516644,0.0784607576663028,59310.6645459978
0.1,CLASSICAL_LUT_COARSE,1.815,6.54978982647742,16.2770756013963,0.0285888273092438,0.0787655256203852,59312.4931537223
0.1,CLASSICAL_LUT_COARSE,1.82,6.55021585468411,16.2771758391019,0.0289833962853772,0.0790604171585212,59314.2625029511
0.1,CLASSICAL_LUT_COARSE,1.825,6.55063146662671,16.2772674950397,0.029379414855279,0.0793453496165686,59315.9720976994
0.1,CLASSICAL_LUT_COARSE,1.83,6.5510365597592,16.2773505148468,0.0297768330220513,0.0796202428089661,59317.6214568538
0.1,CLASSICAL_LUT_COARSE,1.835,6.55143103413092,16.2774248463251,0.0301756003941075,0.0798850190493159,59319.2101142959
0.1,CLASSICAL_LUT_COARSE,1.84,6.5518147924112,16.2774904394544,0.030575666197719,0.0801396031703341,59320.737619022
0.1,CLASSICAL_LUT_COARSE,1.845,6.55218773991344,16.2775472464048,0.0309769792896588,0.0803839225432057,59322.2035352592
0.1,CLASSICAL_LUT_COARSE,1.85,6.55254978461843,16.2775952215487,0.0313794881699414,0.0806179070962347,59323.6074425774
0.1,CLASSICAL_LUT_COARSE,1.855,6.55290083719704,16.2776343214724,0.0317831409946528,0.0808414893329026,59324.9489359974
0.1,CLASSICAL_LUT_COARSE,1.86,6.55324081103231,16.2776645049866,0.0321878855888714,0.0810546043492355,59326.2276260954
0.1,CLASSICAL_LUT_COARSE,1.865,6.55356962224078,16.2776857331368,0.0325936694596715,0.0812571898505468,59327.4431391033
0.1,CLASSICAL_LUT_COARSE,1.87,6.55388718969321,16.2776979692133,0.0330004398092113,0.0814491861674984,59328.595117005
0.1,CLASSICAL_LUT_COARSE,1.875,6.55419343503457,16.2777011787601,0.0334081435478977,0.0816305362714917,59329.683217629
0.1,CLASSICAL_LUT_COARSE,1.88,6.55448828270342,16.2776953295837,0.0338167273076273,0.0818011857894128,59330.7071147365
0.1,CLASSICAL_LUT_COARSE,1.885,6.5547716599505,16.2776803917609,0.0342261374550994,0.0819610830176742,59331.666498106
0.1,CLASSICAL_LUT_COARSE,1.89,6.55504349685672,16.2776563376466,0.0346363201051971,0.08211017893559,59332.5610736135
0.1,CLASSICAL_LUT_COARSE,1.895,6.55530372635038,16.2776231418806,0.035047221134434,0.0822484272180812,59333.3905633085
0.1,CLASSICAL_LUT_COARSE,1.9,6.55555228422377,16.2775807813938,0.0354587861944626,0.0823757842476684,59334.154705486
0.1,CLASSICAL_LUT_COARSE,1.905,6.55578910914892,16.2775292354143,0.0358709607256405,0.0824922091257854,59334.8532547547
0.1,CLASSICAL_LUT_COARSE,1.91,6.55601414269285,16.2774684854723,0.0362836899706523,0.0825976636834245,59335.4859821005
0.1,CLASSICAL_LUT_COARSE,1.915,6.5562273293319,16.2773985154049,0.0366969189881821,0.0826921124910278,59336.0526749462
0.1,CLASSICAL_LUT_COARSE,1.92,6.55642861646544,16.2773193113602,0.0371105926666344,0.0827755228677329,59336.5531372064
0.1,CLASSICAL_LUT_COARSE,1.925,6.55661795442889,16.2772308618005,0.0375246557378989,0.0828478648898976,59336.9871893394
0.1,CLASSICAL_LUT_COARSE,1.93,6.55679529650595,16.2771331575057,0.0379390527911567,0.0829091113989104,59337.3546683935
0.1,CLASSICAL_LUT_COARSE,1.935,6.5569605989401,16.277026191575,0.0383537282867234,0.0829592380083071,59337.6554280498
0.1,CLASSICAL_LUT_COARSE,1.94,6.55711382094544,16.2769099594294,0.038768626569926,0.0829982231101543,59337.8893386609
0.1,CLASSICAL_LUT_COARSE,1.945,6.55725492471675,16.2767844588119,0.0391836918850103,0.0830260478807681,59338.0562872846
0.1,CLASSICAL_LUT_COARSE,1.95,6.55738387543876,16.2766496897893,0.039598868389075,0.0830426962856823,59338.1561777141
0.1,CLASSICAL_LUT_COARSE,1.955,6.55750064129483,16.2765056547509,0.0400141001660282,0.0830481550838833,59338.1889305033
0.1,CLASSICAL_LUT_COARSE,1.96,6.55760519347473,16.2763523584089,0.0404293312405643,0.0830424138314019,59338.1544829884
0.1,CLASSICAL_LUT_COARSE,1.965,6.55769750618177,16.276189807797,0.0408445055921566,0.0830254648840949,59338.0527893046
0.1,CLASSICAL_LUT_COARSE,1.97,6.55777755663916,16.2760180122684,0.0412595671690617,0.0829973033997913,59337.8838203987
0.1,CLASSICAL_LUT_COARSE,1.975,6.55784532509566,16.2758369834936,0.0416744599023333,0.0829579273396703,59337.647564038
0.1,CLASSICAL_LUT_COARSE,1.98,6.55790079483042,16.2756467354579,0.0420891277198411,0.0829073374689173,59337.3440248135
0.1,CLASSICAL_LUT_COARSE,1.985,6.55794395215711,16.2754472844572,0.0425035145602905,0.0828455373567092,59336.9732241402
0.1,CLASSICAL_LUT_COARSE,1.99,6.55797478642729,16.2752386490947,0.0429175643872417,0.0827725333754259,59336.5352002526
0.1,CLASSICAL_LUT_COARSE,1.995,6.55799329003309,16.2750208502759,0.0433312212031216,0.0826883346991494,59336.0300081949
0.1,CLASSICAL_LUT_COARSE,2,6.55799945840901,16.2747939112031,0.0437444290632273,0.0825929533014893,59335.4577198089
0.1,CLASSICAL_LUT_COARSE,2.005,6.55799329003309,16.2745578573704,0.044157132089717,0.0824864039526272,59334.8184237158
0.1,CLASSICAL_LUT_COARSE,2.01,6.55797478642729,16.2743127165567,0.0445692744855838,0.082368704215682,59334.1122252941
0.1,CLASSICAL_LUT_COARSE,2.015,6.55794395215711,16.274058518819,0.0449808005486095,0.0822398744423527,59333.3392466541
0.1,CLASSICAL_LUT_COARSE,2.02,6.55790079483042,16.273795296485,0.0453916546852959,0.0820999377678362,59332.499626607
0.1,CLASSICAL_LUT_COARSE,2.025,6.55784532509566,16.273523084145,0.045801781424767,0.0819489201050168,59331.5935206301
0.1,CLASSICAL_LUT_COARSE,2.03,6.55777755663916,16.2732419186432,0.0462111254326426,0.081786850137977,59330.6211008279
0.1,CLASSICAL_LUT_COARSE,2.035,6.55769750618177,16.2729518390686,0.0466196315248758,0.0816137593147754,59329.5825558887
0.1,CLASSICAL_LUT_COARSE,2.04,6.55760519347473,16.2726528867452,0.0470272446815533,0.0814296818395022,59328.478091037
0.1,CLASSICAL_LUT_COARSE,2.045,6.55750064129483,16.2723451052218,0.0474339100606549,0.0812346546636604,59327.307927982
0.1,CLASSICAL_LUT_COARSE,2.05,6.55738387543876,16.272028540261,0.0478395730117668,0.0810287174768085,59326.0723048608
0.1,CLASSICAL_LUT_COARSE,2.055,6.55725492471675,16.2717032398279,0.0482441790897476,0.080811912696511,59324.7714761791
0.1,CLASSICAL_LUT_COARSE,2.06,6.55711382094544,16.2713692540784,0.0486476740683413,0.0805842854576024,59323.4057127456
0.1,CLASSICAL_LUT_COARSE,2.065,6.5569605989401,16.2710266353459,0.0490500039537355,0.0803458836007351,59321.9753016044
0.1,CLASSICAL_LUT_COARSE,2.07,6.55679529650595,16.2706754381293,0.0494511149980606,0.0800967576602325,59320.4805459614
0.1,CLASSICAL_LUT_COARSE,2.075,6.55661795442889,16.2703157190786,0.0498509537128262,0.0798369608512761,59318.9217651076
0.1,CLASSICAL_LUT_COARSE,2.08,6.55642861646544,16.2699475369811,0.0502494668822919,0.0795665490563788,59317.2992943383
0.1,CLASSICAL_LUT_COARSE,2.085,6.5562273293319,16.2695709527468,0.0506466015767685,0.0792855808111774,59315.6134848671
0.1,CLASSICAL_LUT_COARSE,2.09,6.55601414269285,16.269186029393,0.0510423051658473,0.0789941172895521,59313.8647037373
0.1,CLASSICAL_LUT_COARSE,2.095,6.55578910914892,16.2687928320289,0.0514365253315521,0.0786922222880833,59312.0533337285
0.1,CLASSICAL_LUT_COARSE,2.1,6.55555228422377,16.2683914278391,0.0518292100814126,0.0783799622097998,59310.1797732588
0.1,CLASSICAL_LUT_COARSE,2.105,6.55530372635038,16.2679818860667,0.0522203077614549,0.0780574060472929,59308.2444362838
0.1,CLASSICAL_LUT_COARSE,2.11,6.55504349685672,16.2675642779968,0.0526097670691054,0.0777246253651693,59306.247752191
0.1,CLASSICAL_LUT_COARSE,2.115,6.5547716599505,16.2671386769376,0.0529975370660057,0.0773816942818062,59304.1901656908
0.1,CLASSICAL_LUT_COARSE,2.12,6.55448828270342,16.2667051582032,0.0533835671907345,0.0770286894505148,59302.0721367031
0.1,CLASSICAL_LUT_COARSE,2.125,6.55419343503457,16.2662637990942,0.0537678072714339,0.0766656900399951,59299.89414024
0.1,CLASSICAL_LUT_COARSE,2.13,6.55388718969321,16.2658146788783,0.0541502075383362,0.0762927777141957,59297.6566662852
0.1,CLASSICAL_LUT_COARSE,2.135,6.55356962224078,16.2653578787713,0.0545307186361882,0.0759100366115195,59295.3602196691
0.1,CLASSICAL_LUT_COARSE,2.14,6.55324081103231,16.2648934819161,0.0549092916365702,0.0755175533233743,59293.0053199402
0.1,CLASSICAL_LUT_COARSE,2.145,6.55290083719704,16.2644215733621,0.0552858780501066,0.0751154168721531,59290.5925012329
0.1,CLASSICAL_LUT_COARSE,2.15,6.55254978461843,16.2639422400446,0.0556604298385637,0.0747037186885482,59288.1223121313
0.1,CLASSICAL_LUT_COARSE,2.155,6.55218773991344,16.2634555707622,0.0560328994268338,0.0742825525882722,59285.5953155296
0.1,CLASSICAL_LUT_COARSE,2.16,6.5518147924112,16.2629616561555,0.0564032397148007,0.0738520147481694,59283.012088489
0.1,CLASSICAL_LUT_COARSE,2.165,6.55143103413092,16.2624605886841,0.0567714040890843,0.0734122036817393,59280.3732220904
0.1,CLASSICAL_LUT_COARSE,2.17,6.5510365597592,16.2619524626034,0.0571373464346613,0.0729632202140387,59277.6793212842
0.1,CLASSICAL_LUT_COARSE,2.175,6.55063146662671,16.2614373739415,0.0575010211463595,0.072505167456038,59274.9310047362
0.1,CLASSICAL_LUT_COARSE,2.18,6.55021585468411,16.2609154204753,0.0578623831402214,0.0720381507783543,59272.1289046701
0.1,CLASSICAL_LUT_COARSE,2.185,6.54978982647742,16.2603867017057,0.0582213878647364,0.0715622777844676,59269.2736667068
0.1,CLASSICAL_LUT_COARSE,2.19,6.54935348712274,16.259851318833,0.058577991311936,0.0710776582833113,59266.3659496999
0.1,CLASSICAL_LUT_COARSE,2.195,6.54890694428026,16.2593093747321,0.0589321500283523,0.0705844042613535,59263.4064255681
0.1,CLASSICAL_LUT_COARSE,2.2,6.54845030812775,16.2587609739261,0.0592838211258339,0.0700826298541148,59260.3957791247
0.1,CLASSICAL_LUT_COARSE,2.205,6.54798369133336,16.2582062225611,0.0596329622922197,0.0695724513171392,59257.3347079028
0.1,CLASSICAL_LUT_COARSE,2.21,6.54750720902779,16.2576452283791,0.0599795318018645,0.0690539869964368,59254.2239219786
0.1,CLASSICAL_LUT_COARSE,2.215,6.54702097877592,16.2570781006916,0.0603234885260168,0.0685273572984038,59251.0641437904
0.1,CLASSICAL_LUT_COARSE,2.22,6.5465251205478,16.256504950352,0.0606647919430446,0.0679926846592274,59247.8561079554
0.1,CLASSICAL_LUT_COARSE,2.225,6.54601975668901,16.2559258897284,0.0610034021485064,0.0674500935137754,59244.6005610826
0.1,CLASSICAL_LUT_COARSE,2.23,6.54550501189053,16.2553410326754,0.0613392798650659,0.0668997102639928,59241.298261584
0.1,CLASSICAL_LUT_COARSE,2.235,6.54498101315794,16.2547504945059,0.0616723864522475,0.0663416632468063,59237.9499794808
0.1,CLASSICAL_LUT_COARSE,2.24,6.54444788978008,16.254154391962,0.0620026839160299,0.0657760827015519,59234.5564962093
0.1,CLASSICAL_LUT_COARSE,2.245,6.54390577329717,16.2535528431866,0.0623301349182755,0.0652031007369089,59231.1186044214
0.1,CLASSICAL_LUT_COARSE,2.25,6.54335479746833,16.2529459676934,0.0626547027859941,0.064622851297397,59227.6371077844
0.1,CLASSICAL_LUT_COARSE,2.255,6.54279509823862,16.2523338863375,0.0629763515204365,0.064035470129415,59224.1128207765
0.1,CLASSICAL_LUT_COARSE,2.26,6.54222681370544,16.2517167212854,0.0632950458060189,0.0634410947467998,59220.5465684808
0.1,CLASSICAL_LUT_COARSE,2.265,6.5416500840845,16.2510945959841,0.0636107510190726,0.062839864396004,59216.939186376
0.1,CLASSICAL_LUT_COARSE,2.27,6.54106505167519,16.2504676351311,0.0639234332364192,0.0622319200207979,59213.2915201248
0.1,CLASSICAL_LUT_COARSE,2.275,6.54047186082552,16.2498359646429,0.0642330592437681,0.0616174042265811,59209.6044253595
0.1,CLASSICAL_LUT_COARSE,2.28,6.53987065789644,16.2491997116238,0.0645395965439347,0.0609964612442795,59205.8787674657
0.1,CLASSICAL_LUT_COARSE,2.285,6.53926159122579,16.2485590043344,0.0648430133648769,0.0603692368938553,59202.1154213631
0.1,CLASSICAL_LUT_COARSE,2.29,6.53864481109166,16.2479139721596,0.0651432786675479,0.0597358785474018,59198.3152712844
0.1,CLASSICAL_LUT_COARSE,2.295,6.5380204696753,16.2472647455765,0.0654403621535643,0.0590965350918964,59194.4792105514
0.1,CLASSICAL_LUT_COARSE,2.3,6.53738872102363,16.246611456122,0.0657342342726865,0.0584513568915508,59190.6081413493
0.1,CLASSICAL_LUT_COARSE,2.305,6.53674972101117,16.2459542363598,0.0660248662301098,0.0578004957498361,59186.702974499
0.1,CLASSICAL_LUT_COARSE,2.31,6.53610362730161,16.2452932198482,0.066312229993565,0.0571441048711385,59182.7646292268
0.1,CLASSICAL_LUT_COARSE,2.315,6.53545059930891,16.2446285411062,0.0665962983002269,0.0564823388220841,59178.7940329325
0.1,CLASSICAL_LUT_COARSE,2.32,6.53479079815796,16.2439603355801,0.0668770446634275,0.0558153534925356,59174.7921209552
0.1,CLASSICAL_LUT_COARSE,2.325,6.5341243866448,16.2432887396106,0.0671544433791745,0.0551433060562978,59170.7598363378
0.1,CLASSICAL_LUT_COARSE,2.33,6.53345152919653,16.2426138903981,0.0674284695324718,0.0544663549314581,59166.6981295887
0.1,CLASSICAL_LUT_COARSE,2.335,6.53277239183063,16.2419359259691,0.0676990990034415,0.0537846597405061,59162.607958443
0.1,CLASSICAL_LUT_COARSE,2.34,6.53208714211409,16.2412549851418,0.0679663084732452,0.0530983812701038,59158.4902876206
0.1,CLASSICAL_LUT_COARSE,2.345,6.53139594912204,16.2405712074916,0.0682300754298039,0.0524076814306351,59154.3460885838
0.1,CLASSICAL_LUT_COARSE,2.35,6.53069898339599,16.2398847333166,0.0684903781733151,0.0517127232154504,59150.1763392927
0.1,CLASSICAL_LUT_COARSE,2.355,6.5299964169018,16.2391957036026,0.0687471958215652,0.0510136706598932,59145.9820239594
0.1,CLASSICAL_LUT_COARSE,2.36,6.52928842298726,16.2385042599885,0.0690005083150359,0.0503106888000495,59141.7641328003
0.1,CLASSICAL_LUT_COARSE,2.365,6.52857517633926,16.2378105447307,0.0692502964218053,0.0496039436313094,59137.5236617879
0.1,CLASSICAL_LUT_COARSE,2.37,6.52785685294075,16.237114700668,0.0694965417422396,0.0488936020666806,59133.2616124001
0.1,CLASSICAL_LUT_COARSE,2.375,6.52713363002726,16.2364168711862,0.0697392267134768,0.0481798318948865,59128.9789913693
0.1,CLASSICAL_LUT_COARSE,2.38,6.52640568604324,16.2357172001827,0.0699783346137004,0.0474628017383001,59124.6768104298
0.1,CLASSICAL_LUT_COARSE,2.385,6.52567320059797,16.2350158320306,0.0702138495662015,0.0467426810106755,59120.3560860641
0.1,CLASSICAL_LUT_COARSE,2.39,6.52493635442127,16.2343129115431,0.07044575654323,0.0460196398746788,59116.0178392481
0.1,CLASSICAL_LUT_COARSE,2.395,6.52419532931891,16.2336085839372,0.0706740413696327,0.0452938491992985,59111.6630951958
0.1,CLASSICAL_LUT_COARSE,2.4,6.52345030812775,16.2329029947985,0.070898690726278,0.0445654805170825,59107.2928831025
0.1,CLASSICAL_LUT_COARSE,2.405,6.52270147467062,16.2321962900443,0.0711196921532666,0.0438347059812276,59102.9082358874
0.1,CLASSICAL_LUT_COARSE,2.41,6.52194901371097,16.2314886158881,0.071337034052927,0.0431016983225376,59098.5101899352
0.1,CLASSICAL_LUT_COARSE,2.415,6.52119311090728,16.230780118803,0.0715507056925958,0.0423666308062973,59094.0997848378
0.1,CLASSICAL_LUT_COARSE,2.42,6.52043395276725,16.2300709454857,0.0717606972071822,0.0416296771889737,59089.6780631338
0.1,CLASSICAL_LUT_COARSE,2.425,6.5196717266018,16.2293612428198,0.0719669996015151,0.0408910116748888,59085.2460700493
0.1,CLASSICAL_LUT_COARSE,2.43,6.51890662047883,16.2286511578401,0.0721696047524743,0.0401508088727596,59080.8048532366
0.1,CLASSICAL_LUT_COARSE,2.435,6.51813882317683,16.2279408376955,0.0723685054109033,0.0394092437521731,59076.355462513
0.1,CLASSICAL_LUT_COARSE,2.44,6.51736852413829,16.2272304296132,0.072563695203305,0.0386664916000221,59071.8989496001
0.1,CLASSICAL_LUT_COARSE,2.445,6.51659591342298,16.2265200808617,0.072755168633319,0.0379227279768575,59067.4363678611
0.1,CLASSICAL_LUT_COARSE,2.45,6.51582118166102,16.2258099387149,0.0729429210829807,0.0371781286732134,59062.9687720393
0.1,CLASSICAL_LUT_COARSE,2.455,6.51504452000589,16.2251001504155,0.073126948813762,0.0364328696658998,59058.4972179954
0.1,CLASSICAL_LUT_COARSE,2.46,6.51426612008722,16.2243908631385,0.0733072489673937,0.0356871270742971,59054.0227624458
0.1,CLASSICAL_LUT_COARSE,2.465,6.51348617396356,16.2236822239549,0.0734838195664683,0.0349410771165797,59049.5464626995
0.1,CLASSICAL_LUT_COARSE,2.47,6.51270487407493,16.2229743797955,0.0736566595148253,0.0341948960660403,59045.0693763962
0.1,CLASSICAL_LUT_COARSE,2.475,6.5119224131954,16.2222674774142,0.0738257685977171,0.0334487602073352,59040.592561244
0.1,CLASSICAL_LUT_COARSE,2.48,6.51113898438547,16.2215616633523,0.073991147481757,0.0327028457928158,59036.1170747569
0.1,CLASSICAL_LUT_COARSE,2.485,6.51035478094449,16.2208570839019,0.074152797714648,0.0319573289988551,59031.6439739931
0.1,CLASSICAL_LUT_COARSE,2.49,6.50956999636291,16.2201538850698,0.0743107217246942,0.0312123858822719,59027.1743152936
0.1,CLASSICAL_LUT_COARSE,2.495,6.5087848242746,16.2194522125418,0.0744649228200941,0.03046819233675,59022.7091540205
0.1,CLASSICAL_LUT_COARSE,2.5,6.50799945840901,16.2187522116462,0.0746154051880161,0.0297249240493809,59018.2495442963
0.1,CLASSICAL_LUT_COARSE,2.505,6.50721409254342,16.2180540273186,0.0747621738934571,0.0289827564572569,59013.7965387435
0.1,CLASSICAL_LUT_COARSE,2.51,6.5064289204551,16.2173578040654,0.0749052348778842,0.0282418647041638,59009.351188225
0.1,CLASSICAL_LUT_COARSE,2.515,6.50564413587353,16.2166636859288,0.07504459495766,0.0275024235973671,59004.9145415842
0.1,CLASSICAL_LUT_COARSE,2.52,6.50485993243254,16.2159718164509,0.0751802618222522,0.0267646075645338,59000.4876453872
0.1,CLASSICAL_LUT_COARSE,2.525,6.50407650362262,16.2152823386386,0.0753122440322284,0.0260285906107285,58996.0715436644
0.1,CLASSICAL_LUT_COARSE,2.53,6.50329404274308,16.2145953949279,0.0754405510170356,0.0252945462756191,58991.6672776537
0.1,CLASSICAL_LUT_COARSE,2.535,6.50251274285445,16.2139111271493,0.0755651930725664,0.0245626475907272,58987.2758855444
0.1,CLASSICAL_LUT_COARSE,2.54,6.50173279673079,16.2132296764924,0.0756861813585121,0.0238330670369251,58982.8984022215
0.1,CLASSICAL_LUT_COARSE,2.545,6.50095439681213,16.2125511834715,0.0758035278955035,0.0231059765020447,58978.5358590123
0.1,CLASSICAL_LUT_COARSE,2.55,6.500177735157,16.2118757878908,0.0759172455620396,0.0223815472386661,58974.189283432
0.1,CLASSICAL_LUT_COARSE,2.555,6.49940300339504,16.2112036309659,0.076027348178215,0.0216599928894201,58969.8599573365
0.1,CLASSICAL_LUT_COARSE,2.56,6.49863039267972,16.2105348547859,0.076133850502695,0.0209414498853313,58965.548699312
0.1,CLASSICAL_LUT_COARSE,2.565,6.49786009364118,16.2098695957779,0.0762367679613874,0.0202260746962288,58961.2564481774
0.1,CLASSICAL_LUT_COARSE,2.57,6.49709229633918,16.2092079895086,0.0763361168159244,0.0195140361853969,58956.9842171124
0.1,CLASSICAL_LUT_COARSE,2.575,6.49632719021621,16.2085501708791,0.0764319141698491,0.0188055022518814,58952.7330135113
0.1,CLASSICAL_LUT_COARSE,2.58,6.49556496405076,16.2078962740478,0.0765241779637573,0.0181006398145573,58948.5038388873
0.1,CLASSICAL_LUT_COARSE,2.585,6.49480580591074,16.2072464323615,0.0766129269703458,0.0173996147912554,58944.2976887475
0.1,CLASSICAL_LUT_COARSE,2.59,6.49404990310705,16.2066007782947,0.0766981807893472,0.0167025920740755,58940.1155524445
0.1,CLASSICAL_LUT_COARSE,2.595,6.49329744214739,16.2059594433951,0.0767799598423331,0.0160097355017133,58935.9584130103
0.1,CLASSICAL_LUT_COARSE,2.6,6.49254860869026,16.2053225582333,0.0768582853673728,0.0153212078294604,58931.8272469768
0.1,CLASSICAL_LUT_COARSE,2.605,6.4918035874991,16.2046902523565,0.0769331794135376,0.0146371706974691,58927.7230241848
0.1,CLASSICAL_LUT_COARSE,2.61,6.49106256239674,16.2040626542462,0.0770046648352432,0.0139577845976628,58923.646707586
0.1,CLASSICAL_LUT_COARSE,2.615,6.49032571622004,16.2034398912773,0.0770727652864232,0.0132832088396615,58919.599253038
0.1,CLASSICAL_LUT_COARSE,2.62,6.48959323077477,16.2028220896797,0.0771375052145311,0.0126136015160139,58915.5816090961
0.1,CLASSICAL_LUT_COARSE,2.625,6.48886528679075,16.2022093745023,0.0771989098543672,0.0119491194668928,58911.5947168014
0.1,CLASSICAL_LUT_COARSE,2.63,6.48814206387727,16.2016018695774,0.0772570052217275,0.0112899182445432,58907.6395094673
0.1,CLASSICAL_LUT_COARSE,2.635,6.48742374047875,16.2009996974872,0.0773118181068746,0.0106361520774776,58903.7169124649
0.1,CLASSICAL_LUT_COARSE,2.64,6.48671049383075,16.2004029795306,0.0773633760678299,0.00998797383467043,58899.827843008
0.1,CLASSICAL_LUT_COARSE,2.645,6.48600249991621,16.1998118356913,0.0774117074234861,0.00934553498974644,58895.9732099385
0.1,CLASSICAL_LUT_COARSE,2.65,6.48529993342203,16.1992263846069,0.0774568412465413,0.00870898558530975,58892.1539135119
0.1,CLASSICAL_LUT_COARSE,2.655,6.48460296769598,16.198646743538,0.0774988073562546,0.00807847419741314,58888.3708451845
0.1,CLASSICAL_LUT_COARSE,2.66,6.48391177470392,16.1980730283389,0.0775376363110258,0.00745414790023702,58884.6248874014
0.1,CLASSICAL_LUT_COARSE,2.665,6.48322652498739,16.1975053534276,0.0775733594007975,0.00683615223108269,58880.9169133865
0.1,CLASSICAL_LUT_COARSE,2.67,6.48254738762149,16.1969438317578,0.0776060086392842,0.0062246311555878,58877.2477869335
0.1,CLASSICAL_LUT_COARSE,2.675,6.48187453017321,16.1963885747903,0.0776356167560275,0.00561972703331293,58873.6183621999
0.1,CLASSICAL_LUT_COARSE,2.68,6.48120811866006,16.195839692465,0.0776622171882804,0.00502158058365332,58870.0294835019
0.1,CLASSICAL_LUT_COARSE,2.685,6.4805483175091,16.1952972931743,0.0776858440727224,0.00443033085212363,58866.4819851127
0.1,CLASSICAL_LUT_COARSE,2.69,6.4798952895164,16.1947614837358,0.0777065322370061,0.00384611517703881,58862.9766910622
0.1,CLASSICAL_LUT_COARSE,2.695,6.47924919580684,16.194232369366,0.0777243171911388,0.0032690691565822,58859.5144149395
0.1,CLASSICAL_LUT_COARSE,2.7,6.47861019579438,16.1937100536543,0.0777392351187007,0.0026993266162787,58856.0959596977
0.1,CLASSICAL_LUT_COARSE,2.705,6.47797844714271,16.1931946385379,0.0777513228679009,0.00213701957692791,58852.7221174616
0.1,CLASSICAL_LUT_COARSE,2.71,6.47735410572636,16.1926862242764,0.0777606179424748,0.0015822782229602,58849.3936693378
0.1,CLASSICAL_LUT_COARSE,2.715,6.47673732559222,16.1921849094271,0.0777671584924236,0.0010352308712207,58846.1113852273
0.1,CLASSICAL_LUT_COARSE,2.72,6.47612825892157,16.1916907908211,0.0777709833045998,0.000496003940249068,58842.8760236415
0.1,CLASSICAL_LUT_COARSE,2.725,6.4755270559925,16.1912039635395,0.0777721317931394,-3.52780800056962e-05,58839.68833152
0.1,CLASSICAL_LUT_COARSE,2.73,6.47493386514282,16.19072452089,0.0777706439897447,-0.000558492657965814,58836.5490440522
0.1,CLASSICAL_LUT_COARSE,2.735,6.47434883273352,16.1902525543843,0.0777665605338186,-0.00107351924973997,58833.4588845016
0.1,CLASSICAL_LUT_COARSE,2.74,6.47377210311257,16.1897881537153,0.0777599226624541,-0.00158023932796247,58830.4185640322
0.1,CLASSICAL_LUT_COARSE,2.745,6.47320381857939,16.1893314067355,0.0777507722002805,-0.00207853641008526,58827.4287815395
0.1,CLASSICAL_LUT_COARSE,2.75,6.47264411934968,16.1888823994355,0.0777391515491696,-0.00256829608622766,58824.4902234826
0.1,CLASSICAL_LUT_COARSE,2.755,6.47209314352085,16.1884412159227,0.0777251036778042,-0.00304940604645942,58821.6035637212
0.1,CLASSICAL_LUT_COARSE,2.76,6.47155102703794,16.1880079384012,0.0777086721111105,-0.0035217561076113,58818.7694633543
0.1,CLASSICAL_LUT_COARSE,2.765,6.47101790366008,16.1875826471512,0.0776899009195591,-0.00398523823953134,58815.9885705628
0.1,CLASSICAL_LUT_COARSE,2.77,6.47049390492749,16.18716542051,0.0776688347083349,-0.00443974659082258,58813.2615204551
0.1,CLASSICAL_LUT_COARSE,2.775,6.46997916012901,16.1867563348523,0.0776455186063802,-0.00488517751405126,58810.5889349157
0.1,CLASSICAL_LUT_COARSE,2.78,6.46947379627022,16.1863554645717,0.0776199982553131,-0.00532142959040804,58807.9714224575
0.1,CLASSICAL_LUT_COARSE,2.785,6.46897793804209,16.185962882063,0.0775923197982236,-0.00574840365384155,58805.4095780769
0.1,CLASSICAL_LUT_COARSE,2.79,6.46849170779022,16.1855786577039,0.0775625298683512,-0.00616600281458624,58802.9039831125
0.1,CLASSICAL_LUT_COARSE,2.795,6.46801522548465,16.1852028598381,0.077530675577645,-0.00657413248222127,58800.4552051067
0.1,CLASSICAL_LUT_COARSE,2.8,6.46754860869026,16.1848355547588,0.0774968045052111,-0.00697270038809172,58798.0637976714
0.1,CLASSICAL_LUT_COARSE,2.805,6.46709197253776,16.1844768066923,0.0774609646856486,-0.00736161660720391,58795.7303003568
0.1,CLASSICAL_LUT_COARSE,2.81,6.46664542969528,16.1841266777824,0.0774232045972781,-0.00774079357954349,58793.4552385227
0.1,CLASSICAL_LUT_COARSE,2.815,6.46620909034059,16.1837852280754,0.0773835731502642,-0.00811014613082328,58791.2391232151
0.1,CLASSICAL_LUT_COARSE,2.82,6.46578306213391,16.1834525155052,0.0773421196746364,-0.00846959149262538,58789.0824510442
0.1,CLASSICAL_LUT_COARSE,2.825,6.4653674501913,16.1831285958792,0.077298893908211,-0.00881904932200861,58786.9857040679
0.1,CLASSICAL_LUT_COARSE,2.83,6.46496235705881,16.1828135228653,0.0772539459844153,-0.00915844172048885,58784.9493496771
0.1,CLASSICAL_LUT_COARSE,2.835,6.4645678826871,16.1825073479778,0.0772073264200194,-0.00948769325245813,58782.9738404853
0.1,CLASSICAL_LUT_COARSE,2.84,6.46418412440681,16.1822101205658,0.0771590861027771,-0.00980673096296769,58781.0596142222
0.1,CLASSICAL_LUT_COARSE,2.845,6.46381117690457,16.1819218878007,0.0771092762789791,-0.0101154843949693,58779.2070936302
0.1,CLASSICAL_LUT_COARSE,2.85,6.46344913219959,16.1816426946646,0.077057948540922,-0.0104138856059102,58777.4166863645
0.1,CLASSICAL_LUT_COARSE,2.855,6.46309807962098,16.1813725839399,0.0770051548142954,-0.0107018691837535,58775.6887848975
0.1,CLASSICAL_LUT_COARSE,2.86,6.46275810578571,16.1811115961985,0.0769509473454905,-0.0109793722623568,58774.0237664259
0.1,CLASSICAL_LUT_COARSE,2.865,6.46242929457723,16.1808597697917,0.0768953786888335,-0.0112463345362794,58772.4219927823
0.1,CLASSICAL_LUT_COARSE,2.87,6.46211172712481,16.1806171408414,0.0768385016937464,-0.0115026982749509,58770.8838103503
0.1,CLASSICAL_LUT_COARSE,2.875,6.46180548178344,16.1803837432312,0.0767803694918384,-0.0117484083362278,58769.4095499826
0.1,CLASSICAL_LUT_COARSE,2.88,6.46151063411459,16.1801596085977,0.0767210354839313,-0.011983412179335,58767.999526924
0.1,CLASSICAL_LUT_COARSE,2.885,6.46122725686751,16.1799447663234,0.0766605533270216,-0.0122076598771805,58766.6540407369
0.1,CLASSICAL_LUT_COARSE,2.89,6.4609554199613,16.1797392435292,0.0765989769211824,-0.0124211041280535,58765.3733752317
0.1,CLASSICAL_LUT_COARSE,2.895,6.46069519046763,16.179543065068,0.0765363603964087,-0.0126237002666834,58764.1577983999
0.1,CLASSICAL_LUT_COARSE,2.9,6.46044663259425,16.1793562535186,0.076472758099409,-0.0128154062746884,58763.0075623519
0.1,CLASSICAL_LUT_COARSE,2.905,6.46020980766909,16.1791788291801,0.0764082245803458,-0.0129961827903795,58761.9229032577
0.1,CLASSICAL_LUT_COARSE,2.91,6.45998477412516,16.1790108100672,0.076342814579529,-0.0131659931179353,58760.9040412924
0.1,CLASSICAL_LUT_COARSE,2.915,6.45977158748612,16.1788522119056,0.0762765830140651,-0.0133248032359408,58759.9511805844
0.1,CLASSICAL_LUT_COARSE,2.92,6.45957030035258,16.1787030481284,0.0762095849644648,-0.0134725818052992,58759.0645091682
0.1,CLASSICAL_LUT_COARSE,2.925,6.45938096238912,16.1785633298727,0.0761418756612135,-0.0136093001765083,58758.2441989409
0.1,CLASSICAL_LUT_COARSE,2.93,6.45920362031207,16.178433065977,0.076073510471306,-0.0137349323962699,58757.4904056224
0.1,CLASSICAL_LUT_COARSE,2.935,6.45903831787792,16.178312262979,0.0760045448847504,-0.0138494552134993,58756.803268719
0.1,CLASSICAL_LUT_COARSE,2.94,6.45888509587257,16.1782009251141,0.0759350345010435,-0.0139528480846742,58756.182911492
0.1,CLASSICAL_LUT_COARSE,2.945,6.45874399210127,16.1780990543144,0.0758650350156209,-0.0140450931785363,58755.6294409288
0.1,CLASSICAL_LUT_COARSE,2.95,6.45861504137925,16.1780066502079,0.0757946022062849,-0.0141261753801629,58755.142947719
0.1,CLASSICAL_LUT_COARSE,2.955,6.45849827552318,16.1779237101193,0.0757237919196147,-0.0141960822943936,58754.7235062336
0.1,CLASSICAL_LUT_COARSE,2.96,6.45839372334328,16.17785022907,0.0756526600573596,-0.014254804248603,58754.3711745084
0.1,CLASSICAL_LUT_COARSE,2.965,6.45830141063625,16.1777861997797,0.0755812625628214,-0.014302334294845,58754.0859942309
0.1,CLASSICAL_LUT_COARSE,2.97,6.45822136017885,16.177731612668,0.0755096554072265,-0.0143386682113356,58753.867990732
0.1,CLASSICAL_LUT_COARSE,2.975,6.45815359172235,16.1776864558571,0.0754378945760929,-0.0143638045033061,58753.7171729802
0.1,CLASSICAL_LUT_COARSE,2.98,6.45809812198759,16.1776507151741,0.0753660360555943,-0.014377744403216,58753.6335335807
0.1,CLASSICAL_LUT_COARSE,2.985,6.45805496466091,16.1776243741552,0.0752941358189251,-0.0143804918702948,58753.6170487782
0.1,CLASSICAL_LUT_COARSE,2.99,6.45802413039072,16.1776074140489,0.0752222498126683,-0.0143720535894669,58753.6676784632
0.1,CLASSICAL_LUT_COARSE,2.995,6.45800562678492,16.1775998138215,0.0751504339431719,-0.0143524389696132,58753.7853661823
0.1,CLASSICAL_LUT_COARSE,3,6.45799945840901,16.1776015501615,0.0750787440629342,-0.0143216601412171,58753.9700391527
0.1,CLASSICAL_LUT_COARSE,3.005,6.45799945840901,16.1776122616581,0.0750072224980946,-0.0142877580436132,58754.1734517383
0.1,CLASSICAL_LUT_COARSE,3.01,6.45799945840901,16.1776303887068,0.0749358594800116,-0.0142580785664244,58754.3515286015
0.1,CLASSICAL_LUT_COARSE,3.015,6.45799945840901,16.1776543935938,0.0748646361490217,-0.014231753907632,58754.5094765542
0.1,CLASSICAL_LUT_COARSE,3.02,6.45799945840901,16.1776830555922,0.0747935375199631,-0.0142080951478647,58754.6514291128
0.1,CLASSICAL_LUT_COARSE,3.025,6.45799945840901,16.1777154056186,0.0747225516835149,-0.014186555375856,58754.7806677449
0.1,CLASSICAL_LUT_COARSE,3.03,6.45799945840901,16.17775067436,0.0746516691721718,-0.0141667004152879,58754.8997975083
0.1,CLASSICAL_LUT_COARSE,3.035,6.45799945840901,16.1777882510939,0.0745808824569132,-0.0141481855860306,58755.0108864838
0.1,CLASSICAL_LUT_COARSE,3.04,6.45799945840901,16.1778276509972,0.0745101855476278,-0.0141307372558188,58755.1155764651
0.1,CLASSICAL_LUT_COARSE,3.045,6.45799945840901,16.1778684891941,0.074439573675904,-0.0141141381948096,58755.2151708311
0.1,CLASSICAL_LUT_COARSE,3.05,6.45799945840901,16.177910460153,0.0743690430432094,-0.0140982159490832,58755.3107043055
0.1,CLASSICAL_LUT_COARSE,3.055,6.45799945840901,16.1779533213315,0.0742985906209776,-0.0140828336108072,58755.4029983352
0.1,CLASSICAL_LUT_COARSE,3.06,6.45799945840901,16.1779968801917,0.074228213991905,-0.0140678824909859,58755.4927050541
0.1,CLASSICAL_LUT_COARSE,3.065,6.45799945840901,16.1780409838931,0.0741579112239615,-0.0140532763025991,58755.5803421844
0.1,CLASSICAL_LUT_COARSE,3.07,6.45799945840901,16.1780855111091,0.0740876807703712,-0.0140389465428115,58755.6663207431
0.1,CLASSICAL_LUT_COARSE,3.075,6.45799945840901,16.1781303655312,0.0740175213902117,-0.0140248388270425,58755.7509670377
0.1,CLASSICAL_LUT_COARSE,3.08,6.45799945840901,16.1781754707119,0.073947432085379,-0.0140109099787402,58755.8345401276
0.1,CLASSICAL_LUT_COARSE,3.085,6.45799945840901,16.1782207659706,0.0738774120505474,-0.013997125719019,58755.9172456859
0.1,CLASSICAL_LUT_COARSE,3.09,6.45799945840901,16.1782662031436,0.0738074606334432,-0.0139834588325609,58755.9992470046
0.1,CLASSICAL_LUT_COARSE,3.095,6.45799945840901,16.1783117440038,0.0737375773033085,-0.0139698877115819,58756.0806737305
0.1,CLASSICAL_LUT_COARSE,3.1,6.45799945840901,16.1783573582125,0.0736677616258643,-0.0139563951999264,58756.1616288004
0.1,CLASSICAL_LUT_COARSE,3.105,6.45799945840901,16.1784030216935,0.0735980132434359,-0.0139429676754421,58756.2421939473
0.1,CLASSICAL_LUT_COARSE,3.11,6.45799945840901,16.1784487153419,0.0735283318591739,-0.0139295943214996,58756.322434071
0.1,CLASSICAL_LUT_COARSE,3.115,6.45799945840901,16.1784944239993,0.0734587172245288,-0.0139162665486996,58756.4024007078
0.1,CLASSICAL_LUT_COARSE,3.12,6.45799945840901,16.1785401356407,0.0733891691293067,-0.0139029775357411,58756.4821347856
0.1,CLASSICAL_LUT_COARSE,3.125,6.45799945840901,16.1785858407282,0.0733196873937754,-0.0138897218649809,58756.5616688101
0.1,CLASSICAL_LUT_COARSE,3.13,6.45799945840901,16.1786315316984,0.0732502718623972,-0.0138764952330845,58756.6410286015
0.1,CLASSICAL_LUT_COARSE,3.135,6.45799945840901,16.1786772025556,0.0731809223988542,-0.0138632942213341,58756.720234672
0.1,CLASSICAL_LUT_COARSE,3.14,6.45799945840901,16.1787228485482,0.0731116388820983,-0.0138501161132734,58756.7993033204
0.1,CLASSICAL_LUT_COARSE,3.145,6.45799945840901,16.1787684659128,0.0730424212032162,-0.013836958749966,58756.8782475002
0.1,CLASSICAL_LUT_COARSE,3.15,6.45799945840901,16.1788140516699,0.0729732692629397,-0.0138238204150589,58756.9570775096
0.1,CLASSICAL_LUT_COARSE,3.155,6.45799945840901,16.1788596034628,0.0729041829696703,-0.0138106997435621,58757.0358015386
0.1,CLASSICAL_LUT_COARSE,3.16,6.45799945840901,16.178905119429,0.07283516223791,-0.0137975956494145,58757.1144261035
0.1,CLASSICAL_LUT_COARSE,3.165,6.45799945840901,16.1789505980981,0.0727662069870159,-0.0137845072679958,58757.192956392
0.1,CLASSICAL_LUT_COARSE,3.17,6.45799945840901,16.1789960383115,0.0726973171402121,-0.0137714339104829,58757.2713965371
0.1,CLASSICAL_LUT_COARSE,3.175,6.45799945840901,16.1790414391575,0.0726284926238042,-0.0137583750276136,58757.3497498343
0.1,CLASSICAL_LUT_COARSE,3.18,6.45799945840901,16.1790867999211,0.0725597333665563,-0.0137453301809121,58757.4280189145
0.1,CLASSICAL_LUT_COARSE,3.185,6.45799945840901,16.1791321200427,0.0724910392991967,-0.0137322990198676,58757.5062058808
0.1,CLASSICAL_LUT_COARSE,3.19,6.45799945840901,16.1791773990865,0.0724224103540248,-0.0137192812637981,58757.5843124172
0.1,CLASSICAL_LUT_COARSE,3.195,6.45799945840901,16.179222636715,0.0723538464645995,-0.0137062766874507,58757.6623398753
0.1,CLASSICAL_LUT_COARSE,3.2,6.45799945840901,16.1792678326686,0.0722853475654918,-0.0136932851095928,58757.7402893424
0.1,CLASSICAL_LUT_COARSE,3.205,6.45799945840901,16.1793129867493,0.0722169135920878,-0.0136803063839341,58757.8181616964
0.1,CLASSICAL_LUT_COARSE,3.21,6.45799945840901,16.1793580988086,0.0721485444804333,-0.013667340391919,58757.8959576485
0.1,CLASSICAL_LUT_COARSE,3.215,6.45799945840901,16.1794031687368,0.0720802401671096,-0.0136543870370165,58757.9736777779
0.1,CLASSICAL_LUT_COARSE,3.22,6.45799945840901,16.1794481964549,0.0720120005891353,-0.0136414462401966,58758.0513225588
0.1,CLASSICAL_LUT_COARSE,3.225,6.45799945840901,16.1794931819089,0.071943825683888,-0.0136285179362989,58758.1288923822
0.1,CLASSICAL_LUT_COARSE,3.23,6.45799945840901,16.1795381250638,0.0718757153890425,-0.0136156020711873,58758.2063875729
0.1,CLASSICAL_LUT_COARSE,3.235,6.45799945840901,16.1795830259005,0.0718076696425216,-0.0136026985994988,58758.283808403
0.1,CLASSICAL_LUT_COARSE,3.24,6.45799945840901,16.1796278844118,0.0717396883824569,-0.0135898074828056,58758.3611551032
0.1,CLASSICAL_LUT_COARSE,3.245,6.45799945840901,16.1796727006004,0.0716717715471576,-0.0135769286882024,58758.4384278708
0.1,CLASSICAL_LUT_COARSE,3.25,6.45799945840901,16.1797174744768,0.0716039190750863,-0.0135640621871786,58758.5156268769
0.1,CLASSICAL_LUT_COARSE,3.255,6.45799945840901,16.1797622060574,0.0715361309048388,-0.0135512079547038,58758.5927522718
0.1,CLASSICAL_LUT_COARSE,3.26,6.45799945840901,16.1798068953635,0.0714684069751293,-0.0135383659685075,58758.6698041889
0.1,CLASSICAL_LUT_COARSE,3.265,6.45799945840901,16.1798515424205,0.0714007472247771,-0.0135255362085349,58758.7467827488
0.1,CLASSICAL_LUT_COARSE,3.27,6.45799945840901,16.1798961472564,0.0713331515926978,-0.013512718656461,58758.8236880612
0.1,CLASSICAL_LUT_COARSE,3.275,6.45799945840901,16.1799407099019,0.0712656200178945,-0.0134999132953677,58758.9005202278
0.1,CLASSICAL_LUT_COARSE,3.28,6.45799945840901,16.1799852303897,0.0711981524394525,-0.0134871201094366,58758.9772793434
0.1,CLASSICAL_LUT_COARSE,3.285,6.45799945840901,16.1800297087537,0.0711307487965334,-0.0134743390837286,58759.0539654976
0.1,CLASSICAL_LUT_COARSE,3.29,6.45799945840901,16.1800741450291,0.0710634090283721,-0.0134615702040009,58759.130578776
0.1,CLASSICAL_LUT_COARSE,3.295,6.45799945840901,16.1801185392521,0.0709961330742731,-0.0134488134565842,58759.2071192605
0.1,CLASSICAL_LUT_COARSE,3.3,6.45799945840901,16.1801628914596,0.070928920873608,-0.0134360688282396,58759.2835870306
0.1,CLASSICAL_LUT_COARSE,3.305,6.45799945840901,16.1802072016891,0.0708617723658139,-0.0134233363060936,58759.3599821634
0.1,CLASSICAL_LUT_COARSE,3.31,6.45799945840901,16.1802514699785,0.0707946874903913,-0.0134106158775591,58759.4363047346
0.1,CLASSICAL_LUT_COARSE,3.315,6.45799945840901,16.1802956963661,0.0707276661869031,-0.013397907530269,58759.5125548184
0.1,CLASSICAL_LUT_COARSE,3.32,6.45799945840901,16.1803398808903,0.0706607083949736,-0.0133852112520465,58759.5887324877
0.1,CLASSICAL_LUT_COARSE,3.325,6.45799945840901,16.18038402359,0.0705938140542877,-0.013372527030862,58759.6648378148
0.1,CLASSICAL_LUT_COARSE,3.33,6.45799945840901,16.1804281245039,0.0705269831045899,-0.0133598548548068,58759.7408708712
0.1,CLASSICAL_LUT_COARSE,3.335,6.45799945840901,16.1804721836712,0.0704602154856843,-0.0133471947120665,58759.8168317276
0.1,CLASSICAL_LUT_COARSE,3.34,6.45799945840901,16.1805162011309,0.0703935111374335,-0.0133345465909045,58759.8927204546
0.1,CLASSICAL_LUT_COARSE,3.345,6.45799945840901,16.1805601769222,0.0703268699997589,-0.0133219104796591,58759.968537122
0.1,CLASSICAL_LUT_COARSE,3.35,6.45799945840901,16.1806041110842,0.0702602920126399,-0.0133092863667201,58760.0442817997
0.1,CLASSICAL_LUT_COARSE,3.355,6.45799945840901,16.1806480036562,0.070193777116114,-0.0132966742405092,58760.1199545569
0.1,CLASSICAL_LUT_COARSE,3.36,6.45799945840901,16.1806918546774,0.0701273252502763,-0.0132840740895031,58760.195555463
0.1,CLASSICAL_LUT_COARSE,3.365,6.45799945840901,16.1807356641869,0.0700609363552796,-0.0132714859022034,58760.2710845868
0.1,CLASSICAL_LUT_COARSE,3.37,6.45799945840901,16.1807794322242,0.069994610371334,-0.0132589096671403,58760.3465419972
0.1,CLASSICAL_LUT_COARSE,3.375,6.45799945840901,16.1808231588282,0.069928347238707,-0.0132463453728722,58760.4219277628
0.1,CLASSICAL_LUT_COARSE,3.38,6.45799945840901,16.1808668440383,0.0698621468977231,-0.0132337930079718,58760.4972419522
0.1,CLASSICAL_LUT_COARSE,3.385,6.45799945840901,16.1809104878936,0.0697960092887641,-0.0132212525610438,58760.5724846337
0.1,CLASSICAL_LUT_COARSE,3.39,6.45799945840901,16.1809540904332,0.0697299343522686,-0.0132087240206928,58760.6476558758
0.1,CLASSICAL_LUT_COARSE,3.395,6.45799945840901,16.1809976516962,0.069663922028732,-0.0131962073755556,58760.7227557467
0.1,CLASSICAL_LUT_COARSE,3.4,6.45799945840901,16.1810411717218,0.0695979722587067,-0.0131837026142776,58760.7977843143
0.1,CLASSICAL_LUT_COARSE,3.405,6.45799945840901,16.181084650549,0.0695320849828018,-0.0131712097255168,58760.8727416469
0.1,CLASSICAL_LUT_COARSE,3.41,6.45799945840901,16.1811280882167,0.069466260141683,-0.0131587286979578,58760.9476278123
0.1,CLASSICAL_LUT_COARSE,3.415,6.45799945840901,16.181171484764,0.0694004976760726,-0.0131462595202709,58761.0224428784
0.1,CLASSICAL_LUT_COARSE,3.42,6.45799945840901,16.1812148402299,0.0693347975267495,-0.0131338021811693,58761.097186913
0.1,CLASSICAL_LUT_COARSE,3.425,6.45799945840901,16.1812581546532,0.0692691596345489,-0.0131213566693553,58761.1718599839
0.1,CLASSICAL_LUT_COARSE,3.43,6.45799945840901,16.1813014280728,0.0692035839403627,-0.0131089229735561,58761.2464621587
0.1,CLASSICAL_LUT_COARSE,3.435,6.45799945840901,16.1813446605276,0.0691380703851389,-0.0130965010825097,58761.3209935049
0.1,CLASSICAL_LUT_COARSE,3.44,6.45799945840901,16.1813878520564,0.0690726189098819,-0.013084090984961,58761.3954540902
0.1,CLASSICAL_LUT_COARSE,3.445,6.45799945840901,16.1814310026979,0.0690072294556524,-0.0130716926696675,58761.469843982
0.1,CLASSICAL_LUT_COARSE,3.45,6.45799945840901,16.1814741124909,0.068941901963567,-0.0130593061254007,58761.5441632476
0.1,CLASSICAL_LUT_COARSE,3.455,6.45799945840901,16.1815171814742,0.0688766363747988,-0.0130469313409396,58761.6184119544
0.1,CLASSICAL_LUT_COARSE,3.46,6.45799945840901,16.1815602096863,0.0688114326305768,-0.0130345683050752,58761.6925901696
0.1,CLASSICAL_LUT_COARSE,3.465,6.45799945840901,16.1816031971659,0.0687462906721859,-0.013022217006613,58761.7666979603
0.1,CLASSICAL_LUT_COARSE,3.47,6.45799945840901,16.1816461439516,0.0686812104409671,-0.0130098774343601,58761.8407353938
0.1,CLASSICAL_LUT_COARSE,3.475,6.45799945840901,16.181689050082,0.0686161918783174,-0.0129975495771451,58761.9147025371
0.1,CLASSICAL_LUT_COARSE,3.48,6.45799945840901,16.1817319155956,0.0685512349256893,-0.0129852334238052,58761.9885994572
0.1,CLASSICAL_LUT_COARSE,3.485,6.45799945840901,16.1817747405307,0.0684863395245916,-0.012972928963185,58762.0624262209
0.1,CLASSICAL_LUT_COARSE,3.49,6.45799945840901,16.181817524926,0.0684215056165883,-0.0129606361841414,58762.1361828951
0.1,CLASSICAL_LUT_COARSE,3.495,6.45799945840901,16.1818602688199,0.0683567331432996,-0.0129483550755403,58762.2098695468
0.1,CLASSICAL_LUT_COARSE,3.5,6.45799945840901,16.1819029722506,0.0682920220464008,-0.0129360856262615,58762.2834862424
0.1,CLASSICAL_LUT_COARSE,3.505,6.45799945840901,16.1819456352565,0.0682273722676234,-0.0129238278251922,58762.3570330488
0.1,CLASSICAL_LUT_COARSE,3.51,6.45799945840901,16.181988257876,0.0681627837487539,-0.0129115816612355,58762.4305100326
0.1,CLASSICAL_LUT_COARSE,3.515,6.45799945840901,16.1820308401473,0.0680982564316345,-0.0128993471232981,58762.5039172602
0.1,CLASSICAL_LUT_COARSE,3.52,6.45799945840901,16.1820733821086,0.0680337902581628,-0.0128871242003008,58762.5772547982
0.1,CLASSICAL_LUT_COARSE,3.525,6.45799945840901,16.1821158837981,0.0679693851702918,-0.0128749128811769,58762.6505227129
0.1,CLASSICAL_LUT_COARSE,3.53,6.45799945840901,16.182158345254,0.0679050411100298,-0.0128627131548722,58762.7237210708
0.1,CLASSICAL_LUT_COARSE,3.535,6.45799945840901,16.1822007665144,0.0678407580194403,-0.0128505250103323,58762.796849938
0.1,CLASSICAL_LUT_COARSE,3.54,6.45799945840901,16.1822431476175,0.0677765358406421,-0.012838348436528,58762.8699093808
0.1,CLASSICAL_LUT_COARSE,3.545,6.45799945840901,16.1822854886011,0.067712374515809,-0.0128261834224297,58762.9428994654
0.1,CLASSICAL_LUT_COARSE,3.55,6.45799945840901,16.1823277895034,0.0676482739871701,-0.012814029957017,58763.0158202579
0.1,CLASSICAL_LUT_COARSE,3.555,6.45799945840901,16.1823700503623,0.0675842341970095,-0.0128018880292959,58763.0886718242
0.1,CLASSICAL_LUT_COARSE,3.56,6.45799945840901,16.1824122712158,0.0675202550876661,-0.0127897576282674,58763.1614542304
0.1,CLASSICAL_LUT_COARSE,3.565,6.45799945840901,16.1824544521018,0.0674563366015341,-0.0127776387429446,58763.2341675423
0.1,CLASSICAL_LUT_COARSE,3.57,6.45799945840901,16.1824965930581,0.0673924786810623,-0.0127655313623585,58763.3068118258
0.1,CLASSICAL_LUT_COARSE,3.575,6.45799945840901,16.1825386941226,0.0673286812687543,-0.0127534354755454,58763.3793871467
0.1,CLASSICAL_LUT_COARSE,3.58,6.45799945840901,16.182580755333,0.0672649443071689,-0.0127413510715542,58763.4518935707
0.1,CLASSICAL_LUT_COARSE,3.585,6.45799945840901,16.1826227767272,0.0672012677389191,-0.0127292781394424,58763.5243311633
0.1,CLASSICAL_LUT_COARSE,3.59,6.45799945840901,16.1826647583428,0.067137651506673,-0.0127172166682801,58763.5966999903
0.1,CLASSICAL_LUT_COARSE,3.595,6.45799945840901,16.1827067002176,0.0670740955531531,-0.0127051666471427,58763.6690001171
0.1,CLASSICAL_LUT_COARSE,3.6,6.45799945840901,16.1827486023892,0.0670105998211365,-0.012693128065127,58763.7412316092
0.1,CLASSICAL_LUT_COARSE,3.605,6.45799945840901,16.1827904648952,0.0669471642534549,-0.0126811009113332,58763.813394532
0.1,CLASSICAL_LUT_COARSE,3.61,6.45799945840901,16.1828322877732,0.0668837887929944,-0.0126690851748652,58763.8854889508
0.1,CLASSICAL_LUT_COARSE,3.615,6.45799945840901,16.1828740710608,0.0668204733826957,-0.0126570808448481,58763.9575149309
0.1,CLASSICAL_LUT_COARSE,3.62,6.45799945840901,16.1829158147954,0.0667572179655535,-0.0126450879104141,58764.0294725375
0.1,CLASSICAL_LUT_COARSE,3.625,6.45799945840901,16.1829575190146,0.0666940224846171,-0.0126331063607079,58764.1013618357
0.1,CLASSICAL_LUT_COARSE,3.63,6.45799945840901,16.1829991837557,0.0666308868829901,-0.0126211361848743,58764.1731828907
0.1,CLASSICAL_LUT_COARSE,3.635,6.45799945840901,16.1830408090562,0.0665678111038301,-0.0126091773720844,58764.2449357675
0.1,CLASSICAL_LUT_COARSE,3.64,6.45799945840901,16.1830823949535,0.066504795090349,-0.0125972299115098,58764.3166205309
0.1,CLASSICAL_LUT_COARSE,3.645,6.45799945840901,16.1831239414848,0.0664418387858128,-0.0125852937923341,58764.388237246
0.1,CLASSICAL_LUT_COARSE,3.65,6.45799945840901,16.1831654486875,0.0663789421335415,-0.0125733690037517,58764.4597859775
0.1,CLASSICAL_LUT_COARSE,3.655,6.45799945840901,16.1832069165989,0.0663161050769091,-0.0125614555349642,58764.5312667902
0.1,CLASSICAL_LUT_COARSE,3.66,6.45799945840901,16.1832483452561,0.0662533275593436,-0.0125495533751927,58764.6026797488
0.1,CLASSICAL_LUT_COARSE,3.665,6.45799945840901,16.1832897346964,0.0661906095243269,-0.0125376625136564,58764.6740249181
0.1,CLASSICAL_LUT_COARSE,3.67,6.45799945840901,16.1833310849568,0.0661279509153947,-0.0125257829395942,58764.7453023624
0.1,CLASSICAL_LUT_COARSE,3.675,6.45799945840901,16.1833723960747,0.0660653516761365,-0.0125139146422519,58764.8165121465
0.1,CLASSICAL_LUT_COARSE,3.68,6.45799945840901,16.1834136680869,0.0660028117501957,-0.0125020576108881,58764.8876543347
0.1,CLASSICAL_LUT_COARSE,3.685,6.45799945840901,16.1834549010307,0.0659403310812691,-0.0124902118347645,58764.9587289914
0.1,CLASSICAL_LUT_COARSE,3.69,6.45799945840901,16.1834960949429,0.0658779096131073,-0.0124783773031609,58765.029736181
0.1,CLASSICAL_LUT_COARSE,3.695,6.45799945840901,16.1835372498606,0.0658155472895146,-0.0124665540053641,58765.1006759678
0.1,CLASSICAL_LUT_COARSE,3.7,6.45799945840901,16.1835783658207,0.0657532440543486,-0.0124547419306715,58765.171548416
0.1,CLASSICAL_LUT_COARSE,3.705,6.45799945840901,16.1836194428601,0.0656909998515206,-0.0124429410683913,58765.2423535897
0.1,CLASSICAL_LUT_COARSE,3.71,6.45799945840901,16.1836604810157,0.0656288146249952,-0.0124311514078421,58765.3130915529
0.1,CLASSICAL_LUT_COARSE,3.715,6.45799945840901,16.1837014803244,0.0655666883187905,-0.0124193729383517,58765.3837623699
0.1,CLASSICAL_LUT_COARSE,3.72,6.45799945840901,16.1837424408229,0.0655046208769778,-0.0124076056492601,58765.4543661044
0.1,CLASSICAL_LUT_COARSE,3.725,6.45799945840901,16.183783362548,0.0654426122436818,-0.0123958495299128,58765.5249028205
0.1,CLASSICAL_LUT_COARSE,3.73,6.45799945840901,16.1838242455365,0.0653806623630803,-0.0123841045696693,58765.595372582
0.1,CLASSICAL_LUT_COARSE,3.735,6.45799945840901,16.183865089825,0.0653187711794045,-0.0123723707579,58765.6657754526
0.1,CLASSICAL_LUT_COARSE,3.74,6.45799945840901,16.1839058954502,0.0652569386369384,-0.0123606480839875,58765.7361114961
0.1,CLASSICAL_LUT_COARSE,3.745,6.45799945840901,16.1839466624488,0.0651951646800193,-0.0123489365373164,58765.8063807761
0.1,CLASSICAL_LUT_COARSE,3.75,6.45799945840901,16.1839873908574,0.0651334492530376,-0.0123372361072871,58765.8765833563
0.1,CLASSICAL_LUT_COARSE,3.755,6.45799945840901,16.1840280807124,0.0650717923004365,-0.0123255467833125,58765.9467193001
0.1,CLASSICAL_LUT_COARSE,3.76,6.45799945840901,16.1840687320505,0.0650101937667122,-0.0123138685548092,58766.0167886711
0.1,CLASSICAL_LUT_COARSE,3.765,6.45799945840901,16.1841093449081,0.0649486535964137,-0.0123022014112095,58766.0867915327
0.1,CLASSICAL_LUT_COARSE,3.77,6.45799945840901,16.1841499193217,0.064887171734143,-0.0122905453419531,58766.1567279483
0.1,CLASSICAL_LUT_COARSE,3.775,6.45799945840901,16.1841904553277,0.0648257481245546,-0.01227890033649,58766.2265979811
0.1,CLASSICAL_LUT_COARSE,3.78,6.45799945840901,16.1842309529624,0.0647643827123561,-0.0122672663842849,58766.2964016943
0.1,CLASSICAL_LUT_COARSE,3.785,6.45799945840901,16.1842714122624,0.0647030754423074,-0.0122556434748038,58766.3661391512
0.1,CLASSICAL_LUT_COARSE,3.79,6.45799945840901,16.1843118332638,0.0646418262592211,-0.0122440315975325,58766.4358104148
0.1,CLASSICAL_LUT_COARSE,3.795,6.45799945840901,16.1843522160029,0.0645806351079627,-0.012232430741955,58766.5054155483
0.1,CLASSICAL_LUT_COARSE,3.8,6.45799945840901,16.1843925605161,0.0645195019334497,-0.0122208408975766,58766.5749546145
0.1,CLASSICAL_LUT_COARSE,3.805,6.45799945840901,16.1844328668394,0.0644584266806525,-0.0122092620539078,58766.6444276765
0.1,CLASSICAL_LUT_COARSE,3.81,6.45799945840901,16.1844731350092,0.0643974092945937,-0.0121976942004718,58766.7138347972
0.1,CLASSICAL_LUT_COARSE,3.815,6.45799945840901,16.1845133650615,0.0643364497203483,-0.0121861373267969,58766.7831760392
0.1,CLASSICAL_LUT_COARSE,3.82,6.45799945840901,16.1845535570325,0.0642755479030437,-0.0121745914224274,58766.8524514654
0.1,CLASSICAL_LUT_COARSE,3.825,6.45799945840901,16.1845937109582,0.0642147037878594,-0.0121630564769095,58766.9216611385
0.1,CLASSICAL_LUT_COARSE,3.83,6.45799945840901,16.1846338268746,0.0641539173200273,-0.0121515324798089,58766.9908051211
0.1,CLASSICAL_LUT_COARSE,3.835,6.45799945840901,16.1846739048179,0.0640931884448315,-0.0121400194206949,58767.0598834758
0.1,CLASSICAL_LUT_COARSE,3.84,6.45799945840901,16.184713944824,0.0640325171076079,-0.0121285172891525,58767.1288962651
0.1,CLASSICAL_LUT_COARSE,3.845,6.45799945840901,16.1847539469287,0.0639719032537448,-0.0121170260747672,58767.1978435514
0.1,CLASSICAL_LUT_COARSE,3.85,6.45799945840901,16.1847939111681,0.0639113468286824,-0.0121055457671453,58767.2667253971
0.1,CLASSICAL_LUT_COARSE,3.855,6.45799945840901,16.184833837578,0.0638508477779128,-0.012094076355897,58767.3355418646
0.1,CLASSICAL_LUT_COARSE,3.86,6.45799945840901,16.1848737261941,0.0637904060469802,-0.0120826178306395,58767.4042930162
0.1,CLASSICAL_LUT_COARSE,3.865,6.45799945840901,16.1849135770525,0.0637300215814805,-0.0120711701810094,58767.4729789139
0.1,CLASSICAL_LUT_COARSE,3.87,6.45799945840901,16.1849533901887,0.0636696943270615,-0.0120597333966437,58767.5415996201
0.1,CLASSICAL_LUT_COARSE,3.875,6.45799945840901,16.1849931656386,0.0636094242294227,-0.0120483074671984,58767.6101551968
0.1,CLASSICAL_LUT_COARSE,3.88,6.45799945840901,16.1850329034378,0.0635492112343153,-0.0120368923823282,58767.678645706
0.1,CLASSICAL_LUT_COARSE,3.885,6.45799945840901,16.1850726036221,0.0634890552875424,-0.0120254881317141,58767.7470712097
0.1,CLASSICAL_LUT_COARSE,3.89,6.45799945840901,16.185112266227,0.0634289563349584,-0.0120140947050267,58767.8154317698
0.1,CLASSICAL_LUT_COARSE,3.895,6.45799945840901,16.1851518912881,0.0633689143224696,-0.0120027120919577,58767.8837274483
0.1,CLASSICAL_LUT_COARSE,3.9,6.45799945840901,16.1851914788411,0.0633089291960335,-0.0119913402822132,58767.9519583067
0.1,CLASSICAL_LUT_COARSE,3.905,6.45799945840901,16.1852310289215,0.0632490009016592,-0.0119799792655009,58768.020124407
0.1,CLASSICAL_LUT_COARSE,3.91,6.45799945840901,16.1852705415647,0.0631891293854073,-0.0119686290315411,58768.0882258108
0.1,CLASSICAL_LUT_COARSE,3.915,6.45799945840901,16.1853100168062,0.0631293145933898,-0.0119572895700628,58768.1562625796
0.1,CLASSICAL_LUT_COARSE,3.92,6.45799945840901,16.1853494546815,0.0630695564717698,-0.0119459608708077,58768.2242347751
0.1,CLASSICAL_LUT_COARSE,3.925,6.45799945840901,16.185388855226,0.0630098549667618,-0.0119346429235261,58768.2921424588
0.1,CLASSICAL_LUT_COARSE,3.93,6.45799945840901,16.185428218475,0.0629502100246317,-0.0119233357179791,58768.3599856921
0.1,CLASSICAL_LUT_COARSE,3.935,6.45799945840901,16.1854675444639,0.0628906215916964,-0.0119120392439314,58768.4277645364
0.1,CLASSICAL_LUT_COARSE,3.94,6.45799945840901,16.1855068332279,0.0628310896143237,-0.011900753491167,58768.495479053
0.1,CLASSICAL_LUT_COARSE,3.945,6.45799945840901,16.1855460848023,0.062771614038933,-0.0118894784494721,58768.5631293032
0.1,CLASSICAL_LUT_COARSE,3.95,6.45799945840901,16.1855852992224,0.0627121948119944,-0.0118782141086466,58768.6307153481
0.1,CLASSICAL_LUT_COARSE,3.955,6.45799945840901,16.1856244765234,0.0626528318800289,-0.0118669604585016,58768.698237249
0.1,CLASSICAL_LUT_COARSE,3.96,6.45799945840901,16.1856636167404,0.0625935251896086,-0.0118557174888494,58768.7656950669
0.1,CLASSICAL_LUT_COARSE,3.965,6.45799945840901,16.1857027199085,0.0625342746873566,-0.0118444851895259,58768.8330888628
0.1,CLASSICAL_LUT_COARSE,3.97,6.45799945840901,16.1857417860629,0.0624750803199466,-0.0118332635503666,58768.9004186978
0.1,CLASSICAL_LUT_COARSE,3.975,6.45799945840901,16.1857808152386,0.062415942034103,-0.011822052561218,58768.9676846327
0.1,CLASSICAL_LUT_COARSE,3.98,6.45799945840901,16.1858198074707,0.0623568597766014,-0.0118108522119389,58769.0348867284
0.1,CLASSICAL_LUT_COARSE,3.985,6.45799945840901,16.1858587627941,0.0622978334942676,-0.0117996624923951,58769.1020250456
0.1,CLASSICAL_LUT_COARSE,3.99,6.45799945840901,16.1858976812438,0.0622388631339782,-0.0117884833924613,58769.1690996452
0.1,CLASSICAL_LUT_COARSE,3.995,6.45799945840901,16.1859365628548,0.0621799486426605,-0.0117773149020319,58769.2361105878
0.1,CLASSICAL_LUT_COARSE,4,6.45799945840901,16.1859754076619,0.0621210899672923,-0.0117661570109959,58769.303057934
0.1,CLASSICAL_LUT_FINE,0,6.45799945840901,16.226991584938,0,1.77635683940025e-15,58839.9
0.1,CLASSICAL_LUT_FINE,0.005,6.45799945840901,16.226991584938,8.88178419700125e-18,1.77635683940025e-15,58839.9
0.1,CLASSICAL_LUT_FINE,0.01,6.45799945840901,16.226991584938,1.77635683940025e-17,1.77635683940025e-15,58839.9
0.1,CLASSICAL_LUT_FINE,0.015,6.45799945840901,16.226991584938,2.66453525910038e-17,1.77635683940025e-15,58839.9
0.1,CLASSICAL_LUT_FINE,0.02,6.45799945840901,16.226991584938,3.5527136788005e-17,1.77635683940025e-15,58839.9
0.1,CLASSICAL_LUT_FINE,0.025,6.45799945840901,16.226991584938,4.44089209850063e-17,1.77635683940025e-15,58839.9
0.1,CLASSICAL_LUT_FINE,0.03,6.45799945840901,16.226991584938,5.32907051820075e-17,1.77635683940025e-15,58839.9
0.1,CLASSICAL_LUT_FINE,0.035,6.45799945840901,16.226991584938,6.21724893790088e-17,1.77635683940025e-15,58839.9
0.1,CLASSICAL_LUT_FINE,0.04,6.45799945840901,16.226991584938,7.105427357601e-17,1.77635683940025e-15,58839.9
0.1,CLASSICAL_LUT_FINE,0.045,6.45799945840901,16.226991584938,7.99360577730113e-17,1.77635683940025e-15,58839.9
0.1,CLASSICAL_LUT_FINE,0.05,6.45799945840901,16.226991584938,8.88178419700125e-17,1.77635683940025e-15,58839.9
0.1,CLASSICAL_LUT_FINE,0.055,6.45799945840901,16.226991584938,9.76996261670138e-17,1.77635683940025e-15,58839.9
0.1,CLASSICAL_LUT_FINE,0.06,6.45799945840901,16.226991584938,1.06581410364015e-16,1.77635683940025e-15,58839.9
0.1,CLASSICAL_LUT_FINE,0.065,6.45799945840901,16.226991584938,1.15463194561016e-16,1.77635683940025e-15,58839.9
0.1,CLASSICAL_LUT_FINE,0.07,6.45799945840901,16.226991584938,1.24344978758018e-16,1.77635683940025e-15,58839.9
0.1,CLASSICAL_LUT_FINE,0.075,6.45799945840901,16.226991584938,1.33226762955019e-16,1.77635683940025e-15,58839.9
0.1,CLASSICAL_LUT_FINE,0.08,6.45799945840901,16.226991584938,1.4210854715202e-16,1.77635683940025e-15,58839.9
0.1,CLASSICAL_LUT_FINE,0.085,6.45799945840901,16.226991584938,1.50990331349021e-16,1.77635683940025e-15,58839.9
0.1,CLASSICAL_LUT_FINE,0.09,6.45799945840901,16.226991584938,1.59872115546023e-16,1.77635683940025e-15,58839.9
0.1,CLASSICAL_LUT_FINE,0.095,6.45799945840901,16.226991584938,1.68753899743024e-16,1.77635683940025e-15,58839.9
0.1,CLASSICAL_LUT_FINE,0.1,6.45799945840901,16.226991584938,1.77635683940025e-16,1.77635683940025e-15,58839.9
0.1,CLASSICAL_LUT_FINE,0.105,6.45799945840901,16.226991584938,1.86517468137026e-16,1.77635683940025e-15,58839.9
0.1,CLASSICAL_LUT_FINE,0.11,6.45799945840901,16.226991584938,1.95399252334028e-16,1.77635683940025e-15,58839.9
0.1,CLASSICAL_LUT_FINE,0.115,6.45799945840901,16.226991584938,2.04281036531029e-16,1.77635683940025e-15,58839.9
0.1,CLASSICAL_LUT_FINE,0.12,6.45799945840901,16.226991584938,2.1316282072803e-16,1.77635683940025e-15,58839.9
0.1,CLASSICAL_LUT_FINE,0.125,6.45799945840901,16.226991584938,2.22044604925031e-16,1.77635683940025e-15,58839.9
0.1,CLASSICAL_LUT_FINE,0.13,6.45799945840901,16.226991584938,2.30926389122033e-16,1.77635683940025e-15,58839.9
0.1,CLASSICAL_LUT_FINE,0.135,6.45799945840901,16.226991584938,2.39808173319034e-16,1.77635683940025e-15,58839.9
0.1,CLASSICAL_LUT_FINE,0.14,6.45799945840901,16.226991584938,2.48689957516035e-16,1.77635683940025e-15,58839.9
0.1,CLASSICAL_LUT_FINE,0.145,6.45799945840901,16.226991584938,2.57571741713036e-16,1.77635683940025e-15,58839.9
0.1,CLASSICAL_LUT_FINE,0.15,6.45799945840901,16.226991584938,2.66453525910038e-16,1.77635683940025e-15,58839.9
0.1,CLASSICAL_LUT_FINE,0.155,6.45799945840901,16.226991584938,2.75335310107039e-16,1.77635683940025e-15,58839.9
0.1,CLASSICAL_LUT_FINE,0.16,6.45799945840901,16.226991584938,2.8421709430404e-16,1.77635683940025e-15,58839.9
0.1,CLASSICAL_LUT_FINE,0.165,6.45799945840901,16.226991584938,2.93098878501041e-16,1.77635683940025e-15,58839.9
0.1,CLASSICAL_LUT_FINE,0.17,6.45799945840901,16.226991584938,3.01980662698043e-16,1.77635683940025e-15,58839.9
0.1,CLASSICAL_LUT_FINE,0.175,6.45799945840901,16.226991584938,3.10862446895044e-16,1.77635683940025e-15,58839.9
0.1,CLASSICAL_LUT_FINE,0.18,6.45799945840901,16.226991584938,3.19744231092045e-16,1.77635683940025e-15,58839.9
0.1,CLASSICAL_LUT_FINE,0.185,6.45799945840901,16.226991584938,3.28626015289046e-16,1.77635683940025e-15,58839.9
0.1,CLASSICAL_LUT_FINE,0.19,6.45799945840901,16.226991584938,3.37507799486048e-16,1.77635683940025e-15,58839.9
0.1,CLASSICAL_LUT_FINE,0.195,6.45799945840901,16.226991584938,3.46389583683049e-16,1.77635683940025e-15,58839.9
0.1,CLASSICAL_LUT_FINE,0.2,6.45799945840901,16.226991584938,3.5527136788005e-16,1.77635683940025e-15,58839.9
0.1,CLASSICAL_LUT_FINE,0.205,6.45799945840901,16.226991584938,3.64153152077051e-16,1.77635683940025e-15,58839.9
0.1,CLASSICAL_LUT_FINE,0.21,6.45799945840901,16.226991584938,3.73034936274053e-16,1.77635683940025e-15,58839.9
0.1,CLASSICAL_LUT_FINE,0.215,6.45799945840901,16.226991584938,3.81916720471054e-16,1.77635683940025e-15,58839.9
0.1,CLASSICAL_LUT_FINE,0.22,6.45799945840901,16.226991584938,3.90798504668055e-16,1.77635683940025e-15,58839.9
0.1,CLASSICAL_LUT_FINE,0.225,6.45799945840901,16.226991584938,3.99680288865056e-16,1.77635683940025e-15,58839.9
0.1,CLASSICAL_LUT_FINE,0.23,6.45799945840901,16.226991584938,4.08562073062058e-16,1.77635683940025e-15,58839.9
0.1,CLASSICAL_LUT_FINE,0.235,6.45799945840901,16.226991584938,4.17443857259059e-16,1.77635683940025e-15,58839.9
0.1,CLASSICAL_LUT_FINE,0.24,6.45799945840901,16.226991584938,4.2632564145606e-16,1.77635683940025e-15,58839.9
0.1,CLASSICAL_LUT_FINE,0.245,6.45799945840901,16.226991584938,4.35207425653061e-16,1.77635683940025e-15,58839.9
0.1,CLASSICAL_LUT_FINE,0.25,6.45799945840901,16.226991584938,4.44089209850063e-16,1.77635683940025e-15,58839.9
0.1,CLASSICAL_LUT_FINE,0.255,6.45799945840901,16.226991584938,4.52970994047064e-16,1.77635683940025e-15,58839.9
0.1,CLASSICAL_LUT_FINE,0.26,6.45799945840901,16.226991584938,4.61852778244065e-16,1.77635683940025e-15,58839.9
0.1,CLASSICAL_LUT_FINE,0.265,6.45799945840901,16.226991584938,4.70734562441066e-16,1.77635683940025e-15,58839.9
0.1,CLASSICAL_LUT_FINE,0.27,6.45799945840901,16.226991584938,4.79616346638068e-16,1.77635683940025e-15,58839.9
0.1,CLASSICAL_LUT_FINE,0.275,6.45799945840901,16.226991584938,4.88498130835069e-16,1.77635683940025e-15,58839.9
0.1,CLASSICAL_LUT_FINE,0.28,6.45799945840901,16.226991584938,4.9737991503207e-16,1.77635683940025e-15,58839.9
0.1,CLASSICAL_LUT_FINE,0.285,6.45799945840901,16.226991584938,5.06261699229071e-16,1.77635683940025e-15,58839.9
0.1,CLASSICAL_LUT_FINE,0.29,6.45799945840901,16.226991584938,5.15143483426073e-16,1.77635683940025e-15,58839.9
0.1,CLASSICAL_LUT_FINE,0.295,6.45799945840901,16.226991584938,5.24025267623074e-16,1.77635683940025e-15,58839.9
0.1,CLASSICAL_LUT_FINE,0.3,6.45799945840901,16.226991584938,5.32907051820075e-16,1.77635683940025e-15,58839.9
0.1,CLASSICAL_LUT_FINE,0.305,6.45799945840901,16.226991584938,5.41788836017076e-16,1.77635683940025e-15,58839.9
0.1,CLASSICAL_LUT_FINE,0.31,6.45799945840901,16.226991584938,5.50670620214078e-16,1.77635683940025e-15,58839.9
0.1,CLASSICAL_LUT_FINE,0.315,6.45799945840901,16.226991584938,5.59552404411079e-16,1.77635683940025e-15,58839.9
0.1,CLASSICAL_LUT_FINE,0.32,6.45799945840901,16.226991584938,5.6843418860808e-16,1.77635683940025e-15,58839.9
0.1,CLASSICAL_LUT_FINE,0.325,6.45799945840901,16.226991584938,5.77315972805081e-16,1.77635683940025e-15,58839.9
0.1,CLASSICAL_LUT_FINE,0.33,6.45799945840901,16.226991584938,5.86197757002083e-16,1.77635683940025e-15,58839.9
0.1,CLASSICAL_LUT_FINE,0.335,6.45799945840901,16.226991584938,5.95079541199084e-16,1.77635683940025e-15,58839.9
0.1,CLASSICAL_LUT_FINE,0.34,6.45799945840901,16.226991584938,6.03961325396085e-16,1.77635683940025e-15,58839.9
0.1,CLASSICAL_LUT_FINE,0.345,6.45799945840901,16.226991584938,6.12843109593086e-16,1.77635683940025e-15,58839.9
0.1,CLASSICAL_LUT_FINE,0.35,6.45799945840901,16.226991584938,6.21724893790088e-16,1.77635683940025e-15,58839.9
0.1,CLASSICAL_LUT_FINE,0.355,6.45799945840901,16.226991584938,6.30606677987089e-16,1.77635683940025e-15,58839.9
0.1,CLASSICAL_LUT_FINE,0.36,6.45799945840901,16.226991584938,6.3948846218409e-16,1.77635683940025e-15,58839.9
0.1,CLASSICAL_LUT_FINE,0.365,6.45799945840901,16.226991584938,6.48370246381091e-16,1.77635683940025e-15,58839.9
0.1,CLASSICAL_LUT_FINE,0.37,6.45799945840901,16.226991584938,6.57252030578093e-16,1.77635683940025e-15,58839.9
0.1,CLASSICAL_LUT_FINE,0.375,6.45799945840901,16.226991584938,6.66133814775094e-16,1.77635683940025e-15,58839.9
0.1,CLASSICAL_LUT_FINE,0.38,6.45799945840901,16.226991584938,6.75015598972095e-16,1.77635683940025e-15,58839.9
0.1,CLASSICAL_LUT_FINE,0.385,6.45799945840901,16.226991584938,6.83897383169096e-16,1.77635683940025e-15,58839.9
0.1,CLASSICAL_LUT_FINE,0.39,6.45799945840901,16.226991584938,6.92779167366098e-16,1.77635683940025e-15,58839.9
0.1,CLASSICAL_LUT_FINE,0.395,6.45799945840901,16.226991584938,7.01660951563099e-16,1.77635683940025e-15,58839.9
0.1,CLASSICAL_LUT_FINE,0.4,6.45799945840901,16.226991584938,7.105427357601e-16,1.77635683940025e-15,58839.9
0.1,CLASSICAL_LUT_FINE,0.405,6.45799945840901,16.226991584938,7.19424519957101e-16,1.77635683940025e-15,58839.9
0.1,CLASSICAL_LUT_FINE,0.41,6.45799945840901,16.226991584938,7.28306304154103e-16,1.77635683940025e-15,58839.9
0.1,CLASSICAL_LUT_FINE,0.415,6.45799945840901,16.226991584938,7.37188088351104e-16,1.77635683940025e-15,58839.9
0.1,CLASSICAL_LUT_FINE,0.42,6.45799945840901,16.226991584938,7.46069872548105e-16,1.77635683940025e-15,58839.9
0.1,CLASSICAL_LUT_FINE,0.425,6.45799945840901,16.226991584938,7.54951656745106e-16,1.77635683940025e-15,58839.9
0.1,CLASSICAL_LUT_FINE,0.43,6.45799945840901,16.226991584938,7.63833440942108e-16,1.77635683940025e-15,58839.9
0.1,CLASSICAL_LUT_FINE,0.435,6.45799945840901,16.226991584938,7.72715225139109e-16,1.77635683940025e-15,58839.9
0.1,CLASSICAL_LUT_FINE,0.44,6.45799945840901,16.226991584938,7.8159700933611e-16,1.77635683940025e-15,58839.9
0.1,CLASSICAL_LUT_FINE,0.445,6.45799945840901,16.226991584938,7.90478793533111e-16,1.77635683940025e-15,58839.9
0.1,CLASSICAL_LUT_FINE,0.45,6.45799945840901,16.226991584938,7.99360577730113e-16,1.77635683940025e-15,58839.9
0.1,CLASSICAL_LUT_FINE,0.455,6.45799945840901,16.226991584938,8.08242361927114e-16,1.77635683940025e-15,58839.9
0.1,CLASSICAL_LUT_FINE,0.46,6.45799945840901,16.226991584938,8.17124146124115e-16,1.77635683940025e-15,58839.9
0.1,CLASSICAL_LUT_FINE,0.465,6.45799945840901,16.226991584938,8.26005930321117e-16,1.77635683940025e-15,58839.9
0.1,CLASSICAL_LUT_FINE,0.47,6.45799945840901,16.226991584938,8.34887714518118e-16,1.77635683940025e-15,58839.9
0.1,CLASSICAL_LUT_FINE,0.475,6.45799945840901,16.226991584938,8.43769498715119e-16,1.77635683940025e-15,58839.9
0.1,CLASSICAL_LUT_FINE,0.48,6.45799945840901,16.226991584938,8.5265128291212e-16,1.77635683940025e-15,58839.9
0.1,CLASSICAL_LUT_FINE,0.485,6.45799945840901,16.226991584938,8.61533067109121e-16,1.77635683940025e-15,58839.9
0.1,CLASSICAL_LUT_FINE,0.49,6.45799945840901,16.226991584938,8.70414851306123e-16,1.77635683940025e-15,58839.9
0.1,CLASSICAL_LUT_FINE,0.495,6.45799945840901,16.226991584938,8.79296635503124e-16,1.77635683940025e-15,58839.9
0.1,CLASSICAL_LUT_FINE,0.5,6.45799945840901,16.226991584938,8.88178419700125e-16,1.77635683940025e-15,58839.9
0.1,CLASSICAL_LUT_FINE,0.505,6.45799945840901,16.226991584938,8.97060203897126e-16,1.77635683940025e-15,58839.9
0.1,CLASSICAL_LUT_FINE,0.51,6.45799945840901,16.226991584938,9.05941988094128e-16,1.77635683940025e-15,58839.9
0.1,CLASSICAL_LUT_FINE,0.515,6.45799945840901,16.226991584938,9.14823772291129e-16,1.77635683940025e-15,58839.9
0.1,CLASSICAL_LUT_FINE,0.52,6.45799945840901,16.226991584938,9.2370555648813e-16,1.77635683940025e-15,58839.9
0.1,CLASSICAL_LUT_FINE,0.525,6.45799945840901,16.226991584938,9.32587340685132e-16,1.77635683940025e-15,58839.9
0.1,CLASSICAL_LUT_FINE,0.53,6.45799945840901,16.226991584938,9.41469124882133e-16,1.77635683940025e-15,58839.9
0.1,CLASSICAL_LUT_FINE,0.535,6.45799945840901,16.226991584938,9.50350909079134e-16,1.77635683940025e-15,58839.9
0.1,CLASSICAL_LUT_FINE,0.54,6.45799945840901,16.226991584938,9.59232693276135e-16,1.77635683940025e-15,58839.9
0.1,CLASSICAL_LUT_FINE,0.545,6.45799945840901,16.226991584938,9.68114477473137e-16,1.77635683940025e-15,58839.9
0.1,CLASSICAL_LUT_FINE,0.55,6.45799945840901,16.226991584938,9.76996261670138e-16,1.77635683940025e-15,58839.9
0.1,CLASSICAL_LUT_FINE,0.555,6.45799945840901,16.226991584938,9.85878045867139e-16,1.77635683940025e-15,58839.9
0.1,CLASSICAL_LUT_FINE,0.56,6.45799945840901,16.226991584938,9.9475983006414e-16,1.77635683940025e-15,58839.9
0.1,CLASSICAL_LUT_FINE,0.565,6.45799945840901,16.226991584938,1.00364161426114e-15,1.77635683940025e-15,58839.9
0.1,CLASSICAL_LUT_FINE,0.57,6.45799945840901,16.226991584938,1.01252339845814e-15,1.77635683940025e-15,58839.9
0.1,CLASSICAL_LUT_FINE,0.575,6.45799945840901,16.226991584938,1.02140518265514e-15,1.77635683940025e-15,58839.9
0.1,CLASSICAL_LUT_FINE,0.58,6.45799945840901,16.226991584938,1.03028696685215e-15,1.77635683940025e-15,58839.9
0.1,CLASSICAL_LUT_FINE,0.585,6.45799945840901,16.226991584938,1.03916875104915e-15,1.77635683940025e-15,58839.9
0.1,CLASSICAL_LUT_FINE,0.59,6.45799945840901,16.226991584938,1.04805053524615e-15,1.77635683940025e-15,58839.9
0.1,CLASSICAL_LUT_FINE,0.595,6.45799945840901,16.226991584938,1.05693231944315e-15,1.77635683940025e-15,58839.9
0.1,CLASSICAL_LUT_FINE,0.6,6.45799945840901,16.226991584938,1.06581410364015e-15,1.77635683940025e-15,58839.9
0.1,CLASSICAL_LUT_FINE,0.605,6.45799945840901,16.226991584938,1.07469588783715e-15,1.77635683940025e-15,58839.9
0.1,CLASSICAL_LUT_FINE,0.61,6.45799945840901,16.226991584938,1.08357767203415e-15,1.77635683940025e-15,58839.9
0.1,CLASSICAL_LUT_FINE,0.615,6.45799945840901,16.226991584938,1.09245945623115e-15,1.77635683940025e-15,58839.9
0.1,CLASSICAL_LUT_FINE,0.62,6.45799945840901,16.226991584938,1.10134124042816e-15,1.77635683940025e-15,58839.9
0.1,CLASSICAL_LUT_FINE,0.625,6.45799945840901,16.226991584938,1.11022302462516e-15,1.77635683940025e-15,58839.9
0.1,CLASSICAL_LUT_FINE,0.63,6.45799945840901,16.226991584938,1.11910480882216e-15,1.77635683940025e-15,58839.9
0.1,CLASSICAL_LUT_FINE,0.635,6.45799945840901,16.226991584938,1.12798659301916e-15,1.77635683940025e-15,58839.9
0.1,CLASSICAL_LUT_FINE,0.64,6.45799945840901,16.226991584938,1.13686837721616e-15,1.77635683940025e-15,58839.9
0.1,CLASSICAL_LUT_FINE,0.645,6.45799945840901,16.226991584938,1.14575016141316e-15,1.77635683940025e-15,58839.9
0.1,CLASSICAL_LUT_FINE,0.65,6.45799945840901,16.226991584938,1.15463194561016e-15,1.77635683940025e-15,58839.9
0.1,CLASSICAL_LUT_FINE,0.655,6.45799945840901,16.226991584938,1.16351372980716e-15,1.77635683940025e-15,58839.9
0.1,CLASSICAL_LUT_FINE,0.66,6.45799945840901,16.226991584938,1.17239551400417e-15,1.77635683940025e-15,58839.9
0.1,CLASSICAL_LUT_FINE,0.665,6.45799945840901,16.226991584938,1.18127729820117e-15,1.77635683940025e-15,58839.9
0.1,CLASSICAL_LUT_FINE,0.67,6.45799945840901,16.226991584938,1.19015908239817e-15,1.77635683940025e-15,58839.9
0.1,CLASSICAL_LUT_FINE,0.675,6.45799945840901,16.226991584938,1.19904086659517e-15,1.77635683940025e-15,58839.9
0.1,CLASSICAL_LUT_FINE,0.68,6.45799945840901,16.226991584938,1.20792265079217e-15,1.77635683940025e-15,58839.9
0.1,CLASSICAL_LUT_FINE,0.685,6.45799945840901,16.226991584938,1.21680443498917e-15,1.77635683940025e-15,58839.9
0.1,CLASSICAL_LUT_FINE,0.69,6.45799945840901,16.226991584938,1.22568621918617e-15,1.77635683940025e-15,58839.9
0.1,CLASSICAL_LUT_FINE,0.695,6.45799945840901,16.226991584938,1.23456800338317e-15,1.77635683940025e-15,58839.9
0.1,CLASSICAL_LUT_FINE,0.7,6.45799945840901,16.226991584938,1.24344978758018e-15,1.77635683940025e-15,58839.9
0.1,CLASSICAL_LUT_FINE,0.705,6.45799945840901,16.226991584938,1.25233157177718e-15,1.77635683940025e-15,58839.9
0.1,CLASSICAL_LUT_FINE,0.71,6.45799945840901,16.226991584938,1.26121335597418e-15,1.77635683940025e-15,58839.9
0.1,CLASSICAL_LUT_FINE,0.715,6.45799945840901,16.226991584938,1.27009514017118e-15,1.77635683940025e-15,58839.9
0.1,CLASSICAL_LUT_FINE,0.72,6.45799945840901,16.226991584938,1.27897692436818e-15,1.77635683940025e-15,58839.9
0.1,CLASSICAL_LUT_FINE,0.725,6.45799945840901,16.226991584938,1.28785870856518e-15,1.77635683940025e-15,58839.9
0.1,CLASSICAL_LUT_FINE,0.73,6.45799945840901,16.226991584938,1.29674049276218e-15,1.77635683940025e-15,58839.9
0.1,CLASSICAL_LUT_FINE,0.735,6.45799945840901,16.226991584938,1.30562227695918e-15,1.77635683940025e-15,58839.9
0.1,CLASSICAL_LUT_FINE,0.74,6.45799945840901,16.226991584938,1.31450406115619e-15,1.77635683940025e-15,58839.9
0.1,CLASSICAL_LUT_FINE,0.745,6.45799945840901,16.226991584938,1.32338584535319e-15,1.77635683940025e-15,58839.9
0.1,CLASSICAL_LUT_FINE,0.75,6.45799945840901,16.226991584938,1.33226762955019e-15,1.77635683940025e-15,58839.9
0.1,CLASSICAL_LUT_FINE,0.755,6.45799945840901,16.226991584938,1.34114941374719e-15,1.77635683940025e-15,58839.9
0.1,CLASSICAL_LUT_FINE,0.76,6.45799945840901,16.226991584938,1.35003119794419e-15,1.77635683940025e-15,58839.9
0.1,CLASSICAL_LUT_FINE,0.765,6.45799945840901,16.226991584938,1.35891298214119e-15,1.77635683940025e-15,58839.9
0.1,CLASSICAL_LUT_FINE,0.77,6.45799945840901,16.226991584938,1.36779476633819e-15,1.77635683940025e-15,58839.9
0.1,CLASSICAL_LUT_FINE,0.775,6.45799945840901,16.226991584938,1.37667655053519e-15,1.77635683940025e-15,58839.9
0.1,CLASSICAL_LUT_FINE,0.78,6.45799945840901,16.226991584938,1.3855583347322e-15,1.77635683940025e-15,58839.9
0.1,CLASSICAL_LUT_FINE,0.785,6.45799945840901,16.226991584938,1.3944401189292e-15,1.77635683940025e-15,58839.9
0.1,CLASSICAL_LUT_FINE,0.79,6.45799945840901,16.226991584938,1.4033219031262e-15,1.77635683940025e-15,58839.9
0.1,CLASSICAL_LUT_FINE,0.795,6.45799945840901,16.226991584938,1.4122036873232e-15,1.77635683940025e-15,58839.9
0.1,CLASSICAL_LUT_FINE,0.8,6.45799945840901,16.226991584938,1.4210854715202e-15,1.77635683940025e-15,58839.9
0.1,CLASSICAL_LUT_FINE,0.805,6.45799945840901,16.226991584938,1.4299672557172e-15,1.77635683940025e-15,58839.9
0.1,CLASSICAL_LUT_FINE,0.81,6.45799945840901,16.226991584938,1.4388490399142e-15,1.77635683940025e-15,58839.9
0.1,CLASSICAL_LUT_FINE,0.815,6.45799945840901,16.226991584938,1.4477308241112e-15,1.77635683940025e-15,58839.9
0.1,CLASSICAL_LUT_FINE,0.82,6.45799945840901,16.226991584938,1.45661260830821e-15,1.77635683940025e-15,58839.9
0.1,CLASSICAL_LUT_FINE,0.825,6.45799945840901,16.226991584938,1.46549439250521e-15,1.77635683940025e-15,58839.9
0.1,CLASSICAL_LUT_FINE,0.83,6.45799945840901,16.226991584938,1.47437617670221e-15,1.77635683940025e-15,58839.9
0.1,CLASSICAL_LUT_FINE,0.835,6.45799945840901,16.226991584938,1.48325796089921e-15,1.77635683940025e-15,58839.9
0.1,CLASSICAL_LUT_FINE,0.84,6.45799945840901,16.226991584938,1.49213974509621e-15,1.77635683940025e-15,58839.9
0.1,CLASSICAL_LUT_FINE,0.845,6.45799945840901,16.226991584938,1.50102152929321e-15,1.77635683940025e-15,58839.9
0.1,CLASSICAL_LUT_FINE,0.85,6.45799945840901,16.226991584938,1.50990331349021e-15,1.77635683940025e-15,58839.9
0.1,CLASSICAL_LUT_FINE,0.855,6.45799945840901,16.226991584938,1.51878509768721e-15,1.77635683940025e-15,58839.9
0.1,CLASSICAL_LUT_FINE,0.86,6.45799945840901,16.226991584938,1.52766688188422e-15,1.77635683940025e-15,58839.9
0.1,CLASSICAL_LUT_FINE,0.865,6.45799945840901,16.226991584938,1.53654866608122e-15,1.77635683940025e-15,58839.9
0.1,CLASSICAL_LUT_FINE,0.87,6.45799945840901,16.226991584938,1.54543045027822e-15,1.77635683940025e-15,58839.9
0.1,CLASSICAL_LUT_FINE,0.875,6.45799945840901,16.226991584938,1.55431223447522e-15,1.77635683940025e-15,58839.9
0.1,CLASSICAL_LUT_FINE,0.88,6.45799945840901,16.226991584938,1.56319401867222e-15,1.77635683940025e-15,58839.9
0.1,CLASSICAL_LUT_FINE,0.885,6.45799945840901,16.226991584938,1.57207580286922e-15,1.77635683940025e-15,58839.9
0.1,CLASSICAL_LUT_FINE,0.89,6.45799945840901,16.226991584938,1.58095758706622e-15,1.77635683940025e-15,58839.9
0.1,CLASSICAL_LUT_FINE,0.895,6.45799945840901,16.226991584938,1.58983937126322e-15,1.77635683940025e-15,58839.9
0.1,CLASSICAL_LUT_FINE,0.9,6.45799945840901,16.226991584938,1.59872115546023e-15,1.77635683940025e-15,58839.9
0.1,CLASSICAL_LUT_FINE,0.905,6.45799945840901,16.226991584938,1.60760293965723e-15,1.77635683940025e-15,58839.9
0.1,CLASSICAL_LUT_FINE,0.91,6.45799945840901,16.226991584938,1.61648472385423e-15,1.77635683940025e-15,58839.9
0.1,CLASSICAL_LUT_FINE,0.915,6.45799945840901,16.226991584938,1.62536650805123e-15,1.77635683940025e-15,58839.9
0.1,CLASSICAL_LUT_FINE,0.92,6.45799945840901,16.226991584938,1.63424829224823e-15,1.77635683940025e-15,58839.9
0.1,CLASSICAL_LUT_FINE,0.925,6.45799945840901,16.226991584938,1.64313007644523e-15,1.77635683940025e-15,58839.9
0.1,CLASSICAL_LUT_FINE,0.93,6.45799945840901,16.226991584938,1.65201186064223e-15,1.77635683940025e-15,58839.9
0.1,CLASSICAL_LUT_FINE,0.935,6.45799945840901,16.226991584938,1.66089364483923e-15,1.77635683940025e-15,58839.9
0.1,CLASSICAL_LUT_FINE,0.94,6.45799945840901,16.226991584938,1.66977542903624e-15,1.77635683940025e-15,58839.9
0.1,CLASSICAL_LUT_FINE,0.945,6.45799945840901,16.226991584938,1.67865721323324e-15,1.77635683940025e-15,58839.9
0.1,CLASSICAL_LUT_FINE,0.95,6.45799945840901,16.226991584938,1.68753899743024e-15,1.77635683940025e-15,58839.9
0.1,CLASSICAL_LUT_FINE,0.955,6.45799945840901,16.226991584938,1.69642078162724e-15,1.77635683940025e-15,58839.9
0.1,CLASSICAL_LUT_FINE,0.96,6.45799945840901,16.226991584938,1.70530256582424e-15,1.77635683940025e-15,58839.9
0.1,CLASSICAL_LUT_FINE,0.965,6.45799945840901,16.226991584938,1.71418435002124e-15,1.77635683940025e-15,58839.9
0.1,CLASSICAL_LUT_FINE,0.97,6.45799945840901,16.226991584938,1.72306613421824e-15,1.77635683940025e-15,58839.9
0.1,CLASSICAL_LUT_FINE,0.975,6.45799945840901,16.226991584938,1.73194791841524e-15,1.77635683940025e-15,58839.9
0.1,CLASSICAL_LUT_FINE,0.98,6.45799945840901,16.226991584938,1.74082970261225e-15,1.77635683940025e-15,58839.9
0.1,CLASSICAL_LUT_FINE,0.985,6.45799945840901,16.226991584938,1.74971148680925e-15,1.77635683940025e-15,58839.9
0.1,CLASSICAL_LUT_FINE,0.99,6.45799945840901,16.226991584938,1.75859327100625e-15,1.77635683940025e-15,58839.9
0.1,CLASSICAL_LUT_FINE,0.995,6.45799945840901,16.226991584938,1.76747505520325e-15,1.77635683940025e-15,58839.9
0.1,CLASSICAL_LUT_FINE,1,6.45799945840901,16.226991584938,1.77635683940025e-15,1.77635683940025e-15,58839.9
0.1,CLASSICAL_LUT_FINE,1.005,6.45800562678492,16.2269919205043,1.34488522407497e-08,8.02018778678359e-06,58839.9481211267
0.1,CLASSICAL_LUT_FINE,1.01,6.45802413039072,16.2269941222134,1.05773794863612e-07,3.13848499047253e-05,58840.0883090994
0.1,CLASSICAL_LUT_FINE,1.015,6.45805496466091,16.2269996965321,3.51400305729225e-07,6.92082588322762e-05,58840.315249553
0.1,CLASSICAL_LUT_FINE,1.02,6.45809812198759,16.2270098309489,8.20781684110662e-07,0.000120780371387852,58840.6246822283
0.1,CLASSICAL_LUT_FINE,1.025,6.45815359172235,16.2270254592655,1.58118200917525e-06,0.00018553006517763,58841.0131803911
0.1,CLASSICAL_LUT_FINE,1.03,6.45822136017885,16.2270473134331,2.69729496001385e-06,0.000262995954365408,58841.4779757262
0.1,CLASSICAL_LUT_FINE,1.035,6.45830141063625,16.2270759647061,4.23173233958201e-06,0.000352803222677167,58842.0168193361
0.1,CLASSICAL_LUT_FINE,1.04,6.45839372334328,16.2271118563158,6.2454091683136e-06,0.000454645233533668,58842.6278714012
0.1,CLASSICAL_LUT_FINE,1.045,6.45849827552318,16.227155329412,8.7978466768253e-06,0.000568268932839899,58843.309613597
0.1,CLASSICAL_LUT_FINE,1.05,6.45861504137925,16.22720664366,1.19474101313241e-05,0.000693463262814831,58844.0607795769
0.1,CLASSICAL_LUT_FINE,1.055,6.45874399210127,16.2272659935948,1.57514949355045e-05,0.000830049966339175,58844.880299798
0.1,CLASSICAL_LUT_FINE,1.06,6.45888509587257,16.2273335216071,2.02666716826687e-05,0.00097787628925694,58845.7672577355
0.1,CLASSICAL_LUT_FINE,1.065,6.45903831787792,16.2274093282563,2.55487986321408e-05,0.00113680918954628,58846.7208551373
0.1,CLASSICAL_LUT_FINE,1.07,6.45920362031207,16.2274934804595,3.16531083380694e-05,0.00130673074287024,58847.7403844572
0.1,CLASSICAL_LUT_FINE,1.075,6.45938096238912,16.2275860179974,3.86342737727944e-05,0.00148753449805206,58848.8252069883
0.1,CLASSICAL_LUT_FINE,1.08,6.45957030035258,16.2276869586809,4.65464581860314e-05,0.00167912258685199,58849.9747355211
0.1,CLASSICAL_LUT_FINE,1.085,6.45977158748612,16.227796302457,5.54433520680038e-05,0.00188140343259491,58851.1884205956
0.1,CLASSICAL_LUT_FINE,1.09,6.45998477412516,16.227914034672,6.53781998907541e-05,0.00209428993442273,58852.4657396065
0.1,CLASSICAL_LUT_FINE,1.095,6.46020980766909,16.228040128665,7.64038187513656e-05,0.00231769802924475,58853.8061881755
0.1,CLASSICAL_LUT_FINE,1.1,6.46044663259425,16.228174547831,8.85726106037753e-05,0.00255154555362225,58855.2092733217
0.1,CLASSICAL_LUT_FINE,1.105,6.46069519046763,16.2283172472624,0.000101936569418649,0.00279575134393362,58856.6745080636
0.1,CLASSICAL_LUT_FINE,1.11,6.4609554199613,16.2284681750559,0.000116547284335516,0.00305023452580677,58858.2014071548
0.1,CLASSICAL_LUT_FINE,1.115,6.46122725686751,16.2286272733542,0.000132455939652495,0.00331491395391481,58859.7894837235
0.1,CLASSICAL_LUT_FINE,1.12,6.46151063411459,16.2287944791768,0.00014971331232527,0.00358970777129031,58861.4382466277
0.1,CLASSICAL_LUT_FINE,1.125,6.46180548178344,16.2289697250841,0.000168369767509195,0.00387453306362495,58863.1471983817
0.1,CLASSICAL_LUT_FINE,1.13,6.46211172712481,16.2291529397084,0.000188475252569035,0.00416930558910522,58864.9158335346
0.1,CLASSICAL_LUT_FINE,1.135,6.46242929457723,16.2293440481801,0.000210079289893776,0.00447393956830844,58866.7436374098
0.1,CLASSICAL_LUT_FINE,1.14,6.46275810578571,16.2295429724705,0.000233230968785089,0.00478834752192192,58868.6300851315
0.1,CLASSICAL_LUT_FINE,1.145,6.46309807962098,16.2297496316681,0.000257978936633068,0.00511244014653656,58870.5746408792
0.1,CLASSICAL_LUT_FINE,1.15,6.46344913219959,16.2299639422034,0.000284371389549806,0.0054461262207699,58872.5767573246
0.1,CLASSICAL_LUT_FINE,1.155,6.46381117690457,16.230185818031,0.000312456062596283,0.00578931253559212,58874.6358752136
0.1,CLASSICAL_LUT_FINE,1.16,6.46418412440681,16.23041517078,0.000342280219711013,0.00614190384396451,58876.7514230638
0.1,CLASSICAL_LUT_FINE,1.165,6.4645678826871,16.2306519098774,0.000373890643426984,0.00650380282595187,58878.9228169557
0.1,CLASSICAL_LUT_FINE,1.17,6.46496235705881,16.2308959426516,0.00040733362444617,0.00687491006617336,58881.149460397
0.1,CLASSICAL_LUT_FINE,1.175,6.4653674501913,16.2311471744199,0.000442654951127164,0.00725512404121886,58883.4307442473
0.1,CLASSICAL_LUT_FINE,1.18,6.46578306213391,16.2314055085619,0.00047989989893047,0.00764434111504642,58885.7660466903
0.1,CLASSICAL_LUT_FINE,1.185,6.46620909034059,16.2316708465846,0.000519113219857595,0.00804245554083138,58888.154733245
0.1,CLASSICAL_LUT_FINE,1.19,6.46664542969528,16.2319430881782,0.000560339131912779,0.00844935946803815,58890.5961568082
0.1,CLASSICAL_LUT_FINE,1.195,6.46709197253776,16.2322221312661,0.000603621308611196,0.00886494295373907,58893.0896577224
0.1,CLASSICAL_LUT_FINE,1.2,6.46754860869026,16.2325078720507,0.000649002868552759,0.00928909397745414,58895.6345638647
0.1,CLASSICAL_LUT_FINE,1.205,6.46801522548465,16.2328002050543,0.000696526365077361,0.00972169845879023,58898.2301907527
0.1,CLASSICAL_LUT_FINE,1.21,6.46849170779022,16.2330990231578,0.00074623377601455,0.0101626402775121,58900.8758416651
0.1,CLASSICAL_LUT_FINE,1.215,6.46897793804209,16.2334042176374,0.000798166493538628,0.0106118012955392,58903.5708077732
0.1,CLASSICAL_LUT_FINE,1.22,6.46947379627022,16.2337156781985,0.000852365314138075,0.0110690613806899,58906.3143682841
0.1,CLASSICAL_LUT_FINE,1.225,6.46997916012901,16.2340332930099,0.000908870428707219,0.0115342984317603,58909.1057905906
0.1,CLASSICAL_LUT_FINE,1.23,6.47049390492749,16.2343569487353,0.000967721412766603,0.0120073884049017,58911.9443304294
0.1,CLASSICAL_LUT_FINE,1.235,6.47101790366008,16.2346865305658,0.00102895721681782,0.0124882053410236,58914.8292320461
0.1,CLASSICAL_LUT_FINE,1.24,6.47155102703794,16.2350219222508,0.00109261615683783,0.0129766213941434,58917.7597283649
0.1,CLASSICAL_LUT_FINE,1.245,6.47209314352085,16.2353630061287,0.00115873590491716,0.013472506860575,58920.7350411634
0.1,CLASSICAL_LUT_FINE,1.25,6.47264411934968,16.2357096631583,0.0012273534800459,0.0139757302088661,58923.7543812532
0.1,CLASSICAL_LUT_FINE,1.255,6.47320381857939,16.2360617729487,0.00129850523905117,0.0144861581104259,58926.8169486625
0.1,CLASSICAL_LUT_FINE,1.26,6.47377210311257,16.2364192137908,0.00137222686768932,0.0150036554707675,58929.9219328246
0.1,CLASSICAL_LUT_FINE,1.265,6.47434883273352,16.2367818626875,0.00144855337189578,0.0155280854613569,58933.0685127681
0.1,CLASSICAL_LUT_FINE,1.27,6.47493386514282,16.2371495953849,0.00152751906919557,0.016059309551979,58936.2558573119
0.1,CLASSICAL_LUT_FINE,1.275,6.4755270559925,16.2375222864028,0.00160915758027693,0.0165971875436526,58939.4831252619
0.1,CLASSICAL_LUT_FINE,1.28,6.47612825892157,16.2378998090668,0.0016935018207308,0.017141577602013,58942.7494656121
0.1,CLASSICAL_LUT_FINE,1.285,6.47673732559222,16.2382820355387,0.0017805839929583,0.0176923362911641,58946.054017747
0.1,CLASSICAL_LUT_FINE,1.29,6.47735410572636,16.2386688368487,0.00187043557824864,0.0182493186079729,58949.3959116478
0.1,CLASSICAL_LUT_FINE,1.295,6.47797844714271,16.2390600829271,0.00196308732902967,0.0188123780168326,58952.774268101
0.1,CLASSICAL_LUT_FINE,1.3,6.47861019579438,16.2394556426362,0.00205856926129306,0.0193813664847529,58956.1881989085
0.1,CLASSICAL_LUT_FINE,1.305,6.47924919580684,16.2398553838027,0.00215691064719621,0.0199561345169599,58959.6368071018
0.1,CLASSICAL_LUT_FINE,1.31,6.4798952895164,16.2402591732501,0.002258140007843,0.0205365311927963,58963.1191871568
0.1,CLASSICAL_LUT_FINE,1.315,6.4805483175091,16.2406668768313,0.00236228510624492,0.021122404202055,58966.6344252123
0.1,CLASSICAL_LUT_FINE,1.32,6.48120811866006,16.2410783594617,0.00246937294046488,0.0217135998816218,58970.1815992897
0.1,CLASSICAL_LUT_FINE,1.325,6.48187453017321,16.2414934851525,0.00257942973694517,0.0223099632525408,58973.7597795152
0.1,CLASSICAL_LUT_FINE,1.33,6.48254738762149,16.2419121170436,0.0026924809440215,0.0229113380573622,58977.3680283442
0.1,CLASSICAL_LUT_FINE,1.335,6.48322652498739,16.2423341174376,0.00280855122562462,0.0235175667978709,58981.0054007872
0.1,CLASSICAL_LUT_FINE,1.34,6.48391177470392,16.2427593478332,0.00292766445517149,0.0241284907730837,58984.6709446385
0.1,CLASSICAL_LUT_FINE,1.345,6.48460296769598,16.2431876689598,0.00304984370964719,0.0247439501176441,58988.3637007059
0.1,CLASSICAL_LUT_FINE,1.35,6.48529993342203,16.2436189408108,0.00317511126387951,0.0253637838404277,58992.0827030426
0.1,CLASSICAL_LUT_FINE,1.355,6.48600249991621,16.2440530226787,0.00330348858500739,0.0259878298635225,58995.8269791811
0.1,CLASSICAL_LUT_FINE,1.36,6.48671049383075,16.2444897731891,0.00343499632714497,0.0266159250614546,58999.5955503687
0.1,CLASSICAL_LUT_FINE,1.365,6.48742374047875,16.2449290503358,0.00356965432624238,0.0272479053006869,59003.3874318041
0.1,CLASSICAL_LUT_FINE,1.37,6.48814206387727,16.2453707115154,0.00370748159514489,0.0278836054794223,59007.2016328765
0.1,CLASSICAL_LUT_FINE,1.375,6.48886528679075,16.2458146135623,0.00384849631885146,0.0285228595676337,59011.0371574058
0.1,CLASSICAL_LUT_FINE,1.38,6.48959323077477,16.2462606127839,0.00399271584997431,0.0291655006473448,59014.8930038841
0.1,CLASSICAL_LUT_FINE,1.385,6.49032571622004,16.246708564996,0.00414015670440033,0.0298113609531629,59018.768165719
0.1,CLASSICAL_LUT_FINE,1.39,6.49106256239674,16.2471583255581,0.00429083455715587,0.03046027191305,59022.6616314783
0.1,CLASSICAL_LUT_FINE,1.395,6.4918035874991,16.2476097494086,0.00444476423847583,0.0311120641892835,59026.5723851357
0.1,CLASSICAL_LUT_FINE,1.4,6.49254860869026,16.2480626911012,0.00460195973007813,0.031766567719659,59030.4994063179
0.1,CLASSICAL_LUT_FINE,1.405,6.49329744214739,16.2485170048399,0.0047624341616447,0.0324236117588779,59034.4416705533
0.1,CLASSICAL_LUT_FINE,1.41,6.49404990310705,16.2489725445152,0.00492619980750992,0.033083024920133,59038.3981495208
0.1,CLASSICAL_LUT_FINE,1.415,6.49480580591074,16.2494291637401,0.00509326808355739,0.0337446352168822,59042.3678113013
0.1,CLASSICAL_LUT_FINE,1.42,6.49556496405076,16.2498867158856,0.00526364954432604,0.0344082701047679,59046.3496206286
0.1,CLASSICAL_LUT_FINE,1.425,6.49632719021621,16.2503450541174,0.00543735388032626,0.0350737565237473,59050.3425391425
0.1,CLASSICAL_LUT_FINE,1.43,6.49709229633918,16.2508040314316,0.00561438991556699,0.0357409209403148,59054.3455256419
0.1,CLASSICAL_LUT_FINE,1.435,6.49786009364118,16.2512635006908,0.00579476560529442,0.036409589389919,59058.3575363395
0.1,CLASSICAL_LUT_FINE,1.44,6.49863039267972,16.251723313308,0.00597848797966745,0.037079555842185,59062.3773350531
0.1,CLASSICAL_LUT_FINE,1.445,6.49940300339504,16.2521833182942,0.00616556308675517,0.0377506636367837,59066.4039818207
0.1,CLASSICAL_LUT_FINE,1.45,6.500177735157,16.2526433689715,0.00635599625863742,0.0384227525947072,59070.4365155682
0.1,CLASSICAL_LUT_FINE,1.455,6.50095439681213,16.2531033188052,0.00654979196205112,0.039095647054916,59074.4738823295
0.1,CLASSICAL_LUT_FINE,1.46,6.50173279673079,16.2535630211498,0.00674695378494984,0.0397691711765376,59078.5150270592
0.1,CLASSICAL_LUT_FINE,1.465,6.50251274285445,16.254022329317,0.0069474844358615,0.0404431490333881,59082.5588942003
0.1,CLASSICAL_LUT_FINE,1.47,6.50329404274308,16.2544810966388,0.0071513857434845,0.0411174046248632,59086.6044277492
0.1,CLASSICAL_LUT_FINE,1.475,6.50407650362262,16.2549391765248,0.00735865865639334,0.0417917619074171,59090.6505714445
0.1,CLASSICAL_LUT_FINE,1.48,6.50485993243254,16.2553964225143,0.0075693032429079,0.0424660448285685,59094.6962689714
0.1,CLASSICAL_LUT_FINE,1.485,6.50564413587353,16.2558526883261,0.00778331869113783,0.0431400773627875,59098.7404641767
0.1,CLASSICAL_LUT_FINE,1.49,6.5064289204551,16.2563078279045,0.00800070330921041,0.0438136835489811,59102.7821012939
0.1,CLASSICAL_LUT_FINE,1.495,6.50721409254342,16.2567616954635,0.00822145452568894,0.0444866875291616,59106.820125175
0.1,CLASSICAL_LUT_FINE,1.5,6.50799945840901,16.2572141455299,0.00844556889018703,0.0451589135880859,59110.8534815285
0.1,CLASSICAL_LUT_FINE,1.505,6.5087848242746,16.2576650329837,0.00867304207418309,0.0458301861936636,59114.881117162
0.1,CLASSICAL_LUT_FINE,1.51,6.50956999636291,16.2581142130984,0.00890386887203822,0.0465003300379223,59118.9019802275
0.1,CLASSICAL_LUT_FINE,1.515,6.51035478094449,16.2585615415799,0.00913804320222035,0.0471691700784636,59122.9150204708
0.1,CLASSICAL_LUT_FINE,1.52,6.51113898438547,16.2590068746048,0.00937555810873635,0.0478365315802289,59126.9191894814
0.1,CLASSICAL_LUT_FINE,1.525,6.5119224131954,16.2594500688578,0.00961640576277378,0.0485022401575375,59130.9134409452
0.1,CLASSICAL_LUT_FINE,1.53,6.51270487407493,16.2598909815691,0.00986057746455315,0.0491661218163024,59134.8967308978
0.1,CLASSICAL_LUT_FINE,1.535,6.51348617396356,16.2603294705505,0.0101080636453919,0.0498280029963656,59138.8680179782
0.1,CLASSICAL_LUT_FINE,1.54,6.51426612008722,16.2607653942319,0.0103588538699797,0.0504877106139183,59142.8262636835
0.1,CLASSICAL_LUT_FINE,1.545,6.51504452000589,16.2611986116968,0.0106129368388668,0.0511450721039246,59146.7704326235
0.1,CLASSICAL_LUT_FINE,1.55,6.51582118166102,16.2616289827184,0.0108703003911635,0.0517999154625652,59150.6994927754
0.1,CLASSICAL_LUT_FINE,1.555,6.51659591342298,16.262056367794,0.0111309315074525,0.0524520692896431,59154.6124157379
0.1,CLASSICAL_LUT_FINE,1.56,6.51736852413829,16.2624806281805,0.0113948163129128,0.0531013628309047,59158.5081769854
0.1,CLASSICAL_LUT_FINE,1.565,6.51813882317683,16.2629016259287,0.0116619400806553,0.0537476260203089,59162.3857561219
0.1,CLASSICAL_LUT_FINE,1.57,6.51890662047883,16.2633192239179,0.0119322872352688,0.0543906895221653,59166.244137133
0.1,CLASSICAL_LUT_FINE,1.575,6.5196717266018,16.26373328589,0.0122058413565774,0.055030384773163,59170.082308639
0.1,CLASSICAL_LUT_FINE,1.58,6.52043395276725,16.2641436764832,0.0124825851836069,0.0556665440242572,59173.8992641455
0.1,CLASSICAL_LUT_FINE,1.585,6.52119311090728,16.264550261266,0.0127625006187605,0.056299000382376,59177.6940022943
0.1,CLASSICAL_LUT_FINE,1.59,6.52194901371097,16.2649529067702,0.0130455687322028,0.0569275878519981,59181.465527112
0.1,CLASSICAL_LUT_FINE,1.595,6.52270147467062,16.2653514805244,0.0133317697664508,0.057552141376517,59185.2128482591
0.1,CLASSICAL_LUT_FINE,1.6,6.52345030812775,16.2657458510866,0.0136210831411717,0.0581724968794077,59188.9349812764
0.1,CLASSICAL_LUT_FINE,1.605,6.52419532931891,16.2661358880769,0.0139134874581858,0.0587884913052026,59192.6309478312
0.1,CLASSICAL_LUT_FINE,1.61,6.52493635442127,16.26652146221,0.0142089605066735,0.0593999626602049,59196.2997759612
0.1,CLASSICAL_LUT_FINE,1.615,6.52567320059797,16.266902445327,0.0145074792685858,0.0600067500530326,59199.9405003182
0.1,CLASSICAL_LUT_FINE,1.62,6.52640568604324,16.2672787104275,0.0148090199242566,0.060608693734844,59203.5521624091
0.1,CLASSICAL_LUT_FINE,1.625,6.52713363002726,16.2676501317009,0.0151135578582151,0.0612056351393502,59207.1338108361
0.1,CLASSICAL_LUT_FINE,1.63,6.52785685294075,16.2680165845577,0.0154210676651989,0.0617974169225608,59210.6845015354
0.1,CLASSICAL_LUT_FINE,1.635,6.52857517633926,16.2683779456605,0.015731523156363,0.0623838830022141,59214.2032980133
0.1,CLASSICAL_LUT_FINE,1.64,6.52928842298726,16.2687340929544,0.0160448973656878,0.0629648785969668,59217.6892715818
0.1,CLASSICAL_LUT_FINE,1.645,6.5299964169018,16.2690849056974,0.0163611625565798,0.0635402502652411,59221.1415015914
0.1,CLASSICAL_LUT_FINE,1.65,6.53069898339598,16.2694302644906,0.0166802902286679,0.0641098459437845,59224.5590756627
0.1,CLASSICAL_LUT_FINE,1.655,6.53139594912204,16.2697700513076,0.01700225112479,0.0646735149858912,59227.9410899153
0.1,CLASSICAL_LUT_FINE,1.66,6.53208714211409,16.2701041495235,0.0173270152381713,0.0652311081993258,59231.286649196
0.1,CLASSICAL_LUT_FINE,1.665,6.53277239183063,16.2704324439448,0.01765455181979,0.0657824778838396,59234.594867303
0.1,CLASSICAL_LUT_FINE,1.67,6.53345152919653,16.2707548208371,0.0179848293859308,0.0663274778684109,59237.8648672105
0.1,CLASSICAL_LUT_FINE,1.675,6.5341243866448,16.2710711679537,0.0183178157259234,0.0668659635480822,59241.0957812885
0.1,CLASSICAL_LUT_FINE,1.68,6.53479079815796,16.2713813745635,0.0186534779100637,0.0673977919204098,59244.2867515224
0.1,CLASSICAL_LUT_FINE,1.685,6.53545059930891,16.2716853314788,0.0189917822977173,0.067922821621579,59247.4369297295
0.1,CLASSICAL_LUT_FINE,1.69,6.53610362730161,16.2719829310818,0.0193326945456015,0.0684409129620764,59250.5454777725
0.1,CLASSICAL_LUT_FINE,1.695,6.53674972101117,16.272274067352,0.0196761796162457,0.0689519279620079,59253.611567772
0.1,CLASSICAL_LUT_FINE,1.7,6.53738872102363,16.272558635892,0.0200222017866266,0.0694557303859629,59256.6343823158
0.1,CLASSICAL_LUT_FINE,1.705,6.5380204696753,16.272836533954,0.020370724656977,0.0699521857775043,59259.613114665
0.1,CLASSICAL_LUT_FINE,1.71,6.53864481109166,16.2731076604651,0.020721711159766,0.070441161493175,59262.546968959
0.1,CLASSICAL_LUT_FINE,1.715,6.53926159122579,16.2733719160523,0.021075123568848,0.0709225267361013,59265.4351604166
0.1,CLASSICAL_LUT_FINE,1.72,6.53987065789644,16.2736292030674,0.0214309235087787,0.0713961525891627,59268.276915535
0.1,CLASSICAL_LUT_FINE,1.725,6.54047186082552,16.2738794256115,0.0217890719642959,0.0718619120476518,59271.0714722859
0.1,CLASSICAL_LUT_FINE,1.73,6.54106505167519,16.2741224895585,0.022149529289962,0.0723196800515087,59273.8180803091
0.1,CLASSICAL_LUT_FINE,1.735,6.5416500840845,16.2743583025787,0.0225122552199673,0.0727693335170869,59276.5160011025
0.1,CLASSICAL_LUT_FINE,1.74,6.54222681370544,16.2745867741618,0.0228772088780898,0.0732107513683911,59279.1645082103
0.1,CLASSICAL_LUT_FINE,1.745,6.54279509823862,16.2748078156395,0.0232443487878114,0.0736438145678786,59281.7628874073
0.1,CLASSICAL_LUT_FINE,1.75,6.54335479746833,16.2750213402075,0.0236136328825852,0.0740684061466954,59284.3104368802
0.1,CLASSICAL_LUT_FINE,1.755,6.54390577329717,16.275227262947,0.0239850185162541,0.07448441123449,59286.8064674069
0.1,CLASSICAL_LUT_FINE,1.76,6.54444788978008,16.2754255008461,0.0243584624736167,0.074891717088601,59289.2503025316
0.1,CLASSICAL_LUT_FINE,1.765,6.54498101315794,16.2756159728205,0.0247339209811372,0.0752902131228339,59291.641278737
0.1,CLASSICAL_LUT_FINE,1.77,6.54550501189053,16.2757985997335,0.0251113497177993,0.0756797909356077,59293.9787456136
0.1,CLASSICAL_LUT_FINE,1.775,6.54601975668901,16.2759733044157,0.0254907038260977,0.076060344337618,59296.2620660257
0.1,CLASSICAL_LUT_FINE,1.78,6.5465251205478,16.2761400116845,0.025871937923168,0.0764317693789316,59298.4906162736
0.1,CLASSICAL_LUT_FINE,1.785,6.54702097877592,16.2762986483629,0.0262550061120502,0.0767939643755255,59300.6637862531
0.1,CLASSICAL_LUT_FINE,1.79,6.54750720902779,16.2764491432972,0.026639861993083,0.0771468299352609,59302.7809796116
0.1,CLASSICAL_LUT_FINE,1.795,6.54798369133336,16.2765914273753,0.0270264586754273,0.0774902689833024,59304.8416138998
0.1,CLASSICAL_LUT_FINE,1.8,6.54845030812775,16.2767254335439,0.0274147487887149,0.0778241867869092,59306.8451207215
0.1,CLASSICAL_LUT_FINE,1.805,6.54890694428026,16.2768510968247,0.0278046844948201,0.0781484909797321,59308.7909458784
0.1,CLASSICAL_LUT_FINE,1.81,6.54935348712274,16.2769683543314,0.0281962174997504,0.0784630915854052,59310.6785495124
0.1,CLASSICAL_LUT_FINE,1.815,6.54978982647742,16.2770771452848,0.0285892990656548,0.0787679010406297,59312.5074062438
0.1,CLASSICAL_LUT_FINE,1.82,6.55021585468411,16.2771774110283,0.0289838800229457,0.0790628342176039,59314.2770053056
0.1,CLASSICAL_LUT_FINE,1.825,6.55063146662671,16.2772690950422,0.0293799107825304,0.0793478084458705,59315.9868506752
0.1,CLASSICAL_LUT_FINE,1.83,6.5510365597592,16.2773521429582,0.029777341348152,0.0796227435335233,59317.6364612011
0.1,CLASSICAL_LUT_FINE,1.835,6.55143103413092,16.2774265025729,0.0301761213288334,0.0798875617877872,59319.2253707267
0.1,CLASSICAL_LUT_FINE,1.84,6.5518147924112,16.2774921238606,0.0305761999514231,0.0801421880349924,59320.7531282099
0.1,CLASSICAL_LUT_FINE,1.845,6.55218773991344,16.2775489589858,0.0309775260732395,0.080386549639897,59322.2192978394
0.1,CLASSICAL_LUT_FINE,1.85,6.55254978461843,16.2775969623158,0.0313800481948102,0.0806205765243693,59323.6234591462
0.1,CLASSICAL_LUT_FINE,1.855,6.55290083719704,16.2776360904311,0.0317837144727022,0.0808442011854265,59324.9652071126
0.1,CLASSICAL_LUT_FINE,1.86,6.55324081103231,16.277666302137,0.0321884727324422,0.0810573587126147,59326.2441522757
0.1,CLASSICAL_LUT_FINE,1.865,6.55356962224078,16.2776875584736,0.0325942704815209,0.081259986804751,59327.4599208285
0.1,CLASSICAL_LUT_FINE,1.87,6.55388718969321,16.2776998227258,0.0330010549224798,0.0814520257859694,59328.6121547158
0.1,CLASSICAL_LUT_FINE,1.875,6.55419343503457,16.2777030604319,0.0334087729660768,0.0816334186211485,59329.7005117269
0.1,CLASSICAL_LUT_FINE,1.88,6.55448828270342,16.2776972393931,0.0338173712445267,0.081804110930614,59330.7246655837
0.1,CLASSICAL_LUT_FINE,1.885,6.5547716599505,16.2776823296806,0.0342267961248141,0.0819640510042223,59331.6843060253
0.1,CLASSICAL_LUT_FINE,1.89,6.55504349685672,16.277658303644,0.0346369937220748,0.0821131898147094,59332.5791388882
0.1,CLASSICAL_LUT_FINE,1.895,6.55530372635038,16.2776251359173,0.035047909913042,0.082251481030406,59333.4088861824
0.1,CLASSICAL_LUT_FINE,1.9,6.55555228422377,16.2775828034262,0.0354594903495549,0.0823788810272443,59334.1732861635
0.1,CLASSICAL_LUT_FINE,1.905,6.55578910914892,16.2775312853932,0.0358716804721249,0.0824953489000464,59334.8720934003
0.1,CLASSICAL_LUT_FINE,1.91,6.55601414269285,16.2774705633431,0.036284425523557,0.082600846473186,59335.5050788391
0.1,CLASSICAL_LUT_FINE,1.915,6.5562273293319,16.2774006211075,0.036697670562623,0.0826953383104865,59336.0720298629
0.1,CLASSICAL_LUT_FINE,1.92,6.55642861646544,16.2773214448289,0.0371113604777817,0.0827787917244578,59336.5727503467
0.1,CLASSICAL_LUT_FINE,1.925,6.55661795442889,16.2772330229644,0.0375254400009442,0.082851176784823,59337.0070607089
0.1,CLASSICAL_LUT_FINE,1.93,6.55679529650595,16.2771353462883,0.0379398537212795,0.0829124663263396,59337.374797958
0.1,CLASSICAL_LUT_FINE,1.935,6.5569605989401,16.2770284078945,0.0383545460990583,0.0829626359559015,59337.6758157354
0.1,CLASSICAL_LUT_FINE,1.94,6.55711382094544,16.2769122031982,0.0387694614795292,0.0830016640589406,59337.9099843536
0.1,CLASSICAL_LUT_FINE,1.945,6.55725492471675,16.2767867299375,0.0391845441068266,0.0830295318051331,59338.0771908308
0.1,CLASSICAL_LUT_FINE,1.95,6.55738387543876,16.2766519881734,0.0395997381379044,0.0830462231533708,59338.1773389202
0.1,CLASSICAL_LUT_FINE,1.955,6.55750064129483,16.27650798029,0.040014987656493,0.083051724856011,59338.2103491361
0.1,CLASSICAL_LUT_FINE,1.96,6.55760519347473,16.2763547109942,0.0404302366870757,0.0830460264624495,59338.1761587747
0.1,CLASSICAL_LUT_FINE,1.965,6.55769750618177,16.2761921873141,0.0408454292088816,0.0830291203219158,59338.0747219315
0.1,CLASSICAL_LUT_FINE,1.97,6.55777755663916,16.2760204185976,0.0412605091698901,0.0830010015856146,59337.9060095137
0.1,CLASSICAL_LUT_FINE,1.975,6.55784532509566,16.27583941651,0.0416754205008445,0.0829616682081156,59337.6700092487
0.1,CLASSICAL_LUT_FINE,1.98,6.55790079483042,16.2756491950312,0.0420901071292708,0.0829111209479958,59337.366725688
0.1,CLASSICAL_LUT_FINE,1.985,6.55794395215711,16.2754497704518,0.0425045129934984,0.0828493633678313,59336.996180207
0.1,CLASSICAL_LUT_FINE,1.99,6.55797478642729,16.2752411613698,0.0429185820566778,0.0827764018334172,59336.5584110005
0.1,CLASSICAL_LUT_FINE,1.995,6.55799329003309,16.2750233886853,0.0433322583207936,0.0826922455122627,59336.0534730736
0.1,CLASSICAL_LUT_FINE,2,6.55799945840901,16.2747964755955,0.0437454858406678,0.0825969063714034,59335.4814382284
0.1,CLASSICAL_LUT_FINE,2.005,6.55799329003309,16.2745604475892,0.0441582087379505,0.0824903991744783,59334.8423950469
0.1,CLASSICAL_LUT_FINE,2.01,6.55797478642729,16.2743153324401,0.0445703712150942,0.0823727414780731,59334.1364488684
0.1,CLASSICAL_LUT_FINE,2.015,6.55794395215711,16.2740611602002,0.0449819175693076,0.082243953627362,59333.3637217642
0.1,CLASSICAL_LUT_FINE,2.02,6.55790079483042,16.2737979631918,0.0453927922064863,0.0821040587510407,59332.5243525062
0.1,CLASSICAL_LUT_FINE,2.025,6.55784532509566,16.2735257760002,0.0458029396551161,0.0819530827555077,59331.618496533
0.1,CLASSICAL_LUT_FINE,2.03,6.55777755663916,16.2732446354646,0.0462123045801462,0.08179105431838,59330.6463259103
0.1,CLASSICAL_LUT_FINE,2.035,6.55769750618177,16.2729545806687,0.0466208317968264,0.08161800488128,59329.6080292877
0.1,CLASSICAL_LUT_FINE,2.04,6.55760519347473,16.2726556529316,0.0470284662845086,0.0814339686418659,59328.5038118512
0.1,CLASSICAL_LUT_FINE,2.045,6.55750064129483,16.272347895797,0.0474351532004052,0.0812389825452389,59327.3338952714
0.1,CLASSICAL_LUT_FINE,2.05,6.55738387543876,16.2720313550227,0.0478408378933033,0.0810330862745836,59326.0985176475
0.1,CLASSICAL_LUT_FINE,2.055,6.55725492471675,16.2717060785687,0.0482454659172303,0.0808163222411107,59324.7979334467
0.1,CLASSICAL_LUT_FINE,2.06,6.55711382094544,16.2713721165859,0.0486489830450678,0.0805887355733326,59323.43241344
0.1,CLASSICAL_LUT_FINE,2.065,6.5569605989401,16.2710295214031,0.0490513352821091,0.0803503741055955,59322.0022446336
0.1,CLASSICAL_LUT_FINE,2.07,6.55679529650595,16.270678347514,0.0494524688795588,0.080101288365956,59320.5077301957
0.1,CLASSICAL_LUT_FINE,2.075,6.55661795442889,16.270318651564,0.0498523303479695,0.0798415315633552,59318.9491893801
0.1,CLASSICAL_LUT_FINE,2.08,6.55642861646544,16.2699504923355,0.0502508664706129,0.0795711595740958,59317.3269574446
0.1,CLASSICAL_LUT_FINE,2.085,6.5562273293319,16.2695739307337,0.0506480243167806,0.0792902309276293,59315.6413855658
0.1,CLASSICAL_LUT_FINE,2.09,6.55601414269285,16.2691890297713,0.0510437512550141,0.0789988067916951,59313.8928407502
0.1,CLASSICAL_LUT_FINE,2.095,6.55578910914892,16.2687958545528,0.0514379949662565,0.0786969509567594,59312.0817057406
0.1,CLASSICAL_LUT_FINE,2.1,6.55555228422377,16.268394472258,0.0518307034569268,0.0783847298197742,59310.2083789186
0.1,CLASSICAL_LUT_FINE,2.105,6.55530372635038,16.2679849521256,0.0522218250719096,0.0780622123672874,59308.2732742037
0.1,CLASSICAL_LUT_FINE,2.11,6.55504349685672,16.2675673654359,0.0526113085074599,0.0777294701579052,59306.2768209474
0.1,CLASSICAL_LUT_FINE,2.115,6.5547716599505,16.2671417854928,0.0529991028240179,0.0773865773040416,59304.2194638242
0.1,CLASSICAL_LUT_FINE,2.12,6.55448828270342,16.2667082876058,0.0533851574589315,0.0770336104530749,59302.1016627184
0.1,CLASSICAL_LUT_FINE,2.125,6.55419343503457,16.2662669490709,0.053769422239082,0.0766706487678324,59299.923892607
0.1,CLASSICAL_LUT_FINE,2.13,6.55388718969321,16.2658178491517,0.0541518473934118,0.0762977739064095,59297.6866434385
0.1,CLASSICAL_LUT_FINE,2.135,6.55356962224078,16.2653610690594,0.0545323835653487,0.0759150700014146,59295.3904200085
0.1,CLASSICAL_LUT_FINE,2.14,6.55324081103231,16.2648966919326,0.0549109818251253,0.0755226236385074,59293.035741831
0.1,CLASSICAL_LUT_FINE,2.145,6.55290083719704,16.2644248028166,0.0552875936819893,0.075120523834368,59290.6231430062
0.1,CLASSICAL_LUT_FINE,2.15,6.55254978461843,16.2639454886422,0.055662171096302,0.0747088620140186,59288.1531720841
0.1,CLASSICAL_LUT_FINE,2.155,6.55218773991344,16.2634588382041,0.0560346664915228,0.0742877319875674,59285.6263919254
0.1,CLASSICAL_LUT_FINE,2.16,6.5518147924112,16.2629649421385,0.0564050327660741,0.0738572299262934,59283.0433795578
0.1,CLASSICAL_LUT_FINE,2.165,6.55143103413092,16.262463892901,0.0567732233050871,0.0734174543381805,59280.4047260291
0.1,CLASSICAL_LUT_FINE,2.17,6.5510365597592,16.2619557847431,0.0571391919920224,0.0729685060428196,59277.7110362569
0.1,CLASSICAL_LUT_FINE,2.175,6.55063146662671,16.2614407136888,0.0575028932201641,0.0725104881457685,59274.9629288746
0.1,CLASSICAL_LUT_FINE,2.18,6.55021585468411,16.2609187775109,0.0578642819039846,0.0720435060122995,59272.1610360738
0.1,CLASSICAL_LUT_FINE,2.185,6.54978982647742,16.2603900757066,0.0582233134903762,0.0715676672405827,59269.3060034435
0.1,CLASSICAL_LUT_FINE,2.19,6.54935348712274,16.2598547094724,0.058579943969747,0.0710830816343044,59266.3984898058
0.1,CLASSICAL_LUT_FINE,2.195,6.54890694428026,16.2593127816792,0.0589341298869797,0.0705898611747529,59263.4391670485
0.1,CLASSICAL_LUT_FINE,2.2,6.54845030812775,16.2587643968466,0.0592858283522477,0.0700881199923185,59260.4287199539
0.1,CLASSICAL_LUT_FINE,2.205,6.54798369133336,16.2582096611169,0.0596349970516892,0.0695779743374718,59257.3678460248
0.1,CLASSICAL_LUT_FINE,2.21,6.54750720902779,16.2576486822285,0.059981594257933,0.0690595425512175,59254.2572553073
0.1,CLASSICAL_LUT_FINE,2.215,6.54702097877592,16.2570815694892,0.060325578840477,0.0685329450350114,59251.0976702101
0.1,CLASSICAL_LUT_FINE,2.22,6.5465251205478,16.2565084337492,0.0606669102759136,0.0679983042201506,59247.8898253209
0.1,CLASSICAL_LUT_FINE,2.225,6.54601975668901,16.2559293873729,0.0610055486580017,0.067455744536689,59244.6344672201
0.1,CLASSICAL_LUT_FINE,2.23,6.54550501189053,16.2553445442116,0.0613414547075817,0.0669053923818232,59241.3323542909
0.1,CLASSICAL_LUT_FINE,2.235,6.54498101315794,16.2547540195748,0.0616745897823307,0.0663473760877924,59237.9842565268
0.1,CLASSICAL_LUT_FINE,2.24,6.54444788978008,16.2541579302014,0.062004915886357,0.0657818258893137,59234.5909553359
0.1,CLASSICAL_LUT_FINE,2.245,6.54390577329717,16.253556394231,0.0623323956796299,0.0652088738905263,59231.1532433431
0.1,CLASSICAL_LUT_FINE,2.25,6.54335479746833,16.2529495311743,0.0626569924872431,0.0646286540314716,59227.6719241888
0.1,CLASSICAL_LUT_FINE,2.255,6.54279509823862,16.2523374618832,0.0629786703085096,0.064041302054143,59224.1478123249
0.1,CLASSICAL_LUT_FINE,2.26,6.54222681370544,16.2517203085211,0.0632973938258856,0.0634469554680468,59220.5817328083
0.1,CLASSICAL_LUT_FINE,2.265,6.5416500840845,16.2510981945322,0.063613128413721,0.0628457535153775,59216.9745210923
0.1,CLASSICAL_LUT_FINE,2.27,6.54106505167519,16.2504712446111,0.0639258401468351,0.062237837135724,59213.3270228143
0.1,CLASSICAL_LUT_FINE,2.275,6.54047186082552,16.2498395846713,0.064235495808914,0.0616233489303841,59209.6400935823
0.1,CLASSICAL_LUT_FINE,2.28,6.53987065789644,16.2492033418145,0.0645420629007298,0.0610024331262569,59205.9145987575
0.1,CLASSICAL_LUT_FINE,2.285,6.53926159122579,16.2485626442985,0.0648455096481766,0.0603752355393521,59202.1514132361
0.1,CLASSICAL_LUT_FINE,2.29,6.53864481109166,16.2479176215057,0.0651458050101251,0.0597419035378977,59198.3514212274
0.1,CLASSICAL_LUT_FINE,2.295,6.5380204696753,16.2472684039105,0.0654429186860895,0.059102586005082,59194.5155160305
0.1,CLASSICAL_LUT_FINE,2.3,6.53738872102363,16.2466151230473,0.0657368211237094,0.058457433301415,59190.6445998085
0.1,CLASSICAL_LUT_FINE,2.305,6.53674972101117,16.2459579114776,0.0660274835260409,0.0578065972267474,59186.7395833605
0.1,CLASSICAL_LUT_FINE,2.31,6.53610362730161,16.2452969027572,0.066314877858658,0.0571502309819252,59182.8013858915
0.1,CLASSICAL_LUT_FINE,2.315,6.53545059930891,16.2446322314027,0.0665989768565607,0.0564884891301229,59178.8309347807
0.1,CLASSICAL_LUT_FINE,2.32,6.53479079815796,16.2439640328586,0.0668797540308896,0.055821527557848,59174.8291653471
0.1,CLASSICAL_LUT_FINE,2.325,6.5341243866448,16.243292443463,0.0671571836754442,0.0551495034356186,59170.7970206137
0.1,CLASSICAL_LUT_FINE,2.33,6.53345152919653,16.2426176004146,0.0674312408730041,0.0544725751783481,59166.7354510701
0.1,CLASSICAL_LUT_FINE,2.335,6.53277239183063,16.2419396417377,0.0677019015014514,0.0537909024054173,59162.6454144325
0.1,CLASSICAL_LUT_FINE,2.34,6.53208714211409,16.2412587062486,0.0679691422396924,0.0531046459004916,59158.5278754029
0.1,CLASSICAL_LUT_FINE,2.345,6.53139594912204,16.2405749335211,0.0682329405733781,0.052413967571038,59154.3838054262
0.1,CLASSICAL_LUT_FINE,2.35,6.53069898339599,16.2398884638513,0.0684932748004217,0.051719030407595,59150.2141824456
0.1,CLASSICAL_LUT_FINE,2.355,6.5299964169018,16.2391994382236,0.068750124036311,0.0510199984427739,59146.0199906566
0.1,CLASSICAL_LUT_FINE,2.36,6.52928842298726,16.2385079982751,0.0690034682192165,0.0503170367100321,59141.8022202602
0.1,CLASSICAL_LUT_FINE,2.365,6.52857517633926,16.2378142862607,0.0692532881148915,0.0496103112022315,59137.5618672134
0.1,CLASSICAL_LUT_FINE,2.37,6.52785685294075,16.2371184450179,0.0694995653213654,0.0488999888299411,59133.2999329796
0.1,CLASSICAL_LUT_FINE,2.375,6.52713363002726,16.236420617931,0.0697422822734272,0.0481862373795465,59129.0174242773
0.1,CLASSICAL_LUT_FINE,2.38,6.52640568604324,16.2357209488963,0.0699814222469001,0.0474692254711897,59124.7153528271
0.1,CLASSICAL_LUT_FINE,2.385,6.52567320059797,16.2350195822856,0.070216969362704,0.0467491225164842,59120.3947350989
0.1,CLASSICAL_LUT_FINE,2.39,6.52493635442127,16.2343166629108,0.070448908590707,0.0460260986760606,59116.0565920564
0.1,CLASSICAL_LUT_FINE,2.395,6.52419532931891,16.2336123359884,0.0706772257533645,0.0453003248169779,59111.7019489019
0.1,CLASSICAL_LUT_FINE,2.4,6.52345030812775,16.2329067471026,0.0709019075291438,0.0445719724699511,59107.3318348197
0.1,CLASSICAL_LUT_FINE,2.405,6.52270147467062,16.2322000421701,0.0711229414557357,0.0438412137864539,59102.9472827187
0.1,CLASSICAL_LUT_FINE,2.41,6.52194901371097,16.2314923674035,0.0713403159330503,0.0431082214956753,59098.549328974
0.1,CLASSICAL_LUT_FINE,2.415,6.52119311090728,16.2307838692754,0.0715540202259984,0.042373168861376,59094.1390131682
0.1,CLASSICAL_LUT_FINE,2.42,6.52043395276725,16.2300746944816,0.0717640444670555,0.0416362296386197,59089.7173778317
0.1,CLASSICAL_LUT_FINE,2.425,6.5196717266018,16.2293649899056,0.0719703796586106,0.0408975780304281,59085.2854681826
0.1,CLASSICAL_LUT_FINE,2.43,6.51890662047883,16.2286549025815,0.0721730176750969,0.0401573886443245,59080.8443318659
0.1,CLASSICAL_LUT_FINE,2.435,6.51813882317683,16.2279445796579,0.072371951264906,0.0394158364488195,59076.3950186929
0.1,CLASSICAL_LUT_FINE,2.44,6.51736852413829,16.2272341683618,0.0725671740520835,0.0386730967298252,59071.938580379
0.1,CLASSICAL_LUT_FINE,2.445,6.51659591342298,16.2265238159616,0.0727586805378071,0.0379293450470382,59067.4760702822
0.1,CLASSICAL_LUT_FINE,2.45,6.51582118166102,16.2258136697311,0.0729464661016465,0.0371847571902304,59063.0085431414
0.1,CLASSICAL_LUT_FINE,2.455,6.51504452000589,16.2251038769131,0.0731305270026043,0.0364395091355849,59058.5370548135
0.1,CLASSICAL_LUT_FINE,2.46,6.51426612008722,16.2243945846826,0.0733108603799388,0.0356937770019439,59054.0626620117
0.1,CLASSICAL_LUT_FINE,2.465,6.51348617396356,16.2236859401109,0.0734874642537681,0.0349477370070783,59049.5864220425
0.1,CLASSICAL_LUT_FINE,2.47,6.51270487407493,16.222978090129,0.0736603375254554,0.0342015654239738,59045.1093925438
0.1,CLASSICAL_LUT_FINE,2.475,6.5119224131954,16.2222711814914,0.0738294799777755,0.0334554385371071,59040.6326312226
0.1,CLASSICAL_LUT_FINE,2.48,6.51113898438547,16.2215653607397,0.0739948922748633,0.0327095325987496,59036.1571955925
0.1,CLASSICAL_LUT_FINE,2.485,6.51035478094449,16.2208607741666,0.0741565759619436,0.0319640237853314,59031.684142712
0.1,CLASSICAL_LUT_FINE,2.49,6.50956999636291,16.2201575677797,0.0743145334648428,0.0312190881538221,59027.2145289229
0.1,CLASSICAL_LUT_FINE,2.495,6.5087848242746,16.2194558872654,0.0744687680892827,0.0304749015981862,59022.7494095891
0.1,CLASSICAL_LUT_FINE,2.5,6.50799945840901,16.218755877953,0.0746192840199566,0.029731639805906,59018.2898388354
0.1,CLASSICAL_LUT_FINE,2.505,6.50721409254342,16.2180576847789,0.0747660863193887,0.0289894782145836,59013.8368692875
0.1,CLASSICAL_LUT_FINE,2.51,6.5064289204551,16.2173614522508,0.0749091809265762,0.028248591968639,59009.3915518118
0.1,CLASSICAL_LUT_FINE,2.515,6.50564413587353,16.2166673244118,0.0750485746554152,0.0275091558760767,59004.9549352565
0.1,CLASSICAL_LUT_FINE,2.52,6.50485993243254,16.2159754448054,0.075184275192911,0.0267713443654269,59000.5280661926
0.1,CLASSICAL_LUT_FINE,2.525,6.50407650362262,16.2152859564397,0.0753162910971733,0.0260353314427437,58996.1119886565
0.1,CLASSICAL_LUT_FINE,2.53,6.50329404274308,16.2145990017522,0.0754446317951965,0.0253012906487839,58991.7077438927
0.1,CLASSICAL_LUT_FINE,2.535,6.50251274285445,16.2139147225749,0.0755693075804263,0.0245693950162966,58987.3163700978
0.1,CLASSICAL_LUT_FINE,2.54,6.50173279673079,16.213233260099,0.0756903296101138,0.0238398170274916,58982.9389021649
0.1,CLASSICAL_LUT_FINE,2.545,6.50095439681213,16.2125547548406,0.075807709902456,0.0231127285716521,58978.5763714299
0.1,CLASSICAL_LUT_FINE,2.55,6.500177735157,16.2118793466056,0.0759214613335262,0.0223883009029375,58974.2298054176
0.1,CLASSICAL_LUT_FINE,2.555,6.49940300339504,16.2112071746811,0.076031597643098,0.0216667091051068,58969.9002546306
0.1,CLASSICAL_LUT_FINE,2.56,6.49863039267972,16.2105383777487,0.0761381334312039,0.0209481195386712,58965.588717232
0.1,CLASSICAL_LUT_FINE,2.565,6.49786009364118,16.2098730931697,0.0762410841264313,0.0202326999798519,58961.2961998791
0.1,CLASSICAL_LUT_FINE,2.57,6.49709229633918,16.2092114574573,0.0763404660000539,0.0195206187836963,58957.0237127022
0.1,CLASSICAL_LUT_FINE,2.575,6.49632719021621,16.2085536062673,0.076436296162997,0.0188120434494401,58952.7722606966
0.1,CLASSICAL_LUT_FINE,2.58,6.49556496405076,16.2078996743596,0.0765285925614627,0.0181071405821687,58948.542843493
0.1,CLASSICAL_LUT_FINE,2.585,6.49480580591074,16.2072497955618,0.0766173739723626,0.0174060758541952,58944.3364551252
0.1,CLASSICAL_LUT_FINE,2.59,6.49404990310705,16.2066041027329,0.0767026599985572,0.0167090139662651,58940.1540837976
0.1,CLASSICAL_LUT_FINE,2.595,6.49329744214739,16.2059627277287,0.0767844710639006,0.0160161186086665,58935.996711652
0.1,CLASSICAL_LUT_FINE,2.6,6.49254860869026,16.2053258013674,0.0768628284080911,0.0153275524223684,58931.8653145342
0.1,CLASSICAL_LUT_FINE,2.605,6.4918035874991,16.2046934533958,0.0769377540813279,0.0146434769602255,58927.7608617614
0.1,CLASSICAL_LUT_FINE,2.61,6.49106256239674,16.2040658124566,0.0770092709387733,0.0139640526482712,58923.6843158896
0.1,CLASSICAL_LUT_FINE,2.615,6.49032571622004,16.2034430060556,0.0770774026348223,0.0132894387472255,58919.6366324834
0.1,CLASSICAL_LUT_FINE,2.62,6.48959323077477,16.20282516053,0.0771421736171804,0.0126197933141672,58915.618759885
0.1,CLASSICAL_LUT_FINE,2.625,6.48886528679075,16.2022124010162,0.07720360912075,0.0119552731644585,58911.6316389867
0.1,CLASSICAL_LUT_FINE,2.63,6.48814206387727,16.2016048514193,0.077261735161327,0.0112960338339434,58907.6762030037
0.1,CLASSICAL_LUT_FINE,2.635,6.48742374047875,16.2010026343817,0.0773165785291095,0.0106422295413786,58903.7533772483
0.1,CLASSICAL_LUT_FINE,2.64,6.48671049383075,16.2004058712533,0.0773681667820189,0.00999401315123549,58899.8640789074
0.1,CLASSICAL_LUT_FINE,2.645,6.48600249991621,16.1998146820611,0.0774165282388363,0.00935153613676754,58896.0092168206
0.1,CLASSICAL_LUT_FINE,2.65,6.48529993342203,16.1992291854797,0.0774616919721545,0.00871494854344057,58892.1896912606
0.1,CLASSICAL_LUT_FINE,2.655,6.48460296769598,16.198649498802,0.0775036878011488,0.00808439895270752,58888.4063937162
0.1,CLASSICAL_LUT_FINE,2.66,6.48391177470392,16.1980757379104,0.0775425462841667,0.00746003444613663,58884.6602066768
0.1,CLASSICAL_LUT_FINE,2.665,6.48322652498739,16.1975080172483,0.0775782987111398,0.00684200056993056,58880.9520034196
0.1,CLASSICAL_LUT_FINE,2.67,6.48254738762149,16.196946449792,0.0776109770958191,0.00623044129980599,58877.2826477988
0.1,CLASSICAL_LUT_FINE,2.675,6.48187453017321,16.1963911470228,0.0776406141678355,0.00562549900631382,58873.6529940379
0.1,CLASSICAL_LUT_FINE,2.68,6.48120811866006,16.1958422188998,0.077667243364588,0.00502731442047555,58870.0638865228
0.1,CLASSICAL_LUT_FINE,2.685,6.4805483175091,16.1952997738329,0.0776908988229612,0.00443602659993481,58866.5161595996
0.1,CLASSICAL_LUT_FINE,2.69,6.4798952895164,16.1947639186562,0.0777116153708747,0.00385177289547478,58863.0106373728
0.1,CLASSICAL_LUT_FINE,2.695,6.47924919580684,16.1942347586019,0.0777294285186657,0.00327468891796556,58859.5481335078
0.1,CLASSICAL_LUT_FINE,2.7,6.47861019579438,16.1937123972743,0.077744374450308,0.00270490850576621,58856.1294510346
0.1,CLASSICAL_LUT_FINE,2.705,6.47797844714271,16.1931969366248,0.0777564900144687,0.0021425636925656,58852.7553821554
0.1,CLASSICAL_LUT_FINE,2.71,6.47735410572636,16.1926884769265,0.0777658127154056,0.00158778467567267,58849.426708054
0.1,CLASSICAL_LUT_FINE,2.715,6.47673732559222,16.1921871167501,0.0777723807037067,0.00104069978477916,58846.1441987087
0.1,CLASSICAL_LUT_FINE,2.72,6.47612825892157,16.1916929529394,0.0777762327668753,0.000501435451175425,58842.908612707
0.1,CLASSICAL_LUT_FINE,2.725,6.4755270559925,16.1912060805878,0.0777774083197617,-2.98838225418763e-05,58839.7206970647
0.1,CLASSICAL_LUT_FINE,2.73,6.47493386514282,16.1907265930152,0.0777759473948453,-0.000553135492305401,58836.5811870462
0.1,CLASSICAL_LUT_FINE,2.735,6.47434883273352,16.1902545817449,0.0777718906323682,-0.00106819900189414,58833.4908059886
0.1,CLASSICAL_LUT_FINE,2.74,6.47377210311257,16.1897901364812,0.0777652792703238,-0.00157495581177614,58830.4502651293
0.1,CLASSICAL_LUT_FINE,2.745,6.47320381857939,16.1893333450879,0.0777561551343022,-0.00207328942745377,58827.4602634353
0.1,CLASSICAL_LUT_FINE,2.75,6.47264411934968,16.1888842935664,0.0777445606271952,-0.00256308542728156,58824.5214874363
0.1,CLASSICAL_LUT_FINE,2.755,6.47209314352085,16.1884430660348,0.0777305387187639,-0.00304423148978827,58821.6346110613
0.1,CLASSICAL_LUT_FINE,2.76,6.47155102703794,16.1880097447074,0.07771413293507,-0.0035166174204857,58818.8002954771
0.1,CLASSICAL_LUT_FINE,2.765,6.47101790366008,16.1875844098749,0.0776953873477755,-0.00398013517811791,58816.0191889313
0.1,CLASSICAL_LUT_FINE,2.77,6.47049390492749,16.1871671398841,0.0776743465633118,-0.00443467890042371,58813.2919265975
0.1,CLASSICAL_LUT_FINE,2.775,6.46997916012901,16.1867580111196,0.0776510557119214,-0.00488014492933786,58810.619130424
0.1,CLASSICAL_LUT_FINE,2.78,6.46947379627022,16.1863570979844,0.0776255604365749,-0.00531643183567354,58808.001408986
0.1,CLASSICAL_LUT_FINE,2.785,6.46897793804209,16.1859644728825,0.0775979068817667,-0.00574344044320974,58805.4393573407
0.1,CLASSICAL_LUT_FINE,2.79,6.46849170779022,16.1855802062005,0.0775681416821901,-0.00616107385228304,58802.9335568863
0.1,CLASSICAL_LUT_FINE,2.795,6.46801522548465,16.185204366291,0.0775363119512977,-0.00656923746281279,58800.4845752231
0.1,CLASSICAL_LUT_FINE,2.8,6.46754860869026,16.1848370194556,0.0775024652697462,-0.00696783899671871,58798.0929660197
0.1,CLASSICAL_LUT_FINE,2.805,6.46709197253776,16.1844782299289,0.0774666496737323,-0.00735678851983756,58795.759268881
0.1,CLASSICAL_LUT_FINE,2.81,6.46664542969528,16.1841280598628,0.0774289136432188,-0.00773599846322881,58793.4840092206
0.1,CLASSICAL_LUT_FINE,2.815,6.46620909034059,16.1837865693113,0.0773893060900571,-0.00810538364391888,58791.2676981365
0.1,CLASSICAL_LUT_FINE,2.82,6.46578306213391,16.183453816216,0.0773478763460062,-0.00846486128506108,58789.1108322896
0.1,CLASSICAL_LUT_FINE,2.825,6.4653674501913,16.1831298563919,0.0773046741506531,-0.00881435103551276,58787.0138937869
0.1,CLASSICAL_LUT_FINE,2.83,6.46496235705881,16.1828147435135,0.0772597496392365,-0.00915377498884418,58784.9773500669
0.1,CLASSICAL_LUT_FINE,2.835,6.4645678826871,16.1825085291025,0.077213153330377,-0.00948305770173086,58783.0016537896
0.1,CLASSICAL_LUT_FINE,2.84,6.46418412440681,16.1822112625146,0.0771649361137169,-0.00980212621176513,58781.0872427294
0.1,CLASSICAL_LUT_FINE,2.845,6.46381117690457,16.1819229909275,0.077115149237472,-0.0101109100546619,58779.234539672
0.1,CLASSICAL_LUT_FINE,2.85,6.46344913219959,16.1816437593298,0.0770638442958997,-0.0104093412808748,58777.4439523148
0.1,CLASSICAL_LUT_FINE,2.855,6.46309807962098,16.1813736105098,0.0770110732166846,-0.0106973544715938,58775.7158731704
0.1,CLASSICAL_LUT_FINE,2.86,6.46275810578571,16.1811125850452,0.0769568882482464,-0.0109748867541537,58774.0506794751
0.1,CLASSICAL_LUT_FINE,2.865,6.46242929457723,16.180860721293,0.0769013419469717,-0.0112418778168131,58772.4487330991
0.1,CLASSICAL_LUT_FINE,2.87,6.46211172712481,16.1806180553806,0.0768444871643739,-0.011498269922912,58770.9103804625
0.1,CLASSICAL_LUT_FINE,2.875,6.46180548178344,16.1803846211964,0.0767863770341835,-0.0117440079244595,58769.4359524532
0.1,CLASSICAL_LUT_FINE,2.88,6.46151063411459,16.1801604503824,0.0767270649593723,-0.011979039275035,58768.0257643498
0.1,CLASSICAL_LUT_FINE,2.885,6.46122725686751,16.1799455723256,0.0766666045991144,-0.012203314042134,58766.6801157472
0.1,CLASSICAL_LUT_FINE,2.89,6.4609554199613,16.1797400141516,0.0766050498556871,-0.0124167849188197,58765.3992904871
0.1,CLASSICAL_LUT_FINE,2.895,6.46069519046763,16.1795438007175,0.0765424548613153,-0.0126194072348316,58764.183556591
0.1,CLASSICAL_LUT_FINE,2.9,6.46044663259425,16.1793569546064,0.0764788739649617,-0.0128111389669865,58763.0331661981
0.1,CLASSICAL_LUT_FINE,2.905,6.46020980766909,16.1791794961213,0.0764143617190663,-0.0129919407489947,58761.948355506
0.1,CLASSICAL_LUT_FINE,2.91,6.45998477412516,16.1790114432806,0.0763489728662396,-0.0131617758806275,58760.9293447162
0.1,CLASSICAL_LUT_FINE,2.915,6.45977158748612,16.1788528118138,0.0762827623259096,-0.0133206103362689,58759.9763379824
0.1,CLASSICAL_LUT_FINE,2.92,6.45957030035258,16.1787036151571,0.0762157851809297,-0.0134684127727933,58759.0895233632
0.1,CLASSICAL_LUT_FINE,2.925,6.45938096238912,16.1785638644511,0.0761480966641471,-0.013605154536851,58758.2690727789
0.1,CLASSICAL_LUT_FINE,2.93,6.45920362031207,16.1784335685371,0.0760797521449374,-0.0137308096714843,58757.5151419711
0.1,CLASSICAL_LUT_FINE,2.935,6.45903831787792,16.1783127339558,0.0760108071157075,-0.0138453549221289,58756.8278704672
0.1,CLASSICAL_LUT_FINE,2.94,6.45888509587257,16.1782013649452,0.0759413171783698,-0.0139487697419245,58756.2073815484
0.1,CLASSICAL_LUT_FINE,2.945,6.45874399210127,16.1780994634399,0.0758713380307917,-0.0140410362964651,58755.6537822212
0.1,CLASSICAL_LUT_FINE,2.95,6.45861504137925,16.1780070290703,0.075800925453223,-0.0141221394678208,58755.1671631931
0.1,CLASSICAL_LUT_FINE,2.955,6.45849827552318,16.1779240591632,0.0757301352947047,-0.0141920668579925,58754.747598852
0.1,CLASSICAL_LUT_FINE,2.96,6.45839372334328,16.1778505487421,0.075659023459462,-0.0142508087916475,58754.3951472501
0.1,CLASSICAL_LUT_FINE,2.965,6.45830141063625,16.1777864905285,0.0755876458932855,-0.0142983583182925,58754.1098500902
0.1,CLASSICAL_LUT_FINE,2.97,6.45822136017885,16.177731874944,0.0755160585699028,-0.0143347112137242,58753.8917327177
0.1,CLASSICAL_LUT_FINE,2.975,6.45815359172235,16.177686690112,0.0754443174773452,-0.0143598659808912,58753.7408041146
0.1,CLASSICAL_LUT_FINE,2.98,6.45809812198759,16.1776509218613,0.0753724786043105,-0.0143738238500895,58753.6570568995
0.1,CLASSICAL_LUT_FINE,2.985,6.45805496466091,16.1776245537292,0.0753005979265277,-0.0143765887785197,58753.6404673289
0.1,CLASSICAL_LUT_FINE,2.99,6.45802413039072,16.1776075669656,0.0752287313931245,-0.0143681674491809,58753.6909953049
0.1,CLASSICAL_LUT_FINE,2.995,6.45800562678492,16.1775999405377,0.0751569349130025,-0.0143485692691545,58753.8085843851
0.1,CLASSICAL_LUT_FINE,3,6.45799945840901,16.177601651135,0.0750852643412229,-0.0143178063672114,58753.9931617967
0.1,CLASSICAL_LUT_FINE,3.005,6.45799945840901,16.1776123373866,0.0750137620080585,-0.0142839187751189,58754.1964873493
0.1,CLASSICAL_LUT_FINE,3.01,6.45799945840901,16.1776304398434,0.0749424181541196,-0.0142542519057756,58754.3744885653
0.1,CLASSICAL_LUT_FINE,3.015,6.45799945840901,16.1776544208959,0.0748712139278676,-0.0142279384766617,58754.53236914
0.1,CLASSICAL_LUT_FINE,3.02,6.45799945840901,16.1776830598516,0.074800134350019,-0.0142042899538541,58754.6742602769
0.1,CLASSICAL_LUT_FINE,3.025,6.45799945840901,16.1777153876166,0.0747291675154689,-0.0141827597106428,58754.8034417361
0.1,CLASSICAL_LUT_FINE,3.03,6.45799945840901,16.1777506348395,0.0746583039597029,-0.014162913779618,58754.9225173223
0.1,CLASSICAL_LUT_FINE,3.035,6.45799945840901,16.1777881907433,0.0745875361557953,-0.0141444076330082,58755.0335542019
0.1,CLASSICAL_LUT_FINE,3.04,6.45799945840901,16.1778275704428,0.0745168581150784,-0.0141269677487781,58755.1381935073
0.1,CLASSICAL_LUT_FINE,3.045,6.45799945840901,16.1778683889973,0.0744462650701155,-0.0141103769760829,58755.2377381435
0.1,CLASSICAL_LUT_FINE,3.05,6.45799945840901,16.1779103408124,0.0743757532230141,-0.0140944629169724,58755.3332224982
0.1,CLASSICAL_LUT_FINE,3.055,6.45799945840901,16.1779531832857,0.0743053195456125,-0.014079088702692,58755.4254677838
0.1,CLASSICAL_LUT_FINE,3.06,6.45799945840901,16.1779967238245,0.0742349616208491,-0.0140641456710018,58755.515125974
0.1,CLASSICAL_LUT_FINE,3.065,6.45799945840901,16.1780408095387,0.0741646775168252,-0.0140495475527533,58755.6027146835
0.1,CLASSICAL_LUT_FINE,3.07,6.45799945840901,16.1780853190574,0.0740944656868239,-0.0140352258566168,58755.6886448603
0.1,CLASSICAL_LUT_FINE,3.075,6.45799945840901,16.1781301560334,0.074024324889936,-0.0140211262050229,58755.7732427699
0.1,CLASSICAL_LUT_FINE,3.08,6.45799945840901,16.1781752439852,0.0739542541280442,-0.0140072054252904,58755.8567674483
0.1,CLASSICAL_LUT_FINE,3.085,6.45799945840901,16.1782205222031,0.0738842525957957,-0.013993429240271,58755.9394245584
0.1,CLASSICAL_LUT_FINE,3.09,6.45799945840901,16.1782659424982,0.073814319640885,-0.0139797704349682,58756.0213773902
0.1,CLASSICAL_LUT_FINE,3.095,6.45799945840901,16.1783114666219,0.0737444547325229,-0.0139662074010012,58756.102755594
0.1,CLASSICAL_LUT_FINE,3.1,6.45799945840901,16.1783570642175,0.073674657436404,-0.0139527229810739,58756.1836621136
0.1,CLASSICAL_LUT_FINE,3.105,6.45799945840901,16.178402711193,0.0736049273948333,-0.0139393035516022,58756.2641786904
0.1,CLASSICAL_LUT_FINE,3.11,6.45799945840901,16.1784483884307,0.073535264310949,-0.0139259382944026,58756.3443702336
0.1,CLASSICAL_LUT_FINE,3.115,6.45799945840901,16.1784940807614,0.0734656679361969,-0.0139126186184981,58756.424288289
0.1,CLASSICAL_LUT_FINE,3.12,6.45799945840901,16.1785397761506,0.0733961380603861,-0.0138993377010834,58756.5039737935
0.1,CLASSICAL_LUT_FINE,3.125,6.45799945840901,16.1785854650531,0.0733266745037947,-0.013886090123103,58756.5834592614
0.1,CLASSICAL_LUT_FINE,3.13,6.45799945840901,16.1786311398989,0.0732572771109021,-0.0138728715799452,58756.6627705203
0.1,CLASSICAL_LUT_FINE,3.135,6.45799945840901,16.1786767946869,0.0731879457454135,-0.0138596786517411,58756.7419280895
0.1,CLASSICAL_LUT_FINE,3.14,6.45799945840901,16.1787224246614,0.0731186802863095,-0.0138465086210218,58756.8209482739
0.1,CLASSICAL_LUT_FINE,3.145,6.45799945840901,16.178768026055,0.0730494806247099,-0.0138333593279647,58756.8998440322
0.1,CLASSICAL_LUT_FINE,3.15,6.45799945840901,16.1788135958854,0.072980346661384,-0.0138202290554457,58756.9786256673
0.1,CLASSICAL_LUT_FINE,3.155,6.45799945840901,16.1788591317933,0.0729112783047744,-0.0138071164378193,58757.0573013731
0.1,CLASSICAL_LUT_FINE,3.16,6.45799945840901,16.178904631914,0.0728422754694269,-0.0137940203884614,58757.1358776692
0.1,CLASSICAL_LUT_FINE,3.165,6.45799945840901,16.1789500947757,0.0727733380747454,-0.0137809400422775,58757.2143597463
0.1,CLASSICAL_LUT_FINE,3.17,6.45799945840901,16.178995519218,0.0727044660440028,-0.0137678747100427,58757.2927517397
0.1,CLASSICAL_LUT_FINE,3.175,6.45799945840901,16.1790409043284,0.0726356593035552,-0.0137548238421541,58757.3710569471
0.1,CLASSICAL_LUT_FINE,3.18,6.45799945840901,16.1790862493906,0.0725669177822192,-0.0137417869998639,58757.4492780008
0.1,CLASSICAL_LUT_FINE,3.185,6.45799945840901,16.1791315538443,0.0724982414107763,-0.0137287638324199,58757.5274170055
0.1,CLASSICAL_LUT_FINE,3.19,6.45799945840901,16.1791768172532,0.0724296301215805,-0.0137157540589481,58757.6054756463
0.1,CLASSICAL_LUT_FINE,3.195,6.45799945840901,16.1792220392791,0.0723610838482462,-0.0137027574540465,58757.6834552757
0.1,CLASSICAL_LUT_FINE,3.2,6.45799945840901,16.1792672196618,0.0722926025254003,-0.0136897738363473,58757.7613569819
0.1,CLASSICAL_LUT_FINE,3.205,6.45799945840901,16.1793123582033,0.0722241860884859,-0.0136768030594556,58757.8391816433
0.1,CLASSICAL_LUT_FINE,3.21,6.45799945840901,16.1793574547544,0.0721558344736058,-0.0136638450047286,58757.9169299716
0.1,CLASSICAL_LUT_FINE,3.215,6.45799945840901,16.1794025092053,0.0720875476173988,-0.0136508995755822,58757.9946025465
0.1,CLASSICAL_LUT_FINE,3.22,6.45799945840901,16.1794475214769,0.0720193254569415,-0.0136379666929187,58758.0721998425
0.1,CLASSICAL_LUT_FINE,3.225,6.45799945840901,16.1794924915147,0.0719511679296694,-0.0136250462915424,58758.1497222507
0.1,CLASSICAL_LUT_FINE,3.23,6.45799945840901,16.1795374192839,0.0718830749733157,-0.0136121383172956,58758.2271700962
0.1,CLASSICAL_LUT_FINE,3.235,6.45799945840901,16.1795823047649,0.0718150465258614,-0.0135992427247835,58758.3045436513
0.1,CLASSICAL_LUT_FINE,3.24,6.45799945840901,16.1796271479506,0.0717470825254967,-0.013586359475557,58758.3818431466
0.1,CLASSICAL_LUT_FINE,3.245,6.45799945840901,16.1796719488436,0.0716791829105894,-0.013573488536716,58758.4590687797
0.1,CLASSICAL_LUT_FINE,3.25,6.45799945840901,16.1797167074541,0.0716113476196605,-0.0135606298797359,58758.5362207216
0.1,CLASSICAL_LUT_FINE,3.255,6.45799945840901,16.1797614237986,0.0715435765913646,-0.013547783479579,58758.6132991225
0.1,CLASSICAL_LUT_FINE,3.26,6.45799945840901,16.1798060978984,0.0714758697644742,-0.0135349493139856,58758.6903041161
0.1,CLASSICAL_LUT_FINE,3.265,6.45799945840901,16.1798507297786,0.0714082270778676,-0.0135221273629007,58758.7672358226
0.1,CLASSICAL_LUT_FINE,3.27,6.45799945840901,16.1798953194672,0.0713406484705186,-0.0135093176080083,58758.8440943519
0.1,CLASSICAL_LUT_FINE,3.275,6.45799945840901,16.179939866995,0.0712731338814891,-0.0134965200323975,58758.9208798056
0.1,CLASSICAL_LUT_FINE,3.28,6.45799945840901,16.1799843723945,0.0712056832499225,-0.0134837346202499,58758.9975922785
0.1,CLASSICAL_LUT_FINE,3.285,6.45799945840901,16.1800288356994,0.0711382965150392,-0.0134709613566475,58759.0742318601
0.1,CLASSICAL_LUT_FINE,3.29,6.45799945840901,16.1800732569452,0.0710709736161324,-0.01345820022736,58759.1507986358
0.1,CLASSICAL_LUT_FINE,3.295,6.45799945840901,16.1801176361679,0.0710037144925648,-0.0134454512187165,58759.2272926877
0.1,CLASSICAL_LUT_FINE,3.3,6.45799945840901,16.1801619734042,0.0709365190837664,-0.0134327143175028,58759.303714095
0.1,CLASSICAL_LUT_FINE,3.305,6.45799945840901,16.1802062686918,0.0708693873292324,-0.0134199895108544,58759.3800629349
0.1,CLASSICAL_LUT_FINE,3.31,6.45799945840901,16.1802505220683,0.0708023191685214,-0.0134072767861948,58759.4563392828
0.1,CLASSICAL_LUT_FINE,3.315,6.45799945840901,16.1802947335721,0.0707353145412545,-0.0133945761311764,58759.5325432129
0.1,CLASSICAL_LUT_FINE,3.32,6.45799945840901,16.1803389032415,0.070668373387114,-0.0133818875336331,58759.6086747982
0.1,CLASSICAL_LUT_FINE,3.325,6.45799945840901,16.1803830311154,0.0706014956458426,-0.0133692109815513,58759.6847341107
0.1,CLASSICAL_LUT_FINE,3.33,6.45799945840901,16.1804271172326,0.0705346812572427,-0.013356546463033,58759.7607212218
0.1,CLASSICAL_LUT_FINE,3.335,6.45799945840901,16.180471161632,0.0704679301611761,-0.0133438939662796,58759.8366362023
0.1,CLASSICAL_LUT_FINE,3.34,6.45799945840901,16.1805151643527,0.0704012422975633,-0.013331253479576,58759.9124791225
0.1,CLASSICAL_LUT_FINE,3.345,6.45799945840901,16.1805591254337,0.0703346176063832,-0.013318624991264,58759.9882500524
0.1,CLASSICAL_LUT_FINE,3.35,6.45799945840901,16.1806030449143,0.0702680560276728,-0.0133060084897494,58760.0639490615
0.1,CLASSICAL_LUT_FINE,3.355,6.45799945840901,16.1806469228336,0.0702015575015271,-0.0132934039634769,58760.1395762191
0.1,CLASSICAL_LUT_FINE,3.36,6.45799945840901,16.1806907592308,0.0701351219680987,-0.013280811400934,58760.2151315944
0.1,CLASSICAL_LUT_FINE,3.365,6.45799945840901,16.180734554145,0.0700687493675975,-0.0132682307906364,58760.2906152562
0.1,CLASSICAL_LUT_FINE,3.37,6.45799945840901,16.1807783076155,0.0700024396402911,-0.0132556621211304,58760.3660272732
0.1,CLASSICAL_LUT_FINE,3.375,6.45799945840901,16.1808220196815,0.0699361927265041,-0.0132431053809903,58760.4413677141
0.1,CLASSICAL_LUT_FINE,3.38,6.45799945840901,16.1808656903819,0.0698700085666182,-0.0132305605587977,58760.5166366472
0.1,CLASSICAL_LUT_FINE,3.385,6.45799945840901,16.180909319756,0.069803887101072,-0.0132180276431733,58760.591834141
0.1,CLASSICAL_LUT_FINE,3.39,6.45799945840901,16.180952907843,0.0697378282703612,-0.013205506622743,58760.6669602635
0.1,CLASSICAL_LUT_FINE,3.395,6.45799945840901,16.1809964546817,0.0696718320150383,-0.013192997486156,58760.7420150831
0.1,CLASSICAL_LUT_FINE,3.4,6.45799945840901,16.1810399603114,0.0696058982757123,-0.0131805002220684,58760.8169986676
0.1,CLASSICAL_LUT_FINE,3.405,6.45799945840901,16.1810834247709,0.0695400269930491,-0.0131680148191595,58760.891911085
0.1,CLASSICAL_LUT_FINE,3.41,6.45799945840901,16.1811268480993,0.0694742181077711,-0.0131555412661157,58760.9667524033
0.1,CLASSICAL_LUT_FINE,3.415,6.45799945840901,16.1811702303356,0.0694084715606572,-0.0131430795516412,58761.0415226901
0.1,CLASSICAL_LUT_FINE,3.42,6.45799945840901,16.1812135715186,0.0693427872925427,-0.0131306296644471,58761.1162220133
0.1,CLASSICAL_LUT_FINE,3.425,6.45799945840901,16.1812568716872,0.0692771652443195,-0.0131181915932626,58761.1908504404
0.1,CLASSICAL_LUT_FINE,3.43,6.45799945840901,16.1813001308802,0.0692116053569356,-0.0131057653268254,58761.265408039
0.1,CLASSICAL_LUT_FINE,3.435,6.45799945840901,16.1813433491365,0.0691461075713955,-0.0130933508538842,58761.3398948767
0.1,CLASSICAL_LUT_FINE,3.44,6.45799945840901,16.1813865264948,0.0690806718287598,-0.0130809481632053,58761.4143110208
0.1,CLASSICAL_LUT_FINE,3.445,6.45799945840901,16.1814296629939,0.0690152980701453,-0.0130685572435532,58761.4886565387
0.1,CLASSICAL_LUT_FINE,3.45,6.45799945840901,16.1814727586725,0.0689499862367247,-0.0130561780837208,58761.5629314977
0.1,CLASSICAL_LUT_FINE,3.455,6.45799945840901,16.1815158135691,0.0688847362697272,-0.0130438106724959,58761.637135965
0.1,CLASSICAL_LUT_FINE,3.46,6.45799945840901,16.1815588277225,0.0688195481104376,-0.0130314549986892,58761.7112700079
0.1,CLASSICAL_LUT_FINE,3.465,6.45799945840901,16.1816018011713,0.0687544217001967,-0.0130191110511166,58761.7853336933
0.1,CLASSICAL_LUT_FINE,3.47,6.45799945840901,16.1816447339539,0.0686893569804014,-0.0130067788186068,58761.8593270884
0.1,CLASSICAL_LUT_FINE,3.475,6.45799945840901,16.181687626109,0.0686243538925043,-0.0129944582899988,58761.93325026
0.1,CLASSICAL_LUT_FINE,3.48,6.45799945840901,16.181730477675,0.0685594123780136,-0.012982149454146,58762.0071032751
0.1,CLASSICAL_LUT_FINE,3.485,6.45799945840901,16.1817732886902,0.0684945323784936,-0.0129698522999018,58762.0808862006
0.1,CLASSICAL_LUT_FINE,3.49,6.45799945840901,16.1818160591933,0.068429713835564,-0.012957566816139,58762.1545991032
0.1,CLASSICAL_LUT_FINE,3.495,6.45799945840901,16.1818587892224,0.0683649566909001,-0.0129452929917449,58762.2282420495
0.1,CLASSICAL_LUT_FINE,3.5,6.45799945840901,16.181901478816,0.0683002608862329,-0.0129330308156081,58762.3018151063
0.1,CLASSICAL_LUT_FINE,3.505,6.45799945840901,16.1819441280124,0.0682356263633489,-0.012920780276632,58762.3753183402
0.1,CLASSICAL_LUT_FINE,3.51,6.45799945840901,16.1819867368497,0.0681710530640899,-0.012908541363732,58762.4487518176
0.1,CLASSICAL_LUT_FINE,3.515,6.45799945840901,16.1820293053663,0.0681065409303534,-0.0128963140658342,58762.522115605
0.1,CLASSICAL_LUT_FINE,3.52,6.45799945840901,16.1820718336004,0.0680420899040919,-0.0128840983718668,58762.5954097688
0.1,CLASSICAL_LUT_FINE,3.525,6.45799945840901,16.18211432159,0.0679776999273134,-0.0128718942707806,58762.6686343753
0.1,CLASSICAL_LUT_FINE,3.53,6.45799945840901,16.1821567693733,0.0679133709420811,-0.0128597017515393,58762.7417894908
0.1,CLASSICAL_LUT_FINE,3.535,6.45799945840901,16.1821991769884,0.0678491028905134,-0.0128475208031009,58762.8148751814
0.1,CLASSICAL_LUT_FINE,3.54,6.45799945840901,16.1822415444733,0.0677848957147839,-0.012835351414445,58762.8878915133
0.1,CLASSICAL_LUT_FINE,3.545,6.45799945840901,16.1822838718661,0.0677207493571212,-0.0128231935745653,58762.9608385526
0.1,CLASSICAL_LUT_FINE,3.55,6.45799945840901,16.1823261592047,0.0676566637598088,-0.0128110472724554,58763.0337163653
0.1,CLASSICAL_LUT_FINE,3.555,6.45799945840901,16.182368406527,0.0675926388651854,-0.0127989124971268,58763.1065250172
0.1,CLASSICAL_LUT_FINE,3.56,6.45799945840901,16.182410613871,0.0675286746156447,-0.0127867892375981,58763.1792645744
0.1,CLASSICAL_LUT_FINE,3.565,6.45799945840901,16.1824527812745,0.0674647709536349,-0.0127746774829021,58763.2519351026
0.1,CLASSICAL_LUT_FINE,3.57,6.45799945840901,16.1824949087754,0.0674009278216593,-0.0127625772220767,58763.3245366675
0.1,CLASSICAL_LUT_FINE,3.575,6.45799945840901,16.1825369964114,0.067337145162276,-0.0127504884441816,58763.3970693349
0.1,CLASSICAL_LUT_FINE,3.58,6.45799945840901,16.1825790442203,0.0672734229180977,-0.0127384111382689,58763.4695331704
0.1,CLASSICAL_LUT_FINE,3.585,6.45799945840901,16.1826210522398,0.0672097610317917,-0.0127263452934177,58763.5419282395
0.1,CLASSICAL_LUT_FINE,3.59,6.45799945840901,16.1826630205077,0.0671461594460801,-0.0127142908987103,58763.6142546077
0.1,CLASSICAL_LUT_FINE,3.595,6.45799945840901,16.1827049490615,0.0670826181037393,-0.0127022479432366,58763.6865123406
0.1,CLASSICAL_LUT_FINE,3.6,6.45799945840901,16.1827468379388,0.0670191369476006,-0.0126902164161073,58763.7587015033
0.1,CLASSICAL_LUT_FINE,3.605,6.45799945840901,16.1827886871773,0.0669557159205493,-0.0126781963064353,58763.8308221614
0.1,CLASSICAL_LUT_FINE,3.61,6.45799945840901,16.1828304968146,0.0668923549655254,-0.0126661876033403,58763.90287438
0.1,CLASSICAL_LUT_FINE,3.615,6.45799945840901,16.182872266888,0.0668290540255232,-0.0126541902959616,58763.9748582242
0.1,CLASSICAL_LUT_FINE,3.62,6.45799945840901,16.1829139974351,0.0667658130435911,-0.0126422043734458,58764.0467737593
0.1,CLASSICAL_LUT_FINE,3.625,6.45799945840901,16.1829556884933,0.0667026319628321,-0.0126302298249499,58764.1186210503
0.1,CLASSICAL_LUT_FINE,3.63,6.45799945840901,16.1829973401,0.0666395107264031,-0.0126182666396399,58764.1904001622
0.1,CLASSICAL_LUT_FINE,3.635,6.45799945840901,16.1830389522926,0.0665764492775153,-0.0126063148066908,58764.2621111599
0.1,CLASSICAL_LUT_FINE,3.64,6.45799945840901,16.1830805251084,0.0665134475594338,-0.0125943743152916,58764.3337541083
0.1,CLASSICAL_LUT_FINE,3.645,6.45799945840901,16.1831220585848,0.0664505055154779,-0.0125824451546386,58764.4053290722
0.1,CLASSICAL_LUT_FINE,3.65,6.45799945840901,16.1831635527588,0.0663876230890209,-0.0125705273139456,58764.4768361163
0.1,CLASSICAL_LUT_FINE,3.655,6.45799945840901,16.1832050076679,0.06632480022349,-0.0125586207824249,58764.5482753054
0.1,CLASSICAL_LUT_FINE,3.66,6.45799945840901,16.1832464233492,0.0662620368623661,-0.0125467255493064,58764.6196467042
0.1,CLASSICAL_LUT_FINE,3.665,6.45799945840901,16.1832877998398,0.0661993329491843,-0.0125348416038342,58764.690950377
0.1,CLASSICAL_LUT_FINE,3.67,6.45799945840901,16.1833291371768,0.0661366884275331,-0.0125229689352508,58764.7621863885
0.1,CLASSICAL_LUT_FINE,3.675,6.45799945840901,16.1833704353974,0.066074103241055,-0.0125111075328235,58764.8333548031
0.1,CLASSICAL_LUT_FINE,3.68,6.45799945840901,16.1834116945385,0.066011577333446,-0.0124992573858176,58764.9044556851
0.1,CLASSICAL_LUT_FINE,3.685,6.45799945840901,16.1834529146373,0.0659491106484558,-0.0124874184835182,58764.9754890989
0.1,CLASSICAL_LUT_FINE,3.69,6.45799945840901,16.1834940957306,0.0658867031298876,-0.0124755908152068,58765.0464551087
0.1,CLASSICAL_LUT_FINE,3.695,6.45799945840901,16.1835352378554,0.0658243547215983,-0.0124637743701932,58765.1173537788
0.1,CLASSICAL_LUT_FINE,3.7,6.45799945840901,16.1835763410486,0.0657620653674981,-0.0124519691377873,58765.1881851733
0.1,CLASSICAL_LUT_FINE,3.705,6.45799945840901,16.1836174053472,0.0656998350115507,-0.0124401751073115,58765.2589493561
0.1,CLASSICAL_LUT_FINE,3.71,6.45799945840901,16.1836584307879,0.0656376635977731,-0.0124283922680917,58765.3296463914
0.1,CLASSICAL_LUT_FINE,3.715,6.45799945840901,16.1836994174075,0.0655755510702356,-0.0124166206094767,58765.4002763431
0.1,CLASSICAL_LUT_FINE,3.72,6.45799945840901,16.1837403652428,0.0655134973730618,-0.0124048601208138,58765.4708392751
0.1,CLASSICAL_LUT_FINE,3.725,6.45799945840901,16.1837812743305,0.0654515024504287,-0.0123931107914732,58765.5413352512
0.1,CLASSICAL_LUT_FINE,3.73,6.45799945840901,16.1838221447074,0.0653895662465661,-0.0123813726108182,58765.6117643351
0.1,CLASSICAL_LUT_FINE,3.735,6.45799945840901,16.18386297641,0.0653276887057572,-0.0123696455682367,58765.6821265906
0.1,CLASSICAL_LUT_FINE,3.74,6.45799945840901,16.1839037694751,0.0652658697723381,-0.0123579296531204,58765.7524220813
0.1,CLASSICAL_LUT_FINE,3.745,6.45799945840901,16.1839445239392,0.065204109390698,-0.0123462248548698,58765.8226508708
0.1,CLASSICAL_LUT_FINE,3.75,6.45799945840901,16.1839852398389,0.065142407505279,-0.0123345311629048,58765.8928130226
0.1,CLASSICAL_LUT_FINE,3.755,6.45799945840901,16.1840259172107,0.0650807640605762,-0.0123228485666473,58765.9629086001
0.1,CLASSICAL_LUT_FINE,3.76,6.45799945840901,16.1840665560911,0.0650191790011375,-0.0123111770555298,58766.0329376668
0.1,CLASSICAL_LUT_FINE,3.765,6.45799945840901,16.1841071565165,0.0649576522715634,-0.0122995166189916,58766.102900286
0.1,CLASSICAL_LUT_FINE,3.77,6.45799945840901,16.1841477185233,0.0648961838165076,-0.0122878672464921,58766.172796521
0.1,CLASSICAL_LUT_FINE,3.775,6.45799945840901,16.1841882421481,0.0648347735806761,-0.0122762289274956,58766.242626435
0.1,CLASSICAL_LUT_FINE,3.78,6.45799945840901,16.184228727427,0.0647734215088278,-0.0122646016514771,58766.3123900911
0.1,CLASSICAL_LUT_FINE,3.785,6.45799945840901,16.1842691743964,0.064712127545774,-0.0122529854079172,58766.3820875525
0.1,CLASSICAL_LUT_FINE,3.79,6.45799945840901,16.1843095830927,0.0646508916363788,-0.0122413801863086,58766.4517188821
0.1,CLASSICAL_LUT_FINE,3.795,6.45799945840901,16.1843499535519,0.0645897137255586,-0.0122297859761638,58766.521284143
0.1,CLASSICAL_LUT_FINE,3.8,6.45799945840901,16.1843902858105,0.0645285937582824,-0.0122182027669879,58766.5907833981
0.1,CLASSICAL_LUT_FINE,3.805,6.45799945840901,16.1844305799045,0.0644675316795714,-0.0122066305483148,58766.6602167101
0.1,CLASSICAL_LUT_FINE,3.81,6.45799945840901,16.1844708358701,0.0644065274344993,-0.0121950693096728,58766.729584142
0.1,CLASSICAL_LUT_FINE,3.815,6.45799945840901,16.1845110537433,0.0643455809681921,-0.0121835190406081,58766.7988857563
0.1,CLASSICAL_LUT_FINE,3.82,6.45799945840901,16.1845512335604,0.0642846922258281,-0.0121719797306756,58766.8681216159
0.1,CLASSICAL_LUT_FINE,3.825,6.45799945840901,16.1845913753572,0.0642238611526377,-0.0121604513694376,58766.9372917834
0.1,CLASSICAL_LUT_FINE,3.83,6.45799945840901,16.1846314791699,0.0641630876939034,-0.012148933946472,58767.0063963212
0.1,CLASSICAL_LUT_FINE,3.835,6.45799945840901,16.1846715450343,0.06410237179496,-0.0121374274513641,58767.0754352918
0.1,CLASSICAL_LUT_FINE,3.84,6.45799945840901,16.1847115729865,0.0640417134011941,-0.0121259318737081,58767.1444087577
0.1,CLASSICAL_LUT_FINE,3.845,6.45799945840901,16.1847515630624,0.0639811124580446,-0.0121144472031052,58767.2133167814
0.1,CLASSICAL_LUT_FINE,3.85,6.45799945840901,16.1847915152977,0.0639205689110021,-0.0121029734291724,58767.282159425
0.1,CLASSICAL_LUT_FINE,3.855,6.45799945840901,16.1848314297284,0.0638600827056092,-0.0120915105415396,58767.3509367508
0.1,CLASSICAL_LUT_FINE,3.86,6.45799945840901,16.1848713063903,0.0637996537874603,-0.0120800585298291,58767.419648821
0.1,CLASSICAL_LUT_FINE,3.865,6.45799945840901,16.184911145319,0.0637392821022017,-0.012068617383699,58767.4882956978
0.1,CLASSICAL_LUT_FINE,3.87,6.45799945840901,16.1849509465505,0.0636789675955313,-0.0120571870927932,58767.5568774432
0.1,CLASSICAL_LUT_FINE,3.875,6.45799945840901,16.1849907101202,0.063618710213199,-0.0120457676467822,58767.6253941193
0.1,CLASSICAL_LUT_FINE,3.88,6.45799945840901,16.185030436064,0.0635585099010061,-0.0120343590353365,58767.693845788
0.1,CLASSICAL_LUT_FINE,3.885,6.45799945840901,16.1850701244175,0.0634983666048054,-0.0120229612481406,58767.7622325112
0.1,CLASSICAL_LUT_FINE,3.89,6.45799945840901,16.1851097752162,0.0634382802705015,-0.0120115742748901,58767.8305543507
0.1,CLASSICAL_LUT_FINE,3.895,6.45799945840901,16.1851493884958,0.0633782508440505,-0.0120001981052908,58767.8988113682
0.1,CLASSICAL_LUT_FINE,3.9,6.45799945840901,16.1851889642917,0.0633182782714598,-0.0119888327290543,58767.9670036257
0.1,CLASSICAL_LUT_FINE,3.905,6.45799945840901,16.1852285026394,0.0632583624987883,-0.0119774781359023,58768.0351311846
0.1,CLASSICAL_LUT_FINE,3.91,6.45799945840901,16.1852680035745,0.0631985034721462,-0.011966134315573,58768.1031941066
0.1,CLASSICAL_LUT_FINE,3.915,6.45799945840901,16.1853074671324,0.0631387011376951,-0.0119548012578043,58768.1711924532
0.1,CLASSICAL_LUT_FINE,3.92,6.45799945840901,16.1853468933483,0.0630789554416477,-0.0119434789523485,58768.2391262859
0.1,CLASSICAL_LUT_FINE,3.925,6.45799945840901,16.1853862822578,0.0630192663302682,-0.0119321673889807,58768.3069956661
0.1,CLASSICAL_LUT_FINE,3.93,6.45799945840901,16.1854256338962,0.0629596337498717,-0.0119208665574586,58768.3748006552
0.1,CLASSICAL_LUT_FINE,3.935,6.45799945840901,16.1854649482987,0.0629000576468244,-0.0119095764475716,58768.4425413146
0.1,CLASSICAL_LUT_FINE,3.94,6.45799945840901,16.1855042255006,0.0628405379675437,-0.0118982970491164,58768.5102177053
0.1,CLASSICAL_LUT_FINE,3.945,6.45799945840901,16.1855434655371,0.0627810746584979,-0.0118870283518877,58768.5778298887
0.1,CLASSICAL_LUT_FINE,3.95,6.45799945840901,16.1855826684434,0.0627216676662065,-0.0118757703457018,58768.6453779258
0.1,CLASSICAL_LUT_FINE,3.955,6.45799945840901,16.1856218342548,0.0626623169372396,-0.0118645230203764,58768.7128618777
0.1,CLASSICAL_LUT_FINE,3.96,6.45799945840901,16.1856609630063,0.0626030224182184,-0.0118532863657492,58768.7802818055
0.1,CLASSICAL_LUT_FINE,3.965,6.45799945840901,16.185700054733,0.0625437840558147,-0.0118420603716558,58768.8476377701
0.1,CLASSICAL_LUT_FINE,3.97,6.45799945840901,16.18573910947,0.0624846017967513,-0.0118308450279478,58768.9149298323
0.1,CLASSICAL_LUT_FINE,3.975,6.45799945840901,16.1857781272523,0.0624254755878016,-0.0118196403244912,58768.982158053
0.1,CLASSICAL_LUT_FINE,3.98,6.45799945840901,16.1858171081149,0.0623664053757896,-0.0118084462511518,58769.0493224931
0.1,CLASSICAL_LUT_FINE,3.985,6.45799945840901,16.1858560520928,0.0623073911075902,-0.011797262797808,58769.1164232131
0.1,CLASSICAL_LUT_FINE,3.99,6.45799945840901,16.1858949592209,0.0622484327301285,-0.0117860899543523,58769.1834602739
0.1,CLASSICAL_LUT_FINE,3.995,6.45799945840901,16.1859338295342,0.0621895301903805,-0.0117749277106842,58769.2504337359
0.1,CLASSICAL_LUT_FINE,4,6.45799945840901,16.1859726630673,0.0621306834353723,-0.0117637760567177,58769.3173436597
0.1,D11_SMALL_ANGLE,0,6.45799945840901,16.226991584938,0,1.77635683940025e-15,58839.9
0.1,D11_SMALL_ANGLE,0.005,6.45799945840901,16.226991584938,8.88178419700125e-18,1.77635683940025e-15,58839.9
0.1,D11_SMALL_ANGLE,0.01,6.45799945840901,16.226991584938,1.77635683940025e-17,1.77635683940025e-15,58839.9
0.1,D11_SMALL_ANGLE,0.015,6.45799945840901,16.226991584938,2.66453525910038e-17,1.77635683940025e-15,58839.9
0.1,D11_SMALL_ANGLE,0.02,6.45799945840901,16.226991584938,3.5527136788005e-17,1.77635683940025e-15,58839.9
0.1,D11_SMALL_ANGLE,0.025,6.45799945840901,16.226991584938,4.44089209850063e-17,1.77635683940025e-15,58839.9
0.1,D11_SMALL_ANGLE,0.03,6.45799945840901,16.226991584938,5.32907051820075e-17,1.77635683940025e-15,58839.9
0.1,D11_SMALL_ANGLE,0.035,6.45799945840901,16.226991584938,6.21724893790088e-17,1.77635683940025e-15,58839.9
0.1,D11_SMALL_ANGLE,0.04,6.45799945840901,16.226991584938,7.105427357601e-17,1.77635683940025e-15,58839.9
0.1,D11_SMALL_ANGLE,0.045,6.45799945840901,16.226991584938,7.99360577730113e-17,1.77635683940025e-15,58839.9
0.1,D11_SMALL_ANGLE,0.05,6.45799945840901,16.226991584938,8.88178419700125e-17,1.77635683940025e-15,58839.9
0.1,D11_SMALL_ANGLE,0.055,6.45799945840901,16.226991584938,9.76996261670138e-17,1.77635683940025e-15,58839.9
0.1,D11_SMALL_ANGLE,0.06,6.45799945840901,16.226991584938,1.06581410364015e-16,1.77635683940025e-15,58839.9
0.1,D11_SMALL_ANGLE,0.065,6.45799945840901,16.226991584938,1.15463194561016e-16,1.77635683940025e-15,58839.9
0.1,D11_SMALL_ANGLE,0.07,6.45799945840901,16.226991584938,1.24344978758018e-16,1.77635683940025e-15,58839.9
0.1,D11_SMALL_ANGLE,0.075,6.45799945840901,16.226991584938,1.33226762955019e-16,1.77635683940025e-15,58839.9
0.1,D11_SMALL_ANGLE,0.08,6.45799945840901,16.226991584938,1.4210854715202e-16,1.77635683940025e-15,58839.9
0.1,D11_SMALL_ANGLE,0.085,6.45799945840901,16.226991584938,1.50990331349021e-16,1.77635683940025e-15,58839.9
0.1,D11_SMALL_ANGLE,0.09,6.45799945840901,16.226991584938,1.59872115546023e-16,1.77635683940025e-15,58839.9
0.1,D11_SMALL_ANGLE,0.095,6.45799945840901,16.226991584938,1.68753899743024e-16,1.77635683940025e-15,58839.9
0.1,D11_SMALL_ANGLE,0.1,6.45799945840901,16.226991584938,1.77635683940025e-16,1.77635683940025e-15,58839.9
0.1,D11_SMALL_ANGLE,0.105,6.45799945840901,16.226991584938,1.86517468137026e-16,1.77635683940025e-15,58839.9
0.1,D11_SMALL_ANGLE,0.11,6.45799945840901,16.226991584938,1.95399252334028e-16,1.77635683940025e-15,58839.9
0.1,D11_SMALL_ANGLE,0.115,6.45799945840901,16.226991584938,2.04281036531029e-16,1.77635683940025e-15,58839.9
0.1,D11_SMALL_ANGLE,0.12,6.45799945840901,16.226991584938,2.1316282072803e-16,1.77635683940025e-15,58839.9
0.1,D11_SMALL_ANGLE,0.125,6.45799945840901,16.226991584938,2.22044604925031e-16,1.77635683940025e-15,58839.9
0.1,D11_SMALL_ANGLE,0.13,6.45799945840901,16.226991584938,2.30926389122033e-16,1.77635683940025e-15,58839.9
0.1,D11_SMALL_ANGLE,0.135,6.45799945840901,16.226991584938,2.39808173319034e-16,1.77635683940025e-15,58839.9
0.1,D11_SMALL_ANGLE,0.14,6.45799945840901,16.226991584938,2.48689957516035e-16,1.77635683940025e-15,58839.9
0.1,D11_SMALL_ANGLE,0.145,6.45799945840901,16.226991584938,2.57571741713036e-16,1.77635683940025e-15,58839.9
0.1,D11_SMALL_ANGLE,0.15,6.45799945840901,16.226991584938,2.66453525910038e-16,1.77635683940025e-15,58839.9
0.1,D11_SMALL_ANGLE,0.155,6.45799945840901,16.226991584938,2.75335310107039e-16,1.77635683940025e-15,58839.9
0.1,D11_SMALL_ANGLE,0.16,6.45799945840901,16.226991584938,2.8421709430404e-16,1.77635683940025e-15,58839.9
0.1,D11_SMALL_ANGLE,0.165,6.45799945840901,16.226991584938,2.93098878501041e-16,1.77635683940025e-15,58839.9
0.1,D11_SMALL_ANGLE,0.17,6.45799945840901,16.226991584938,3.01980662698043e-16,1.77635683940025e-15,58839.9
0.1,D11_SMALL_ANGLE,0.175,6.45799945840901,16.226991584938,3.10862446895044e-16,1.77635683940025e-15,58839.9
0.1,D11_SMALL_ANGLE,0.18,6.45799945840901,16.226991584938,3.19744231092045e-16,1.77635683940025e-15,58839.9
0.1,D11_SMALL_ANGLE,0.185,6.45799945840901,16.226991584938,3.28626015289046e-16,1.77635683940025e-15,58839.9
0.1,D11_SMALL_ANGLE,0.19,6.45799945840901,16.226991584938,3.37507799486048e-16,1.77635683940025e-15,58839.9
0.1,D11_SMALL_ANGLE,0.195,6.45799945840901,16.226991584938,3.46389583683049e-16,1.77635683940025e-15,58839.9
0.1,D11_SMALL_ANGLE,0.2,6.45799945840901,16.226991584938,3.5527136788005e-16,1.77635683940025e-15,58839.9
0.1,D11_SMALL_ANGLE,0.205,6.45799945840901,16.226991584938,3.64153152077051e-16,1.77635683940025e-15,58839.9
0.1,D11_SMALL_ANGLE,0.21,6.45799945840901,16.226991584938,3.73034936274053e-16,1.77635683940025e-15,58839.9
0.1,D11_SMALL_ANGLE,0.215,6.45799945840901,16.226991584938,3.81916720471054e-16,1.77635683940025e-15,58839.9
0.1,D11_SMALL_ANGLE,0.22,6.45799945840901,16.226991584938,3.90798504668055e-16,1.77635683940025e-15,58839.9
0.1,D11_SMALL_ANGLE,0.225,6.45799945840901,16.226991584938,3.99680288865056e-16,1.77635683940025e-15,58839.9
0.1,D11_SMALL_ANGLE,0.23,6.45799945840901,16.226991584938,4.08562073062058e-16,1.77635683940025e-15,58839.9
0.1,D11_SMALL_ANGLE,0.235,6.45799945840901,16.226991584938,4.17443857259059e-16,1.77635683940025e-15,58839.9
0.1,D11_SMALL_ANGLE,0.24,6.45799945840901,16.226991584938,4.2632564145606e-16,1.77635683940025e-15,58839.9
0.1,D11_SMALL_ANGLE,0.245,6.45799945840901,16.226991584938,4.35207425653061e-16,1.77635683940025e-15,58839.9
0.1,D11_SMALL_ANGLE,0.25,6.45799945840901,16.226991584938,4.44089209850063e-16,1.77635683940025e-15,58839.9
0.1,D11_SMALL_ANGLE,0.255,6.45799945840901,16.226991584938,4.52970994047064e-16,1.77635683940025e-15,58839.9
0.1,D11_SMALL_ANGLE,0.26,6.45799945840901,16.226991584938,4.61852778244065e-16,1.77635683940025e-15,58839.9
0.1,D11_SMALL_ANGLE,0.265,6.45799945840901,16.226991584938,4.70734562441066e-16,1.77635683940025e-15,58839.9
0.1,D11_SMALL_ANGLE,0.27,6.45799945840901,16.226991584938,4.79616346638068e-16,1.77635683940025e-15,58839.9
0.1,D11_SMALL_ANGLE,0.275,6.45799945840901,16.226991584938,4.88498130835069e-16,1.77635683940025e-15,58839.9
0.1,D11_SMALL_ANGLE,0.28,6.45799945840901,16.226991584938,4.9737991503207e-16,1.77635683940025e-15,58839.9
0.1,D11_SMALL_ANGLE,0.285,6.45799945840901,16.226991584938,5.06261699229071e-16,1.77635683940025e-15,58839.9
0.1,D11_SMALL_ANGLE,0.29,6.45799945840901,16.226991584938,5.15143483426073e-16,1.77635683940025e-15,58839.9
0.1,D11_SMALL_ANGLE,0.295,6.45799945840901,16.226991584938,5.24025267623074e-16,1.77635683940025e-15,58839.9
0.1,D11_SMALL_ANGLE,0.3,6.45799945840901,16.226991584938,5.32907051820075e-16,1.77635683940025e-15,58839.9
0.1,D11_SMALL_ANGLE,0.305,6.45799945840901,16.226991584938,5.41788836017076e-16,1.77635683940025e-15,58839.9
0.1,D11_SMALL_ANGLE,0.31,6.45799945840901,16.226991584938,5.50670620214078e-16,1.77635683940025e-15,58839.9
0.1,D11_SMALL_ANGLE,0.315,6.45799945840901,16.226991584938,5.59552404411079e-16,1.77635683940025e-15,58839.9
0.1,D11_SMALL_ANGLE,0.32,6.45799945840901,16.226991584938,5.6843418860808e-16,1.77635683940025e-15,58839.9
0.1,D11_SMALL_ANGLE,0.325,6.45799945840901,16.226991584938,5.77315972805081e-16,1.77635683940025e-15,58839.9
0.1,D11_SMALL_ANGLE,0.33,6.45799945840901,16.226991584938,5.86197757002083e-16,1.77635683940025e-15,58839.9
0.1,D11_SMALL_ANGLE,0.335,6.45799945840901,16.226991584938,5.95079541199084e-16,1.77635683940025e-15,58839.9
0.1,D11_SMALL_ANGLE,0.34,6.45799945840901,16.226991584938,6.03961325396085e-16,1.77635683940025e-15,58839.9
0.1,D11_SMALL_ANGLE,0.345,6.45799945840901,16.226991584938,6.12843109593086e-16,1.77635683940025e-15,58839.9
0.1,D11_SMALL_ANGLE,0.35,6.45799945840901,16.226991584938,6.21724893790088e-16,1.77635683940025e-15,58839.9
0.1,D11_SMALL_ANGLE,0.355,6.45799945840901,16.226991584938,6.30606677987089e-16,1.77635683940025e-15,58839.9
0.1,D11_SMALL_ANGLE,0.36,6.45799945840901,16.226991584938,6.3948846218409e-16,1.77635683940025e-15,58839.9
0.1,D11_SMALL_ANGLE,0.365,6.45799945840901,16.226991584938,6.48370246381091e-16,1.77635683940025e-15,58839.9
0.1,D11_SMALL_ANGLE,0.37,6.45799945840901,16.226991584938,6.57252030578093e-16,1.77635683940025e-15,58839.9
0.1,D11_SMALL_ANGLE,0.375,6.45799945840901,16.226991584938,6.66133814775094e-16,1.77635683940025e-15,58839.9
0.1,D11_SMALL_ANGLE,0.38,6.45799945840901,16.226991584938,6.75015598972095e-16,1.77635683940025e-15,58839.9
0.1,D11_SMALL_ANGLE,0.385,6.45799945840901,16.226991584938,6.83897383169096e-16,1.77635683940025e-15,58839.9
0.1,D11_SMALL_ANGLE,0.39,6.45799945840901,16.226991584938,6.92779167366098e-16,1.77635683940025e-15,58839.9
0.1,D11_SMALL_ANGLE,0.395,6.45799945840901,16.226991584938,7.01660951563099e-16,1.77635683940025e-15,58839.9
0.1,D11_SMALL_ANGLE,0.4,6.45799945840901,16.226991584938,7.105427357601e-16,1.77635683940025e-15,58839.9
0.1,D11_SMALL_ANGLE,0.405,6.45799945840901,16.226991584938,7.19424519957101e-16,1.77635683940025e-15,58839.9
0.1,D11_SMALL_ANGLE,0.41,6.45799945840901,16.226991584938,7.28306304154103e-16,1.77635683940025e-15,58839.9
0.1,D11_SMALL_ANGLE,0.415,6.45799945840901,16.226991584938,7.37188088351104e-16,1.77635683940025e-15,58839.9
0.1,D11_SMALL_ANGLE,0.42,6.45799945840901,16.226991584938,7.46069872548105e-16,1.77635683940025e-15,58839.9
0.1,D11_SMALL_ANGLE,0.425,6.45799945840901,16.226991584938,7.54951656745106e-16,1.77635683940025e-15,58839.9
0.1,D11_SMALL_ANGLE,0.43,6.45799945840901,16.226991584938,7.63833440942108e-16,1.77635683940025e-15,58839.9
0.1,D11_SMALL_ANGLE,0.435,6.45799945840901,16.226991584938,7.72715225139109e-16,1.77635683940025e-15,58839.9
0.1,D11_SMALL_ANGLE,0.44,6.45799945840901,16.226991584938,7.8159700933611e-16,1.77635683940025e-15,58839.9
0.1,D11_SMALL_ANGLE,0.445,6.45799945840901,16.226991584938,7.90478793533111e-16,1.77635683940025e-15,58839.9
0.1,D11_SMALL_ANGLE,0.45,6.45799945840901,16.226991584938,7.99360577730113e-16,1.77635683940025e-15,58839.9
0.1,D11_SMALL_ANGLE,0.455,6.45799945840901,16.226991584938,8.08242361927114e-16,1.77635683940025e-15,58839.9
0.1,D11_SMALL_ANGLE,0.46,6.45799945840901,16.226991584938,8.17124146124115e-16,1.77635683940025e-15,58839.9
0.1,D11_SMALL_ANGLE,0.465,6.45799945840901,16.226991584938,8.26005930321117e-16,1.77635683940025e-15,58839.9
0.1,D11_SMALL_ANGLE,0.47,6.45799945840901,16.226991584938,8.34887714518118e-16,1.77635683940025e-15,58839.9
0.1,D11_SMALL_ANGLE,0.475,6.45799945840901,16.226991584938,8.43769498715119e-16,1.77635683940025e-15,58839.9
0.1,D11_SMALL_ANGLE,0.48,6.45799945840901,16.226991584938,8.5265128291212e-16,1.77635683940025e-15,58839.9
0.1,D11_SMALL_ANGLE,0.485,6.45799945840901,16.226991584938,8.61533067109121e-16,1.77635683940025e-15,58839.9
0.1,D11_SMALL_ANGLE,0.49,6.45799945840901,16.226991584938,8.70414851306123e-16,1.77635683940025e-15,58839.9
0.1,D11_SMALL_ANGLE,0.495,6.45799945840901,16.226991584938,8.79296635503124e-16,1.77635683940025e-15,58839.9
0.1,D11_SMALL_ANGLE,0.5,6.45799945840901,16.226991584938,8.88178419700125e-16,1.77635683940025e-15,58839.9
0.1,D11_SMALL_ANGLE,0.505,6.45799945840901,16.226991584938,8.97060203897126e-16,1.77635683940025e-15,58839.9
0.1,D11_SMALL_ANGLE,0.51,6.45799945840901,16.226991584938,9.05941988094128e-16,1.77635683940025e-15,58839.9
0.1,D11_SMALL_ANGLE,0.515,6.45799945840901,16.226991584938,9.14823772291129e-16,1.77635683940025e-15,58839.9
0.1,D11_SMALL_ANGLE,0.52,6.45799945840901,16.226991584938,9.2370555648813e-16,1.77635683940025e-15,58839.9
0.1,D11_SMALL_ANGLE,0.525,6.45799945840901,16.226991584938,9.32587340685132e-16,1.77635683940025e-15,58839.9
0.1,D11_SMALL_ANGLE,0.53,6.45799945840901,16.226991584938,9.41469124882133e-16,1.77635683940025e-15,58839.9
0.1,D11_SMALL_ANGLE,0.535,6.45799945840901,16.226991584938,9.50350909079134e-16,1.77635683940025e-15,58839.9
0.1,D11_SMALL_ANGLE,0.54,6.45799945840901,16.226991584938,9.59232693276135e-16,1.77635683940025e-15,58839.9
0.1,D11_SMALL_ANGLE,0.545,6.45799945840901,16.226991584938,9.68114477473137e-16,1.77635683940025e-15,58839.9
0.1,D11_SMALL_ANGLE,0.55,6.45799945840901,16.226991584938,9.76996261670138e-16,1.77635683940025e-15,58839.9
0.1,D11_SMALL_ANGLE,0.555,6.45799945840901,16.226991584938,9.85878045867139e-16,1.77635683940025e-15,58839.9
0.1,D11_SMALL_ANGLE,0.56,6.45799945840901,16.226991584938,9.9475983006414e-16,1.77635683940025e-15,58839.9
0.1,D11_SMALL_ANGLE,0.565,6.45799945840901,16.226991584938,1.00364161426114e-15,1.77635683940025e-15,58839.9
0.1,D11_SMALL_ANGLE,0.57,6.45799945840901,16.226991584938,1.01252339845814e-15,1.77635683940025e-15,58839.9
0.1,D11_SMALL_ANGLE,0.575,6.45799945840901,16.226991584938,1.02140518265514e-15,1.77635683940025e-15,58839.9
0.1,D11_SMALL_ANGLE,0.58,6.45799945840901,16.226991584938,1.03028696685215e-15,1.77635683940025e-15,58839.9
0.1,D11_SMALL_ANGLE,0.585,6.45799945840901,16.226991584938,1.03916875104915e-15,1.77635683940025e-15,58839.9
0.1,D11_SMALL_ANGLE,0.59,6.45799945840901,16.226991584938,1.04805053524615e-15,1.77635683940025e-15,58839.9
0.1,D11_SMALL_ANGLE,0.595,6.45799945840901,16.226991584938,1.05693231944315e-15,1.77635683940025e-15,58839.9
0.1,D11_SMALL_ANGLE,0.6,6.45799945840901,16.226991584938,1.06581410364015e-15,1.77635683940025e-15,58839.9
0.1,D11_SMALL_ANGLE,0.605,6.45799945840901,16.226991584938,1.07469588783715e-15,1.77635683940025e-15,58839.9
0.1,D11_SMALL_ANGLE,0.61,6.45799945840901,16.226991584938,1.08357767203415e-15,1.77635683940025e-15,58839.9
0.1,D11_SMALL_ANGLE,0.615,6.45799945840901,16.226991584938,1.09245945623115e-15,1.77635683940025e-15,58839.9
0.1,D11_SMALL_ANGLE,0.62,6.45799945840901,16.226991584938,1.10134124042816e-15,1.77635683940025e-15,58839.9
0.1,D11_SMALL_ANGLE,0.625,6.45799945840901,16.226991584938,1.11022302462516e-15,1.77635683940025e-15,58839.9
0.1,D11_SMALL_ANGLE,0.63,6.45799945840901,16.226991584938,1.11910480882216e-15,1.77635683940025e-15,58839.9
0.1,D11_SMALL_ANGLE,0.635,6.45799945840901,16.226991584938,1.12798659301916e-15,1.77635683940025e-15,58839.9
0.1,D11_SMALL_ANGLE,0.64,6.45799945840901,16.226991584938,1.13686837721616e-15,1.77635683940025e-15,58839.9
0.1,D11_SMALL_ANGLE,0.645,6.45799945840901,16.226991584938,1.14575016141316e-15,1.77635683940025e-15,58839.9
0.1,D11_SMALL_ANGLE,0.65,6.45799945840901,16.226991584938,1.15463194561016e-15,1.77635683940025e-15,58839.9
0.1,D11_SMALL_ANGLE,0.655,6.45799945840901,16.226991584938,1.16351372980716e-15,1.77635683940025e-15,58839.9
0.1,D11_SMALL_ANGLE,0.66,6.45799945840901,16.226991584938,1.17239551400417e-15,1.77635683940025e-15,58839.9
0.1,D11_SMALL_ANGLE,0.665,6.45799945840901,16.226991584938,1.18127729820117e-15,1.77635683940025e-15,58839.9
0.1,D11_SMALL_ANGLE,0.67,6.45799945840901,16.226991584938,1.19015908239817e-15,1.77635683940025e-15,58839.9
0.1,D11_SMALL_ANGLE,0.675,6.45799945840901,16.226991584938,1.19904086659517e-15,1.77635683940025e-15,58839.9
0.1,D11_SMALL_ANGLE,0.68,6.45799945840901,16.226991584938,1.20792265079217e-15,1.77635683940025e-15,58839.9
0.1,D11_SMALL_ANGLE,0.685,6.45799945840901,16.226991584938,1.21680443498917e-15,1.77635683940025e-15,58839.9
0.1,D11_SMALL_ANGLE,0.69,6.45799945840901,16.226991584938,1.22568621918617e-15,1.77635683940025e-15,58839.9
0.1,D11_SMALL_ANGLE,0.695,6.45799945840901,16.226991584938,1.23456800338317e-15,1.77635683940025e-15,58839.9
0.1,D11_SMALL_ANGLE,0.7,6.45799945840901,16.226991584938,1.24344978758018e-15,1.77635683940025e-15,58839.9
0.1,D11_SMALL_ANGLE,0.705,6.45799945840901,16.226991584938,1.25233157177718e-15,1.77635683940025e-15,58839.9
0.1,D11_SMALL_ANGLE,0.71,6.45799945840901,16.226991584938,1.26121335597418e-15,1.77635683940025e-15,58839.9
0.1,D11_SMALL_ANGLE,0.715,6.45799945840901,16.226991584938,1.27009514017118e-15,1.77635683940025e-15,58839.9
0.1,D11_SMALL_ANGLE,0.72,6.45799945840901,16.226991584938,1.27897692436818e-15,1.77635683940025e-15,58839.9
0.1,D11_SMALL_ANGLE,0.725,6.45799945840901,16.226991584938,1.28785870856518e-15,1.77635683940025e-15,58839.9
0.1,D11_SMALL_ANGLE,0.73,6.45799945840901,16.226991584938,1.29674049276218e-15,1.77635683940025e-15,58839.9
0.1,D11_SMALL_ANGLE,0.735,6.45799945840901,16.226991584938,1.30562227695918e-15,1.77635683940025e-15,58839.9
0.1,D11_SMALL_ANGLE,0.74,6.45799945840901,16.226991584938,1.31450406115619e-15,1.77635683940025e-15,58839.9
0.1,D11_SMALL_ANGLE,0.745,6.45799945840901,16.226991584938,1.32338584535319e-15,1.77635683940025e-15,58839.9
0.1,D11_SMALL_ANGLE,0.75,6.45799945840901,16.226991584938,1.33226762955019e-15,1.77635683940025e-15,58839.9
0.1,D11_SMALL_ANGLE,0.755,6.45799945840901,16.226991584938,1.34114941374719e-15,1.77635683940025e-15,58839.9
0.1,D11_SMALL_ANGLE,0.76,6.45799945840901,16.226991584938,1.35003119794419e-15,1.77635683940025e-15,58839.9
0.1,D11_SMALL_ANGLE,0.765,6.45799945840901,16.226991584938,1.35891298214119e-15,1.77635683940025e-15,58839.9
0.1,D11_SMALL_ANGLE,0.77,6.45799945840901,16.226991584938,1.36779476633819e-15,1.77635683940025e-15,58839.9
0.1,D11_SMALL_ANGLE,0.775,6.45799945840901,16.226991584938,1.37667655053519e-15,1.77635683940025e-15,58839.9
0.1,D11_SMALL_ANGLE,0.78,6.45799945840901,16.226991584938,1.3855583347322e-15,1.77635683940025e-15,58839.9
0.1,D11_SMALL_ANGLE,0.785,6.45799945840901,16.226991584938,1.3944401189292e-15,1.77635683940025e-15,58839.9
0.1,D11_SMALL_ANGLE,0.79,6.45799945840901,16.226991584938,1.4033219031262e-15,1.77635683940025e-15,58839.9
0.1,D11_SMALL_ANGLE,0.795,6.45799945840901,16.226991584938,1.4122036873232e-15,1.77635683940025e-15,58839.9
0.1,D11_SMALL_ANGLE,0.8,6.45799945840901,16.226991584938,1.4210854715202e-15,1.77635683940025e-15,58839.9
0.1,D11_SMALL_ANGLE,0.805,6.45799945840901,16.226991584938,1.4299672557172e-15,1.77635683940025e-15,58839.9
0.1,D11_SMALL_ANGLE,0.81,6.45799945840901,16.226991584938,1.4388490399142e-15,1.77635683940025e-15,58839.9
0.1,D11_SMALL_ANGLE,0.815,6.45799945840901,16.226991584938,1.4477308241112e-15,1.77635683940025e-15,58839.9
0.1,D11_SMALL_ANGLE,0.82,6.45799945840901,16.226991584938,1.45661260830821e-15,1.77635683940025e-15,58839.9
0.1,D11_SMALL_ANGLE,0.825,6.45799945840901,16.226991584938,1.46549439250521e-15,1.77635683940025e-15,58839.9
0.1,D11_SMALL_ANGLE,0.83,6.45799945840901,16.226991584938,1.47437617670221e-15,1.77635683940025e-15,58839.9
0.1,D11_SMALL_ANGLE,0.835,6.45799945840901,16.226991584938,1.48325796089921e-15,1.77635683940025e-15,58839.9
0.1,D11_SMALL_ANGLE,0.84,6.45799945840901,16.226991584938,1.49213974509621e-15,1.77635683940025e-15,58839.9
0.1,D11_SMALL_ANGLE,0.845,6.45799945840901,16.226991584938,1.50102152929321e-15,1.77635683940025e-15,58839.9
0.1,D11_SMALL_ANGLE,0.85,6.45799945840901,16.226991584938,1.50990331349021e-15,1.77635683940025e-15,58839.9
0.1,D11_SMALL_ANGLE,0.855,6.45799945840901,16.226991584938,1.51878509768721e-15,1.77635683940025e-15,58839.9
0.1,D11_SMALL_ANGLE,0.86,6.45799945840901,16.226991584938,1.52766688188422e-15,1.77635683940025e-15,58839.9
0.1,D11_SMALL_ANGLE,0.865,6.45799945840901,16.226991584938,1.53654866608122e-15,1.77635683940025e-15,58839.9
0.1,D11_SMALL_ANGLE,0.87,6.45799945840901,16.226991584938,1.54543045027822e-15,1.77635683940025e-15,58839.9
0.1,D11_SMALL_ANGLE,0.875,6.45799945840901,16.226991584938,1.55431223447522e-15,1.77635683940025e-15,58839.9
0.1,D11_SMALL_ANGLE,0.88,6.45799945840901,16.226991584938,1.56319401867222e-15,1.77635683940025e-15,58839.9
0.1,D11_SMALL_ANGLE,0.885,6.45799945840901,16.226991584938,1.57207580286922e-15,1.77635683940025e-15,58839.9
0.1,D11_SMALL_ANGLE,0.89,6.45799945840901,16.226991584938,1.58095758706622e-15,1.77635683940025e-15,58839.9
0.1,D11_SMALL_ANGLE,0.895,6.45799945840901,16.226991584938,1.58983937126322e-15,1.77635683940025e-15,58839.9
0.1,D11_SMALL_ANGLE,0.9,6.45799945840901,16.226991584938,1.59872115546023e-15,1.77635683940025e-15,58839.9
0.1,D11_SMALL_ANGLE,0.905,6.45799945840901,16.226991584938,1.60760293965723e-15,1.77635683940025e-15,58839.9
0.1,D11_SMALL_ANGLE,0.91,6.45799945840901,16.226991584938,1.61648472385423e-15,1.77635683940025e-15,58839.9
0.1,D11_SMALL_ANGLE,0.915,6.45799945840901,16.226991584938,1.62536650805123e-15,1.77635683940025e-15,58839.9
0.1,D11_SMALL_ANGLE,0.92,6.45799945840901,16.226991584938,1.63424829224823e-15,1.77635683940025e-15,58839.9
0.1,D11_SMALL_ANGLE,0.925,6.45799945840901,16.226991584938,1.64313007644523e-15,1.77635683940025e-15,58839.9
0.1,D11_SMALL_ANGLE,0.93,6.45799945840901,16.226991584938,1.65201186064223e-15,1.77635683940025e-15,58839.9
0.1,D11_SMALL_ANGLE,0.935,6.45799945840901,16.226991584938,1.66089364483923e-15,1.77635683940025e-15,58839.9
0.1,D11_SMALL_ANGLE,0.94,6.45799945840901,16.226991584938,1.66977542903624e-15,1.77635683940025e-15,58839.9
0.1,D11_SMALL_ANGLE,0.945,6.45799945840901,16.226991584938,1.67865721323324e-15,1.77635683940025e-15,58839.9
0.1,D11_SMALL_ANGLE,0.95,6.45799945840901,16.226991584938,1.68753899743024e-15,1.77635683940025e-15,58839.9
0.1,D11_SMALL_ANGLE,0.955,6.45799945840901,16.226991584938,1.69642078162724e-15,1.77635683940025e-15,58839.9
0.1,D11_SMALL_ANGLE,0.96,6.45799945840901,16.226991584938,1.70530256582424e-15,1.77635683940025e-15,58839.9
0.1,D11_SMALL_ANGLE,0.965,6.45799945840901,16.226991584938,1.71418435002124e-15,1.77635683940025e-15,58839.9
0.1,D11_SMALL_ANGLE,0.97,6.45799945840901,16.226991584938,1.72306613421824e-15,1.77635683940025e-15,58839.9
0.1,D11_SMALL_ANGLE,0.975,6.45799945840901,16.226991584938,1.73194791841524e-15,1.77635683940025e-15,58839.9
0.1,D11_SMALL_ANGLE,0.98,6.45799945840901,16.226991584938,1.74082970261225e-15,1.77635683940025e-15,58839.9
0.1,D11_SMALL_ANGLE,0.985,6.45799945840901,16.226991584938,1.74971148680925e-15,1.77635683940025e-15,58839.9
0.1,D11_SMALL_ANGLE,0.99,6.45799945840901,16.226991584938,1.75859327100625e-15,1.77635683940025e-15,58839.9
0.1,D11_SMALL_ANGLE,0.995,6.45799945840901,16.226991584938,1.76747505520325e-15,1.77635683940025e-15,58839.9
0.1,D11_SMALL_ANGLE,1,6.45799945840901,16.226991584938,1.77635683940025e-15,1.77635683940025e-15,58839.9
0.1,D11_SMALL_ANGLE,1.005,6.45800562678492,16.2269919391871,1.41973746359273e-08,8.45676666649808e-06,58839.9507406
0.1,D11_SMALL_ANGLE,1.01,6.45802413039072,16.2269942548252,1.11310879266448e-07,3.2960929368997e-05,58840.0977655762
0.1,D11_SMALL_ANGLE,1.015,6.45805496466091,16.2270000952279,3.68742188734399e-07,7.24217865553101e-05,58840.3345307193
0.1,D11_SMALL_ANGLE,1.02,6.45809812198759,16.2270106752036,8.59036538664401e-07,0.000125977940948374,58840.6558676457
0.1,D11_SMALL_ANGLE,1.025,6.45815359172235,16.2270269361953,1.65089816367053e-06,0.00019294693366767,58841.057681602
0.1,D11_SMALL_ANGLE,1.03,6.45822136017885,16.2270496051565,2.80998237004967e-06,0.000272785815635501,58841.5367148938
0.1,D11_SMALL_ANGLE,1.035,6.45830141063625,16.2270792406479,4.39951275121121e-06,0.000365060281731999,58842.0903616904
0.1,D11_SMALL_ANGLE,1.04,6.45839372334328,16.2271162689264,6.48076152122517e-06,0.000469420508705909,58842.7165230522
0.1,D11_SMALL_ANGLE,1.045,6.45849827552318,16.2271610122029,9.11342269749904e-06,0.000585582241463101,58843.4134934488
0.1,D11_SMALL_ANGLE,1.05,6.45861504137925,16.2272137107664,1.23559014091142e-05,0.000713311988370435,58844.1798719302
0.1,D11_SMALL_ANGLE,1.055,6.45874399210127,16.2272745403082,1.62655375541194e-05,0.000852415433488574,58845.0144926009
0.1,D11_SMALL_ANGLE,1.06,6.45888509587257,16.227343625487,2.08987780732218e-05,0.00100272836752424,58845.9163702051
0.1,D11_SMALL_ANGLE,1.065,6.45903831787792,16.2274210505531,2.63113090102562e-05,0.00116410959063451,58846.8846575438
0.1,D11_SMALL_ANGLE,1.07,6.45920362031207,16.2275068676678,3.25581561049494e-05,0.00133643535922801,58847.9186121554
0.1,D11_SMALL_ANGLE,1.075,6.45938096238912,16.2276011034208,3.96937607658154e-05,0.00151959504153609,58849.0175702492
0.1,D11_SMALL_ANGLE,1.08,6.45957030035258,16.2277037639358,4.77720367842239e-05,0.00171348771976731,58850.1809263186
0.1,D11_SMALL_ANGLE,1.085,6.45977158748612,16.2278148388711,5.68464119881066e-05,0.00191801953333837,58851.4081172
0.1,D11_SMALL_ANGLE,1.09,6.45998477412516,16.2279343045553,6.69698581221924e-05,0.00213310160247282,58852.6986096148
0.1,D11_SMALL_ANGLE,1.095,6.46020980766909,16.2280621264462,7.81949115291095e-05,0.00235864840633049,58854.051890438
0.1,D11_SMALL_ANGLE,1.1,6.46044663259425,16.2281982610593,9.05736866473123e-05,0.00259457651699968,58855.467459102
0.1,D11_SMALL_ANGLE,1.105,6.46069519046763,16.2283426574822,0.000104157883904579,0.00284080361231176,58856.9448216739
0.1,D11_SMALL_ANGLE,1.11,6.4609554199613,16.2284952585636,0.000118998793243841,0.00309724770705344,58858.4834862423
0.1,D11_SMALL_ANGLE,1.115,6.46122725686751,16.2286560018491,0.000135147294250357,0.00336382655522982,58860.0829593314
0.1,D11_SMALL_ANGLE,1.12,6.46151063411459,16.2288248203178,0.000152653853639084,0.00364045718644768,58861.7427431187
0.1,D11_SMALL_ANGLE,1.125,6.46180548178344,16.2290016429629,0.000171568520697313,0.00392705554734185,58863.462333284
0.1,D11_SMALL_ANGLE,1.13,6.46211172712481,16.2291863952518,0.000191940921149006,0.00422353622545302,58865.2412173527
0.1,D11_SMALL_ANGLE,1.135,6.46242929457723,16.2293789994901,0.000213820249806504,0.00452981223767601,58867.078873426
0.1,D11_SMALL_ANGLE,1.14,6.46275810578571,16.2295793751116,0.000237255262296546,0.00484579486948533,58868.9747692169
0.1,D11_SMALL_ANGLE,1.145,6.46309807962098,16.2297874389099,0.000262294266085881,0.00517139355391549,58870.9283613235
0.1,D11_SMALL_ANGLE,1.15,6.46344913219959,16.2300031052252,0.000288985110983399,0.0055065157819385,58872.9390946916
0.1,D11_SMALL_ANGLE,1.155,6.46381117690457,16.2302262860947,0.000317375179257914,0.00585106703737104,58875.0064022242
0.1,D11_SMALL_ANGLE,1.16,6.46418412440681,16.2304568913763,0.000347511375481133,0.0062049507512274,58877.1297045074
0.1,D11_SMALL_ANGLE,1.165,6.4645678826871,16.23069482885,0.000379440116182014,0.00656806827136691,58879.3084096282
0.1,D11_SMALL_ANGLE,1.17,6.46496235705881,16.2309400043028,0.000413207319380831,0.00694031884421875,58881.5419130653
0.1,D11_SMALL_ANGLE,1.175,6.4653674501913,16.2311923216005,0.000448858394056776,0.00732159960609557,58883.8295976366
0.1,D11_SMALL_ANGLE,1.18,6.46578306213391,16.2314516827496,0.000486438229591796,0.0077118055821348,58886.1708334928
0.1,D11_SMALL_ANGLE,1.185,6.46620909034059,16.2317179879508,0.000525991185224992,0.0081108296912813,58888.5649781477
0.1,D11_SMALL_ANGLE,1.19,6.46664542969528,16.2319911356469,0.000567561079544451,0.00851856275614793,58891.0113765369
0.1,D11_SMALL_ANGLE,1.195,6.46709197253776,16.232271022566,0.000611191180038606,0.00893489351681787,58893.5093611009
0.1,D11_SMALL_ANGLE,1.2,6.46754860869026,16.2325575437612,0.000656924192724776,0.00935970864777325,58896.0582518866
0.1,D11_SMALL_ANGLE,1.205,6.46801522548465,16.2328505926469,0.000704802251868977,0.00979289277745643,58898.6573566647
0.1,D11_SMALL_ANGLE,1.21,6.46849170779022,16.2331500610341,0.000754866909809144,0.0102343285099256,58901.3059710595
0.1,D11_SMALL_ANGLE,1.215,6.46897793804209,16.2334558391637,0.000807159126891193,0.0106838964483238,58904.0033786899
0.1,D11_SMALL_ANGLE,1.22,6.46947379627022,16.2337678157383,0.000861719261526151,0.0111414752198176,58906.7488513189
0.1,D11_SMALL_ANGLE,1.225,6.46997916012901,16.2340858779539,0.000918587060375339,0.0116069415017872,58909.5416490107
0.1,D11_SMALL_ANGLE,1.23,6.47049390492749,16.2344099115306,0.000977801648669263,0.0120801700491331,58912.3810202948
0.1,D11_SMALL_ANGLE,1.235,6.47101790366008,16.2347398007433,0.00103940152066548,0.0125610337225428,58915.2662023353
0.1,D11_SMALL_ANGLE,1.24,6.47155102703794,16.2350754284518,0.00110342453024989,0.0130494035175559,58918.1964211053
0.1,D11_SMALL_ANGLE,1.245,6.47209314352085,16.2354166761309,0.00116990788168536,0.013545148594428,58921.1708915666
0.1,D11_SMALL_ANGLE,1.25,6.47264411934968,16.2357634239008,0.00123888812051134,0.0140481363086504,58924.1888178519
0.1,D11_SMALL_ANGLE,1.255,6.47320381857939,16.2361155505573,0.00131040112459763,0.0145582322421092,58927.2493934527
0.1,D11_SMALL_ANGLE,1.26,6.47377210311257,16.2364729336023,0.00138448209535554,0.0150753002348178,58930.3518014089
0.1,D11_SMALL_ANGLE,1.265,6.47434883273352,16.236835449274,0.00146116554910894,0.0155992024171923,58933.4952145031
0.1,D11_SMALL_ANGLE,1.27,6.47493386514282,16.2372029725779,0.00154048530862804,0.0161297992428402,58936.678795457
0.1,D11_SMALL_ANGLE,1.275,6.4755270559925,16.2375753773177,0.00162247449482837,0.0166669495218343,58939.901697131
0.1,D11_SMALL_ANGLE,1.28,6.47612825892157,16.2379525361264,0.00170716551863722,0.0172105104544471,58943.1630627267
0.1,D11_SMALL_ANGLE,1.285,6.47673732559222,16.2383343204977,0.00179459007302996,0.0177603376653455,58946.4620259921
0.1,D11_SMALL_ANGLE,1.29,6.47735410572636,16.2387206008174,0.00188477912523832,0.0183162852381802,58949.7977114291
0.1,D11_SMALL_ANGLE,1.295,6.47797844714271,16.2391112463957,0.0019777629091327,0.0188782057506209,58953.1692345037
0.1,D11_SMALL_ANGLE,1.3,6.47861019579438,16.2395061254988,0.00207357091778065,0.0194459503097661,58956.5757018586
0.1,D11_SMALL_ANGLE,1.305,6.47924919580684,16.2399051053818,0.00217223189618343,0.0200193685879757,58960.0162115278
0.1,D11_SMALL_ANGLE,1.31,6.4798952895164,16.2403080523204,0.00227377383419255,0.0205983088590234,58963.4898531541
0.1,D11_SMALL_ANGLE,1.315,6.4805483175091,16.2407148316447,0.00237822395960814,0.0211826180346844,58966.9957082081
0.1,D11_SMALL_ANGLE,1.32,6.48120811866006,16.2411253077716,0.00248560873146098,0.0217721417015984,58970.5328502096
0.1,D11_SMALL_ANGLE,1.325,6.48187453017321,16.2415393442381,0.00259595383347994,0.0223667241585552,58974.1003449513
0.1,D11_SMALL_ANGLE,1.33,6.48254738762149,16.2419568037349,0.00270928416774647,0.0229662084540756,58977.6972507245
0.1,D11_SMALL_ANGLE,1.335,6.48322652498739,16.2423775481401,0.00282562384853791,0.0235704364243166,58981.3226185459
0.1,D11_SMALL_ANGLE,1.34,6.48391177470392,16.2428014385529,0.00294499619636111,0.0241792487312793,58984.9754923877
0.1,D11_SMALL_ANGLE,1.345,6.48460296769598,16.2432283353278,0.00306742373217793,0.0247924849014041,58988.6549094084
0.1,D11_SMALL_ANGLE,1.35,6.48529993342203,16.2436580981088,0.00319292817182433,0.0254099833643338,58992.359900186
0.1,D11_SMALL_ANGLE,1.355,6.48600249991621,16.2440905858639,0.00332153042062412,0.0260315814921039,58996.0894889526
0.1,D11_SMALL_ANGLE,1.36,6.48671049383075,16.2445256569195,0.00345325056819928,0.0266571156384998,58999.842693831
0.1,D11_SMALL_ANGLE,1.365,6.48742374047875,16.2449631689956,0.00358810788347776,0.02728642117874,59003.6185270724
0.1,D11_SMALL_ANGLE,1.37,6.48814206387727,16.2454029792402,0.00372612080990053,0.0279193325494305,59007.4159952966
0.1,D11_SMALL_ANGLE,1.375,6.48886528679075,16.2458449442646,0.00386730696082867,0.028555683288733,59011.2340997324
0.1,D11_SMALL_ANGLE,1.38,6.48959323077477,16.2462889201788,0.00401168311515227,0.0291953060767991,59015.0718364608
0.1,D11_SMALL_ANGLE,1.385,6.49032571622004,16.2467347626265,0.00415926521310189,0.0298380327764338,59018.9281966586
0.1,D11_SMALL_ANGLE,1.39,6.49106256239674,16.2471823268208,0.00431006835226397,0.0304836944739808,59022.8021668439
0.1,D11_SMALL_ANGLE,1.395,6.4918035874991,16.2476314675797,0.00446410678380115,0.0311321215204252,59026.6927291226
0.1,D11_SMALL_ANGLE,1.4,6.49254860869026,16.2480820393617,0.00462139390887872,0.0317831435726958,59030.5988614362
0.1,D11_SMALL_ANGLE,1.405,6.49329744214739,16.2485338963018,0.00478194227529789,0.0324365896351519,59034.5195378109
0.1,D11_SMALL_ANGLE,1.41,6.49404990310705,16.2489868922469,0.00494576357433725,0.0330922881012921,59038.4537286078
0.1,D11_SMALL_ANGLE,1.415,6.49480580591074,16.2494408807924,0.00511286863780288,0.0337500667955979,59042.4004007736
0.1,D11_SMALL_ANGLE,1.42,6.49556496405076,16.2498957153176,0.00528326743528836,0.0344097530155487,59046.3585180933
0.1,D11_SMALL_ANGLE,1.425,6.49632719021621,16.2503512490221,0.00545696907164509,0.0350711735738241,59050.3270414429
0.1,D11_SMALL_ANGLE,1.43,6.49709229633918,16.250807334962,0.00563398178466406,0.0357341548406058,59054.3049290436
0.1,D11_SMALL_ANGLE,1.435,6.49786009364118,16.2512638260857,0.00581431294296947,0.0363985227860457,59058.2911367163
0.1,D11_SMALL_ANGLE,1.44,6.49863039267972,16.2517205752704,0.00599796904412499,0.037064103022864,59062.2846181372
0.1,D11_SMALL_ANGLE,1.445,6.49940300339504,16.2521774353583,0.00618495571295328,0.0377307208490194,59066.2843250941
0.1,D11_SMALL_ANGLE,1.45,6.500177735157,16.2526342591925,0.00637527770006915,0.0383982012905388,59070.2892077432
0.1,D11_SMALL_ANGLE,1.455,6.50095439681213,16.253090899654,0.00656893888062719,0.039066369144404,59074.2982148664
0.1,D11_SMALL_ANGLE,1.46,6.50173279673079,16.253547209697,0.00676594225328385,0.0397350490215391,59078.3102941292
0.1,D11_SMALL_ANGLE,1.465,6.50251274285445,16.2540030423859,0.00696628993937484,0.0404040653898559,59082.3243923391
0.1,D11_SMALL_ANGLE,1.47,6.50329404274308,16.2544582509312,0.00716998318230781,0.0410732426173883,59086.3394557043
0.1,D11_SMALL_ANGLE,1.475,6.50407650362262,16.2549126887257,0.00737702234717089,0.0417424050154462,59090.3544300927
0.1,D11_SMALL_ANGLE,1.48,6.50485993243254,16.2553662093806,0.00758740692055708,0.0424113768818604,59094.3682612912
0.1,D11_SMALL_ANGLE,1.485,6.50564413587353,16.2558186667617,0.00780113551060495,0.0430799825441763,59098.3798952651
0.1,D11_SMALL_ANGLE,1.49,6.5064289204551,16.2562699150256,0.00801820584725537,0.0437480464029818,59102.3882784179
0.1,D11_SMALL_ANGLE,1.495,6.50721409254342,16.2567198086552,0.00823861478272495,0.0444153929751234,59106.3923578507
0.1,D11_SMALL_ANGLE,1.5,6.50799945840901,16.2571682024963,0.00846235829219551,0.0450818469370464,59110.3910816223
0.1,D11_SMALL_ANGLE,1.505,6.5087848242746,16.2576149517929,0.00868943147472021,0.0457472331680027,59114.383399008
0.1,D11_SMALL_ANGLE,1.51,6.50956999636291,16.258059912223,0.00891982855434576,0.046411376793337,59118.36826076
0.1,D11_SMALL_ANGLE,1.515,6.51035478094449,16.2585029399346,0.00915354288145088,0.0470741032276756,59122.344619366
0.1,D11_SMALL_ANGLE,1.52,6.51113898438547,16.2589438915807,0.00939056693430068,0.0477352382180989,59126.3114293086
0.1,D11_SMALL_ANGLE,1.525,6.5119224131954,16.2593826243553,0.00963089232081678,0.0483946078872695,59130.2676473236
0.1,D11_SMALL_ANGLE,1.53,6.51270487407493,16.2598189960282,0.00987450978056275,0.0490520387764697,59134.2122326588
0.1,D11_SMALL_ANGLE,1.535,6.51348617396356,16.2602528649805,0.0101214091869449,0.0497073578885825,59138.1441473315
0.1,D11_SMALL_ANGLE,1.54,6.51426612008722,16.2606840902392,0.0103715795496272,0.0503603927309726,59142.0623563858
0.1,D11_SMALL_ANGLE,1.545,6.51504452000589,16.2611125315127,0.0106250090171611,0.0510109713582914,59145.9658281497
0.1,D11_SMALL_ANGLE,1.55,6.51582118166102,16.2615380492249,0.0108816848798285,0.0516589224151609,59149.853534491
0.1,D11_SMALL_ANGLE,1.555,6.51659591342298,16.2619605045498,0.0111415935726981,0.0523040751787143,59153.7244510723
0.1,D11_SMALL_ANGLE,1.56,6.51736852413829,16.2623797594464,0.0114047206788943,0.0529462596010823,59157.5775576065
0.1,D11_SMALL_ANGLE,1.565,6.51813882317683,16.2627956766921,0.0116710509330773,0.053585306351625,59161.4118381097
0.1,D11_SMALL_ANGLE,1.57,6.51890662047883,16.2632081199172,0.0119405682251358,0.0542210468591318,59165.2262811548
0.1,D11_SMALL_ANGLE,1.575,6.5196717266018,16.2636169536385,0.012213255604088,0.0548533133537799,59169.0198801227
0.1,D11_SMALL_ANGLE,1.58,6.52043395276725,16.2640220432928,0.0124890952821943,0.055481938908958,59172.7916334538
0.1,D11_SMALL_ANGLE,1.585,6.52119311090728,16.2644232552702,0.0127680686392762,0.0561067574828691,59176.5405448972
0.1,D11_SMALL_ANGLE,1.59,6.52194901371097,16.2648204569474,0.0130501562272452,0.0567276039599847,59180.2656237599
0.1,D11_SMALL_ANGLE,1.595,6.52270147467062,16.2652135167203,0.0133353377748369,0.0573443141922798,59183.9658851537
0.1,D11_SMALL_ANGLE,1.6,6.52345030812775,16.2656023040369,0.0136235921925508,0.0579567250402206,59187.6403502413
0.1,D11_SMALL_ANGLE,1.605,6.52419532931891,16.2659866894293,0.0139148975777951,0.0585646744135868,59191.2880464815
0.1,D11_SMALL_ANGLE,1.61,6.52493635442127,16.2663665445461,0.0142092312202351,0.0591680013119849,59194.9080078719
0.1,D11_SMALL_ANGLE,1.615,6.52567320059797,16.2667417421843,0.0145065696073425,0.0597665458651839,59198.4992751911
0.1,D11_SMALL_ANGLE,1.62,6.52640568604324,16.2671121563202,0.0148068884301469,0.0603601493731478,59202.0608962389
0.1,D11_SMALL_ANGLE,1.625,6.52713363002726,16.2674776621416,0.0151101625891863,0.0609486543458004,59205.5919260748
0.1,D11_SMALL_ANGLE,1.63,6.52785685294075,16.267838136078,0.0154163662006556,0.061531904542564,59209.0914272554
0.1,D11_SMALL_ANGLE,1.635,6.52857517633926,16.2681934558318,0.0157254726027523,0.0621097450115116,59212.5584700691
0.1,D11_SMALL_ANGLE,1.64,6.52928842298726,16.2685435004081,0.0160374543622172,0.0626820221283353,59215.99213277
0.1,D11_SMALL_ANGLE,1.645,6.5299964169018,16.2688881501453,0.0163522832810692,0.0632485836349179,59219.3915018095
0.1,D11_SMALL_ANGLE,1.65,6.53069898339598,16.2692272867445,0.016669930403532,0.0638092786776063,59222.7556720656
0.1,D11_SMALL_ANGLE,1.655,6.53139594912204,16.2695607932987,0.0169903660231512,0.0643639578451918,59226.0837470711
0.1,D11_SMALL_ANGLE,1.66,6.53208714211409,16.2698885543225,0.0173135596901012,0.0649124732064958,59229.374839239
0.1,D11_SMALL_ANGLE,1.665,6.53277239183063,16.2702104557798,0.0176394802186784,0.0654546783476384,59232.6280700858
0.1,D11_SMALL_ANGLE,1.67,6.53345152919653,16.2705263851131,0.0179680956949798,0.0659904284089468,59235.8425704537
0.1,D11_SMALL_ANGLE,1.675,6.5341243866448,16.2708362312709,0.0182993734847661,0.0665195801214757,59239.0174807288
0.1,D11_SMALL_ANGLE,1.68,6.53479079815796,16.2711398847354,0.0186332802415055,0.0670419918431637,59242.151951059
0.1,D11_SMALL_ANGLE,1.685,6.53545059930891,16.2714372375498,0.0189697819145976,0.0675575235945942,59245.2451415676
0.1,D11_SMALL_ANGLE,1.69,6.53610362730161,16.271728183345,0.0193088437577755,0.0680660370943578,59248.2962225661
0.1,D11_SMALL_ANGLE,1.695,6.53674972101117,16.2720126173664,0.0196504303376833,0.0685673957940018,59251.304374764
0.1,D11_SMALL_ANGLE,1.7,6.53738872102363,16.2722904364993,0.0199945055426273,0.0690614649125756,59254.2687894755
0.1,D11_SMALL_ANGLE,1.705,6.5380204696753,16.2725615392953,0.0203410325914989,0.069548111470727,59257.1886688244
0.1,D11_SMALL_ANGLE,1.71,6.53864481109166,16.2728258259969,0.0206899740428672,0.0700272043243846,59260.0632259463
0.1,D11_SMALL_ANGLE,1.715,6.53926159122579,16.2730831985628,0.0210412918042385,0.0704986141979624,59262.8916851878
0.1,D11_SMALL_ANGLE,1.72,6.53987065789644,16.2733335606919,0.0213949471414808,0.0709622137171664,59265.673282303
0.1,D11_SMALL_ANGLE,1.725,6.54047186082552,16.2735768178476,0.0217509006884112,0.071417877441263,59268.4072646476
0.1,D11_SMALL_ANGLE,1.73,6.54106505167519,16.273812877281,0.0221091124565438,0.0718654818949247,59271.0928913695
0.1,D11_SMALL_ANGLE,1.735,6.5416500840845,16.2740416480542,0.022469541844995,0.0723049055996032,59273.7294335976
0.1,D11_SMALL_ANGLE,1.74,6.54222681370544,16.2742630410631,0.0228321476505446,0.0727360291043571,59276.3161746261
0.1,D11_SMALL_ANGLE,1.745,6.54279509823862,16.2744769690591,0.0231968880778505,0.0731587350162393,59278.8524100974
0.1,D11_SMALL_ANGLE,1.75,6.54335479746833,16.2746833466713,0.0235637207498129,0.0735729080301333,59281.3374481808
0.1,D11_SMALL_ANGLE,1.755,6.54390577329717,16.2748820904274,0.0239326027180876,0.0739784349581214,59283.7706097487
0.1,D11_SMALL_ANGLE,1.76,6.54444788978008,16.2750731187746,0.0243034904737438,0.0743752047582618,59286.1512285496
0.1,D11_SMALL_ANGLE,1.765,6.54498101315794,16.2752563521004,0.0246763399580651,0.0747631085629212,59288.4786513775
0.1,D11_SMALL_ANGLE,1.77,6.54550501189053,16.2754317127514,0.0250511065734907,0.0751420397064866,59290.7522382389
0.1,D11_SMALL_ANGLE,1.775,6.54601975668901,16.2755991250536,0.0254277451946937,0.0755118937525641,59292.9713625154
0.1,D11_SMALL_ANGLE,1.78,6.5465251205478,16.2757585153309,0.0258062101797937,0.0758725685206496,59295.1354111239
0.1,D11_SMALL_ANGLE,1.785,6.54702097877592,16.2759098119234,0.0261864553817025,0.0762239641121969,59297.2437846732
0.1,D11_SMALL_ANGLE,1.79,6.54750720902779,16.2760529452052,0.0265684341595968,0.0765659829361205,59299.2958976167
0.1,D11_SMALL_ANGLE,1.795,6.54798369133336,16.276187847602,0.0269520993905192,0.0768985297337483,59301.2911784025
0.1,D11_SMALL_ANGLE,1.8,6.54845030812775,16.2763144536077,0.0273374034811005,0.077221511603172,59303.229069619
0.1,D11_SMALL_ANGLE,1.805,6.54890694428026,16.2764326998012,0.0277242983794038,0.0775348380229985,59305.109028138
0.1,D11_SMALL_ANGLE,1.81,6.54935348712274,16.2765425248613,0.0281127355868848,0.0778384208755405,59306.9305252532
0.1,D11_SMALL_ANGLE,1.815,6.54978982647742,16.276643869583,0.0285026661704674,0.078132174469344,59308.6930468161
0.1,D11_SMALL_ANGLE,1.82,6.55021585468411,16.2767366768915,0.0288940407747295,0.0784160155611691,59310.396093367
0.1,D11_SMALL_ANGLE,1.825,6.55063146662671,16.276820891857,0.029286809634198,0.0786898633773188,59312.0391802639
0.1,D11_SMALL_ANGLE,1.83,6.5510365597592,16.2768964617079,0.0296809225857489,0.0789536396343546,59313.6218378061
0.1,D11_SMALL_ANGLE,1.835,6.55143103413092,16.2769633358444,0.030076329081108,0.0792072685591698,59315.143611355
0.1,D11_SMALL_ANGLE,1.84,6.5518147924112,16.2770214658507,0.0304729781994528,0.0794506769084489,59316.6040614507
0.1,D11_SMALL_ANGLE,1.845,6.55218773991344,16.2770708055076,0.0308708186601075,0.0796837939874901,59318.0027639249
0.1,D11_SMALL_ANGLE,1.85,6.55254978461843,16.2771113108033,0.0312697988353328,0.0799065516683672,59319.3393100102
0.1,D11_SMALL_ANGLE,1.855,6.55290083719704,16.2771429399453,0.031669866763203,0.0801188844074314,59320.6133064446
0.1,D11_SMALL_ANGLE,1.86,6.55324081103231,16.2771656533698,0.0320709701605705,0.0803207292622012,59321.8243755732
0.1,D11_SMALL_ANGLE,1.865,6.55356962224078,16.2771794137526,0.0324730564361118,0.0805120259075469,59322.9721554453
0.1,D11_SMALL_ANGLE,1.87,6.55388718969321,16.2771841860175,0.0328760727034542,0.0806927166512228,59324.0562999073
0.1,D11_SMALL_ANGLE,1.875,6.55419343503457,16.2771799373458,0.0332799657943766,0.0808627464487746,59325.0764786926
0.1,D11_SMALL_ANGLE,1.88,6.55448828270342,16.2771666371838,0.0336846822720851,0.0810220629176861,59326.0323775061
0.1,D11_SMALL_ANGLE,1.885,6.5547716599505,16.2771442572509,0.0340901684445564,0.081170616350926,59326.9236981056
0.1,D11_SMALL_ANGLE,1.89,6.55504349685672,16.2771127715468,0.0344963703779477,0.0813083597297801,59327.7501583787
0.1,D11_SMALL_ANGLE,1.895,6.55530372635038,16.2770721563573,0.0349032339100689,0.0814352487360033,59328.511492416
0.1,D11_SMALL_ANGLE,1.9,6.55555228422377,16.2770223902608,0.0353107046639139,0.0815512417632878,59329.2074505797
0.1,D11_SMALL_ANGLE,1.905,6.55578910914892,16.2769634541336,0.0357187280612474,0.0816562999280137,59329.8377995681
0.1,D11_SMALL_ANGLE,1.91,6.55601414269285,16.2768953311542,0.0361272493362442,0.0817503870793725,59330.4023224762
0.1,D11_SMALL_ANGLE,1.915,6.5562273293319,16.2768180068082,0.0365362135491765,0.081833469808684,59330.9008188521
0.1,D11_SMALL_ANGLE,1.92,6.55642861646544,16.2767314688913,0.0369455656001467,0.0819055174581145,59331.3331047487
0.1,D11_SMALL_ANGLE,1.925,6.55661795442889,16.2766357075127,0.0373552502428622,0.081966502128644,59331.6990127719
0.1,D11_SMALL_ANGLE,1.93,6.55679529650595,16.2765307150974,0.0377652120984474,0.0820163986873332,59331.998392124
0.1,D11_SMALL_ANGLE,1.935,6.5569605989401,16.2764164863882,0.038175395669291,0.0820551847738713,59332.2311086432
0.1,D11_SMALL_ANGLE,1.94,6.55711382094544,16.276293018447,0.0385857453529243,0.0820828408064465,59332.3970448387
0.1,D11_SMALL_ANGLE,1.945,6.55725492471675,16.2761603106554,0.0389962054559265,0.0820993499868585,59332.4960999211
0.1,D11_SMALL_ANGLE,1.95,6.55738387543876,16.2760183647148,0.0394067202078544,0.0821046983049758,59332.5281898299
0.1,D11_SMALL_ANGLE,1.955,6.55750064129483,16.2758671846463,0.0398172337751919,0.0820988745424192,59332.4932472545
0.1,D11_SMALL_ANGLE,1.96,6.55760519347473,16.2757067767894,0.040227690275317,0.0820818702755677,59332.3912216534
0.1,D11_SMALL_ANGLE,1.965,6.55769750618177,16.2755371498006,0.0406380337904814,0.0820536798778271,59332.222079267
0.1,D11_SMALL_ANGLE,1.97,6.55777755663916,16.2753583146509,0.0410482083817998,0.0820143005212,59331.9858031272
0.1,D11_SMALL_ANGLE,1.975,6.55784532509566,16.2751702846234,0.0414581581032453,0.0819637321771225,59331.6823930627
0.1,D11_SMALL_ANGLE,1.98,6.55790079483042,16.2749730753099,0.0418678270156472,0.0819019776165835,59331.3118656995
0.1,D11_SMALL_ANGLE,1.985,6.55794395215711,16.2747667046069,0.0422771592006874,0.0818290424095363,59330.8742544572
0.1,D11_SMALL_ANGLE,1.99,6.55797478642729,16.2745511927112,0.0426860987748927,0.081744934923579,59330.3696095415
0.1,D11_SMALL_ANGLE,1.995,6.55799329003309,16.2743265621148,0.0430945899036176,0.0816496663219173,59329.7979979315
0.1,D11_SMALL_ANGLE,2,6.55799945840901,16.2740928375993,0.0435025768150163,0.0815432505606193,59329.1595033637
0.1,D11_SMALL_ANGLE,2.005,6.55799329003309,16.2738500462296,0.0439100038139984,0.0814257043851452,59328.4542263109
0.1,D11_SMALL_ANGLE,2.01,6.55797478642729,16.2735982173475,0.0443168152961655,0.0812970473261636,59327.682283957
0.1,D11_SMALL_ANGLE,2.015,6.55794395215711,16.2733373825639,0.0447229557617259,0.0811573016946454,59326.8438101679
0.1,D11_SMALL_ANGLE,2.02,6.55790079483042,16.2730675757511,0.0451283698293815,0.0810064925762575,59325.9389554575
0.1,D11_SMALL_ANGLE,2.025,6.55784532509566,16.2727888330344,0.0455330022501866,0.0808446478250247,59324.9678869501
0.1,D11_SMALL_ANGLE,2.03,6.55777755663916,16.2725011927829,0.0459367979213719,0.0806717980563008,59323.9307883378
0.1,D11_SMALL_ANGLE,2.035,6.55769750618177,16.2722046956001,0.0463397019001321,0.0804879766390272,59322.8278598342
0.1,D11_SMALL_ANGLE,2.04,6.55760519347473,16.2718993843137,0.0467416594173731,0.0802932196872437,59321.6593181235
0.1,D11_SMALL_ANGLE,2.045,6.55750064129483,16.2715853039648,0.047142615891415,0.0800875660509881,59320.4253963059
0.1,D11_SMALL_ANGLE,2.05,6.55738387543876,16.2712625017966,0.0475425169416476,0.0798710573063772,59319.1263438383
0.1,D11_SMALL_ANGLE,2.055,6.55725492471675,16.2709310272429,0.0479413084021345,0.0796437377450783,59317.7624264705
0.1,D11_SMALL_ANGLE,2.06,6.55711382094544,16.2705909319155,0.0483389363351633,0.0794056543630468,59316.3339261783
0.1,D11_SMALL_ANGLE,2.065,6.5569605989401,16.2702422695913,0.0487353470447372,0.0791568568485648,59314.8411410914
0.1,D11_SMALL_ANGLE,2.07,6.55679529650595,16.2698850961989,0.0491304870900056,0.0788973975696052,59313.2843854176
0.1,D11_SMALL_ANGLE,2.075,6.55661795442889,16.2695194698047,0.0495243032986294,0.0786273315605204,59311.6639893631
0.1,D11_SMALL_ANGLE,2.08,6.55642861646544,16.2691454505985,0.0499167427800778,0.0783467165079994,59309.980299048
0.1,D11_SMALL_ANGLE,2.085,6.5562273293319,16.268763100878,0.0503077529388542,0.0780556127364012,59308.2336764184
0.1,D11_SMALL_ANGLE,2.09,6.55601414269285,16.2683724850338,0.0506972814876457,0.0777540831923709,59306.4244991542
0.1,D11_SMALL_ANGLE,2.095,6.55578910914892,16.2679736695331,0.0510852764603955,0.0774421934288245,59304.5531605729
0.1,D11_SMALL_ANGLE,2.1,6.55555228422377,16.2675667229029,0.0514716862252921,0.0771200115882316,59302.6200695294
0.1,D11_SMALL_ANGLE,2.105,6.55530372635038,16.2671517157133,0.051856459497674,0.0767876083852386,59300.6256503114
0.1,D11_SMALL_ANGLE,2.11,6.55504349685672,16.2667287205594,0.0522395453528464,0.0764450570886801,59298.5703425321
0.1,D11_SMALL_ANGLE,2.115,6.5547716599505,16.2662978120436,0.0526208932388049,0.076092433502863,59296.4546010172
0.1,D11_SMALL_ANGLE,2.12,6.55448828270342,16.2658590667568,0.0530004529888654,0.0757298159482822,59294.2788956897
0.1,D11_SMALL_ANGLE,2.125,6.55419343503457,16.2654125632594,0.0533781748341952,0.0753572852416298,59292.0437114498
0.1,D11_SMALL_ANGLE,2.13,6.55388718969321,16.2649583820613,0.0537540094162429,0.0749749246752067,59289.7495480512
0.1,D11_SMALL_ANGLE,2.135,6.55356962224078,16.2644966056024,0.0541279077990632,0.074582819995701,59287.3969199742
0.1,D11_SMALL_ANGLE,2.14,6.55324081103231,16.2640273182315,0.054499821481535,0.0741810593823207,59284.9863562939
0.1,D11_SMALL_ANGLE,2.145,6.55290083719704,16.2635506061857,0.0548697024094679,0.0737697334243261,59282.518400546
0.1,D11_SMALL_ANGLE,2.15,6.55254978461843,16.2630665575684,0.0552375029875945,0.0733489350979433,59279.9936105877
0.1,D11_SMALL_ANGLE,2.155,6.55218773991344,16.262575262328,0.0556031760914472,0.0729187597426826,59277.4125584561
0.1,D11_SMALL_ANGLE,2.16,6.5518147924112,16.2620768122346,0.0559666750791132,0.0724793050370334,59274.7758302222
0.1,D11_SMALL_ANGLE,2.165,6.55143103413092,16.2615713008578,0.0563279538028683,0.0720306709735965,59272.0840258416
0.1,D11_SMALL_ANGLE,2.17,6.5510365597592,16.2610588235432,0.0566869666206832,0.0715729598336079,59269.3377590016
0.1,D11_SMALL_ANGLE,2.175,6.55063146662671,16.2605394773884,0.0570436684076023,0.0711062761608954,59266.5376569654
0.1,D11_SMALL_ANGLE,2.18,6.55021585468411,16.2600133612191,0.0573980145669904,0.0706307267352617,59263.6843604116
0.1,D11_SMALL_ANGLE,2.185,6.54978982647742,16.2594805755642,0.0577499610416446,0.0701464205453028,59260.7785232718
0.1,D11_SMALL_ANGLE,2.19,6.54935348712274,16.2589412226309,0.0580994643247692,0.0696534687606576,59257.8208125639
0.1,D11_SMALL_ANGLE,2.195,6.54890694428026,16.2583954062792,0.0584464814708104,0.0691519847037494,59254.8119082225
0.1,D11_SMALL_ANGLE,2.2,6.54845030812775,16.257843231996,0.0587909701061485,0.0686420838209241,59251.7525029255
0.1,D11_SMALL_ANGLE,2.205,6.54798369133336,16.2572848068689,0.0591328884396445,0.0681238836531222,59248.6433019187
0.1,D11_SMALL_ANGLE,2.21,6.54750720902779,16.2567202395593,0.0594721952730379,0.0675975038059562,59245.4850228357
0.1,D11_SMALL_ANGLE,2.215,6.54702097877592,16.2561496402754,0.0598088500111952,0.0670630659193474,59242.2783955161
0.1,D11_SMALL_ANGLE,2.22,6.5465251205478,16.2555731207452,0.0601428126722034,0.066520693636571,59239.0241618194
0.1,D11_SMALL_ANGLE,2.225,6.54601975668901,16.2549907941878,0.0604740438973093,0.0659705125728927,59235.7230754374
0.1,D11_SMALL_ANGLE,2.23,6.54550501189053,16.2544027752861,0.0608025049606994,0.0654126502836263,59232.3759017018
0.1,D11_SMALL_ANGLE,2.235,6.54498101315794,16.2538091801576,0.0611281577791195,0.0648472362317687,59228.9834173906
0.1,D11_SMALL_ANGLE,2.24,6.54444788978008,16.2532101263259,0.0614509649213311,0.0642744017551458,59225.5464105309
0.1,D11_SMALL_ANGLE,2.245,6.54390577329717,16.2526057326912,0.0617708896174025,0.0636942800330651,59222.0656801984
0.1,D11_SMALL_ANGLE,2.25,6.54335479746833,16.2519961195008,0.0620878957678322,0.063107006052558,59218.5420363153
0.1,D11_SMALL_ANGLE,2.255,6.54279509823862,16.2513814083191,0.0624019479525015,0.0625127165741546,59214.9762994449
0.1,D11_SMALL_ANGLE,2.26,6.54222681370544,16.2507617219976,0.0627130114394562,0.0619115500972089,59211.3693005833
0.1,D11_SMALL_ANGLE,2.265,6.5416500840845,16.2501371846441,0.0630210521935128,0.0613036468248165,59207.7218809489
0.1,D11_SMALL_ANGLE,2.27,6.54106505167519,16.2495079215917,0.0633260368846885,0.0606891486283097,59204.0348917699
0.1,D11_SMALL_ANGLE,2.275,6.54047186082552,16.2488740593682,0.0636279328964532,0.0600681990113348,59200.309194068
0.1,D11_SMALL_ANGLE,2.28,6.53987065789644,16.2482357256639,0.0639267083338,0.0594409430735325,59196.5456584412
0.1,D11_SMALL_ANGLE,2.285,6.53926159122579,16.2475930493004,0.0642223320311338,0.0588075274738529,59192.7451648431
0.1,D11_SMALL_ANGLE,2.29,6.53864481109166,16.2469461601983,0.0645147735599753,0.0581681003934591,59188.9086023608
0.1,D11_SMALL_ANGLE,2.295,6.5380204696753,16.246295189345,0.0648040032364786,0.0575228114982682,59185.0368689896
0.1,D11_SMALL_ANGLE,2.3,6.53738872102363,16.2456402687623,0.0650899921287602,0.056871811901166,59181.130871407
0.1,D11_SMALL_ANGLE,2.305,6.53674972101117,16.2449815314733,0.0653727120640394,0.0562152541238277,59177.191524743
0.1,D11_SMALL_ANGLE,2.31,6.53610362730161,16.2443191114696,0.0656521356355853,0.0555532920582174,59173.2197523493
0.1,D11_SMALL_ANGLE,2.315,6.53545059930891,16.2436531436776,0.0659282362094719,0.0548860809277834,59169.2164855667
0.1,D11_SMALL_ANGLE,2.32,6.53479079815796,16.2429837639258,0.0662009879311374,0.054213777248302,59165.1826634898
0.1,D11_SMALL_ANGLE,2.325,6.5341243866448,16.2423111089101,0.0664703657317475,0.0535365387884319,59161.1192327306
0.1,D11_SMALL_ANGLE,2.33,6.53345152919653,16.2416353161608,0.0667363453343609,0.0528545245299625,59157.0271471798
0.1,D11_SMALL_ANGLE,2.335,6.53277239183063,16.2409565240075,0.0669989032598942,0.0521678946277984,59152.9073677668
0.1,D11_SMALL_ANGLE,2.34,6.53208714211409,16.2402748715458,0.0672580168328877,0.0514768103696159,59148.7608622177
0.1,D11_SMALL_ANGLE,2.345,6.53139594912204,16.2395904986018,0.0675136641870672,0.0507814341353345,59144.588604812
0.1,D11_SMALL_ANGLE,2.35,6.53069898339599,16.2389035456981,0.0677658242707039,0.0500819293562742,59140.3915761376
0.1,D11_SMALL_ANGLE,2.355,6.5299964169018,16.2382141540188,0.0680144768517683,0.0493784604740721,59136.1707628444
0.1,D11_SMALL_ANGLE,2.36,6.52928842298726,16.237522465374,0.0682596025228788,0.0486711928994019,59131.9271573964
0.1,D11_SMALL_ANGLE,2.365,6.52857517633926,16.2368286221656,0.0685011827060433,0.0479602929704406,59127.6617578226
0.1,D11_SMALL_ANGLE,2.37,6.52785685294075,16.2361327673509,0.0687391996571925,0.047245927911149,59123.3755674669
0.1,D11_SMALL_ANGLE,2.375,6.52713363002726,16.235435044408,0.0689736364705036,0.046528265789318,59119.0695947359
0.1,D11_SMALL_ANGLE,2.38,6.52640568604324,16.2347355972999,0.0692044770825149,0.0458074754744686,59114.7448528468
0.1,D11_SMALL_ANGLE,2.385,6.52567320059797,16.2340345704387,0.0694317062760284,0.0450837265955517,59110.4023595733
0.1,D11_SMALL_ANGLE,2.39,6.52493635442127,16.2333321086502,0.0696553096838007,0.0443571894984771,59106.0431369909
0.1,D11_SMALL_ANGLE,2.395,6.52419532931891,16.2326283571377,0.0698752737920218,0.0436280352035006,59101.668211221
0.1,D11_SMALL_ANGLE,2.4,6.52345030812775,16.231923461446,0.0700915859435795,0.0428964353624561,59097.2786121747
0.1,D11_SMALL_ANGLE,2.405,6.52270147467062,16.2312175674259,0.0703042343411103,0.0421625622158803,59092.8753732953
0.1,D11_SMALL_ANGLE,2.41,6.52194901371097,16.2305108211974,0.0705132080498357,0.0414265885499567,59088.4595312997
0.1,D11_SMALL_ANGLE,2.415,6.52119311090728,16.2298033691139,0.0707184970001819,0.0406886876534216,59084.0321259205
0.1,D11_SMALL_ANGLE,2.42,6.52043395276725,16.2290953577261,0.0709200919901855,0.0399490332743273,59079.594199646
0.1,D11_SMALL_ANGLE,2.425,6.5196717266018,16.2283869337453,0.071117984687681,0.0392077995767188,59075.1467974603
0.1,D11_SMALL_ANGLE,2.43,6.51890662047883,16.2276782440076,0.0713121676322728,0.0384651610972533,59070.6909665835
0.1,D11_SMALL_ANGLE,2.435,6.51813882317683,16.2269694354373,0.0715026342370896,0.0377212927017183,59066.2277562103
0.1,D11_SMALL_ANGLE,2.44,6.51736852413829,16.2262606550106,0.0716893787903208,0.0369763695415362,59061.7582172492
0.1,D11_SMALL_ANGLE,2.445,6.51659591342298,16.2255520497193,0.0718723964565365,0.036230567010211,59057.2834020613
0.1,D11_SMALL_ANGLE,2.45,6.51582118166102,16.2248437665346,0.0720516832777885,0.0354840606997158,59052.8043641983
0.1,D11_SMALL_ANGLE,2.455,6.51504452000589,16.2241359523705,0.0722272361744938,0.0347370263568845,59048.3221581413
0.1,D11_SMALL_ANGLE,2.46,6.51426612008722,16.2234287540477,0.0723990529460994,0.0339896398398043,59043.8378390388
0.1,D11_SMALL_ANGLE,2.465,6.51348617396356,16.2227223182573,0.0725671322715304,0.0332420770741706,59039.352462445
0.1,D11_SMALL_ANGLE,2.47,6.51270487407493,16.2220167915245,0.0727314737094181,0.0324945140096791,59034.8670840581
0.1,D11_SMALL_ANGLE,2.475,6.5119224131954,16.2213123201726,0.0728920776981116,0.0317471265764446,59030.3827594587
0.1,D11_SMALL_ANGLE,2.48,6.51113898438547,16.2206090502867,0.0730489455554705,0.0310000906414345,59025.9005438486
0.1,D11_SMALL_ANGLE,2.485,6.51035478094449,16.2199071276776,0.0732020794784408,0.0302535819649599,59021.4214917898
0.1,D11_SMALL_ANGLE,2.49,6.50956999636291,16.2192066978461,0.0733514825424129,0.0295077761572031,59016.9466569432
0.1,D11_SMALL_ANGLE,2.495,6.5087848242746,16.2185079059466,0.073497158700362,0.0287628486348428,59012.4770918091
0.1,D11_SMALL_ANGLE,2.5,6.50799945840901,16.217810896752,0.0736391127817728,0.0280189745777282,59008.0138474664
0.1,D11_SMALL_ANGLE,2.505,6.50721409254342,16.2171158146173,0.0737773504913469,0.0272763288856428,59003.5579733139
0.1,D11_SMALL_ANGLE,2.51,6.5064289204551,16.2164228034446,0.0739118784074948,0.0265350861351887,58999.1105168111
0.1,D11_SMALL_ANGLE,2.515,6.50564413587353,16.2157320066469,0.0740427039806121,0.0257954205367366,58994.6725232204
0.1,D11_SMALL_ANGLE,2.52,6.50485993243254,16.2150435671137,0.0741698355311415,0.0250575058915601,58990.2450353494
0.1,D11_SMALL_ANGLE,2.525,6.50407650362262,16.2143576271749,0.0742932822474198,0.0243215155490173,58985.8290932941
0.1,D11_SMALL_ANGLE,2.53,6.50329404274308,16.2136743285662,0.0744130541833119,0.0235876223639497,58981.4257341837
0.1,D11_SMALL_ANGLE,2.535,6.50251274285445,16.2129938123943,0.0745291622556322,0.0228559986541672,58977.035991925
0.1,D11_SMALL_ANGLE,2.54,6.50173279673079,16.2123162191016,0.074641618241353,0.0221268161581545,58972.6608969489
0.1,D11_SMALL_ANGLE,2.545,6.50095439681213,16.2116416884323,0.0747504347746031,0.0214002459928988,58968.3014759574
0.1,D11_SMALL_ANGLE,2.55,6.500177735157,16.2109703593975,0.0748556253434545,0.0206764586119199,58963.9587516715
0.1,D11_SMALL_ANGLE,2.555,6.49940300339504,16.2103023702411,0.0749572042865013,0.0199556237634795,58959.6337425809
0.1,D11_SMALL_ANGLE,2.56,6.49863039267972,16.209637858406,0.0750551867892289,0.0192379104490357,58955.3274626942
0.1,D11_SMALL_ANGLE,2.565,6.49786009364118,16.2089769604999,0.0751495888801767,0.0185234868818274,58951.040921291
0.1,D11_SMALL_ANGLE,2.57,6.49709229633918,16.2083198122622,0.0752404274268938,0.0178125204457604,58946.7751226746
0.1,D11_SMALL_ANGLE,2.575,6.49632719021621,16.2076665485301,0.0753277201316902,0.0171051776544751,58942.5310659269
0.1,D11_SMALL_ANGLE,2.58,6.49556496405076,16.2070173032059,0.0754114855271835,0.0164016241106832,58938.3097446641
0.1,D11_SMALL_ANGLE,2.585,6.49480580591074,16.2063722092236,0.0754917429716432,0.0157020244657176,58934.1121467943
0.1,D11_SMALL_ANGLE,2.59,6.49404990310705,16.2057313985168,0.0755685126441333,0.0150065423793926,58929.9392542764
0.1,D11_SMALL_ANGLE,2.595,6.49329744214739,16.2050950019857,0.0756418155394547,0.0143153404800866,58925.7920428805
0.1,D11_SMALL_ANGLE,2.6,6.49254860869026,16.2044631494654,0.0757116734628889,0.0136285803251397,58921.6714819508
0.1,D11_SMALL_ANGLE,2.605,6.4918035874991,16.2038359696938,0.0757781090247445,0.0129464223615035,58917.578534169
0.1,D11_SMALL_ANGLE,2.61,6.49106256239674,16.2032135902801,0.0758411456347074,0.0122690258867308,58913.5141553204
0.1,D11_SMALL_ANGLE,2.615,6.49032571622004,16.2025961376731,0.0759008074959969,0.0115965490102248,58909.4792940613
0.1,D11_SMALL_ANGLE,2.62,6.48959323077477,16.2019837371308,0.0759571195993288,0.010929148614844,58905.4748916891
0.1,D11_SMALL_ANGLE,2.625,6.48886528679075,16.2013765126891,0.0760101077166874,0.0102669803187947,58901.5018819128
0.1,D11_SMALL_ANGLE,2.63,6.48814206387727,16.2007745871316,0.0760597983949074,0.00961019843789757,58897.5611906274
0.1,D11_SMALL_ANGLE,2.635,6.48742374047875,16.2001780819594,0.0761062189490687,0.00895895594815777,58893.6537356889
0.1,D11_SMALL_ANGLE,2.64,6.48671049383075,16.1995871173615,0.0761493974557044,0.00831340444869966,58889.7804266922
0.1,D11_SMALL_ANGLE,2.645,6.48600249991621,16.199001812185,0.0761893627458241,0.00767369412506724,58885.9421647504
0.1,D11_SMALL_ANGLE,2.65,6.48529993342203,16.1984222839062,0.0762261443977555,0.00703997371288523,58882.1398422773
0.1,D11_SMALL_ANGLE,2.655,6.48460296769598,16.1978486486018,0.0762597727298046,0.00641239046188247,58878.3743427713
0.1,D11_SMALL_ANGLE,2.66,6.48391177470392,16.1972810209202,0.0762902787927369,0.0057910901003293,58874.646540602
0.1,D11_SMALL_ANGLE,2.665,6.48322652498739,16.1967195140538,0.0763176943620822,0.00517621679982838,58870.957300799
0.1,D11_SMALL_ANGLE,2.67,6.48254738762149,16.1961642397109,0.0763420519302639,0.0045679131405354,58867.3074788432
0.1,D11_SMALL_ANGLE,2.675,6.48187453017321,16.1956153080885,0.0763633846985559,0.00396632007678477,58863.6979204607
0.1,D11_SMALL_ANGLE,2.68,6.48120811866006,16.1950728278454,0.0763817265688682,0.00337157690308665,58860.1294614185
0.1,D11_SMALL_ANGLE,2.685,6.4805483175091,16.1945369060755,0.0763971121353638,0.00278382122061238,58856.6029273237
0.1,D11_SMALL_ANGLE,2.69,6.4798952895164,16.1940076482813,0.0764095766759089,0.00220318890406546,58853.1191334244
0.1,D11_SMALL_ANGLE,2.695,6.47924919580684,16.1934851583487,0.0764191561433591,0.00162981406901075,58849.6788844141
0.1,D11_SMALL_ANGLE,2.7,6.47861019579438,16.1929695385211,0.0764258871566824,0.001063829039607,58846.2829742376
0.1,D11_SMALL_ANGLE,2.705,6.47797844714271,16.1924608893744,0.0764298069919227,0.000505364316859769,58842.9321859012
0.1,D11_SMALL_ANGLE,2.71,6.47735410572636,16.1919593097926,0.0764309535730057,-4.54514527294947e-05,58839.6272912836
0.1,D11_SMALL_ANGLE,2.715,6.47673732559222,16.1914648969436,0.076429365462389,-0.000588491508004552,58836.369050952
0.1,D11_SMALL_ANGLE,2.72,6.47612825892157,16.1909777462551,0.0764250818515589,-0.00112363100357094,58833.1582139786
0.1,D11_SMALL_ANGLE,2.725,6.4755270559925,16.1904979513919,0.0764181425513768,-0.0016507470396796,58829.9955177619
0.1,D11_SMALL_ANGLE,2.73,6.47493386514282,16.1900256042322,0.0764085879822775,-0.00216971869167892,58826.8816878499
0.1,D11_SMALL_ANGLE,2.735,6.47434883273352,16.1895607948457,0.0763964591643207,-0.0026804270389249,58823.8174377664
0.1,D11_SMALL_ANGLE,2.74,6.47377210311257,16.1891036114717,0.0763817977070998,-0.00318275519323485,58820.8034688406
0.1,D11_SMALL_ANGLE,2.745,6.47320381857939,16.1886541404968,0.0763646457995097,-0.0036765883268135,58817.8404700391
0.1,D11_SMALL_ANGLE,2.75,6.47264411934968,16.1882124664348,0.0763450461993761,-0.00416181369968172,58814.9291178019
0.1,D11_SMALL_ANGLE,2.755,6.47209314352085,16.1877786719052,0.0763230422229487,-0.00463832068658299,58812.0700758805
0.1,D11_SMALL_ANGLE,2.76,6.47155102703794,16.1873528376133,0.0762986777342615,-0.00510600080337298,58809.2639951798
0.1,D11_SMALL_ANGLE,2.765,6.47101790366008,16.1869350423308,0.0762719971343625,-0.00556474773286197,58806.5115136028
0.1,D11_SMALL_ANGLE,2.77,6.47049390492749,16.1865253628761,0.0762430453504152,-0.00601445735017414,58803.813255899
0.1,D11_SMALL_ANGLE,2.775,6.46997916012901,16.1861238740959,0.0762118678246751,-0.00645502774750817,58801.1698335149
0.1,D11_SMALL_ANGLE,2.78,6.46947379627022,16.1857306488467,0.076178510503343,-0.00688635925840586,58798.5818444496
0.1,D11_SMALL_ANGLE,2.785,6.46897793804209,16.1853457579771,0.0761430198252994,-0.00730835448143985,58796.0498731114
0.1,D11_SMALL_ANGLE,2.79,6.46849170779022,16.1849692703105,0.0761054427107208,-0.00772091830335953,58793.5744901798
0.1,D11_SMALL_ANGLE,2.795,6.46801522548465,16.1846012526284,0.0760658265495824,-0.0081239579216934,58791.1562524698
0.1,D11_SMALL_ANGLE,2.8,6.46754860869026,16.184241769654,0.0760242191900485,-0.00851738286675285,58788.7957027995
0.1,D11_SMALL_ANGLE,2.805,6.46709197253776,16.1838908840363,0.0759806689267553,-0.00890110502311003,58786.4933698613
0.1,D11_SMALL_ANGLE,2.81,6.46664542969528,16.1835486563352,0.0759352244889867,-0.00927503865047896,58784.2497680971
0.1,D11_SMALL_ANGLE,2.815,6.46620909034059,16.1832151450063,0.0758879350287476,-0.00963910040403171,58782.0653975758
0.1,D11_SMALL_ANGLE,2.82,6.46578306213391,16.182890406387,0.0758388501087372,-0.00999320935411774,58779.9407438753
0.1,D11_SMALL_ANGLE,2.825,6.4653674501913,16.1825744946825,0.0757880196902249,-0.0103372870054272,58777.8762779674
0.1,D11_SMALL_ANGLE,2.83,6.46496235705881,16.1822674619526,0.075735494120832,-0.010671257315547,58775.8724561067
0.1,D11_SMALL_ANGLE,2.835,6.4645678826871,16.1819693580993,0.075681324122222,-0.0109950467129316,58773.9297197224
0.1,D11_SMALL_ANGLE,2.84,6.46418412440681,16.1816802308543,0.0756255607777027,-0.0113085841142606,58772.0484953144
0.1,D11_SMALL_ANGLE,2.845,6.46381117690457,16.1814001257676,0.0755682555197425,-0.0116118009412443,58770.2291943525
0.1,D11_SMALL_ANGLE,2.85,6.46344913219959,16.1811290861962,0.0755094601174052,-0.0119046311367672,58768.4722131794
0.1,D11_SMALL_ANGLE,2.855,6.46309807962098,16.1808671532937,0.0754492266637044,-0.0121870111804707,58766.7779329172
0.1,D11_SMALL_ANGLE,2.86,6.46275810578571,16.1806143660002,0.0753876075628823,-0.0124588801037149,58765.1467193777
0.1,D11_SMALL_ANGLE,2.865,6.46242929457723,16.180370761033,0.0753246555176151,-0.0127201795039174,58763.5789229765
0.1,D11_SMALL_ANGLE,2.87,6.46211172712481,16.1801363728772,0.0752604235161477,-0.0129708535582829,58762.0748786503
0.1,D11_SMALL_ANGLE,2.875,6.46180548178344,16.1799112337778,0.0751949648193623,-0.0132108490369394,58760.6349057784
0.1,D11_SMALL_ANGLE,2.88,6.46151063411459,16.1796953737315,0.0751283329477818,-0.0134401153154169,58759.2593081075
0.1,D11_SMALL_ANGLE,2.885,6.46122725686751,16.1794888204797,0.0750605816685131,-0.0136586043865368,58757.9483736808
0.1,D11_SMALL_ANGLE,2.89,6.4609554199613,16.1792915995015,0.0749917649821321,-0.0138662708716453,58756.7023747701
0.1,D11_SMALL_ANGLE,2.895,6.46069519046763,16.1791037340075,0.0749219371095144,-0.0140630720312505,58755.5215678125
0.1,D11_SMALL_ANGLE,2.9,6.46044663259425,16.1789252449343,0.0748511524786141,-0.0142489677750177,58754.4061933499
0.1,D11_SMALL_ANGLE,2.905,6.46020980766909,16.1787561509394,0.0747794657111946,-0.0144239206711383,58753.3564759732
0.1,D11_SMALL_ANGLE,2.91,6.45998477412516,16.1785964683965,0.0747069316095134,-0.0145878959550458,58752.3726242697
0.1,D11_SMALL_ANGLE,2.915,6.45977158748612,16.1784462113917,0.0746336051429659,-0.0147408615375451,58751.4548307747
0.1,D11_SMALL_ANGLE,2.92,6.45957030035258,16.1783053917198,0.0745595414346893,-0.0148827880122404,58750.6032719265
0.1,D11_SMALL_ANGLE,2.925,6.45938096238912,16.1781740188819,0.0744847957481313,-0.0150136486623911,58749.8181080256
0.1,D11_SMALL_ANGLE,2.93,6.45920362031207,16.1780521000824,0.0744094234735862,-0.0151334194670945,58749.0994831974
0.1,D11_SMALL_ANGLE,2.935,6.45903831787792,16.1779396402281,0.0743334801147015,-0.0152420791068373,58748.447525359
0.1,D11_SMALL_ANGLE,2.94,6.45888509587257,16.1778366419262,0.0742570212749584,-0.0153396089683824,58747.8623461897
0.1,D11_SMALL_ANGLE,2.945,6.45874399210127,16.1777431054842,0.0741801026441295,-0.0154259931490852,58747.3440411055
0.1,D11_SMALL_ANGLE,2.95,6.45861504137925,16.1776590289097,0.0741027799847165,-0.0155012184604821,58746.8926892371
0.1,D11_SMALL_ANGLE,2.955,6.45849827552318,16.1775844079105,0.0740251091183714,-0.0155652744312871,58746.5083534123
0.1,D11_SMALL_ANGLE,2.96,6.45839372334328,16.1775192358965,0.073947145912305,-0.0156181533097453,58746.1910801415
0.1,D11_SMALL_ANGLE,2.965,6.45830141063625,16.1774635039803,0.0738689462656841,-0.0156598500653118,58745.9408996081
0.1,D11_SMALL_ANGLE,2.97,6.45822136017885,16.1774172009802,0.0737905660960229,-0.0156903623897371,58745.7578256616
0.1,D11_SMALL_ANGLE,2.975,6.45815359172235,16.1773803134224,0.0737120613255701,-0.0157096906974488,58745.6418558153
0.1,D11_SMALL_ANGLE,2.98,6.45809812198759,16.1773528255444,0.073633487867696,-0.0157178381253509,58745.5929712479
0.1,D11_SMALL_ANGLE,2.985,6.45805496466091,16.177334719299,0.0735549016132817,-0.0157148105319305,58745.6111368084
0.1,D11_SMALL_ANGLE,2.99,6.45802413039072,16.1773259743586,0.073476358417115,-0.0157006164957441,58745.6963010255
0.1,D11_SMALL_ANGLE,2.995,6.45800562678492,16.17732656812,0.0733979140842951,-0.0156752673132736,58745.8483961204
0.1,D11_SMALL_ANGLE,3,6.45799945840901,16.1773364757102,0.0733196243566497,-0.0156387769961093,58746.0673380233
0.1,D11_SMALL_ANGLE,3.005,6.45799945840901,16.1773553157318,0.0732415307018054,-0.0155996190268191,58746.3022858391
0.1,D11_SMALL_ANGLE,3.01,6.45799945840901,16.1773814515166,0.0731636199758108,-0.0155654033771757,58746.5075797369
0.1,D11_SMALL_ANGLE,3.015,6.45799945840901,16.1774132877352,0.0730858702486299,-0.0155350612755534,58746.6896323467
0.1,D11_SMALL_ANGLE,3.02,6.45799945840901,16.1774495752793,0.0730082643304574,-0.015507755884574,58746.8534646926
0.1,D11_SMALL_ANGLE,3.025,6.45799945840901,16.1774893361267,0.0729307887430436,-0.0154828319676756,58747.0030081939
0.1,D11_SMALL_ANGLE,3.03,6.45799945840901,16.1775318045114,0.072853432914259,-0.0154597764790996,58747.1413411254
0.1,D11_SMALL_ANGLE,3.035,6.45799945840901,16.1775763808609,0.0727761885474484,-0.0154381877064704,58747.2708737612
0.1,D11_SMALL_ANGLE,3.04,6.45799945840901,16.1776225957304,0.0726990491276452,-0.0154177511099913,58747.39349334
0.1,D11_SMALL_ANGLE,3.045,6.45799945840901,16.1776700815628,0.0726220095349425,-0.0153982204048599,58747.5106775708
0.1,D11_SMALL_ANGLE,3.05,6.45799945840901,16.1777185505782,0.0725450657417682,-0.0153794027490886,58747.6235835055
0.1,D11_SMALL_ANGLE,3.055,6.45799945840901,16.1777677774611,0.0724682145758553,-0.0153611471457555,58747.7331171255
0.1,D11_SMALL_ANGLE,3.06,6.45799945840901,16.1778175858049,0.0723914535346497,-0.0153433353621075,58747.8399878274
0.1,D11_SMALL_ANGLE,3.065,6.45799945840901,16.1778678374981,0.0723147806399949,-0.0153258748193625,58747.9447510838
0.1,D11_SMALL_ANGLE,3.07,6.45799945840901,16.1779184244136,0.0722381943243507,-0.0153086930254744,58748.0478418471
0.1,D11_SMALL_ANGLE,3.075,6.45799945840901,16.1779692619018,0.0721616933417047,-0.0152917332160865,58748.1496007035
0.1,D11_SMALL_ANGLE,3.08,6.45799945840901,16.1780202836959,0.0720852766978166,-0.0152749509414374,58748.2502943514
0.1,D11_SMALL_ANGLE,3.085,6.45799945840901,16.1780714379224,0.0720089435956004,-0.0152583113939411,58748.3501316364
0.1,D11_SMALL_ANGLE,3.09,6.45799945840901,16.1781226839773,0.0719326933923592,-0.0152417873157198,58748.4492761057
0.1,D11_SMALL_ANGLE,3.095,6.45799945840901,16.1781739900811,0.0718565255663008,-0.0152253573602472,58748.5478558385
0.1,D11_SMALL_ANGLE,3.1,6.45799945840901,16.1782253313633,0.0717804396903196,-0.0152090048095062,58748.645971143
0.1,D11_SMALL_ANGLE,3.105,6.45799945840901,16.1782766883631,0.071704435411468,-0.0151927165695476,58748.7437005827
0.1,D11_SMALL_ANGLE,3.11,6.45799945840901,16.1783280458555,0.0716285124348833,-0.0151764823840299,58748.8411056958
0.1,D11_SMALL_ANGLE,3.115,6.45799945840901,16.1783793919321,0.0715526705112019,-0.0151602942184219,58748.9382346895
0.1,D11_SMALL_ANGLE,3.12,6.45799945840901,16.1784307172812,0.0714769094267053,-0.0151441457778585,58749.0351253328
0.1,D11_SMALL_ANGLE,3.125,6.45799945840901,16.1784820146245,0.0714012289956043,-0.0151280321296046,58749.1318072224
0.1,D11_SMALL_ANGLE,3.13,6.45799945840901,16.1785332782755,0.0713256290539975,-0.0151119494074585,58749.2283035552
0.1,D11_SMALL_ANGLE,3.135,6.45799945840901,16.1785845037944,0.0712501094551412,-0.0150958945803161,58749.3246325181
0.1,D11_SMALL_ANGLE,3.14,6.45799945840901,16.1786356877171,0.0711746700657455,-0.0150798652709341,58749.4208083744
0.1,D11_SMALL_ANGLE,3.145,6.45799945840901,16.1786868273439,0.0710993107630744,-0.0150638596140524,58749.5168423157
0.1,D11_SMALL_ANGLE,3.15,6.45799945840901,16.1787379205734,0.0710240314326745,-0.0150478761452746,58749.6127431284
0.1,D11_SMALL_ANGLE,3.155,6.45799945840901,16.1787889657725,0.0709488319665979,-0.0150319137140915,58749.7085177154
0.1,D11_SMALL_ANGLE,3.16,6.45799945840901,16.1788399616751,0.0708737122620093,-0.0150159714157709,58749.8041715054
0.1,D11_SMALL_ANGLE,3.165,6.45799945840901,16.1788909073021,0.0707986722200965,-0.0150000485380097,58749.8997087719
0.1,D11_SMALL_ANGLE,3.17,6.45799945840901,16.1789418018993,0.0707237117452165,-0.0149841445191896,58749.9951328849
0.1,D11_SMALL_ANGLE,3.175,6.45799945840901,16.1789926448886,0.0706488307442272,-0.0149682589156814,58750.0904465059
0.1,D11_SMALL_ANGLE,3.18,6.45799945840901,16.1790434358296,0.0705740291259645,-0.0149523913762337,58750.1856517426
0.1,D11_SMALL_ANGLE,3.185,6.45799945840901,16.1790941743899,0.0704993068008321,-0.014936541621946,58750.2807502683
0.1,D11_SMALL_ANGLE,3.19,6.45799945840901,16.1791448603214,0.0704246636804808,-0.0149207094305499,58750.3757434167
0.1,D11_SMALL_ANGLE,3.195,6.45799945840901,16.1791954934425,0.0703500996775573,-0.0149048946241521,58750.4706322551
0.1,D11_SMALL_ANGLE,3.2,6.45799945840901,16.1792460736229,0.0702756147055074,-0.0148890970595765,58750.5654176425
0.1,D11_SMALL_ANGLE,3.205,6.45799945840901,16.179296600773,0.070201208678422,-0.0148733166208572,58750.6601002749
0.1,D11_SMALL_ANGLE,3.21,6.45799945840901,16.1793470748351,0.0701268815109163,-0.0148575532133304,58750.75468072
0.1,D11_SMALL_ANGLE,3.215,6.45799945840901,16.1793974957762,0.0700526331180356,-0.0148418067590175,58750.8491594459
0.1,D11_SMALL_ANGLE,3.22,6.45799945840901,16.1794478635824,0.0699784634151808,-0.0148260771930033,58750.943536842
0.1,D11_SMALL_ANGLE,3.225,6.45799945840901,16.1794981782555,0.069904372318051,-0.0148103644606046,58751.0378132364
0.1,D11_SMALL_ANGLE,3.23,6.45799945840901,16.1795484398088,0.0698303597425977,-0.014794668515167,58751.131988909
0.1,D11_SMALL_ANGLE,3.235,6.45799945840901,16.1795986482652,0.0697564256049894,-0.0147789893163104,58751.2260641021
0.1,D11_SMALL_ANGLE,3.24,6.45799945840901,16.1796488036545,0.0696825698215836,-0.0147633268285805,58751.3200390285
0.1,D11_SMALL_ANGLE,3.245,6.45799945840901,16.1796989060125,0.0696087923089051,-0.014747681020383,58751.4139138777
0.1,D11_SMALL_ANGLE,3.25,6.45799945840901,16.1797489553792,0.0695350929836287,-0.0147320518631435,58751.5076888211
0.1,D11_SMALL_ANGLE,3.255,6.45799945840901,16.1797989517982,0.0694614717625662,-0.0147164393306678,58751.601364016
0.1,D11_SMALL_ANGLE,3.26,6.45799945840901,16.1798488953157,0.0693879285626551,-0.0147008433986251,58751.6949396082
0.1,D11_SMALL_ANGLE,3.265,6.45799945840901,16.1798987859801,0.0693144633009511,-0.0146852640441359,58751.7884157352
0.1,D11_SMALL_ANGLE,3.27,6.45799945840901,16.1799486238413,0.0692410758946211,-0.0146697012454808,58751.8817925271
0.1,D11_SMALL_ANGLE,3.275,6.45799945840901,16.1799984089506,0.0691677662609382,-0.0146541549818391,58751.975070109
0.1,D11_SMALL_ANGLE,3.28,6.45799945840901,16.1800481413601,0.0690945343172781,-0.0146386252330952,58752.0682486014
0.1,D11_SMALL_ANGLE,3.285,6.45799945840901,16.1800978211228,0.0690213799811153,-0.0146231119797164,58752.1613281217
0.1,D11_SMALL_ANGLE,3.29,6.45799945840901,16.1801474482923,0.0689483031700208,-0.0146076152025891,58752.2543087845
0.1,D11_SMALL_ANGLE,3.295,6.45799945840901,16.1801970229223,0.0688753038016605,-0.0145921348829656,58752.3471907022
0.1,D11_SMALL_ANGLE,3.3,6.45799945840901,16.1802465450674,0.0688023817937931,-0.0145766710023683,58752.4399739858
0.1,D11_SMALL_ANGLE,3.305,6.45799945840901,16.1802960147819,0.0687295370642691,-0.0145612235425485,58752.5326587447
0.1,D11_SMALL_ANGLE,3.31,6.45799945840901,16.1803454321207,0.06865676953103,-0.0145457924854409,58752.6252450874
0.1,D11_SMALL_ANGLE,3.315,6.45799945840901,16.1803947971385,0.068584079112107,-0.0145303778131094,58752.7177331213
0.1,D11_SMALL_ANGLE,3.32,6.45799945840901,16.1804441098903,0.0685114657256208,-0.0145149795077497,58752.8101229535
0.1,D11_SMALL_ANGLE,3.325,6.45799945840901,16.180493370431,0.0684389292897809,-0.0144995975516391,58752.9024146902
0.1,D11_SMALL_ANGLE,3.33,6.45799945840901,16.1805425788157,0.0683664697228853,-0.014484231927149,58752.9946084371
0.1,D11_SMALL_ANGLE,3.335,6.45799945840901,16.1805917350994,0.0682940869433196,-0.0144688826166934,58753.0867042998
0.1,D11_SMALL_ANGLE,3.34,6.45799945840901,16.1806408393371,0.0682217808695576,-0.0144535496027718,58753.1787023834
0.1,D11_SMALL_ANGLE,3.345,6.45799945840901,16.1806898915838,0.0681495514201604,-0.0144382328679082,58753.2706027925
0.1,D11_SMALL_ANGLE,3.35,6.45799945840901,16.1807388918945,0.068077398513776,-0.014422932394675,58753.362405632
0.1,D11_SMALL_ANGLE,3.355,6.45799945840901,16.1807878403242,0.0680053220691401,-0.0144076481656867,58753.4541110059
0.1,D11_SMALL_ANGLE,3.36,6.45799945840901,16.1808367369278,0.0679333220050746,-0.0143923801635744,58753.5457190186
0.1,D11_SMALL_ANGLE,3.365,6.45799945840901,16.18088558176,0.0678613982404886,-0.0143771283710148,58753.6372297739
0.1,D11_SMALL_ANGLE,3.37,6.45799945840901,16.1809343748759,0.0677895506943776,-0.0143618927707099,58753.7286433757
0.1,D11_SMALL_ANGLE,3.375,6.45799945840901,16.18098311633,0.0677177792858235,-0.0143466733453739,58753.8199599278
0.1,D11_SMALL_ANGLE,3.38,6.45799945840901,16.1810318061772,0.0676460839339945,-0.0143314700777584,58753.9111795335
0.1,D11_SMALL_ANGLE,3.385,6.45799945840901,16.1810804444722,0.0675744645581453,-0.0143162829506309,58754.0023022962
0.1,D11_SMALL_ANGLE,3.39,6.45799945840901,16.1811290312694,0.0675029210776163,-0.014301111946784,58754.0933283193
0.1,D11_SMALL_ANGLE,3.395,6.45799945840901,16.1811775666236,0.0674314534118342,-0.0142859570490277,58754.1842577058
0.1,D11_SMALL_ANGLE,3.4,6.45799945840901,16.1812260505892,0.0673600614803114,-0.0142708182401936,58754.2750905588
0.1,D11_SMALL_ANGLE,3.405,6.45799945840901,16.1812744832207,0.0672887452026461,-0.0142556955031363,58754.3658269812
0.1,D11_SMALL_ANGLE,3.41,6.45799945840901,16.1813228645724,0.0672175044985225,-0.0142405888207264,58754.4564670756
0.1,D11_SMALL_ANGLE,3.415,6.45799945840901,16.1813711946987,0.0671463392877099,-0.0142254981758558,58754.5470109449
0.1,D11_SMALL_ANGLE,3.42,6.45799945840901,16.1814194736539,0.0670752494900634,-0.0142104235514307,58754.6374586914
0.1,D11_SMALL_ANGLE,3.425,6.45799945840901,16.1814677014923,0.0670042350255235,-0.0141953649303836,58754.7278104177
0.1,D11_SMALL_ANGLE,3.43,6.45799945840901,16.1815158782679,0.0669332958141159,-0.0141803222956618,58754.818066226
0.1,D11_SMALL_ANGLE,3.435,6.45799945840901,16.1815640040349,0.0668624317759516,-0.0141652956302281,58754.9082262186
0.1,D11_SMALL_ANGLE,3.44,6.45799945840901,16.1816120788474,0.0667916428312267,-0.0141502849170738,58754.9982904976
0.1,D11_SMALL_ANGLE,3.445,6.45799945840901,16.1816601027594,0.0667209289002222,-0.0141352901391976,58755.0882591648
0.1,D11_SMALL_ANGLE,3.45,6.45799945840901,16.1817080758248,0.0666502899033044,-0.0141203112796262,58755.1781323222
0.1,D11_SMALL_ANGLE,3.455,6.45799945840901,16.1817559980974,0.0665797257609239,-0.0141053483213955,58755.2679100716
0.1,D11_SMALL_ANGLE,3.46,6.45799945840901,16.1818038696312,0.0665092363936166,-0.0140904012475644,58755.3575925146
0.1,D11_SMALL_ANGLE,3.465,6.45799945840901,16.1818516904798,0.0664388217220027,-0.0140754700412096,58755.4471797527
0.1,D11_SMALL_ANGLE,3.47,6.45799945840901,16.1818994606971,0.0663684816667871,-0.0140605546854289,58755.5366718874
0.1,D11_SMALL_ANGLE,3.475,6.45799945840901,16.1819471803366,0.0662982161487592,-0.0140456551633292,58755.62606902
0.1,D11_SMALL_ANGLE,3.48,6.45799945840901,16.181994849452,0.0662280250887927,-0.0140307714580477,58755.7153712517
0.1,D11_SMALL_ANGLE,3.485,6.45799945840901,16.1820424680968,0.0661579084078456,-0.0140159035527336,58755.8045786836
0.1,D11_SMALL_ANGLE,3.49,6.45799945840901,16.1820900363245,0.0660878660269603,-0.0140010514305509,58755.8936914167
0.1,D11_SMALL_ANGLE,3.495,6.45799945840901,16.1821375541885,0.0660178978672631,-0.0139862150746861,58755.9827095519
0.1,D11_SMALL_ANGLE,3.5,6.45799945840901,16.1821850217422,0.0659480038499644,-0.0139713944683457,58756.0716331899
0.1,D11_SMALL_ANGLE,3.505,6.45799945840901,16.1822324390389,0.0658781838963586,-0.0139565895947502,58756.1604624315
0.1,D11_SMALL_ANGLE,3.51,6.45799945840901,16.1822798061319,0.0658084379278238,-0.0139418004371397,58756.2491973772
0.1,D11_SMALL_ANGLE,3.515,6.45799945840901,16.1823271230744,0.065738765865822,-0.0139270269787701,58756.3378381274
0.1,D11_SMALL_ANGLE,3.52,6.45799945840901,16.1823743899195,0.0656691676318988,-0.0139122692029172,58756.4263847825
0.1,D11_SMALL_ANGLE,3.525,6.45799945840901,16.1824216067203,0.0655996431476834,-0.0138975270928761,58756.5148374427
0.1,D11_SMALL_ANGLE,3.53,6.45799945840901,16.1824687735299,0.0655301923348884,-0.0138828006319578,58756.6031962082
0.1,D11_SMALL_ANGLE,3.535,6.45799945840901,16.1825158904011,0.0654608151153099,-0.0138680898034913,58756.691461179
0.1,D11_SMALL_ANGLE,3.54,6.45799945840901,16.1825629573871,0.0653915114108273,-0.0138533945908232,58756.7796324551
0.1,D11_SMALL_ANGLE,3.545,6.45799945840901,16.1826099745405,0.0653222811434033,-0.0138387149773216,58756.8677101361
0.1,D11_SMALL_ANGLE,3.55,6.45799945840901,16.1826569419143,0.0652531242350834,-0.0138240509463685,58756.9556943218
0.1,D11_SMALL_ANGLE,3.555,6.45799945840901,16.1827038595612,0.0651840406079965,-0.0138094024813604,58757.0435851118
0.1,D11_SMALL_ANGLE,3.56,6.45799945840901,16.1827507275338,0.0651150301843544,-0.0137947695657221,58757.1313826057
0.1,D11_SMALL_ANGLE,3.565,6.45799945840901,16.1827975458848,0.0650460928864515,-0.0137801521828855,58757.2190869027
0.1,D11_SMALL_ANGLE,3.57,6.45799945840901,16.1828443146669,0.0649772286366653,-0.0137655503163092,58757.3066981021
0.1,D11_SMALL_ANGLE,3.575,6.45799945840901,16.1828910339325,0.0649084373574557,-0.0137509639494624,58757.3942163032
0.1,D11_SMALL_ANGLE,3.58,6.45799945840901,16.1829377037341,0.0648397189713655,-0.0137363930658339,58757.481641605
0.1,D11_SMALL_ANGLE,3.585,6.45799945840901,16.1829843241241,0.0647710734010197,-0.0137218376489319,58757.5689741064
0.1,D11_SMALL_ANGLE,3.59,6.45799945840901,16.1830308951549,0.0647025005691259,-0.0137072976822825,58757.6562139063
0.1,D11_SMALL_ANGLE,3.595,6.45799945840901,16.1830774168788,0.0646340003984741,-0.0136927731494296,58757.7433611034
0.1,D11_SMALL_ANGLE,3.6,6.45799945840901,16.183123889348,0.0645655728119362,-0.0136782640339312,58757.8304157964
0.1,D11_SMALL_ANGLE,3.605,6.45799945840901,16.1831703126148,0.0644972177324667,-0.0136637703193667,58757.9173780838
0.1,D11_SMALL_ANGLE,3.61,6.45799945840901,16.1832166867313,0.0644289350831019,-0.0136492919893261,58758.004248064
0.1,D11_SMALL_ANGLE,3.615,6.45799945840901,16.1832630117495,0.06436072478696,-0.0136348290274348,58758.0910258354
0.1,D11_SMALL_ANGLE,3.62,6.45799945840901,16.1833092877216,0.0642925867672414,-0.0136203814173133,58758.1777114961
0.1,D11_SMALL_ANGLE,3.625,6.45799945840901,16.1833555146994,0.0642245209472281,-0.0136059491426117,58758.2643051443
0.1,D11_SMALL_ANGLE,3.63,6.45799945840901,16.1834016927349,0.0641565272502837,-0.0135915321870002,58758.350806878
0.1,D11_SMALL_ANGLE,3.635,6.45799945840901,16.18344782188,0.0640886055998536,-0.0135771305341557,58758.4372167951
0.1,D11_SMALL_ANGLE,3.64,6.45799945840901,16.1834939021864,0.0640207559194648,-0.0135627441677872,58758.5235349933
0.1,D11_SMALL_ANGLE,3.645,6.45799945840901,16.183539933706,0.0639529781327256,-0.0135483730716057,58758.6097615704
0.1,D11_SMALL_ANGLE,3.65,6.45799945840901,16.1835859164903,0.0638852721633257,-0.0135340172293539,58758.6958966239
0.1,D11_SMALL_ANGLE,3.655,6.45799945840901,16.1836318505912,0.0638176379350362,-0.0135196766247763,58758.7819402513
0.1,D11_SMALL_ANGLE,3.66,6.45799945840901,16.1836777360601,0.0637500753717091,-0.0135053512416548,58758.8678925501
0.1,D11_SMALL_ANGLE,3.665,6.45799945840901,16.1837235729486,0.0636825843972777,-0.0134910410637676,58758.9537536174
0.1,D11_SMALL_ANGLE,3.67,6.45799945840901,16.1837693613081,0.0636151649357565,-0.0134767460749252,58759.0395235504
0.1,D11_SMALL_ANGLE,3.675,6.45799945840901,16.1838151011902,0.0635478169112406,-0.0134624662589449,58759.1252024463
0.1,D11_SMALL_ANGLE,3.68,6.45799945840901,16.1838607926461,0.063480540247906,-0.0134482015996777,58759.2107904019
0.1,D11_SMALL_ANGLE,3.685,6.45799945840901,16.1839064357272,0.0634133348700097,-0.0134339520809785,58759.2962875141
0.1,D11_SMALL_ANGLE,3.69,6.45799945840901,16.1839520304848,0.0633462007018891,-0.0134197176867108,58759.3816938797
0.1,D11_SMALL_ANGLE,3.695,6.45799945840901,16.18399757697,0.0632791376679622,-0.0134054984007772,58759.4670095953
0.1,D11_SMALL_ANGLE,3.7,6.45799945840901,16.184043075234,0.0632121456927277,-0.0133912942070822,58759.5522347575
0.1,D11_SMALL_ANGLE,3.705,6.45799945840901,16.1840885253279,0.0631452247007646,-0.0133771050895621,58759.6373694626
0.1,D11_SMALL_ANGLE,3.71,6.45799945840901,16.1841339273028,0.0630783746167321,-0.0133629310321464,58759.7224138071
0.1,D11_SMALL_ANGLE,3.715,6.45799945840901,16.1841792812096,0.0630115953653699,-0.0133487720188068,58759.8073678872
0.1,D11_SMALL_ANGLE,3.72,6.45799945840901,16.1842245870993,0.0629448868714975,-0.0133346280335136,58759.8922317989
0.1,D11_SMALL_ANGLE,3.725,6.45799945840901,16.1842698450228,0.0628782490600149,-0.0133204990602707,58759.9770056384
0.1,D11_SMALL_ANGLE,3.73,6.45799945840901,16.1843150550308,0.0628116818559016,-0.0133063850830855,58760.0616895015
0.1,D11_SMALL_ANGLE,3.735,6.45799945840901,16.1843602171742,0.0627451851842174,-0.0132922860859885,58760.1462834841
0.1,D11_SMALL_ANGLE,3.74,6.45799945840901,16.1844053315037,0.0626787589701017,-0.0132782020530282,58760.2307876818
0.1,D11_SMALL_ANGLE,3.745,6.45799945840901,16.18445039807,0.0626124031387736,-0.0132641329682723,58760.3152021904
0.1,D11_SMALL_ANGLE,3.75,6.45799945840901,16.1844954169236,0.062546117615532,-0.0132500788157923,58760.3995271052
0.1,D11_SMALL_ANGLE,3.755,6.45799945840901,16.1845403881151,0.0624799023257553,-0.0132360395796933,58760.4837625218
0.1,D11_SMALL_ANGLE,3.76,6.45799945840901,16.184585311695,0.0624137571949011,-0.0132220152440858,58760.5679085355
0.1,D11_SMALL_ANGLE,3.765,6.45799945840901,16.1846301877139,0.0623476821485068,-0.0132080057931088,58760.6519652413
0.1,D11_SMALL_ANGLE,3.77,6.45799945840901,16.184675016222,0.0622816771121889,-0.0131940112109081,58760.7359327345
0.1,D11_SMALL_ANGLE,3.775,6.45799945840901,16.1847197972697,0.062215742011643,-0.0131800314816441,58760.8198111101
0.1,D11_SMALL_ANGLE,3.78,6.45799945840901,16.1847645309073,0.0621498767726441,-0.0131660665895108,58760.9036004629
0.1,D11_SMALL_ANGLE,3.785,6.45799945840901,16.1848092171851,0.0620840813210459,-0.0131521165187021,58760.9873008878
0.1,D11_SMALL_ANGLE,3.79,6.45799945840901,16.1848538561533,0.0620183555827813,-0.0131381812534386,58761.0709124794
0.1,D11_SMALL_ANGLE,3.795,6.45799945840901,16.1848984478619,0.0619526994838621,-0.013124260777948,58761.1544353323
0.1,D11_SMALL_ANGLE,3.8,6.45799945840901,16.184942992361,0.0618871129503786,-0.0131103550764884,58761.2378695411
0.1,D11_SMALL_ANGLE,3.805,6.45799945840901,16.1849874897007,0.0618215959085002,-0.0130964641333211,58761.3212152001
0.1,D11_SMALL_ANGLE,3.81,6.45799945840901,16.185031939931,0.0617561482844746,-0.0130825879327343,58761.4044724036
0.1,D11_SMALL_ANGLE,3.815,6.45799945840901,16.1850763431017,0.0616907700046282,-0.0130687264590303,58761.4876412458
0.1,D11_SMALL_ANGLE,3.82,6.45799945840901,16.1851206992627,0.0616254609953658,-0.0130548796965275,58761.5707218208
0.1,D11_SMALL_ANGLE,3.825,6.45799945840901,16.1851650084639,0.0615602211831705,-0.0130410476295619,58761.6537142226
0.1,D11_SMALL_ANGLE,3.83,6.45799945840901,16.185209270755,0.0614950504946039,-0.0130272302424785,58761.7366185451
0.1,D11_SMALL_ANGLE,3.835,6.45799945840901,16.1852534861857,0.0614299488563055,-0.0130134275196525,58761.8194348821
0.1,D11_SMALL_ANGLE,3.84,6.45799945840901,16.1852976548056,0.0613649161949931,-0.0129996394454697,58761.9021633272
0.1,D11_SMALL_ANGLE,3.845,6.45799945840901,16.1853417766644,0.0612999524374626,-0.0129858660043318,58761.984803974
0.1,D11_SMALL_ANGLE,3.85,6.45799945840901,16.1853858518117,0.0612350575105875,-0.012972107180655,58762.0673569161
0.1,D11_SMALL_ANGLE,3.855,6.45799945840901,16.1854298802968,0.0611702313413197,-0.0129583629588783,58762.1498222467
0.1,D11_SMALL_ANGLE,3.86,6.45799945840901,16.1854738621693,0.0611054738566884,-0.0129446333234515,58762.2322000593
0.1,D11_SMALL_ANGLE,3.865,6.45799945840901,16.1855177974785,0.0610407849838006,-0.0129309182588422,58762.314490447
0.1,D11_SMALL_ANGLE,3.87,6.45799945840901,16.1855616862738,0.0609761646498413,-0.0129172177495409,58762.3966935028
0.1,D11_SMALL_ANGLE,3.875,6.45799945840901,16.1856055286045,0.0609116127820724,-0.0129035317800454,58762.4788093197
0.1,D11_SMALL_ANGLE,3.88,6.45799945840901,16.1856493245198,0.0608471293078338,-0.0128898603348748,58762.5608379907
0.1,D11_SMALL_ANGLE,3.885,6.45799945840901,16.1856930740689,0.0607827141545424,-0.0128762033985659,58762.6427796086
0.1,D11_SMALL_ANGLE,3.89,6.45799945840901,16.1857367773009,0.0607183672496926,-0.0128625609556714,58762.724634266
0.1,D11_SMALL_ANGLE,3.895,6.45799945840901,16.1857804342648,0.0606540885208559,-0.012848932990762,58762.8064020554
0.1,D11_SMALL_ANGLE,3.9,6.45799945840901,16.1858240450098,0.0605898778956809,-0.0128353194884152,58762.8880830695
0.1,D11_SMALL_ANGLE,3.905,6.45799945840901,16.1858676095848,0.0605257353018933,-0.0128217204332426,58762.9696774005
0.1,D11_SMALL_ANGLE,3.91,6.45799945840901,16.1859111280387,0.0604616606672956,-0.0128081358098555,58763.0511851409
0.1,D11_SMALL_ANGLE,3.915,6.45799945840901,16.1859546004204,0.0603976539197675,-0.0127945656028903,58763.1326063827
0.1,D11_SMALL_ANGLE,3.92,6.45799945840901,16.1859980267787,0.0603337149872651,-0.0127810097969974,58763.213941218
0.1,D11_SMALL_ANGLE,3.925,6.45799945840901,16.1860414071624,0.0602698437978215,-0.0127674683768486,58763.2951897389
0.1,D11_SMALL_ANGLE,3.93,6.45799945840901,16.1860847416201,0.0602060402795461,-0.0127539413271194,58763.3763520373
0.1,D11_SMALL_ANGLE,3.935,6.45799945840901,16.1861280302006,0.0601423043606252,-0.012740428632517,58763.4574282049
0.1,D11_SMALL_ANGLE,3.94,6.45799945840901,16.1861712729525,0.0600786359693214,-0.0127269302777577,58763.5384183335
0.1,D11_SMALL_ANGLE,3.945,6.45799945840901,16.1862144699243,0.0600150350339735,-0.012713446247572,58763.6193225146
0.1,D11_SMALL_ANGLE,3.95,6.45799945840901,16.1862576211644,0.059951501482997,-0.0126999765267097,58763.7001408397
0.1,D11_SMALL_ANGLE,3.955,6.45799945840901,16.1863007267215,0.0598880352448831,-0.012686521099937,58763.7808734004
0.1,D11_SMALL_ANGLE,3.96,6.45799945840901,16.1863437866439,0.0598246362481996,-0.0126730799520374,58763.8615202878
0.1,D11_SMALL_ANGLE,3.965,6.45799945840901,16.1863868009798,0.0597613044215901,-0.0126596530678089,58763.9420815931
0.1,D11_SMALL_ANGLE,3.97,6.45799945840901,16.1864297697778,0.0596980396937742,-0.0126462404320673,58764.0225574076
0.1,D11_SMALL_ANGLE,3.975,6.45799945840901,16.1864726930859,0.0596348419935474,-0.0126328420296407,58764.1029478222
0.1,D11_SMALL_ANGLE,3.98,6.45799945840901,16.1865155709524,0.059571711249781,-0.012619457845382,58764.1832529277
0.1,D11_SMALL_ANGLE,3.985,6.45799945840901,16.1865584034254,0.059508647391422,-0.0126060878641443,58764.2634728151
0.1,D11_SMALL_ANGLE,3.99,6.45799945840901,16.1866011905531,0.0594456503474932,-0.0125927320708161,58764.3436075751
0.1,D11_SMALL_ANGLE,3.995,6.45799945840901,16.1866439323835,0.0593827200470927,-0.0125793904502878,58764.4236572983
0.1,D11_SMALL_ANGLE,4,6.45799945840901,16.1866866289645,0.0593198564193943,-0.012566062987478,58764.5036220751
0.3,DIRECT_C81,0,6.45799945840901,16.226991584938,0,1.77635683940025e-15,58839.9
0.3,DIRECT_C81,0.005,6.45799945840901,16.226991584938,8.88178419700125e-18,1.77635683940025e-15,58839.9
0.3,DIRECT_C81,0.01,6.45799945840901,16.226991584938,1.77635683940025e-17,1.77635683940025e-15,58839.9
0.3,DIRECT_C81,0.015,6.45799945840901,16.226991584938,2.66453525910038e-17,1.77635683940025e-15,58839.9
0.3,DIRECT_C81,0.02,6.45799945840901,16.226991584938,3.5527136788005e-17,1.77635683940025e-15,58839.9
0.3,DIRECT_C81,0.025,6.45799945840901,16.226991584938,4.44089209850063e-17,1.77635683940025e-15,58839.9
0.3,DIRECT_C81,0.03,6.45799945840901,16.226991584938,5.32907051820075e-17,1.77635683940025e-15,58839.9
0.3,DIRECT_C81,0.035,6.45799945840901,16.226991584938,6.21724893790088e-17,1.77635683940025e-15,58839.9
0.3,DIRECT_C81,0.04,6.45799945840901,16.226991584938,7.105427357601e-17,1.77635683940025e-15,58839.9
0.3,DIRECT_C81,0.045,6.45799945840901,16.226991584938,7.99360577730113e-17,1.77635683940025e-15,58839.9
0.3,DIRECT_C81,0.05,6.45799945840901,16.226991584938,8.88178419700125e-17,1.77635683940025e-15,58839.9
0.3,DIRECT_C81,0.055,6.45799945840901,16.226991584938,9.76996261670138e-17,1.77635683940025e-15,58839.9
0.3,DIRECT_C81,0.06,6.45799945840901,16.226991584938,1.06581410364015e-16,1.77635683940025e-15,58839.9
0.3,DIRECT_C81,0.065,6.45799945840901,16.226991584938,1.15463194561016e-16,1.77635683940025e-15,58839.9
0.3,DIRECT_C81,0.07,6.45799945840901,16.226991584938,1.24344978758018e-16,1.77635683940025e-15,58839.9
0.3,DIRECT_C81,0.075,6.45799945840901,16.226991584938,1.33226762955019e-16,1.77635683940025e-15,58839.9
0.3,DIRECT_C81,0.08,6.45799945840901,16.226991584938,1.4210854715202e-16,1.77635683940025e-15,58839.9
0.3,DIRECT_C81,0.085,6.45799945840901,16.226991584938,1.50990331349021e-16,1.77635683940025e-15,58839.9
0.3,DIRECT_C81,0.09,6.45799945840901,16.226991584938,1.59872115546023e-16,1.77635683940025e-15,58839.9
0.3,DIRECT_C81,0.095,6.45799945840901,16.226991584938,1.68753899743024e-16,1.77635683940025e-15,58839.9
0.3,DIRECT_C81,0.1,6.45799945840901,16.226991584938,1.77635683940025e-16,1.77635683940025e-15,58839.9
0.3,DIRECT_C81,0.105,6.45799945840901,16.226991584938,1.86517468137026e-16,1.77635683940025e-15,58839.9
0.3,DIRECT_C81,0.11,6.45799945840901,16.226991584938,1.95399252334028e-16,1.77635683940025e-15,58839.9
0.3,DIRECT_C81,0.115,6.45799945840901,16.226991584938,2.04281036531029e-16,1.77635683940025e-15,58839.9
0.3,DIRECT_C81,0.12,6.45799945840901,16.226991584938,2.1316282072803e-16,1.77635683940025e-15,58839.9
0.3,DIRECT_C81,0.125,6.45799945840901,16.226991584938,2.22044604925031e-16,1.77635683940025e-15,58839.9
0.3,DIRECT_C81,0.13,6.45799945840901,16.226991584938,2.30926389122033e-16,1.77635683940025e-15,58839.9
0.3,DIRECT_C81,0.135,6.45799945840901,16.226991584938,2.39808173319034e-16,1.77635683940025e-15,58839.9
0.3,DIRECT_C81,0.14,6.45799945840901,16.226991584938,2.48689957516035e-16,1.77635683940025e-15,58839.9
0.3,DIRECT_C81,0.145,6.45799945840901,16.226991584938,2.57571741713036e-16,1.77635683940025e-15,58839.9
0.3,DIRECT_C81,0.15,6.45799945840901,16.226991584938,2.66453525910038e-16,1.77635683940025e-15,58839.9
0.3,DIRECT_C81,0.155,6.45799945840901,16.226991584938,2.75335310107039e-16,1.77635683940025e-15,58839.9
0.3,DIRECT_C81,0.16,6.45799945840901,16.226991584938,2.8421709430404e-16,1.77635683940025e-15,58839.9
0.3,DIRECT_C81,0.165,6.45799945840901,16.226991584938,2.93098878501041e-16,1.77635683940025e-15,58839.9
0.3,DIRECT_C81,0.17,6.45799945840901,16.226991584938,3.01980662698043e-16,1.77635683940025e-15,58839.9
0.3,DIRECT_C81,0.175,6.45799945840901,16.226991584938,3.10862446895044e-16,1.77635683940025e-15,58839.9
0.3,DIRECT_C81,0.18,6.45799945840901,16.226991584938,3.19744231092045e-16,1.77635683940025e-15,58839.9
0.3,DIRECT_C81,0.185,6.45799945840901,16.226991584938,3.28626015289046e-16,1.77635683940025e-15,58839.9
0.3,DIRECT_C81,0.19,6.45799945840901,16.226991584938,3.37507799486048e-16,1.77635683940025e-15,58839.9
0.3,DIRECT_C81,0.195,6.45799945840901,16.226991584938,3.46389583683049e-16,1.77635683940025e-15,58839.9
0.3,DIRECT_C81,0.2,6.45799945840901,16.226991584938,3.5527136788005e-16,1.77635683940025e-15,58839.9
0.3,DIRECT_C81,0.205,6.45799945840901,16.226991584938,3.64153152077051e-16,1.77635683940025e-15,58839.9
0.3,DIRECT_C81,0.21,6.45799945840901,16.226991584938,3.73034936274053e-16,1.77635683940025e-15,58839.9
0.3,DIRECT_C81,0.215,6.45799945840901,16.226991584938,3.81916720471054e-16,1.77635683940025e-15,58839.9
0.3,DIRECT_C81,0.22,6.45799945840901,16.226991584938,3.90798504668055e-16,1.77635683940025e-15,58839.9
0.3,DIRECT_C81,0.225,6.45799945840901,16.226991584938,3.99680288865056e-16,1.77635683940025e-15,58839.9
0.3,DIRECT_C81,0.23,6.45799945840901,16.226991584938,4.08562073062058e-16,1.77635683940025e-15,58839.9
0.3,DIRECT_C81,0.235,6.45799945840901,16.226991584938,4.17443857259059e-16,1.77635683940025e-15,58839.9
0.3,DIRECT_C81,0.24,6.45799945840901,16.226991584938,4.2632564145606e-16,1.77635683940025e-15,58839.9
0.3,DIRECT_C81,0.245,6.45799945840901,16.226991584938,4.35207425653061e-16,1.77635683940025e-15,58839.9
0.3,DIRECT_C81,0.25,6.45799945840901,16.226991584938,4.44089209850063e-16,1.77635683940025e-15,58839.9
0.3,DIRECT_C81,0.255,6.45799945840901,16.226991584938,4.52970994047064e-16,1.77635683940025e-15,58839.9
0.3,DIRECT_C81,0.26,6.45799945840901,16.226991584938,4.61852778244065e-16,1.77635683940025e-15,58839.9
0.3,DIRECT_C81,0.265,6.45799945840901,16.226991584938,4.70734562441066e-16,1.77635683940025e-15,58839.9
0.3,DIRECT_C81,0.27,6.45799945840901,16.226991584938,4.79616346638068e-16,1.77635683940025e-15,58839.9
0.3,DIRECT_C81,0.275,6.45799945840901,16.226991584938,4.88498130835069e-16,1.77635683940025e-15,58839.9
0.3,DIRECT_C81,0.28,6.45799945840901,16.226991584938,4.9737991503207e-16,1.77635683940025e-15,58839.9
0.3,DIRECT_C81,0.285,6.45799945840901,16.226991584938,5.06261699229071e-16,1.77635683940025e-15,58839.9
0.3,DIRECT_C81,0.29,6.45799945840901,16.226991584938,5.15143483426073e-16,1.77635683940025e-15,58839.9
0.3,DIRECT_C81,0.295,6.45799945840901,16.226991584938,5.24025267623074e-16,1.77635683940025e-15,58839.9
0.3,DIRECT_C81,0.3,6.45799945840901,16.226991584938,5.32907051820075e-16,1.77635683940025e-15,58839.9
0.3,DIRECT_C81,0.305,6.45799945840901,16.226991584938,5.41788836017076e-16,1.77635683940025e-15,58839.9
0.3,DIRECT_C81,0.31,6.45799945840901,16.226991584938,5.50670620214078e-16,1.77635683940025e-15,58839.9
0.3,DIRECT_C81,0.315,6.45799945840901,16.226991584938,5.59552404411079e-16,1.77635683940025e-15,58839.9
0.3,DIRECT_C81,0.32,6.45799945840901,16.226991584938,5.6843418860808e-16,1.77635683940025e-15,58839.9
0.3,DIRECT_C81,0.325,6.45799945840901,16.226991584938,5.77315972805081e-16,1.77635683940025e-15,58839.9
0.3,DIRECT_C81,0.33,6.45799945840901,16.226991584938,5.86197757002083e-16,1.77635683940025e-15,58839.9
0.3,DIRECT_C81,0.335,6.45799945840901,16.226991584938,5.95079541199084e-16,1.77635683940025e-15,58839.9
0.3,DIRECT_C81,0.34,6.45799945840901,16.226991584938,6.03961325396085e-16,1.77635683940025e-15,58839.9
0.3,DIRECT_C81,0.345,6.45799945840901,16.226991584938,6.12843109593086e-16,1.77635683940025e-15,58839.9
0.3,DIRECT_C81,0.35,6.45799945840901,16.226991584938,6.21724893790088e-16,1.77635683940025e-15,58839.9
0.3,DIRECT_C81,0.355,6.45799945840901,16.226991584938,6.30606677987089e-16,1.77635683940025e-15,58839.9
0.3,DIRECT_C81,0.36,6.45799945840901,16.226991584938,6.3948846218409e-16,1.77635683940025e-15,58839.9
0.3,DIRECT_C81,0.365,6.45799945840901,16.226991584938,6.48370246381091e-16,1.77635683940025e-15,58839.9
0.3,DIRECT_C81,0.37,6.45799945840901,16.226991584938,6.57252030578093e-16,1.77635683940025e-15,58839.9
0.3,DIRECT_C81,0.375,6.45799945840901,16.226991584938,6.66133814775094e-16,1.77635683940025e-15,58839.9
0.3,DIRECT_C81,0.38,6.45799945840901,16.226991584938,6.75015598972095e-16,1.77635683940025e-15,58839.9
0.3,DIRECT_C81,0.385,6.45799945840901,16.226991584938,6.83897383169096e-16,1.77635683940025e-15,58839.9
0.3,DIRECT_C81,0.39,6.45799945840901,16.226991584938,6.92779167366098e-16,1.77635683940025e-15,58839.9
0.3,DIRECT_C81,0.395,6.45799945840901,16.226991584938,7.01660951563099e-16,1.77635683940025e-15,58839.9
0.3,DIRECT_C81,0.4,6.45799945840901,16.226991584938,7.105427357601e-16,1.77635683940025e-15,58839.9
0.3,DIRECT_C81,0.405,6.45799945840901,16.226991584938,7.19424519957101e-16,1.77635683940025e-15,58839.9
0.3,DIRECT_C81,0.41,6.45799945840901,16.226991584938,7.28306304154103e-16,1.77635683940025e-15,58839.9
0.3,DIRECT_C81,0.415,6.45799945840901,16.226991584938,7.37188088351104e-16,1.77635683940025e-15,58839.9
0.3,DIRECT_C81,0.42,6.45799945840901,16.226991584938,7.46069872548105e-16,1.77635683940025e-15,58839.9
0.3,DIRECT_C81,0.425,6.45799945840901,16.226991584938,7.54951656745106e-16,1.77635683940025e-15,58839.9
0.3,DIRECT_C81,0.43,6.45799945840901,16.226991584938,7.63833440942108e-16,1.77635683940025e-15,58839.9
0.3,DIRECT_C81,0.435,6.45799945840901,16.226991584938,7.72715225139109e-16,1.77635683940025e-15,58839.9
0.3,DIRECT_C81,0.44,6.45799945840901,16.226991584938,7.8159700933611e-16,1.77635683940025e-15,58839.9
0.3,DIRECT_C81,0.445,6.45799945840901,16.226991584938,7.90478793533111e-16,1.77635683940025e-15,58839.9
0.3,DIRECT_C81,0.45,6.45799945840901,16.226991584938,7.99360577730113e-16,1.77635683940025e-15,58839.9
0.3,DIRECT_C81,0.455,6.45799945840901,16.226991584938,8.08242361927114e-16,1.77635683940025e-15,58839.9
0.3,DIRECT_C81,0.46,6.45799945840901,16.226991584938,8.17124146124115e-16,1.77635683940025e-15,58839.9
0.3,DIRECT_C81,0.465,6.45799945840901,16.226991584938,8.26005930321117e-16,1.77635683940025e-15,58839.9
0.3,DIRECT_C81,0.47,6.45799945840901,16.226991584938,8.34887714518118e-16,1.77635683940025e-15,58839.9
0.3,DIRECT_C81,0.475,6.45799945840901,16.226991584938,8.43769498715119e-16,1.77635683940025e-15,58839.9
0.3,DIRECT_C81,0.48,6.45799945840901,16.226991584938,8.5265128291212e-16,1.77635683940025e-15,58839.9
0.3,DIRECT_C81,0.485,6.45799945840901,16.226991584938,8.61533067109121e-16,1.77635683940025e-15,58839.9
0.3,DIRECT_C81,0.49,6.45799945840901,16.226991584938,8.70414851306123e-16,1.77635683940025e-15,58839.9
0.3,DIRECT_C81,0.495,6.45799945840901,16.226991584938,8.79296635503124e-16,1.77635683940025e-15,58839.9
0.3,DIRECT_C81,0.5,6.45799945840901,16.226991584938,8.88178419700125e-16,1.77635683940025e-15,58839.9
0.3,DIRECT_C81,0.505,6.45799945840901,16.226991584938,8.97060203897126e-16,1.77635683940025e-15,58839.9
0.3,DIRECT_C81,0.51,6.45799945840901,16.226991584938,9.05941988094128e-16,1.77635683940025e-15,58839.9
0.3,DIRECT_C81,0.515,6.45799945840901,16.226991584938,9.14823772291129e-16,1.77635683940025e-15,58839.9
0.3,DIRECT_C81,0.52,6.45799945840901,16.226991584938,9.2370555648813e-16,1.77635683940025e-15,58839.9
0.3,DIRECT_C81,0.525,6.45799945840901,16.226991584938,9.32587340685132e-16,1.77635683940025e-15,58839.9
0.3,DIRECT_C81,0.53,6.45799945840901,16.226991584938,9.41469124882133e-16,1.77635683940025e-15,58839.9
0.3,DIRECT_C81,0.535,6.45799945840901,16.226991584938,9.50350909079134e-16,1.77635683940025e-15,58839.9
0.3,DIRECT_C81,0.54,6.45799945840901,16.226991584938,9.59232693276135e-16,1.77635683940025e-15,58839.9
0.3,DIRECT_C81,0.545,6.45799945840901,16.226991584938,9.68114477473137e-16,1.77635683940025e-15,58839.9
0.3,DIRECT_C81,0.55,6.45799945840901,16.226991584938,9.76996261670138e-16,1.77635683940025e-15,58839.9
0.3,DIRECT_C81,0.555,6.45799945840901,16.226991584938,9.85878045867139e-16,1.77635683940025e-15,58839.9
0.3,DIRECT_C81,0.56,6.45799945840901,16.226991584938,9.9475983006414e-16,1.77635683940025e-15,58839.9
0.3,DIRECT_C81,0.565,6.45799945840901,16.226991584938,1.00364161426114e-15,1.77635683940025e-15,58839.9
0.3,DIRECT_C81,0.57,6.45799945840901,16.226991584938,1.01252339845814e-15,1.77635683940025e-15,58839.9
0.3,DIRECT_C81,0.575,6.45799945840901,16.226991584938,1.02140518265514e-15,1.77635683940025e-15,58839.9
0.3,DIRECT_C81,0.58,6.45799945840901,16.226991584938,1.03028696685215e-15,1.77635683940025e-15,58839.9
0.3,DIRECT_C81,0.585,6.45799945840901,16.226991584938,1.03916875104915e-15,1.77635683940025e-15,58839.9
0.3,DIRECT_C81,0.59,6.45799945840901,16.226991584938,1.04805053524615e-15,1.77635683940025e-15,58839.9
0.3,DIRECT_C81,0.595,6.45799945840901,16.226991584938,1.05693231944315e-15,1.77635683940025e-15,58839.9
0.3,DIRECT_C81,0.6,6.45799945840901,16.226991584938,1.06581410364015e-15,1.77635683940025e-15,58839.9
0.3,DIRECT_C81,0.605,6.45799945840901,16.226991584938,1.07469588783715e-15,1.77635683940025e-15,58839.9
0.3,DIRECT_C81,0.61,6.45799945840901,16.226991584938,1.08357767203415e-15,1.77635683940025e-15,58839.9
0.3,DIRECT_C81,0.615,6.45799945840901,16.226991584938,1.09245945623115e-15,1.77635683940025e-15,58839.9
0.3,DIRECT_C81,0.62,6.45799945840901,16.226991584938,1.10134124042816e-15,1.77635683940025e-15,58839.9
0.3,DIRECT_C81,0.625,6.45799945840901,16.226991584938,1.11022302462516e-15,1.77635683940025e-15,58839.9
0.3,DIRECT_C81,0.63,6.45799945840901,16.226991584938,1.11910480882216e-15,1.77635683940025e-15,58839.9
0.3,DIRECT_C81,0.635,6.45799945840901,16.226991584938,1.12798659301916e-15,1.77635683940025e-15,58839.9
0.3,DIRECT_C81,0.64,6.45799945840901,16.226991584938,1.13686837721616e-15,1.77635683940025e-15,58839.9
0.3,DIRECT_C81,0.645,6.45799945840901,16.226991584938,1.14575016141316e-15,1.77635683940025e-15,58839.9
0.3,DIRECT_C81,0.65,6.45799945840901,16.226991584938,1.15463194561016e-15,1.77635683940025e-15,58839.9
0.3,DIRECT_C81,0.655,6.45799945840901,16.226991584938,1.16351372980716e-15,1.77635683940025e-15,58839.9
0.3,DIRECT_C81,0.66,6.45799945840901,16.226991584938,1.17239551400417e-15,1.77635683940025e-15,58839.9
0.3,DIRECT_C81,0.665,6.45799945840901,16.226991584938,1.18127729820117e-15,1.77635683940025e-15,58839.9
0.3,DIRECT_C81,0.67,6.45799945840901,16.226991584938,1.19015908239817e-15,1.77635683940025e-15,58839.9
0.3,DIRECT_C81,0.675,6.45799945840901,16.226991584938,1.19904086659517e-15,1.77635683940025e-15,58839.9
0.3,DIRECT_C81,0.68,6.45799945840901,16.226991584938,1.20792265079217e-15,1.77635683940025e-15,58839.9
0.3,DIRECT_C81,0.685,6.45799945840901,16.226991584938,1.21680443498917e-15,1.77635683940025e-15,58839.9
0.3,DIRECT_C81,0.69,6.45799945840901,16.226991584938,1.22568621918617e-15,1.77635683940025e-15,58839.9
0.3,DIRECT_C81,0.695,6.45799945840901,16.226991584938,1.23456800338317e-15,1.77635683940025e-15,58839.9
0.3,DIRECT_C81,0.7,6.45799945840901,16.226991584938,1.24344978758018e-15,1.77635683940025e-15,58839.9
0.3,DIRECT_C81,0.705,6.45799945840901,16.226991584938,1.25233157177718e-15,1.77635683940025e-15,58839.9
0.3,DIRECT_C81,0.71,6.45799945840901,16.226991584938,1.26121335597418e-15,1.77635683940025e-15,58839.9
0.3,DIRECT_C81,0.715,6.45799945840901,16.226991584938,1.27009514017118e-15,1.77635683940025e-15,58839.9
0.3,DIRECT_C81,0.72,6.45799945840901,16.226991584938,1.27897692436818e-15,1.77635683940025e-15,58839.9
0.3,DIRECT_C81,0.725,6.45799945840901,16.226991584938,1.28785870856518e-15,1.77635683940025e-15,58839.9
0.3,DIRECT_C81,0.73,6.45799945840901,16.226991584938,1.29674049276218e-15,1.77635683940025e-15,58839.9
0.3,DIRECT_C81,0.735,6.45799945840901,16.226991584938,1.30562227695918e-15,1.77635683940025e-15,58839.9
0.3,DIRECT_C81,0.74,6.45799945840901,16.226991584938,1.31450406115619e-15,1.77635683940025e-15,58839.9
0.3,DIRECT_C81,0.745,6.45799945840901,16.226991584938,1.32338584535319e-15,1.77635683940025e-15,58839.9
0.3,DIRECT_C81,0.75,6.45799945840901,16.226991584938,1.33226762955019e-15,1.77635683940025e-15,58839.9
0.3,DIRECT_C81,0.755,6.45799945840901,16.226991584938,1.34114941374719e-15,1.77635683940025e-15,58839.9
0.3,DIRECT_C81,0.76,6.45799945840901,16.226991584938,1.35003119794419e-15,1.77635683940025e-15,58839.9
0.3,DIRECT_C81,0.765,6.45799945840901,16.226991584938,1.35891298214119e-15,1.77635683940025e-15,58839.9
0.3,DIRECT_C81,0.77,6.45799945840901,16.226991584938,1.36779476633819e-15,1.77635683940025e-15,58839.9
0.3,DIRECT_C81,0.775,6.45799945840901,16.226991584938,1.37667655053519e-15,1.77635683940025e-15,58839.9
0.3,DIRECT_C81,0.78,6.45799945840901,16.226991584938,1.3855583347322e-15,1.77635683940025e-15,58839.9
0.3,DIRECT_C81,0.785,6.45799945840901,16.226991584938,1.3944401189292e-15,1.77635683940025e-15,58839.9
0.3,DIRECT_C81,0.79,6.45799945840901,16.226991584938,1.4033219031262e-15,1.77635683940025e-15,58839.9
0.3,DIRECT_C81,0.795,6.45799945840901,16.226991584938,1.4122036873232e-15,1.77635683940025e-15,58839.9
0.3,DIRECT_C81,0.8,6.45799945840901,16.226991584938,1.4210854715202e-15,1.77635683940025e-15,58839.9
0.3,DIRECT_C81,0.805,6.45799945840901,16.226991584938,1.4299672557172e-15,1.77635683940025e-15,58839.9
0.3,DIRECT_C81,0.81,6.45799945840901,16.226991584938,1.4388490399142e-15,1.77635683940025e-15,58839.9
0.3,DIRECT_C81,0.815,6.45799945840901,16.226991584938,1.4477308241112e-15,1.77635683940025e-15,58839.9
0.3,DIRECT_C81,0.82,6.45799945840901,16.226991584938,1.45661260830821e-15,1.77635683940025e-15,58839.9
0.3,DIRECT_C81,0.825,6.45799945840901,16.226991584938,1.46549439250521e-15,1.77635683940025e-15,58839.9
0.3,DIRECT_C81,0.83,6.45799945840901,16.226991584938,1.47437617670221e-15,1.77635683940025e-15,58839.9
0.3,DIRECT_C81,0.835,6.45799945840901,16.226991584938,1.48325796089921e-15,1.77635683940025e-15,58839.9
0.3,DIRECT_C81,0.84,6.45799945840901,16.226991584938,1.49213974509621e-15,1.77635683940025e-15,58839.9
0.3,DIRECT_C81,0.845,6.45799945840901,16.226991584938,1.50102152929321e-15,1.77635683940025e-15,58839.9
0.3,DIRECT_C81,0.85,6.45799945840901,16.226991584938,1.50990331349021e-15,1.77635683940025e-15,58839.9
0.3,DIRECT_C81,0.855,6.45799945840901,16.226991584938,1.51878509768721e-15,1.77635683940025e-15,58839.9
0.3,DIRECT_C81,0.86,6.45799945840901,16.226991584938,1.52766688188422e-15,1.77635683940025e-15,58839.9
0.3,DIRECT_C81,0.865,6.45799945840901,16.226991584938,1.53654866608122e-15,1.77635683940025e-15,58839.9
0.3,DIRECT_C81,0.87,6.45799945840901,16.226991584938,1.54543045027822e-15,1.77635683940025e-15,58839.9
0.3,DIRECT_C81,0.875,6.45799945840901,16.226991584938,1.55431223447522e-15,1.77635683940025e-15,58839.9
0.3,DIRECT_C81,0.88,6.45799945840901,16.226991584938,1.56319401867222e-15,1.77635683940025e-15,58839.9
0.3,DIRECT_C81,0.885,6.45799945840901,16.226991584938,1.57207580286922e-15,1.77635683940025e-15,58839.9
0.3,DIRECT_C81,0.89,6.45799945840901,16.226991584938,1.58095758706622e-15,1.77635683940025e-15,58839.9
0.3,DIRECT_C81,0.895,6.45799945840901,16.226991584938,1.58983937126322e-15,1.77635683940025e-15,58839.9
0.3,DIRECT_C81,0.9,6.45799945840901,16.226991584938,1.59872115546023e-15,1.77635683940025e-15,58839.9
0.3,DIRECT_C81,0.905,6.45799945840901,16.226991584938,1.60760293965723e-15,1.77635683940025e-15,58839.9
0.3,DIRECT_C81,0.91,6.45799945840901,16.226991584938,1.61648472385423e-15,1.77635683940025e-15,58839.9
0.3,DIRECT_C81,0.915,6.45799945840901,16.226991584938,1.62536650805123e-15,1.77635683940025e-15,58839.9
0.3,DIRECT_C81,0.92,6.45799945840901,16.226991584938,1.63424829224823e-15,1.77635683940025e-15,58839.9
0.3,DIRECT_C81,0.925,6.45799945840901,16.226991584938,1.64313007644523e-15,1.77635683940025e-15,58839.9
0.3,DIRECT_C81,0.93,6.45799945840901,16.226991584938,1.65201186064223e-15,1.77635683940025e-15,58839.9
0.3,DIRECT_C81,0.935,6.45799945840901,16.226991584938,1.66089364483923e-15,1.77635683940025e-15,58839.9
0.3,DIRECT_C81,0.94,6.45799945840901,16.226991584938,1.66977542903624e-15,1.77635683940025e-15,58839.9
0.3,DIRECT_C81,0.945,6.45799945840901,16.226991584938,1.67865721323324e-15,1.77635683940025e-15,58839.9
0.3,DIRECT_C81,0.95,6.45799945840901,16.226991584938,1.68753899743024e-15,1.77635683940025e-15,58839.9
0.3,DIRECT_C81,0.955,6.45799945840901,16.226991584938,1.69642078162724e-15,1.77635683940025e-15,58839.9
0.3,DIRECT_C81,0.96,6.45799945840901,16.226991584938,1.70530256582424e-15,1.77635683940025e-15,58839.9
0.3,DIRECT_C81,0.965,6.45799945840901,16.226991584938,1.71418435002124e-15,1.77635683940025e-15,58839.9
0.3,DIRECT_C81,0.97,6.45799945840901,16.226991584938,1.72306613421824e-15,1.77635683940025e-15,58839.9
0.3,DIRECT_C81,0.975,6.45799945840901,16.226991584938,1.73194791841524e-15,1.77635683940025e-15,58839.9
0.3,DIRECT_C81,0.98,6.45799945840901,16.226991584938,1.74082970261225e-15,1.77635683940025e-15,58839.9
0.3,DIRECT_C81,0.985,6.45799945840901,16.226991584938,1.74971148680925e-15,1.77635683940025e-15,58839.9
0.3,DIRECT_C81,0.99,6.45799945840901,16.226991584938,1.75859327100625e-15,1.77635683940025e-15,58839.9
0.3,DIRECT_C81,0.995,6.45799945840901,16.226991584938,1.76747505520325e-15,1.77635683940025e-15,58839.9
0.3,DIRECT_C81,1,6.45799945840901,16.226991584938,1.77635683940025e-15,1.77635683940025e-15,58839.9
0.3,DIRECT_C81,1.005,6.45801796353676,16.226992591892,4.0356771068655e-08,2.40665340207613e-05,58840.0443992041
0.3,DIRECT_C81,1.01,6.45807347435415,16.2269991985858,3.17397424821244e-07,9.41763018200703e-05,58840.4650578109
0.3,DIRECT_C81,1.015,6.45816597716471,16.2270159253928,1.05444696371601e-06,0.00020767412591205,58841.1460447555
0.3,DIRECT_C81,1.02,6.45829544914477,16.2270463356755,2.46291747025394e-06,0.000362422896344583,58842.0745373781
0.3,DIRECT_C81,1.025,6.45846185834904,16.2270932307712,4.74461849110294e-06,0.000556709251094745,58843.2402555066
0.3,DIRECT_C81,1.03,6.45866516371855,16.2271588066482,8.09365619813227e-06,0.000789149139404088,58844.6348948364
0.3,DIRECT_C81,1.035,6.45890531509073,16.2272447771344,1.26978907075676e-05,0.00105861817412745,58846.2517090448
0.3,DIRECT_C81,1.04,6.45918225321184,16.2273524719794,1.87400931284258e-05,0.00136419690774581,58848.0851814465
0.3,DIRECT_C81,1.045,6.45949590975152,16.2274829147123,2.63988563771188e-05,0.00170512697723169,58850.1307618634
0.3,DIRECT_C81,1.05,6.45984620731974,16.2276368841878,3.58492999085222e-05,0.00208076411929525,58852.3845847158
0.3,DIRECT_C81,1.055,6.46023305948579,16.2278149616142,4.7263540082003e-05,0.0024905817829346,58854.8434906976
0.3,DIRECT_C81,1.06,6.4606563707997,16.2280175771971,6.08114331270276e-05,0.0029341439016406,58857.5048634098
0.3,DIRECT_C81,1.065,6.46111603681574,16.2282450332094,7.66606215259397e-05,0.00341103766933237,58860.366226016
0.3,DIRECT_C81,1.07,6.4616119441182,16.2284975329754,9.49769574557978e-05,0.00392095312995444,58863.4257187797
0.3,DIRECT_C81,1.075,6.46214397034936,16.2287751972881,0.000115924596524643,0.00446349784453481,58866.6809870672
0.3,DIRECT_C81,1.08,6.46271198423971,16.2290780763129,0.000139665976078965,0.00503840721356319,58870.1304432814
0.3,DIRECT_C81,1.085,6.46331584564034,16.2294061704282,0.000166362261328681,0.0056454159749908,58873.7724958499
0.3,DIRECT_C81,1.09,6.46395540555747,16.2297594363929,0.00019617329761458,0.0062842653791968,58877.6055922752
0.3,DIRECT_C81,1.095,6.46463050618926,16.2301377949777,0.000229257661303859,0.00695470594304659,58881.6282356583
0.3,DIRECT_C81,1.1,6.46534098096473,16.2305411371547,0.00026577269723124,0.00765649402767288,58885.838964166
0.3,DIRECT_C81,1.105,6.46608665458488,16.23096932902,0.000305874540887365,0.00838938913190113,58890.2363347914
0.3,DIRECT_C81,1.11,6.46686734306587,16.2314222157144,0.000349718128550088,0.00915315175411813,58894.8189105247
0.3,DIRECT_C81,1.115,6.46768285378453,16.231899624546,0.000397457197897333,0.00994754170561585,58899.5852502337
0.3,DIRECT_C81,1.12,6.46853298552577,16.232401367482,0.000449244281118508,0.0107723167827842,58904.5339006967
0.3,DIRECT_C81,1.125,6.46941752853231,16.2329272431378,0.000505230692126882,0.0116272317244341,58909.6633903466
0.3,DIRECT_C81,1.13,6.47033626455641,16.2334770318851,0.000565566259235237,0.0125117417359188,58914.9704504155
0.3,DIRECT_C81,1.135,6.47128896691369,16.2340504455453,0.000630397077008851,0.0134254919870305,58920.4529519222
0.3,DIRECT_C81,1.14,6.4722754005391,16.2346472703736,0.000699870989613622,0.014369178348252,58926.1150700895
0.3,DIRECT_C81,1.145,6.47329532204492,16.2352673513529,0.00077413755039085,0.0153422064590778,58931.9532387545
0.3,DIRECT_C81,1.15,6.47434847978075,16.2359104209008,0.000853341146043097,0.0163439973692654,58937.9639842156
0.3,DIRECT_C81,1.155,6.4754346138957,16.2365762172255,0.000937625216626978,0.0173743475133801,58944.1460850803
0.3,DIRECT_C81,1.16,6.47655345640243,16.2372644664211,0.00102713157601567,0.0184328900872153,58950.4973405233
0.3,DIRECT_C81,1.165,6.47770473124328,16.2379749006026,0.00112200106192465,0.0195195283164917,58957.0171698989
0.3,DIRECT_C81,1.17,6.47888815435842,16.2387072461845,0.00122237311854889,0.0206338691623902,58963.7032149743
0.3,DIRECT_C81,1.175,6.48010343375589,16.2394612186303,0.00132838551334547,0.0217756132976774,58970.5536797861
0.3,DIRECT_C81,1.18,6.4813502695837,16.240236528159,0.00144017450999236,0.0229444656115891,58977.5667936695
0.3,DIRECT_C81,1.185,6.48262835420377,16.2410328875021,0.00155787515108881,0.024140209589893,58984.7412575394
0.3,DIRECT_C81,1.19,6.48393737226782,16.2418499927725,0.00168162049943901,0.0253622972788996,58992.0737836734
0.3,DIRECT_C81,1.195,6.48527700079525,16.2426875305123,0.00181154178021155,0.0266105279757358,58999.5631678544
0.3,DIRECT_C81,1.2,6.48664690925277,16.243545192043,0.0019477689432803,0.0278846424991173,59007.2078549947
0.3,DIRECT_C81,1.205,6.48804675963594,16.2444226817428,0.0020904310350897,0.0291843182326357,59015.0059093958
0.3,DIRECT_C81,1.21,6.48947620655265,16.2453196587095,0.00223965385448242,0.0305089530395435,59022.9537182373
0.3,DIRECT_C81,1.215,6.49093489730826,16.2462357925599,0.00239556195095174,0.0318583703312409,59031.0502219874
0.3,DIRECT_C81,1.22,6.49242247199264,16.2471707478992,0.00255827808998878,0.0332320173198433,59039.292103919
0.3,DIRECT_C81,1.225,6.493938563569,16.2481241700969,0.00272792257009786,0.0346297522088985,59047.6785132534
0.3,DIRECT_C81,1.23,6.49548279796444,16.249095732619,0.00290461512457971,0.0360511138638717,59056.2066831832
0.3,DIRECT_C81,1.235,6.49705479416222,16.2500850806246,0.00308847270043651,0.0374958341129279,59064.8750046776
0.3,DIRECT_C81,1.24,6.4986541642958,16.2510919008453,0.0032796122024085,0.0389637421205169,59073.6824527231
0.3,DIRECT_C81,1.245,6.50028051374453,16.2521158497269,0.00347814778290152,0.0404542014364466,59082.6252086187
0.3,DIRECT_C81,1.25,6.50193344123103,16.2531565727218,0.00368419139612036,0.0419669962472593,59091.7019774835
0.3,DIRECT_C81,1.255,6.50361253892016,16.2542137353757,0.0038978540722701,0.0435015959209455,59100.9095755257
0.3,DIRECT_C81,1.26,6.5053173925197,16.2552869414204,0.00411924260506752,0.0450573313721083,59110.2439882326
0.3,DIRECT_C81,1.265,6.50704758138254,16.2563758113805,0.00434846240259741,0.0466340338341791,59119.7042030051
0.3,DIRECT_C81,1.27,6.50880267861046,16.2574799700844,0.00458561712052352,0.0482311771422825,59129.2870628537
0.3,DIRECT_C81,1.275,6.51058225115948,16.2585990366465,0.00483080821740313,0.0498485743484043,59138.9914460904
0.3,DIRECT_C81,1.28,6.51238585994671,16.2597326445517,0.00508413579804291,0.0514856949684805,59148.8141698109
0.3,DIRECT_C81,1.285,6.51421305995865,16.2608804085954,0.00534569729415837,0.0531419996650051,59158.75199799
0.3,DIRECT_C81,1.29,6.51606340036106,16.2620418719251,0.00561558517744974,0.0548162734580853,59168.7976407485
0.3,DIRECT_C81,1.295,6.51793642461012,16.2632166699057,0.00589389311690838,0.0565100407101511,59178.9602442609
0.3,DIRECT_C81,1.3,6.51983167056514,16.2644044912626,0.00618071530982666,0.0582217821419562,59189.2306928517
0.3,DIRECT_C81,1.305,6.52174867060252,16.2656049170764,0.00647613982381469,0.0599508713597956,59199.6052281588
0.3,DIRECT_C81,1.31,6.52368695173119,16.2668175421854,0.00678025301117514,0.0616972615040918,59210.0835690245
0.3,DIRECT_C81,1.315,6.52564603570929,16.2680419833404,0.00709314001363824,0.0634602123749737,59220.6612742498
0.3,DIRECT_C81,1.32,6.52762543916216,16.2692778206025,0.00741488237128241,0.0652393758752261,59231.3362552513
0.3,DIRECT_C81,1.325,6.52962467370162,16.2705246497674,0.00774556001406204,0.0670342497711243,59242.1054986267
0.3,DIRECT_C81,1.33,6.53164324604645,16.2717820609267,0.00808525043550071,0.0688444880896579,59252.9669285379
0.3,DIRECT_C81,1.335,6.53368065814415,16.2730496565578,0.00843402943584051,0.0706694613561538,59263.9167681369
0.3,DIRECT_C81,1.34,6.53573640729375,16.2743269965837,0.00879196887081616,0.0725086470761926,59274.9518824571
0.3,DIRECT_C81,1.345,6.53780998626992,16.2756136614105,0.00915913901054384,0.0743616637121907,59286.0699822731
0.3,DIRECT_C81,1.35,6.53990088344807,16.2769092312209,0.00953560780958794,0.0762280306810226,59297.2681840861
0.3,DIRECT_C81,1.355,6.54200858293062,16.2782132796773,0.00992144063469984,0.0781071804623039,59308.5430827738
0.3,DIRECT_C81,1.36,6.54413256467425,16.2795253826733,0.0103167005584379,0.079998801698137,59319.8928101888
0.3,DIRECT_C81,1.365,6.54627230461824,16.2808451284715,0.0107214488191905,0.0819023825289751,59331.3142951738
0.3,DIRECT_C81,1.37,6.54842727481379,16.2821720836867,0.0111357434637547,0.0838173042425669,59342.8038254554
0.3,DIRECT_C81,1.375,6.55059694355424,16.2835058138359,0.0115596400463824,0.0857430950805291,59354.3585704832
0.3,DIRECT_C81,1.38,6.55278077550631,16.2848458873349,0.011993191789974,0.0876792854201263,59365.9757125208
0.3,DIRECT_C81,1.385,6.55497823184212,16.2861918716515,0.0124364494375163,0.0896253730144618,59377.6522380868
0.3,DIRECT_C81,1.39,6.55718877037221,16.287543332784,0.0128894612142472,0.0915808530296225,59389.3851181777
0.3,DIRECT_C81,1.395,6.55941184567928,16.2888998302784,0.0133522726053387,0.0935451713884206,59401.1710283305
0.3,DIRECT_C81,1.4,6.56164690925277,16.2902609050824,0.0138249258244214,0.0955173841871453,59413.0043051229
0.3,DIRECT_C81,1.405,6.56389340962416,16.2916261275589,0.0143074615596145,0.0974981105500738,59424.8886633004
0.3,DIRECT_C81,1.41,6.56615079250312,16.2929950844546,0.0147999188378465,0.0994860644528277,59436.816386717
0.3,DIRECT_C81,1.415,6.5684185009142,16.2943673508273,0.0153023337515505,0.10148097688689,59448.7858613213
0.3,DIRECT_C81,1.42,6.57069597533428,16.2957424820898,0.015814739138692,0.103482180331479,59460.7930819889
0.3,DIRECT_C81,1.425,6.57298265383062,16.2971200330748,0.0163371652133305,0.105489146922363,59472.8348815342
0.3,DIRECT_C81,1.43,6.57527797219953,16.2984995574449,0.0168696395323225,0.107501420025052,59484.9085201503
0.3,DIRECT_C81,1.435,6.57758136410553,16.2998806168338,0.0174121873713679,0.109518461575339,59497.010769452
0.3,DIRECT_C81,1.44,6.57989226122115,16.3012627658529,0.0179648311362603,0.111539700244164,59509.138201465
0.3,DIRECT_C81,1.445,6.5822100933671,16.3026455584326,0.0185275905677422,0.113564640932037,59521.2878455922
0.3,DIRECT_C81,1.45,6.58453428865297,16.3040285508367,0.019100482861194,0.115592757558423,59533.4565453505
0.3,DIRECT_C81,1.455,6.58686427361837,16.3054112994765,0.0196835225787841,0.117623522944081,59545.6411376645
0.3,DIRECT_C81,1.46,6.58919947337436,16.3067933572149,0.020276721489641,0.119656369252981,59557.8382155179
0.3,DIRECT_C81,1.465,6.59153931174535,16.3081742856123,0.0208800890368187,0.121690881767687,59570.0452906061
0.3,DIRECT_C81,1.47,6.59388321141123,16.309553634307,0.0214936315537324,0.123726316808229,59582.2579008494
0.3,DIRECT_C81,1.475,6.59623059404983,16.3109309662239,0.0221173531814762,0.125762375872558,59594.4742552353
0.3,DIRECT_C81,1.48,6.59858088047961,16.3123058444413,0.0227512554357676,0.127798564551798,59606.6913873108
0.3,DIRECT_C81,1.485,6.60093349080256,16.313677838083,0.0233953374524394,0.129834105626665,59618.90463376
0.3,DIRECT_C81,1.49,6.60328784454729,16.3150464926829,0.0240495947337625,0.131868584201206,59631.1115052072
0.3,DIRECT_C81,1.495,6.60564336081223,16.3164113706249,0.0247140207086726,0.133901539341142,59643.3092360469
0.3,DIRECT_C81,1.5,6.60799945840901,16.3177721220953,0.0253886097225858,0.135933457516083,59655.5007450965
0.3,DIRECT_C81,1.505,6.61035555600578,16.3191282536902,0.026073348204245,0.137961480987791,59667.6688859267
0.3,DIRECT_C81,1.51,6.61271107227073,16.3204792768619,0.0267682194893135,0.139986459332897,59679.8187559974
0.3,DIRECT_C81,1.515,6.61506542601545,16.3218247663562,0.0274732066264788,0.142007733700686,59691.9464022041
0.3,DIRECT_C81,1.52,6.6174180363384,16.3231642911627,0.0281882897701862,0.144024774000043,59704.0486440003
0.3,DIRECT_C81,1.525,6.61976832276818,16.3244974212967,0.0289134464271148,0.146037051227013,59716.1223073621
0.3,DIRECT_C81,1.53,6.62211570540678,16.3258237262014,0.0296486513923379,0.148043955226623,59728.1637313597
0.3,DIRECT_C81,1.535,6.62445960507266,16.3271427685793,0.0303938764465446,0.150045253748281,59740.1715224897
0.3,DIRECT_C81,1.54,6.62679944344365,16.3284541663044,0.0311490929539904,0.152040180486424,59752.1410829185
0.3,DIRECT_C81,1.545,6.62913464319964,16.3297574624207,0.0319142667180459,0.154028139012382,59764.0688340743
0.3,DIRECT_C81,1.55,6.63146462816504,16.3310522204596,0.0326893615025686,0.156008501090765,59775.9510065446
0.3,DIRECT_C81,1.555,6.63378882345092,16.3323380202464,0.0334743389372103,0.15798113288119,59787.7867972871
0.3,DIRECT_C81,1.56,6.63610665559687,16.3336144753414,0.0342691593912505,0.15994560035687,59799.5736021412
0.3,DIRECT_C81,1.565,6.63841755271248,16.3348811579904,0.0350737790767684,0.161900659082001,59811.303954492
0.3,DIRECT_C81,1.57,6.64072094461849,16.3361376298775,0.0358881509058231,0.163846608363071,59822.9796501784
0.3,DIRECT_C81,1.575,6.64301626298739,16.337383532595,0.0367122283742305,0.165782630120933,59834.5957807256
0.3,DIRECT_C81,1.58,6.64530294148374,16.3386184366312,0.0375459596549112,0.167708087219072,59846.1485233144
0.3,DIRECT_C81,1.585,6.64758041590381,16.3398419257511,0.0383892906749777,0.169622471578871,59857.6348294732
0.3,DIRECT_C81,1.59,6.64984812431489,16.3410536136624,0.0392421658607302,0.171525739154287,59869.0544349257
0.3,DIRECT_C81,1.595,6.65210550719385,16.3422531933317,0.0401045303987308,0.173417947028609,59880.4076821717
0.3,DIRECT_C81,1.6,6.65435200756525,16.3434402517075,0.0409763231385523,0.175296995535906,59891.6819732154
0.3,DIRECT_C81,1.605,6.65658707113873,16.3446143667584,0.0418574796433297,0.177163565047904,59902.8813902874
0.3,DIRECT_C81,1.61,6.6588101464458,16.3457751534825,0.0427479344013672,0.179015865767061,59913.9951946024
0.3,DIRECT_C81,1.615,6.6610206849759,16.3469221108066,0.043647614372947,0.1808537635311,59925.0225811866
0.3,DIRECT_C81,1.62,6.66321814131171,16.3480548509742,0.0445564479429473,0.182677223336501,59935.963340019
0.3,DIRECT_C81,1.625,6.66540197326377,16.3491730047568,0.0454743616942996,0.184485755083344,59946.8145305001
0.3,DIRECT_C81,1.63,6.66757164200423,16.3502762004467,0.0464012796200866,0.186278694080316,59957.5721644819
0.3,DIRECT_C81,1.635,6.66972661219977,16.3513640329919,0.0473371217897499,0.188055497103315,59968.2329826199
0.3,DIRECT_C81,1.64,6.67186635214377,16.3524361424624,0.0482818073894749,0.189816043628115,59978.7962617687
0.3,DIRECT_C81,1.645,6.67399033388739,16.3534922221495,0.0492352553529235,0.191560318149827,59989.261908899
0.3,DIRECT_C81,1.65,6.67609803336994,16.3545319436537,0.05019738163594,0.193287255261623,59999.6235315697
0.3,DIRECT_C81,1.655,6.67818893054809,16.3555549318558,0.0511680979223419,0.194996323313733,60009.8779398824
0.3,DIRECT_C81,1.66,6.68026250952426,16.3565608401878,0.0521473144874358,0.196687232337016,60020.0233940221
0.3,DIRECT_C81,1.665,6.68231825867387,16.3575493024667,0.0531349384114864,0.198359111996435,60030.0546719786
0.3,DIRECT_C81,1.67,6.68435567077156,16.3585199280244,0.0541308731733668,0.200011581736558,60039.9694904193
0.3,DIRECT_C81,1.675,6.6863742431164,16.359472375985,0.0551350216075675,0.201644506598804,60049.7670395928
0.3,DIRECT_C81,1.68,6.68837347765586,16.3604063275849,0.0561472850708436,0.203257673118577,60059.4460387115
0.3,DIRECT_C81,1.685,6.69035288110873,16.3613215125317,0.0571675646788182,0.204850732066681,60069.0043924001
0.3,DIRECT_C81,1.69,6.69231196508683,16.3622176101384,0.0581957574933413,0.206422872210887,60078.4372332653
0.3,DIRECT_C81,1.695,6.6942502462155,16.3630942888621,0.0592317577774079,0.207973935312342,60087.7436118741
0.3,DIRECT_C81,1.7,6.69616724625288,16.3639513101112,0.0602754612984575,0.209503793613417,60096.9227616805
0.3,DIRECT_C81,1.705,6.69806249220789,16.3647883476673,0.0613267584280495,0.211011307629162,60105.967845775
0.3,DIRECT_C81,1.71,6.69993551645695,16.3656050639561,0.0623855366498789,0.212496196147168,60114.877176883
0.3,DIRECT_C81,1.715,6.70178585685936,16.3664011513048,0.0634516822576591,0.213958222433881,60123.6493346033
0.3,DIRECT_C81,1.72,6.70361305687131,16.3671763253857,0.0645250802676694,0.215397084654208,60132.2825079252
0.3,DIRECT_C81,1.725,6.70541666565854,16.3679303190074,0.0656056142847687,0.216812607631258,60140.7756457876
0.3,DIRECT_C81,1.73,6.70719623820755,16.3686628677066,0.0666931660492705,0.21820404714021,60149.1242828413
0.3,DIRECT_C81,1.735,6.70895133543547,16.3693736706584,0.0677876137580919,0.219570924904625,60157.3255494277
0.3,DIRECT_C81,1.74,6.71068152429831,16.370062404997,0.0688888324874105,0.220912190323762,60165.3731419426
0.3,DIRECT_C81,1.745,6.71238637789785,16.3707287016766,0.0699966929388251,0.222227678227121,60173.2660693627
0.3,DIRECT_C81,1.75,6.71406547558699,16.3713722635221,0.0711110661299026,0.223517284254141,60181.0037055248
0.3,DIRECT_C81,1.755,6.71571840307349,16.3719928339674,0.0722318225295899,0.22478094582649,60188.5856749589
0.3,DIRECT_C81,1.76,6.71734475252222,16.3725901842405,0.0733588317888103,0.226018368919943,60196.0102135197
0.3,DIRECT_C81,1.765,6.7189441226558,16.373164087882,0.0744919618322844,0.227229201885836,60203.275211315
0.3,DIRECT_C81,1.77,6.72051611885358,16.3737143227106,0.0756310789407023,0.228413165544222,60210.3789932653
0.3,DIRECT_C81,1.775,6.72206035324901,16.3742406948603,0.0767760487591355,0.229570292769985,60217.3217566199
0.3,DIRECT_C81,1.78,6.72357644482538,16.3747430234729,0.0779267358971008,0.230699942836781,60224.0996570207
0.3,DIRECT_C81,1.785,6.72506401950976,16.3752210832974,0.0790830015482591,0.23180167186924,60230.7100312154
0.3,DIRECT_C81,1.79,6.72652271026536,16.3756746610707,0.0802447055648329,0.232875212940117,60237.1512776407
0.3,DIRECT_C81,1.795,6.72795215718207,16.3761035312666,0.0814117055485777,0.233919965938487,60243.4197956309
0.3,DIRECT_C81,1.8,6.72935200756525,16.3765074633627,0.0825838570181187,0.234935792833198,60249.5147569992
0.3,DIRECT_C81,1.805,6.73072191602276,16.3768862517636,0.0837610146634783,0.235922406320451,60255.4344379227
0.3,DIRECT_C81,1.81,6.73206154455019,16.3772397049282,0.084943032024328,0.236879633026993,60261.177798162
0.3,DIRECT_C81,1.815,6.73337056261425,16.3775676428116,0.0861297614804596,0.237807199749778,60266.7431984987
0.3,DIRECT_C81,1.82,6.73464864723431,16.3778698897814,0.0873210540197626,0.238704787056951,60272.1287223417
0.3,DIRECT_C81,1.825,6.73589548306212,16.3781462663263,0.0885167589075315,0.239572134634418,60277.3328078065
0.3,DIRECT_C81,1.83,6.7371107624596,16.3783966138357,0.0897167246841617,0.240409168558225,60282.3550113493
0.3,DIRECT_C81,1.835,6.73829418557474,16.3786208379036,0.0909208010818222,0.241216263001807,60287.1975780108
0.3,DIRECT_C81,1.84,6.73944546041559,16.3788188235414,0.0921288359955145,0.24199255216441,60291.8553129865
0.3,DIRECT_C81,1.845,6.74056430292231,16.3789904172628,0.0933406744906574,0.242737616999102,60296.3257019946
0.3,DIRECT_C81,1.85,6.74165043703726,16.3791354532491,0.0945561596684664,0.243451220233686,60300.6073214021
0.3,DIRECT_C81,1.855,6.7427035947731,16.3792537780627,0.0957751336341616,0.24413306112732,60304.6983667639
0.3,DIRECT_C81,1.86,6.74372351627891,16.3793452414046,0.096997437164792,0.244783050455377,60308.5983027323
0.3,DIRECT_C81,1.865,6.74470994990432,16.3794097203193,0.0982229107534065,0.245401058203781,60312.3063492227
0.3,DIRECT_C81,1.87,6.7456626522616,16.3794471020684,0.0994513940612484,0.245986908172831,60315.821449037
0.3,DIRECT_C81,1.875,6.7465813882857,16.3794572852023,0.100682726014531,0.246540505332471,60319.1430319948
0.3,DIRECT_C81,1.88,6.74746593129225,16.3794401788503,0.101916744857461,0.247061617427818,60322.2697045669
0.3,DIRECT_C81,1.885,6.74831606303349,16.3793956892902,0.103153287642237,0.247550056385451,60325.2003383127
0.3,DIRECT_C81,1.89,6.74913157375214,16.379323726188,0.104392190473945,0.24800561114081,60327.9336668449
0.3,DIRECT_C81,1.895,6.74991226223314,16.3792242075613,0.10563328872569,0.248428203200678,60330.4692192041
0.3,DIRECT_C81,1.9,6.75065793585328,16.3790970636023,0.106876417260389,0.248817702766761,60332.8062166006
0.3,DIRECT_C81,1.905,6.75136841062876,16.3789422313697,0.108121410280135,0.249173970562946,60334.9438233777
0.3,DIRECT_C81,1.91,6.75204351126055,16.3787596535906,0.109368101313787,0.249496903695162,60336.881422171
0.3,DIRECT_C81,1.915,6.75268307117768,16.3785492838981,0.110616323472153,0.249786394096992,60338.6183645819
0.3,DIRECT_C81,1.92,6.7532869325783,16.3783110836478,0.111865909377421,0.250042384619908,60340.1543077194
0.3,DIRECT_C81,1.925,6.75385494646866,16.3780450191435,0.113116691105585,0.250264700847909,60341.4882050874
0.3,DIRECT_C81,1.93,6.75438697269982,16.3777510579348,0.114368500046693,0.25045326501167,60342.61959007
0.3,DIRECT_C81,1.935,6.75488288000227,16.3774291779881,0.115621167299881,0.25060801381496,60343.5480828898
0.3,DIRECT_C81,1.94,6.75534254601831,16.3770793639119,0.116874523582515,0.250728854925526,60344.2731295532
0.3,DIRECT_C81,1.945,6.75576585733222,16.376701604837,0.118128399176885,0.250815741864194,60344.7944511852
0.3,DIRECT_C81,1.95,6.75615270949828,16.3762959015736,0.119382624258718,0.250868642192774,60345.1118531566
0.3,DIRECT_C81,1.955,6.75650300706649,16.3758622621712,0.120637028785457,0.250887513564328,60345.225081386
0.3,DIRECT_C81,1.96,6.75681666360618,16.3754007015605,0.121891442524707,0.250872322388352,60345.1339343301
0.3,DIRECT_C81,1.965,6.75709360172728,16.3749112412994,0.123145695087085,0.250823030897731,60344.8381853864
0.3,DIRECT_C81,1.97,6.75733375309947,16.3743939061607,0.12439961582448,0.250739600875718,60344.3376052543
0.3,DIRECT_C81,1.975,6.75753705846898,16.3738487317293,0.125653034162057,0.250622070322807,60343.6324219368
0.3,DIRECT_C81,1.98,6.75770346767325,16.3732757625078,0.126905779594264,0.250470439568831,60342.722637413
0.3,DIRECT_C81,1.985,6.7578329396533,16.3726750495698,0.128157681639557,0.250284717878641,60341.6083072718
0.3,DIRECT_C81,1.99,6.75792544246387,16.3720466506369,0.129408569884947,0.250064923400087,60340.2895404005
0.3,DIRECT_C81,1.995,6.75798095328126,16.3713906301351,0.130658274030295,0.249811083120138,60338.7664987208
0.3,DIRECT_C81,2,6.75799945840901,16.3707070592354,0.131906623932418,0.249523232826716,60337.0393969603
0.3,DIRECT_C81,2.005,6.75798095328126,16.3699960158799,0.133153449649002,0.249201417074799,60335.1085024488
0.3,DIRECT_C81,2.01,6.75792544246387,16.3692575847978,0.134398581482359,0.248845689155299,60332.9741349318
0.3,DIRECT_C81,2.015,6.7578329396533,16.3684918575119,0.135641850023036,0.248456111065648,60330.6366663939
0.3,DIRECT_C81,2.02,6.75770346767325,16.3676989323377,0.136883086193275,0.24803275348124,60328.0965208874
0.3,DIRECT_C81,2.025,6.75753705846898,16.3668789144833,0.138122121294464,0.247575700588888,60325.3542035333
0.3,DIRECT_C81,2.03,6.75733375309947,16.3660319187116,0.139358787161233,0.247085071973814,60322.4104318429
0.3,DIRECT_C81,2.035,6.75709360172728,16.3651580651898,0.14059291605565,0.246560928494301,60319.2655709658
0.3,DIRECT_C81,2.04,6.75681666360618,16.3642574765758,0.141824340577028,0.246003331521107,60315.9199891266
0.3,DIRECT_C81,2.045,6.75650300706649,16.3633302801028,0.143052893760675,0.245412421896631,60312.3745313798
0.3,DIRECT_C81,2.05,6.75615270949828,16.3623766144303,0.144278409400232,0.244788334902101,60308.6300094126
0.3,DIRECT_C81,2.055,6.75576585733222,16.3613966251137,0.145500721931618,0.244131201051465,60304.6872063088
0.3,DIRECT_C81,2.06,6.75534254601831,16.3603904642958,0.146719666464447,0.243441159300287,60300.5469558017
0.3,DIRECT_C81,2.065,6.75488288000227,16.3593582902481,0.147935078807588,0.242718337438532,60296.2100246312
0.3,DIRECT_C81,2.07,6.75438697269982,16.358300256878,0.149146795078826,0.241962746071252,60291.6764764275
0.3,DIRECT_C81,2.075,6.75385494646866,16.357216523716,0.150354652069303,0.241174682758373,60286.9480965502
0.3,DIRECT_C81,2.08,6.7532869325783,16.3561072753322,0.151558488115665,0.240354383687279,60282.0263021237
0.3,DIRECT_C81,2.085,6.75268307117768,16.3549726984369,0.152758142305601,0.239501978917458,60276.9118735047
0.3,DIRECT_C81,2.09,6.75204351126055,16.3538129893862,0.153953454791331,0.238617734182178,60271.6064050931
0.3,DIRECT_C81,2.095,6.75136841062876,16.3526283502149,0.155144266705221,0.237701783146269,60266.1106988776
0.3,DIRECT_C81,2.1,6.75065793585328,16.3514189847342,0.156330420021711,0.236754329938973,60260.4259796338
0.3,DIRECT_C81,2.105,6.74991226223314,16.3501851029103,0.157511757758568,0.235775587338493,60254.5535240309
0.3,DIRECT_C81,2.11,6.74913157375214,16.3489269253969,0.158688124199181,0.234765900256184,60248.4954015371
0.3,DIRECT_C81,2.115,6.74831606303349,16.3476446915652,0.159859365319037,0.233725445342248,60242.2526720535
0.3,DIRECT_C81,2.12,6.74746593129225,16.3463386271451,0.16102532754396,0.232654382614093,60235.8262956846
0.3,DIRECT_C81,2.125,6.7465813882857,16.3450089630299,0.16218585844739,0.231552958261393,60229.2177495684
0.3,DIRECT_C81,2.13,6.7456626522616,16.3436559373434,0.163340806875667,0.230421454191031,60222.4287251462
0.3,DIRECT_C81,2.135,6.74470994990432,16.3422798029303,0.164490023310021,0.229260185194253,60215.4611111655
0.3,DIRECT_C81,2.14,6.74372351627891,16.3408808119668,0.165633359330688,0.228069334084307,60208.3160045058
0.3,DIRECT_C81,2.145,6.7427035947731,16.3394591903833,0.166770666576609,0.226848558083134,60200.9913484988
0.3,DIRECT_C81,2.15,6.74165043703726,16.3380151364937,0.167901796418375,0.225598569548717,60193.4914172923
0.3,DIRECT_C81,2.155,6.74056430292231,16.3365489142258,0.169026603786501,0.224319631457936,60185.8177887476
0.3,DIRECT_C81,2.16,6.73944546041559,16.3350607993432,0.170144945288717,0.223012277339746,60177.9736640385
0.3,DIRECT_C81,2.165,6.73829418557474,16.3335510864841,0.171256679616284,0.221676811477042,60169.9608688623
0.3,DIRECT_C81,2.17,6.7371107624596,16.3320200728082,0.172361666968117,0.220313538353846,60161.7812301231
0.3,DIRECT_C81,2.175,6.73589548306212,16.330468112136,0.173459771269111,0.218923677598774,60153.4420655926
0.3,DIRECT_C81,2.18,6.73464864723431,16.3288955590605,0.174550858378622,0.217506676878914,60144.9400612735
0.3,DIRECT_C81,2.185,6.73337056261425,16.3273027010125,0.175634793093086,0.216062740176637,60136.2764410598
0.3,DIRECT_C81,2.19,6.73206154455019,16.3256898114636,0.176711441006791,0.214592034832535,60127.4522089952
0.3,DIRECT_C81,2.195,6.73072191602276,16.3240571818449,0.17778066973143,0.213095140994763,60118.4708459686
0.3,DIRECT_C81,2.2,6.72935200756525,16.3224051278315,0.178842349316445,0.211572437965886,60109.3346277953
0.3,DIRECT_C81,2.205,6.72795215718207,16.3207339705571,0.17989635160856,0.210024283884485,60100.0457033069
0.3,DIRECT_C81,2.21,6.72652271026536,16.3190440328476,0.180942550141773,0.208450901792052,60090.6054107523
0.3,DIRECT_C81,2.215,6.72506401950976,16.3173356072938,0.181980818810947,0.206852497566832,60081.014985401
0.3,DIRECT_C81,2.22,6.72357644482538,16.3156090281532,0.183011034649385,0.205229877424809,60071.2792645489
0.3,DIRECT_C81,2.225,6.72206035324901,16.3138646788615,0.184033078457255,0.203583698967435,60061.4021938046
0.3,DIRECT_C81,2.23,6.72051611885358,16.3121029261064,0.185046832389958,0.201914046799896,60051.3842807994
0.3,DIRECT_C81,2.235,6.7189441226558,16.3103241378942,0.1860521805484,0.200221417941373,60041.2285076482
0.3,DIRECT_C81,2.24,6.71734475252222,16.3085286712911,0.187049008527446,0.198506024965832,60030.936149795
0.3,DIRECT_C81,2.245,6.71571840307349,16.3067168744775,0.188037203409587,0.196768239252329,60020.509435514
0.3,DIRECT_C81,2.25,6.71406547558699,16.3048890865084,0.189016653726153,0.195008278286274,60009.9496697176
0.3,DIRECT_C81,2.255,6.71238637789785,16.3030456573492,0.18998725020504,0.193226756242897,59999.2605374574
0.3,DIRECT_C81,2.26,6.71068152429831,16.3011869311729,0.190948885214042,0.191423691281535,59988.4421476892
0.3,DIRECT_C81,2.265,6.70895133543547,16.299313249741,0.191901452765539,0.189600049155823,59977.5002949349
0.3,DIRECT_C81,2.27,6.70719623820755,16.2974249896299,0.192844850223521,0.187755396526308,59966.4323791578
0.3,DIRECT_C81,2.275,6.70541666565854,16.295522446605,0.193778973503978,0.185890695071079,59955.2441704265
0.3,DIRECT_C81,2.28,6.70361305687131,16.2936060413975,0.194703725269403,0.184006867707939,59943.9412062476
0.3,DIRECT_C81,2.285,6.70178585685936,16.2916762046068,0.195619010937558,0.182104321575679,59932.5259294541
0.3,DIRECT_C81,2.29,6.69993551645695,16.2897333604883,0.196524738037003,0.180183491158314,59921.0009469499
0.3,DIRECT_C81,2.295,6.69806249220789,16.2877779167951,0.19742081576297,0.178244648230246,59909.3678893815
0.3,DIRECT_C81,2.3,6.69616724625288,16.2858102692499,0.198307155055274,0.17628809439587,59897.6285663752
0.3,DIRECT_C81,2.305,6.6942502462155,16.2838308073877,0.199183668743384,0.174314583987544,59885.7875039253
0.3,DIRECT_C81,2.31,6.69231196508683,16.281839964049,0.200050273606635,0.172324941781163,59873.849650687
0.3,DIRECT_C81,2.315,6.69035288110873,16.2798382252744,0.200906891110867,0.170319400485598,59861.8164029136
0.3,DIRECT_C81,2.32,6.68837347765586,16.2778259785095,0.201753441368967,0.168298138329503,59849.688829977
0.3,DIRECT_C81,2.325,6.6863742431164,16.275803628942,0.202589847357087,0.166261819171661,59837.47091503
0.3,DIRECT_C81,2.33,6.68435567077156,16.2737716089839,0.20341603546516,0.164211018939353,59825.1661136361
0.3,DIRECT_C81,2.335,6.68231825867387,16.271730331158,0.20423193372456,0.162145946128877,59812.7756767733
0.3,DIRECT_C81,2.34,6.68026250952426,16.2696801790443,0.205037471291076,0.160066775506996,59800.300653042
0.3,DIRECT_C81,2.345,6.67818893054809,16.2676215331771,0.205832579308259,0.157974279856552,59787.7456791393
0.3,DIRECT_C81,2.35,6.67609803336994,16.2655548162887,0.206617192835673,0.155869062481646,59775.1143748899
0.3,DIRECT_C81,2.355,6.67399033388739,16.2634804550307,0.207391249514666,0.153751623890253,59762.4097433415
0.3,DIRECT_C81,2.36,6.67186635214377,16.2613988783188,0.208154689521299,0.151622496653138,59749.6349799188
0.3,DIRECT_C81,2.365,6.66972661219977,16.2593105276142,0.208907456023551,0.149482146569865,59736.7928794192
0.3,DIRECT_C81,2.37,6.66757164200423,16.257215724571,0.209649489827397,0.147329679850923,59723.8780791055
0.3,DIRECT_C81,2.375,6.66540197326377,16.2551148725286,0.210380736748263,0.14516731620977,59710.9038972586
0.3,DIRECT_C81,2.38,6.66321814131171,16.2530084117884,0.21110114661243,0.142995078428811,59697.8704705729
0.3,DIRECT_C81,2.385,6.6610206849759,16.2508968031903,0.211810672605065,0.140813850210202,59684.7831012612
0.3,DIRECT_C81,2.39,6.6588101464458,16.2487805098645,0.21250927073314,0.138624017341019,59671.6441040461
0.3,DIRECT_C81,2.395,6.65658707113873,16.2466599840053,0.213196899253135,0.136426092452352,59658.4565547141
0.3,DIRECT_C81,2.4,6.65435200756525,16.2445356780913,0.213873519079613,0.13422069289213,59645.2241573528
0.3,DIRECT_C81,2.405,6.65210550719385,16.2424080712981,0.214539094890226,0.132008635804054,59631.9518148243
0.3,DIRECT_C81,2.41,6.64984812431489,16.2402776298276,0.215193593725978,0.12978972752078,59618.6383651247
0.3,DIRECT_C81,2.415,6.64758041590381,16.2381447945902,0.215836984211259,0.127565560959946,59605.2933657597
0.3,DIRECT_C81,2.42,6.64530294148374,16.2360100763389,0.216469240603621,0.125336178958666,59591.917073752
0.3,DIRECT_C81,2.425,6.64301626298739,16.2338739255124,0.217090337680194,0.123101866221337,59578.511197328
0.3,DIRECT_C81,2.43,6.64072094461849,16.2317367658612,0.217700251778477,0.120863077593421,59565.0784655605
0.3,DIRECT_C81,2.435,6.63841755271248,16.2295990280701,0.218298962033256,0.11862054553448,59551.6232732069
0.3,DIRECT_C81,2.44,6.63610665559687,16.227461197049,0.218886452420379,0.116375000243714,59538.1500014623
0.3,DIRECT_C81,2.445,6.63378882345092,16.225323668703,0.2194627061986,0.114126008136736,59524.6560488204
0.3,DIRECT_C81,2.45,6.63146462816504,16.2231868438748,0.220027709094339,0.111874817792696,59511.1489067562
0.3,DIRECT_C81,2.455,6.62913464319964,16.2210511733711,0.220581451386755,0.109621847240446,59497.6310834427
0.3,DIRECT_C81,2.46,6.62679944344365,16.2189169928187,0.221123921379412,0.107365991172385,59484.0959470343
0.3,DIRECT_C81,2.465,6.62445960507266,16.2167846761389,0.221655110752533,0.105109709123701,59470.5582547422
0.3,DIRECT_C81,2.47,6.62211570540678,16.2146547137897,0.222175018449072,0.102853419759594,59457.0205185576
0.3,DIRECT_C81,2.475,6.61976832276819,16.2125275754791,0.222683645543037,0.10059747821035,59443.4848692621
0.3,DIRECT_C81,2.48,6.6174180363384,16.2104036941124,0.223180994444039,0.0983422289994298,59429.9533739966
0.3,DIRECT_C81,2.485,6.61506542601545,16.2082835035821,0.22366707022829,0.0960883782933486,59416.4302697601
0.3,DIRECT_C81,2.49,6.61271107227073,16.2061674599814,0.224141881567746,0.0938365378969674,59402.9192273818
0.3,DIRECT_C81,2.495,6.61035555600578,16.2040560163993,0.224605439822082,0.09158723125568,59389.4233875341
0.3,DIRECT_C81,2.5,6.60799945840901,16.2019496439397,0.225057759868995,0.089341415020824,59375.9484901249
0.3,DIRECT_C81,2.505,6.60564336081223,16.1998488127525,0.225498859527977,0.0870990670382064,59362.4944022292
0.3,DIRECT_C81,2.51,6.60328784454729,16.1977540264791,0.225928760794397,0.0848621948380952,59349.0731690286
0.3,DIRECT_C81,2.515,6.60093349080256,16.1956657778226,0.226347488549595,0.082629690660438,59335.6781439626
0.3,DIRECT_C81,2.52,6.59858088047961,16.1935844446077,0.226755065844714,0.0804020579233153,59322.3123475399
0.3,DIRECT_C81,2.525,6.59623059404983,16.1915104176206,0.22715151861607,0.0781801196551903,59308.9807179311
0.3,DIRECT_C81,2.53,6.59388321141123,16.189444149723,0.227536877839801,0.0759647599649664,59295.6885597898
0.3,DIRECT_C81,2.535,6.59153931174535,16.1873860945423,0.227911177414153,0.0737561874013064,59282.4371244078
0.3,DIRECT_C81,2.54,6.58919947337436,16.1853366272952,0.228274450828239,0.0715545002645737,59269.2270015874
0.3,DIRECT_C81,2.545,6.58686427361837,16.183296159129,0.22862673539388,0.0693606186563986,59256.0637119384
0.3,DIRECT_C81,2.55,6.58453428865297,16.1812650097849,0.228968067346696,0.0671734989490069,59242.940993694
0.3,DIRECT_C81,2.555,6.5822100933671,16.1792435058891,0.229298485053128,0.0649951004336877,59229.8706026021
0.3,DIRECT_C81,2.56,6.57989226122115,16.177232094861,0.229618034091902,0.0628262138018663,59216.8572828112
0.3,DIRECT_C81,2.565,6.57758136410553,16.1752312538878,0.229926764142466,0.0606674818627901,59203.9048911767
0.3,DIRECT_C81,2.57,6.57527797219953,16.1732413972177,0.230224725359132,0.0585186375390414,59191.0118252343
0.3,DIRECT_C81,2.575,6.57298265383062,16.1712628802428,0.230511968033823,0.0563803565760725,59178.1821394564
0.3,DIRECT_C81,2.58,6.57069597533428,16.1692961465249,0.230788548409003,0.0542537503383169,59165.4225020299
0.3,DIRECT_C81,2.585,6.5684185009142,16.167341618252,0.231054524762434,0.0521388005626555,59152.7328033759
0.3,DIRECT_C81,2.59,6.56615079250312,16.1653996914658,0.231309956962983,0.0500361579930111,59140.1169479581
0.3,DIRECT_C81,2.595,6.56389340962416,16.1634707908093,0.231554908620482,0.0479468223954793,59127.5809343729
0.3,DIRECT_C81,2.6,6.56164690925277,16.161555371275,0.231789447427848,0.0458709068876981,59115.1254413262
0.3,DIRECT_C81,2.605,6.55941184567928,16.1596538400237,0.232013641971102,0.04380941357479,59102.7564814487
0.3,DIRECT_C81,2.61,6.55718877037221,16.1577666358027,0.232227564896486,0.0417621867330649,59090.4731203984
0.3,DIRECT_C81,2.615,6.55497823184212,16.1558941248794,0.232431288641588,0.0397297865313124,59078.2787191879
0.3,DIRECT_C81,2.62,6.55278077550631,16.1540366605549,0.232624887557583,0.0377123125754011,59066.1738754524
0.3,DIRECT_C81,2.625,6.55059694355424,16.1521945869446,0.232808437915209,0.0357105495299823,59054.1632971799
0.3,DIRECT_C81,2.63,6.54842727481379,16.1503682929646,0.232982020169311,0.0337250484962759,59042.2502909777
0.3,DIRECT_C81,2.635,6.54627230461824,16.1485581336402,0.233145715963432,0.0317560384534001,59030.4362307204
0.3,DIRECT_C81,2.64,6.54413256467425,16.1467644442251,0.233299608490676,0.0298038195269257,59018.7229171615
0.3,DIRECT_C81,2.645,6.54200858293062,16.1449875657425,0.233443783426947,0.0278690011044098,59007.1140066264
0.3,DIRECT_C81,2.65,6.53990088344807,16.1432277773494,0.233578326237793,0.0259511950760256,58995.6071704562
0.3,DIRECT_C81,2.655,6.53780998626992,16.1414854050517,0.233703326149936,0.0240518321488725,58984.2109928932
0.3,DIRECT_C81,2.66,6.53573640729375,16.1397608010686,0.23381887577858,0.0221712422935294,58972.9274537612
0.3,DIRECT_C81,2.665,6.53368065814415,16.1380543507924,0.233925071479445,0.0203102762385718,58961.7616574314
0.3,DIRECT_C81,2.67,6.53164324604645,16.1363664171229,0.234022011330534,0.0184689108791058,58950.7134652746
0.3,DIRECT_C81,2.675,6.52962467370162,16.1346973075858,0.234109793553778,0.0166473613453526,58939.7841680721
0.3,DIRECT_C81,2.68,6.52762543916216,16.1330473485206,0.234188519255293,0.0148463699819477,58928.9782198917
0.3,DIRECT_C81,2.685,6.52564603570929,16.1314168764262,0.234258292243577,0.01306634310337,58918.2980586202
0.3,DIRECT_C81,2.69,6.52368695173119,16.1298062230749,0.234319218458085,0.0113076481044221,58907.7458886265
0.3,DIRECT_C81,2.695,6.52174867060252,16.1282157003349,0.234371405302413,0.00957075828112686,58897.3245496868
0.3,DIRECT_C81,2.7,6.51983167056514,16.1266456451325,0.234414963402654,0.00785627921625043,58887.0376752975
0.3,DIRECT_C81,2.705,6.51793642461012,16.1250963951937,0.234450005789599,0.00616445049530334,58876.8867029718
0.3,DIRECT_C81,2.71,6.51606340036106,16.1235682410291,0.234476645879133,0.00449554390725382,58866.8732634435
0.3,DIRECT_C81,2.715,6.51421305995865,16.1220615286354,0.23449500142592,0.00285056800372452,58857.0034080223
0.3,DIRECT_C81,2.72,6.51238585994671,16.1205765630803,0.234505190985765,0.00122921276554777,58847.2752765933
0.3,DIRECT_C81,2.725,6.51058225115948,16.1191136103395,0.234507333613084,-0.000368142753853107,58837.6911434769
0.3,DIRECT_C81,2.73,6.50880267861046,16.1176729349998,0.234501550243668,-0.00194111989702606,58828.2532806178
0.3,DIRECT_C81,2.735,6.50704758138254,16.1162548115938,0.234487964153596,-0.00348917911386337,58818.9649253168
0.3,DIRECT_C81,2.74,6.5053173925197,16.1148595093338,0.234466700416792,-0.00501203426074426,58809.8277944355
0.3,DIRECT_C81,2.745,6.50361253892016,16.113487296525,0.234437886050289,-0.0065094604517526,58800.8432372895
0.3,DIRECT_C81,2.75,6.50193344123103,16.1121384018448,0.234401648400293,-0.00798133251642952,58792.0120049014
0.3,DIRECT_C81,2.755,6.50028051374453,16.1108130438122,0.234358116105369,-0.00942721728131701,58783.3366963121
0.3,DIRECT_C81,2.76,6.4986541642958,16.1095114624857,0.234307420379967,-0.0108466512889738,58774.8200922662
0.3,DIRECT_C81,2.765,6.49705479416222,16.1082338895251,0.234249693925108,-0.0122394682402387,58766.4631905586
0.3,DIRECT_C81,2.77,6.49548279796444,16.1069805577972,0.234185071234471,-0.0136050830639896,58758.2695016161
0.3,DIRECT_C81,2.775,6.493938563569,16.1057516658779,0.234113687223581,-0.0149439359574544,58750.2363842553
0.3,DIRECT_C81,2.78,6.49242247199264,16.1045474101287,0.234035678196055,-0.0162550307609273,58742.3698154344
0.3,DIRECT_C81,2.785,6.49093489730826,16.1033680342351,0.233951184036137,-0.0175379562920348,58734.6722622478
0.3,DIRECT_C81,2.79,6.48947620655265,16.102213779025,0.233860346377204,-0.0187923593511918,58727.1458438928
0.3,DIRECT_C81,2.795,6.48804675963594,16.1010848705345,0.233763308109985,-0.0200182050188928,58719.7907698866
0.3,DIRECT_C81,2.8,6.48664690925277,16.0999814913256,0.23366021207942,-0.0212154695187063,58712.6071828878
0.3,DIRECT_C81,2.805,6.48527700079525,16.0989038028833,0.233551201734792,-0.0223838298403916,58705.5970209576
0.3,DIRECT_C81,2.81,6.48393737226782,16.0978519881855,0.233436422792714,-0.0235228461226402,58698.7629232641
0.3,DIRECT_C81,2.815,6.48262835420377,16.0968262355975,0.233316022720602,-0.024632241707863,58692.1065497528
0.3,DIRECT_C81,2.82,6.4813502695837,16.0958267186567,0.233190149930928,-0.0257118933051288,58685.6286401692
0.3,DIRECT_C81,2.825,6.48010343375589,16.0948536053786,0.233058954055416,-0.0267614233753157,58679.3314597481
0.3,DIRECT_C81,2.83,6.47888815435842,16.093907071683,0.232922586498743,-0.0277805445409065,58673.2167327546
0.3,DIRECT_C81,2.835,6.47770473124328,16.0929872795547,0.232781199585536,-0.0287691301100992,58667.2852193394
0.3,DIRECT_C81,2.84,6.47655345640243,16.0920943786207,0.232634946528622,-0.0297269673213663,58661.5381960718
0.3,DIRECT_C81,2.845,6.4754346138957,16.0912285161671,0.232483981774844,-0.0306537561326294,58655.9774632042
0.3,DIRECT_C81,2.85,6.47434847978075,16.0903898440336,0.232328461290042,-0.0315492194221605,58650.604683467
0.3,DIRECT_C81,2.855,6.47329532204492,16.0895785016018,0.232168541896611,-0.0324133202718198,58645.4200783691
0.3,DIRECT_C81,2.86,6.4722754005391,16.0887946022055,0.232004380616163,-0.0332459919370045,58640.424048378
0.3,DIRECT_C81,2.865,6.47128896691369,16.0880382430255,0.231836134905257,-0.0340468444764355,58635.6189331414
0.3,DIRECT_C81,2.87,6.47033626455641,16.0873095783802,0.231663965647266,-0.0348155831728256,58631.006500963
0.3,DIRECT_C81,2.875,6.46941752853231,16.086608697949,0.231488032449728,-0.0355523685640033,58626.585788616
0.3,DIRECT_C81,2.88,6.46853298552577,16.08593568512,0.231308495632277,-0.0362570054756315,58622.3579671462
0.3,DIRECT_C81,2.885,6.46768285378453,16.0852906193759,0.23112551631676,-0.0369293435897209,58618.3239384617
0.3,DIRECT_C81,2.89,6.46686734306587,16.0846735751079,0.230939256354804,-0.037569241280746,58614.4845523155
0.3,DIRECT_C81,2.895,6.46608665458488,16.084084621254,0.230749878284783,-0.0381765654512343,58610.8406072926
0.3,DIRECT_C81,2.9,6.46534098096473,16.0835238210106,0.230557545289509,-0.0387511914054404,58607.3928515674
0.3,DIRECT_C81,2.905,6.46463050618926,16.0829912316015,0.230362421154471,-0.0392930027529186,58604.1419834825
0.3,DIRECT_C81,2.91,6.46395540555747,16.082486904092,0.230164670226508,-0.0398018913354523,58601.0886519873
0.3,DIRECT_C81,2.915,6.46331584564034,16.0820108832413,0.229964457372782,-0.0402777571721931,58598.2334569668
0.3,DIRECT_C81,2.92,6.46271198423971,16.0815632073838,0.229761947940006,-0.0407205084188984,58595.5769494866
0.3,DIRECT_C81,2.925,6.46214397034936,16.0811439083338,0.229557307713835,-0.0411300613379542,58593.1196319723
0.3,DIRECT_C81,2.93,6.4616119441182,16.0807530111591,0.22935070287257,-0.0415063471791211,58590.8619169253
0.3,DIRECT_C81,2.935,6.46111603681574,16.0803905310853,0.229142299820326,-0.0418493295607156,58588.8040226357
0.3,DIRECT_C81,2.94,6.4606563707997,16.0800564789863,0.22893226535146,-0.0421589047960733,58586.9465712236
0.3,DIRECT_C81,2.945,6.46023305948579,16.0797508613261,0.228720766631774,-0.0424350221644936,58585.289867013
0.3,DIRECT_C81,2.95,6.45984620731974,16.0794736778552,0.228507971073722,-0.042677623714912,58583.8342577105
0.3,DIRECT_C81,2.955,6.45949590975152,16.0792249244993,0.228294046419485,-0.0428866666829979,58582.579999902
0.3,DIRECT_C81,2.96,6.45918225321184,16.0790045864003,0.228079160431308,-0.0430621533847368,58581.5270796916
0.3,DIRECT_C81,2.965,6.45890531509073,16.0788126408004,0.227863480943187,-0.0432040641052733,58580.6756153684
0.3,DIRECT_C81,2.97,6.45866516371855,16.0786490582696,0.227647175867393,-0.043312387243752,58580.0256765375
0.3,DIRECT_C81,2.975,6.45846185834904,16.0785138028615,0.227430413161179,-0.0433871106693982,58579.5773359836
0.3,DIRECT_C81,2.98,6.45829544914477,16.0784068334702,0.227213360846267,-0.0434282393433598,58579.3305639398
0.3,DIRECT_C81,2.985,6.45816597716471,16.0783280997433,0.226996186808702,-0.0434358027625823,58579.2851834245
0.3,DIRECT_C81,2.99,6.45807347435415,16.0782775439069,0.22677905881763,-0.0434098241129171,58579.4410553225
0.3,DIRECT_C81,2.995,6.45801796353676,16.078255101983,0.226562144532128,-0.0433503259645942,58579.7980442124
0.3,DIRECT_C81,3,6.45799945840901,16.0782607037075,0.226345611461875,-0.0432573447825231,58580.3559313049
0.3,DIRECT_C81,3.005,6.45799945840901,16.0782932642516,0.226129586522387,-0.0431550122110735,58580.9699267336
0.3,DIRECT_C81,3.01,6.45799945840901,16.0783481024557,0.225914040291899,-0.0430653709335047,58581.507774399
0.3,DIRECT_C81,3.015,6.45799945840901,16.0784206029006,0.225698916106272,-0.0429858073249108,58581.9851560505
0.3,DIRECT_C81,3.02,6.45799945840901,16.078507100455,0.225484168920804,-0.0429142624039116,58582.4144255765
0.3,DIRECT_C81,3.025,6.45799945840901,16.0786046844687,0.225269762910177,-0.0428490924609726,58582.8054452342
0.3,DIRECT_C81,3.03,6.45799945840901,16.0787110438735,0.225055669588466,-0.0427889923610429,58583.1660458337
0.3,DIRECT_C81,3.035,6.45799945840901,16.0788243436741,0.224841866297358,-0.0427329258003528,58583.5024451979
0.3,DIRECT_C81,3.04,6.45799945840901,16.0789431268828,0.224628335005797,-0.0426800699302152,58583.8195804187
0.3,DIRECT_C81,3.045,6.45799945840901,16.0790662366546,0.224415061356873,-0.0426297713880679,58584.1213716716
0.3,DIRECT_C81,3.05,6.45799945840901,16.0791927544621,0.224202033911049,-0.0425815113857428,58584.4109316855
0.3,DIRECT_C81,3.055,6.45799945840901,16.0793219510053,0.223989243545266,-0.0425348779891834,58584.6907320649
0.3,DIRECT_C81,3.06,6.45799945840901,16.0794532472342,0.223776682975827,-0.0424895441082072,58584.9627353507
0.3,DIRECT_C81,3.065,6.45799945840901,16.0795861833994,0.223564346379556,-0.042445250020041,58585.2284998797
0.3,DIRECT_C81,3.07,6.45799945840901,16.079720394478,0.223352229092997,-0.0424017894927697,58585.4892630434
0.3,DIRECT_C81,3.075,6.45799945840901,16.079855590662,0.223140327373564,-0.0423589987671473,58585.7460073971
0.3,DIRECT_C81,3.08,6.45799945840901,16.0799915418648,0.2229286382099,-0.0423167478079165,58585.9995131525
0.3,DIRECT_C81,3.085,6.45799945840901,16.0801280654196,0.222717159171294,-0.0422749333572838,58586.2503998563
0.3,DIRECT_C81,3.09,6.45799945840901,16.0802650163122,0.222505888288113,-0.0422334734192056,58586.4991594848
0.3,DIRECT_C81,3.095,6.45799945840901,16.0804022794245,0.222294823956867,-0.0421923028798297,58586.746182721
0.3,DIRECT_C81,3.1,6.45799945840901,16.080539763377,0.22208396486483,-0.0421513700300764,58586.9917798195
0.3,DIRECT_C81,3.105,6.45799945840901,16.0806773956384,0.221873309930182,-0.0421106338044517,58587.2361971733
0.3,DIRECT_C81,3.11,6.45799945840901,16.0808151186436,0.221662858254486,-0.0420700615886851,58587.4796304679
0.3,DIRECT_C81,3.115,6.45799945840901,16.0809528867109,0.221452609084952,-0.0420296274789038,58587.7222351266
0.3,DIRECT_C81,3.12,6.45799945840901,16.0810906635939,0.221242561784475,-0.0419893108994049,58587.9641346036
0.3,DIRECT_C81,3.125,6.45799945840901,16.081228420538,0.221032715807842,-0.0419490955051565,58588.2054269691
0.3,DIRECT_C81,3.13,6.45799945840901,16.0813661347375,0.220823070682843,-0.0419089683103469,58588.4461901379
0.3,DIRECT_C81,3.135,6.45799945840901,16.0815037881098,0.22061362599527,-0.0418689189964265,58588.6864860214
0.3,DIRECT_C81,3.14,6.45799945840901,16.0816413663227,0.220404381377009,-0.0418289393627322,58588.9263638236
0.3,DIRECT_C81,3.145,6.45799945840901,16.0817788580218,0.220195336496584,-0.041789022890228,58589.1658626586
0.3,DIRECT_C81,3.15,6.45799945840901,16.0819162542171,0.219986491051645,-0.0417491643951031,58589.4050136294
0.3,DIRECT_C81,3.155,6.45799945840901,16.082053547796,0.21977784476301,-0.0417093597537672,58589.6438414774
0.3,DIRECT_C81,3.16,6.45799945840901,16.0821907331363,0.219569397369927,-0.0416696056844756,58589.8823658931
0.3,DIRECT_C81,3.165,6.45799945840901,16.0823278057996,0.219361148626318,-0.0416298995738789,58590.1206025567
0.3,DIRECT_C81,3.17,6.45799945840901,16.0824647622871,0.219153098297795,-0.0415902393394099,58590.3585639635
0.3,DIRECT_C81,3.175,6.45799945840901,16.0826015998461,0.218945246159286,-0.0415506233199228,58590.5962600805
0.3,DIRECT_C81,3.18,6.45799945840901,16.0827383163163,0.218737591993158,-0.0415110501888858,58590.8336988667
0.3,DIRECT_C81,3.185,6.45799945840901,16.0828749100079,0.218530135587719,-0.041471518885503,58591.070886687
0.3,DIRECT_C81,3.19,6.45799945840901,16.0830113796043,0.218322876736034,-0.0414320285599352,58591.3078286404
0.3,DIRECT_C81,3.195,6.45799945840901,16.0831477240857,0.218115815234982,-0.0413925785298908,58591.5445288207
0.3,DIRECT_C81,3.2,6.45799945840901,16.0832839426675,0.217908950884509,-0.0413531682460953,58591.7809905234
0.3,DIRECT_C81,3.205,6.45799945840901,16.083420034752,0.217702283487032,-0.0413137972649125,58592.0172164105
0.3,DIRECT_C81,3.21,6.45799945840901,16.0835559998899,0.217495812846967,-0.0412744652265946,58592.2532086404
0.3,DIRECT_C81,3.215,6.45799945840901,16.0836918377496,0.217289538770359,-0.0412351718379842,58592.4889689721
0.3,DIRECT_C81,3.22,6.45799945840901,16.0838275480932,0.21708346106458,-0.0411959168588449,58592.7244988469
0.3,DIRECT_C81,3.225,6.45799945840901,16.0839631307567,0.216877579538092,-0.0411567000909336,58592.9597994544
0.3,DIRECT_C81,3.23,6.45799945840901,16.0840985856353,0.216671894000265,-0.0411175213693724,58593.1948717838
0.3,DIRECT_C81,3.235,6.45799945840901,16.0842339126708,0.216466404261223,-0.0410783805557795,58593.4297166653
0.3,DIRECT_C81,3.24,6.45799945840901,16.084369111842,0.216261110131727,-0.0410392775328248,58593.6643348031
0.3,DIRECT_C81,3.245,6.45799945840901,16.0845041831573,0.216056011423082,-0.0410002121998936,58593.8987268006
0.3,DIRECT_C81,3.25,6.45799945840901,16.0846391266484,0.21585110794706,-0.0409611844696514,58594.1328931821
0.3,DIRECT_C81,3.255,6.45799945840901,16.0847739423654,0.215646399515845,-0.0409221942653168,58594.3668344081
0.3,DIRECT_C81,3.26,6.45799945840901,16.0849086303733,0.21544188594198,-0.0408832415185056,58594.600550889
0.3,DIRECT_C81,3.265,6.45799945840901,16.0850431907483,0.215237567038335,-0.0408443261674893,58594.8340429951
0.3,DIRECT_C81,3.27,6.45799945840901,16.0851776235764,0.215033442618075,-0.0408054481558366,58595.067311065
0.3,DIRECT_C81,3.275,6.45799945840901,16.0853119289503,0.214829512494634,-0.0407666074313422,58595.3003554119
0.3,DIRECT_C81,3.28,6.45799945840901,16.0854461069689,0.214625776481699,-0.040727803945158,58595.5331763291
0.3,DIRECT_C81,3.285,6.45799945840901,16.0855801577354,0.214422234393197,-0.0406890376510969,58595.7657740934
0.3,DIRECT_C81,3.29,6.45799945840901,16.0857140813567,0.214218886043277,-0.0406503085051,58595.9981489694
0.3,DIRECT_C81,3.295,6.45799945840901,16.0858478779425,0.214015731246305,-0.0406116164648243,58596.230301211
0.3,DIRECT_C81,3.3,6.45799945840901,16.0859815476047,0.213812769816855,-0.04057296148925,58596.4622310645
0.3,DIRECT_C81,3.305,6.45799945840901,16.086115090457,0.213610001569706,-0.0405343435384733,58596.6939387692
0.3,DIRECT_C81,3.31,6.45799945840901,16.0862485066144,0.213407426319829,-0.0404957625734355,58596.9254245594
0.3,DIRECT_C81,3.315,6.45799945840901,16.086381796193,0.213205043882394,-0.0404572185557797,58597.1566886653
0.3,DIRECT_C81,3.32,6.45799945840901,16.0865149593096,0.213002854072757,-0.0404187114477157,58597.3877313137
0.3,DIRECT_C81,3.325,6.45799945840901,16.0866479960817,0.212800856706464,-0.0403802412118921,58597.6185527287
0.3,DIRECT_C81,3.33,6.45799945840901,16.0867809066273,0.212599051599247,-0.0403418078113376,58597.849153132
0.3,DIRECT_C81,3.335,6.45799945840901,16.0869136910648,0.212397438567021,-0.0403034112093632,58598.0795327438
0.3,DIRECT_C81,3.34,6.45799945840901,16.0870463495127,0.212196017425885,-0.0402650513695431,58598.3096917827
0.3,DIRECT_C81,3.345,6.45799945840901,16.0871788820898,0.211994787992117,-0.0402267282556323,58598.5396304662
0.3,DIRECT_C81,3.35,6.45799945840901,16.087311288915,0.21179375008218,-0.0401884418315639,58598.7693490106
0.3,DIRECT_C81,3.355,6.45799945840901,16.0874435701071,0.211592903512713,-0.0401501920614145,58598.9988476315
0.3,DIRECT_C81,3.36,6.45799945840901,16.0875757257852,0.211392248100537,-0.0401119789093638,58599.2281265438
0.3,DIRECT_C81,3.365,6.45799945840901,16.0877077560683,0.21119178366265,-0.0400738023397054,58599.4571859618
0.3,DIRECT_C81,3.37,6.45799945840901,16.0878396610753,0.21099151001623,-0.0400356623168179,58599.6860260991
0.3,DIRECT_C81,3.375,6.45799945840901,16.0879714409251,0.210791426978631,-0.0399975588051529,58599.9146471691
0.3,DIRECT_C81,3.38,6.45799945840901,16.0881030957366,0.210591534367387,-0.0399594917692294,58600.1430493846
0.3,DIRECT_C81,3.385,6.45799945840901,16.0882346256286,0.210391832000207,-0.0399214611736269,58600.3712329582
0.3,DIRECT_C81,3.39,6.45799945840901,16.0883660307198,0.210192319694977,-0.0398834669829942,58600.599198102
0.3,DIRECT_C81,3.395,6.45799945840901,16.0884973111288,0.209992997269762,-0.03984550916201,58600.8269450279
0.3,DIRECT_C81,3.4,6.45799945840901,16.0886284669742,0.209793864542801,-0.0398075876754138,58601.0544739475
0.3,DIRECT_C81,3.405,6.45799945840901,16.0887594983745,0.20959492133251,-0.0397697024879875,58601.2817850721
0.3,DIRECT_C81,3.41,6.45799945840901,16.0888904054478,0.209396167457482,-0.0397318535645592,58601.5088786126
0.3,DIRECT_C81,3.415,6.45799945840901,16.0890211883126,0.209197602736485,-0.0396940408699997,58601.73575478
0.3,DIRECT_C81,3.42,6.45799945840901,16.089151847087,0.208999226988461,-0.03965626436921,58601.9624137847
0.3,DIRECT_C81,3.425,6.45799945840901,16.0892823818889,0.208801040032529,-0.0396185240271354,58602.1888558372
0.3,DIRECT_C81,3.43,6.45799945840901,16.0894127928364,0.208603041687985,-0.0395808198087622,58602.4150811474
0.3,DIRECT_C81,3.435,6.45799945840901,16.0895430800472,0.208405231774295,-0.0395431516791085,58602.6410899253
0.3,DIRECT_C81,3.44,6.45799945840901,16.0896732436391,0.208207610111105,-0.0395055196032317,58602.8668823806
0.3,DIRECT_C81,3.445,6.45799945840901,16.0898032837296,0.208010176518233,-0.0394679235462299,58603.0924587226
0.3,DIRECT_C81,3.45,6.45799945840901,16.0899332004362,0.207812930815671,-0.0394303634732314,58603.3178191606
0.3,DIRECT_C81,3.455,6.45799945840901,16.0900629938764,0.207615872823586,-0.0393928393493983,58603.5429639036
0.3,DIRECT_C81,3.46,6.45799945840901,16.0901926641674,0.207419002362321,-0.0393553511399336,58603.7678931604
0.3,DIRECT_C81,3.465,6.45799945840901,16.0903222114263,0.207222319252389,-0.039317898810074,58603.9926071395
0.3,DIRECT_C81,3.47,6.45799945840901,16.0904516357703,0.20702582331448,-0.0392804823250845,58604.2171060495
0.3,DIRECT_C81,3.475,6.45799945840901,16.0905809373162,0.206829514369456,-0.0392431016502748,58604.4413900984
0.3,DIRECT_C81,3.48,6.45799945840901,16.0907101161809,0.206633392238353,-0.0392057567509809,58604.6654594941
0.3,DIRECT_C81,3.485,6.45799945840901,16.090839172481,0.206437456742379,-0.0391684475925853,58604.8893144445
0.3,DIRECT_C81,3.49,6.45799945840901,16.0909681063332,0.206241707702918,-0.0391311741404845,58605.1129551571
0.3,DIRECT_C81,3.495,6.45799945840901,16.091096917854,0.206046144941523,-0.0390939363601319,58605.3363818392
0.3,DIRECT_C81,3.5,6.45799945840901,16.0912256071598,0.205850768279922,-0.0390567342170023,58605.559594698
0.3,DIRECT_C81,3.505,6.45799945840901,16.0913541743668,0.205655577540016,-0.0390195676766023,58605.7825939404
0.3,DIRECT_C81,3.51,6.45799945840901,16.0914826195912,0.205460572543877,-0.0389824367044813,58606.0053797731
0.3,DIRECT_C81,3.515,6.45799945840901,16.091610942949,0.205265753113749,-0.0389453412662242,58606.2279524027
0.3,DIRECT_C81,3.52,6.45799945840901,16.0917391445562,0.20507111907205,-0.0389082813274353,58606.4503120354
0.3,DIRECT_C81,3.525,6.45799945840901,16.0918672245286,0.204876670241368,-0.0388712568537706,58606.6724588774
0.3,DIRECT_C81,3.53,6.45799945840901,16.0919951829819,0.204682406444462,-0.0388342678109108,58606.8943931345
0.3,DIRECT_C81,3.535,6.45799945840901,16.0921230200318,0.204488327504266,-0.0387973141645688,58607.1161150126
0.3,DIRECT_C81,3.54,6.45799945840901,16.0922507357936,0.204294433243881,-0.0387603958804945,58607.337624717
0.3,DIRECT_C81,3.545,6.45799945840901,16.0923783303828,0.204100723486582,-0.0387235129244754,58607.5589224531
0.3,DIRECT_C81,3.55,6.45799945840901,16.0925058039147,0.203907198055814,-0.0386866652623254,58607.780008426
0.3,DIRECT_C81,3.555,6.45799945840901,16.0926331565045,0.203713856775194,-0.0386498528599031,58608.0008828406
0.3,DIRECT_C81,3.56,6.45799945840901,16.0927603882671,0.203520699468507,-0.0386130756830809,58608.2215459015
0.3,DIRECT_C81,3.565,6.45799945840901,16.0928874993175,0.203327725959712,-0.0385763336977902,58608.4419978133
0.3,DIRECT_C81,3.57,6.45799945840901,16.0930144897706,0.203134936072935,-0.0385396268699765,58608.6622387801
0.3,DIRECT_C81,3.575,6.45799945840901,16.0931413597411,0.202942329632474,-0.0385029551656295,58608.8822690062
0.3,DIRECT_C81,3.58,6.45799945840901,16.0932681093436,0.202749906462797,-0.0384663185507641,58609.1020886954
0.3,DIRECT_C81,3.585,6.45799945840901,16.0933947386926,0.202557666388542,-0.0384297169914429,58609.3216980513
0.3,DIRECT_C81,3.59,6.45799945840901,16.0935212479025,0.202365609234515,-0.0383931504537429,58609.5410972775
0.3,DIRECT_C81,3.595,6.45799945840901,16.0936476370876,0.202173734825692,-0.038356618903796,58609.7602865772
0.3,DIRECT_C81,3.6,6.45799945840901,16.093773906362,0.201982042987221,-0.038320122307745,58609.9792661535
0.3,DIRECT_C81,3.605,6.45799945840901,16.0939000558399,0.201790533544416,-0.0382836606317785,58610.1980362093
0.3,DIRECT_C81,3.61,6.45799945840901,16.0940260855569,0.201599206319606,-0.0382472353952981,58610.4165876282
0.3,DIRECT_C81,3.615,6.45799945840901,16.0941519954911,0.201408061132209,-0.0382108453501377,58610.6349278992
0.3,DIRECT_C81,3.62,6.45799945840901,16.0942777857933,0.20121709780825,-0.0381744900180845,58610.8530598915
0.3,DIRECT_C81,3.625,6.45799945840901,16.0944034566149,0.201026316174194,-0.0381381693866967,58611.0709836798
0.3,DIRECT_C81,3.63,6.45799945840901,16.0945290080993,0.200835716056577,-0.0381018834391949,58611.2886993648
0.3,DIRECT_C81,3.635,6.45799945840901,16.0946544403835,0.20064529728203,-0.0380656321553552,58611.5062070679
0.3,DIRECT_C81,3.64,6.45799945840901,16.0947797535996,0.20045505967729,-0.0380294155122396,58611.7235069266
0.3,DIRECT_C81,3.645,6.45799945840901,16.0949049478759,0.200265003069216,-0.037993233484741,58611.9405990915
0.3,DIRECT_C81,3.65,6.45799945840901,16.0950300233372,0.200075127284796,-0.0379570860460525,58612.1574837237
0.3,DIRECT_C81,3.655,6.45799945840901,16.0951549801059,0.199885432151155,-0.0379209731680188,58612.3741609919
0.3,DIRECT_C81,3.66,6.45799945840901,16.0952798183024,0.199695917495564,-0.0378848948214223,58612.5906310715
0.3,DIRECT_C81,3.665,6.45799945840901,16.0954045380455,0.19950658314544,-0.0378488509762089,58612.8068941427
0.3,DIRECT_C81,3.67,6.45799945840901,16.0955291394523,0.199317428928352,-0.0378128416016672,58613.02295039
0.3,DIRECT_C81,3.675,6.45799945840901,16.0956536226393,0.199128454672025,-0.0377768666665563,58613.2388000007
0.3,DIRECT_C81,3.68,6.45799945840901,16.0957779877218,0.198939660204341,-0.0377409261392589,58613.4544431644
0.3,DIRECT_C81,3.685,6.45799945840901,16.0959022348146,0.198751045353341,-0.0377050199878202,58613.6698800731
0.3,DIRECT_C81,3.69,6.45799945840901,16.0960263640317,0.198562609947225,-0.0376691481800542,58613.8851109197
0.3,DIRECT_C81,3.695,6.45799945840901,16.0961503754866,0.198374353814356,-0.0376333106835922,58614.1001358984
0.3,DIRECT_C81,3.7,6.45799945840901,16.0962742692927,0.198186276783259,-0.0375975074659216,58614.3149552045
0.3,DIRECT_C81,3.705,6.45799945840901,16.0963980455627,0.197998378682621,-0.0375617384944249,58614.5295690335
0.3,DIRECT_C81,3.71,6.45799945840901,16.0965217044092,0.197810659341293,-0.0375260037364065,58614.7439775816
0.3,DIRECT_C81,3.715,6.45799945840901,16.0966452459444,0.19762311858829,-0.0374903031591156,58614.9581810453
0.3,DIRECT_C81,3.72,6.45799945840901,16.0967686702804,0.19743575625279,-0.0374546367297768,58615.1721796213
0.3,DIRECT_C81,3.725,6.45799945840901,16.096891977529,0.197248572164135,-0.0374190044155771,58615.3859735065
0.3,DIRECT_C81,3.73,6.45799945840901,16.0970151678019,0.197061566151831,-0.0373834061837002,58615.5995628978
0.3,DIRECT_C81,3.735,6.45799945840901,16.0971382412105,0.19687473804555,-0.0373478420013384,58615.812947992
0.3,DIRECT_C81,3.74,6.45799945840901,16.0972611978663,0.196688087675125,-0.0373123118356595,58616.026128986
0.3,DIRECT_C81,3.745,6.45799945840901,16.0973840378803,0.196501614870555,-0.0372768156538754,58616.2391060767
0.3,DIRECT_C81,3.75,6.45799945840901,16.0975067613638,0.196315319462002,-0.0372413534231946,58616.4518794608
0.3,DIRECT_C81,3.755,6.45799945840901,16.0976293684274,0.196129201279793,-0.0372059251108485,58616.6644493349
0.3,DIRECT_C81,3.76,6.45799945840901,16.0977518591822,0.195943260154419,-0.0371705306840902,58616.8768158955
0.3,DIRECT_C81,3.765,6.45799945840901,16.0978742337387,0.195757495916532,-0.037135170110199,58617.0889793388
0.3,DIRECT_C81,3.77,6.45799945840901,16.0979964922075,0.195571908396951,-0.0370998433564687,58617.3009398612
0.3,DIRECT_C81,3.775,6.45799945840901,16.098118634699,0.195386497426656,-0.0370645503902391,58617.5126976586
0.3,DIRECT_C81,3.78,6.45799945840901,16.0982406613237,0.195201262836792,-0.0370292911788574,58617.7242529269
0.3,DIRECT_C81,3.785,6.45799945840901,16.0983625721916,0.195016204458665,-0.0369940656897132,58617.9356058617
0.3,DIRECT_C81,3.79,6.45799945840901,16.098484367413,0.194831322123746,-0.0369588738902245,58618.1467566587
0.3,DIRECT_C81,3.795,6.45799945840901,16.0986060470977,0.194646615663669,-0.0369237157478359,58618.357705513
0.3,DIRECT_C81,3.8,6.45799945840901,16.0987276113488,0.194462084909958,-0.036888591550376,58618.5684506977
0.3,DIRECT_C81,3.805,6.45799945840901,16.0988490596277,0.194277729668126,-0.0368535106603733,58618.7789360378
0.3,DIRECT_C81,3.81,6.45799945840901,16.0989703916343,0.194093549748469,-0.0368184626989638,58618.9892238062
0.3,DIRECT_C81,3.815,6.45799945840901,16.0990916077034,0.193909544986094,-0.0367834477609641,58619.1993134342
0.3,DIRECT_C81,3.82,6.45799945840901,16.0992127081235,0.193725715215704,-0.0367484659150037,58619.40920451
0.3,DIRECT_C81,3.825,6.45799945840901,16.0993336931458,0.19354206027171,-0.0367135172089483,58619.6188967463
0.3,DIRECT_C81,3.83,6.45799945840901,16.0994545629924,0.193358579988328,-0.036678601674156,58619.8283899551
0.3,DIRECT_C81,3.835,6.45799945840901,16.0995753178621,0.193175274199652,-0.0366437193289091,58620.0376840265
0.3,DIRECT_C81,3.84,6.45799945840901,16.0996959579349,0.19299214273971,-0.0366088701810998,58620.2467789134
0.3,DIRECT_C81,3.845,6.45799945840901,16.0998164833761,0.192809185442512,-0.0365740542303836,58620.4556746177
0.3,DIRECT_C81,3.85,6.45799945840901,16.0999368943395,0.192626402142089,-0.0365392714698789,58620.6643711807
0.3,DIRECT_C81,3.855,6.45799945840901,16.1000571909693,0.192443792672517,-0.036504521887526,58620.8728686748
0.3,DIRECT_C81,3.86,6.45799945840901,16.1001773734023,0.192261356867944,-0.0364698054671511,58621.0811671971
0.3,DIRECT_C81,3.865,6.45799945840901,16.1002974417694,0.192079094562609,-0.0364351221893244,58621.289266864
0.3,DIRECT_C81,3.87,6.45799945840901,16.1004173961969,0.191897005590851,-0.0364004720320406,58621.4971678078
0.3,DIRECT_C81,3.875,6.45799945840901,16.1005372368072,0.191715089787128,-0.0363658549712564,58621.7048701725
0.3,DIRECT_C81,3.88,6.45799945840901,16.1006569637197,0.191533346986021,-0.0363312709813144,58621.9123741121
0.3,DIRECT_C81,3.885,6.45799945840901,16.1007765770513,0.191351777022243,-0.0362967200352742,58622.1196797884
0.3,DIRECT_C81,3.89,6.45799945840901,16.1008960769171,0.191170379730643,-0.036262202105199,58622.3267873688
0.3,DIRECT_C81,3.895,6.45799945840901,16.1010154634306,0.190989154946213,-0.0362277171623511,58622.5336970259
0.3,DIRECT_C81,3.9,6.45799945840901,16.1011347367039,0.190808102504091,-0.0361932651773778,58622.7404089357
0.3,DIRECT_C81,3.905,6.45799945840901,16.1012538968484,0.19062722223956,-0.036158846120431,58622.9469232774
0.3,DIRECT_C81,3.91,6.45799945840901,16.1013729439742,0.190446513988058,-0.0361244599612949,58623.1532402322
0.3,DIRECT_C81,3.915,6.45799945840901,16.1014918781912,0.19026597758517,-0.0360901066694392,58623.3593599834
0.3,DIRECT_C81,3.92,6.45799945840901,16.1016106996084,0.190085612866637,-0.0360557862141206,58623.5652827153
0.3,DIRECT_C81,3.925,6.45799945840901,16.1017294083345,0.189905419668353,-0.0360214985644109,58623.7710086135
0.3,DIRECT_C81,3.93,6.45799945840901,16.1018480044777,0.189725397826369,-0.0359872436892594,58623.9765378644
0.3,DIRECT_C81,3.935,6.45799945840901,16.101966488146,0.18954554717689,-0.0359530215575052,58624.181870655
0.3,DIRECT_C81,3.94,6.45799945840901,16.1020848594469,0.189365867556275,-0.0359188321379165,58624.3870071725
0.3,DIRECT_C81,3.945,6.45799945840901,16.1022031184401,0.189186358799157,-0.0358846769877683,58624.5919380734
0.3,DIRECT_C81,3.95,6.45799945840901,16.1023212649775,0.189007020731238,-0.0358505555898603,58624.7966664608
0.3,DIRECT_C81,3.955,6.45799945840901,16.1024392992083,0.188827853189154,-0.0358164666546941,58625.0012000718
0.3,DIRECT_C81,3.96,6.45799945840901,16.1025572212946,0.188648856010587,-0.0357824101821933,58625.2055389068
0.3,DIRECT_C81,3.965,6.45799945840901,16.1026750313871,0.188470029033239,-0.0357483861658423,58625.4096830049
0.3,DIRECT_C81,3.97,6.45799945840901,16.1027927296271,0.188291372094855,-0.0357143945940273,58625.6136324358
0.3,DIRECT_C81,3.975,6.45799945840901,16.1029103161487,0.188112885033251,-0.0356804354510682,58625.8173872936
0.3,DIRECT_C81,3.98,6.45799945840901,16.1030277910802,0.187934567686328,-0.0356465087180791,58626.0209476915
0.3,DIRECT_C81,3.985,6.45799945840901,16.1031451545451,0.18775641989209,-0.0356126143736422,58626.2243137581
0.3,DIRECT_C81,3.99,6.45799945840901,16.1032624066632,0.187578441488651,-0.0355787523943203,58626.4274856341
0.3,DIRECT_C81,3.995,6.45799945840901,16.1033795475515,0.187400632314247,-0.0355449227550846,58626.6304634695
0.3,DIRECT_C81,4,6.45799945840901,16.1034965773245,0.187222992207244,-0.0355111254296414,58626.8332474222
0.3,OPERATING_TANGENT,0,6.45799945840901,16.226991584938,0,1.77635683940025e-15,58839.9
0.3,OPERATING_TANGENT,0.005,6.45799945840901,16.226991584938,8.88178419700125e-18,1.77635683940025e-15,58839.9
0.3,OPERATING_TANGENT,0.01,6.45799945840901,16.226991584938,1.77635683940025e-17,1.77635683940025e-15,58839.9
0.3,OPERATING_TANGENT,0.015,6.45799945840901,16.226991584938,2.66453525910038e-17,1.77635683940025e-15,58839.9
0.3,OPERATING_TANGENT,0.02,6.45799945840901,16.226991584938,3.5527136788005e-17,1.77635683940025e-15,58839.9
0.3,OPERATING_TANGENT,0.025,6.45799945840901,16.226991584938,4.44089209850063e-17,1.77635683940025e-15,58839.9
0.3,OPERATING_TANGENT,0.03,6.45799945840901,16.226991584938,5.32907051820075e-17,1.77635683940025e-15,58839.9
0.3,OPERATING_TANGENT,0.035,6.45799945840901,16.226991584938,6.21724893790088e-17,1.77635683940025e-15,58839.9
0.3,OPERATING_TANGENT,0.04,6.45799945840901,16.226991584938,7.105427357601e-17,1.77635683940025e-15,58839.9
0.3,OPERATING_TANGENT,0.045,6.45799945840901,16.226991584938,7.99360577730113e-17,1.77635683940025e-15,58839.9
0.3,OPERATING_TANGENT,0.05,6.45799945840901,16.226991584938,8.88178419700125e-17,1.77635683940025e-15,58839.9
0.3,OPERATING_TANGENT,0.055,6.45799945840901,16.226991584938,9.76996261670138e-17,1.77635683940025e-15,58839.9
0.3,OPERATING_TANGENT,0.06,6.45799945840901,16.226991584938,1.06581410364015e-16,1.77635683940025e-15,58839.9
0.3,OPERATING_TANGENT,0.065,6.45799945840901,16.226991584938,1.15463194561016e-16,1.77635683940025e-15,58839.9
0.3,OPERATING_TANGENT,0.07,6.45799945840901,16.226991584938,1.24344978758018e-16,1.77635683940025e-15,58839.9
0.3,OPERATING_TANGENT,0.075,6.45799945840901,16.226991584938,1.33226762955019e-16,1.77635683940025e-15,58839.9
0.3,OPERATING_TANGENT,0.08,6.45799945840901,16.226991584938,1.4210854715202e-16,1.77635683940025e-15,58839.9
0.3,OPERATING_TANGENT,0.085,6.45799945840901,16.226991584938,1.50990331349021e-16,1.77635683940025e-15,58839.9
0.3,OPERATING_TANGENT,0.09,6.45799945840901,16.226991584938,1.59872115546023e-16,1.77635683940025e-15,58839.9
0.3,OPERATING_TANGENT,0.095,6.45799945840901,16.226991584938,1.68753899743024e-16,1.77635683940025e-15,58839.9
0.3,OPERATING_TANGENT,0.1,6.45799945840901,16.226991584938,1.77635683940025e-16,1.77635683940025e-15,58839.9
0.3,OPERATING_TANGENT,0.105,6.45799945840901,16.226991584938,1.86517468137026e-16,1.77635683940025e-15,58839.9
0.3,OPERATING_TANGENT,0.11,6.45799945840901,16.226991584938,1.95399252334028e-16,1.77635683940025e-15,58839.9
0.3,OPERATING_TANGENT,0.115,6.45799945840901,16.226991584938,2.04281036531029e-16,1.77635683940025e-15,58839.9
0.3,OPERATING_TANGENT,0.12,6.45799945840901,16.226991584938,2.1316282072803e-16,1.77635683940025e-15,58839.9
0.3,OPERATING_TANGENT,0.125,6.45799945840901,16.226991584938,2.22044604925031e-16,1.77635683940025e-15,58839.9
0.3,OPERATING_TANGENT,0.13,6.45799945840901,16.226991584938,2.30926389122033e-16,1.77635683940025e-15,58839.9
0.3,OPERATING_TANGENT,0.135,6.45799945840901,16.226991584938,2.39808173319034e-16,1.77635683940025e-15,58839.9
0.3,OPERATING_TANGENT,0.14,6.45799945840901,16.226991584938,2.48689957516035e-16,1.77635683940025e-15,58839.9
0.3,OPERATING_TANGENT,0.145,6.45799945840901,16.226991584938,2.57571741713036e-16,1.77635683940025e-15,58839.9
0.3,OPERATING_TANGENT,0.15,6.45799945840901,16.226991584938,2.66453525910038e-16,1.77635683940025e-15,58839.9
0.3,OPERATING_TANGENT,0.155,6.45799945840901,16.226991584938,2.75335310107039e-16,1.77635683940025e-15,58839.9
0.3,OPERATING_TANGENT,0.16,6.45799945840901,16.226991584938,2.8421709430404e-16,1.77635683940025e-15,58839.9
0.3,OPERATING_TANGENT,0.165,6.45799945840901,16.226991584938,2.93098878501041e-16,1.77635683940025e-15,58839.9
0.3,OPERATING_TANGENT,0.17,6.45799945840901,16.226991584938,3.01980662698043e-16,1.77635683940025e-15,58839.9
0.3,OPERATING_TANGENT,0.175,6.45799945840901,16.226991584938,3.10862446895044e-16,1.77635683940025e-15,58839.9
0.3,OPERATING_TANGENT,0.18,6.45799945840901,16.226991584938,3.19744231092045e-16,1.77635683940025e-15,58839.9
0.3,OPERATING_TANGENT,0.185,6.45799945840901,16.226991584938,3.28626015289046e-16,1.77635683940025e-15,58839.9
0.3,OPERATING_TANGENT,0.19,6.45799945840901,16.226991584938,3.37507799486048e-16,1.77635683940025e-15,58839.9
0.3,OPERATING_TANGENT,0.195,6.45799945840901,16.226991584938,3.46389583683049e-16,1.77635683940025e-15,58839.9
0.3,OPERATING_TANGENT,0.2,6.45799945840901,16.226991584938,3.5527136788005e-16,1.77635683940025e-15,58839.9
0.3,OPERATING_TANGENT,0.205,6.45799945840901,16.226991584938,3.64153152077051e-16,1.77635683940025e-15,58839.9
0.3,OPERATING_TANGENT,0.21,6.45799945840901,16.226991584938,3.73034936274053e-16,1.77635683940025e-15,58839.9
0.3,OPERATING_TANGENT,0.215,6.45799945840901,16.226991584938,3.81916720471054e-16,1.77635683940025e-15,58839.9
0.3,OPERATING_TANGENT,0.22,6.45799945840901,16.226991584938,3.90798504668055e-16,1.77635683940025e-15,58839.9
0.3,OPERATING_TANGENT,0.225,6.45799945840901,16.226991584938,3.99680288865056e-16,1.77635683940025e-15,58839.9
0.3,OPERATING_TANGENT,0.23,6.45799945840901,16.226991584938,4.08562073062058e-16,1.77635683940025e-15,58839.9
0.3,OPERATING_TANGENT,0.235,6.45799945840901,16.226991584938,4.17443857259059e-16,1.77635683940025e-15,58839.9
0.3,OPERATING_TANGENT,0.24,6.45799945840901,16.226991584938,4.2632564145606e-16,1.77635683940025e-15,58839.9
0.3,OPERATING_TANGENT,0.245,6.45799945840901,16.226991584938,4.35207425653061e-16,1.77635683940025e-15,58839.9
0.3,OPERATING_TANGENT,0.25,6.45799945840901,16.226991584938,4.44089209850063e-16,1.77635683940025e-15,58839.9
0.3,OPERATING_TANGENT,0.255,6.45799945840901,16.226991584938,4.52970994047064e-16,1.77635683940025e-15,58839.9
0.3,OPERATING_TANGENT,0.26,6.45799945840901,16.226991584938,4.61852778244065e-16,1.77635683940025e-15,58839.9
0.3,OPERATING_TANGENT,0.265,6.45799945840901,16.226991584938,4.70734562441066e-16,1.77635683940025e-15,58839.9
0.3,OPERATING_TANGENT,0.27,6.45799945840901,16.226991584938,4.79616346638068e-16,1.77635683940025e-15,58839.9
0.3,OPERATING_TANGENT,0.275,6.45799945840901,16.226991584938,4.88498130835069e-16,1.77635683940025e-15,58839.9
0.3,OPERATING_TANGENT,0.28,6.45799945840901,16.226991584938,4.9737991503207e-16,1.77635683940025e-15,58839.9
0.3,OPERATING_TANGENT,0.285,6.45799945840901,16.226991584938,5.06261699229071e-16,1.77635683940025e-15,58839.9
0.3,OPERATING_TANGENT,0.29,6.45799945840901,16.226991584938,5.15143483426073e-16,1.77635683940025e-15,58839.9
0.3,OPERATING_TANGENT,0.295,6.45799945840901,16.226991584938,5.24025267623074e-16,1.77635683940025e-15,58839.9
0.3,OPERATING_TANGENT,0.3,6.45799945840901,16.226991584938,5.32907051820075e-16,1.77635683940025e-15,58839.9
0.3,OPERATING_TANGENT,0.305,6.45799945840901,16.226991584938,5.41788836017076e-16,1.77635683940025e-15,58839.9
0.3,OPERATING_TANGENT,0.31,6.45799945840901,16.226991584938,5.50670620214078e-16,1.77635683940025e-15,58839.9
0.3,OPERATING_TANGENT,0.315,6.45799945840901,16.226991584938,5.59552404411079e-16,1.77635683940025e-15,58839.9
0.3,OPERATING_TANGENT,0.32,6.45799945840901,16.226991584938,5.6843418860808e-16,1.77635683940025e-15,58839.9
0.3,OPERATING_TANGENT,0.325,6.45799945840901,16.226991584938,5.77315972805081e-16,1.77635683940025e-15,58839.9
0.3,OPERATING_TANGENT,0.33,6.45799945840901,16.226991584938,5.86197757002083e-16,1.77635683940025e-15,58839.9
0.3,OPERATING_TANGENT,0.335,6.45799945840901,16.226991584938,5.95079541199084e-16,1.77635683940025e-15,58839.9
0.3,OPERATING_TANGENT,0.34,6.45799945840901,16.226991584938,6.03961325396085e-16,1.77635683940025e-15,58839.9
0.3,OPERATING_TANGENT,0.345,6.45799945840901,16.226991584938,6.12843109593086e-16,1.77635683940025e-15,58839.9
0.3,OPERATING_TANGENT,0.35,6.45799945840901,16.226991584938,6.21724893790088e-16,1.77635683940025e-15,58839.9
0.3,OPERATING_TANGENT,0.355,6.45799945840901,16.226991584938,6.30606677987089e-16,1.77635683940025e-15,58839.9
0.3,OPERATING_TANGENT,0.36,6.45799945840901,16.226991584938,6.3948846218409e-16,1.77635683940025e-15,58839.9
0.3,OPERATING_TANGENT,0.365,6.45799945840901,16.226991584938,6.48370246381091e-16,1.77635683940025e-15,58839.9
0.3,OPERATING_TANGENT,0.37,6.45799945840901,16.226991584938,6.57252030578093e-16,1.77635683940025e-15,58839.9
0.3,OPERATING_TANGENT,0.375,6.45799945840901,16.226991584938,6.66133814775094e-16,1.77635683940025e-15,58839.9
0.3,OPERATING_TANGENT,0.38,6.45799945840901,16.226991584938,6.75015598972095e-16,1.77635683940025e-15,58839.9
0.3,OPERATING_TANGENT,0.385,6.45799945840901,16.226991584938,6.83897383169096e-16,1.77635683940025e-15,58839.9
0.3,OPERATING_TANGENT,0.39,6.45799945840901,16.226991584938,6.92779167366098e-16,1.77635683940025e-15,58839.9
0.3,OPERATING_TANGENT,0.395,6.45799945840901,16.226991584938,7.01660951563099e-16,1.77635683940025e-15,58839.9
0.3,OPERATING_TANGENT,0.4,6.45799945840901,16.226991584938,7.105427357601e-16,1.77635683940025e-15,58839.9
0.3,OPERATING_TANGENT,0.405,6.45799945840901,16.226991584938,7.19424519957101e-16,1.77635683940025e-15,58839.9
0.3,OPERATING_TANGENT,0.41,6.45799945840901,16.226991584938,7.28306304154103e-16,1.77635683940025e-15,58839.9
0.3,OPERATING_TANGENT,0.415,6.45799945840901,16.226991584938,7.37188088351104e-16,1.77635683940025e-15,58839.9
0.3,OPERATING_TANGENT,0.42,6.45799945840901,16.226991584938,7.46069872548105e-16,1.77635683940025e-15,58839.9
0.3,OPERATING_TANGENT,0.425,6.45799945840901,16.226991584938,7.54951656745106e-16,1.77635683940025e-15,58839.9
0.3,OPERATING_TANGENT,0.43,6.45799945840901,16.226991584938,7.63833440942108e-16,1.77635683940025e-15,58839.9
0.3,OPERATING_TANGENT,0.435,6.45799945840901,16.226991584938,7.72715225139109e-16,1.77635683940025e-15,58839.9
0.3,OPERATING_TANGENT,0.44,6.45799945840901,16.226991584938,7.8159700933611e-16,1.77635683940025e-15,58839.9
0.3,OPERATING_TANGENT,0.445,6.45799945840901,16.226991584938,7.90478793533111e-16,1.77635683940025e-15,58839.9
0.3,OPERATING_TANGENT,0.45,6.45799945840901,16.226991584938,7.99360577730113e-16,1.77635683940025e-15,58839.9
0.3,OPERATING_TANGENT,0.455,6.45799945840901,16.226991584938,8.08242361927114e-16,1.77635683940025e-15,58839.9
0.3,OPERATING_TANGENT,0.46,6.45799945840901,16.226991584938,8.17124146124115e-16,1.77635683940025e-15,58839.9
0.3,OPERATING_TANGENT,0.465,6.45799945840901,16.226991584938,8.26005930321117e-16,1.77635683940025e-15,58839.9
0.3,OPERATING_TANGENT,0.47,6.45799945840901,16.226991584938,8.34887714518118e-16,1.77635683940025e-15,58839.9
0.3,OPERATING_TANGENT,0.475,6.45799945840901,16.226991584938,8.43769498715119e-16,1.77635683940025e-15,58839.9
0.3,OPERATING_TANGENT,0.48,6.45799945840901,16.226991584938,8.5265128291212e-16,1.77635683940025e-15,58839.9
0.3,OPERATING_TANGENT,0.485,6.45799945840901,16.226991584938,8.61533067109121e-16,1.77635683940025e-15,58839.9
0.3,OPERATING_TANGENT,0.49,6.45799945840901,16.226991584938,8.70414851306123e-16,1.77635683940025e-15,58839.9
0.3,OPERATING_TANGENT,0.495,6.45799945840901,16.226991584938,8.79296635503124e-16,1.77635683940025e-15,58839.9
0.3,OPERATING_TANGENT,0.5,6.45799945840901,16.226991584938,8.88178419700125e-16,1.77635683940025e-15,58839.9
0.3,OPERATING_TANGENT,0.505,6.45799945840901,16.226991584938,8.97060203897126e-16,1.77635683940025e-15,58839.9
0.3,OPERATING_TANGENT,0.51,6.45799945840901,16.226991584938,9.05941988094128e-16,1.77635683940025e-15,58839.9
0.3,OPERATING_TANGENT,0.515,6.45799945840901,16.226991584938,9.14823772291129e-16,1.77635683940025e-15,58839.9
0.3,OPERATING_TANGENT,0.52,6.45799945840901,16.226991584938,9.2370555648813e-16,1.77635683940025e-15,58839.9
0.3,OPERATING_TANGENT,0.525,6.45799945840901,16.226991584938,9.32587340685132e-16,1.77635683940025e-15,58839.9
0.3,OPERATING_TANGENT,0.53,6.45799945840901,16.226991584938,9.41469124882133e-16,1.77635683940025e-15,58839.9
0.3,OPERATING_TANGENT,0.535,6.45799945840901,16.226991584938,9.50350909079134e-16,1.77635683940025e-15,58839.9
0.3,OPERATING_TANGENT,0.54,6.45799945840901,16.226991584938,9.59232693276135e-16,1.77635683940025e-15,58839.9
0.3,OPERATING_TANGENT,0.545,6.45799945840901,16.226991584938,9.68114477473137e-16,1.77635683940025e-15,58839.9
0.3,OPERATING_TANGENT,0.55,6.45799945840901,16.226991584938,9.76996261670138e-16,1.77635683940025e-15,58839.9
0.3,OPERATING_TANGENT,0.555,6.45799945840901,16.226991584938,9.85878045867139e-16,1.77635683940025e-15,58839.9
0.3,OPERATING_TANGENT,0.56,6.45799945840901,16.226991584938,9.9475983006414e-16,1.77635683940025e-15,58839.9
0.3,OPERATING_TANGENT,0.565,6.45799945840901,16.226991584938,1.00364161426114e-15,1.77635683940025e-15,58839.9
0.3,OPERATING_TANGENT,0.57,6.45799945840901,16.226991584938,1.01252339845814e-15,1.77635683940025e-15,58839.9
0.3,OPERATING_TANGENT,0.575,6.45799945840901,16.226991584938,1.02140518265514e-15,1.77635683940025e-15,58839.9
0.3,OPERATING_TANGENT,0.58,6.45799945840901,16.226991584938,1.03028696685215e-15,1.77635683940025e-15,58839.9
0.3,OPERATING_TANGENT,0.585,6.45799945840901,16.226991584938,1.03916875104915e-15,1.77635683940025e-15,58839.9
0.3,OPERATING_TANGENT,0.59,6.45799945840901,16.226991584938,1.04805053524615e-15,1.77635683940025e-15,58839.9
0.3,OPERATING_TANGENT,0.595,6.45799945840901,16.226991584938,1.05693231944315e-15,1.77635683940025e-15,58839.9
0.3,OPERATING_TANGENT,0.6,6.45799945840901,16.226991584938,1.06581410364015e-15,1.77635683940025e-15,58839.9
0.3,OPERATING_TANGENT,0.605,6.45799945840901,16.226991584938,1.07469588783715e-15,1.77635683940025e-15,58839.9
0.3,OPERATING_TANGENT,0.61,6.45799945840901,16.226991584938,1.08357767203415e-15,1.77635683940025e-15,58839.9
0.3,OPERATING_TANGENT,0.615,6.45799945840901,16.226991584938,1.09245945623115e-15,1.77635683940025e-15,58839.9
0.3,OPERATING_TANGENT,0.62,6.45799945840901,16.226991584938,1.10134124042816e-15,1.77635683940025e-15,58839.9
0.3,OPERATING_TANGENT,0.625,6.45799945840901,16.226991584938,1.11022302462516e-15,1.77635683940025e-15,58839.9
0.3,OPERATING_TANGENT,0.63,6.45799945840901,16.226991584938,1.11910480882216e-15,1.77635683940025e-15,58839.9
0.3,OPERATING_TANGENT,0.635,6.45799945840901,16.226991584938,1.12798659301916e-15,1.77635683940025e-15,58839.9
0.3,OPERATING_TANGENT,0.64,6.45799945840901,16.226991584938,1.13686837721616e-15,1.77635683940025e-15,58839.9
0.3,OPERATING_TANGENT,0.645,6.45799945840901,16.226991584938,1.14575016141316e-15,1.77635683940025e-15,58839.9
0.3,OPERATING_TANGENT,0.65,6.45799945840901,16.226991584938,1.15463194561016e-15,1.77635683940025e-15,58839.9
0.3,OPERATING_TANGENT,0.655,6.45799945840901,16.226991584938,1.16351372980716e-15,1.77635683940025e-15,58839.9
0.3,OPERATING_TANGENT,0.66,6.45799945840901,16.226991584938,1.17239551400417e-15,1.77635683940025e-15,58839.9
0.3,OPERATING_TANGENT,0.665,6.45799945840901,16.226991584938,1.18127729820117e-15,1.77635683940025e-15,58839.9
0.3,OPERATING_TANGENT,0.67,6.45799945840901,16.226991584938,1.19015908239817e-15,1.77635683940025e-15,58839.9
0.3,OPERATING_TANGENT,0.675,6.45799945840901,16.226991584938,1.19904086659517e-15,1.77635683940025e-15,58839.9
0.3,OPERATING_TANGENT,0.68,6.45799945840901,16.226991584938,1.20792265079217e-15,1.77635683940025e-15,58839.9
0.3,OPERATING_TANGENT,0.685,6.45799945840901,16.226991584938,1.21680443498917e-15,1.77635683940025e-15,58839.9
0.3,OPERATING_TANGENT,0.69,6.45799945840901,16.226991584938,1.22568621918617e-15,1.77635683940025e-15,58839.9
0.3,OPERATING_TANGENT,0.695,6.45799945840901,16.226991584938,1.23456800338317e-15,1.77635683940025e-15,58839.9
0.3,OPERATING_TANGENT,0.7,6.45799945840901,16.226991584938,1.24344978758018e-15,1.77635683940025e-15,58839.9
0.3,OPERATING_TANGENT,0.705,6.45799945840901,16.226991584938,1.25233157177718e-15,1.77635683940025e-15,58839.9
0.3,OPERATING_TANGENT,0.71,6.45799945840901,16.226991584938,1.26121335597418e-15,1.77635683940025e-15,58839.9
0.3,OPERATING_TANGENT,0.715,6.45799945840901,16.226991584938,1.27009514017118e-15,1.77635683940025e-15,58839.9
0.3,OPERATING_TANGENT,0.72,6.45799945840901,16.226991584938,1.27897692436818e-15,1.77635683940025e-15,58839.9
0.3,OPERATING_TANGENT,0.725,6.45799945840901,16.226991584938,1.28785870856518e-15,1.77635683940025e-15,58839.9
0.3,OPERATING_TANGENT,0.73,6.45799945840901,16.226991584938,1.29674049276218e-15,1.77635683940025e-15,58839.9
0.3,OPERATING_TANGENT,0.735,6.45799945840901,16.226991584938,1.30562227695918e-15,1.77635683940025e-15,58839.9
0.3,OPERATING_TANGENT,0.74,6.45799945840901,16.226991584938,1.31450406115619e-15,1.77635683940025e-15,58839.9
0.3,OPERATING_TANGENT,0.745,6.45799945840901,16.226991584938,1.32338584535319e-15,1.77635683940025e-15,58839.9
0.3,OPERATING_TANGENT,0.75,6.45799945840901,16.226991584938,1.33226762955019e-15,1.77635683940025e-15,58839.9
0.3,OPERATING_TANGENT,0.755,6.45799945840901,16.226991584938,1.34114941374719e-15,1.77635683940025e-15,58839.9
0.3,OPERATING_TANGENT,0.76,6.45799945840901,16.226991584938,1.35003119794419e-15,1.77635683940025e-15,58839.9
0.3,OPERATING_TANGENT,0.765,6.45799945840901,16.226991584938,1.35891298214119e-15,1.77635683940025e-15,58839.9
0.3,OPERATING_TANGENT,0.77,6.45799945840901,16.226991584938,1.36779476633819e-15,1.77635683940025e-15,58839.9
0.3,OPERATING_TANGENT,0.775,6.45799945840901,16.226991584938,1.37667655053519e-15,1.77635683940025e-15,58839.9
0.3,OPERATING_TANGENT,0.78,6.45799945840901,16.226991584938,1.3855583347322e-15,1.77635683940025e-15,58839.9
0.3,OPERATING_TANGENT,0.785,6.45799945840901,16.226991584938,1.3944401189292e-15,1.77635683940025e-15,58839.9
0.3,OPERATING_TANGENT,0.79,6.45799945840901,16.226991584938,1.4033219031262e-15,1.77635683940025e-15,58839.9
0.3,OPERATING_TANGENT,0.795,6.45799945840901,16.226991584938,1.4122036873232e-15,1.77635683940025e-15,58839.9
0.3,OPERATING_TANGENT,0.8,6.45799945840901,16.226991584938,1.4210854715202e-15,1.77635683940025e-15,58839.9
0.3,OPERATING_TANGENT,0.805,6.45799945840901,16.226991584938,1.4299672557172e-15,1.77635683940025e-15,58839.9
0.3,OPERATING_TANGENT,0.81,6.45799945840901,16.226991584938,1.4388490399142e-15,1.77635683940025e-15,58839.9
0.3,OPERATING_TANGENT,0.815,6.45799945840901,16.226991584938,1.4477308241112e-15,1.77635683940025e-15,58839.9
0.3,OPERATING_TANGENT,0.82,6.45799945840901,16.226991584938,1.45661260830821e-15,1.77635683940025e-15,58839.9
0.3,OPERATING_TANGENT,0.825,6.45799945840901,16.226991584938,1.46549439250521e-15,1.77635683940025e-15,58839.9
0.3,OPERATING_TANGENT,0.83,6.45799945840901,16.226991584938,1.47437617670221e-15,1.77635683940025e-15,58839.9
0.3,OPERATING_TANGENT,0.835,6.45799945840901,16.226991584938,1.48325796089921e-15,1.77635683940025e-15,58839.9
0.3,OPERATING_TANGENT,0.84,6.45799945840901,16.226991584938,1.49213974509621e-15,1.77635683940025e-15,58839.9
0.3,OPERATING_TANGENT,0.845,6.45799945840901,16.226991584938,1.50102152929321e-15,1.77635683940025e-15,58839.9
0.3,OPERATING_TANGENT,0.85,6.45799945840901,16.226991584938,1.50990331349021e-15,1.77635683940025e-15,58839.9
0.3,OPERATING_TANGENT,0.855,6.45799945840901,16.226991584938,1.51878509768721e-15,1.77635683940025e-15,58839.9
0.3,OPERATING_TANGENT,0.86,6.45799945840901,16.226991584938,1.52766688188422e-15,1.77635683940025e-15,58839.9
0.3,OPERATING_TANGENT,0.865,6.45799945840901,16.226991584938,1.53654866608122e-15,1.77635683940025e-15,58839.9
0.3,OPERATING_TANGENT,0.87,6.45799945840901,16.226991584938,1.54543045027822e-15,1.77635683940025e-15,58839.9
0.3,OPERATING_TANGENT,0.875,6.45799945840901,16.226991584938,1.55431223447522e-15,1.77635683940025e-15,58839.9
0.3,OPERATING_TANGENT,0.88,6.45799945840901,16.226991584938,1.56319401867222e-15,1.77635683940025e-15,58839.9
0.3,OPERATING_TANGENT,0.885,6.45799945840901,16.226991584938,1.57207580286922e-15,1.77635683940025e-15,58839.9
0.3,OPERATING_TANGENT,0.89,6.45799945840901,16.226991584938,1.58095758706622e-15,1.77635683940025e-15,58839.9
0.3,OPERATING_TANGENT,0.895,6.45799945840901,16.226991584938,1.58983937126322e-15,1.77635683940025e-15,58839.9
0.3,OPERATING_TANGENT,0.9,6.45799945840901,16.226991584938,1.59872115546023e-15,1.77635683940025e-15,58839.9
0.3,OPERATING_TANGENT,0.905,6.45799945840901,16.226991584938,1.60760293965723e-15,1.77635683940025e-15,58839.9
0.3,OPERATING_TANGENT,0.91,6.45799945840901,16.226991584938,1.61648472385423e-15,1.77635683940025e-15,58839.9
0.3,OPERATING_TANGENT,0.915,6.45799945840901,16.226991584938,1.62536650805123e-15,1.77635683940025e-15,58839.9
0.3,OPERATING_TANGENT,0.92,6.45799945840901,16.226991584938,1.63424829224823e-15,1.77635683940025e-15,58839.9
0.3,OPERATING_TANGENT,0.925,6.45799945840901,16.226991584938,1.64313007644523e-15,1.77635683940025e-15,58839.9
0.3,OPERATING_TANGENT,0.93,6.45799945840901,16.226991584938,1.65201186064223e-15,1.77635683940025e-15,58839.9
0.3,OPERATING_TANGENT,0.935,6.45799945840901,16.226991584938,1.66089364483923e-15,1.77635683940025e-15,58839.9
0.3,OPERATING_TANGENT,0.94,6.45799945840901,16.226991584938,1.66977542903624e-15,1.77635683940025e-15,58839.9
0.3,OPERATING_TANGENT,0.945,6.45799945840901,16.226991584938,1.67865721323324e-15,1.77635683940025e-15,58839.9
0.3,OPERATING_TANGENT,0.95,6.45799945840901,16.226991584938,1.68753899743024e-15,1.77635683940025e-15,58839.9
0.3,OPERATING_TANGENT,0.955,6.45799945840901,16.226991584938,1.69642078162724e-15,1.77635683940025e-15,58839.9
0.3,OPERATING_TANGENT,0.96,6.45799945840901,16.226991584938,1.70530256582424e-15,1.77635683940025e-15,58839.9
0.3,OPERATING_TANGENT,0.965,6.45799945840901,16.226991584938,1.71418435002124e-15,1.77635683940025e-15,58839.9
0.3,OPERATING_TANGENT,0.97,6.45799945840901,16.226991584938,1.72306613421824e-15,1.77635683940025e-15,58839.9
0.3,OPERATING_TANGENT,0.975,6.45799945840901,16.226991584938,1.73194791841524e-15,1.77635683940025e-15,58839.9
0.3,OPERATING_TANGENT,0.98,6.45799945840901,16.226991584938,1.74082970261225e-15,1.77635683940025e-15,58839.9
0.3,OPERATING_TANGENT,0.985,6.45799945840901,16.226991584938,1.74971148680925e-15,1.77635683940025e-15,58839.9
0.3,OPERATING_TANGENT,0.99,6.45799945840901,16.226991584938,1.75859327100625e-15,1.77635683940025e-15,58839.9
0.3,OPERATING_TANGENT,0.995,6.45799945840901,16.226991584938,1.76747505520325e-15,1.77635683940025e-15,58839.9
0.3,OPERATING_TANGENT,1,6.45799945840901,16.226991584938,1.77635683940025e-15,1.77635683940025e-15,58839.9
0.3,OPERATING_TANGENT,1.005,6.45801796353676,16.2269925918286,4.03542296882155e-08,2.40650487910443e-05,58840.0443902927
0.3,OPERATING_TANGENT,1.01,6.45807347435415,16.2269991981324,3.1737850017717e-07,9.41708860491275e-05,58840.4650253163
0.3,OPERATING_TANGENT,1.015,6.45816597716471,16.2270159238672,1.05438121902632e-06,0.000207658513911468,58841.1459510835
0.3,OPERATING_TANGENT,1.02,6.45829544914477,16.2270463318458,2.46274691859226e-06,0.000362396657415331,58842.0743799445
0.3,OPERATING_TANGENT,1.025,6.45846185834904,16.2270932236596,4.74428815686002e-06,0.000556671351199967,58843.2400281072
0.3,OPERATING_TANGENT,1.03,6.45866516371855,16.2271587952631,8.09310446799661e-06,0.000789098292678148,58844.6345897561
0.3,OPERATING_TANGENT,1.035,6.45890531509073,16.2272447604903,1.26970500118827e-05,0.00105855326927262,58846.2513196156
0.3,OPERATING_TANGENT,1.04,6.45918225321184,16.2273524491121,1.87388906185105e-05,0.00136411693402749,58848.0847016042
0.3,OPERATING_TANGENT,1.045,6.45949590975152,16.2274828846853,2.63972142895048e-05,0.00170503097219488,58850.1301858332
0.3,OPERATING_TANGENT,1.05,6.45984620731974,16.2276368463591,3.58471460145494e-05,0.00208066331074797,58852.3839798645
0.3,OPERATING_TANGENT,1.055,6.46023305948579,16.2278149179474,4.72609072772836e-05,0.00249048050696743,58854.8428830418
0.3,OPERATING_TANGENT,1.06,6.4606563707997,16.2280175268919,6.08082523036703e-05,0.00293402583637103,58857.5041550182
0.3,OPERATING_TANGENT,1.065,6.46111603681574,16.2282449752013,7.66568064994849e-05,0.00341090190541316,58860.3654114325
0.3,OPERATING_TANGENT,1.07,6.4616119441182,16.2284974640207,9.49723272791957e-05,0.00392075685642013,58863.4245411385
0.3,OPERATING_TANGENT,1.075,6.46214397034936,16.2287751131447,0.00011591890332537,0.00446327342456776,58866.6796405474
0.3,OPERATING_TANGENT,1.08,6.46271198423971,16.2290779765178,0.000139659105012745,0.00503816025922887,58870.1289615554
0.3,OPERATING_TANGENT,1.085,6.46331584564034,16.2294060545485,0.000166354096107633,0.00564514504322666,58873.7708702594
0.3,OPERATING_TANGENT,1.09,6.46395540555747,16.2297593038947,0.000196163714770485,0.00628396903970341,58877.6038142382
0.3,OPERATING_TANGENT,1.095,6.46463050618926,16.2301376452431,0.000229246530236337,0.0069543827725802,58881.6262966355
0.3,OPERATING_TANGENT,1.1,6.46534098096473,16.2305409694945,0.000265759880235083,0.00765614260728142,58885.8368556437
0.3,OPERATING_TANGENT,1.105,6.46608665458488,16.2309691426855,0.000305859893171926,0.0083890080464446,58890.2340482787
0.3,OPERATING_TANGENT,1.11,6.46686734306587,16.2314220099068,0.000349701498260862,0.00915273959355112,58894.8164375613
0.3,OPERATING_TANGENT,1.115,6.46768285378453,16.2318993984253,0.000397438426147833,0.00994709706774088,58899.5825824064
0.3,OPERATING_TANGENT,1.12,6.46853298552577,16.2324011201743,0.000449223202038642,0.0107718382771029,58904.5310296626
0.3,OPERATING_TANGENT,1.125,6.46941752853231,16.2329269737427,0.000505207132933069,0.0116267179769043,58909.6603078614
0.3,OPERATING_TANGENT,1.13,6.47033626455641,16.2334767459664,0.000565540290238067,0.0125114870542706,58914.9689223256
0.3,OPERATING_TANGENT,1.135,6.47128896691369,16.2340502132043,0.000630371488772091,0.0134258918930783,58920.4553513585
0.3,OPERATING_TANGENT,1.14,6.4722754005391,16.2346471423644,0.000699848262965697,0.0143696738820811,58926.1180432925
0.3,OPERATING_TANGENT,1.145,6.47329532204492,16.2352672917313,0.000774116840899088,0.015342569037184,58931.9554142231
0.3,OPERATING_TANGENT,1.15,6.47434847978075,16.2359104116372,0.000853322116686838,0.0163443077145935,58937.9658462876
0.3,OPERATING_TANGENT,1.155,6.4754346138957,16.2365762450076,0.000937607621616293,0.0173746143964255,58944.1476863786
0.3,OPERATING_TANGENT,1.16,6.47655345640243,16.2372645278091,0.00102711549436424,0.0184332075341693,58950.499245205
0.3,OPERATING_TANGENT,1.165,6.47770473124328,16.2379749894191,0.00112198645055066,0.0195197994383776,58957.0187966303
0.3,OPERATING_TANGENT,1.17,6.47888815435842,16.2387073529337,0.00122235975183699,0.0206340962053702,58963.7045772322
0.3,OPERATING_TANGENT,1.175,6.48010343375589,16.239461335427,0.00132837317473483,0.021775797673623,58970.5547860417
0.3,OPERATING_TANGENT,1.18,6.4813502695837,16.2402366481721,0.00144016297925839,0.0229445974040541,58977.5675844243
0.3,OPERATING_TANGENT,1.185,6.48262835420377,16.2410329968319,0.00155786387752824,0.0241401826794956,58984.741096077
0.3,OPERATING_TANGENT,1.19,6.48393737226782,16.2418500816258,0.00168160900241293,0.0253622345198767,58992.0734071193
0.3,OPERATING_TANGENT,1.195,6.48527700079525,16.2426875974783,0.00181152987627905,0.0266104277099561,58999.5625662597
0.3,OPERATING_TANGENT,1.2,6.48664690925277,16.2435452341529,0.00194775637990684,0.027884430837501,59007.206585025
0.3,OPERATING_TANGENT,1.205,6.48804675963594,16.2444226763742,0.00209041672161874,0.0291839063399468,59015.0034380397
0.3,OPERATING_TANGENT,1.21,6.48947620655265,16.2453196039421,0.00223963740665927,0.0305085105581284,59022.9510633488
0.3,OPERATING_TANGENT,1.215,6.49093489730826,16.2462356918386,0.00239554320685891,0.0318578937958875,59031.0473627753
0.3,OPERATING_TANGENT,1.22,6.49242247199264,16.2471706103299,0.00255825713060858,0.03323170038467,59039.290202308
0.3,OPERATING_TANGENT,1.225,6.493938563569,16.2481240250646,0.00272790039316819,0.034629568752333,59047.677412514
0.3,OPERATING_TANGENT,1.23,6.49548279796444,16.2490955971689,0.00290459238732825,0.0360511314955865,59056.2067889735
0.3,OPERATING_TANGENT,1.235,6.49705479416222,16.2500849833396,0.0030884506544421,0.0374960154556359,59064.8760927338
0.3,OPERATING_TANGENT,1.24,6.4986541642958,16.2510918359368,0.00327959085584323,0.0389638417965692,59073.6830507794
0.3,OPERATING_TANGENT,1.245,6.50028051374453,16.2521158031167,0.003478126746309,0.0404542280387457,59082.6253682325
0.3,OPERATING_TANGENT,1.25,6.50193344123103,16.2531565296698,0.00368417017750787,0.0419667914570194,59091.7007487421
0.3,OPERATING_TANGENT,1.255,6.50361253892016,16.2542136557778,0.00389783102139241,0.0435011269909076,59100.9067619454
0.3,OPERATING_TANGENT,1.26,6.5053173925197,16.2552868171281,0.00411921713916665,0.0450568340068749,59110.2410040413
0.3,OPERATING_TANGENT,1.265,6.50704758138254,16.2563756455647,0.00434843437563402,0.0466335065940662,59119.7010395644
0.3,OPERATING_TANGENT,1.27,6.50880267861046,16.2574797691708,0.00458558653304936,0.048230733659814,59129.2844019589
0.3,OPERATING_TANGENT,1.275,6.51058225115948,16.2585988123526,0.00483077534544997,0.0498480990257697,59138.9885941546
0.3,OPERATING_TANGENT,1.28,6.51238585994671,16.2597323959258,0.00508410045346864,0.0514851815246544,59148.8110891479
0.3,OPERATING_TANGENT,1.285,6.51421305995865,16.260880137204,0.00534565937963276,0.0531415550978611,59158.7493305872
0.3,OPERATING_TANGENT,1.29,6.51606340036106,16.2620416500876,0.00561554750415348,0.0548167888939268,59168.8007333636
0.3,OPERATING_TANGENT,1.295,6.51793642461012,16.2632165451555,0.00589385804120947,0.0565104473679412,59178.9626842076
0.3,OPERATING_TANGENT,1.3,6.51983167056514,16.2644044297574,0.00618068201573041,0.0582220903819568,59189.2325422917
0.3,OPERATING_TANGENT,1.305,6.52174867060252,16.2656049081066,0.00647610824068482,0.0599512733064191,59199.6076398385
0.3,OPERATING_TANGENT,1.31,6.52368695173119,16.2668175813752,0.00678022329487786,0.061697547122634,59210.0852827358
0.3,OPERATING_TANGENT,1.315,6.52564603570929,16.2680420477897,0.00709311150126392,0.0634604585262846,59220.6627511577
0.3,OPERATING_TANGENT,1.32,6.52762543916216,16.2692779027269,0.00741485490577964,0.0652395500320306,59231.3373001922
0.3,OPERATING_TANGENT,1.325,6.52962467370162,16.2705247388117,0.00774553325670236,0.0670343600791483,59242.1061604749
0.3,OPERATING_TANGENT,1.33,6.53164324604645,16.2717821460153,0.00808522398453963,0.0688444231382466,59252.9665388295
0.3,OPERATING_TANGENT,1.335,6.53368065814415,16.2730497117539,0.00843400218245477,0.0706692698190334,59263.9156189142
0.3,OPERATING_TANGENT,1.34,6.53573640729375,16.2743270209888,0.00879194058723403,0.0725084269791125,59274.9505618747
0.3,OPERATING_TANGENT,1.345,6.53780998626992,16.2756136563266,0.00915910956080015,0.074361417833817,59286.0685070029
0.3,OPERATING_TANGENT,1.35,6.53990088344807,16.2769091981201,0.00953557707227788,0.0762277620670897,59297.2665724025
0.3,OPERATING_TANGENT,1.355,6.54200858293062,16.2782132245708,0.00992140868061598,0.0781069759433031,59308.5418556598
0.3,OPERATING_TANGENT,1.36,6.54413256467425,16.2795253118304,0.0103166675177714,0.0799985724201253,59319.8914345207
0.3,OPERATING_TANGENT,1.365,6.54627230461824,16.2808450341042,0.0107214142724595,0.0819020612623049,59331.3123675738
0.3,OPERATING_TANGENT,1.37,6.54842727481379,16.2821719637548,0.0111357071744763,0.0838169491564376,59342.8016949386
0.3,OPERATING_TANGENT,1.375,6.55059694355424,16.2835056714055,0.0115596019795963,0.0857427398266317,59354.3564389598
0.3,OPERATING_TANGENT,1.38,6.55278077550631,16.2848457260457,0.0119931519550513,0.0876789341510928,59365.9736049066
0.3,OPERATING_TANGENT,1.385,6.55497823184212,16.286191695135,0.0124364078655938,0.0896250302795796,59377.6501816775
0.3,OPERATING_TANGENT,1.39,6.55718877037221,16.2875431447095,0.0128894179601508,0.0915805237517446,59389.3831425105
0.3,OPERATING_TANGENT,1.395,6.55941184567928,16.288899639487,0.0133522279590702,0.0935449076162698,59401.1694456976
0.3,OPERATING_TANGENT,1.4,6.56164690925277,16.2902607429737,0.0138248810419663,0.0955176725508728,59413.0060353052
0.3,OPERATING_TANGENT,1.405,6.56389340962416,16.2916260175709,0.0143074178361656,0.0974983069830255,59424.8898418981
0.3,OPERATING_TANGENT,1.41,6.56615079250312,16.2929950246815,0.01479987640576,0.0994862972115182,59436.8177832691
0.3,OPERATING_TANGENT,1.415,6.5684185009142,16.2943673248178,0.0153022922412682,0.10148112752872,59448.7867651723
0.3,OPERATING_TANGENT,1.42,6.57069597533428,16.295742477709,0.015814698249911,0.103482280343542,59460.7936820612
0.3,OPERATING_TANGENT,1.425,6.57298265383062,16.2971200424088,0.0163371247465027,0.105489236305115,59472.8354178307
0.3,OPERATING_TANGENT,1.43,6.57527797219953,16.298499577404,0.016869599444963,0.107501474427119,59484.9088465627
0.3,OPERATING_TANGENT,1.435,6.57758136410553,16.2998806407221,0.0174121474504516,0.109518472212734,59497.0108332764
0.3,OPERATING_TANGENT,1.44,6.57989226122115,16.3012627900405,0.0179647912521296,0.111539705780222,59509.1382346813
0.3,OPERATING_TANGENT,1.445,6.5822100933671,16.3026455827947,0.0185275507165501,0.113564649989065,59521.2878999344
0.3,OPERATING_TANGENT,1.45,6.58453428865297,16.3040285762874,0.0191004430816803,0.115592778566652,59533.4566713999
0.3,OPERATING_TANGENT,1.455,6.58686427361837,16.3054113277971,0.0196834829515596,0.117623564235517,59545.6413854131
0.3,OPERATING_TANGENT,1.46,6.58919947337436,16.3067933946872,0.0202766822915941,0.119656478841037,59557.8388730462
0.3,OPERATING_TANGENT,1.465,6.59153931174535,16.308174334515,0.0208800504244907,0.121690993479609,59570.0459608777
0.3,OPERATING_TANGENT,1.47,6.59388321141123,16.3095537051407,0.021493594026834,0.123726578627245,59582.2594717635
0.3,OPERATING_TANGENT,1.475,6.59623059404983,16.3109310648367,0.0221173171263069,0.12576270426861,59594.4762256117
0.3,OPERATING_TANGENT,1.48,6.59858088047961,16.3123059723962,0.0227512210995563,0.127798840026379,59606.6930401583
0.3,OPERATING_TANGENT,1.485,6.60093349080256,16.3136779872424,0.0233953046707085,0.12983445529099,59618.9067317459
0.3,OPERATING_TANGENT,1.49,6.60328784454729,16.3150466695372,0.024049563910532,0.131869019350651,59631.1141161039
0.3,OPERATING_TANGENT,1.495,6.60564336081223,16.3164115802901,0.0247139922362526,0.133902001521676,59643.3120091301
0.3,OPERATING_TANGENT,1.5,6.60799945840901,16.3177722814668,0.0253885804120201,0.135932871279055,59655.4972276743
0.3,OPERATING_TANGENT,1.505,6.61035555600578,16.3191283360974,0.0260733165500285,0.137961098387221,59667.6665903233
0.3,OPERATING_TANGENT,1.51,6.61271107227073,16.3204793083851,0.0267681861122905,0.139986153031028,59679.8169181862
0.3,OPERATING_TANGENT,1.515,6.61506542601545,16.3218247638138,0.0274731719130676,0.142007505946838,59691.945035681
0.3,OPERATING_TANGENT,1.52,6.6174180363384,16.3231642692558,0.0281882541219553,0.14402462855381,59704.0477713229
0.3,OPERATING_TANGENT,1.525,6.61976832276818,16.3244973930797,0.0289134102676258,0.146036993085145,59716.1219585109
0.3,OPERATING_TANGENT,1.53,6.62211570540678,16.3258237052576,0.0296486152422261,0.148044072719523,59728.1644363171
0.3,OPERATING_TANGENT,1.535,6.62445960507266,16.3271427774712,0.0303938413064343,0.150045341712442,59740.1720502747
0.3,OPERATING_TANGENT,1.54,6.62679944344365,16.3284541837617,0.0311490581170553,0.152040286575582,59752.1417194535
0.3,OPERATING_TANGENT,1.545,6.62913464319964,16.3297575006264,0.0319142327383934,0.154028377070249,59764.0702624215
0.3,OPERATING_TANGENT,1.55,6.63146462816504,16.3310523054305,0.0326893295803804,0.156009088339387,59775.9545300363
0.3,OPERATING_TANGENT,1.555,6.63378882345092,16.3323381776385,0.0334743104461404,0.157981900358063,59787.7914021484
0.3,OPERATING_TANGENT,1.56,6.63610665559687,16.3336146989812,0.0342691345429067,0.159946294817136,59799.5777689028
0.3,OPERATING_TANGENT,1.565,6.63841755271248,16.334881453554,0.0350737584909355,0.16190175525727,59811.3105315436
0.3,OPERATING_TANGENT,1.57,6.64072094461849,16.3361380279157,0.035888136333089,0.163847767202078,59822.9866032125
0.3,OPERATING_TANGENT,1.575,6.64301626298739,16.3373840111883,0.0367122195450806,0.165783818290464,59834.6029097428
0.3,OPERATING_TANGENT,1.58,6.64530294148374,16.3386189951563,0.0375459570463812,0.167709398408226,59846.1563904494
0.3,OPERATING_TANGENT,1.585,6.64758041590381,16.3398425743668,0.0383892952117808,0.169623999818969,59857.6439989138
0.3,OPERATING_TANGENT,1.59,6.64984812431489,16.3410543462286,0.0392421778836038,0.171527117294414,59869.0627037665
0.3,OPERATING_TANGENT,1.595,6.65210550719385,16.3422539111116,0.040104546384574,0.173418248244085,59880.4094894645
0.3,OPERATING_TANGENT,1.6,6.65435200756525,16.3434408724456,0.0409763395313264,0.175296892844347,59891.6813570661
0.3,OPERATING_TANGENT,1.605,6.65658707113873,16.3446148368189,0.0418574936485631,0.177162554166886,59902.8753250013
0.3,OPERATING_TANGENT,1.61,6.6588101464458,16.3457754140758,0.0427479425838493,0.179014738306538,59913.9884298392
0.3,OPERATING_TANGENT,1.615,6.6610206849759,16.3469222174139,0.0436476177230478,0.180852954508479,59925.0177270509
0.3,OPERATING_TANGENT,1.62,6.66321814131171,16.3480548634808,0.044556448006387,0.182676715294805,59935.9602917688
0.3,OPERATING_TANGENT,1.625,6.66540197326377,16.34917297247,0.0454743599451606,0.18448553659038,59946.8132195423
0.3,OPERATING_TANGENT,1.63,6.66757164200423,16.3502761682156,0.0464012776390549,0.186278937848027,59957.5736270882
0.3,OPERATING_TANGENT,1.635,6.66972661219977,16.3513640782869,0.0473371227940996,0.188056442172986,59968.2386530379
0.3,OPERATING_TANGENT,1.64,6.67186635214377,16.3524363340815,0.0482818147412396,0.189817576446597,59978.8054586796
0.3,OPERATING_TANGENT,1.645,6.67399033388739,16.3534925709184,0.0492352704555235,0.191561871449196,59989.2712286952
0.3,OPERATING_TANGENT,1.65,6.67609803336994,16.3545324281289,0.0501974045759036,0.193288861982236,59999.6331718934
0.3,OPERATING_TANGENT,1.655,6.67818893054809,16.3555555491478,0.0511681294256449,0.194998086989479,60009.8885219369
0.3,OPERATING_TANGENT,1.66,6.68026250952426,16.356561581603,0.0521473550333387,0.196689089677378,60020.0345380643
0.3,OPERATING_TANGENT,1.665,6.68231825867387,16.3575501774041,0.0531349891545139,0.198361417634489,60030.0685058069
0.3,OPERATING_TANGENT,1.67,6.68435567077156,16.3585209928301,0.054130937293845,0.200014622949949,60039.9877376997
0.3,OPERATING_TANGENT,1.675,6.6863742431164,16.3594736886162,0.0551351027279487,0.201648262330961,60049.7895739858
0.3,OPERATING_TANGENT,1.68,6.68837347765586,16.3604079300393,0.0561473865287657,0.203261897219267,60059.4713833156
0.3,OPERATING_TANGENT,1.685,6.69035288110873,16.3613233870022,0.0571676875875229,0.204855093906533,60069.0305634392
0.3,OPERATING_TANGENT,1.69,6.69231196508683,16.3622197341175,0.0581959026392686,0.206427423648673,60078.464541892
0.3,OPERATING_TANGENT,1.695,6.6942502462155,16.363096650789,0.0592319262879778,0.207978462779037,60087.7707766742
0.3,OPERATING_TANGENT,1.7,6.69616724625288,16.3639538212935,0.0602756510322195,0.209507792820418,60096.9467569225
0.3,OPERATING_TANGENT,1.705,6.69806249220789,16.36479093486,0.0613269672913814,0.211015000595888,60105.9900035753
0.3,OPERATING_TANGENT,1.71,6.69993551645695,16.3656076857488,0.0623857634324462,0.212499678338377,60114.8980700303
0.3,OPERATING_TANGENT,1.715,6.70178585685936,16.3664037733284,0.0634519257973122,0.213961423799025,60123.6685427941
0.3,OPERATING_TANGENT,1.72,6.70361305687131,16.3671789021518,0.0645253387306519,0.215399840354179,60132.2990421251
0.3,OPERATING_TANGENT,1.725,6.70541666565854,16.3679327820315,0.0656058846083035,0.216814537111103,60140.7872226666
0.3,OPERATING_TANGENT,1.73,6.70719623820755,16.3686651281127,0.0666934438661864,0.218205129012301,60149.1307740738
0.3,OPERATING_TANGENT,1.735,6.70895133543547,16.3693756609456,0.0677878950297358,0.219571236938432,60157.3274216306
0.3,OPERATING_TANGENT,1.74,6.71068152429831,16.3700641065565,0.0688891147438471,0.220912487809823,60165.3749268589
0.3,OPERATING_TANGENT,1.745,6.71238637789785,16.3707301965168,0.0699969778033258,0.222228514686472,60173.2710881188
0.3,OPERATING_TANGENT,1.75,6.71406547558699,16.3713736680117,0.0711113571838318,0.22351895686659,60181.0137411995
0.3,OPERATING_TANGENT,1.755,6.71571840307349,16.3719942639062,0.0722321240733146,0.224783459983588,60188.6007599015
0.3,OPERATING_TANGENT,1.76,6.71734475252222,16.3725917328112,0.0733591479039278,0.226021676101512,60196.0300566091
0.3,OPERATING_TANGENT,1.765,6.7189441226558,16.3731658291467,0.0744922963844179,0.227233263808886,60203.2995828533
0.3,OPERATING_TANGENT,1.77,6.72051611885358,16.3737163132047,0.0756314355329777,0.228417888310933,60210.4073298656
0.3,OPERATING_TANGENT,1.775,6.72206035324901,16.3742429512096,0.0767764297105572,0.229575221520124,60217.3513291207
0.3,OPERATING_TANGENT,1.78,6.72357644482538,16.3747455153782,0.0779271416546223,0.230704942145067,60224.1296528704
0.3,OPERATING_TANGENT,1.785,6.72506401950976,16.3752237839773,0.0790834325133546,0.231806735777656,60230.7404146659
0.3,OPERATING_TANGENT,1.79,6.72652271026536,16.3756775413804,0.0802451618802818,0.232880294978507,60237.181769871
0.3,OPERATING_TANGENT,1.795,6.72795215718207,16.3761065781222,0.0814121878293311,0.233925319360598,60243.4519161636
0.3,OPERATING_TANGENT,1.8,6.72935200756525,16.3765106909525,0.0825843669502968,0.234941515671103,60249.5490940266
0.3,OPERATING_TANGENT,1.805,6.73072191602276,16.3768896828875,0.0837615543847114,0.235928597871434,60255.4715872286
0.3,OPERATING_TANGENT,1.81,6.73206154455019,16.3772433632601,0.0849436038621139,0.236886287215391,60261.2177232923
0.3,OPERATING_TANGENT,1.815,6.73337056261425,16.3775715477689,0.0861303677367022,0.23781431232546,60266.7858739528
0.3,OPERATING_TANGENT,1.82,6.73464864723431,16.3778740585246,0.0873216970243643,0.238712409267164,60272.174455603
0.3,OPERATING_TANGENT,1.825,6.73589548306212,16.3781507240961,0.0885174414400744,0.239580321621531,60277.3819297292
0.3,OPERATING_TANGENT,1.83,6.7371107624596,16.3784013795536,0.0897174494356484,0.24041780055558,60282.4068033335
0.3,OPERATING_TANGENT,1.835,6.73829418557474,16.378625866511,0.0909215682378453,0.241224604890801,60287.2476293448
0.3,OPERATING_TANGENT,1.84,6.73944546041559,16.3788240331666,0.0921296438868068,0.242000501169688,60291.9030070181
0.3,OPERATING_TANGENT,1.845,6.74056430292231,16.3789957343416,0.0933415212748244,0.242745263720176,60296.3715823211
0.3,OPERATING_TANGENT,1.85,6.74165043703726,16.3791408315173,0.0945570441854236,0.243458674718079,60300.6520483085
0.3,OPERATING_TANGENT,1.855,6.7427035947731,16.3792591928704,0.0957760553327549,0.244140524247447,60304.7431454847
0.3,OPERATING_TANGENT,1.86,6.74372351627891,16.3793506933073,0.0969983964012814,0.244790610358782,60308.6436621527
0.3,OPERATING_TANGENT,1.865,6.74470994990432,16.3794152144954,0.0982239080857523,0.245408739125212,60312.3524347513
0.3,OPERATING_TANGENT,1.87,6.7456626522616,16.3794526448939,0.0994524301314525,0.245994724696473,60315.8683481788
0.3,OPERATING_TANGENT,1.875,6.7465813882857,16.3794628797823,0.100683801374715,0.246548389350764,60319.1903361046
0.3,OPERATING_TANGENT,1.88,6.74746593129225,16.3794458212873,0.10191785978369,0.24706956354442,60322.3173812665
0.3,OPERATING_TANGENT,1.885,6.74831606303349,16.3794013784078,0.103154442499352,0.247558085959414,60325.2485157565
0.3,OPERATING_TANGENT,1.89,6.74913157375214,16.3793294670386,0.104393385876748,0.248013803548613,60327.9828212917
0.3,OPERATING_TANGENT,1.895,6.74991226223314,16.3792300099916,0.105634525526453,0.248436571578846,60330.5194294731
0.3,OPERATING_TANGENT,1.9,6.75065793585328,16.3791029373754,0.106877696370821,0.248826259975553,60332.8575598533
0.3,OPERATING_TANGENT,1.905,6.75136841062876,16.3789481862877,0.108122732675778,0.249182734733951,60334.9964084037
0.3,OPERATING_TANGENT,1.91,6.75204351126055,16.3787657002433,0.10936946806734,0.249505875516924,60336.9352531015
0.3,OPERATING_TANGENT,1.915,6.75268307117768,16.3785554297603,0.110617735594546,0.249795571297158,60338.6734277829
0.3,OPERATING_TANGENT,1.92,6.7532869325783,16.3783173323838,0.111867367772486,0.250051719526883,60340.2103171613
0.3,OPERATING_TANGENT,1.925,6.75385494646866,16.3780513726917,0.113118196624776,0.250274226170573,60341.5453570234
0.3,OPERATING_TANGENT,1.93,6.75438697269982,16.3777575222986,0.1143700537262,0.250463005734641,60342.6780344078
0.3,OPERATING_TANGENT,1.935,6.75488288000227,16.37743575986,0.115622770245484,0.250617981294276,60343.6078877656
0.3,OPERATING_TANGENT,1.94,6.75534254601831,16.3770860710751,0.116876176988202,0.250739084517486,60344.3345071049
0.3,OPERATING_TANGENT,1.945,6.75576585733222,16.3767084486882,0.118130104439797,0.250826255686503,60344.857534119
0.3,OPERATING_TANGENT,1.95,6.75615270949828,16.3763028924891,0.119384382808698,0.25087944371654,60345.1766622992
0.3,OPERATING_TANGENT,1.955,6.75650300706649,16.3758694093119,0.120638842069525,0.250898606171967,60345.2916370318
0.3,OPERATING_TANGENT,1.96,6.75681666360618,16.3754080130325,0.121893312006374,0.25088370927997,60345.2022556798
0.3,OPERATING_TANGENT,1.965,6.75709360172728,16.3749187245642,0.123147622256157,0.250834727941694,60344.9083676502
0.3,OPERATING_TANGENT,1.97,6.75733375309947,16.374401571852,0.124401602351995,0.250751645740895,60344.4098744454
0.3,OPERATING_TANGENT,1.975,6.75753705846898,16.3738565898653,0.125655081766647,0.250634454950131,60343.7067297008
0.3,OPERATING_TANGENT,1.98,6.75770346767325,16.3732838205887,0.126907889955967,0.250483156534509,60342.798939207
0.3,OPERATING_TANGENT,1.985,6.7578329396533,16.3726833130112,0.128159856402367,0.250297760152984,60341.6865609179
0.3,OPERATING_TANGENT,1.99,6.75792544246387,16.3720551231137,0.129410810658289,0.250078284157208,60340.3697049432
0.3,OPERATING_TANGENT,1.995,6.75798095328126,16.3713993138548,0.130660582389655,0.249824755587992,60338.8485335279
0.3,OPERATING_TANGENT,2,6.75799945840901,16.3707159551552,0.131909001419306,0.249537210169329,60337.123261016
0.3,OPERATING_TANGENT,2.005,6.75798095328126,16.3700051238792,0.13315589777039,0.249215692299984,60335.1941537999
0.3,OPERATING_TANGENT,2.01,6.75792544246387,16.3692669038162,0.134401101709716,0.248860255042745,60333.0615302565
0.3,OPERATING_TANGENT,2.015,6.7578329396533,16.3685013856589,0.13564444379104,0.248470960111201,60330.7257606672
0.3,OPERATING_TANGENT,2.02,6.75770346767325,16.3677086669809,0.13688575489828,0.248047877854164,60328.187267125
0.3,OPERATING_TANGENT,2.025,6.75753705846898,16.3668888522116,0.138124866288651,0.247591087237724,60325.4465234263
0.3,OPERATING_TANGENT,2.03,6.75733375309947,16.3660420526103,0.139361609635696,0.247100675824869,60322.5040549492
0.3,OPERATING_TANGENT,2.035,6.75709360172728,16.3651683862377,0.140595817072223,0.246576739752788,60319.3604385167
0.3,OPERATING_TANGENT,2.04,6.75681666360618,16.3642679779263,0.141827321233107,0.246019383707784,60316.0163022467
0.3,OPERATING_TANGENT,2.045,6.75650300706649,16.3633409592492,0.14305595529797,0.245428720897809,60312.4723253869
0.3,OPERATING_TANGENT,2.05,6.75615270949828,16.3623874684862,0.144281553033719,0.244804873022703,60308.7292381362
0.3,OPERATING_TANGENT,2.055,6.75576585733222,16.3614076505892,0.145503948836921,0.24414797024205,60304.7878214523
0.3,OPERATING_TANGENT,2.06,6.75534254601831,16.360401657146,0.14672297777602,0.243458151140727,60300.6489068444
0.3,OPERATING_TANGENT,2.065,6.75488288000227,16.3593696463411,0.147938475633371,0.242735562692115,60296.3133761527
0.3,OPERATING_TANGENT,2.07,6.75438697269982,16.3583117829167,0.149150278947086,0.241980360219051,60291.7821613143
0.3,OPERATING_TANGENT,2.075,6.75385494646866,16.3572282381303,0.150358225052681,0.241192707352438,60287.0562441146
0.3,OPERATING_TANGENT,2.08,6.7532869325783,16.3561191897117,0.151562152124504,0.240372775987591,60282.1366559255
0.3,OPERATING_TANGENT,2.085,6.75268307117768,16.3549848218184,0.152761899216945,0.23952074623832,60277.0244774299
0.3,OPERATING_TANGENT,2.09,6.75204351126055,16.3538253249882,0.153957306305412,0.238636806388785,60271.7208383327
0.3,OPERATING_TANGENT,2.095,6.75136841062876,16.3526408960921,0.155148214327053,0.237721152843067,60266.2269170584
0.3,OPERATING_TANGENT,2.1,6.75065793585328,16.3514317382836,0.156334465221228,0.236773990072553,60260.5439404353
0.3,OPERATING_TANGENT,2.105,6.74991226223314,16.3501980609778,0.157515901970861,0.235795531928693,60254.6731915722
0.3,OPERATING_TANGENT,2.11,6.74913157375214,16.3489400805719,0.158692368674417,0.234786008040114,60248.6160482407
0.3,OPERATING_TANGENT,2.115,6.74831606303349,16.3476580191845,0.159863710542066,0.233745636205022,60242.3738172301
0.3,OPERATING_TANGENT,2.12,6.74746593129225,16.3463521043867,0.161029773921549,0.232674652705002,60235.94791623
0.3,OPERATING_TANGENT,2.125,6.7465813882857,16.3450225697986,0.162190406361414,0.23157330157083,60229.339809425
0.3,OPERATING_TANGENT,2.13,6.7456626522616,16.3436696550228,0.16334545664961,0.230441834521482,60222.5510071289
0.3,OPERATING_TANGENT,2.135,6.74470994990432,16.342293605577,0.164494774851766,0.229280510900082,60215.5830654005
0.3,OPERATING_TANGENT,2.14,6.74372351627891,16.3408946728267,0.165638212349152,0.228089597607077,60208.4375856425
0.3,OPERATING_TANGENT,2.145,6.7427035947731,16.3394731139176,0.166775621876286,0.226869369030723,60201.1162141843
0.3,OPERATING_TANGENT,2.15,6.74165043703726,16.3380291917077,0.167906857558198,0.225620106975125,60193.6206418507
0.3,OPERATING_TANGENT,2.155,6.74056430292231,16.3365631746979,0.169031774947324,0.224342100585904,60185.9526035154
0.3,OPERATING_TANGENT,2.16,6.73944546041559,16.3350753369623,0.170150231060024,0.223035646273587,60178.1138776415
0.3,OPERATING_TANGENT,2.165,6.73829418557474,16.3335659580774,0.171262084412707,0.221701047634815,60170.1062858089
0.3,OPERATING_TANGENT,2.17,6.7371107624596,16.3320353230499,0.172367195057562,0.220338615371473,60161.9316922288
0.3,OPERATING_TANGENT,2.175,6.73589548306212,16.330483722244,0.173465424617882,0.218948667207743,60153.5920032464
0.3,OPERATING_TANGENT,2.18,6.73464864723431,16.3289114513072,0.174556636322954,0.217531527805226,60145.0891668314
0.3,OPERATING_TANGENT,2.185,6.73337056261425,16.3273188110946,0.175640695042543,0.216087528676079,60136.4251720565
0.3,OPERATING_TANGENT,2.19,6.73206154455019,16.3257061075931,0.176717467320909,0.21461700809431,60127.6020485659
0.3,OPERATING_TANGENT,2.195,6.73072191602276,16.3240736518431,0.177786821410405,0.213120311005225,60118.6218660313
0.3,OPERATING_TANGENT,2.2,6.72935200756525,16.3224217598601,0.178848627304593,0.211597788933057,60109.4867335983
0.3,OPERATING_TANGENT,2.205,6.72795215718207,16.3207507525544,0.179902756770909,0.21004979988688,60100.1987993213
0.3,OPERATING_TANGENT,2.21,6.72652271026536,16.3190609556501,0.180949083382845,0.208476708264756,60090.7602495885
0.3,OPERATING_TANGENT,2.215,6.72506401950976,16.3173526996026,0.181987482551655,0.206878884756259,60081.1733085376
0.3,OPERATING_TANGENT,2.22,6.72357644482538,16.3156263195154,0.183017831557564,0.20525670624327,60071.4402374596
0.3,OPERATING_TANGENT,2.225,6.72206035324901,16.3138821550549,0.184040009580475,0.203610555699244,60061.5633341955
0.3,OPERATING_TANGENT,2.23,6.72051611885358,16.3121205503655,0.185053897730176,0.201940822086858,60051.5449325211
0.3,OPERATING_TANGENT,2.235,6.7189441226558,16.3103418539819,0.186059379076023,0.200247900254123,60041.3874015247
0.3,OPERATING_TANGENT,2.24,6.71734475252222,16.3085464187419,0.18705633867611,0.198532190829011,60031.0931449741
0.3,OPERATING_TANGENT,2.245,6.71571840307349,16.306734601697,0.188044663605894,0.196794100112575,60020.6646006754
0.3,OPERATING_TANGENT,2.25,6.71406547558699,16.3049067640227,0.189024242986297,0.195034039970681,60010.1042398241
0.3,OPERATING_TANGENT,2.255,6.71238637789785,16.3030632709273,0.189994968011253,0.193252427724309,59999.4145663458
0.3,OPERATING_TANGENT,2.26,6.71068152429831,16.3012044915601,0.190956731974709,0.191449686038503,59988.598116231
0.3,OPERATING_TANGENT,2.265,6.70895133543547,16.2993307989182,0.191909430297062,0.189626242809981,59977.6574568599
0.3,OPERATING_TANGENT,2.27,6.70719623820755,16.2974425697529,0.192852960551035,0.187782531053468,59966.5951863208
0.3,OPERATING_TANGENT,2.275,6.70541666565854,16.2955401844747,0.19378722248698,0.185918988786792,59955.4139327207
0.3,OPERATING_TANGENT,2.28,6.70361305687131,16.2936240270577,0.194712118057606,0.184036058914691,59944.1163534881
0.3,OPERATING_TANGENT,2.285,6.70178585685936,16.2916944849429,0.195627551442116,0.182134189111537,59932.7051346692
0.3,OPERATING_TANGENT,2.29,6.69993551645695,16.289751948941,0.196533429069765,0.180213831702831,59921.182990217
0.3,OPERATING_TANGENT,2.295,6.69806249220789,16.287796813134,0.197429659642812,0.178275443545632,59909.5526612738
0.3,OPERATING_TANGENT,2.3,6.69616724625288,16.2858294747764,0.198316154158879,0.176319485907911,59897.8169154475
0.3,OPERATING_TANGENT,2.305,6.6942502462155,16.283850334195,0.199192825932704,0.174346424346858,59885.9785460811
0.3,OPERATING_TANGENT,2.31,6.69231196508683,16.2818597946888,0.200059590617276,0.172356728586223,59874.0403715173
0.3,OPERATING_TANGENT,2.315,6.69035288110873,16.2798582624277,0.200916366224363,0.17035087239266,59862.005234356
0.3,OPERATING_TANGENT,2.32,6.68837347765586,16.2778461463504,0.201763073144413,0.168329333451185,59849.8760007071
0.3,OPERATING_TANGENT,2.325,6.6863742431164,16.2758238580619,0.202599634165835,0.166292593239735,59837.6555594384
0.3,OPERATING_TANGENT,2.33,6.68435567077156,16.2737918117305,0.203425974493644,0.164241136902898,59825.3468214174
0.3,OPERATING_TANGENT,2.335,6.68231825867387,16.2717504239834,0.204242021767485,0.162175453124837,59812.952718749
0.3,OPERATING_TANGENT,2.34,6.68026250952426,16.269700113803,0.205047706079001,0.160096034001421,59800.4762040085
0.3,OPERATING_TANGENT,2.345,6.67818893054809,16.2676413024216,0.20584295998858,0.158003374911681,59787.9202494701
0.3,OPERATING_TANGENT,2.35,6.67609803336994,16.2655744132159,0.20662771854144,0.155897974388537,59775.2878463312
0.3,OPERATING_TANGENT,2.355,6.67399033388739,16.2634998716012,0.20740191928308,0.153780333988891,59762.5820039333
0.3,OPERATING_TANGENT,2.36,6.67186635214377,16.2614181049246,0.208165502274072,0.15165095816312,59749.8057489787
0.3,OPERATING_TANGENT,2.365,6.66972661219977,16.2593295423586,0.208918410104198,0.149510354123963,59736.9621247438
0.3,OPERATING_TANGENT,2.37,6.66757164200423,16.2572346147935,0.209660587905938,0.147359031714929,59724.0541902896
0.3,OPERATING_TANGENT,2.375,6.66540197326377,16.2551337547299,0.210391983367289,0.145197503278172,59711.085019669
0.3,OPERATING_TANGENT,2.38,6.66321814131171,16.2530273961702,0.21111254674393,0.14302628352192,59698.0577011315
0.3,OPERATING_TANGENT,2.385,6.6610206849759,16.2509159745108,0.211822230870719,0.140845889387492,59684.9753363249
0.3,OPERATING_TANGENT,2.39,6.6588101464458,16.2487999264333,0.212520991172526,0.13865683991596,59671.8410394958
0.3,OPERATING_TANGENT,2.395,6.65658707113873,16.2466796897953,0.213208785674397,0.136459656114416,59658.6579366865
0.3,OPERATING_TANGENT,2.4,6.65435200756525,16.2445557035212,0.213885575011048,0.134254860822018,59645.4291649321
0.3,OPERATING_TANGENT,2.405,6.65210550719385,16.2424284074932,0.214551322435692,0.132042978575702,59632.1578714542
0.3,OPERATING_TANGENT,2.41,6.64984812431489,16.2402982424412,0.215205993828191,0.129824535475723,59618.8472128543
0.3,OPERATING_TANGENT,2.415,6.64758041590381,16.2381656498335,0.215849557702536,0.127600059050984,59605.5003543059
0.3,OPERATING_TANGENT,2.42,6.64530294148374,16.2360310717663,0.216481985213653,0.125370078124238,59592.1204687454
0.3,OPERATING_TANGENT,2.425,6.64301626298739,16.2338949508544,0.217103250163534,0.123135122677171,59578.710736063
0.3,OPERATING_TANGENT,2.43,6.64072094461849,16.2317577301204,0.217713329006696,0.120895723715417,59565.2743422925
0.3,OPERATING_TANGENT,2.435,6.63841755271248,16.2296198528854,0.218312200854965,0.118652413133544,59551.8144788013
0.3,OPERATING_TANGENT,2.44,6.63610665559687,16.2274817626579,0.218899847481576,0.116405723580037,59538.3343414802
0.3,OPERATING_TANGENT,2.445,6.63378882345092,16.2253439030244,0.219476253324615,0.114156188322351,59524.8371299341
0.3,OPERATING_TANGENT,2.45,6.63146462816504,16.2232067175389,0.220041405489766,0.111904341112004,59511.326046672
0.3,OPERATING_TANGENT,2.455,6.62913464319964,16.2210706496131,0.220595293752405,0.109650716049797,59497.8042962988
0.3,OPERATING_TANGENT,2.46,6.62679944344365,16.218936142406,0.221137910559002,0.107395847451242,59484.2750847074
0.3,OPERATING_TANGENT,2.465,6.62445960507266,16.2168036399737,0.221669251076382,0.105140327213595,59470.7419632816
0.3,OPERATING_TANGENT,2.47,6.62211570540678,16.2146736037799,0.222189313892965,0.102884815313239,59457.2088918794
0.3,OPERATING_TANGENT,2.475,6.61976832276819,16.2125464799439,0.222698099792693,0.100629649682263,59443.6778980936
0.3,OPERATING_TANGENT,2.48,6.6174180363384,16.2104227044274,0.223195611848789,0.09837536689591,59430.1522013755
0.3,OPERATING_TANGENT,2.485,6.61506542601545,16.208302713432,0.223681855814754,0.0961225024908909,59416.6350149454
0.3,OPERATING_TANGENT,2.49,6.61271107227073,16.2061869430748,0.224156840119155,0.0938715909531798,59403.1295457191
0.3,OPERATING_TANGENT,2.495,6.61035555600578,16.2040758291098,0.22462057586029,0.0916231656812094,59389.6389940872
0.3,OPERATING_TANGENT,2.5,6.60799945840901,16.201969806684,0.225073076800616,0.0893777589297624,59376.1665535786
0.3,OPERATING_TANGENT,2.505,6.60564336081223,16.1998693101225,0.22551435936086,0.0871359017385629,59362.7154104314
0.3,OPERATING_TANGENT,2.51,6.60328784454729,16.1977747727359,0.225944442613736,0.084898123848955,59349.2887430937
0.3,OPERATING_TANGENT,2.515,6.60093349080256,16.1956866266453,0.226363348277228,0.0826649536112107,59335.8897216673
0.3,OPERATING_TANGENT,2.52,6.59858088047961,16.1936053026225,0.226771100707386,0.0804369178845992,59322.5215073076
0.3,OPERATING_TANGENT,2.525,6.59623059404983,16.1915312299413,0.227167726890612,0.0782145419317928,59309.1872515908
0.3,OPERATING_TANGENT,2.53,6.59388321141123,16.1894648362377,0.227553256435397,0.0759983493090424,59295.8900958543
0.3,OPERATING_TANGENT,2.535,6.59153931174535,16.1874065473782,0.227927721563517,0.0737888617530267,59282.6331705182
0.3,OPERATING_TANGENT,2.54,6.58919947337436,16.1853567873339,0.228291157100638,0.0715865990653572,59269.4195943921
0.3,OPERATING_TANGENT,2.545,6.58686427361837,16.1833159780592,0.228643600466354,0.0693920789953193,59256.2524739719
0.3,OPERATING_TANGENT,2.55,6.58453428865297,16.1812845393751,0.228985091663628,0.0672058171213994,59243.1349027284
0.3,OPERATING_TANGENT,2.555,6.5822100933671,16.1792628888555,0.229315673267639,0.0650283267320795,59230.0699603925
0.3,OPERATING_TANGENT,2.56,6.57989226122115,16.1772514417163,0.229635390414034,0.0628601187061886,59217.0607122371
0.3,OPERATING_TANGENT,2.565,6.57758136410553,16.1752506107072,0.229944290786581,0.060701701393155,59204.1102083589
0.3,OPERATING_TANGENT,2.57,6.57527797219953,16.1732608060052,0.230242424604222,0.05855358049328,59191.2214829597
0.3,OPERATING_TANGENT,2.575,6.57298265383062,16.1712824351102,0.230529844607529,0.056416258938393,59178.3975536304
0.3,OPERATING_TANGENT,2.58,6.57069597533428,16.1693159027415,0.230806606044562,0.0542902367728626,59165.6414206372
0.3,OPERATING_TANGENT,2.585,6.5684185009142,16.167361610737,0.23107276665614,0.0521760110352147,59152.9560662113
0.3,OPERATING_TANGENT,2.59,6.56615079250312,16.1654199579523,0.231328386660512,0.0500740756404063,59140.3444538424
0.3,OPERATING_TANGENT,2.595,6.56389340962416,16.163491340162,0.231573528737449,0.0479849212628487,59127.8095275771
0.3,OPERATING_TANGENT,2.6,6.56164690925277,16.1615761499617,0.231808258011753,0.0459090352202782,59115.3542113217
0.3,OPERATING_TANGENT,2.605,6.55941184567928,16.1596747766716,0.23203264203618,0.043846901358533,59102.9814081512
0.3,OPERATING_TANGENT,2.61,6.55718877037221,16.1577876062402,0.232246750773797,0.0417989999372708,59090.6939996236
0.3,OPERATING_TANGENT,2.615,6.55497823184212,16.1559150211503,0.232450656579769,0.0397658075166589,59078.4948451
0.3,OPERATING_TANGENT,2.62,6.55278077550631,16.1540574003249,0.232644434182577,0.0377477968451867,59066.3867810711
0.3,OPERATING_TANGENT,2.625,6.55059694355424,16.152215119035,0.232828160664685,0.0357454367485026,59054.372620491
0.3,OPERATING_TANGENT,2.63,6.54842727481379,16.1503885488081,0.233001915442647,0.0337591920193745,59042.4551521162
0.3,OPERATING_TANGENT,2.635,6.54627230461824,16.1485780573373,0.233165780246674,0.0317895233088326,59030.637139853
0.3,OPERATING_TANGENT,2.64,6.54413256467425,16.1467840083927,0.233319839099649,0.0298368870184689,59018.9213221108
0.3,OPERATING_TANGENT,2.645,6.54200858293062,16.1450067617319,0.233464178295621,0.0279017351939519,59007.3104111637
0.3,OPERATING_TANGENT,2.65,6.53990088344807,16.1432466730136,0.233598886377755,0.0259845154197684,58995.8070925186
0.3,OPERATING_TANGENT,2.655,6.53780998626992,16.1415040937111,0.233724054115771,0.0240856707152357,58984.4140242914
0.3,OPERATING_TANGENT,2.66,6.53573640729375,16.1397793710271,0.233839774482854,0.0222056394317729,58973.1338365906
0.3,OPERATING_TANGENT,2.665,6.53368065814415,16.1380728478095,0.23394614263207,0.0203448551514978,58961.969130909
0.3,OPERATING_TANGENT,2.67,6.53164324604645,16.1363848624687,0.23404325587226,0.0185037465871201,58950.9224795227
0.3,OPERATING_TANGENT,2.675,6.52962467370162,16.1347157488961,0.234131213643449,0.0166827374831904,58939.9964248991
0.3,OPERATING_TANGENT,2.68,6.52762543916216,16.1330658363828,0.234210117491762,0.0148822465186953,58929.1934791122
0.3,OPERATING_TANGENT,2.685,6.52564603570929,16.1314354495407,0.234280071043853,0.0131026872110684,58918.5161232664
0.3,OPERATING_TANGENT,2.69,6.52368695173119,16.1298249082242,0.234341179980865,0.0113444678215249,58907.9668069291
0.3,OPERATING_TANGENT,2.695,6.52174867060252,16.1282345274528,0.234393552011908,0.00960799126186984,58897.5479475712
0.3,OPERATING_TANGENT,2.7,6.51983167056514,16.1266646173356,0.234437296847087,0.00789365500271622,58887.2619300163
0.3,OPERATING_TANGENT,2.705,6.51793642461012,16.1251154829965,0.234472526170071,0.0062018509831212,58877.1111058987
0.3,OPERATING_TANGENT,2.71,6.51606340036106,16.1235874245012,0.234499353610206,0.00453296552171345,58867.0977931303
0.3,OPERATING_TANGENT,2.715,6.51421305995865,16.1220807367846,0.234517894714199,0.00288737922926607,58857.2242753756
0.3,OPERATING_TANGENT,2.72,6.51238585994671,16.1205957095804,0.234528266917363,0.00126546692276719,58847.4928015366
0.3,OPERATING_TANGENT,2.725,6.51058225115948,16.1191326273514,0.234530589514433,-0.000332402459003234,58837.905585246
0.3,OPERATING_TANGENT,2.73,6.50880267861046,16.1176917692215,0.234524983629971,-0.00190586593841324,58828.4648043695
0.3,OPERATING_TANGENT,2.735,6.50704758138254,16.1162734089087,0.234511572188353,-0.00345456658036625,58819.1726005178
0.3,OPERATING_TANGENT,2.74,6.5053173925197,16.1148778146596,0.234490479883358,-0.00497815357216425,58810.031078567
0.3,OPERATING_TANGENT,2.745,6.50361253892016,16.1135052491853,0.234461833147357,-0.00647628230182384,58801.042306189
0.3,OPERATING_TANGENT,2.75,6.50193344123103,16.1121559695986,0.234425760120123,-0.00794861443484685,58792.2083133909
0.3,OPERATING_TANGENT,2.755,6.50028051374453,16.1108302273526,0.234382390617246,-0.00939481798938324,58783.5310920637
0.3,OPERATING_TANGENT,2.76,6.4986541642958,16.1095282552757,0.234331855576124,-0.0108148067897442,58775.0111592615
0.3,OPERATING_TANGENT,2.765,6.49705479416222,16.1082502756706,0.234274287237482,-0.0122080503492477,58766.6516979045
0.3,OPERATING_TANGENT,2.77,6.49548279796444,16.1069965288836,0.23420982031887,-0.0135741880693168,58758.4548715841
0.3,OPERATING_TANGENT,2.775,6.493938563569,16.1057672489758,0.234138591108533,-0.0149129173131257,58750.4224961212
0.3,OPERATING_TANGENT,2.78,6.49242247199264,16.1045626628663,0.234060737392905,-0.0162239414794936,58742.556351123
0.3,OPERATING_TANGENT,2.785,6.49093489730826,16.103382990526,0.233976398425905,-0.017506970206961,58734.8581787582
0.3,OPERATING_TANGENT,2.79,6.48947620655265,16.1022284451212,0.233885714897292,-0.0187617195476601,58727.329682714
0.3,OPERATING_TANGENT,2.795,6.48804675963594,16.1010992331191,0.233788828900216,-0.0199879121168838,58719.9725272987
0.3,OPERATING_TANGENT,2.8,6.48664690925277,16.0999955543624,0.233685883898065,-0.0211852772230063,58712.788336662
0.3,OPERATING_TANGENT,2.805,6.48527700079525,16.09891760212,0.233577024690716,-0.0223535509814656,58705.7786941112
0.3,OPERATING_TANGENT,2.81,6.48393737226782,16.0978655631192,0.233462397380236,-0.0234924764157505,58698.9451415055
0.3,OPERATING_TANGENT,2.815,6.48262835420377,16.0968396175637,0.233342149336114,-0.024601803547716,58692.2891787137
0.3,OPERATING_TANGENT,2.82,6.4813502695837,16.0958399391396,0.233216429160064,-0.0256812894790794,58685.8122631255
0.3,OPERATING_TANGENT,2.825,6.48010343375589,16.0948666950137,0.233085386650436,-0.0267306984655811,58679.5158092065
0.3,OPERATING_TANGENT,2.83,6.47888815435842,16.0939200458248,0.23294917276627,-0.0277498019849247,58673.4011880904
0.3,OPERATING_TANGENT,2.835,6.47770473124328,16.0930001456705,0.232807939591036,-0.0287383787995239,58667.4697272029
0.3,OPERATING_TANGENT,2.84,6.47655345640243,16.0921071420906,0.232661840296054,-0.0296962150146332,58661.7227099122
0.3,OPERATING_TANGENT,2.845,6.4754346138957,16.0912411760474,0.232511029103648,-0.0306231041325926,58656.1613752044
0.3,OPERATING_TANGENT,2.85,6.47434847978075,16.0904023819051,0.232355661250032,-0.0315188471035608,58650.7869173786
0.3,OPERATING_TANGENT,2.855,6.47329532204492,16.0895908874084,0.232195892947949,-0.0323832523731351,58645.6004857612
0.3,OPERATING_TANGENT,2.86,6.4722754005391,16.0888068136595,0.232031881349082,-0.0332161359271161,58640.6031844373
0.3,OPERATING_TANGENT,2.865,6.47128896691369,16.0880502750964,0.231863784506244,-0.0340173213336943,58635.7960719978
0.3,OPERATING_TANGENT,2.87,6.47033626455641,16.0873213794711,0.231691761335372,-0.0347866397832028,58631.1801613008
0.3,OPERATING_TANGENT,2.875,6.46941752853231,16.086620227828,0.231515971577312,-0.0355239301255814,58626.7564192465
0.3,OPERATING_TANGENT,2.88,6.46853298552577,16.0859469144835,0.231336575759442,-0.0362290389056881,58622.5257665659
0.3,OPERATING_TANGENT,2.885,6.46768285378453,16.0853015270066,0.231153735157106,-0.0369018203965386,58618.4890776208
0.3,OPERATING_TANGENT,2.89,6.46686734306587,16.0846841462004,0.230967611754897,-0.0375421366305257,58614.6471802168
0.3,OPERATING_TANGENT,2.895,6.46608665458488,16.084094846085,0.230778368207787,-0.03814985742871,58611.0008554277
0.3,OPERATING_TANGENT,2.9,6.46534098096473,16.0835336938813,0.230586167802114,-0.0387248604281947,58607.5508374308
0.3,OPERATING_TANGENT,2.905,6.46463050618926,16.0830007499971,0.230391174416435,-0.0392670311076557,58604.2978133541
0.3,OPERATING_TANGENT,2.91,6.46395540555747,16.0824960680133,0.230193552482261,-0.0397762628109923,58601.242423134
0.3,OPERATING_TANGENT,2.915,6.46331584564034,16.0820196946726,0.229993466944675,-0.040252456769224,58598.3852593847
0.3,OPERATING_TANGENT,2.92,6.46271198423971,16.0815716698693,0.229791083222845,-0.0406955221205312,58595.7268672768
0.3,OPERATING_TANGENT,2.925,6.46214397034936,16.0811520266409,0.229586567170439,-0.0411053759285416,58593.2677444288
0.3,OPERATING_TANGENT,2.93,6.4616119441182,16.0807607911606,0.229380085035961,-0.0414819431988427,58591.0083408069
0.3,OPERATING_TANGENT,2.935,6.46111603681574,16.0803979827321,0.229171803423002,-0.0418251568937436,58588.9490586375
0.3,OPERATING_TANGENT,2.94,6.4606563707997,16.0800636137854,0.228961889250418,-0.0421349579452492,58587.0902523285
0.3,OPERATING_TANGENT,2.945,6.46023305948579,16.0797576898748,0.228750509712462,-0.0424112952663318,58585.432228402
0.3,OPERATING_TANGENT,2.95,6.45984620731974,16.079480209678,0.228537832238845,-0.0426541257603876,58583.9752454377
0.3,OPERATING_TANGENT,2.955,6.45949590975152,16.0792311649969,0.228324024454771,-0.0428634143290658,58582.7195140256
0.3,OPERATING_TANGENT,2.96,6.45918225321184,16.0790105407599,0.228109254140927,-0.0430391338782563,58581.6651967305
0.3,OPERATING_TANGENT,2.965,6.45890531509073,16.0788183150263,0.22789368919345,-0.0431812653224046,58580.8124080656
0.3,OPERATING_TANGENT,2.97,6.45866516371855,16.0786544589917,0.227677497583878,-0.0432897975870894,58580.1612144775
0.3,OPERATING_TANGENT,2.975,6.45846185834904,16.0785189369956,0.227460847319089,-0.0433647276098679,58579.7116343408
0.3,OPERATING_TANGENT,2.98,6.45829544914477,16.07841170653,0.227243906401249,-0.0434060603394055,58579.4636379636
0.3,OPERATING_TANGENT,2.985,6.45816597716471,16.0783327182497,0.227026842787754,-0.0434138087328719,58579.4171476028
0.3,OPERATING_TANGENT,2.99,6.45807347435415,16.0782819159851,0.226809824351204,-0.0433879937516704,58579.57203749
0.3,OPERATING_TANGENT,2.995,6.45801796353676,16.0782592367554,0.226593018839392,-0.0433286443553769,58579.9281338677
0.3,OPERATING_TANGENT,3,6.45799945840901,16.0782646107838,0.226376593835333,-0.0432357974940345,58580.4852150358
0.3,OPERATING_TANGENT,3.005,6.45799945840901,16.078296953744,0.226160676331412,-0.0431335820313841,58581.0985078117
0.3,OPERATING_TANGENT,3.01,6.45799945840901,16.0783515851321,0.225945236992775,-0.0430440431513333,58581.635741092
0.3,OPERATING_TANGENT,3.015,6.45799945840901,16.0784238888733,0.225730219192273,-0.0429645790638631,58582.1125256168
0.3,OPERATING_TANGENT,3.02,6.45799945840901,16.0785101992714,0.225515577920853,-0.0428931236250225,58582.5412582499
0.3,OPERATING_TANGENT,3.025,6.45799945840901,16.0786076053394,0.22530127739569,-0.0428280360547735,58582.9317836714
0.3,OPERATING_TANGENT,3.03,6.45799945840901,16.0787137954177,0.225087289160758,-0.0427680133619379,58583.2919198284
0.3,OPERATING_TANGENT,3.035,6.45799945840901,16.0788269337845,0.224873590578471,-0.0427120208003053,58583.6278751982
0.3,OPERATING_TANGENT,3.04,6.45799945840901,16.0789455626707,0.224660163631848,-0.0426592366429723,58583.9445801422
0.3,OPERATING_TANGENT,3.045,6.45799945840901,16.0790685244489,0.224446993973298,-0.04260900832681,58584.2459500391
0.3,OPERATING_TANGENT,3.05,6.45799945840901,16.0791948998414,0.224234070169225,-0.0425608176259136,58584.5350942445
0.3,OPERATING_TANGENT,3.055,6.45799945840901,16.0793239588503,0.224021383100161,-0.0425142529950975,58584.8144820294
0.3,OPERATING_TANGENT,3.06,6.45799945840901,16.07945512179,0.223808925484383,-0.0424689876072275,58585.0860743566
0.3,OPERATING_TANGENT,3.065,6.45799945840901,16.0795879283418,0.223596691499617,-0.0424247619121036,58585.3514285274
0.3,OPERATING_TANGENT,3.07,6.45799945840901,16.0797220129797,0.223384676482611,-0.0423813697860087,58585.6117812839
0.3,OPERATING_TANGENT,3.075,6.45799945840901,16.0798570854552,0.223172876690568,-0.0423386475327074,58585.8681148038
0.3,OPERATING_TANGENT,3.08,6.45799945840901,16.0799929152996,0.222961289111684,-0.0422964651488265,58586.121209107
0.3,OPERATING_TANGENT,3.085,6.45799945840901,16.0801293195173,0.222749911314697,-0.0422547193874543,58586.3716836753
0.3,OPERATING_TANGENT,3.09,6.45799945840901,16.0802661528119,0.222538741329408,-0.0422133282497335,58586.6200305016
0.3,OPERATING_TANGENT,3.095,6.45799945840901,16.0804032998257,0.222327777551798,-0.0421722266105142,58586.8666403369
0.3,OPERATING_TANGENT,3.1,6.45799945840901,16.0805406689754,0.222117018668679,-0.0421313627445148,58587.1118235329
0.3,OPERATING_TANGENT,3.105,6.45799945840901,16.080678187558,0.221906463597859,-0.0420906955676763,58587.3558265939
0.3,OPERATING_TANGENT,3.11,6.45799945840901,16.0808157978637,0.221696111440626,-0.042050192446446,58587.5988453213
0.3,OPERATING_TANGENT,3.115,6.45799945840901,16.0809534540894,0.221485961444008,-0.0420098274580472,58587.8410352517
0.3,OPERATING_TANGENT,3.12,6.45799945840901,16.0810911198872,0.221276012970809,-0.0419695800089155,58588.0825199465
0.3,OPERATING_TANGENT,3.125,6.45799945840901,16.0812287664177,0.221066265475815,-0.0419294337375877,58588.3233975745
0.3,OPERATING_TANGENT,3.13,6.45799945840901,16.0813663708044,0.22085671848689,-0.0418893756434038,58588.5637461396
0.3,OPERATING_TANGENT,3.135,6.45799945840901,16.0815039149062,0.220647371589971,-0.0418493953946459,58588.8036276321
0.3,OPERATING_TANGENT,3.14,6.45799945840901,16.081641384342,0.220438224417153,-0.0418094847790549,58589.0430913257
0.3,OPERATING_TANGENT,3.145,6.45799945840901,16.0817787677171,0.220229276637218,-0.041769637267512,58589.2821763949
0.3,OPERATING_TANGENT,3.15,6.45799945840901,16.081916056008,0.220020527948126,-0.0417298476675203,58589.5209139949
0.3,OPERATING_TANGENT,3.155,6.45799945840901,16.0820532420743,0.219811978071042,-0.0416901118480482,58589.7593289117
0.3,OPERATING_TANGENT,3.16,6.45799945840901,16.0821903202712,0.219603626745597,-0.0416504265209987,58589.997440874
0.3,OPERATING_TANGENT,3.165,6.45799945840901,16.0823272861413,0.219395473726126,-0.0416107890676827,58590.2352655939
0.3,OPERATING_TANGENT,3.17,6.45799945840901,16.0824641361702,0.219187518778677,-0.0415711974010016,58590.472815594
0.3,OPERATING_TANGENT,3.175,6.45799945840901,16.0826008675923,0.218979761678634,-0.0415316498560401,58590.7101008638
0.3,OPERATING_TANGENT,3.18,6.45799945840901,16.0827374782369,0.218772202208839,-0.0414921451031169,58590.9471293813
0.3,OPERATING_TANGENT,3.185,6.45799945840901,16.0828739664052,0.21856484015809,-0.0414526820788144,58591.1839075271
0.3,OPERATING_TANGENT,3.19,6.45799945840901,16.0830103307736,0.218357675319951,-0.0414132599311365,58591.4204404132
0.3,OPERATING_TANGENT,3.195,6.45799945840901,16.083146570316,0.218150707491813,-0.0413738779760173,58591.6567321439
0.3,OPERATING_TANGENT,3.2,6.45799945840901,16.083282684243,0.217943936474139,-0.0413345356627328,58591.8927860236
0.3,OPERATING_TANGENT,3.205,6.45799945840901,16.0834186719527,0.217737362069872,-0.0412952325464708,58592.1286047212
0.3,OPERATING_TANGENT,3.21,6.45799945840901,16.0835545329925,0.217530984083959,-0.0412559682665243,58592.3641904008
0.3,OPERATING_TANGENT,3.215,6.45799945840901,16.0836902670278,0.217324802322979,-0.0412167425289915,58592.5995448261
0.3,OPERATING_TANGENT,3.22,6.45799945840901,16.0838258738182,0.217118816594841,-0.0411775550930269,58592.8346694418
0.3,OPERATING_TANGENT,3.225,6.45799945840901,16.0839613531979,0.21691302670855,-0.0411384057599182,58593.0695654405
0.3,OPERATING_TANGENT,3.23,6.45799945840901,16.0840967050601,0.216707432474018,-0.0410992943644288,58593.3042338134
0.3,OPERATING_TANGENT,3.235,6.45799945840901,16.0842319293452,0.216502033701913,-0.041060220767914,58593.5386753925
0.3,OPERATING_TANGENT,3.24,6.45799945840901,16.0843670260308,0.216296830203541,-0.0410211848528395,58593.772890883
0.3,OPERATING_TANGENT,3.245,6.45799945840901,16.0845019951241,0.216091821790753,-0.0409821865184625,58594.0068808892
0.3,OPERATING_TANGENT,3.25,6.45799945840901,16.0846368366559,0.21588700827587,-0.0409432256773705,58594.2406459358
0.3,OPERATING_TANGENT,3.255,6.45799945840901,16.0847715506753,0.215682389471621,-0.0409043022527413,58594.4741864836
0.3,OPERATING_TANGENT,3.26,6.45799945840901,16.0849061372466,0.215477965191098,-0.0408654161761746,58594.7075029429
0.3,OPERATING_TANGENT,3.265,6.45799945840901,16.0850405964453,0.215273735247718,-0.0408265673859685,58594.9405956842
0.3,OPERATING_TANGENT,3.27,6.45799945840901,16.0851749283567,0.215069699455191,-0.0407877558257503,58595.1734650455
0.3,OPERATING_TANGENT,3.275,6.45799945840901,16.085309133073,0.214865857627499,-0.0407489814433646,58595.4061113398
0.3,OPERATING_TANGENT,3.28,6.45799945840901,16.0854432106925,0.214662209578877,-0.0407102441900467,58595.6385348597
0.3,OPERATING_TANGENT,3.285,6.45799945840901,16.0855771613178,0.214458755123796,-0.0406715440197019,58595.8707358818
0.3,OPERATING_TANGENT,3.29,6.45799945840901,16.0857109850553,0.21425549407695,-0.040632880888376,58596.1027146697
0.3,OPERATING_TANGENT,3.295,6.45799945840901,16.0858446820143,0.214052426253252,-0.0405942547538238,58596.3344714771
0.3,OPERATING_TANGENT,3.3,6.45799945840901,16.0859782523063,0.21384955146782,-0.0405556655751642,58596.566006549
0.3,OPERATING_TANGENT,3.305,6.45799945840901,16.0861116960443,0.213646869535975,-0.0405171133126014,58596.7973201244
0.3,OPERATING_TANGENT,3.31,6.45799945840901,16.0862450133431,0.213444380273234,-0.0404785979272084,58597.0284124367
0.3,OPERATING_TANGENT,3.315,6.45799945840901,16.0863782043181,0.213242083495306,-0.040440119380758,58597.2592837155
0.3,OPERATING_TANGENT,3.32,6.45799945840901,16.086511269086,0.213039979018092,-0.0404016776355931,58597.4899341864
0.3,OPERATING_TANGENT,3.325,6.45799945840901,16.0866442077638,0.212838066657678,-0.0403632726545027,58597.720364073
0.3,OPERATING_TANGENT,3.33,6.45799945840901,16.086777020469,0.212636346230336,-0.0403249044006486,58597.9505735961
0.3,OPERATING_TANGENT,3.335,6.45799945840901,16.0869097073196,0.212434817552522,-0.0402865728374877,58598.1805629751
0.3,OPERATING_TANGENT,3.34,6.45799945840901,16.0870422684337,0.212233480440872,-0.0402482779287219,58598.4103324277
0.3,OPERATING_TANGENT,3.345,6.45799945840901,16.0871747039297,0.212032334712206,-0.0402100196382609,58598.6398821704
0.3,OPERATING_TANGENT,3.35,6.45799945840901,16.0873070139262,0.21183138018352,-0.0401717979301761,58598.8692124189
0.3,OPERATING_TANGENT,3.355,6.45799945840901,16.0874391985415,0.211630616671994,-0.0401336127686793,58599.0983233879
0.3,OPERATING_TANGENT,3.36,6.45799945840901,16.0875712578944,0.211430043994983,-0.0400954641181031,58599.3272152914
0.3,OPERATING_TANGENT,3.365,6.45799945840901,16.0877031921033,0.211229661970022,-0.0400573519428811,58599.5558883427
0.3,OPERATING_TANGENT,3.37,6.45799945840901,16.087835001287,0.211029470414823,-0.0400192762075307,58599.7843427548
0.3,OPERATING_TANGENT,3.375,6.45799945840901,16.0879666855638,0.210829469147274,-0.0399812368766508,58600.0125787401
0.3,OPERATING_TANGENT,3.38,6.45799945840901,16.0880982450523,0.210629657985442,-0.0399432339149062,58600.2405965106
0.3,OPERATING_TANGENT,3.385,6.45799945840901,16.0882296798709,0.21043003674757,-0.0399052672870219,58600.4683962779
0.3,OPERATING_TANGENT,3.39,6.45799945840901,16.0883609901379,0.210230605252076,-0.0398673369577764,58600.6959782533
0.3,OPERATING_TANGENT,3.395,6.45799945840901,16.0884921759716,0.210031363317554,-0.0398294428920085,58600.9233426479
0.3,OPERATING_TANGENT,3.4,6.45799945840901,16.08862323749,0.209832310762776,-0.0397915850545925,58601.1504896724
0.3,OPERATING_TANGENT,3.405,6.45799945840901,16.0887541748114,0.209633447406688,-0.0397537634104612,58601.3774195372
0.3,OPERATING_TANGENT,3.41,6.45799945840901,16.0888849880536,0.209434773068409,-0.0397159779245797,58601.6041324525
0.3,OPERATING_TANGENT,3.415,6.45799945840901,16.0890156773345,0.209236287567238,-0.0396782285619572,58601.8306286283
0.3,OPERATING_TANGENT,3.42,6.45799945840901,16.0891462427718,0.209037990722644,-0.0396405152876476,58602.0569082741
0.3,OPERATING_TANGENT,3.425,6.45799945840901,16.0892766844833,0.208839882354274,-0.039602838066731,58602.2829715996
0.3,OPERATING_TANGENT,3.43,6.45799945840901,16.0894070025864,0.208641962281947,-0.0395651968643467,58602.5088188139
0.3,OPERATING_TANGENT,3.435,6.45799945840901,16.0895371971987,0.208444230325659,-0.0395275916456477,58602.7344501261
0.3,OPERATING_TANGENT,3.44,6.45799945840901,16.0896672684374,0.208246686305577,-0.0394900223758405,58602.959865745
0.3,OPERATING_TANGENT,3.445,6.45799945840901,16.0897972164198,0.208049330042045,-0.0394524890201549,58603.1850658791
0.3,OPERATING_TANGENT,3.45,6.45799945840901,16.0899270412629,0.207852161355578,-0.03941499154387,58603.4100507368
0.3,OPERATING_TANGENT,3.455,6.45799945840901,16.0900567430838,0.207655180066866,-0.0393775299122847,58603.6348205263
0.3,OPERATING_TANGENT,3.46,6.45799945840901,16.0901863219994,0.207458385996773,-0.0393401040907495,58603.8593754555
0.3,OPERATING_TANGENT,3.465,6.45799945840901,16.0903157781265,0.207261778966334,-0.039302714044636,58604.0837157322
0.3,OPERATING_TANGENT,3.47,6.45799945840901,16.0904451115816,0.20706535879676,-0.0392653597393586,58604.3078415638
0.3,OPERATING_TANGENT,3.475,6.45799945840901,16.0905743224815,0.206869125309431,-0.03922804114036,58604.5317531578
0.3,OPERATING_TANGENT,3.48,6.45799945840901,16.0907034109425,0.206673078325904,-0.0391907582131275,58604.7554507212
0.3,OPERATING_TANGENT,3.485,6.45799945840901,16.090832377081,0.206477217667906,-0.0391535109231675,58604.978934461
0.3,OPERATING_TANGENT,3.49,6.45799945840901,16.0909612210132,0.206281543157336,-0.0391162992360368,58605.2022045838
0.3,OPERATING_TANGENT,3.495,6.45799945840901,16.0910899428552,0.206086054616266,-0.0390791231173182,58605.4252612961
0.3,OPERATING_TANGENT,3.5,6.45799945840901,16.091218542723,0.205890751866941,-0.0390419825326287,58605.6481048042
0.3,OPERATING_TANGENT,3.505,6.45799945840901,16.0913470207326,0.205695634731775,-0.0390048774476188,58605.8707353143
0.3,OPERATING_TANGENT,3.51,6.45799945840901,16.0914753769997,0.205500703033357,-0.0389678078279765,58606.0931530321
0.3,OPERATING_TANGENT,3.515,6.45799945840901,16.09160361164,0.205305956594445,-0.0389307736394144,58606.3153581635
0.3,OPERATING_TANGENT,3.52,6.45799945840901,16.091731724769,0.205111395237969,-0.0388937748477005,58606.5373509138
0.3,OPERATING_TANGENT,3.525,6.45799945840901,16.0918597165022,0.204917018787031,-0.0388568114186096,58606.7591314883
0.3,OPERATING_TANGENT,3.53,6.45799945840901,16.091987586955,0.204722827064903,-0.0388198833179683,58606.9807000922
0.3,OPERATING_TANGENT,3.535,6.45799945840901,16.0921153362426,0.204528819895029,-0.0387829905116348,58607.2020569302
0.3,OPERATING_TANGENT,3.54,6.45799945840901,16.0922429644801,0.204334997101021,-0.0387461329654926,58607.423202207
0.3,OPERATING_TANGENT,3.545,6.45799945840901,16.0923704717826,0.204141358506665,-0.0387093106454675,58607.6441361272
0.3,OPERATING_TANGENT,3.55,6.45799945840901,16.0924978582648,0.203947903935914,-0.0386725235175156,58607.8648588949
0.3,OPERATING_TANGENT,3.555,6.45799945840901,16.0926251240417,0.203754633212894,-0.0386357715476251,58608.0853707142
0.3,OPERATING_TANGENT,3.56,6.45799945840901,16.0927522692279,0.203561546161899,-0.0385990547018196,58608.3056717891
0.3,OPERATING_TANGENT,3.565,6.45799945840901,16.092879293938,0.203368642607394,-0.0385623729461617,58608.525762323
0.3,OPERATING_TANGENT,3.57,6.45799945840901,16.0930061982864,0.203175922374012,-0.0385257262467356,58608.7456425196
0.3,OPERATING_TANGENT,3.575,6.45799945840901,16.0931329823876,0.202983385286557,-0.038489114569666,58608.965312582
0.3,OPERATING_TANGENT,3.58,6.45799945840901,16.0932596463557,0.202791031170002,-0.0384525378811134,58609.1847727133
0.3,OPERATING_TANGENT,3.585,6.45799945840901,16.0933861903049,0.202598859849489,-0.0384159961472701,58609.4040231164
0.3,OPERATING_TANGENT,3.59,6.45799945840901,16.0935126143493,0.202406871150329,-0.0383794893343552,58609.6230639939
0.3,OPERATING_TANGENT,3.595,6.45799945840901,16.0936389186027,0.202215064898002,-0.0383430174086303,58609.8418955482
0.3,OPERATING_TANGENT,3.6,6.45799945840901,16.0937651031789,0.202023440918155,-0.0383065803363856,58610.0605179817
0.3,OPERATING_TANGENT,3.605,6.45799945840901,16.0938911681917,0.201831999036606,-0.0382701780839447,58610.2789314963
0.3,OPERATING_TANGENT,3.61,6.45799945840901,16.0940171137547,0.20164073907934,-0.0382338106176654,58610.497136294
0.3,OPERATING_TANGENT,3.615,6.45799945840901,16.0941429399813,0.20144966087251,-0.0381974779039389,58610.7151325764
0.3,OPERATING_TANGENT,3.62,6.45799945840901,16.0942686469849,0.201258764242437,-0.0381611799091903,58610.9329205449
0.3,OPERATING_TANGENT,3.625,6.45799945840901,16.0943942348789,0.20106804901561,-0.0381249165998732,58611.1505004008
0.3,OPERATING_TANGENT,3.63,6.45799945840901,16.0945197037762,0.200877515018686,-0.0380886879424818,58611.3678723451
0.3,OPERATING_TANGENT,3.635,6.45799945840901,16.0946450537901,0.200687162078489,-0.0380524939035336,58611.5850365788
0.3,OPERATING_TANGENT,3.64,6.45799945840901,16.0947702850334,0.20049699002201,-0.0380163344495887,58611.8019933025
0.3,OPERATING_TANGENT,3.645,6.45799945840901,16.094895397619,0.200306998676408,-0.0379802095472357,58612.0187427166
0.3,OPERATING_TANGENT,3.65,6.45799945840901,16.0950203916597,0.200117187869009,-0.0379441191631003,58612.2352850214
0.3,OPERATING_TANGENT,3.655,6.45799945840901,16.0951452672679,0.199927557427304,-0.0379080632638331,58612.451620417
0.3,OPERATING_TANGENT,3.66,6.45799945840901,16.0952700245563,0.199738107178952,-0.037872041816124,58612.6677491033
0.3,OPERATING_TANGENT,3.665,6.45799945840901,16.0953946636373,0.19954883695178,-0.0378360547866929,58612.8836712798
0.3,OPERATING_TANGENT,3.67,6.45799945840901,16.0955191846232,0.199359746573778,-0.0378001021422953,58613.0993871462
0.3,OPERATING_TANGENT,3.675,6.45799945840901,16.095643587626,0.199170835873105,-0.0377641838497169,58613.3148969017
0.3,OPERATING_TANGENT,3.68,6.45799945840901,16.0957678727581,0.198982104678084,-0.0377282998757753,58613.5302007453
0.3,OPERATING_TANGENT,3.685,6.45799945840901,16.0958920401312,0.198793552817206,-0.0376924501873273,58613.745298876
0.3,OPERATING_TANGENT,3.69,6.45799945840901,16.0960160898573,0.198605180119125,-0.0376566347512473,58613.9601914925
0.3,OPERATING_TANGENT,3.695,6.45799945840901,16.0961400220482,0.198416986412662,-0.0376208535344666,58614.1748787932
0.3,OPERATING_TANGENT,3.7,6.45799945840901,16.0962638368155,0.198228971526804,-0.0375851065039257,58614.3893609764
0.3,OPERATING_TANGENT,3.705,6.45799945840901,16.0963875342707,0.198041135290702,-0.0375493936266071,58614.6036382404
0.3,OPERATING_TANGENT,3.71,6.45799945840901,16.0965111145253,0.197853477533672,-0.0375137148695313,58614.8177107828
0.3,OPERATING_TANGENT,3.715,6.45799945840901,16.0966345776907,0.197665998085196,-0.037478070199743,58615.0315788015
0.3,OPERATING_TANGENT,3.72,6.45799945840901,16.096757923878,0.197478696774919,-0.037442459584323,58615.2452424941
0.3,OPERATING_TANGENT,3.725,6.45799945840901,16.0968811531985,0.197291573432651,-0.0374068829903837,58615.4587020577
0.3,OPERATING_TANGENT,3.73,6.45799945840901,16.097004265763,0.197104627888369,-0.0373713403850715,58615.6719576896
0.3,OPERATING_TANGENT,3.735,6.45799945840901,16.0971272616826,0.196917859972209,-0.037335831735561,58615.8850095866
0.3,OPERATING_TANGENT,3.74,6.45799945840901,16.097250141068,0.196731269514476,-0.0373003570090624,58616.0978579456
0.3,OPERATING_TANGENT,3.745,6.45799945840901,16.09737290403,0.196544856345636,-0.0372649161728198,58616.3105029631
0.3,OPERATING_TANGENT,3.75,6.45799945840901,16.097495550679,0.196358620296319,-0.0372295091941073,58616.5229448354
0.3,OPERATING_TANGENT,3.755,6.45799945840901,16.0976180811258,0.196172561197321,-0.0371941360402328,58616.7351837586
0.3,OPERATING_TANGENT,3.76,6.45799945840901,16.0977404954805,0.195986678879598,-0.0371587966785327,58616.9472199288
0.3,OPERATING_TANGENT,3.765,6.45799945840901,16.0978627938535,0.195800973174271,-0.0371234910763807,58617.1590535417
0.3,OPERATING_TANGENT,3.77,6.45799945840901,16.097984976355,0.195615443912624,-0.0370882192011734,58617.3706847929
0.3,OPERATING_TANGENT,3.775,6.45799945840901,16.098107043095,0.195430090926103,-0.0370529810203557,58617.5821138779
0.3,OPERATING_TANGENT,3.78,6.45799945840901,16.0982289941834,0.195244914046318,-0.0370177765013899,58617.7933409917
0.3,OPERATING_TANGENT,3.785,6.45799945840901,16.0983508297303,0.195059913105041,-0.0369826056117777,58618.0043663293
0.3,OPERATING_TANGENT,3.79,6.45799945840901,16.0984725498452,0.194875087934207,-0.0369474683190472,58618.2151900857
0.3,OPERATING_TANGENT,3.795,6.45799945840901,16.0985941546379,0.194690438365911,-0.0369123645907692,58618.4258124554
0.3,OPERATING_TANGENT,3.8,6.45799945840901,16.098715644218,0.194505964232413,-0.0368772943945288,58618.6362336328
0.3,OPERATING_TANGENT,3.805,6.45799945840901,16.0988370186947,0.194321665366134,-0.0368422576979661,58618.8464538122
0.3,OPERATING_TANGENT,3.81,6.45799945840901,16.0989582781775,0.194137541599656,-0.0368072544687301,58619.0564731876
0.3,OPERATING_TANGENT,3.815,6.45799945840901,16.0990794227757,0.193953592765723,-0.0367722846745178,58619.2662919529
0.3,OPERATING_TANGENT,3.82,6.45799945840901,16.0992004525982,0.193769818697241,-0.0367373482830473,58619.4759103017
0.3,OPERATING_TANGENT,3.825,6.45799945840901,16.0993213677542,0.193586219227276,-0.0367024452620797,58619.6853284275
0.3,OPERATING_TANGENT,3.83,6.45799945840901,16.0994421683526,0.193402794189057,-0.0366675755793988,58619.8945465236
0.3,OPERATING_TANGENT,3.835,6.45799945840901,16.0995628545022,0.193219543415973,-0.0366327392028225,58620.1035647831
0.3,OPERATING_TANGENT,3.84,6.45799945840901,16.0996834263117,0.193036466741574,-0.0365979361001987,58620.3123833988
0.3,OPERATING_TANGENT,3.845,6.45799945840901,16.0998038838896,0.192853563999569,-0.0365631662394144,58620.5210025635
0.3,OPERATING_TANGENT,3.85,6.45799945840901,16.0999242273446,0.192670835023831,-0.0365284295883814,58620.7294224697
0.3,OPERATING_TANGENT,3.855,6.45799945840901,16.100044456785,0.19248827964839,-0.0364937261150438,58620.9376433097
0.3,OPERATING_TANGENT,3.86,6.45799945840901,16.1001645723191,0.192305897707439,-0.0364590557873772,58621.1456652757
0.3,OPERATING_TANGENT,3.865,6.45799945840901,16.1002845740551,0.192123689035328,-0.0364244185733931,58621.3534885596
0.3,OPERATING_TANGENT,3.87,6.45799945840901,16.1004044621011,0.19194165346657,-0.0363898144411294,58621.5611133532
0.3,OPERATING_TANGENT,3.875,6.45799945840901,16.100524236565,0.191759790835835,-0.0363552433586545,58621.7685398481
0.3,OPERATING_TANGENT,3.88,6.45799945840901,16.1006438975548,0.191578100977955,-0.0363207052940737,58621.9757682356
0.3,OPERATING_TANGENT,3.885,6.45799945840901,16.1007634451783,0.191396583727919,-0.0362862002155246,58622.1827987069
0.3,OPERATING_TANGENT,3.89,6.45799945840901,16.100882879543,0.191215238920877,-0.0362517280911661,58622.389631453
0.3,OPERATING_TANGENT,3.895,6.45799945840901,16.1010022007567,0.191034066392137,-0.0362172888892029,58622.5962666648
0.3,OPERATING_TANGENT,3.9,6.45799945840901,16.1011214089266,0.190853065977168,-0.0361828825778545,58622.8027045329
0.3,OPERATING_TANGENT,3.905,6.45799945840901,16.1012405041604,0.190672237511595,-0.0361485091253861,58623.0089452477
0.3,OPERATING_TANGENT,3.91,6.45799945840901,16.1013594865651,0.190491580831203,-0.0361141685000863,58623.2149889995
0.3,OPERATING_TANGENT,3.915,6.45799945840901,16.1014783562479,0.190311095771936,-0.0360798606702755,58623.4208359783
0.3,OPERATING_TANGENT,3.92,6.45799945840901,16.101597113316,0.190130782169895,-0.0360455856043114,58623.6264863741
0.3,OPERATING_TANGENT,3.925,6.45799945840901,16.1017157578763,0.18995063986134,-0.0360113432705713,58623.8319403766
0.3,OPERATING_TANGENT,3.93,6.45799945840901,16.1018342900355,0.18977066868269,-0.0359771336374788,58624.0371981751
0.3,OPERATING_TANGENT,3.935,6.45799945840901,16.1019527099006,0.189590868470518,-0.0359429566734732,58624.2422599592
0.3,OPERATING_TANGENT,3.94,6.45799945840901,16.1020710175782,0.18941123906156,-0.035908812347035,58624.4471259178
0.3,OPERATING_TANGENT,3.945,6.45799945840901,16.1021892131747,0.189231780292706,-0.0358747006266746,58624.65179624
0.3,OPERATING_TANGENT,3.95,6.45799945840901,16.1023072967967,0.189052492001003,-0.0358406214809275,58624.8562711144
0.3,OPERATING_TANGENT,3.955,6.45799945840901,16.1024252685504,0.188873374023659,-0.0358065748783698,58625.0605507298
0.3,OPERATING_TANGENT,3.96,6.45799945840901,16.1025431285422,0.188694426198034,-0.0357725607875974,58625.2646352744
0.3,OPERATING_TANGENT,3.965,6.45799945840901,16.1026608768782,0.18851564836165,-0.0357385791772451,58625.4685249365
0.3,OPERATING_TANGENT,3.97,6.45799945840901,16.1027785136644,0.188337040352181,-0.0357046300159745,58625.6722199041
0.3,OPERATING_TANGENT,3.975,6.45799945840901,16.1028960390068,0.188158602007461,-0.0356707132724825,58625.8757203651
0.3,OPERATING_TANGENT,3.98,6.45799945840901,16.1030134530113,0.18798033316548,-0.0356368289154929,58626.079026507
0.3,OPERATING_TANGENT,3.985,6.45799945840901,16.1031307557834,0.187802233664382,-0.0356029769137578,58626.2821385175
0.3,OPERATING_TANGENT,3.99,6.45799945840901,16.103247947429,0.18762430334247,-0.0355691572360719,58626.4850565836
0.3,OPERATING_TANGENT,3.995,6.45799945840901,16.1033650280535,0.187446542038201,-0.0355353698512442,58626.6877808925
0.3,OPERATING_TANGENT,4,6.45799945840901,16.1034819977624,0.187268949590189,-0.0355016147281262,58626.8903116312
0.3,CLASSICAL_LUT_COARSE,0,6.45799945840901,16.226991584938,0,1.77635683940025e-15,58839.9
0.3,CLASSICAL_LUT_COARSE,0.005,6.45799945840901,16.226991584938,8.88178419700125e-18,1.77635683940025e-15,58839.9
0.3,CLASSICAL_LUT_COARSE,0.01,6.45799945840901,16.226991584938,1.77635683940025e-17,1.77635683940025e-15,58839.9
0.3,CLASSICAL_LUT_COARSE,0.015,6.45799945840901,16.226991584938,2.66453525910038e-17,1.77635683940025e-15,58839.9
0.3,CLASSICAL_LUT_COARSE,0.02,6.45799945840901,16.226991584938,3.5527136788005e-17,1.77635683940025e-15,58839.9
0.3,CLASSICAL_LUT_COARSE,0.025,6.45799945840901,16.226991584938,4.44089209850063e-17,1.77635683940025e-15,58839.9
0.3,CLASSICAL_LUT_COARSE,0.03,6.45799945840901,16.226991584938,5.32907051820075e-17,1.77635683940025e-15,58839.9
0.3,CLASSICAL_LUT_COARSE,0.035,6.45799945840901,16.226991584938,6.21724893790088e-17,1.77635683940025e-15,58839.9
0.3,CLASSICAL_LUT_COARSE,0.04,6.45799945840901,16.226991584938,7.105427357601e-17,1.77635683940025e-15,58839.9
0.3,CLASSICAL_LUT_COARSE,0.045,6.45799945840901,16.226991584938,7.99360577730113e-17,1.77635683940025e-15,58839.9
0.3,CLASSICAL_LUT_COARSE,0.05,6.45799945840901,16.226991584938,8.88178419700125e-17,1.77635683940025e-15,58839.9
0.3,CLASSICAL_LUT_COARSE,0.055,6.45799945840901,16.226991584938,9.76996261670138e-17,1.77635683940025e-15,58839.9
0.3,CLASSICAL_LUT_COARSE,0.06,6.45799945840901,16.226991584938,1.06581410364015e-16,1.77635683940025e-15,58839.9
0.3,CLASSICAL_LUT_COARSE,0.065,6.45799945840901,16.226991584938,1.15463194561016e-16,1.77635683940025e-15,58839.9
0.3,CLASSICAL_LUT_COARSE,0.07,6.45799945840901,16.226991584938,1.24344978758018e-16,1.77635683940025e-15,58839.9
0.3,CLASSICAL_LUT_COARSE,0.075,6.45799945840901,16.226991584938,1.33226762955019e-16,1.77635683940025e-15,58839.9
0.3,CLASSICAL_LUT_COARSE,0.08,6.45799945840901,16.226991584938,1.4210854715202e-16,1.77635683940025e-15,58839.9
0.3,CLASSICAL_LUT_COARSE,0.085,6.45799945840901,16.226991584938,1.50990331349021e-16,1.77635683940025e-15,58839.9
0.3,CLASSICAL_LUT_COARSE,0.09,6.45799945840901,16.226991584938,1.59872115546023e-16,1.77635683940025e-15,58839.9
0.3,CLASSICAL_LUT_COARSE,0.095,6.45799945840901,16.226991584938,1.68753899743024e-16,1.77635683940025e-15,58839.9
0.3,CLASSICAL_LUT_COARSE,0.1,6.45799945840901,16.226991584938,1.77635683940025e-16,1.77635683940025e-15,58839.9
0.3,CLASSICAL_LUT_COARSE,0.105,6.45799945840901,16.226991584938,1.86517468137026e-16,1.77635683940025e-15,58839.9
0.3,CLASSICAL_LUT_COARSE,0.11,6.45799945840901,16.226991584938,1.95399252334028e-16,1.77635683940025e-15,58839.9
0.3,CLASSICAL_LUT_COARSE,0.115,6.45799945840901,16.226991584938,2.04281036531029e-16,1.77635683940025e-15,58839.9
0.3,CLASSICAL_LUT_COARSE,0.12,6.45799945840901,16.226991584938,2.1316282072803e-16,1.77635683940025e-15,58839.9
0.3,CLASSICAL_LUT_COARSE,0.125,6.45799945840901,16.226991584938,2.22044604925031e-16,1.77635683940025e-15,58839.9
0.3,CLASSICAL_LUT_COARSE,0.13,6.45799945840901,16.226991584938,2.30926389122033e-16,1.77635683940025e-15,58839.9
0.3,CLASSICAL_LUT_COARSE,0.135,6.45799945840901,16.226991584938,2.39808173319034e-16,1.77635683940025e-15,58839.9
0.3,CLASSICAL_LUT_COARSE,0.14,6.45799945840901,16.226991584938,2.48689957516035e-16,1.77635683940025e-15,58839.9
0.3,CLASSICAL_LUT_COARSE,0.145,6.45799945840901,16.226991584938,2.57571741713036e-16,1.77635683940025e-15,58839.9
0.3,CLASSICAL_LUT_COARSE,0.15,6.45799945840901,16.226991584938,2.66453525910038e-16,1.77635683940025e-15,58839.9
0.3,CLASSICAL_LUT_COARSE,0.155,6.45799945840901,16.226991584938,2.75335310107039e-16,1.77635683940025e-15,58839.9
0.3,CLASSICAL_LUT_COARSE,0.16,6.45799945840901,16.226991584938,2.8421709430404e-16,1.77635683940025e-15,58839.9
0.3,CLASSICAL_LUT_COARSE,0.165,6.45799945840901,16.226991584938,2.93098878501041e-16,1.77635683940025e-15,58839.9
0.3,CLASSICAL_LUT_COARSE,0.17,6.45799945840901,16.226991584938,3.01980662698043e-16,1.77635683940025e-15,58839.9
0.3,CLASSICAL_LUT_COARSE,0.175,6.45799945840901,16.226991584938,3.10862446895044e-16,1.77635683940025e-15,58839.9
0.3,CLASSICAL_LUT_COARSE,0.18,6.45799945840901,16.226991584938,3.19744231092045e-16,1.77635683940025e-15,58839.9
0.3,CLASSICAL_LUT_COARSE,0.185,6.45799945840901,16.226991584938,3.28626015289046e-16,1.77635683940025e-15,58839.9
0.3,CLASSICAL_LUT_COARSE,0.19,6.45799945840901,16.226991584938,3.37507799486048e-16,1.77635683940025e-15,58839.9
0.3,CLASSICAL_LUT_COARSE,0.195,6.45799945840901,16.226991584938,3.46389583683049e-16,1.77635683940025e-15,58839.9
0.3,CLASSICAL_LUT_COARSE,0.2,6.45799945840901,16.226991584938,3.5527136788005e-16,1.77635683940025e-15,58839.9
0.3,CLASSICAL_LUT_COARSE,0.205,6.45799945840901,16.226991584938,3.64153152077051e-16,1.77635683940025e-15,58839.9
0.3,CLASSICAL_LUT_COARSE,0.21,6.45799945840901,16.226991584938,3.73034936274053e-16,1.77635683940025e-15,58839.9
0.3,CLASSICAL_LUT_COARSE,0.215,6.45799945840901,16.226991584938,3.81916720471054e-16,1.77635683940025e-15,58839.9
0.3,CLASSICAL_LUT_COARSE,0.22,6.45799945840901,16.226991584938,3.90798504668055e-16,1.77635683940025e-15,58839.9
0.3,CLASSICAL_LUT_COARSE,0.225,6.45799945840901,16.226991584938,3.99680288865056e-16,1.77635683940025e-15,58839.9
0.3,CLASSICAL_LUT_COARSE,0.23,6.45799945840901,16.226991584938,4.08562073062058e-16,1.77635683940025e-15,58839.9
0.3,CLASSICAL_LUT_COARSE,0.235,6.45799945840901,16.226991584938,4.17443857259059e-16,1.77635683940025e-15,58839.9
0.3,CLASSICAL_LUT_COARSE,0.24,6.45799945840901,16.226991584938,4.2632564145606e-16,1.77635683940025e-15,58839.9
0.3,CLASSICAL_LUT_COARSE,0.245,6.45799945840901,16.226991584938,4.35207425653061e-16,1.77635683940025e-15,58839.9
0.3,CLASSICAL_LUT_COARSE,0.25,6.45799945840901,16.226991584938,4.44089209850063e-16,1.77635683940025e-15,58839.9
0.3,CLASSICAL_LUT_COARSE,0.255,6.45799945840901,16.226991584938,4.52970994047064e-16,1.77635683940025e-15,58839.9
0.3,CLASSICAL_LUT_COARSE,0.26,6.45799945840901,16.226991584938,4.61852778244065e-16,1.77635683940025e-15,58839.9
0.3,CLASSICAL_LUT_COARSE,0.265,6.45799945840901,16.226991584938,4.70734562441066e-16,1.77635683940025e-15,58839.9
0.3,CLASSICAL_LUT_COARSE,0.27,6.45799945840901,16.226991584938,4.79616346638068e-16,1.77635683940025e-15,58839.9
0.3,CLASSICAL_LUT_COARSE,0.275,6.45799945840901,16.226991584938,4.88498130835069e-16,1.77635683940025e-15,58839.9
0.3,CLASSICAL_LUT_COARSE,0.28,6.45799945840901,16.226991584938,4.9737991503207e-16,1.77635683940025e-15,58839.9
0.3,CLASSICAL_LUT_COARSE,0.285,6.45799945840901,16.226991584938,5.06261699229071e-16,1.77635683940025e-15,58839.9
0.3,CLASSICAL_LUT_COARSE,0.29,6.45799945840901,16.226991584938,5.15143483426073e-16,1.77635683940025e-15,58839.9
0.3,CLASSICAL_LUT_COARSE,0.295,6.45799945840901,16.226991584938,5.24025267623074e-16,1.77635683940025e-15,58839.9
0.3,CLASSICAL_LUT_COARSE,0.3,6.45799945840901,16.226991584938,5.32907051820075e-16,1.77635683940025e-15,58839.9
0.3,CLASSICAL_LUT_COARSE,0.305,6.45799945840901,16.226991584938,5.41788836017076e-16,1.77635683940025e-15,58839.9
0.3,CLASSICAL_LUT_COARSE,0.31,6.45799945840901,16.226991584938,5.50670620214078e-16,1.77635683940025e-15,58839.9
0.3,CLASSICAL_LUT_COARSE,0.315,6.45799945840901,16.226991584938,5.59552404411079e-16,1.77635683940025e-15,58839.9
0.3,CLASSICAL_LUT_COARSE,0.32,6.45799945840901,16.226991584938,5.6843418860808e-16,1.77635683940025e-15,58839.9
0.3,CLASSICAL_LUT_COARSE,0.325,6.45799945840901,16.226991584938,5.77315972805081e-16,1.77635683940025e-15,58839.9
0.3,CLASSICAL_LUT_COARSE,0.33,6.45799945840901,16.226991584938,5.86197757002083e-16,1.77635683940025e-15,58839.9
0.3,CLASSICAL_LUT_COARSE,0.335,6.45799945840901,16.226991584938,5.95079541199084e-16,1.77635683940025e-15,58839.9
0.3,CLASSICAL_LUT_COARSE,0.34,6.45799945840901,16.226991584938,6.03961325396085e-16,1.77635683940025e-15,58839.9
0.3,CLASSICAL_LUT_COARSE,0.345,6.45799945840901,16.226991584938,6.12843109593086e-16,1.77635683940025e-15,58839.9
0.3,CLASSICAL_LUT_COARSE,0.35,6.45799945840901,16.226991584938,6.21724893790088e-16,1.77635683940025e-15,58839.9
0.3,CLASSICAL_LUT_COARSE,0.355,6.45799945840901,16.226991584938,6.30606677987089e-16,1.77635683940025e-15,58839.9
0.3,CLASSICAL_LUT_COARSE,0.36,6.45799945840901,16.226991584938,6.3948846218409e-16,1.77635683940025e-15,58839.9
0.3,CLASSICAL_LUT_COARSE,0.365,6.45799945840901,16.226991584938,6.48370246381091e-16,1.77635683940025e-15,58839.9
0.3,CLASSICAL_LUT_COARSE,0.37,6.45799945840901,16.226991584938,6.57252030578093e-16,1.77635683940025e-15,58839.9
0.3,CLASSICAL_LUT_COARSE,0.375,6.45799945840901,16.226991584938,6.66133814775094e-16,1.77635683940025e-15,58839.9
0.3,CLASSICAL_LUT_COARSE,0.38,6.45799945840901,16.226991584938,6.75015598972095e-16,1.77635683940025e-15,58839.9
0.3,CLASSICAL_LUT_COARSE,0.385,6.45799945840901,16.226991584938,6.83897383169096e-16,1.77635683940025e-15,58839.9
0.3,CLASSICAL_LUT_COARSE,0.39,6.45799945840901,16.226991584938,6.92779167366098e-16,1.77635683940025e-15,58839.9
0.3,CLASSICAL_LUT_COARSE,0.395,6.45799945840901,16.226991584938,7.01660951563099e-16,1.77635683940025e-15,58839.9
0.3,CLASSICAL_LUT_COARSE,0.4,6.45799945840901,16.226991584938,7.105427357601e-16,1.77635683940025e-15,58839.9
0.3,CLASSICAL_LUT_COARSE,0.405,6.45799945840901,16.226991584938,7.19424519957101e-16,1.77635683940025e-15,58839.9
0.3,CLASSICAL_LUT_COARSE,0.41,6.45799945840901,16.226991584938,7.28306304154103e-16,1.77635683940025e-15,58839.9
0.3,CLASSICAL_LUT_COARSE,0.415,6.45799945840901,16.226991584938,7.37188088351104e-16,1.77635683940025e-15,58839.9
0.3,CLASSICAL_LUT_COARSE,0.42,6.45799945840901,16.226991584938,7.46069872548105e-16,1.77635683940025e-15,58839.9
0.3,CLASSICAL_LUT_COARSE,0.425,6.45799945840901,16.226991584938,7.54951656745106e-16,1.77635683940025e-15,58839.9
0.3,CLASSICAL_LUT_COARSE,0.43,6.45799945840901,16.226991584938,7.63833440942108e-16,1.77635683940025e-15,58839.9
0.3,CLASSICAL_LUT_COARSE,0.435,6.45799945840901,16.226991584938,7.72715225139109e-16,1.77635683940025e-15,58839.9
0.3,CLASSICAL_LUT_COARSE,0.44,6.45799945840901,16.226991584938,7.8159700933611e-16,1.77635683940025e-15,58839.9
0.3,CLASSICAL_LUT_COARSE,0.445,6.45799945840901,16.226991584938,7.90478793533111e-16,1.77635683940025e-15,58839.9
0.3,CLASSICAL_LUT_COARSE,0.45,6.45799945840901,16.226991584938,7.99360577730113e-16,1.77635683940025e-15,58839.9
0.3,CLASSICAL_LUT_COARSE,0.455,6.45799945840901,16.226991584938,8.08242361927114e-16,1.77635683940025e-15,58839.9
0.3,CLASSICAL_LUT_COARSE,0.46,6.45799945840901,16.226991584938,8.17124146124115e-16,1.77635683940025e-15,58839.9
0.3,CLASSICAL_LUT_COARSE,0.465,6.45799945840901,16.226991584938,8.26005930321117e-16,1.77635683940025e-15,58839.9
0.3,CLASSICAL_LUT_COARSE,0.47,6.45799945840901,16.226991584938,8.34887714518118e-16,1.77635683940025e-15,58839.9
0.3,CLASSICAL_LUT_COARSE,0.475,6.45799945840901,16.226991584938,8.43769498715119e-16,1.77635683940025e-15,58839.9
0.3,CLASSICAL_LUT_COARSE,0.48,6.45799945840901,16.226991584938,8.5265128291212e-16,1.77635683940025e-15,58839.9
0.3,CLASSICAL_LUT_COARSE,0.485,6.45799945840901,16.226991584938,8.61533067109121e-16,1.77635683940025e-15,58839.9
0.3,CLASSICAL_LUT_COARSE,0.49,6.45799945840901,16.226991584938,8.70414851306123e-16,1.77635683940025e-15,58839.9
0.3,CLASSICAL_LUT_COARSE,0.495,6.45799945840901,16.226991584938,8.79296635503124e-16,1.77635683940025e-15,58839.9
0.3,CLASSICAL_LUT_COARSE,0.5,6.45799945840901,16.226991584938,8.88178419700125e-16,1.77635683940025e-15,58839.9
0.3,CLASSICAL_LUT_COARSE,0.505,6.45799945840901,16.226991584938,8.97060203897126e-16,1.77635683940025e-15,58839.9
0.3,CLASSICAL_LUT_COARSE,0.51,6.45799945840901,16.226991584938,9.05941988094128e-16,1.77635683940025e-15,58839.9
0.3,CLASSICAL_LUT_COARSE,0.515,6.45799945840901,16.226991584938,9.14823772291129e-16,1.77635683940025e-15,58839.9
0.3,CLASSICAL_LUT_COARSE,0.52,6.45799945840901,16.226991584938,9.2370555648813e-16,1.77635683940025e-15,58839.9
0.3,CLASSICAL_LUT_COARSE,0.525,6.45799945840901,16.226991584938,9.32587340685132e-16,1.77635683940025e-15,58839.9
0.3,CLASSICAL_LUT_COARSE,0.53,6.45799945840901,16.226991584938,9.41469124882133e-16,1.77635683940025e-15,58839.9
0.3,CLASSICAL_LUT_COARSE,0.535,6.45799945840901,16.226991584938,9.50350909079134e-16,1.77635683940025e-15,58839.9
0.3,CLASSICAL_LUT_COARSE,0.54,6.45799945840901,16.226991584938,9.59232693276135e-16,1.77635683940025e-15,58839.9
0.3,CLASSICAL_LUT_COARSE,0.545,6.45799945840901,16.226991584938,9.68114477473137e-16,1.77635683940025e-15,58839.9
0.3,CLASSICAL_LUT_COARSE,0.55,6.45799945840901,16.226991584938,9.76996261670138e-16,1.77635683940025e-15,58839.9
0.3,CLASSICAL_LUT_COARSE,0.555,6.45799945840901,16.226991584938,9.85878045867139e-16,1.77635683940025e-15,58839.9
0.3,CLASSICAL_LUT_COARSE,0.56,6.45799945840901,16.226991584938,9.9475983006414e-16,1.77635683940025e-15,58839.9
0.3,CLASSICAL_LUT_COARSE,0.565,6.45799945840901,16.226991584938,1.00364161426114e-15,1.77635683940025e-15,58839.9
0.3,CLASSICAL_LUT_COARSE,0.57,6.45799945840901,16.226991584938,1.01252339845814e-15,1.77635683940025e-15,58839.9
0.3,CLASSICAL_LUT_COARSE,0.575,6.45799945840901,16.226991584938,1.02140518265514e-15,1.77635683940025e-15,58839.9
0.3,CLASSICAL_LUT_COARSE,0.58,6.45799945840901,16.226991584938,1.03028696685215e-15,1.77635683940025e-15,58839.9
0.3,CLASSICAL_LUT_COARSE,0.585,6.45799945840901,16.226991584938,1.03916875104915e-15,1.77635683940025e-15,58839.9
0.3,CLASSICAL_LUT_COARSE,0.59,6.45799945840901,16.226991584938,1.04805053524615e-15,1.77635683940025e-15,58839.9
0.3,CLASSICAL_LUT_COARSE,0.595,6.45799945840901,16.226991584938,1.05693231944315e-15,1.77635683940025e-15,58839.9
0.3,CLASSICAL_LUT_COARSE,0.6,6.45799945840901,16.226991584938,1.06581410364015e-15,1.77635683940025e-15,58839.9
0.3,CLASSICAL_LUT_COARSE,0.605,6.45799945840901,16.226991584938,1.07469588783715e-15,1.77635683940025e-15,58839.9
0.3,CLASSICAL_LUT_COARSE,0.61,6.45799945840901,16.226991584938,1.08357767203415e-15,1.77635683940025e-15,58839.9
0.3,CLASSICAL_LUT_COARSE,0.615,6.45799945840901,16.226991584938,1.09245945623115e-15,1.77635683940025e-15,58839.9
0.3,CLASSICAL_LUT_COARSE,0.62,6.45799945840901,16.226991584938,1.10134124042816e-15,1.77635683940025e-15,58839.9
0.3,CLASSICAL_LUT_COARSE,0.625,6.45799945840901,16.226991584938,1.11022302462516e-15,1.77635683940025e-15,58839.9
0.3,CLASSICAL_LUT_COARSE,0.63,6.45799945840901,16.226991584938,1.11910480882216e-15,1.77635683940025e-15,58839.9
0.3,CLASSICAL_LUT_COARSE,0.635,6.45799945840901,16.226991584938,1.12798659301916e-15,1.77635683940025e-15,58839.9
0.3,CLASSICAL_LUT_COARSE,0.64,6.45799945840901,16.226991584938,1.13686837721616e-15,1.77635683940025e-15,58839.9
0.3,CLASSICAL_LUT_COARSE,0.645,6.45799945840901,16.226991584938,1.14575016141316e-15,1.77635683940025e-15,58839.9
0.3,CLASSICAL_LUT_COARSE,0.65,6.45799945840901,16.226991584938,1.15463194561016e-15,1.77635683940025e-15,58839.9
0.3,CLASSICAL_LUT_COARSE,0.655,6.45799945840901,16.226991584938,1.16351372980716e-15,1.77635683940025e-15,58839.9
0.3,CLASSICAL_LUT_COARSE,0.66,6.45799945840901,16.226991584938,1.17239551400417e-15,1.77635683940025e-15,58839.9
0.3,CLASSICAL_LUT_COARSE,0.665,6.45799945840901,16.226991584938,1.18127729820117e-15,1.77635683940025e-15,58839.9
0.3,CLASSICAL_LUT_COARSE,0.67,6.45799945840901,16.226991584938,1.19015908239817e-15,1.77635683940025e-15,58839.9
0.3,CLASSICAL_LUT_COARSE,0.675,6.45799945840901,16.226991584938,1.19904086659517e-15,1.77635683940025e-15,58839.9
0.3,CLASSICAL_LUT_COARSE,0.68,6.45799945840901,16.226991584938,1.20792265079217e-15,1.77635683940025e-15,58839.9
0.3,CLASSICAL_LUT_COARSE,0.685,6.45799945840901,16.226991584938,1.21680443498917e-15,1.77635683940025e-15,58839.9
0.3,CLASSICAL_LUT_COARSE,0.69,6.45799945840901,16.226991584938,1.22568621918617e-15,1.77635683940025e-15,58839.9
0.3,CLASSICAL_LUT_COARSE,0.695,6.45799945840901,16.226991584938,1.23456800338317e-15,1.77635683940025e-15,58839.9
0.3,CLASSICAL_LUT_COARSE,0.7,6.45799945840901,16.226991584938,1.24344978758018e-15,1.77635683940025e-15,58839.9
0.3,CLASSICAL_LUT_COARSE,0.705,6.45799945840901,16.226991584938,1.25233157177718e-15,1.77635683940025e-15,58839.9
0.3,CLASSICAL_LUT_COARSE,0.71,6.45799945840901,16.226991584938,1.26121335597418e-15,1.77635683940025e-15,58839.9
0.3,CLASSICAL_LUT_COARSE,0.715,6.45799945840901,16.226991584938,1.27009514017118e-15,1.77635683940025e-15,58839.9
0.3,CLASSICAL_LUT_COARSE,0.72,6.45799945840901,16.226991584938,1.27897692436818e-15,1.77635683940025e-15,58839.9
0.3,CLASSICAL_LUT_COARSE,0.725,6.45799945840901,16.226991584938,1.28785870856518e-15,1.77635683940025e-15,58839.9
0.3,CLASSICAL_LUT_COARSE,0.73,6.45799945840901,16.226991584938,1.29674049276218e-15,1.77635683940025e-15,58839.9
0.3,CLASSICAL_LUT_COARSE,0.735,6.45799945840901,16.226991584938,1.30562227695918e-15,1.77635683940025e-15,58839.9
0.3,CLASSICAL_LUT_COARSE,0.74,6.45799945840901,16.226991584938,1.31450406115619e-15,1.77635683940025e-15,58839.9
0.3,CLASSICAL_LUT_COARSE,0.745,6.45799945840901,16.226991584938,1.32338584535319e-15,1.77635683940025e-15,58839.9
0.3,CLASSICAL_LUT_COARSE,0.75,6.45799945840901,16.226991584938,1.33226762955019e-15,1.77635683940025e-15,58839.9
0.3,CLASSICAL_LUT_COARSE,0.755,6.45799945840901,16.226991584938,1.34114941374719e-15,1.77635683940025e-15,58839.9
0.3,CLASSICAL_LUT_COARSE,0.76,6.45799945840901,16.226991584938,1.35003119794419e-15,1.77635683940025e-15,58839.9
0.3,CLASSICAL_LUT_COARSE,0.765,6.45799945840901,16.226991584938,1.35891298214119e-15,1.77635683940025e-15,58839.9
0.3,CLASSICAL_LUT_COARSE,0.77,6.45799945840901,16.226991584938,1.36779476633819e-15,1.77635683940025e-15,58839.9
0.3,CLASSICAL_LUT_COARSE,0.775,6.45799945840901,16.226991584938,1.37667655053519e-15,1.77635683940025e-15,58839.9
0.3,CLASSICAL_LUT_COARSE,0.78,6.45799945840901,16.226991584938,1.3855583347322e-15,1.77635683940025e-15,58839.9
0.3,CLASSICAL_LUT_COARSE,0.785,6.45799945840901,16.226991584938,1.3944401189292e-15,1.77635683940025e-15,58839.9
0.3,CLASSICAL_LUT_COARSE,0.79,6.45799945840901,16.226991584938,1.4033219031262e-15,1.77635683940025e-15,58839.9
0.3,CLASSICAL_LUT_COARSE,0.795,6.45799945840901,16.226991584938,1.4122036873232e-15,1.77635683940025e-15,58839.9
0.3,CLASSICAL_LUT_COARSE,0.8,6.45799945840901,16.226991584938,1.4210854715202e-15,1.77635683940025e-15,58839.9
0.3,CLASSICAL_LUT_COARSE,0.805,6.45799945840901,16.226991584938,1.4299672557172e-15,1.77635683940025e-15,58839.9
0.3,CLASSICAL_LUT_COARSE,0.81,6.45799945840901,16.226991584938,1.4388490399142e-15,1.77635683940025e-15,58839.9
0.3,CLASSICAL_LUT_COARSE,0.815,6.45799945840901,16.226991584938,1.4477308241112e-15,1.77635683940025e-15,58839.9
0.3,CLASSICAL_LUT_COARSE,0.82,6.45799945840901,16.226991584938,1.45661260830821e-15,1.77635683940025e-15,58839.9
0.3,CLASSICAL_LUT_COARSE,0.825,6.45799945840901,16.226991584938,1.46549439250521e-15,1.77635683940025e-15,58839.9
0.3,CLASSICAL_LUT_COARSE,0.83,6.45799945840901,16.226991584938,1.47437617670221e-15,1.77635683940025e-15,58839.9
0.3,CLASSICAL_LUT_COARSE,0.835,6.45799945840901,16.226991584938,1.48325796089921e-15,1.77635683940025e-15,58839.9
0.3,CLASSICAL_LUT_COARSE,0.84,6.45799945840901,16.226991584938,1.49213974509621e-15,1.77635683940025e-15,58839.9
0.3,CLASSICAL_LUT_COARSE,0.845,6.45799945840901,16.226991584938,1.50102152929321e-15,1.77635683940025e-15,58839.9
0.3,CLASSICAL_LUT_COARSE,0.85,6.45799945840901,16.226991584938,1.50990331349021e-15,1.77635683940025e-15,58839.9
0.3,CLASSICAL_LUT_COARSE,0.855,6.45799945840901,16.226991584938,1.51878509768721e-15,1.77635683940025e-15,58839.9
0.3,CLASSICAL_LUT_COARSE,0.86,6.45799945840901,16.226991584938,1.52766688188422e-15,1.77635683940025e-15,58839.9
0.3,CLASSICAL_LUT_COARSE,0.865,6.45799945840901,16.226991584938,1.53654866608122e-15,1.77635683940025e-15,58839.9
0.3,CLASSICAL_LUT_COARSE,0.87,6.45799945840901,16.226991584938,1.54543045027822e-15,1.77635683940025e-15,58839.9
0.3,CLASSICAL_LUT_COARSE,0.875,6.45799945840901,16.226991584938,1.55431223447522e-15,1.77635683940025e-15,58839.9
0.3,CLASSICAL_LUT_COARSE,0.88,6.45799945840901,16.226991584938,1.56319401867222e-15,1.77635683940025e-15,58839.9
0.3,CLASSICAL_LUT_COARSE,0.885,6.45799945840901,16.226991584938,1.57207580286922e-15,1.77635683940025e-15,58839.9
0.3,CLASSICAL_LUT_COARSE,0.89,6.45799945840901,16.226991584938,1.58095758706622e-15,1.77635683940025e-15,58839.9
0.3,CLASSICAL_LUT_COARSE,0.895,6.45799945840901,16.226991584938,1.58983937126322e-15,1.77635683940025e-15,58839.9
0.3,CLASSICAL_LUT_COARSE,0.9,6.45799945840901,16.226991584938,1.59872115546023e-15,1.77635683940025e-15,58839.9
0.3,CLASSICAL_LUT_COARSE,0.905,6.45799945840901,16.226991584938,1.60760293965723e-15,1.77635683940025e-15,58839.9
0.3,CLASSICAL_LUT_COARSE,0.91,6.45799945840901,16.226991584938,1.61648472385423e-15,1.77635683940025e-15,58839.9
0.3,CLASSICAL_LUT_COARSE,0.915,6.45799945840901,16.226991584938,1.62536650805123e-15,1.77635683940025e-15,58839.9
0.3,CLASSICAL_LUT_COARSE,0.92,6.45799945840901,16.226991584938,1.63424829224823e-15,1.77635683940025e-15,58839.9
0.3,CLASSICAL_LUT_COARSE,0.925,6.45799945840901,16.226991584938,1.64313007644523e-15,1.77635683940025e-15,58839.9
0.3,CLASSICAL_LUT_COARSE,0.93,6.45799945840901,16.226991584938,1.65201186064223e-15,1.77635683940025e-15,58839.9
0.3,CLASSICAL_LUT_COARSE,0.935,6.45799945840901,16.226991584938,1.66089364483923e-15,1.77635683940025e-15,58839.9
0.3,CLASSICAL_LUT_COARSE,0.94,6.45799945840901,16.226991584938,1.66977542903624e-15,1.77635683940025e-15,58839.9
0.3,CLASSICAL_LUT_COARSE,0.945,6.45799945840901,16.226991584938,1.67865721323324e-15,1.77635683940025e-15,58839.9
0.3,CLASSICAL_LUT_COARSE,0.95,6.45799945840901,16.226991584938,1.68753899743024e-15,1.77635683940025e-15,58839.9
0.3,CLASSICAL_LUT_COARSE,0.955,6.45799945840901,16.226991584938,1.69642078162724e-15,1.77635683940025e-15,58839.9
0.3,CLASSICAL_LUT_COARSE,0.96,6.45799945840901,16.226991584938,1.70530256582424e-15,1.77635683940025e-15,58839.9
0.3,CLASSICAL_LUT_COARSE,0.965,6.45799945840901,16.226991584938,1.71418435002124e-15,1.77635683940025e-15,58839.9
0.3,CLASSICAL_LUT_COARSE,0.97,6.45799945840901,16.226991584938,1.72306613421824e-15,1.77635683940025e-15,58839.9
0.3,CLASSICAL_LUT_COARSE,0.975,6.45799945840901,16.226991584938,1.73194791841524e-15,1.77635683940025e-15,58839.9
0.3,CLASSICAL_LUT_COARSE,0.98,6.45799945840901,16.226991584938,1.74082970261225e-15,1.77635683940025e-15,58839.9
0.3,CLASSICAL_LUT_COARSE,0.985,6.45799945840901,16.226991584938,1.74971148680925e-15,1.77635683940025e-15,58839.9
0.3,CLASSICAL_LUT_COARSE,0.99,6.45799945840901,16.226991584938,1.75859327100625e-15,1.77635683940025e-15,58839.9
0.3,CLASSICAL_LUT_COARSE,0.995,6.45799945840901,16.226991584938,1.76747505520325e-15,1.77635683940025e-15,58839.9
0.3,CLASSICAL_LUT_COARSE,1,6.45799945840901,16.226991584938,1.77635683940025e-15,1.77635683940025e-15,58839.9
0.3,CLASSICAL_LUT_COARSE,1.005,6.45801796353676,16.2269925914058,4.0337291255337e-08,2.4055156938374e-05,58840.0443309416
0.3,CLASSICAL_LUT_COARSE,1.01,6.45807347435415,16.2269991951218,3.17252805087278e-07,9.4135032485454e-05,58840.4648101949
0.3,CLASSICAL_LUT_COARSE,1.015,6.45816597716471,16.2270159147895,1.05398644655235e-06,0.000207585150448608,58841.1455109027
0.3,CLASSICAL_LUT_COARSE,1.02,6.45829544914477,16.2270463125727,2.4618739031501e-06,0.000362277629946561,58842.0736657797
0.3,CLASSICAL_LUT_COARSE,1.025,6.45846185834904,16.2270931898634,4.74269362615551e-06,0.000556501047004332,58843.239006282
0.3,CLASSICAL_LUT_COARSE,1.03,6.45866516371855,16.2271587427117,8.09052206550329e-06,0.000788872997272705,58844.6332379836
0.3,CLASSICAL_LUT_COARSE,1.035,6.45890531509073,16.2272446852308,1.26931985205421e-05,0.00105827068268738,58846.2496240961
0.3,CLASSICAL_LUT_COARSE,1.04,6.45918225321184,16.2273523475781,1.87334800825061e-05,0.00136377580814617,58848.0826548489
0.3,CLASSICAL_LUT_COARSE,1.045,6.45949590975152,16.2274827537499,2.63899505626685e-05,0.00170463083977168,58850.1277850386
0.3,CLASSICAL_LUT_COARSE,1.05,6.45984620731974,16.227636683352,3.58377341352187e-05,0.00208020428367561,58852.3812257021
0.3,CLASSICAL_LUT_COARSE,1.055,6.46023305948579,16.2278147206485,4.72490539712092e-05,0.00248996312674699,58854.8397787605
0.3,CLASSICAL_LUT_COARSE,1.06,6.4606563707997,16.2280172935103,6.0793667841952e-05,0.00293345096375397,58857.5007057825
0.3,CLASSICAL_LUT_COARSE,1.065,6.46111603681574,16.2282447043458,7.66392060815959e-05,0.00341027063935684,58860.3616238361
0.3,CLASSICAL_LUT_COARSE,1.07,6.4616119441182,16.2284971546661,9.49514320681824e-05,0.00392007047490317,58863.4204228494
0.3,CLASSICAL_LUT_COARSE,1.075,6.46214397034936,16.2287747645971,0.000115894441229538,0.00446253334157731,58866.6752000495
0.3,CLASSICAL_LUT_COARSE,1.08,6.46271198423971,16.2290775883804,0.000139630811283858,0.00503736799371346,58870.1242079623
0.3,CLASSICAL_LUT_COARSE,1.085,6.46331584564034,16.2294056266887,0.000166321713806866,0.00564430219682777,58873.765813181
0.3,CLASSICAL_LUT_COARSE,1.09,6.46395540555747,16.2297588364147,0.000196126995139785,0.00628307728081268,58877.5984636849
0.3,CLASSICAL_LUT_COARSE,1.095,6.46463050618926,16.2301371384521,0.000229205233002273,0.00695344382503649,58881.6206629502
0.3,CLASSICAL_LUT_COARSE,1.1,6.46534098096473,16.2305404238842,0.000265713773864762,0.00765515824230256,58885.8309494538
0.3,CLASSICAL_LUT_COARSE,1.105,6.46608665458488,16.2309685589086,0.000305808755094707,0.00838798007687913,58890.2278804613
0.3,CLASSICAL_LUT_COARSE,1.11,6.46686734306587,16.2314213887574,0.000349645115065551,0.00915166986971094,58894.8100192183
0.3,CLASSICAL_LUT_COARSE,1.115,6.46768285378453,16.2318987408223,0.000397376593761869,0.00994598747430153,58899.5759248458
0.3,CLASSICAL_LUT_COARSE,1.12,6.46853298552577,16.2324004271464,0.000449155725893677,0.0107706907306948,58904.5241443842
0.3,CLASSICAL_LUT_COARSE,1.125,6.46941752853231,16.2329262464155,0.000505133828119638,0.0116255344241178,58909.6532065447
0.3,CLASSICAL_LUT_COARSE,1.13,6.47033626455641,16.2334759855511,0.000565460981650975,0.0125102694699333,58914.9616168196
0.3,CLASSICAL_LUT_COARSE,1.135,6.47128896691369,16.2340494209881,0.00063028601124742,0.0134246422785971,58920.4478536716
0.3,CLASSICAL_LUT_COARSE,1.14,6.4722754005391,16.2346463197016,0.000699756461409713,0.0143683942638262,58926.110365583
0.3,CLASSICAL_LUT_COARSE,1.145,6.47329532204492,16.2352664400357,0.000774018570408931,0.0153412614648456,58931.9475687891
0.3,CLASSICAL_LUT_COARSE,1.15,6.47434847978075,16.2359095323755,0.000853217242662804,0.0163429742594392,58937.9578455566
0.3,CLASSICAL_LUT_COARSE,1.155,6.4754346138957,16.2365753396934,0.000937496019865236,0.0173732571494849,58944.1395428969
0.3,CLASSICAL_LUT_COARSE,1.16,6.47655345640243,16.2372635979977,0.00102699705119363,0.018431828604319,58950.4909716259
0.3,CLASSICAL_LUT_COARSE,1.165,6.47770473124328,16.2379740367024,0.0011218610628528,0.0195184009503162,58957.0104057019
0.3,CLASSICAL_LUT_COARSE,1.17,6.47888815435842,16.2387063789362,0.00122222732716283,0.0206326802974868,58963.6960817849
0.3,CLASSICAL_LUT_COARSE,1.175,6.48010343375589,16.2394603418017,0.00132823363135692,0.021774366495789,58970.5461989747
0.3,CLASSICAL_LUT_COARSE,1.18,6.4813502695837,16.2402356365966,0.00144001624622255,0.0229431531152979,58977.5589186918
0.3,CLASSICAL_LUT_COARSE,1.185,6.48262835420377,16.2410319690051,0.00155770989469349,0.0241387274456564,58984.7323646739
0.3,CLASSICAL_LUT_COARSE,1.19,6.48393737226782,16.2418490392647,0.00168144772047936,0.0253607705111225,58992.0646230667
0.3,CLASSICAL_LUT_COARSE,1.195,6.48527700079525,16.242686542315,0.00181136125680324,0.0266089570982881,58999.5537425897
0.3,CLASSICAL_LUT_COARSE,1.2,6.48664690925277,16.2435441679314,0.00194758039530466,0.0278829557941851,59007.1977347651
0.3,CLASSICAL_LUT_COARSE,1.205,6.48804675963594,16.2444216008477,0.00209023335515518,0.0291824290329217,59014.9945741975
0.3,CLASSICAL_LUT_COARSE,1.21,6.48947620655265,16.2453185208703,0.00223944665242518,0.0305070331493607,59022.9421988962
0.3,CLASSICAL_LUT_COARSE,1.215,6.49093489730826,16.2462346029852,0.00239534506973452,0.0318564184387071,59031.0385106322
0.3,CLASSICAL_LUT_COARSE,1.22,6.49242247199264,16.2471695174598,0.00255805162621362,0.0332302292210915,59039.2813753266
0.3,CLASSICAL_LUT_COARSE,1.225,6.493938563569,16.2481229299414,0.00272768754779853,0.0346281039103449,59047.6686234621
0.3,CLASSICAL_LUT_COARSE,1.23,6.49548279796444,16.2490945015523,0.00290437223787909,0.0360496750864669,59056.1980505188
0.3,CLASSICAL_LUT_COARSE,1.235,6.49705479416222,16.2500838889834,0.00308822324831755,0.0374945695712263,59064.8674174274
0.3,CLASSICAL_LUT_COARSE,1.24,6.4986541642958,16.2510907445859,0.00327935625085243,0.0389624085065776,59073.6744510395
0.3,CLASSICAL_LUT_COARSE,1.245,6.50028051374453,16.2521147164062,0.00347788500673348,0.0404528048679289,59082.6168292076
0.3,CLASSICAL_LUT_COARSE,1.25,6.50193344123103,16.2531554472939,0.00368392129787446,0.0419653591870901,59091.6921551225
0.3,CLASSICAL_LUT_COARSE,1.255,6.50361253892016,16.2542125767452,0.00389757496425805,0.0434996888004928,59100.898132803
0.3,CLASSICAL_LUT_COARSE,1.26,6.5053173925197,16.2552857409613,0.00411895388240974,0.0450553928564847,59110.2323571389
0.3,CLASSICAL_LUT_COARSE,1.265,6.50704758138254,16.2563745722021,0.00434816391151011,0.0466320652824468,59119.6923916947
0.3,CLASSICAL_LUT_COARSE,1.27,6.50880267861046,16.2574786988882,0.00458530886749872,0.0482292948687846,59129.2757692127
0.3,CLASSICAL_LUT_COARSE,1.275,6.51058225115948,16.2585977457017,0.0048304904976056,0.0498466653559273,59138.9799921356
0.3,CLASSICAL_LUT_COARSE,1.28,6.51238585994671,16.2597313336851,0.00508380845532406,0.0514837555238365,59148.802533143
0.3,CLASSICAL_LUT_COARSE,1.285,6.51421305995865,16.2608790803399,0.00534536027583696,0.0531401392838067,59158.7408357028
0.3,CLASSICAL_LUT_COARSE,1.29,6.51606340036106,16.2620405997238,0.00561524135190742,0.0548153857723594,59168.7923146342
0.3,CLASSICAL_LUT_COARSE,1.295,6.51793642461012,16.2632155025486,0.00589354491024342,0.0565090594470234,59178.9543566821
0.3,CLASSICAL_LUT_COARSE,1.3,6.51983167056514,16.2644033962774,0.00618036198834606,0.0582207201838028,59189.2243211028
0.3,CLASSICAL_LUT_COARSE,1.305,6.52174867060252,16.2656038852222,0.00647578141184891,0.059949923376303,59199.5995402578
0.3,CLASSICAL_LUT_COARSE,1.31,6.52368695173119,16.2668165706415,0.00677988977235713,0.0616962200363638,59210.0773202182
0.3,CLASSICAL_LUT_COARSE,1.315,6.52564603570929,16.2680410508382,0.00709277140579302,0.0634591568960872,59220.6549413765
0.3,CLASSICAL_LUT_COARSE,1.32,6.52762543916216,16.2692769212587,0.0074145083712554,0.0652382765112538,59231.3296590675
0.3,CLASSICAL_LUT_COARSE,1.325,6.52962467370162,16.2705237745912,0.00774518043039922,0.0670331173660337,59242.0987041962
0.3,CLASSICAL_LUT_COARSE,1.33,6.53164324604645,16.2717812008655,0.00808486502734183,0.0688432139789086,59252.9592838734
0.3,CLASSICAL_LUT_COARSE,1.335,6.53368065814415,16.2730487875528,0.00843363726910197,0.0706680970098592,59263.9085820591
0.3,CLASSICAL_LUT_COARSE,1.34,6.53573640729375,16.2743261196664,0.00879156990657751,0.072507293368643,59274.9437602119
0.3,CLASSICAL_LUT_COARSE,1.345,6.53780998626992,16.2756127798624,0.00915873331606748,0.0743603263242303,59286.0619579454
0.3,CLASSICAL_LUT_COARSE,1.35,6.53990088344807,16.2769083485416,0.00953519548134402,0.0762267156153236,59297.2602936919
0.3,CLASSICAL_LUT_COARSE,1.355,6.54200858293062,16.2782124039517,0.00992102197627946,0.078105977561961,59308.5358653718
0.3,CLASSICAL_LUT_COARSE,1.36,6.54413256467425,16.2795245222894,0.0103162759480343,0.0799976251780929,59319.8857510686
0.3,CLASSICAL_LUT_COARSE,1.365,6.54627230461824,16.2808442778043,0.01072101810081,0.0819011682852047,59331.3070097112
0.3,CLASSICAL_LUT_COARSE,1.37,6.54842727481379,16.282171242902,0.0111353066801732,0.083816113626904,59342.7966817614
0.3,CLASSICAL_LUT_COARSE,1.375,6.55059694355424,16.2835049882486,0.0115591974579545,0.0857419649844644,59354.3517899068
0.3,CLASSICAL_LUT_COARSE,1.38,6.55278077550631,16.2848450828751,0.0119927437177275,0.0876782232932598,59365.9693397596
0.3,CLASSICAL_LUT_COARSE,1.385,6.55497823184212,16.2861910942827,0.0124359962408725,0.089624386760125,59377.6463205607
0.3,CLASSICAL_LUT_COARSE,1.39,6.55718877037221,16.2875425885482,0.012889003293229,0.0915799509815862,59389.3797058895
0.3,CLASSICAL_LUT_COARSE,1.395,6.55941184567928,16.2888991304298,0.0133518106123412,0.0935444090629289,59401.1664543776
0.3,CLASSICAL_LUT_COARSE,1.4,6.56164690925277,16.2902602834735,0.0138244613953016,0.0955172517380785,59413.0035104285
0.3,CLASSICAL_LUT_COARSE,1.405,6.56389340962416,16.2916256101199,0.0143069962871951,0.0974979674902805,59424.8878049417
0.3,CLASSICAL_LUT_COARSE,1.41,6.56615079250312,16.2929946718108,0.0147994533701495,0.0994860426735702,59436.8162560414
0.3,CLASSICAL_LUT_COARSE,1.415,6.5684185009142,16.2943670290968,0.0153018681529941,0.101480961634945,59448.7857698097
0.3,CLASSICAL_LUT_COARSE,1.42,6.57069597533428,16.295742241745,0.0158142735615318,0.103482206837302,59460.7932410238
0.3,CLASSICAL_LUT_COARSE,1.425,6.57298265383062,16.2971198688461,0.0163366999294272,0.105489258983001,59472.835553898
0.3,CLASSICAL_LUT_COARSE,1.43,6.57527797219953,16.2984994689236,0.0168691749897143,0.107501597138157,59484.9095828289
0.3,CLASSICAL_LUT_COARSE,1.435,6.57758136410553,16.2998806000409,0.0174117238669274,0.109518698857531,59497.0121931452
0.3,CLASSICAL_LUT_COARSE,1.44,6.57989226122115,16.3012628082207,0.0179643685976828,0.111539810175918,59509.1388610555
0.3,CLASSICAL_LUT_COARSE,1.445,6.5822100933671,16.3026456308661,0.0185271281465228,0.113564581322839,59521.287487937
0.3,CLASSICAL_LUT_COARSE,1.45,6.58453428865297,16.3040286298079,0.0191000197575804,0.11559254707597,59533.4552824558
0.3,CLASSICAL_LUT_COARSE,1.455,6.58686427361837,16.30541136701,0.019683058079305,0.117623177549021,59545.6390652941
0.3,CLASSICAL_LUT_COARSE,1.46,6.58919947337436,16.3067934035578,0.0202762551098806,0.119655942522261,59557.8356551336
0.3,CLASSICAL_LUT_COARSE,1.465,6.59153931174535,16.3081742999661,0.0208796201955872,0.121690311458483,59570.0418687509
0.3,CLASSICAL_LUT_COARSE,1.47,6.59388321141123,16.3095536164463,0.0214931600293035,0.123725753542526,59582.2545212552
0.3,CLASSICAL_LUT_COARSE,1.475,6.59623059404983,16.3109309131407,0.0221168786492563,0.125761737739648,59594.4704264379
0.3,CLASSICAL_LUT_COARSE,1.48,6.59858088047961,16.3123057503312,0.0227507774381,0.127797732868823,59606.6863972129
0.3,CLASSICAL_LUT_COARSE,1.485,6.60093349080256,16.3136776886268,0.0233948551223938,0.12983320768798,59618.8992461279
0.3,CLASSICAL_LUT_COARSE,1.49,6.60328784454729,16.3150462891352,0.02404910777253,0.131867630988751,59631.1057859325
0.3,CLASSICAL_LUT_COARSE,1.495,6.60564336081223,16.3164111136216,0.0247135288031553,0.133900471698757,59643.3028301925
0.3,CLASSICAL_LUT_COARSE,1.5,6.60799945840901,16.3177717246559,0.0253881089741193,0.135931198989963,59655.4871939398
0.3,CLASSICAL_LUT_COARSE,1.505,6.61035555600578,16.3191276857534,0.0260728363919774,0.137959282391808,59667.6556943508
0.3,CLASSICAL_LUT_COARSE,1.51,6.61271107227073,16.3204785615069,0.0267676965120691,0.139984191908175,59679.805151449
0.3,CLASSICAL_LUT_COARSE,1.515,6.61506542601545,16.321823917715,0.0274726721411891,0.142005398137378,59691.9323888243
0.3,CLASSICAL_LUT_COARSE,1.52,6.6174180363384,16.3231633215053,0.0281877434408645,0.144022372394614,59704.0342343677
0.3,CLASSICAL_LUT_COARSE,1.525,6.61976832276818,16.324496341454,0.0289128879312496,0.146034586836237,59716.1075210174
0.3,CLASSICAL_LUT_COARSE,1.53,6.62211570540678,16.3258225477034,0.0296480804956453,0.1480415145856,59728.1490875136
0.3,CLASSICAL_LUT_COARSE,1.535,6.62445960507266,16.3271415120761,0.0303932933856513,0.150042629860014,59740.1557791601
0.3,CLASSICAL_LUT_COARSE,1.54,6.62679944344365,16.328452808188,0.0311484962269552,0.152037408098606,59752.1244485916
0.3,CLASSICAL_LUT_COARSE,1.545,6.62913464319964,16.3297560115587,0.0319136560257626,0.154025326090862,59764.0519565452
0.3,CLASSICAL_LUT_COARSE,1.55,6.63146462816504,16.331050699722,0.0326887371758715,0.156005862105641,59775.9351726338
0.3,CLASSICAL_LUT_COARSE,1.555,6.63378882345092,16.3323364523332,0.0334737014663918,0.157978496020522,59787.7709761231
0.3,CLASSICAL_LUT_COARSE,1.56,6.63610665559687,16.3336128512771,0.0342685080901139,0.159942709451377,59799.5562567083
0.3,CLASSICAL_LUT_COARSE,1.565,6.63841755271248,16.3348794807737,0.0350731136525228,0.161897985882002,59811.287915292
0.3,CLASSICAL_LUT_COARSE,1.57,6.64072094461849,16.3361359274837,0.0358874721814633,0.163843810793772,59822.9628647626
0.3,CLASSICAL_LUT_COARSE,1.575,6.64301626298739,16.3373817806128,0.0367115351374506,0.165779671795226,59834.5780307714
0.3,CLASSICAL_LUT_COARSE,1.58,6.64530294148374,16.3386166320156,0.0375452514246309,0.167705058751483,59846.1303525089
0.3,CLASSICAL_LUT_COARSE,1.585,6.64758041590381,16.3398400762976,0.0383885674023863,0.169619463913422,59857.6167834805
0.3,CLASSICAL_LUT_COARSE,1.59,6.64984812431489,16.3410517109181,0.039241426897587,0.171522382046623,59869.0342922797
0.3,CLASSICAL_LUT_COARSE,1.595,6.65210550719385,16.3422511362908,0.0401037712174858,0.173413310559939,59880.3798633596
0.3,CLASSICAL_LUT_COARSE,1.6,6.65435200756525,16.3434379558842,0.0409755391632554,0.175291749633709,59891.6504978022
0.3,CLASSICAL_LUT_COARSE,1.605,6.65658707113873,16.3446117763216,0.0418566670441652,0.177157202347532,59902.8432140852
0.3,CLASSICAL_LUT_COARSE,1.61,6.6588101464458,16.3457722074796,0.0427470886923965,0.17900917480755,59913.9550488453
0.3,CLASSICAL_LUT_COARSE,1.615,6.6610206849759,16.3469188625861,0.0436467354784919,0.180847176273234,59924.9830576394
0.3,CLASSICAL_LUT_COARSE,1.62,6.66321814131171,16.3480513583177,0.044555536327438,0.1826707192836,59935.9243157016
0.3,CLASSICAL_LUT_COARSE,1.625,6.66540197326377,16.3491693148956,0.0454734177353774,0.184479319782797,59946.7759186968
0.3,CLASSICAL_LUT_COARSE,1.63,6.66757164200423,16.3502723561815,0.0464003037869468,0.18627249724509,59957.5349834705
0.3,CLASSICAL_LUT_COARSE,1.635,6.66972661219977,16.3513601097721,0.0473361161732389,0.188049774799143,59968.1986487949
0.3,CLASSICAL_LUT_COARSE,1.64,6.67186635214377,16.3524322070924,0.0482807742103835,0.189810679351568,59978.7640761094
0.3,CLASSICAL_LUT_COARSE,1.645,6.67399033388739,16.3534882834888,0.0492341948587443,0.191554741709719,59989.2284502583
0.3,CLASSICAL_LUT_COARSE,1.65,6.67609803336994,16.3545279783208,0.0501962927427284,0.193281496703717,59999.5889802223
0.3,CLASSICAL_LUT_COARSE,1.655,6.67818893054809,16.3555509350515,0.0511669801712031,0.194990483307585,60009.8428998455
0.3,CLASSICAL_LUT_COARSE,1.66,6.68026250952426,16.3565568013381,0.0521461671585165,0.196681244759569,60019.9874685574
0.3,CLASSICAL_LUT_COARSE,1.665,6.68231825867387,16.3575452291199,0.0531337614461176,0.198353328681502,60030.019972089
0.3,CLASSICAL_LUT_COARSE,1.67,6.68435567077156,16.3585158747065,0.0541296685247708,0.200006287197265,60039.9377231836
0.3,CLASSICAL_LUT_COARSE,1.675,6.6863742431164,16.3594683988645,0.05513379165736,0.201639677050204,60049.7380623012
0.3,CLASSICAL_LUT_COARSE,1.68,6.68837347765586,16.3604024669028,0.0561460319022774,0.203253059719618,60059.4183583177
0.3,CLASSICAL_LUT_COARSE,1.685,6.69035288110873,16.3613177487574,0.0571662881373925,0.204846001536087,60068.9760092165
0.3,CLASSICAL_LUT_COARSE,1.69,6.69231196508683,16.3622139190746,0.0581944570845943,0.206418073795806,60078.4084427748
0.3,CLASSICAL_LUT_COARSE,1.695,6.6942502462155,16.3630906572932,0.059230433334903,0.20796885287373,60087.7131172424
0.3,CLASSICAL_LUT_COARSE,1.7,6.69616724625288,16.3639476477255,0.0602741093741443,0.209497920335588,60096.8875220135
0.3,CLASSICAL_LUT_COARSE,1.705,6.69806249220789,16.3647845796371,0.0613253756091807,0.211004863048675,60105.929178292
0.3,CLASSICAL_LUT_COARSE,1.71,6.69993551645695,16.3656011473257,0.0623841203946938,0.212489273291448,60114.8356397487
0.3,CLASSICAL_LUT_COARSE,1.715,6.70178585685936,16.3663970501981,0.0634502300605117,0.213950748861839,60123.604493171
0.3,CLASSICAL_LUT_COARSE,1.72,6.70361305687131,16.3671719928467,0.0645235889394738,0.215388893184238,60132.2333591054
0.3,CLASSICAL_LUT_COARSE,1.725,6.70541666565854,16.367925685124,0.0656040793958285,0.216803315415216,60140.7198924913
0.3,CLASSICAL_LUT_COARSE,1.73,6.70719623820755,16.3686578422162,0.0666915818541552,0.218193630547793,60149.0617832868
0.3,CLASSICAL_LUT_COARSE,1.735,6.70895133543547,16.3693681847155,0.0677859748288045,0.21955945951437,60157.2567570862
0.3,CLASSICAL_LUT_COARSE,1.74,6.71068152429831,16.3700564386909,0.0688871349538491,0.220900429288204,60165.3025757292
0.3,CLASSICAL_LUT_COARSE,1.745,6.71238637789785,16.3707223357574,0.0699949370135391,0.222216172983401,60173.1970379004
0.3,CLASSICAL_LUT_COARSE,1.75,6.71406547558699,16.3713656131445,0.0711092539732528,0.223506329953457,60180.9379797207
0.3,CLASSICAL_LUT_COARSE,1.755,6.71571840307349,16.3719860137629,0.0722299570109372,0.224770545888186,60188.5232753291
0.3,CLASSICAL_LUT_COARSE,1.76,6.71734475252222,16.3725832862692,0.0733569155490282,0.226008472909188,60195.9508374551
0.3,CLASSICAL_LUT_COARSE,1.765,6.7189441226558,16.3731571851306,0.0744899972868453,0.227219769663629,60203.2186179818
0.3,CLASSICAL_LUT_COARSE,1.77,6.72051611885358,16.3737074706865,0.0756290682334501,0.228404101416471,60210.3246084988
0.3,CLASSICAL_LUT_COARSE,1.775,6.72206035324901,16.3742339092101,0.0767739927409629,0.22956114014098,60217.2668408459
0.3,CLASSICAL_LUT_COARSE,1.78,6.72357644482538,16.3747362729673,0.0779246335383264,0.230690564607608,60224.0433876456
0.3,CLASSICAL_LUT_COARSE,1.785,6.72506401950976,16.3752143402749,0.0790808517655108,0.231792060471106,60230.6523628266
0.3,CLASSICAL_LUT_COARSE,1.79,6.72652271026536,16.3756678955571,0.080242507008149,0.232865320355952,60237.0919221357
0.3,CLASSICAL_LUT_COARSE,1.795,6.72795215718207,16.3760967294002,0.0814094573325956,0.233910043939948,60243.3602636397
0.3,CLASSICAL_LUT_COARSE,1.8,6.72935200756525,16.376500638606,0.0825815593213982,0.234925938036051,60249.4556282163
0.3,CLASSICAL_LUT_COARSE,1.805,6.73072191602276,16.3768794262434,0.0837586681091746,0.235912716672374,60255.3763000342
0.3,CLASSICAL_LUT_COARSE,1.81,6.73206154455019,16.3772329016989,0.084940637418884,0.236870101170311,60261.1206070219
0.3,CLASSICAL_LUT_COARSE,1.815,6.73337056261425,16.3775608807251,0.0861273195984853,0.237797820220813,60266.6869213249
0.3,CLASSICAL_LUT_COARSE,1.82,6.73464864723431,16.3778631854876,0.0873185656579717,0.238695609958723,60272.0736597523
0.3,CLASSICAL_LUT_COARSE,1.825,6.73589548306212,16.3781396446103,0.0885142253067713,0.239563214035179,60277.2792842111
0.3,CLASSICAL_LUT_COARSE,1.83,6.7371107624596,16.3783900932194,0.0897141469915063,0.24040038368811,60282.3023021287
0.3,CLASSICAL_LUT_COARSE,1.835,6.73829418557474,16.3786143729852,0.0909181779340985,0.241206877810674,60287.141266864
0.3,CLASSICAL_LUT_COARSE,1.84,6.73944546041559,16.3788123321631,0.0921261641702127,0.241982463017745,60291.7947781065
0.3,CLASSICAL_LUT_COARSE,1.845,6.74056430292231,16.3789838256314,0.093337950588027,0.242726913710344,60296.2614822621
0.3,CLASSICAL_LUT_COARSE,1.85,6.74165043703726,16.3791287149296,0.0945533809673208,0.243440012138034,60300.5400728282
0.3,CLASSICAL_LUT_COARSE,1.855,6.7427035947731,16.3792468682928,0.0957722980188684,0.24412154845923,60304.6292907554
0.3,CLASSICAL_LUT_COARSE,1.86,6.74372351627891,16.3793381606859,0.0969945434241306,0.244771320799412,60308.5279247965
0.3,CLASSICAL_LUT_COARSE,1.865,6.74470994990432,16.3794024738358,0.0982199578752304,0.245389135307253,60312.2348118435
0.3,CLASSICAL_LUT_COARSE,1.87,6.7456626522616,16.3794396962612,0.0994483811152052,0.245974806208551,60315.7488372513
0.3,CLASSICAL_LUT_COARSE,1.875,6.7465813882857,16.3794497233016,0.100679651978523,0.24652815585808,60319.0689351485
0.3,CLASSICAL_LUT_COARSE,1.88,6.74746593129225,16.379432457144,0.101913608431851,0.247049014789209,60322.1940887353
0.3,CLASSICAL_LUT_COARSE,1.885,6.74831606303349,16.3793878068479,0.10315008761507,0.24753722176137,60325.1233305682
0.3,CLASSICAL_LUT_COARSE,1.89,6.74913157375214,16.3793156883688,0.104388925882519,0.247992623805278,60327.8557428317
0.3,CLASSICAL_LUT_COARSE,1.895,6.74991226223314,16.3792160245798,0.105629958844457,0.248415076265983,60330.3904575959
0.3,CLASSICAL_LUT_COARSE,1.9,6.75065793585328,16.3790887460628,0.106873021440013,0.248804456372241,60332.7267382334
0.3,CLASSICAL_LUT_COARSE,1.905,6.75136841062876,16.3789337904273,0.108117947957435,0.249160623297529,60334.8637397852
0.3,CLASSICAL_LUT_COARSE,1.91,6.75204351126055,16.3787511010646,0.109364572021328,0.249483455888191,60336.8007353291
0.3,CLASSICAL_LUT_COARSE,1.915,6.75268307117768,16.3785406283889,0.110612726679329,0.24977284327036,60338.5370596222
0.3,CLASSICAL_LUT_COARSE,1.92,6.7532869325783,16.3783023298738,0.111862244445844,0.250028683031703,60340.0720981902
0.3,CLASSICAL_LUT_COARSE,1.925,6.75385494646866,16.3780361700513,0.113112957344446,0.250250881257825,60341.4052875469
0.3,CLASSICAL_LUT_COARSE,1.93,6.75438697269982,16.3777421205104,0.11436469695045,0.25043935256496,60342.5361153898
0.3,CLASSICAL_LUT_COARSE,1.935,6.75488288000227,16.3774201598972,0.115617294433642,0.250594020129116,60343.4641207747
0.3,CLASSICAL_LUT_COARSE,1.94,6.75534254601831,16.377070273914,0.116870580601141,0.250714815711984,60344.1888942719
0.3,CLASSICAL_LUT_COARSE,1.945,6.75576585733222,16.3766924553184,0.118124385940387,0.250801679683807,60344.7100781028
0.3,CLASSICAL_LUT_COARSE,1.95,6.75615270949828,16.3762867039215,0.119378540662234,0.250854561043266,60345.0273662596
0.3,CLASSICAL_LUT_COARSE,1.955,6.75650300706649,16.3758530265847,0.120632874744138,0.250873417434585,60345.1405046075
0.3,CLASSICAL_LUT_COARSE,1.96,6.75681666360618,16.3753914372163,0.121887217973421,0.250858215161898,60345.0492909714
0.3,CLASSICAL_LUT_COARSE,1.965,6.75709360172728,16.3749019567659,0.123141399990597,0.250808929200939,60344.7535752056
0.3,CLASSICAL_LUT_COARSE,1.97,6.75733375309947,16.3743846132177,0.124395250332761,0.25072554320815,60344.2532592489
0.3,CLASSICAL_LUT_COARSE,1.975,6.75753705846898,16.3738394415828,0.125648598477005,0.250608049527202,60343.5482971632
0.3,CLASSICAL_LUT_COARSE,1.98,6.75770346767325,16.373266483889,0.126901273883866,0.250456449193015,60342.6386951581
0.3,CLASSICAL_LUT_COARSE,1.985,6.7578329396533,16.3726657891702,0.128153106040786,0.250270751933256,60341.5245115995
0.3,CLASSICAL_LUT_COARSE,1.99,6.75792544246387,16.3720374134531,0.129403924505579,0.250050976167348,60340.2058570041
0.3,CLASSICAL_LUT_COARSE,1.995,6.75798095328126,16.3713814197429,0.130653558949876,0.249797149003053,60338.6828940183
0.3,CLASSICAL_LUT_COARSE,2,6.75799945840901,16.370697878007,0.131901839202556,0.249509306230578,60336.9558373835
0.3,CLASSICAL_LUT_COARSE,2.005,6.75798095328126,16.3699868651573,0.133148595293141,0.249187492314244,60335.0249538855
0.3,CLASSICAL_LUT_COARSE,2.01,6.75792544246387,16.3692484650308,0.134393657495136,0.24883176038176,60332.8905622906
0.3,CLASSICAL_LUT_COARSE,2.015,6.7578329396533,16.3684827683678,0.135636856369316,0.248442172211057,60330.5530332663
0.3,CLASSICAL_LUT_COARSE,2.02,6.75770346767325,16.3676898727895,0.136878022806939,0.248018798214719,60328.0127892883
0.3,CLASSICAL_LUT_COARSE,2.025,6.75753705846898,16.3668698827728,0.138116988072877,0.24756171742205,60325.2703045323
0.3,CLASSICAL_LUT_COARSE,2.03,6.75733375309947,16.3660229096242,0.139353583848649,0.247071017458696,60322.3261047522
0.3,CLASSICAL_LUT_COARSE,2.035,6.75709360172728,16.3651490714516,0.140587642275342,0.246546794523951,60319.1807671437
0.3,CLASSICAL_LUT_COARSE,2.04,6.75681666360618,16.3642484931343,0.141818995996428,0.245989153365652,60315.8349201939
0.3,CLASSICAL_LUT_COARSE,2.045,6.75650300706649,16.3633213062917,0.143047478200427,0.245398207252723,60312.2892435163
0.3,CLASSICAL_LUT_COARSE,2.05,6.75615270949828,16.3623676492496,0.144272922663449,0.244774077945383,60308.5444676723
0.3,CLASSICAL_LUT_COARSE,2.055,6.75576585733222,16.3613876670059,0.145495163791565,0.244116895662989,60304.6013739779
0.3,CLASSICAL_LUT_COARSE,2.06,6.75534254601831,16.3603815111933,0.146714036663019,0.243426799049583,60300.4607942975
0.3,CLASSICAL_LUT_COARSE,2.065,6.75488288000227,16.3593493400413,0.147929377070261,0.242703935137083,60296.1236108225
0.3,CLASSICAL_LUT_COARSE,2.07,6.75438697269982,16.3582913183361,0.14914102156179,0.241948459306187,60291.5907558371
0.3,CLASSICAL_LUT_COARSE,2.075,6.75385494646866,16.3572076173791,0.150348807483793,0.241160535245005,60286.86321147
0.3,CLASSICAL_LUT_COARSE,2.08,6.7532869325783,16.3560984149434,0.151552573021578,0.240340334905362,60281.9420094322
0.3,CLASSICAL_LUT_COARSE,2.085,6.75268307117768,16.3549638952288,0.152752157240775,0.239488038456868,60276.8282307412
0.3,CLASSICAL_LUT_COARSE,2.09,6.75204351126055,16.3538042488157,0.153947400128305,0.238603834238749,60271.5230054325
0.3,CLASSICAL_LUT_COARSE,2.095,6.75136841062876,16.3526196726162,0.155138142633107,0.237687918709399,60266.0275122564
0.3,CLASSICAL_LUT_COARSE,2.1,6.75065793585328,16.3514103698248,0.156324226706598,0.236740496393754,60260.3429783625
0.3,CLASSICAL_LUT_COARSE,2.105,6.74991226223314,16.3501765499313,0.157505495345352,0.23576178276339,60254.4706965803
0.3,CLASSICAL_LUT_COARSE,2.11,6.74913157375214,16.3489184303273,0.1586817926998,0.234752018029475,60248.4121081768
0.3,CLASSICAL_LUT_COARSE,2.115,6.74831606303349,16.3476362336644,0.159852964020569,0.233711407963291,60242.1684477797
0.3,CLASSICAL_LUT_COARSE,2.12,6.74746593129225,16.3463301873395,0.16101885566893,0.232640189024318,60235.7411341459
0.3,CLASSICAL_LUT_COARSE,2.125,6.7465813882857,16.3450005248432,0.162179315207779,0.231538605394672,60229.131632368
0.3,CLASSICAL_LUT_COARSE,2.13,6.7456626522616,16.343647485683,0.163334191440114,0.230406908923326,60222.34145354
0.3,CLASSICAL_LUT_COARSE,2.135,6.74470994990432,16.3422713153087,0.164483334447224,0.229245359066201,60215.3721543972
0.3,CLASSICAL_LUT_COARSE,2.14,6.74372351627891,16.3408722650394,0.165626595626559,0.228054222822603,60208.2253369356
0.3,CLASSICAL_LUT_COARSE,2.145,6.7427035947731,16.3394505919913,0.166763827729287,0.226833774668327,60200.90264801
0.3,CLASSICAL_LUT_COARSE,2.15,6.74165043703726,16.3380065590056,0.1678948848975,0.225584296485723,60193.4057789143
0.3,CLASSICAL_LUT_COARSE,2.155,6.74056430292231,16.3365404345766,0.16901962270107,0.224306077490988,60185.7364649459
0.3,CLASSICAL_LUT_COARSE,2.16,6.73944546041559,16.3350524927796,0.170137898174126,0.222999414158844,60177.8964849531
0.3,CLASSICAL_LUT_COARSE,2.165,6.73829418557474,16.333543013198,0.171249569851153,0.221664610144749,60169.8876608685
0.3,CLASSICAL_LUT_COARSE,2.17,6.7371107624596,16.33201228085,0.172354497802704,0.220301976204839,60161.711857229
0.3,CLASSICAL_LUT_COARSE,2.175,6.73589548306212,16.3304605861145,0.173452543670688,0.218911830113601,60153.3709806816
0.3,CLASSICAL_LUT_COARSE,2.18,6.73464864723431,16.3288882246559,0.174543570703261,0.217494496579489,60144.8669794769
0.3,CLASSICAL_LUT_COARSE,2.185,6.73337056261425,16.3272954973479,0.175627443789274,0.216050307158447,60136.2018429507
0.3,CLASSICAL_LUT_COARSE,2.19,6.73206154455019,16.3256827101969,0.176704029492292,0.21457960016555,60127.3776009933
0.3,CLASSICAL_LUT_COARSE,2.195,6.73072191602276,16.3240501742635,0.177773196084168,0.213082720584632,60118.3963235078
0.3,CLASSICAL_LUT_COARSE,2.2,6.72935200756525,16.3223982055834,0.178834813578152,0.211560019976156,60109.2601198569
0.3,CLASSICAL_LUT_COARSE,2.205,6.72795215718207,16.3207271250869,0.179888753761543,0.210011856383257,60099.9711382995
0.3,CLASSICAL_LUT_COARSE,2.21,6.72652271026536,16.3190372585179,0.180934890227864,0.208438594236,60090.531565416
0.3,CLASSICAL_LUT_COARSE,2.215,6.72506401950976,16.317328936351,0.181973098408552,0.206840604253999,60080.943625524
0.3,CLASSICAL_LUT_COARSE,2.22,6.72357644482538,16.3156024937079,0.183003255604159,0.205218263347289,60071.2095800837
0.3,CLASSICAL_LUT_COARSE,2.225,6.72206035324901,16.313858270273,0.184025241015057,0.203571954515649,60061.3317270939
0.3,CLASSICAL_LUT_COARSE,2.23,6.72051611885358,16.3120966102069,0.185038935771624,0.201902066746287,60051.3124004777
0.3,CLASSICAL_LUT_COARSE,2.235,6.7189441226558,16.3103178620604,0.186044222963929,0.200208994909978,60041.1539694599
0.3,CLASSICAL_LUT_COARSE,2.24,6.71734475252222,16.3085223786856,0.187040987670884,0.198493139655744,60030.8588379345
0.3,CLASSICAL_LUT_COARSE,2.245,6.71571840307349,16.3067105171477,0.188029116988869,0.196754907303962,60020.4294438238
0.3,CLASSICAL_LUT_COARSE,2.25,6.71406547558699,16.3048826386344,0.18900850005982,0.19499470973815,60009.8682584289
0.3,CLASSICAL_LUT_COARSE,2.255,6.71238637789785,16.3030391083651,0.189979028098768,0.193212964295236,59999.1777857714
0.3,CLASSICAL_LUT_COARSE,2.26,6.71068152429831,16.301180295499,0.190940594420832,0.191410093654564,59988.3605619274
0.3,CLASSICAL_LUT_COARSE,2.265,6.70895133543547,16.299306573042,0.191893094467652,0.189586525725487,59977.4191543529
0.3,CLASSICAL_LUT_COARSE,2.27,6.70719623820755,16.2974183177528,0.192836425833249,0.187742693533723,59966.3561612023
0.3,CLASSICAL_LUT_COARSE,2.275,6.70541666565854,16.2955159100481,0.193770488289327,0.185879035106437,59955.1742106386
0.3,CLASSICAL_LUT_COARSE,2.28,6.70361305687131,16.2935997339069,0.194695183809988,0.18399599335609,59943.8759601365
0.3,CLASSICAL_LUT_COARSE,2.285,6.70178585685936,16.2916701767739,0.195610416595862,0.182094015963145,59932.4640957789
0.3,CLASSICAL_LUT_COARSE,2.29,6.69993551645695,16.289727629462,0.196516093097658,0.180173555257563,59920.9413315454
0.3,CLASSICAL_LUT_COARSE,2.295,6.69806249220789,16.2877724860546,0.197412122039108,0.178235068099278,59909.3104085957
0.3,CLASSICAL_LUT_COARSE,2.3,6.69616724625288,16.2858051438057,0.198298414439317,0.176279015757515,59897.5740945451
0.3,CLASSICAL_LUT_COARSE,2.305,6.6942502462155,16.2838260030408,0.199174883634507,0.174305863789144,59885.7351827349
0.3,CLASSICAL_LUT_COARSE,2.31,6.69231196508683,16.2818354670563,0.200041445299148,0.172316081915994,59873.796491496
0.3,CLASSICAL_LUT_COARSE,2.315,6.69035288110873,16.279833942018,0.200898017466472,0.17031014390124,59861.7608634074
0.3,CLASSICAL_LUT_COARSE,2.32,6.68837347765586,16.2778218368593,0.201744520548374,0.168288527424851,59849.6311645491
0.3,CLASSICAL_LUT_COARSE,2.325,6.6863742431164,16.2757995631788,0.202580877354676,0.166251713958173,59837.410283749
0.3,CLASSICAL_LUT_COARSE,2.33,6.68435567077156,16.2737675351368,0.203407013111775,0.164200188637668,59825.101131826
0.3,CLASSICAL_LUT_COARSE,2.335,6.68231825867387,16.2717261693518,0.204222855480647,0.162134440137827,59812.706640827
0.3,CLASSICAL_LUT_COARSE,2.34,6.68026250952426,16.269675884796,0.205028334574219,0.160054960543368,59800.2297632602
0.3,CLASSICAL_LUT_COARSE,2.345,6.67818893054809,16.26761710269,0.205823382974101,0.157962245220656,59787.6734713239
0.3,CLASSICAL_LUT_COARSE,2.35,6.67609803336994,16.265550246398,0.206607935746668,0.155856792688473,59775.0407561308
0.3,CLASSICAL_LUT_COARSE,2.355,6.67399033388739,16.2634757413212,0.207381930458499,0.153739104488109,59762.3346269286
0.3,CLASSICAL_LUT_COARSE,2.36,6.67186635214377,16.261394014792,0.208145307191165,0.15160968505289,59749.5581103173
0.3,CLASSICAL_LUT_COARSE,2.365,6.66972661219977,16.2593054959665,0.20889800855536,0.149469041577069,59736.7142494624
0.3,CLASSICAL_LUT_COARSE,2.37,6.66757164200423,16.2572106157175,0.209639979704378,0.147317683884264,59723.8061033056
0.3,CLASSICAL_LUT_COARSE,2.375,6.66540197326377,16.255109806527,0.210371168346928,0.145156124295331,59710.836745772
0.3,CLASSICAL_LUT_COARSE,2.38,6.66321814131171,16.2530035023779,0.211091524759291,0.142984877495834,59697.809264975
0.3,CLASSICAL_LUT_COARSE,2.385,6.6610206849759,16.2508921386458,0.21180100179681,0.14080446040308,59684.7267624185
0.3,CLASSICAL_LUT_COARSE,2.39,6.6588101464458,16.2487761519901,0.212499554904717,0.138615392032788,59671.5923521967
0.3,CLASSICAL_LUT_COARSE,2.395,6.65658707113873,16.2466559802455,0.21318714212829,0.136418193365383,59658.4091601923
0.3,CLASSICAL_LUT_COARSE,2.4,6.65435200756525,16.2445320623123,0.213863724122339,0.134213387212071,59645.1803232724
0.3,CLASSICAL_LUT_COARSE,2.405,6.65210550719385,16.2424048380476,0.214529264160031,0.132001498080573,59631.9089884834
0.3,CLASSICAL_LUT_COARSE,2.41,6.64984812431489,16.240274748155,0.21518372814103,0.12978305204067,59618.598312244
0.3,CLASSICAL_LUT_COARSE,2.415,6.64758041590381,16.2381422340755,0.215827084598974,0.127558576589593,59605.2514595376
0.3,CLASSICAL_LUT_COARSE,2.42,6.64530294148374,16.2360077378772,0.216459304708276,0.125328600517202,59591.8716031032
0.3,CLASSICAL_LUT_COARSE,2.425,6.64301626298739,16.2338717021456,0.217080362290246,0.123093653771136,59578.4619226268
0.3,CLASSICAL_LUT_COARSE,2.43,6.64072094461849,16.2317345698731,0.217690233818549,0.120854267321828,59565.025603931
0.3,CLASSICAL_LUT_COARSE,2.435,6.63841755271248,16.2295967843495,0.218288898423975,0.11861097302752,59551.5658381651
0.3,CLASSICAL_LUT_COARSE,2.44,6.63610665559687,16.2274587890513,0.218876337898543,0.116364303499287,59538.0858209957
0.3,CLASSICAL_LUT_COARSE,2.445,6.63378882345092,16.225321027532,0.219452536698931,0.114114791966095,59524.5887517966
0.3,CLASSICAL_LUT_COARSE,2.45,6.63146462816504,16.2231839433117,0.220017481949222,0.111862972139932,59511.0778328396
0.3,CLASSICAL_LUT_COARSE,2.455,6.62913464319964,16.2210479797673,0.220571163442989,0.109609378081064,59497.5562684864
0.3,CLASSICAL_LUT_COARSE,2.46,6.62679944344365,16.2189135800222,0.221113573644692,0.107354544063462,59484.0272643808
0.3,CLASSICAL_LUT_COARSE,2.465,6.62445960507266,16.2167811868371,0.22164470769042,0.105099004440378,59470.4940266423
0.3,CLASSICAL_LUT_COARSE,2.47,6.62211570540678,16.2146512424996,0.222164563387943,0.102843293510171,59456.959761061
0.3,CLASSICAL_LUT_COARSE,2.475,6.61976832276819,16.2125241887154,0.222673141216107,0.100587945382413,59443.4276722945
0.3,CLASSICAL_LUT_COARSE,2.48,6.6174180363384,16.2104004664983,0.223170444323556,0.0983334938442457,59429.9009630655
0.3,CLASSICAL_LUT_COARSE,2.485,6.61506542601545,16.2082805160618,0.223656478526786,0.0960804722271078,59416.3828333626
0.3,CLASSICAL_LUT_COARSE,2.49,6.61271107227073,16.2061647767099,0.224131252307532,0.0938294132738129,59402.8764796429
0.3,CLASSICAL_LUT_COARSE,2.495,6.61035555600578,16.2040536867286,0.224594776809497,0.091580849006009,59389.385094036
0.3,CLASSICAL_LUT_COARSE,2.5,6.60799945840901,16.2019476832778,0.225047065834413,0.0893353105921157,59375.9118635527
0.3,CLASSICAL_LUT_COARSE,2.505,6.60564336081223,16.1998472022832,0.225488135837447,0.0870933282156887,59362.4599692941
0.3,CLASSICAL_LUT_COARSE,2.51,6.60328784454729,16.1977526783293,0.225918005921947,0.0848554309443053,59349.0325856658
0.3,CLASSICAL_LUT_COARSE,2.515,6.60093349080256,16.1956645445516,0.226336697833538,0.082622146598986,59335.6328795939
0.3,CLASSICAL_LUT_COARSE,2.52,6.59858088047961,16.1935832325304,0.226744235953561,0.0803940016241604,59322.264009745
0.3,CLASSICAL_LUT_COARSE,2.525,6.59623059404983,16.1915091721842,0.227140647291869,0.0781715209582696,59308.9291257496
0.3,CLASSICAL_LUT_COARSE,2.53,6.59388321141123,16.1894427916642,0.227525961478974,0.0759552279049522,59295.6313674297
0.3,CLASSICAL_LUT_COARSE,2.535,6.59153931174535,16.187384517249,0.22790021075755,0.0737456440049336,59282.3738640296
0.3,CLASSICAL_LUT_COARSE,2.54,6.58919947337436,16.1853347732395,0.228263429973304,0.0715432889085754,59269.1597334514
0.3,CLASSICAL_LUT_COARSE,2.545,6.58686427361837,16.1832939818549,0.228615656565202,0.0693486802491812,59255.9920814951
0.3,CLASSICAL_LUT_COARSE,2.55,6.58453428865297,16.1812625631292,0.228956930555072,0.0671623335170182,59242.8740011021
0.3,CLASSICAL_LUT_COARSE,2.555,6.5822100933671,16.1792409348078,0.229287294536576,0.0649847619341326,59229.8085716048
0.3,CLASSICAL_LUT_COARSE,2.56,6.57989226122115,16.1772295122455,0.229606793663554,0.0628164763300099,59216.7988579801
0.3,CLASSICAL_LUT_COARSE,2.565,6.57758136410553,16.1752287083042,0.229915475637757,0.0606579850180253,59203.8479101081
0.3,CLASSICAL_LUT_COARSE,2.57,6.57527797219953,16.1732389332523,0.230213390695953,0.058509793672771,59190.9587620366
0.3,CLASSICAL_LUT_COARSE,2.575,6.57298265383062,16.171260594664,0.230500591596436,0.056372405208327,59178.13443125
0.3,CLASSICAL_LUT_COARSE,2.58,6.57069597533428,16.1692940973197,0.230777133604914,0.0542463196573912,59165.3779179443
0.3,CLASSICAL_LUT_COARSE,2.585,6.5684185009142,16.167339843107,0.231043074479806,0.0521320340513913,59152.6922043083
0.3,CLASSICAL_LUT_COARSE,2.59,6.56615079250312,16.1653982309227,0.231298474456936,0.0500300423015858,59140.0802538095
0.3,CLASSICAL_LUT_COARSE,2.595,6.56389340962416,16.163469656575,0.231543396233641,0.047940835081123,59127.5450104867
0.3,CLASSICAL_LUT_COARSE,2.6,6.56164690925277,16.1615545126877,0.231777904952279,0.0458648997081728,59115.089398249
0.3,CLASSICAL_LUT_COARSE,2.605,6.55941184567928,16.1596531886037,0.232002068183175,0.0438027200300848,59102.7163201805
0.3,CLASSICAL_LUT_COARSE,2.61,6.55718877037221,16.1577660702905,0.232215955906971,0.041754776308629,59090.4286578518
0.3,CLASSICAL_LUT_COARSE,2.615,6.55497823184212,16.1558935402461,0.232419640496418,0.0397215451063335,59078.229270638
0.3,CLASSICAL_LUT_COARSE,2.62,6.55278077550631,16.1540359774063,0.232613196697595,0.0377034991739436,59066.1209950437
0.3,CLASSICAL_LUT_COARSE,2.625,6.55059694355424,16.1521937570519,0.232796701610577,0.0357011073390492,59054.1066440343
0.3,CLASSICAL_LUT_COARSE,2.63,6.54842727481379,16.1503672507182,0.232970234669533,0.0337148343958429,59042.1890063751
0.3,CLASSICAL_LUT_COARSE,2.635,6.54627230461824,16.148556826104,0.233133877622297,0.0317451409960903,59030.3708459765
0.3,CLASSICAL_LUT_COARSE,2.64,6.54413256467425,16.1467628469832,0.233287714509378,0.0297924835413248,59018.6549012479
0.3,CLASSICAL_LUT_COARSE,2.645,6.54200858293062,16.1449856731161,0.233431831642446,0.0278573140762433,59007.0438844575
0.3,CLASSICAL_LUT_COARSE,2.65,6.53990088344807,16.1432256601621,0.233566317582281,0.0259400801833856,58995.5404811003
0.3,CLASSICAL_LUT_COARSE,2.655,6.53780998626992,16.1414831595939,0.233691263116204,0.0240412248790616,58984.1473492744
0.3,CLASSICAL_LUT_COARSE,2.66,6.53573640729375,16.1397585186122,0.233806761234988,0.0221611865105817,58972.8671190635
0.3,CLASSICAL_LUT_COARSE,2.665,6.53368065814415,16.138052080062,0.233912907109257,0.0203003986548058,58961.7023919288
0.3,CLASSICAL_LUT_COARSE,2.67,6.53164324604645,16.1363641823492,0.234009798065384,0.0184592900180132,58950.6557401081
0.3,CLASSICAL_LUT_COARSE,2.675,6.52962467370162,16.1346951593595,0.234097533560893,0.0166382843371018,58939.7297060226
0.3,CLASSICAL_LUT_COARSE,2.68,6.52762543916216,16.1330453403774,0.234176215159363,0.0148378002821961,58928.9268016932
0.3,CLASSICAL_LUT_COARSE,2.685,6.52564603570929,16.1314150500068,0.234245946504857,0.0130582513605972,58918.2495081636
0.3,CLASSICAL_LUT_COARSE,2.69,6.52368695173119,16.1298046080931,0.23430683329587,0.0113000458221482,58907.7002749329
0.3,CLASSICAL_LUT_COARSE,2.695,6.52174867060252,16.1282143296455,0.234358983258809,0.00956358656600642,58897.281519396
0.3,CLASSICAL_LUT_COARSE,2.7,6.51983167056514,16.126644524762,0.234402506121007,0.00784927104885469,58886.9956262931
0.3,CLASSICAL_LUT_COARSE,2.705,6.51793642461012,16.1250954985542,0.234437513583284,0.00615749119454456,58876.8449471673
0.3,CLASSICAL_LUT_COARSE,2.71,6.51606340036106,16.1235675510741,0.234464119292066,0.00448863330521121,58866.8317998313
0.3,CLASSICAL_LUT_COARSE,2.715,6.51421305995865,16.1220609772421,0.234482438811048,0.00284307797384997,58856.9584678431
0.3,CLASSICAL_LUT_COARSE,2.72,6.51238585994671,16.1205760667763,0.234492589592442,0.00122119999838688,58847.2271999903
0.3,CLASSICAL_LUT_COARSE,2.725,6.51058225115948,16.1191131041229,0.234494690947781,-0.000376631702751595,58837.6402097835
0.3,CLASSICAL_LUT_COARSE,2.73,6.50880267861046,16.1176723683879,0.234488864018322,-0.00195005417355887,58828.1996749586
0.3,CLASSICAL_LUT_COARSE,2.735,6.50704758138254,16.1162541332704,0.234475231745024,-0.00349871050183381,58818.907736989
0.3,CLASSICAL_LUT_COARSE,2.74,6.5053173925197,16.1148586669972,0.234453918838131,-0.00502224989906352,58809.7665006056
0.3,CLASSICAL_LUT_COARSE,2.745,6.50361253892016,16.1134862322584,0.234425051746358,-0.00652032777869493,58800.7780333278
0.3,CLASSICAL_LUT_COARSE,2.75,6.50193344123103,16.1121370861447,0.234388758625686,-0.00799260583291606,58791.9443650025
0.3,CLASSICAL_LUT_COARSE,2.755,6.50028051374453,16.1108114800861,0.23434516930778,-0.00943875210782963,58783.267487353
0.3,CLASSICAL_LUT_COARSE,2.76,6.4986541642958,16.1095096753091,0.234294415895797,-0.0108581532405729,58774.7510805566
0.3,CLASSICAL_LUT_COARSE,2.765,6.49705479416222,16.1082319329672,0.234236632474841,-0.0122507444626798,58766.3955332239
0.3,CLASSICAL_LUT_COARSE,2.77,6.49548279796444,16.1069784796631,0.234171953628999,-0.0136162711599095,58758.2023730405
0.3,CLASSICAL_LUT_COARSE,2.775,6.493938563569,16.1057495365826,0.234100515458274,-0.0149544236416173,58750.1734581503
0.3,CLASSICAL_LUT_COARSE,2.78,6.49242247199264,16.1045453204043,0.234022455592286,-0.0162648997296166,58742.3106016223
0.3,CLASSICAL_LUT_COARSE,2.785,6.49093489730826,16.1033660429503,0.233937913152988,-0.0175474046567139,58734.6155720597
0.3,CLASSICAL_LUT_COARSE,2.79,6.48947620655265,16.1022119108995,0.233847028717785,-0.0188016509980589,58727.0900940116
0.3,CLASSICAL_LUT_COARSE,2.795,6.48804675963594,16.1010831255515,0.233749944282948,-0.0200273586282584,58719.7358482304
0.3,CLASSICAL_LUT_COARSE,2.8,6.48664690925277,16.0999798826291,0.233646803227175,-0.0212242546984793,58712.5544718091
0.3,CLASSICAL_LUT_COARSE,2.805,6.48527700079525,16.0989023721149,0.233537750275236,-0.0223920736292111,58705.5475582247
0.3,CLASSICAL_LUT_COARSE,2.81,6.48393737226782,16.0978507781116,0.233422931461614,-0.023530557114988,58698.7166573101
0.3,CLASSICAL_LUT_COARSE,2.815,6.48262835420377,16.0968252787245,0.23330249409411,-0.024639454138315,58692.0632751701
0.3,CLASSICAL_LUT_COARSE,2.82,6.4813502695837,16.0958260459599,0.23317658671735,-0.0257185209905479,58685.5888740567
0.3,CLASSICAL_LUT_COARSE,2.825,6.48010343375589,16.0948532456383,0.233045359076174,-0.0267675212979395,58679.2948722124
0.3,CLASSICAL_LUT_COARSE,2.83,6.47888815435842,16.0939070373171,0.232908962078896,-0.0277862260513952,58673.1826436916
0.3,CLASSICAL_LUT_COARSE,2.835,6.47770473124328,16.0929875742241,0.232767547760395,-0.0287744136389101,58667.2535181665
0.3,CLASSICAL_LUT_COARSE,2.84,6.47655345640243,16.0920950031977,0.232621269245045,-0.0297318698796865,58661.5087807219
0.3,CLASSICAL_LUT_COARSE,2.845,6.4754346138957,16.0912294646337,0.232470280709476,-0.0306583880592868,58655.9496716443
0.3,CLASSICAL_LUT_COARSE,2.85,6.47434847978075,16.0903910924374,0.232314737345146,-0.0315537689652636,58650.5773862084
0.3,CLASSICAL_LUT_COARSE,2.855,6.47329532204492,16.0895800139805,0.232154795320748,-0.0324178209227615,58645.3930744634
0.3,CLASSICAL_LUT_COARSE,2.86,6.4722754005391,16.088796350062,0.231990611744433,-0.0332503598298022,58640.3978410212
0.3,CLASSICAL_LUT_COARSE,2.865,6.47128896691369,16.0880402148722,0.231822344625855,-0.0340512091919312,58635.5927448484
0.3,CLASSICAL_LUT_COARSE,2.87,6.47033626455641,16.0873117159602,0.231650152838052,-0.0348202001560036,58630.978799064
0.3,CLASSICAL_LUT_COARSE,2.875,6.46941752853231,16.0866109542041,0.231474196079154,-0.035557171542937,58626.5569707424
0.3,CLASSICAL_LUT_COARSE,2.88,6.46853298552577,16.0859380237837,0.231294634833938,-0.0362619698793072,58622.3281807242
0.3,CLASSICAL_LUT_COARSE,2.885,6.46768285378453,16.0852930121556,0.231111630335219,-0.036934449427628,58618.2933034342
0.3,CLASSICAL_LUT_COARSE,2.89,6.46686734306587,16.0846760000305,0.230925344525098,-0.0375744722152618,58614.4531667084
0.3,CLASSICAL_LUT_COARSE,2.895,6.46608665458488,16.0840870613524,0.230735940016071,-0.0381819080618921,58610.8085516286
0.3,CLASSICAL_LUT_COARSE,2.9,6.46534098096473,16.0835262632802,0.230543580052,-0.0387566346054715,58607.3601923672
0.3,CLASSICAL_LUT_COARSE,2.905,6.46463050618926,16.082993666171,0.23034842846896,-0.0392985373266406,58604.1087760402
0.3,CLASSICAL_LUT_COARSE,2.91,6.46395540555747,16.082489323565,0.230150649655968,-0.0398075095715047,58601.054942571
0.3,CLASSICAL_LUT_COARSE,2.915,6.46331584564034,16.0820132821725,0.229950408515603,-0.0402834525728721,58598.1992845628
0.3,CLASSICAL_LUT_COARSE,2.92,6.46271198423971,16.0815655818631,0.229747870424522,-0.0407262754697939,58595.5423471812
0.3,CLASSICAL_LUT_COARSE,2.925,6.46214397034936,16.0811462556553,0.229543201193882,-0.0411358953254535,58593.0846280473
0.3,CLASSICAL_LUT_COARSE,2.93,6.4616119441182,16.0807553297094,0.229336567029681,-0.0415122371434045,58590.8265771396
0.3,CLASSICAL_LUT_COARSE,2.935,6.46111603681574,16.0803928233212,0.229128134493018,-0.041855233882135,58588.7685967072
0.3,CLASSICAL_LUT_COARSE,2.94,6.4606563707997,16.0800587489174,0.228918070460283,-0.0421648264678787,58586.9110411927
0.3,CLASSICAL_LUT_COARSE,2.945,6.46023305948579,16.0797531120529,0.228706542083294,-0.0424409638058219,58585.2542171651
0.3,CLASSICAL_LUT_COARSE,2.95,6.45984620731974,16.0794759114098,0.228493716749374,-0.0426836027895092,58583.7983832629
0.3,CLASSICAL_LUT_COARSE,2.955,6.45949590975152,16.0792271387979,0.228279762041391,-0.0428927083086332,58582.5437501482
0.3,CLASSICAL_LUT_COARSE,2.96,6.45918225321184,16.079006779157,0.228064845697763,-0.0430682532550488,58581.4904804697
0.3,CLASSICAL_LUT_COARSE,2.965,6.45890531509073,16.0788148105605,0.227849135572432,-0.0432102185271184,58580.6386888373
0.3,CLASSICAL_LUT_COARSE,2.97,6.45866516371855,16.0786512042211,0.227632799594827,-0.0433185930323212,58579.9884418061
0.3,CLASSICAL_LUT_COARSE,2.975,6.45846185834904,16.0785159244979,0.227416005729814,-0.0433933736881649,58579.539757871
0.3,CLASSICAL_LUT_COARSE,2.98,6.45829544914477,16.078408928905,0.227198921937647,-0.0434345654213804,58579.2926074717
0.3,CLASSICAL_LUT_COARSE,2.985,6.45816597716471,16.078330168122,0.22698171613393,-0.0434421811654069,58579.2469130076
0.3,CLASSICAL_LUT_COARSE,2.99,6.45807347435415,16.0782795860059,0.226764556149591,-0.0434162418561712,58579.402548863
0.3,CLASSICAL_LUT_COARSE,2.995,6.45801796353676,16.0782571196048,0.226547609690882,-0.0433567764261511,58579.7593414431
0.3,CLASSICAL_LUT_COARSE,3,6.45799945840901,16.0782626991731,0.22633104429942,-0.0432638217967387,58580.3170692196
0.3,CLASSICAL_LUT_COARSE,3.005,6.45799945840901,16.0782952402747,0.226114986920647,-0.0431615100097673,58580.9309399414
0.3,CLASSICAL_LUT_COARSE,3.01,6.45799945840901,16.0783500619546,0.225899408157519,-0.0430718866548041,58581.4686800712
0.3,CLASSICAL_LUT_COARSE,3.015,6.45799945840901,16.0784225480432,0.225684251332466,-0.0429923465823006,58581.9459205062
0.3,CLASSICAL_LUT_COARSE,3.02,6.45799945840901,16.0785090331121,0.225469471400494,-0.0429208211737446,58582.3750729575
0.3,CLASSICAL_LUT_COARSE,3.025,6.45799945840901,16.0786066066588,0.225255032553469,-0.0428556678374843,58582.7659929751
0.3,CLASSICAL_LUT_COARSE,3.03,6.45799945840901,16.0787129576244,0.22504090631782,-0.0427955822655726,58583.1265064066
0.3,CLASSICAL_LUT_COARSE,3.035,6.45799945840901,16.0788262509359,0.224827070044028,-0.0427395287629047,58583.4628274226
0.3,CLASSICAL_LUT_COARSE,3.04,6.45799945840901,16.078945029476,0.224613505707214,-0.0426866849258722,58583.7798904448
0.3,CLASSICAL_LUT_COARSE,3.045,6.45799945840901,16.0790681362427,0.224400198954742,-0.0426363977149702,58584.0816137102
0.3,CLASSICAL_LUT_COARSE,3.05,6.45799945840901,16.079194652541,0.224187138349968,-0.0425881485744384,58584.3711085534
0.3,CLASSICAL_LUT_COARSE,3.055,6.45799945840901,16.0793238489041,0.223974314771746,-0.0425415257356025,58584.6508455864
0.3,CLASSICAL_LUT_COARSE,3.06,6.45799945840901,16.0794551461224,0.223761720937589,-0.0424962022243882,58584.9227866537
0.3,CLASSICAL_LUT_COARSE,3.065,6.45799945840901,16.0795880842981,0.22354935102505,-0.0424519183981431,58585.1884896111
0.3,CLASSICAL_LUT_COARSE,3.07,6.45799945840901,16.079722298274,0.223337200371065,-0.0424084680789889,58585.4491915261
0.3,CLASSICAL_LUT_COARSE,3.075,6.45799945840901,16.0798574981211,0.223125265233224,-0.0423656875429455,58585.7058747423
0.3,CLASSICAL_LUT_COARSE,3.08,6.45799945840901,16.0799934536467,0.222913542600203,-0.0423234467767397,58585.9593193396
0.3,CLASSICAL_LUT_COARSE,3.085,6.45799945840901,16.0801299820909,0.222702030041238,-0.0422816425352117,58586.2101447887
0.3,CLASSICAL_LUT_COARSE,3.09,6.45799945840901,16.0802669383587,0.222490725586598,-0.0422401928285492,58586.4588430287
0.3,CLASSICAL_LUT_COARSE,3.095,6.45799945840901,16.0804042072626,0.222279627632677,-0.0421990325448274,58586.705804731
0.3,CLASSICAL_LUT_COARSE,3.1,6.45799945840901,16.0805416973635,0.222068734866626,-0.0421581099740802,58586.9513401555
0.3,CLASSICAL_LUT_COARSE,3.105,6.45799945840901,16.0806793360798,0.221858046206516,-0.0421173840482307,58587.1956957106
0.3,CLASSICAL_LUT_COARSE,3.11,6.45799945840901,16.0808170658033,0.221647560753815,-0.0420768221494239,58587.4390671035
0.3,CLASSICAL_LUT_COARSE,3.115,6.45799945840901,16.0809548408161,0.221437277755658,-0.0420363983697509,58587.6816097815
0.3,CLASSICAL_LUT_COARSE,3.12,6.45799945840901,16.0810926248412,0.221227196574882,-0.0419960921293558,58587.9234472239
0.3,CLASSICAL_LUT_COARSE,3.125,6.45799945840901,16.0812303890987,0.22101731666624,-0.0419558870791512,58588.1646775251
0.3,CLASSICAL_LUT_COARSE,3.13,6.45799945840901,16.0813681107613,0.220807637557508,-0.0419157702295063,58588.405378623
0.3,CLASSICAL_LUT_COARSE,3.135,6.45799945840901,16.0815057717287,0.22059815883448,-0.0418757312583864,58588.6456124497
0.3,CLASSICAL_LUT_COARSE,3.14,6.45799945840901,16.0816433576536,0.220388880129063,-0.0418357619619663,58588.8854282282
0.3,CLASSICAL_LUT_COARSE,3.145,6.45799945840901,16.0817808571695,0.220179801109816,-0.0417958558184051,58589.1248650896
0.3,CLASSICAL_LUT_COARSE,3.15,6.45799945840901,16.081918261276,0.219970921474436,-0.0417560076414496,58589.3639541513
0.3,CLASSICAL_LUT_COARSE,3.155,6.45799945840901,16.0820555628519,0.219762240943799,-0.0417162133053779,58589.6027201677
0.3,CLASSICAL_LUT_COARSE,3.16,6.45799945840901,16.0821927562682,0.219553759257226,-0.0416764695265908,58589.8411828404
0.3,CLASSICAL_LUT_COARSE,3.165,6.45799945840901,16.0823298370805,0.219345476168714,-0.0416367736901844,58590.0793578589
0.3,CLASSICAL_LUT_COARSE,3.17,6.45799945840901,16.0824668017852,0.21913739144396,-0.0415971237122523,58590.3172577265
0.3,CLASSICAL_LUT_COARSE,3.175,6.45799945840901,16.0826036476256,0.218929504857985,-0.0415575179305101,58590.5548924169
0.3,CLASSICAL_LUT_COARSE,3.18,6.45799945840901,16.0827403724383,0.21872181619325,-0.0415179550174916,58590.792269895
0.3,CLASSICAL_LUT_COARSE,3.185,6.45799945840901,16.0828769745307,0.218514325238166,-0.0414784339115908,58591.0293965304
0.3,CLASSICAL_LUT_COARSE,3.19,6.45799945840901,16.0830134525839,0.218307031785901,-0.0414389537623236,58591.2662774261
0.3,CLASSICAL_LUT_COARSE,3.195,6.45799945840901,16.0831498055763,0.218099935633442,-0.0413995138868373,58591.502916679
0.3,CLASSICAL_LUT_COARSE,3.2,6.45799945840901,16.0832860327218,0.217893036580844,-0.0413601137354114,58591.7393175875
0.3,CLASSICAL_LUT_COARSE,3.205,6.45799945840901,16.0834221334213,0.217686334430635,-0.0413207528640367,58591.9754828158
0.3,CLASSICAL_LUT_COARSE,3.21,6.45799945840901,16.0835581072246,0.217479828987348,-0.0412814309126599,58592.211414524
0.3,CLASSICAL_LUT_COARSE,3.215,6.45799945840901,16.0836939537992,0.217273520057141,-0.0412421475878944,58592.4471144726
0.3,CLASSICAL_LUT_COARSE,3.22,6.45799945840901,16.0838296729064,0.217067407447501,-0.0412029026492924,58592.6825841042
0.3,CLASSICAL_LUT_COARSE,3.225,6.45799945840901,16.0839652643816,0.216861490967008,-0.041163695898458,58592.9178246092
0.3,CLASSICAL_LUT_COARSE,3.23,6.45799945840901,16.0841007281196,0.21665577042515,-0.0411245271703926,58593.1528369776
0.3,CLASSICAL_LUT_COARSE,3.235,6.45799945840901,16.0842360640615,0.216450245632169,-0.0410853963266238,58593.3876220403
0.3,CLASSICAL_LUT_COARSE,3.24,6.45799945840901,16.0843712721861,0.216244916398943,-0.041046303249745,58593.6221805015
0.3,CLASSICAL_LUT_COARSE,3.245,6.45799945840901,16.0845063525012,0.216039782536898,-0.0410072478390866,58593.8565129655
0.3,CLASSICAL_LUT_COARSE,3.25,6.45799945840901,16.0846413050384,0.215834843857924,-0.0409682300072784,58594.0906199563
0.3,CLASSICAL_LUT_COARSE,3.255,6.45799945840901,16.0847761298474,0.215630100174324,-0.0409292496775198,58594.3245019349
0.3,CLASSICAL_LUT_COARSE,3.26,6.45799945840901,16.084910826993,0.215425551298762,-0.0408903067814048,58594.5581593116
0.3,CLASSICAL_LUT_COARSE,3.265,6.45799945840901,16.0850453965514,0.215221197044226,-0.0408514012572017,58594.7915924568
0.3,CLASSICAL_LUT_COARSE,3.27,6.45799945840901,16.0851798386081,0.215017037223999,-0.0408125330484896,58595.0248017091
0.3,CLASSICAL_LUT_COARSE,3.275,6.45799945840901,16.0853141532561,0.214813071651637,-0.040773702103067,58595.2577873816
0.3,CLASSICAL_LUT_COARSE,3.28,6.45799945840901,16.0854483405938,0.214609300140946,-0.0407349083720998,58595.4905497674
0.3,CLASSICAL_LUT_COARSE,3.285,6.45799945840901,16.0855824007243,0.214405722505971,-0.04069615180941,58595.7230891435
0.3,CLASSICAL_LUT_COARSE,3.29,6.45799945840901,16.0857163337546,0.21420233856098,-0.0406574323709776,58595.9554057741
0.3,CLASSICAL_LUT_COARSE,3.295,6.45799945840901,16.085850139794,0.213999148120459,-0.0406187500144597,58596.1874999132
0.3,CLASSICAL_LUT_COARSE,3.3,6.45799945840901,16.0859838189545,0.213796150999102,-0.0405801046988827,58596.4193718067
0.3,CLASSICAL_LUT_COARSE,3.305,6.45799945840901,16.0861173713496,0.213593347011804,-0.0405414963843551,58596.6510216939
0.3,CLASSICAL_LUT_COARSE,3.31,6.45799945840901,16.0862507970942,0.213390735973657,-0.0405029250318556,58596.8824498089
0.3,CLASSICAL_LUT_COARSE,3.315,6.45799945840901,16.0863840963042,0.213188317699947,-0.040464390603054,58597.1136563817
0.3,CLASSICAL_LUT_COARSE,3.32,6.45799945840901,16.0865172690966,0.212986092006151,-0.0404258930601866,58597.3446416389
0.3,CLASSICAL_LUT_COARSE,3.325,6.45799945840901,16.0866503155885,0.212784058707932,-0.0403874323659412,58597.5754058044
0.3,CLASSICAL_LUT_COARSE,3.33,6.45799945840901,16.086783235898,0.21258221762114,-0.0403490084833695,58597.8059490998
0.3,CLASSICAL_LUT_COARSE,3.335,6.45799945840901,16.0869160301433,0.212380568561808,-0.0403106213758271,58598.036271745
0.3,CLASSICAL_LUT_COARSE,3.34,6.45799945840901,16.0870486984428,0.212179111346152,-0.0402722710069074,58598.2663739585
0.3,CLASSICAL_LUT_COARSE,3.345,6.45799945840901,16.0871812409153,0.21197784579057,-0.0402339573404085,58598.4962559575
0.3,CLASSICAL_LUT_COARSE,3.35,6.45799945840901,16.0873136576794,0.211776771711639,-0.0401956803402914,58598.7259179582
0.3,CLASSICAL_LUT_COARSE,3.355,6.45799945840901,16.0874459488542,0.211575888926117,-0.040157439970665,58598.955360176
0.3,CLASSICAL_LUT_COARSE,3.36,6.45799945840901,16.0875781145583,0.211375197250942,-0.0401192361957481,58599.1845828255
0.3,CLASSICAL_LUT_COARSE,3.365,6.45799945840901,16.0877101549109,0.211174696503229,-0.0400810689798679,58599.4135861208
0.3,CLASSICAL_LUT_COARSE,3.37,6.45799945840901,16.0878420700306,0.210974386500273,-0.0400429382874279,58599.6423702754
0.3,CLASSICAL_LUT_COARSE,3.375,6.45799945840901,16.0879738600364,0.210774267059543,-0.0400048440829224,58599.8709355025
0.3,CLASSICAL_LUT_COARSE,3.38,6.45799945840901,16.088105525047,0.210574337998691,-0.0399667863308988,58600.0992820146
0.3,CLASSICAL_LUT_COARSE,3.385,6.45799945840901,16.0882370651811,0.21037459913554,-0.0399287649959774,58600.3274100241
0.3,CLASSICAL_LUT_COARSE,3.39,6.45799945840901,16.0883684805573,0.210175050288096,-0.0398907800428319,58600.555319743
0.3,CLASSICAL_LUT_COARSE,3.395,6.45799945840901,16.0884997712943,0.209975691274536,-0.0398528314361801,58600.7830113829
0.3,CLASSICAL_LUT_COARSE,3.4,6.45799945840901,16.0886309375104,0.209776521913217,-0.0398149191408006,58601.0104851552
0.3,CLASSICAL_LUT_COARSE,3.405,6.45799945840901,16.088761979324,0.209577542022669,-0.0397770431215019,58601.237741271
0.3,CLASSICAL_LUT_COARSE,3.41,6.45799945840901,16.0888928968533,0.209378751421601,-0.0397392033431494,58601.4647799411
0.3,CLASSICAL_LUT_COARSE,3.415,6.45799945840901,16.0890236902166,0.209180149928896,-0.0397013997706441,58601.6916013761
0.3,CLASSICAL_LUT_COARSE,3.42,6.45799945840901,16.0891543595319,0.208981737363612,-0.0396636323689172,58601.9182057865
0.3,CLASSICAL_LUT_COARSE,3.425,6.45799945840901,16.0892849049171,0.208783513544982,-0.039625901102962,58602.1445933822
0.3,CLASSICAL_LUT_COARSE,3.43,6.45799945840901,16.0894153264901,0.208585478292415,-0.0395882059377861,58602.3707643733
0.3,CLASSICAL_LUT_COARSE,3.435,6.45799945840901,16.0895456243686,0.208387631425495,-0.0395505468384449,58602.5967189693
0.3,CLASSICAL_LUT_COARSE,3.44,6.45799945840901,16.0896757986703,0.208189972763981,-0.0395129237700385,58602.8224573798
0.3,CLASSICAL_LUT_COARSE,3.445,6.45799945840901,16.0898058495126,0.207992502127803,-0.0394753366976808,58603.0479798139
0.3,CLASSICAL_LUT_COARSE,3.45,6.45799945840901,16.089935777013,0.20779521933707,-0.0394377855865464,58603.2732864807
0.3,CLASSICAL_LUT_COARSE,3.455,6.45799945840901,16.0900655812887,0.207598124212061,-0.0394002704018295,58603.498377589
0.3,CLASSICAL_LUT_COARSE,3.46,6.45799945840901,16.0901952624569,0.207401216573233,-0.0393627911087631,58603.7232533474
0.3,CLASSICAL_LUT_COARSE,3.465,6.45799945840901,16.0903248206348,0.207204496241214,-0.0393253476726141,58603.9479139643
0.3,CLASSICAL_LUT_COARSE,3.47,6.45799945840901,16.0904542559393,0.207007963036805,-0.0392879400586938,58604.1723596478
0.3,CLASSICAL_LUT_COARSE,3.475,6.45799945840901,16.0905835684872,0.206811616780982,-0.0392505682323332,58604.396590606
0.3,CLASSICAL_LUT_COARSE,3.48,6.45799945840901,16.0907127583953,0.206615457294894,-0.0392132321589092,58604.6206070465
0.3,CLASSICAL_LUT_COARSE,3.485,6.45799945840901,16.0908418257802,0.206419484399864,-0.0391759318038289,58604.844409177
0.3,CLASSICAL_LUT_COARSE,3.49,6.45799945840901,16.0909707707584,0.206223697917384,-0.0391386671325353,58605.0679972048
0.3,CLASSICAL_LUT_COARSE,3.495,6.45799945840901,16.0910995934463,0.206028097669124,-0.0391014381105048,58605.291371337
0.3,CLASSICAL_LUT_COARSE,3.5,6.45799945840901,16.0912282939603,0.205832683476923,-0.0390642447032477,58605.5145317805
0.3,CLASSICAL_LUT_COARSE,3.505,6.45799945840901,16.0913568724165,0.205637455162792,-0.0390270868763078,58605.7374787422
0.3,CLASSICAL_LUT_COARSE,3.51,6.45799945840901,16.0914853289309,0.205442412548918,-0.0389899645952632,58605.9602124284
0.3,CLASSICAL_LUT_COARSE,3.515,6.45799945840901,16.0916136636197,0.205247555457655,-0.0389528778257269,58606.1827330456
0.3,CLASSICAL_LUT_COARSE,3.52,6.45799945840901,16.0917418765985,0.205052883711533,-0.0389158265333478,58606.4050407999
0.3,CLASSICAL_LUT_COARSE,3.525,6.45799945840901,16.0918699679832,0.204858397133251,-0.0388788106838085,58606.6271358971
0.3,CLASSICAL_LUT_COARSE,3.53,6.45799945840901,16.0919979378893,0.204664095545682,-0.0388418302428217,58606.8490185431
0.3,CLASSICAL_LUT_COARSE,3.535,6.45799945840901,16.0921257864325,0.204469978771867,-0.0388048851761411,58607.0706889432
0.3,CLASSICAL_LUT_COARSE,3.54,6.45799945840901,16.092253513728,0.204276046635022,-0.0387679754495398,58607.2921473028
0.3,CLASSICAL_LUT_COARSE,3.545,6.45799945840901,16.0923811198913,0.20408229895853,-0.0387311010288407,58607.513393827
0.3,CLASSICAL_LUT_COARSE,3.55,6.45799945840901,16.0925086050375,0.203888735565948,-0.0386942618798933,58607.7344287206
0.3,CLASSICAL_LUT_COARSE,3.555,6.45799945840901,16.0926359692817,0.203695356281003,-0.0386574579685881,58607.9552521885
0.3,CLASSICAL_LUT_COARSE,3.56,6.45799945840901,16.0927632127388,0.203502160927591,-0.0386206892608332,58608.175864435
0.3,CLASSICAL_LUT_COARSE,3.565,6.45799945840901,16.0928903355237,0.20330914932978,-0.0385839557225829,58608.3962656645
0.3,CLASSICAL_LUT_COARSE,3.57,6.45799945840901,16.0930173377512,0.203116321311807,-0.0385472573198271,58608.616456081
0.3,CLASSICAL_LUT_COARSE,3.575,6.45799945840901,16.0931442195359,0.20292367669808,-0.0385105940185806,58608.8364358885
0.3,CLASSICAL_LUT_COARSE,3.58,6.45799945840901,16.0932709809924,0.202731215313177,-0.0384739657848936,58609.0562052906
0.3,CLASSICAL_LUT_COARSE,3.585,6.45799945840901,16.093397622235,0.202538936981843,-0.0384373725848572,58609.2757644908
0.3,CLASSICAL_LUT_COARSE,3.59,6.45799945840901,16.093524143378,0.202346841528996,-0.0384008143845929,58609.4951136924
0.3,CLASSICAL_LUT_COARSE,3.595,6.45799945840901,16.0936505445358,0.202154928779722,-0.038364291150252,58609.7142530985
0.3,CLASSICAL_LUT_COARSE,3.6,6.45799945840901,16.0937768258223,0.201963198559275,-0.0383278028480127,58609.9331829119
0.3,CLASSICAL_LUT_COARSE,3.605,6.45799945840901,16.0939029873515,0.201771650693079,-0.0382913494441048,58610.1519033354
0.3,CLASSICAL_LUT_COARSE,3.61,6.45799945840901,16.0940290292374,0.201580285006728,-0.0382549309047775,58610.3704145713
0.3,CLASSICAL_LUT_COARSE,3.615,6.45799945840901,16.0941549515937,0.201389101325981,-0.0382185471963172,58610.5887168221
0.3,CLASSICAL_LUT_COARSE,3.62,6.45799945840901,16.094280754534,0.20119809947677,-0.0381821982850443,58610.8068102897
0.3,CLASSICAL_LUT_COARSE,3.625,6.45799945840901,16.094406438172,0.201007279285193,-0.0381458841373146,58611.0246951761
0.3,CLASSICAL_LUT_COARSE,3.63,6.45799945840901,16.0945320026209,0.200816640577515,-0.0381096047195122,58611.2423716829
0.3,CLASSICAL_LUT_COARSE,3.635,6.45799945840901,16.0946574479943,0.200626183180172,-0.0380733599980569,58611.4598400117
0.3,CLASSICAL_LUT_COARSE,3.64,6.45799945840901,16.0947827744053,0.200435906919764,-0.0380371499393952,58611.6771003636
0.3,CLASSICAL_LUT_COARSE,3.645,6.45799945840901,16.0949079819669,0.200245811623063,-0.0380009745100249,58611.8941529399
0.3,CLASSICAL_LUT_COARSE,3.65,6.45799945840901,16.0950330707923,0.200055897117006,-0.03796483367646,58612.1109979412
0.3,CLASSICAL_LUT_COARSE,3.655,6.45799945840901,16.0951580409943,0.199866163228696,-0.037928727405248,58612.3276355685
0.3,CLASSICAL_LUT_COARSE,3.66,6.45799945840901,16.0952828926858,0.199676609785406,-0.0378926556629775,58612.5440660221
0.3,CLASSICAL_LUT_COARSE,3.665,6.45799945840901,16.0954076259793,0.199487236614575,-0.037856618416269,58612.7602895024
0.3,CLASSICAL_LUT_COARSE,3.67,6.45799945840901,16.0955322409875,0.199298043543808,-0.0378206156317678,58612.9763062094
0.3,CLASSICAL_LUT_COARSE,3.675,6.45799945840901,16.0956567378229,0.199109030400877,-0.03778464727616,58613.192116343
0.3,CLASSICAL_LUT_COARSE,3.68,6.45799945840901,16.0957811165977,0.198920197013721,-0.0377487133161676,58613.407720103
0.3,CLASSICAL_LUT_COARSE,3.685,6.45799945840901,16.0959053774244,0.198731543210446,-0.037712813718537,58613.6231176888
0.3,CLASSICAL_LUT_COARSE,3.69,6.45799945840901,16.0960295204149,0.198543068819322,-0.0376769484500485,58613.8383092997
0.3,CLASSICAL_LUT_COARSE,3.695,6.45799945840901,16.0961535456814,0.198354773668787,-0.0376411174775164,58614.0532951349
0.3,CLASSICAL_LUT_COARSE,3.7,6.45799945840901,16.0962774533357,0.198166657587443,-0.037605320767792,58614.2680753933
0.3,CLASSICAL_LUT_COARSE,3.705,6.45799945840901,16.0964012434898,0.19797872040406,-0.0375695582877551,58614.4826502735
0.3,CLASSICAL_LUT_COARSE,3.71,6.45799945840901,16.0965249162553,0.197790961947572,-0.0375338300043229,58614.6970199741
0.3,CLASSICAL_LUT_COARSE,3.715,6.45799945840901,16.0966484717438,0.197603382047079,-0.0374981358844355,58614.9111846934
0.3,CLASSICAL_LUT_COARSE,3.72,6.45799945840901,16.0967719100669,0.197415980531845,-0.0374624758950741,58615.1251446296
0.3,CLASSICAL_LUT_COARSE,3.725,6.45799945840901,16.0968952313358,0.1972287572313,-0.03742685000325,58615.3388999805
0.3,CLASSICAL_LUT_COARSE,3.73,6.45799945840901,16.0970184356621,0.197041711975039,-0.0373912581760063,58615.552450944
0.3,CLASSICAL_LUT_COARSE,3.735,6.45799945840901,16.0971415231567,0.196854844592822,-0.0373557003804201,58615.7657977175
0.3,CLASSICAL_LUT_COARSE,3.74,6.45799945840901,16.0972644939309,0.196668154914572,-0.037320176583604,58615.9789404984
0.3,CLASSICAL_LUT_COARSE,3.745,6.45799945840901,16.0973873480955,0.196481642770377,-0.0372846867526917,58616.1918794838
0.3,CLASSICAL_LUT_COARSE,3.75,6.45799945840901,16.0975100857614,0.196295307990491,-0.0372492308548651,58616.4046148708
0.3,CLASSICAL_LUT_COARSE,3.755,6.45799945840901,16.0976327070395,0.196109150405329,-0.0372138088573273,58616.617146856
0.3,CLASSICAL_LUT_COARSE,3.76,6.45799945840901,16.0977552120403,0.195923169845473,-0.0371784207273098,58616.8294756361
0.3,CLASSICAL_LUT_COARSE,3.765,6.45799945840901,16.0978776008744,0.195737366141666,-0.0371430664320958,58617.0416014074
0.3,CLASSICAL_LUT_COARSE,3.77,6.45799945840901,16.0979998736522,0.195551739124816,-0.037107745938977,58617.2535243661
0.3,CLASSICAL_LUT_COARSE,3.775,6.45799945840901,16.0981220304841,0.195366288625995,-0.0370724592152953,58617.4652447082
0.3,CLASSICAL_LUT_COARSE,3.78,6.45799945840901,16.0982440714804,0.195181014476436,-0.0370372062284172,58617.6767626295
0.3,CLASSICAL_LUT_COARSE,3.785,6.45799945840901,16.0983659967511,0.194995916507538,-0.0370019869457412,58617.8880783255
0.3,CLASSICAL_LUT_COARSE,3.79,6.45799945840901,16.0984878064062,0.194810994550861,-0.0369668013347049,58618.0991919918
0.3,CLASSICAL_LUT_COARSE,3.795,6.45799945840901,16.0986095005558,0.194626248438127,-0.0369316493627654,58618.3101038234
0.3,CLASSICAL_LUT_COARSE,3.8,6.45799945840901,16.0987310793095,0.194441678001223,-0.0368965309974243,58618.5208140155
0.3,CLASSICAL_LUT_COARSE,3.805,6.45799945840901,16.0988525427772,0.194257283072197,-0.0368614462062045,58618.7313227628
0.3,CLASSICAL_LUT_COARSE,3.81,6.45799945840901,16.0989738910683,0.194073063483259,-0.0368263949566678,58618.94163026
0.3,CLASSICAL_LUT_COARSE,3.815,6.45799945840901,16.0990951242925,0.193889019066783,-0.0367913772164083,58619.1517367015
0.3,CLASSICAL_LUT_COARSE,3.82,6.45799945840901,16.0992162425591,0.193705149655302,-0.0367563929530466,58619.3616422817
0.3,CLASSICAL_LUT_COARSE,3.825,6.45799945840901,16.0993372459773,0.193521455081512,-0.0367214421342457,58619.5713471945
0.3,CLASSICAL_LUT_COARSE,3.83,6.45799945840901,16.0994581346564,0.193337935178273,-0.0366865247276866,58619.7808516339
0.3,CLASSICAL_LUT_COARSE,3.835,6.45799945840901,16.0995789087055,0.193154589778603,-0.0366516407010966,58619.9901557934
0.3,CLASSICAL_LUT_COARSE,3.84,6.45799945840901,16.0996995682335,0.192971418715684,-0.036616790022217,58620.1992598667
0.3,CLASSICAL_LUT_COARSE,3.845,6.45799945840901,16.0998201133493,0.192788421822856,-0.0365819726588406,58620.408164047
0.3,CLASSICAL_LUT_COARSE,3.85,6.45799945840901,16.0999405441616,0.192605598933624,-0.036547188578778,58620.6168685273
0.3,CLASSICAL_LUT_COARSE,3.855,6.45799945840901,16.1000608607792,0.192422949881651,-0.0365124377498791,58620.8253735007
0.3,CLASSICAL_LUT_COARSE,3.86,6.45799945840901,16.1001810633106,0.192240474500762,-0.0364777201400219,58621.0336791599
0.3,CLASSICAL_LUT_COARSE,3.865,6.45799945840901,16.1003011518642,0.19205817262494,-0.036443035717113,58621.2417856973
0.3,CLASSICAL_LUT_COARSE,3.87,6.45799945840901,16.1004211265484,0.191876044088333,-0.0364083844490999,58621.4496933054
0.3,CLASSICAL_LUT_COARSE,3.875,6.45799945840901,16.1005409874715,0.191694088725246,-0.0363737663039565,58621.6574021763
0.3,CLASSICAL_LUT_COARSE,3.88,6.45799945840901,16.1006607347416,0.191512306370143,-0.0363391812496836,58621.8649125019
0.3,CLASSICAL_LUT_COARSE,3.885,6.45799945840901,16.1007803684666,0.191330696857652,-0.0363046292543157,58622.0722244741
0.3,CLASSICAL_LUT_COARSE,3.89,6.45799945840901,16.1008998887547,0.191149260022556,-0.0362701102859297,58622.2793382844
0.3,CLASSICAL_LUT_COARSE,3.895,6.45799945840901,16.1010192957136,0.190967995699802,-0.0362356243126172,58622.4862541243
0.3,CLASSICAL_LUT_COARSE,3.9,6.45799945840901,16.101138589451,0.190786903724493,-0.0362011713025172,58622.6929721849
0.3,CLASSICAL_LUT_COARSE,3.905,6.45799945840901,16.1012577700746,0.190605983931892,-0.0361667512237851,58622.8994926573
0.3,CLASSICAL_LUT_COARSE,3.91,6.45799945840901,16.1013768376918,0.190425236157423,-0.0361323640446169,58623.1058157323
0.3,CLASSICAL_LUT_COARSE,3.915,6.45799945840901,16.1014957924102,0.190244660236667,-0.0360980097332408,58623.3119416006
0.3,CLASSICAL_LUT_COARSE,3.92,6.45799945840901,16.1016146343371,0.190064256005365,-0.0360636882579097,58623.5178704525
0.3,CLASSICAL_LUT_COARSE,3.925,6.45799945840901,16.1017333635796,0.189884023299416,-0.0360293995869139,58623.7236024785
0.3,CLASSICAL_LUT_COARSE,3.93,6.45799945840901,16.1018519802448,0.189703961954876,-0.0359951436885702,58623.9291378686
0.3,CLASSICAL_LUT_COARSE,3.935,6.45799945840901,16.1019704844399,0.189524071807963,-0.035960920531231,58624.1344768126
0.3,CLASSICAL_LUT_COARSE,3.94,6.45799945840901,16.1020888762717,0.189344352695049,-0.0359267300832773,58624.3396195003
0.3,CLASSICAL_LUT_COARSE,3.945,6.45799945840901,16.102207155847,0.189164804452668,-0.0358925723131236,58624.5445661213
0.3,CLASSICAL_LUT_COARSE,3.95,6.45799945840901,16.1023253232725,0.188985426917509,-0.0358584471892094,58624.7493168647
0.3,CLASSICAL_LUT_COARSE,3.955,6.45799945840901,16.1024433786548,0.188806219926419,-0.0358243546800132,58624.9538719199
0.3,CLASSICAL_LUT_COARSE,3.96,6.45799945840901,16.1025613221005,0.188627183316404,-0.0357902947540421,58625.1582314757
0.3,CLASSICAL_LUT_COARSE,3.965,6.45799945840901,16.1026791537159,0.188448316924627,-0.0357562673798242,58625.3623957211
0.3,CLASSICAL_LUT_COARSE,3.97,6.45799945840901,16.1027968736073,0.188269620588406,-0.0357222725259376,58625.5663648444
0.3,CLASSICAL_LUT_COARSE,3.975,6.45799945840901,16.102914481881,0.18809109414522,-0.0356883101609764,58625.7701390341
0.3,CLASSICAL_LUT_COARSE,3.98,6.45799945840901,16.103031978643,0.187912737432702,-0.0356543802535718,58625.9737184786
0.3,CLASSICAL_LUT_COARSE,3.985,6.45799945840901,16.1031493639994,0.187734550288642,-0.0356204827723854,58626.1771033657
0.3,CLASSICAL_LUT_COARSE,3.99,6.45799945840901,16.1032666380559,0.187556532550987,-0.0355866176861088,58626.3802938833
0.3,CLASSICAL_LUT_COARSE,3.995,6.45799945840901,16.1033838009185,0.187378684057842,-0.0355527849634623,58626.5832902192
0.3,CLASSICAL_LUT_COARSE,4,6.45799945840901,16.1035008526928,0.187201004647467,-0.0355189845731996,58626.7860925608
0.3,CLASSICAL_LUT_FINE,0,6.45799945840901,16.226991584938,0,1.77635683940025e-15,58839.9
0.3,CLASSICAL_LUT_FINE,0.005,6.45799945840901,16.226991584938,8.88178419700125e-18,1.77635683940025e-15,58839.9
0.3,CLASSICAL_LUT_FINE,0.01,6.45799945840901,16.226991584938,1.77635683940025e-17,1.77635683940025e-15,58839.9
0.3,CLASSICAL_LUT_FINE,0.015,6.45799945840901,16.226991584938,2.66453525910038e-17,1.77635683940025e-15,58839.9
0.3,CLASSICAL_LUT_FINE,0.02,6.45799945840901,16.226991584938,3.5527136788005e-17,1.77635683940025e-15,58839.9
0.3,CLASSICAL_LUT_FINE,0.025,6.45799945840901,16.226991584938,4.44089209850063e-17,1.77635683940025e-15,58839.9
0.3,CLASSICAL_LUT_FINE,0.03,6.45799945840901,16.226991584938,5.32907051820075e-17,1.77635683940025e-15,58839.9
0.3,CLASSICAL_LUT_FINE,0.035,6.45799945840901,16.226991584938,6.21724893790088e-17,1.77635683940025e-15,58839.9
0.3,CLASSICAL_LUT_FINE,0.04,6.45799945840901,16.226991584938,7.105427357601e-17,1.77635683940025e-15,58839.9
0.3,CLASSICAL_LUT_FINE,0.045,6.45799945840901,16.226991584938,7.99360577730113e-17,1.77635683940025e-15,58839.9
0.3,CLASSICAL_LUT_FINE,0.05,6.45799945840901,16.226991584938,8.88178419700125e-17,1.77635683940025e-15,58839.9
0.3,CLASSICAL_LUT_FINE,0.055,6.45799945840901,16.226991584938,9.76996261670138e-17,1.77635683940025e-15,58839.9
0.3,CLASSICAL_LUT_FINE,0.06,6.45799945840901,16.226991584938,1.06581410364015e-16,1.77635683940025e-15,58839.9
0.3,CLASSICAL_LUT_FINE,0.065,6.45799945840901,16.226991584938,1.15463194561016e-16,1.77635683940025e-15,58839.9
0.3,CLASSICAL_LUT_FINE,0.07,6.45799945840901,16.226991584938,1.24344978758018e-16,1.77635683940025e-15,58839.9
0.3,CLASSICAL_LUT_FINE,0.075,6.45799945840901,16.226991584938,1.33226762955019e-16,1.77635683940025e-15,58839.9
0.3,CLASSICAL_LUT_FINE,0.08,6.45799945840901,16.226991584938,1.4210854715202e-16,1.77635683940025e-15,58839.9
0.3,CLASSICAL_LUT_FINE,0.085,6.45799945840901,16.226991584938,1.50990331349021e-16,1.77635683940025e-15,58839.9
0.3,CLASSICAL_LUT_FINE,0.09,6.45799945840901,16.226991584938,1.59872115546023e-16,1.77635683940025e-15,58839.9
0.3,CLASSICAL_LUT_FINE,0.095,6.45799945840901,16.226991584938,1.68753899743024e-16,1.77635683940025e-15,58839.9
0.3,CLASSICAL_LUT_FINE,0.1,6.45799945840901,16.226991584938,1.77635683940025e-16,1.77635683940025e-15,58839.9
0.3,CLASSICAL_LUT_FINE,0.105,6.45799945840901,16.226991584938,1.86517468137026e-16,1.77635683940025e-15,58839.9
0.3,CLASSICAL_LUT_FINE,0.11,6.45799945840901,16.226991584938,1.95399252334028e-16,1.77635683940025e-15,58839.9
0.3,CLASSICAL_LUT_FINE,0.115,6.45799945840901,16.226991584938,2.04281036531029e-16,1.77635683940025e-15,58839.9
0.3,CLASSICAL_LUT_FINE,0.12,6.45799945840901,16.226991584938,2.1316282072803e-16,1.77635683940025e-15,58839.9
0.3,CLASSICAL_LUT_FINE,0.125,6.45799945840901,16.226991584938,2.22044604925031e-16,1.77635683940025e-15,58839.9
0.3,CLASSICAL_LUT_FINE,0.13,6.45799945840901,16.226991584938,2.30926389122033e-16,1.77635683940025e-15,58839.9
0.3,CLASSICAL_LUT_FINE,0.135,6.45799945840901,16.226991584938,2.39808173319034e-16,1.77635683940025e-15,58839.9
0.3,CLASSICAL_LUT_FINE,0.14,6.45799945840901,16.226991584938,2.48689957516035e-16,1.77635683940025e-15,58839.9
0.3,CLASSICAL_LUT_FINE,0.145,6.45799945840901,16.226991584938,2.57571741713036e-16,1.77635683940025e-15,58839.9
0.3,CLASSICAL_LUT_FINE,0.15,6.45799945840901,16.226991584938,2.66453525910038e-16,1.77635683940025e-15,58839.9
0.3,CLASSICAL_LUT_FINE,0.155,6.45799945840901,16.226991584938,2.75335310107039e-16,1.77635683940025e-15,58839.9
0.3,CLASSICAL_LUT_FINE,0.16,6.45799945840901,16.226991584938,2.8421709430404e-16,1.77635683940025e-15,58839.9
0.3,CLASSICAL_LUT_FINE,0.165,6.45799945840901,16.226991584938,2.93098878501041e-16,1.77635683940025e-15,58839.9
0.3,CLASSICAL_LUT_FINE,0.17,6.45799945840901,16.226991584938,3.01980662698043e-16,1.77635683940025e-15,58839.9
0.3,CLASSICAL_LUT_FINE,0.175,6.45799945840901,16.226991584938,3.10862446895044e-16,1.77635683940025e-15,58839.9
0.3,CLASSICAL_LUT_FINE,0.18,6.45799945840901,16.226991584938,3.19744231092045e-16,1.77635683940025e-15,58839.9
0.3,CLASSICAL_LUT_FINE,0.185,6.45799945840901,16.226991584938,3.28626015289046e-16,1.77635683940025e-15,58839.9
0.3,CLASSICAL_LUT_FINE,0.19,6.45799945840901,16.226991584938,3.37507799486048e-16,1.77635683940025e-15,58839.9
0.3,CLASSICAL_LUT_FINE,0.195,6.45799945840901,16.226991584938,3.46389583683049e-16,1.77635683940025e-15,58839.9
0.3,CLASSICAL_LUT_FINE,0.2,6.45799945840901,16.226991584938,3.5527136788005e-16,1.77635683940025e-15,58839.9
0.3,CLASSICAL_LUT_FINE,0.205,6.45799945840901,16.226991584938,3.64153152077051e-16,1.77635683940025e-15,58839.9
0.3,CLASSICAL_LUT_FINE,0.21,6.45799945840901,16.226991584938,3.73034936274053e-16,1.77635683940025e-15,58839.9
0.3,CLASSICAL_LUT_FINE,0.215,6.45799945840901,16.226991584938,3.81916720471054e-16,1.77635683940025e-15,58839.9
0.3,CLASSICAL_LUT_FINE,0.22,6.45799945840901,16.226991584938,3.90798504668055e-16,1.77635683940025e-15,58839.9
0.3,CLASSICAL_LUT_FINE,0.225,6.45799945840901,16.226991584938,3.99680288865056e-16,1.77635683940025e-15,58839.9
0.3,CLASSICAL_LUT_FINE,0.23,6.45799945840901,16.226991584938,4.08562073062058e-16,1.77635683940025e-15,58839.9
0.3,CLASSICAL_LUT_FINE,0.235,6.45799945840901,16.226991584938,4.17443857259059e-16,1.77635683940025e-15,58839.9
0.3,CLASSICAL_LUT_FINE,0.24,6.45799945840901,16.226991584938,4.2632564145606e-16,1.77635683940025e-15,58839.9
0.3,CLASSICAL_LUT_FINE,0.245,6.45799945840901,16.226991584938,4.35207425653061e-16,1.77635683940025e-15,58839.9
0.3,CLASSICAL_LUT_FINE,0.25,6.45799945840901,16.226991584938,4.44089209850063e-16,1.77635683940025e-15,58839.9
0.3,CLASSICAL_LUT_FINE,0.255,6.45799945840901,16.226991584938,4.52970994047064e-16,1.77635683940025e-15,58839.9
0.3,CLASSICAL_LUT_FINE,0.26,6.45799945840901,16.226991584938,4.61852778244065e-16,1.77635683940025e-15,58839.9
0.3,CLASSICAL_LUT_FINE,0.265,6.45799945840901,16.226991584938,4.70734562441066e-16,1.77635683940025e-15,58839.9
0.3,CLASSICAL_LUT_FINE,0.27,6.45799945840901,16.226991584938,4.79616346638068e-16,1.77635683940025e-15,58839.9
0.3,CLASSICAL_LUT_FINE,0.275,6.45799945840901,16.226991584938,4.88498130835069e-16,1.77635683940025e-15,58839.9
0.3,CLASSICAL_LUT_FINE,0.28,6.45799945840901,16.226991584938,4.9737991503207e-16,1.77635683940025e-15,58839.9
0.3,CLASSICAL_LUT_FINE,0.285,6.45799945840901,16.226991584938,5.06261699229071e-16,1.77635683940025e-15,58839.9
0.3,CLASSICAL_LUT_FINE,0.29,6.45799945840901,16.226991584938,5.15143483426073e-16,1.77635683940025e-15,58839.9
0.3,CLASSICAL_LUT_FINE,0.295,6.45799945840901,16.226991584938,5.24025267623074e-16,1.77635683940025e-15,58839.9
0.3,CLASSICAL_LUT_FINE,0.3,6.45799945840901,16.226991584938,5.32907051820075e-16,1.77635683940025e-15,58839.9
0.3,CLASSICAL_LUT_FINE,0.305,6.45799945840901,16.226991584938,5.41788836017076e-16,1.77635683940025e-15,58839.9
0.3,CLASSICAL_LUT_FINE,0.31,6.45799945840901,16.226991584938,5.50670620214078e-16,1.77635683940025e-15,58839.9
0.3,CLASSICAL_LUT_FINE,0.315,6.45799945840901,16.226991584938,5.59552404411079e-16,1.77635683940025e-15,58839.9
0.3,CLASSICAL_LUT_FINE,0.32,6.45799945840901,16.226991584938,5.6843418860808e-16,1.77635683940025e-15,58839.9
0.3,CLASSICAL_LUT_FINE,0.325,6.45799945840901,16.226991584938,5.77315972805081e-16,1.77635683940025e-15,58839.9
0.3,CLASSICAL_LUT_FINE,0.33,6.45799945840901,16.226991584938,5.86197757002083e-16,1.77635683940025e-15,58839.9
0.3,CLASSICAL_LUT_FINE,0.335,6.45799945840901,16.226991584938,5.95079541199084e-16,1.77635683940025e-15,58839.9
0.3,CLASSICAL_LUT_FINE,0.34,6.45799945840901,16.226991584938,6.03961325396085e-16,1.77635683940025e-15,58839.9
0.3,CLASSICAL_LUT_FINE,0.345,6.45799945840901,16.226991584938,6.12843109593086e-16,1.77635683940025e-15,58839.9
0.3,CLASSICAL_LUT_FINE,0.35,6.45799945840901,16.226991584938,6.21724893790088e-16,1.77635683940025e-15,58839.9
0.3,CLASSICAL_LUT_FINE,0.355,6.45799945840901,16.226991584938,6.30606677987089e-16,1.77635683940025e-15,58839.9
0.3,CLASSICAL_LUT_FINE,0.36,6.45799945840901,16.226991584938,6.3948846218409e-16,1.77635683940025e-15,58839.9
0.3,CLASSICAL_LUT_FINE,0.365,6.45799945840901,16.226991584938,6.48370246381091e-16,1.77635683940025e-15,58839.9
0.3,CLASSICAL_LUT_FINE,0.37,6.45799945840901,16.226991584938,6.57252030578093e-16,1.77635683940025e-15,58839.9
0.3,CLASSICAL_LUT_FINE,0.375,6.45799945840901,16.226991584938,6.66133814775094e-16,1.77635683940025e-15,58839.9
0.3,CLASSICAL_LUT_FINE,0.38,6.45799945840901,16.226991584938,6.75015598972095e-16,1.77635683940025e-15,58839.9
0.3,CLASSICAL_LUT_FINE,0.385,6.45799945840901,16.226991584938,6.83897383169096e-16,1.77635683940025e-15,58839.9
0.3,CLASSICAL_LUT_FINE,0.39,6.45799945840901,16.226991584938,6.92779167366098e-16,1.77635683940025e-15,58839.9
0.3,CLASSICAL_LUT_FINE,0.395,6.45799945840901,16.226991584938,7.01660951563099e-16,1.77635683940025e-15,58839.9
0.3,CLASSICAL_LUT_FINE,0.4,6.45799945840901,16.226991584938,7.105427357601e-16,1.77635683940025e-15,58839.9
0.3,CLASSICAL_LUT_FINE,0.405,6.45799945840901,16.226991584938,7.19424519957101e-16,1.77635683940025e-15,58839.9
0.3,CLASSICAL_LUT_FINE,0.41,6.45799945840901,16.226991584938,7.28306304154103e-16,1.77635683940025e-15,58839.9
0.3,CLASSICAL_LUT_FINE,0.415,6.45799945840901,16.226991584938,7.37188088351104e-16,1.77635683940025e-15,58839.9
0.3,CLASSICAL_LUT_FINE,0.42,6.45799945840901,16.226991584938,7.46069872548105e-16,1.77635683940025e-15,58839.9
0.3,CLASSICAL_LUT_FINE,0.425,6.45799945840901,16.226991584938,7.54951656745106e-16,1.77635683940025e-15,58839.9
0.3,CLASSICAL_LUT_FINE,0.43,6.45799945840901,16.226991584938,7.63833440942108e-16,1.77635683940025e-15,58839.9
0.3,CLASSICAL_LUT_FINE,0.435,6.45799945840901,16.226991584938,7.72715225139109e-16,1.77635683940025e-15,58839.9
0.3,CLASSICAL_LUT_FINE,0.44,6.45799945840901,16.226991584938,7.8159700933611e-16,1.77635683940025e-15,58839.9
0.3,CLASSICAL_LUT_FINE,0.445,6.45799945840901,16.226991584938,7.90478793533111e-16,1.77635683940025e-15,58839.9
0.3,CLASSICAL_LUT_FINE,0.45,6.45799945840901,16.226991584938,7.99360577730113e-16,1.77635683940025e-15,58839.9
0.3,CLASSICAL_LUT_FINE,0.455,6.45799945840901,16.226991584938,8.08242361927114e-16,1.77635683940025e-15,58839.9
0.3,CLASSICAL_LUT_FINE,0.46,6.45799945840901,16.226991584938,8.17124146124115e-16,1.77635683940025e-15,58839.9
0.3,CLASSICAL_LUT_FINE,0.465,6.45799945840901,16.226991584938,8.26005930321117e-16,1.77635683940025e-15,58839.9
0.3,CLASSICAL_LUT_FINE,0.47,6.45799945840901,16.226991584938,8.34887714518118e-16,1.77635683940025e-15,58839.9
0.3,CLASSICAL_LUT_FINE,0.475,6.45799945840901,16.226991584938,8.43769498715119e-16,1.77635683940025e-15,58839.9
0.3,CLASSICAL_LUT_FINE,0.48,6.45799945840901,16.226991584938,8.5265128291212e-16,1.77635683940025e-15,58839.9
0.3,CLASSICAL_LUT_FINE,0.485,6.45799945840901,16.226991584938,8.61533067109121e-16,1.77635683940025e-15,58839.9
0.3,CLASSICAL_LUT_FINE,0.49,6.45799945840901,16.226991584938,8.70414851306123e-16,1.77635683940025e-15,58839.9
0.3,CLASSICAL_LUT_FINE,0.495,6.45799945840901,16.226991584938,8.79296635503124e-16,1.77635683940025e-15,58839.9
0.3,CLASSICAL_LUT_FINE,0.5,6.45799945840901,16.226991584938,8.88178419700125e-16,1.77635683940025e-15,58839.9
0.3,CLASSICAL_LUT_FINE,0.505,6.45799945840901,16.226991584938,8.97060203897126e-16,1.77635683940025e-15,58839.9
0.3,CLASSICAL_LUT_FINE,0.51,6.45799945840901,16.226991584938,9.05941988094128e-16,1.77635683940025e-15,58839.9
0.3,CLASSICAL_LUT_FINE,0.515,6.45799945840901,16.226991584938,9.14823772291129e-16,1.77635683940025e-15,58839.9
0.3,CLASSICAL_LUT_FINE,0.52,6.45799945840901,16.226991584938,9.2370555648813e-16,1.77635683940025e-15,58839.9
0.3,CLASSICAL_LUT_FINE,0.525,6.45799945840901,16.226991584938,9.32587340685132e-16,1.77635683940025e-15,58839.9
0.3,CLASSICAL_LUT_FINE,0.53,6.45799945840901,16.226991584938,9.41469124882133e-16,1.77635683940025e-15,58839.9
0.3,CLASSICAL_LUT_FINE,0.535,6.45799945840901,16.226991584938,9.50350909079134e-16,1.77635683940025e-15,58839.9
0.3,CLASSICAL_LUT_FINE,0.54,6.45799945840901,16.226991584938,9.59232693276135e-16,1.77635683940025e-15,58839.9
0.3,CLASSICAL_LUT_FINE,0.545,6.45799945840901,16.226991584938,9.68114477473137e-16,1.77635683940025e-15,58839.9
0.3,CLASSICAL_LUT_FINE,0.55,6.45799945840901,16.226991584938,9.76996261670138e-16,1.77635683940025e-15,58839.9
0.3,CLASSICAL_LUT_FINE,0.555,6.45799945840901,16.226991584938,9.85878045867139e-16,1.77635683940025e-15,58839.9
0.3,CLASSICAL_LUT_FINE,0.56,6.45799945840901,16.226991584938,9.9475983006414e-16,1.77635683940025e-15,58839.9
0.3,CLASSICAL_LUT_FINE,0.565,6.45799945840901,16.226991584938,1.00364161426114e-15,1.77635683940025e-15,58839.9
0.3,CLASSICAL_LUT_FINE,0.57,6.45799945840901,16.226991584938,1.01252339845814e-15,1.77635683940025e-15,58839.9
0.3,CLASSICAL_LUT_FINE,0.575,6.45799945840901,16.226991584938,1.02140518265514e-15,1.77635683940025e-15,58839.9
0.3,CLASSICAL_LUT_FINE,0.58,6.45799945840901,16.226991584938,1.03028696685215e-15,1.77635683940025e-15,58839.9
0.3,CLASSICAL_LUT_FINE,0.585,6.45799945840901,16.226991584938,1.03916875104915e-15,1.77635683940025e-15,58839.9
0.3,CLASSICAL_LUT_FINE,0.59,6.45799945840901,16.226991584938,1.04805053524615e-15,1.77635683940025e-15,58839.9
0.3,CLASSICAL_LUT_FINE,0.595,6.45799945840901,16.226991584938,1.05693231944315e-15,1.77635683940025e-15,58839.9
0.3,CLASSICAL_LUT_FINE,0.6,6.45799945840901,16.226991584938,1.06581410364015e-15,1.77635683940025e-15,58839.9
0.3,CLASSICAL_LUT_FINE,0.605,6.45799945840901,16.226991584938,1.07469588783715e-15,1.77635683940025e-15,58839.9
0.3,CLASSICAL_LUT_FINE,0.61,6.45799945840901,16.226991584938,1.08357767203415e-15,1.77635683940025e-15,58839.9
0.3,CLASSICAL_LUT_FINE,0.615,6.45799945840901,16.226991584938,1.09245945623115e-15,1.77635683940025e-15,58839.9
0.3,CLASSICAL_LUT_FINE,0.62,6.45799945840901,16.226991584938,1.10134124042816e-15,1.77635683940025e-15,58839.9
0.3,CLASSICAL_LUT_FINE,0.625,6.45799945840901,16.226991584938,1.11022302462516e-15,1.77635683940025e-15,58839.9
0.3,CLASSICAL_LUT_FINE,0.63,6.45799945840901,16.226991584938,1.11910480882216e-15,1.77635683940025e-15,58839.9
0.3,CLASSICAL_LUT_FINE,0.635,6.45799945840901,16.226991584938,1.12798659301916e-15,1.77635683940025e-15,58839.9
0.3,CLASSICAL_LUT_FINE,0.64,6.45799945840901,16.226991584938,1.13686837721616e-15,1.77635683940025e-15,58839.9
0.3,CLASSICAL_LUT_FINE,0.645,6.45799945840901,16.226991584938,1.14575016141316e-15,1.77635683940025e-15,58839.9
0.3,CLASSICAL_LUT_FINE,0.65,6.45799945840901,16.226991584938,1.15463194561016e-15,1.77635683940025e-15,58839.9
0.3,CLASSICAL_LUT_FINE,0.655,6.45799945840901,16.226991584938,1.16351372980716e-15,1.77635683940025e-15,58839.9
0.3,CLASSICAL_LUT_FINE,0.66,6.45799945840901,16.226991584938,1.17239551400417e-15,1.77635683940025e-15,58839.9
0.3,CLASSICAL_LUT_FINE,0.665,6.45799945840901,16.226991584938,1.18127729820117e-15,1.77635683940025e-15,58839.9
0.3,CLASSICAL_LUT_FINE,0.67,6.45799945840901,16.226991584938,1.19015908239817e-15,1.77635683940025e-15,58839.9
0.3,CLASSICAL_LUT_FINE,0.675,6.45799945840901,16.226991584938,1.19904086659517e-15,1.77635683940025e-15,58839.9
0.3,CLASSICAL_LUT_FINE,0.68,6.45799945840901,16.226991584938,1.20792265079217e-15,1.77635683940025e-15,58839.9
0.3,CLASSICAL_LUT_FINE,0.685,6.45799945840901,16.226991584938,1.21680443498917e-15,1.77635683940025e-15,58839.9
0.3,CLASSICAL_LUT_FINE,0.69,6.45799945840901,16.226991584938,1.22568621918617e-15,1.77635683940025e-15,58839.9
0.3,CLASSICAL_LUT_FINE,0.695,6.45799945840901,16.226991584938,1.23456800338317e-15,1.77635683940025e-15,58839.9
0.3,CLASSICAL_LUT_FINE,0.7,6.45799945840901,16.226991584938,1.24344978758018e-15,1.77635683940025e-15,58839.9
0.3,CLASSICAL_LUT_FINE,0.705,6.45799945840901,16.226991584938,1.25233157177718e-15,1.77635683940025e-15,58839.9
0.3,CLASSICAL_LUT_FINE,0.71,6.45799945840901,16.226991584938,1.26121335597418e-15,1.77635683940025e-15,58839.9
0.3,CLASSICAL_LUT_FINE,0.715,6.45799945840901,16.226991584938,1.27009514017118e-15,1.77635683940025e-15,58839.9
0.3,CLASSICAL_LUT_FINE,0.72,6.45799945840901,16.226991584938,1.27897692436818e-15,1.77635683940025e-15,58839.9
0.3,CLASSICAL_LUT_FINE,0.725,6.45799945840901,16.226991584938,1.28785870856518e-15,1.77635683940025e-15,58839.9
0.3,CLASSICAL_LUT_FINE,0.73,6.45799945840901,16.226991584938,1.29674049276218e-15,1.77635683940025e-15,58839.9
0.3,CLASSICAL_LUT_FINE,0.735,6.45799945840901,16.226991584938,1.30562227695918e-15,1.77635683940025e-15,58839.9
0.3,CLASSICAL_LUT_FINE,0.74,6.45799945840901,16.226991584938,1.31450406115619e-15,1.77635683940025e-15,58839.9
0.3,CLASSICAL_LUT_FINE,0.745,6.45799945840901,16.226991584938,1.32338584535319e-15,1.77635683940025e-15,58839.9
0.3,CLASSICAL_LUT_FINE,0.75,6.45799945840901,16.226991584938,1.33226762955019e-15,1.77635683940025e-15,58839.9
0.3,CLASSICAL_LUT_FINE,0.755,6.45799945840901,16.226991584938,1.34114941374719e-15,1.77635683940025e-15,58839.9
0.3,CLASSICAL_LUT_FINE,0.76,6.45799945840901,16.226991584938,1.35003119794419e-15,1.77635683940025e-15,58839.9
0.3,CLASSICAL_LUT_FINE,0.765,6.45799945840901,16.226991584938,1.35891298214119e-15,1.77635683940025e-15,58839.9
0.3,CLASSICAL_LUT_FINE,0.77,6.45799945840901,16.226991584938,1.36779476633819e-15,1.77635683940025e-15,58839.9
0.3,CLASSICAL_LUT_FINE,0.775,6.45799945840901,16.226991584938,1.37667655053519e-15,1.77635683940025e-15,58839.9
0.3,CLASSICAL_LUT_FINE,0.78,6.45799945840901,16.226991584938,1.3855583347322e-15,1.77635683940025e-15,58839.9
0.3,CLASSICAL_LUT_FINE,0.785,6.45799945840901,16.226991584938,1.3944401189292e-15,1.77635683940025e-15,58839.9
0.3,CLASSICAL_LUT_FINE,0.79,6.45799945840901,16.226991584938,1.4033219031262e-15,1.77635683940025e-15,58839.9
0.3,CLASSICAL_LUT_FINE,0.795,6.45799945840901,16.226991584938,1.4122036873232e-15,1.77635683940025e-15,58839.9
0.3,CLASSICAL_LUT_FINE,0.8,6.45799945840901,16.226991584938,1.4210854715202e-15,1.77635683940025e-15,58839.9
0.3,CLASSICAL_LUT_FINE,0.805,6.45799945840901,16.226991584938,1.4299672557172e-15,1.77635683940025e-15,58839.9
0.3,CLASSICAL_LUT_FINE,0.81,6.45799945840901,16.226991584938,1.4388490399142e-15,1.77635683940025e-15,58839.9
0.3,CLASSICAL_LUT_FINE,0.815,6.45799945840901,16.226991584938,1.4477308241112e-15,1.77635683940025e-15,58839.9
0.3,CLASSICAL_LUT_FINE,0.82,6.45799945840901,16.226991584938,1.45661260830821e-15,1.77635683940025e-15,58839.9
0.3,CLASSICAL_LUT_FINE,0.825,6.45799945840901,16.226991584938,1.46549439250521e-15,1.77635683940025e-15,58839.9
0.3,CLASSICAL_LUT_FINE,0.83,6.45799945840901,16.226991584938,1.47437617670221e-15,1.77635683940025e-15,58839.9
0.3,CLASSICAL_LUT_FINE,0.835,6.45799945840901,16.226991584938,1.48325796089921e-15,1.77635683940025e-15,58839.9
0.3,CLASSICAL_LUT_FINE,0.84,6.45799945840901,16.226991584938,1.49213974509621e-15,1.77635683940025e-15,58839.9
0.3,CLASSICAL_LUT_FINE,0.845,6.45799945840901,16.226991584938,1.50102152929321e-15,1.77635683940025e-15,58839.9
0.3,CLASSICAL_LUT_FINE,0.85,6.45799945840901,16.226991584938,1.50990331349021e-15,1.77635683940025e-15,58839.9
0.3,CLASSICAL_LUT_FINE,0.855,6.45799945840901,16.226991584938,1.51878509768721e-15,1.77635683940025e-15,58839.9
0.3,CLASSICAL_LUT_FINE,0.86,6.45799945840901,16.226991584938,1.52766688188422e-15,1.77635683940025e-15,58839.9
0.3,CLASSICAL_LUT_FINE,0.865,6.45799945840901,16.226991584938,1.53654866608122e-15,1.77635683940025e-15,58839.9
0.3,CLASSICAL_LUT_FINE,0.87,6.45799945840901,16.226991584938,1.54543045027822e-15,1.77635683940025e-15,58839.9
0.3,CLASSICAL_LUT_FINE,0.875,6.45799945840901,16.226991584938,1.55431223447522e-15,1.77635683940025e-15,58839.9
0.3,CLASSICAL_LUT_FINE,0.88,6.45799945840901,16.226991584938,1.56319401867222e-15,1.77635683940025e-15,58839.9
0.3,CLASSICAL_LUT_FINE,0.885,6.45799945840901,16.226991584938,1.57207580286922e-15,1.77635683940025e-15,58839.9
0.3,CLASSICAL_LUT_FINE,0.89,6.45799945840901,16.226991584938,1.58095758706622e-15,1.77635683940025e-15,58839.9
0.3,CLASSICAL_LUT_FINE,0.895,6.45799945840901,16.226991584938,1.58983937126322e-15,1.77635683940025e-15,58839.9
0.3,CLASSICAL_LUT_FINE,0.9,6.45799945840901,16.226991584938,1.59872115546023e-15,1.77635683940025e-15,58839.9
0.3,CLASSICAL_LUT_FINE,0.905,6.45799945840901,16.226991584938,1.60760293965723e-15,1.77635683940025e-15,58839.9
0.3,CLASSICAL_LUT_FINE,0.91,6.45799945840901,16.226991584938,1.61648472385423e-15,1.77635683940025e-15,58839.9
0.3,CLASSICAL_LUT_FINE,0.915,6.45799945840901,16.226991584938,1.62536650805123e-15,1.77635683940025e-15,58839.9
0.3,CLASSICAL_LUT_FINE,0.92,6.45799945840901,16.226991584938,1.63424829224823e-15,1.77635683940025e-15,58839.9
0.3,CLASSICAL_LUT_FINE,0.925,6.45799945840901,16.226991584938,1.64313007644523e-15,1.77635683940025e-15,58839.9
0.3,CLASSICAL_LUT_FINE,0.93,6.45799945840901,16.226991584938,1.65201186064223e-15,1.77635683940025e-15,58839.9
0.3,CLASSICAL_LUT_FINE,0.935,6.45799945840901,16.226991584938,1.66089364483923e-15,1.77635683940025e-15,58839.9
0.3,CLASSICAL_LUT_FINE,0.94,6.45799945840901,16.226991584938,1.66977542903624e-15,1.77635683940025e-15,58839.9
0.3,CLASSICAL_LUT_FINE,0.945,6.45799945840901,16.226991584938,1.67865721323324e-15,1.77635683940025e-15,58839.9
0.3,CLASSICAL_LUT_FINE,0.95,6.45799945840901,16.226991584938,1.68753899743024e-15,1.77635683940025e-15,58839.9
0.3,CLASSICAL_LUT_FINE,0.955,6.45799945840901,16.226991584938,1.69642078162724e-15,1.77635683940025e-15,58839.9
0.3,CLASSICAL_LUT_FINE,0.96,6.45799945840901,16.226991584938,1.70530256582424e-15,1.77635683940025e-15,58839.9
0.3,CLASSICAL_LUT_FINE,0.965,6.45799945840901,16.226991584938,1.71418435002124e-15,1.77635683940025e-15,58839.9
0.3,CLASSICAL_LUT_FINE,0.97,6.45799945840901,16.226991584938,1.72306613421824e-15,1.77635683940025e-15,58839.9
0.3,CLASSICAL_LUT_FINE,0.975,6.45799945840901,16.226991584938,1.73194791841524e-15,1.77635683940025e-15,58839.9
0.3,CLASSICAL_LUT_FINE,0.98,6.45799945840901,16.226991584938,1.74082970261225e-15,1.77635683940025e-15,58839.9
0.3,CLASSICAL_LUT_FINE,0.985,6.45799945840901,16.226991584938,1.74971148680925e-15,1.77635683940025e-15,58839.9
0.3,CLASSICAL_LUT_FINE,0.99,6.45799945840901,16.226991584938,1.75859327100625e-15,1.77635683940025e-15,58839.9
0.3,CLASSICAL_LUT_FINE,0.995,6.45799945840901,16.226991584938,1.76747505520325e-15,1.77635683940025e-15,58839.9
0.3,CLASSICAL_LUT_FINE,1,6.45799945840901,16.226991584938,1.77635683940025e-15,1.77635683940025e-15,58839.9
0.3,CLASSICAL_LUT_FINE,1.005,6.45801796353676,16.2269925916372,4.03465598412358e-08,2.40605697374718e-05,58840.0443634184
0.3,CLASSICAL_LUT_FINE,1.01,6.45807347435415,16.2269991967693,3.17321586877912e-07,9.41546525456971e-05,58840.4649279153
0.3,CLASSICAL_LUT_FINE,1.015,6.45816597716471,16.2270159197572,1.05420248127727e-06,0.000207625300228997,58841.1457518014
0.3,CLASSICAL_LUT_FINE,1.02,6.45829544914477,16.2270463231205,2.46235168169127e-06,0.000362342777449953,58842.0740566647
0.3,CLASSICAL_LUT_FINE,1.025,6.45846185834904,16.2270932083609,4.74356634046669e-06,0.000556594272605793,58843.2395656356
0.3,CLASSICAL_LUT_FINE,1.03,6.45866516371855,16.2271587714775,8.09193559244767e-06,0.00078899634572771,58844.6339780744
0.3,CLASSICAL_LUT_FINE,1.035,6.45890531509073,16.2272447264318,1.26953069372677e-05,0.00105842542777523,58846.2505525666
0.3,CLASSICAL_LUT_FINE,1.04,6.45918225321184,16.2273524031711,1.87364423316143e-05,0.00136396265101979,58848.0837759061
0.3,CLASSICAL_LUT_FINE,1.045,6.45949590975152,16.2274828254528,2.63939279776555e-05,0.00170485005707022,58850.1291003424
0.3,CLASSICAL_LUT_FINE,1.05,6.45984620731974,16.2276367726346,3.58428886072975e-05,0.00208045583777228,58852.3827350266
0.3,CLASSICAL_LUT_FINE,1.055,6.46023305948579,16.2278148287359,4.72555465924084e-05,0.00249024674736553,58854.8414804842
0.3,CLASSICAL_LUT_FINE,1.06,6.4606563707997,16.2280174213945,6.08016579002411e-05,0.00293376620821029,58857.5025972493
0.3,CLASSICAL_LUT_FINE,1.065,6.46111603681574,16.2282448528017,7.66488503150048e-05,0.00341061693670497,58860.3637016202
0.3,CLASSICAL_LUT_FINE,1.07,6.4616119441182,16.2284973242701,9.49628841083963e-05,0.00392044715816731,58863.422682949
0.3,CLASSICAL_LUT_FINE,1.075,6.46214397034936,16.228774955746,0.00011590785118334,0.00446293967109668,58866.6776380266
0.3,CLASSICAL_LUT_FINE,1.08,6.46271198423971,16.2290778013101,0.000139646325414083,0.00503780317397684,58870.1268190439
0.3,CLASSICAL_LUT_FINE,1.085,6.46331584564034,16.2294058614919,0.000166339474284926,0.00564476538848879,58873.7685923309
0.3,CLASSICAL_LUT_FINE,1.09,6.46395540555747,16.2297590930573,0.00019614713984909,0.00628356760923054,58877.6014056554
0.3,CLASSICAL_LUT_FINE,1.095,6.46463050618926,16.2301374167879,0.000229227895377734,0.00695396038630669,58881.6237623178
0.3,CLASSICAL_LUT_FINE,1.1,6.46534098096473,16.2305407236686,0.000265739082757687,0.00765570010749705,58885.834200645
0.3,CLASSICAL_LUT_FINE,1.105,6.46608665458488,16.23096887981,0.00030583683465555,0.00838854629500929,58890.2312777701
0.3,CLASSICAL_LUT_FINE,1.11,6.46686734306587,16.2314217303679,0.00034967608463919,0.00915225946984677,58894.8135568191
0.3,CLASSICAL_LUT_FINE,1.115,6.46768285378453,16.2318991026666,0.000397410567791869,0.00994659946707621,58899.5795968025
0.3,CLASSICAL_LUT_FINE,1.12,6.46853298552577,16.23240080869,0.000449192813833107,0.0107713241094416,58904.5279446566
0.3,CLASSICAL_LUT_FINE,1.125,6.46941752853231,16.2329266470716,0.000505174134346878,0.0116261881657849,58909.6571289947
0.3,CLASSICAL_LUT_FINE,1.13,6.47033626455641,16.2334764046867,0.00056550460538974,0.0125109425358332,58914.965655215
0.3,CLASSICAL_LUT_FINE,1.135,6.47128896691369,16.2340498579289,0.000630333046490373,0.0134253336151158,58920.4520016907
0.3,CLASSICAL_LUT_FINE,1.14,6.4722754005391,16.234646773737,0.000699806996845552,0.0143691028031192,58926.1146168187
0.3,CLASSICAL_LUT_FINE,1.145,6.47329532204492,16.2352669104227,0.000774072689352987,0.0153419861255344,58931.9519167532
0.3,CLASSICAL_LUT_FINE,1.15,6.47434847978075,16.2359100183421,0.000853275022991234,0.0163437139473661,58937.9622836842
0.3,CLASSICAL_LUT_FINE,1.155,6.4754346138957,16.2365758404419,0.000937557533953046,0.017374010758493,58944.144064551
0.3,CLASSICAL_LUT_FINE,1.16,6.47655345640243,16.2372641127072,0.0010270623658568,0.0184325950171047,58950.4955701026
0.3,CLASSICAL_LUT_FINE,1.165,6.47770473124328,16.2379745645317,0.00112193023929476,0.0195191790393245,58957.0150742359
0.3,CLASSICAL_LUT_FINE,1.17,6.47888815435842,16.2387069190255,0.00122230042092554,0.0206334689258565,58963.7008135551
0.3,CLASSICAL_LUT_FINE,1.175,6.48010343375589,16.2394608932749,0.00132831069227688,0.0217751645183597,58970.5509871102
0.3,CLASSICAL_LUT_FINE,1.18,6.4813502695837,16.2402361985633,0.00144009731839186,0.0229439593796581,58977.5637562779
0.3,CLASSICAL_LUT_FINE,1.185,6.48262835420377,16.2410325405621,0.00155779501642628,0.0241395407932234,58984.7372447593
0.3,CLASSICAL_LUT_FINE,1.19,6.48393737226782,16.2418496194978,0.00168153692428373,0.0253615897782655,58992.0695386696
0.3,CLASSICAL_LUT_FINE,1.195,6.48527700079525,16.2426871303003,0.00181145456935894,0.0266097811174912,58999.5586867049
0.3,CLASSICAL_LUT_FINE,1.2,6.48664690925277,16.2435447627367,0.00194767783744657,0.0278837833952235,59007.2027003713
0.3,CLASSICAL_LUT_FINE,1.205,6.48804675963594,16.2444222015344,0.00209033494186279,0.029183259044073,59014.9995542644
0.3,CLASSICAL_LUT_FINE,1.21,6.48947620655265,16.245319126494,0.00223955239281818,0.0305078643986256,59022.9471863917
0.3,CLASSICAL_LUT_FINE,1.215,6.49093489730826,16.2462352125975,0.00239545496707446,0.0318572497550491,59031.0434985303
0.3,CLASSICAL_LUT_FINE,1.22,6.49242247199264,16.2471701301094,0.00255816567791189,0.0332310594356944,59039.2863566142
0.3,CLASSICAL_LUT_FINE,1.225,6.493938563569,16.2481235446751,0.00272780574543059,0.0346289318578705,59047.6735911472
0.3,CLASSICAL_LUT_FINE,1.23,6.49548279796444,16.2490951174166,0.00290449456720503,0.0360504996063185,59056.2029976379
0.3,CLASSICAL_LUT_FINE,1.235,6.49705479416222,16.2500845050253,0.00308834968930898,0.0374953895088144,59064.8723370529
0.3,CLASSICAL_LUT_FINE,1.24,6.4986541642958,16.2510913598544,0.00327948677772569,0.0389632227146066,59073.6793362876
0.3,CLASSICAL_LUT_FINE,1.245,6.50028051374453,16.2521153300057,0.0034780195900201,0.0404536146137389,59082.6216876824
0.3,CLASSICAL_LUT_FINE,1.25,6.50193344123103,16.2531560593591,0.00368405994497408,0.0419661746458821,59091.6970478753
0.3,CLASSICAL_LUT_FINE,1.255,6.50361253892016,16.2542131877725,0.00389771769930225,0.0435005082206175,59100.9030493237
0.3,CLASSICAL_LUT_FINE,1.26,6.5053173925197,16.2552863511702,0.00411910072106304,0.0450562145971372,59110.2372875828
0.3,CLASSICAL_LUT_FINE,1.265,6.50704758138254,16.2563751815876,0.00434831486144603,0.0466328877835345,59119.6973267012
0.3,CLASSICAL_LUT_FINE,1.27,6.50880267861046,16.257479307262,0.00458546392874105,0.0482301166269288,59129.2806997616
0.3,CLASSICAL_LUT_FINE,1.275,6.51058225115948,16.258598352725,0.00483064966276229,0.049847484905321,59138.9849094319
0.3,CLASSICAL_LUT_FINE,1.28,6.51238585994671,16.2597319388946,0.00508397170973538,0.0514845714209518,59148.8074285257
0.3,CLASSICAL_LUT_FINE,1.285,6.51421305995865,16.2608796831683,0.00534552759765537,0.0531409500952069,59158.7457005712
0.3,CLASSICAL_LUT_FINE,1.29,6.51606340036106,16.2620411995161,0.00561541271212262,0.0548161900649315,59168.7971403896
0.3,CLASSICAL_LUT_FINE,1.295,6.51793642461012,16.263216098575,0.00589372027266371,0.0565098557801598,59178.959134681
0.3,CLASSICAL_LUT_FINE,1.3,6.51983167056514,16.2644039877433,0.00618054130954468,0.058221507103152,59189.2290426189
0.3,CLASSICAL_LUT_FINE,1.305,6.52174867060252,16.2656044712762,0.00647596464108226,0.0599506994087342,59199.6041964524
0.3,CLASSICAL_LUT_FINE,1.31,6.52368695173119,16.2668171503819,0.00678007685146043,0.0616969836859376,59210.0819021156
0.3,CLASSICAL_LUT_FINE,1.315,6.52564603570929,16.2680416233178,0.0070929622690578,0.0634599066407961,59220.6594398448
0.3,CLASSICAL_LUT_FINE,1.32,6.52762543916216,16.2692774854888,0.0074147029452925,0.0652390108004255,59231.3340648026
0.3,CLASSICAL_LUT_FINE,1.325,6.52962467370162,16.2705243295446,0.0077453786339899,0.0670338346182149,59242.1030077093
0.3,CLASSICAL_LUT_FINE,1.33,6.53164324604645,16.271781745479,0.00808506677127955,0.0688439125801814,59252.9634754811
0.3,CLASSICAL_LUT_FINE,1.335,6.53368065814415,16.2730493207291,0.00843384245602649,0.0706687753124733,59263.9126518748
0.3,CLASSICAL_LUT_FINE,1.34,6.53573640729375,16.2743266402753,0.00879177843080298,0.0725079496899301,59274.9476981396
0.3,CLASSICAL_LUT_FINE,1.345,6.53780998626992,16.2756132867425,0.00915894506340553,0.0743609589457428,59286.0657536745
0.3,CLASSICAL_LUT_FINE,1.35,6.53990088344807,16.2769088405008,0.00953541032892316,0.0762273227821648,59297.263936693
0.3,CLASSICAL_LUT_FINE,1.355,6.54200858293062,16.2782128797679,0.00992123979236138,0.0781065574822293,59308.5393448934
0.3,CLASSICAL_LUT_FINE,1.36,6.54413256467425,16.2795249807116,0.0103164965918278,0.079998176022503,59319.889056135
0.3,CLASSICAL_LUT_FINE,1.365,6.54627230461824,16.2808447175525,0.0107212414222835,0.0819016881867967,59331.3101291208
0.3,CLASSICAL_LUT_FINE,1.37,6.54842727481379,16.2821716626679,0.0111355325198655,0.0838166006808532,59342.7996040851
0.3,CLASSICAL_LUT_FINE,1.375,6.55059694355424,16.2835053866958,0.0115594256467855,0.0857424172479515,59354.3545034877
0.3,CLASSICAL_LUT_FINE,1.38,6.55278077550631,16.2848454586396,0.0119929740768079,0.087678638785464,59365.9718327128
0.3,CLASSICAL_LUT_FINE,1.385,6.55497823184212,16.2861914459729,0.0124362285813138,0.0896247634622327,59377.6485807734
0.3,CLASSICAL_LUT_FINE,1.39,6.55718877037221,16.2875429147452,0.0128892374159539,0.0915802868368925,59389.3817210214
0.3,CLASSICAL_LUT_FINE,1.395,6.55941184567928,16.288899429688,0.0133520463078945,0.0935447019769846,59401.1682118619
0.3,CLASSICAL_LUT_FINE,1.4,6.56164690925277,16.2902605543203,0.0138246984436616,0.0955174995788806,59413.0049974733
0.3,CLASSICAL_LUT_FINE,1.405,6.56389340962416,16.2916258510564,0.0143072344575871,0.0974981680885509,59424.8890085313
0.3,CLASSICAL_LUT_FINE,1.41,6.56615079250312,16.2929948813118,0.0147996924208594,0.0994861938230152,59436.8171629381
0.3,CLASSICAL_LUT_FINE,1.415,6.5684185009142,16.2943672056113,0.0153021078311849,0.101481061092644,59448.7863665559
0.3,CLASSICAL_LUT_FINE,1.42,6.57069597533428,16.2957423836961,0.0158145136030608,0.103482252324065,59460.7935139444
0.3,CLASSICAL_LUT_FINE,1.425,6.57298265383062,16.2971199746319,0.0163369400586661,0.105489248183829,59472.835489103
0.3,CLASSICAL_LUT_FINE,1.43,6.57527797219953,16.2984995369171,0.0168694149193713,0.107501527702709,59484.9091662163
0.3,CLASSICAL_LUT_FINE,1.435,6.57758136410553,16.2998806285905,0.0174119632978716,0.109518568400642,59497.0114104039
0.3,CLASSICAL_LUT_FINE,1.44,6.57989226122115,16.3012628016845,0.0179646074624682,0.111539735305675,59509.138411834
0.3,CLASSICAL_LUT_FINE,1.445,6.5822100933671,16.3026456040163,0.0185273668446795,0.113564588523529,59521.2875311412
0.3,CLASSICAL_LUT_FINE,1.45,6.58453428865297,16.3040285951102,0.0191002586855437,0.11559263103176,59533.4557861906
0.3,CLASSICAL_LUT_FINE,1.455,6.58686427361837,16.3054113345325,0.019683297610419,0.117623334286881,59545.6400057213
0.3,CLASSICAL_LUT_FINE,1.46,6.58919947337436,16.3067933814646,0.0202764956003878,0.119656169133044,59557.8370147983
0.3,CLASSICAL_LUT_FINE,1.465,6.59153931174535,16.3081742949095,0.020879861989373,0.121690605875573,59570.0436352534
0.3,CLASSICAL_LUT_FINE,1.47,6.59388321141123,16.3095536338777,0.021493403461653,0.123726114366173,59582.256686197
0.3,CLASSICAL_LUT_FINE,1.475,6.59623059404983,16.3109309575571,0.0221171240498265,0.125762164097573,59594.4729845854
0.3,CLASSICAL_LUT_FINE,1.48,6.59858088047961,16.3123058254704,0.0227510251332694,0.127798224305549,59606.6893458333
0.3,CLASSICAL_LUT_FINE,1.485,6.60093349080256,16.3136777976232,0.0233951054371191,0.129833764077018,59618.9025844621
0.3,CLASSICAL_LUT_FINE,1.49,6.60328784454729,16.3150464346425,0.0240493610318092,0.131868252462851,59631.1095147771
0.3,CLASSICAL_LUT_FINE,1.495,6.60564336081223,16.31641129791,0.0247137853331807,0.133901158594565,59643.3069515674
0.3,CLASSICAL_LUT_FINE,1.5,6.60799945840901,16.3177719496902,0.0253883691031825,0.135931951804027,59655.4917108242
0.3,CLASSICAL_LUT_FINE,1.505,6.61035555600578,16.3191279532536,0.0260731004511782,0.137960101745666,59667.660610474
0.3,CLASSICAL_LUT_FINE,1.51,6.61271107227073,16.3204788729973,0.0267679648358685,0.139985078520592,59679.8104711236
0.3,CLASSICAL_LUT_FINE,1.515,6.61506542601545,16.3218242745625,0.0274729450678381,0.142006352802305,59691.9381168138
0.3,CLASSICAL_LUT_FINE,1.52,6.6174180363384,16.3231637249498,0.0281880213127344,0.144023395963623,59704.0403757817
0.3,CLASSICAL_LUT_FINE,1.525,6.61976832276818,16.3244967926329,0.0289131710950839,0.14603568020458,59716.1140812275
0.3,CLASSICAL_LUT_FINE,1.53,6.62211570540678,16.3258230476706,0.0296483693027494,0.148042678681083,59728.1560720865
0.3,CLASSICAL_LUT_FINE,1.535,6.62445960507266,16.3271420618171,0.0303935881920322,0.150043865634149,59740.1631938049
0.3,CLASSICAL_LUT_FINE,1.54,6.62679944344365,16.3284534087543,0.0311487973983699,0.152038719017735,59752.1323141064
0.3,CLASSICAL_LUT_FINE,1.545,6.62913464319964,16.3297566641987,0.0319139639438662,0.154026714039857,59764.0602842391
0.3,CLASSICAL_LUT_FINE,1.55,6.63146462816504,16.3310514056251,0.0326890522287603,0.156007328267872,59775.9439696072
0.3,CLASSICAL_LUT_FINE,1.555,6.63378882345092,16.3323372126287,0.0334740240481456,0.157980041604702,59787.7802496282
0.3,CLASSICAL_LUT_FINE,1.56,6.63610665559687,16.3336136670447,0.0342688386009048,0.159944335684793,59799.5660141088
0.3,CLASSICAL_LUT_FINE,1.565,6.63841755271248,16.3348803530525,0.0350734524986945,0.16189969400507,59811.2981640304
0.3,CLASSICAL_LUT_FINE,1.57,6.64072094461849,16.3361368572785,0.0358878197755848,0.163845602055634,59822.9736123338
0.3,CLASSICAL_LUT_FINE,1.575,6.64301626298739,16.3373827688999,0.0367118918983509,0.165781547450162,59834.589284701
0.3,CLASSICAL_LUT_FINE,1.58,6.64530294148374,16.3386176797464,0.037545617777417,0.167707020055962,59846.1421203358
0.3,CLASSICAL_LUT_FINE,1.585,6.64758041590381,16.3398411844025,0.038388943778448,0.169621512123713,59857.6290727423
0.3,CLASSICAL_LUT_FINE,1.59,6.64984812431489,16.3410528803082,0.0392418137345906,0.171524518416756,59869.0471105005
0.3,CLASSICAL_LUT_FINE,1.595,6.65210550719385,16.3422523678604,0.0401041689593586,0.173415536340057,59880.3932180403
0.3,CLASSICAL_LUT_FINE,1.6,6.65435200756525,16.343439250512,0.0409759482601626,0.175294066068634,59891.6643964118
0.3,CLASSICAL_LUT_FINE,1.605,6.65658707113873,16.3446131348719,0.0418570879524805,0.17715961067554,59902.8576640532
0.3,CLASSICAL_LUT_FINE,1.61,6.6588101464458,16.3457736308029,0.0427475218746661,0.179011676259339,59913.970057556
0.3,CLASSICAL_LUT_FINE,1.615,6.6610206849759,16.3469203515198,0.0436471814033948,0.180849772070985,59924.9986324259
0.3,CLASSICAL_LUT_FINE,1.62,6.66321814131171,16.3480529136864,0.044555995469741,0.182673410640165,59935.940463841
0.3,CLASSICAL_LUT_FINE,1.625,6.66540197326377,16.3491709375116,0.0454738905758867,0.184482107900958,59946.7926474057
0.3,CLASSICAL_LUT_FINE,1.63,6.66757164200423,16.3502740468446,0.0464007908124559,0.18627538331689,59957.5522999013
0.3,CLASSICAL_LUT_FINE,1.635,6.66972661219977,16.3513618692697,0.0473366178764734,0.188052760005261,59968.2165600316
0.3,CLASSICAL_LUT_FINE,1.64,6.67186635214377,16.3524340361996,0.0482812910899427,0.189813764860741,59978.7825891644
0.3,CLASSICAL_LUT_FINE,1.645,6.67399033388739,16.3534901829682,0.0492347274190403,0.191557928678201,59989.2475720692
0.3,CLASSICAL_LUT_FINE,1.65,6.67609803336994,16.3545299489223,0.0501968414939222,0.193284786274754,59999.6087176485
0.3,CLASSICAL_LUT_FINE,1.655,6.67818893054809,16.3555529775125,0.0511675456291383,0.194993876610926,60009.8632596656
0.3,CLASSICAL_LUT_FINE,1.66,6.68026250952426,16.3565589163828,0.0521467498446508,0.196684742910985,60020.0084574659
0.3,CLASSICAL_LUT_FINE,1.665,6.68231825867387,16.3575474174594,0.0531343618874517,0.198356932782326,60030.041596694
0.3,CLASSICAL_LUT_FINE,1.67,6.68435567077156,16.3585181370386,0.0541302872537748,0.200009998333934,60039.9599900036
0.3,CLASSICAL_LUT_FINE,1.675,6.6863742431164,16.3594707358731,0.0551344292118982,0.201643496293833,60049.760977763
0.3,CLASSICAL_LUT_FINE,1.68,6.68837347765586,16.3604048792582,0.0561466888255305,0.203256988125551,60059.4419287533
0.3,CLASSICAL_LUT_FINE,1.685,6.69035288110873,16.3613202371155,0.0571669649777774,0.204850040143498,60069.000240861
0.3,CLASSICAL_LUT_FINE,1.69,6.69231196508683,16.362216484077,0.0581951543956827,0.206422223627262,60078.4333417636
0.3,CLASSICAL_LUT_FINE,1.695,6.6942502462155,16.3630932995667,0.0592311516753369,0.207973114934799,60087.7386896088
0.3,CLASSICAL_LUT_FINE,1.7,6.69616724625288,16.363950367882,0.0602748493075503,0.209502295614422,60096.9137736865
0.3,CLASSICAL_LUT_FINE,1.705,6.69806249220789,16.3647873782734,0.0613261377040818,0.211009352515633,60105.9561150938
0.3,CLASSICAL_LUT_FINE,1.71,6.69993551645695,16.365604025023,0.0623849052244194,0.212493877898689,60114.8632673921
0.3,CLASSICAL_LUT_FINE,1.715,6.70178585685936,16.3664000075219,0.0634510382031056,0.213955469542944,60123.6328172577
0.3,CLASSICAL_LUT_FINE,1.72,6.70361305687131,16.3671750303464,0.0645244209776007,0.215393730853835,60132.262385123
0.3,CLASSICAL_LUT_FINE,1.725,6.70541666565854,16.367928803333,0.065604935916678,0.216808270968595,60140.7496258116
0.3,CLASSICAL_LUT_FINE,1.73,6.70719623820755,16.3686610416511,0.0666924634493441,0.218198704860548,60149.0922291633
0.3,CLASSICAL_LUT_FINE,1.735,6.70895133543547,16.3693714658764,0.0677868820942776,0.219564653442029,60157.2879206522
0.3,CLASSICAL_LUT_FINE,1.74,6.71068152429831,16.3700598020606,0.068888068489778,0.220905743665883,60165.3344619953
0.3,CLASSICAL_LUT_FINE,1.745,6.71238637789785,16.3707257818016,0.0699958974242192,0.222221608625444,60173.2296517527
0.3,CLASSICAL_LUT_FINE,1.75,6.71406547558699,16.3713691423114,0.0711102418669986,0.223511887653087,60180.9713259185
0.3,CLASSICAL_LUT_FINE,1.755,6.71571840307349,16.3719896264829,0.0722309729999757,0.224776226417188,60188.5573585031
0.3,CLASSICAL_LUT_FINE,1.76,6.71734475252222,16.3725869829548,0.073357960249391,0.226014277017544,60195.9856621053
0.3,CLASSICAL_LUT_FINE,1.765,6.7189441226558,16.373160966176,0.0744910713182588,0.227225698079227,60203.2541884754
0.3,CLASSICAL_LUT_FINE,1.77,6.72051611885358,16.3737113364677,0.0756301722192243,0.228410154844758,60210.3609290685
0.3,CLASSICAL_LUT_FINE,1.775,6.72206035324901,16.3742378600842,0.076775127307878,0.229567319264659,60217.3039155879
0.3,CLASSICAL_LUT_FINE,1.78,6.72357644482538,16.3747403092727,0.0779257993165189,0.230696870086339,60224.081220518
0.3,CLASSICAL_LUT_FINE,1.785,6.72506401950976,16.3752184623311,0.0790820493883571,0.231798492941198,60230.6909576472
0.3,CLASSICAL_LUT_FINE,1.79,6.72652271026536,16.3756721036641,0.0802437371121482,0.232871880430082,60237.1312825805
0.3,CLASSICAL_LUT_FINE,1.795,6.72795215718207,16.3761010238386,0.0814107205572502,0.233916732206868,60243.4003932412
0.3,CLASSICAL_LUT_FINE,1.8,6.72935200756525,16.3765050196368,0.0825828563090945,0.234932755060317,60249.4965303619
0.3,CLASSICAL_LUT_FINE,1.805,6.73072191602276,16.3768838941078,0.0837599995050601,0.235919662994077,60255.4179779645
0.3,CLASSICAL_LUT_FINE,1.81,6.73206154455019,16.3772374566182,0.0849420038707454,0.236877177304816,60261.1630638289
0.3,CLASSICAL_LUT_FINE,1.815,6.73337056261425,16.3775655229004,0.0861287217566236,0.23780502665851,60266.7301599511
0.3,CLASSICAL_LUT_FINE,1.82,6.73464864723431,16.3778679150995,0.0873200041750768,0.23870294716478,60272.1176829887
0.3,CLASSICAL_LUT_FINE,1.825,6.73589548306212,16.3781444618191,0.0885157008377955,0.239570682449314,60277.3240946959
0.3,CLASSICAL_LUT_FINE,1.83,6.7371107624596,16.3783949981647,0.0897156601935363,0.240407983724351,60282.3479023461
0.3,CLASSICAL_LUT_FINE,1.835,6.73829418557474,16.378619365786,0.0909197294662264,0.241214609857154,60287.1876591429
0.3,CLASSICAL_LUT_FINE,1.84,6.73944546041559,16.3788174129172,0.0921277546934063,0.241990327436483,60291.8419646189
0.3,CLASSICAL_LUT_FINE,1.845,6.74056430292231,16.3789889944159,0.0933395807649983,0.242734910837058,60296.3094650223
0.3,CLASSICAL_LUT_FINE,1.85,6.74165043703726,16.3791339718001,0.0945550514623943,0.243448142281938,60300.5888536916
0.3,CLASSICAL_LUT_FINE,1.855,6.7427035947731,16.3792522132837,0.095774009497848,0.244129811902855,60304.6788714171
0.3,CLASSICAL_LUT_FINE,1.86,6.74372351627891,16.3793435938105,0.0969962965541657,0.244779717798446,60308.5783067907
0.3,CLASSICAL_LUT_FINE,1.865,6.74470994990432,16.3794079950855,0.0982217533246814,0.245397666090359,60312.2859965421
0.3,CLASSICAL_LUT_FINE,1.87,6.7456626522616,16.3794453056061,0.099450219553508,0.245983470977231,60315.8008258634
0.3,CLASSICAL_LUT_FINE,1.875,6.7465813882857,16.3794554206901,0.100681534076052,0.246536954786523,60319.1217287191
0.3,CLASSICAL_LUT_FINE,1.88,6.74746593129225,16.3794382425025,0.101915534859785,0.247057948024162,60322.247688145
0.3,CLASSICAL_LUT_FINE,1.885,6.74831606303349,16.3793936800813,0.103152059045252,0.247546289422012,60325.1777365321
0.3,CLASSICAL_LUT_FINE,1.89,6.74913157375214,16.3793216493599,0.104390942987316,0.248001825983106,60327.9109558986
0.3,CLASSICAL_LUT_FINE,1.895,6.74991226223314,16.3792220731897,0.105632022296627,0.248424413024717,60330.4464781483
0.3,CLASSICAL_LUT_FINE,1.9,6.75065793585328,16.3790948819329,0.106875131904558,0.248813924285004,60332.78354571
0.3,CLASSICAL_LUT_FINE,1.905,6.75136841062876,16.3789400129614,0.108120106088992,0.249170222216947,60334.9213333017
0.3,CLASSICAL_LUT_FINE,1.91,6.75204351126055,16.378757409733,0.109366778475595,0.249493186068072,60336.8591164084
0.3,CLASSICAL_LUT_FINE,1.915,6.75268307117768,16.3785470227193,0.110614982113109,0.249782704900847,60338.5962294051
0.3,CLASSICAL_LUT_FINE,1.92,6.7532869325783,16.3783088094359,0.111864549516748,0.250038676247936,60340.1320574876
0.3,CLASSICAL_LUT_FINE,1.925,6.75385494646866,16.3780427344443,0.11311531271064,0.250261006146838,60341.466036881
0.3,CLASSICAL_LUT_FINE,1.93,6.75438697269982,16.3777487693534,0.114367103270426,0.250449609171115,60342.5976550267
0.3,CLASSICAL_LUT_FINE,1.935,6.75488288000227,16.3774268928216,0.115619752366017,0.250604408458432,60343.5264507506
0.3,CLASSICAL_LUT_FINE,1.94,6.75534254601831,16.3770770905572,0.116873090804471,0.250725335735565,60344.2520144134
0.3,CLASSICAL_LUT_FINE,1.945,6.75576585733222,16.3766993553192,0.118126949073005,0.250812331340555,60344.7739880433
0.3,CLASSICAL_LUT_FINE,1.95,6.75615270949828,16.3762936869162,0.11938115738209,0.250865344242046,60345.0920654523
0.3,CLASSICAL_LUT_FINE,1.955,6.75650300706649,16.3758600922041,0.120635545708656,0.250884332055943,60345.2059923357
0.3,CLASSICAL_LUT_FINE,1.96,6.75681666360618,16.3753985850834,0.121889943839357,0.250869261059412,60345.1155663565
0.3,CLASSICAL_LUT_FINE,1.965,6.75709360172728,16.374909186494,0.123144181413914,0.250820106202333,60344.820637214
0.3,CLASSICAL_LUT_FINE,1.97,6.75733375309947,16.3743919244088,0.124398087968495,0.25073685111615,60344.3211066969
0.3,CLASSICAL_LUT_FINE,1.975,6.75753705846898,16.3738468338267,0.125651492979145,0.250619488120234,60343.6169287214
0.3,CLASSICAL_LUT_FINE,1.98,6.75770346767325,16.3732739567622,0.126904225905233,0.250468018225789,60342.7081093547
0.3,CLASSICAL_LUT_FINE,1.985,6.7578329396533,16.3726733422352,0.128156116232919,0.250282451137201,60341.5947068232
0.3,CLASSICAL_LUT_FINE,1.99,6.75792544246387,16.3720450462581,0.129406993518613,0.250062805251011,60340.2768315061
0.3,CLASSICAL_LUT_FINE,1.995,6.75798095328126,16.3713891318211,0.130656687432434,0.249809107652402,60338.7546459144
0.3,CLASSICAL_LUT_FINE,2,6.75799945840901,16.3707056688765,0.131905027801636,0.249521394109253,60337.0283646555
0.3,CLASSICAL_LUT_FINE,2.005,6.75798095328126,16.3699947343209,0.133151844654002,0.249199709063795,60335.0982543828
0.3,CLASSICAL_LUT_FINE,2.01,6.75792544246387,16.3692564119755,0.134396968261191,0.248844105621837,60332.964633731
0.3,CLASSICAL_LUT_FINE,2.015,6.7578329396533,16.3684907925652,0.13564022918202,0.248454645539574,60330.6278732374
0.3,CLASSICAL_LUT_FINE,2.02,6.75770346767325,16.3676979736952,0.136881458305686,0.24803139920801,60328.0883952481
0.3,CLASSICAL_LUT_FINE,2.025,6.75753705846898,16.3668780598269,0.138120486894886,0.24757444563501,60325.3466738101
0.3,CLASSICAL_LUT_FINE,2.03,6.75733375309947,16.3660311622508,0.139357146628861,0.247083872424918,60322.4032345495
0.3,CLASSICAL_LUT_FINE,2.035,6.75709360172728,16.3651573990593,0.140591269646314,0.246559775755832,60319.258654535
0.3,CLASSICAL_LUT_FINE,2.04,6.75681666360618,16.3642568951158,0.141822688588224,0.246002260354544,60315.9135621273
0.3,CLASSICAL_LUT_FINE,2.045,6.75650300706649,16.363329782024,0.143051236640518,0.245411439469029,60312.3686368142
0.3,CLASSICAL_LUT_FINE,2.05,6.75615270949828,16.3623761980944,0.144276747576604,0.244787434838685,60308.6246090321
0.3,CLASSICAL_LUT_FINE,2.055,6.75576585733222,16.3613962883091,0.145499055799749,0.244130376662172,60304.682259973
0.3,CLASSICAL_LUT_FINE,2.06,6.75534254601831,16.3603902042854,0.146717996385291,0.243440403562948,60300.5424213777
0.3,CLASSICAL_LUT_FINE,2.065,6.75488288000227,16.3593581042374,0.147933405122671,0.242717662552471,60296.2059753148
0.3,CLASSICAL_LUT_FINE,2.07,6.75438697269982,16.3583001529363,0.149145118557274,0.241962308991109,60291.6738539467
0.3,CLASSICAL_LUT_FINE,2.075,6.75385494646866,16.3572165216681,0.150352974032076,0.24117450654677,60286.9470392806
0.3,CLASSICAL_LUT_FINE,2.08,6.7532869325783,16.356107388191,0.15155680972907,0.240354427151198,60282.0265629072
0.3,CLASSICAL_LUT_FINE,2.085,6.75268307117768,16.35497293669,0.152756464710472,0.239502250954068,60276.9135057244
0.3,CLASSICAL_LUT_FINE,2.09,6.75204351126055,16.3538133577304,0.153951778959692,0.23861816627481,60271.6089976489
0.3,CLASSICAL_LUT_FINE,2.095,6.75136841062876,16.3526288447882,0.155142593290174,0.237702213946983,60266.1132836819
0.3,CLASSICAL_LUT_FINE,2.1,6.75065793585328,16.3514195671481,0.156328748216018,0.236754546284132,60260.4272777048
0.3,CLASSICAL_LUT_FINE,2.105,6.74991226223314,16.3501857356346,0.157510086537545,0.235775608823866,60254.5536529432
0.3,CLASSICAL_LUT_FINE,2.11,6.74913157375214,16.3489275750287,0.158686452485285,0.234765631959911,60248.4937917595
0.3,CLASSICAL_LUT_FINE,2.115,6.74831606303349,16.3476453139534,0.159857691375499,0.233724823958227,60242.2489437494
0.3,CLASSICAL_LUT_FINE,2.12,6.74746593129225,16.3463391848403,0.161023649633149,0.232653418474928,60235.8205108496
0.3,CLASSICAL_LUT_FINE,2.125,6.7465813882857,16.3450094251722,0.162184174872322,0.231551657473601,60229.2099448416
0.3,CLASSICAL_LUT_FINE,2.13,6.7456626522616,16.3436562776226,0.16333911593732,0.23041979104817,60222.418746289
0.3,CLASSICAL_LUT_FINE,2.135,6.74470994990432,16.3422799901526,0.164488322942913,0.229258077266838,60215.448463601
0.3,CLASSICAL_LUT_FINE,2.14,6.74372351627891,16.3408808160738,0.165631647313851,0.228066782032293,60208.3006921938
0.3,CLASSICAL_LUT_FINE,2.145,6.7427035947731,16.3394590140833,0.166768941823717,0.226846178954432,60200.9770737266
0.3,CLASSICAL_LUT_FINE,2.15,6.74165043703726,16.3380148482778,0.167900060633166,0.225596549232543,60193.4792953953
0.3,CLASSICAL_LUT_FINE,2.155,6.74056430292231,16.3365485881483,0.16902485932759,0.224318181544682,60185.8090892681
0.3,CLASSICAL_LUT_FINE,2.16,6.73944546041559,16.3350605085625,0.170143194954248,0.223011371942256,60177.9682316535
0.3,CLASSICAL_LUT_FINE,2.165,6.73829418557474,16.3335508897337,0.171254926058877,0.221676423748448,60169.9585424907
0.3,CLASSICAL_LUT_FINE,2.17,6.7371107624596,16.3320200171814,0.172359912721803,0.22031364745923,60161.7818847554
0.3,CLASSICAL_LUT_FINE,2.175,6.73589548306212,16.3304681816841,0.17345801659356,0.218923360646102,60153.4401638766
0.3,CLASSICAL_LUT_FINE,2.18,6.73464864723431,16.3288956792248,0.174549100930029,0.217505887859827,60144.935327159
0.3,CLASSICAL_LUT_FINE,2.185,6.73337056261425,16.3273028109319,0.175633030627091,0.216061560534575,60136.2693632074
0.3,CLASSICAL_LUT_FINE,2.19,6.73206154455019,16.3256898830157,0.176709672254809,0.21459071689207,60127.4443013524
0.3,CLASSICAL_LUT_FINE,2.195,6.73072191602276,16.3240572067005,0.177778894091123,0.213093701845359,60118.4622110722
0.3,CLASSICAL_LUT_FINE,2.2,6.72935200756525,16.3224050981537,0.178840566155062,0.211570866901981,60109.3252014119
0.3,CLASSICAL_LUT_FINE,2.205,6.72795215718207,16.3207338784123,0.179894560239478,0.210022570066277,60100.0354203977
0.3,CLASSICAL_LUT_FINE,2.21,6.72652271026536,16.3190438733065,0.180940749943281,0.208449175740741,60090.5950544444
0.3,CLASSICAL_LUT_FINE,2.215,6.72506401950976,16.3173354133815,0.181979010703181,0.206851054626286,60081.0063277577
0.3,CLASSICAL_LUT_FINE,2.22,6.72357644482538,16.315608833817,0.183009219824929,0.205228583621279,60071.2715017277
0.3,CLASSICAL_LUT_FINE,2.225,6.72206035324901,16.3138644743453,0.184031256514047,0.203582145719372,60061.3928743162
0.3,CLASSICAL_LUT_FINE,2.23,6.72051611885358,16.3121026791671,0.185045001906049,0.20191212990605,60051.3727794363
0.3,CLASSICAL_LUT_FINE,2.235,6.7189441226558,16.3103237968668,0.186050339096139,0.200218931053847,60041.2135863231
0.3,CLASSICAL_LUT_FINE,2.24,6.71734475252222,16.3085281803253,0.187047153168379,0.198502949816266,60030.9176988976
0.3,CLASSICAL_LUT_FINE,2.245,6.71571840307349,16.3067161866324,0.188035331224328,0.196764592520333,60020.487555122
0.3,CLASSICAL_LUT_FINE,2.25,6.71406547558699,16.3048881769976,0.189014762411137,0.195004271057904,60009.9256263474
0.3,CLASSICAL_LUT_FINE,2.255,6.71238637789785,16.3030445166592,0.1899853379491,0.193222402775577,59999.2344166535
0.3,CLASSICAL_LUT_FINE,2.26,6.71068152429831,16.3011855747935,0.190946951158648,0.191419410363402,59988.4164621804
0.3,CLASSICAL_LUT_FINE,2.265,6.70895133543547,16.2993117244217,0.191899497486788,0.189595721742233,59977.4743304534
0.3,CLASSICAL_LUT_FINE,2.27,6.70719623820755,16.2974233423167,0.19284287453297,0.187751769949923,59966.4106196995
0.3,CLASSICAL_LUT_FINE,2.275,6.70541666565854,16.2955208089083,0.193776982074385,0.18588799302622,59955.2279581573
0.3,CLASSICAL_LUT_FINE,2.28,6.70361305687131,16.2936045081877,0.194701722090688,0.184004833896546,59943.9290033793
0.3,CLASSICAL_LUT_FINE,2.285,6.70178585685936,16.2916748276112,0.195616998788129,0.182102740254544,59932.5164415273
0.3,CLASSICAL_LUT_FINE,2.29,6.69993551645695,16.2897321580029,0.196522718623101,0.18018216444357,59920.9929866614
0.3,CLASSICAL_LUT_FINE,2.295,6.69806249220789,16.2877768934564,0.197418790325088,0.178243563337041,59909.3613800222
0.3,CLASSICAL_LUT_FINE,2.3,6.69616724625288,16.2858094312361,0.198305124919014,0.176287398217754,59897.6243893065
0.3,CLASSICAL_LUT_FINE,2.305,6.6942502462155,16.2838301716773,0.19918163574699,0.174314134656155,59885.7848079369
0.3,CLASSICAL_LUT_FINE,2.31,6.69231196508683,16.2818395180859,0.20004823848944,0.172324242387647,59873.8454543259
0.3,CLASSICAL_LUT_FINE,2.315,6.69035288110873,16.279837876637,0.200904851185621,0.170318195188955,59861.8091711337
0.3,CLASSICAL_LUT_FINE,2.32,6.68837347765586,16.2778256562732,0.201751394253516,0.168296470753511,59849.6788245211
0.3,CLASSICAL_LUT_FINE,2.325,6.6863742431164,16.2758032686018,0.202587790509107,0.16625955056606,59837.4573033964
0.3,CLASSICAL_LUT_FINE,2.33,6.68435567077156,16.273771127792,0.203413965185016,0.164207919776354,59825.1475186581
0.3,CLASSICAL_LUT_FINE,2.335,6.68231825867387,16.2717296504708,0.204229845948509,0.16214206707207,59812.7524024324
0.3,CLASSICAL_LUT_FINE,2.34,6.68026250952426,16.2696792556187,0.20503536291887,0.160062484550968,59800.2749073058
0.3,CLASSICAL_LUT_FINE,2.345,6.67818893054809,16.2676203644647,0.205830448684129,0.157969667592333,59787.718005554
0.3,CLASSICAL_LUT_FINE,2.35,6.67609803336994,16.2655534003808,0.206615038317147,0.155864114727699,59775.0846883662
0.3,CLASSICAL_LUT_FINE,2.355,6.67399033388739,16.2634787887765,0.207389069391054,0.153746327510957,59762.3779650657
0.3,CLASSICAL_LUT_FINE,2.36,6.67186635214377,16.2613969569916,0.20815248199403,0.151616810387859,59749.6008623271
0.3,CLASSICAL_LUT_FINE,2.365,6.66972661219977,16.2593083341899,0.208905218743444,0.149476070564905,59736.7564233894
0.3,CLASSICAL_LUT_FINE,2.37,6.66757164200423,16.2572133512519,0.209647224799322,0.147324617877768,59723.8477072666
0.3,CLASSICAL_LUT_FINE,2.375,6.66540197326377,16.2551124406667,0.210378447877169,0.145162964659171,59710.877787955
0.3,CLASSICAL_LUT_FINE,2.38,6.66321814131171,16.2530060364244,0.211098838260117,0.14299162560633,59697.849753638
0.3,CLASSICAL_LUT_FINE,2.385,6.6610206849759,16.2508945739076,0.211808348810421,0.140811117647994,59684.766705888
0.3,CLASSICAL_LUT_FINE,2.39,6.6588101464458,16.2487784897825,0.212506934980278,0.138621959811102,59671.6317588666
0.3,CLASSICAL_LUT_FINE,2.395,6.65658707113873,16.2466582218905,0.213194554821989,0.136424673087081,59658.4480385225
0.3,CLASSICAL_LUT_FINE,2.4,6.65435200756525,16.2445342091384,0.213871168997441,0.134219780297892,59645.2186817874
0.3,CLASSICAL_LUT_FINE,2.405,6.65210550719385,16.2424068913893,0.214536740786932,0.132007805961768,59631.9468357706
0.3,CLASSICAL_LUT_FINE,2.41,6.64984812431489,16.2402767093533,0.215191236097307,0.129789276158764,59618.6356569526
0.3,CLASSICAL_LUT_FINE,2.415,6.64758041590381,16.2381441044772,0.215834623469437,0.127564718396112,59605.2883103767
0.3,CLASSICAL_LUT_FINE,2.42,6.64530294148374,16.2360095188347,0.216466874085016,0.125334661473424,59591.9079688405
0.3,CLASSICAL_LUT_FINE,2.425,6.64301626298739,16.2338733950168,0.217087961772687,0.123099635347799,59578.4978120868
0.3,CLASSICAL_LUT_FINE,2.43,6.64072094461849,16.2317361760214,0.21769786301349,0.120860170998869,59565.0610259932
0.3,CLASSICAL_LUT_FINE,2.435,6.63841755271248,16.2295983051434,0.218296556945636,0.118616800293786,59551.6008017627
0.3,CLASSICAL_LUT_FINE,2.44,6.63610665559687,16.2274602258641,0.218884025368613,0.116370055852235,59538.1203351134
0.3,CLASSICAL_LUT_FINE,2.445,6.63378882345092,16.2253223817418,0.219460252746604,0.114120470911496,59524.622825469
0.3,CLASSICAL_LUT_FINE,2.45,6.63146462816504,16.2231852163009,0.220025226211243,0.111868579191567,59511.1114751494
0.3,CLASSICAL_LUT_FINE,2.455,6.62913464319964,16.2210491729225,0.22057893556369,0.109614914760408,59497.5894885624
0.3,CLASSICAL_LUT_FINE,2.46,6.62679944344365,16.2189146947341,0.221121373276033,0.107360011899361,59484.0600713962
0.3,CLASSICAL_LUT_FINE,2.465,6.62445960507266,16.2167822247927,0.221652534503297,0.10510441833175,59470.5265099905
0.3,CLASSICAL_LUT_FINE,2.47,6.62211570540678,16.2146522098374,0.222172417246456,0.102848697562793,59456.9921853768
0.3,CLASSICAL_LUT_FINE,2.475,6.61976832276819,16.2125250925943,0.222681022067043,0.100593338109347,59443.4600286561
0.3,CLASSICAL_LUT_FINE,2.48,6.6174180363384,16.2104013128978,0.223178352107941,0.0983388744024118,59429.9332464145
0.3,CLASSICAL_LUT_FINE,2.485,6.61506542601545,16.208281310023,0.22366441318275,0.0960858402810398,59416.4150416862
0.3,CLASSICAL_LUT_FINE,2.49,6.61271107227073,16.2061655225269,0.224139213772566,0.0938347688875112,59402.9086133251
0.3,CLASSICAL_LUT_FINE,2.495,6.61035555600578,16.2040543881001,0.22460276502223,0.0915861925571146,59389.4171553427
0.3,CLASSICAL_LUT_FINE,2.5,6.60799945840901,16.2019483434271,0.225055080735999,0.0893406427037746,59375.9438562226
0.3,CLASSICAL_LUT_FINE,2.505,6.60564336081223,16.1998478240537,0.225496177372656,0.0870986497024262,59362.4918982146
0.3,CLASSICAL_LUT_FINE,2.51,6.60328784454729,16.1977532642598,0.225926074040008,0.0848607427690524,59349.0644566143
0.3,CLASSICAL_LUT_FINE,2.515,6.60093349080256,16.1956650969361,0.226344792488793,0.0826274498389115,59335.6646990335
0.3,CLASSICAL_LUT_FINE,2.52,6.59858088047961,16.1935837534657,0.226752357105966,0.0803992974435275,59322.2957846612
0.3,CLASSICAL_LUT_FINE,2.525,6.59623059404983,16.1915096636071,0.227148794907373,0.0781768105868093,59308.9608635208
0.3,CLASSICAL_LUT_FINE,2.53,6.59388321141123,16.1894432553814,0.227534135529801,0.0759605126206839,59295.6630757241
0.3,CLASSICAL_LUT_FINE,2.535,6.59153931174535,16.1873849549605,0.227908411222408,0.0737509251204624,59282.4055507228
0.3,CLASSICAL_LUT_FINE,2.54,6.58919947337436,16.1853351865572,0.228271656837523,0.0715485677601571,59269.1914065609
0.3,CLASSICAL_LUT_FINE,2.545,6.58686427361837,16.1832943723174,0.228623909820838,0.0693539581880067,59256.023749128
0.3,CLASSICAL_LUT_FINE,2.55,6.58453428865297,16.1812629322132,0.228965210200958,0.0671676119022209,59242.9056714133
0.3,CLASSICAL_LUT_FINE,2.555,6.5822100933671,16.1792412839376,0.229295600578348,0.0649900421272278,59229.8402527634
0.3,CLASSICAL_LUT_FINE,2.56,6.57989226122115,16.1772298427999,0.229615126113653,0.0628217596903795,59216.8305581423
0.3,CLASSICAL_LUT_FINE,2.565,6.57758136410553,16.1752290216223,0.229923834515406,0.0606632728993262,59203.879637396
0.3,CLASSICAL_LUT_FINE,2.57,6.57527797219953,16.1732392306379,0.230221776027126,0.0585150874200178,59190.9905245201
0.3,CLASSICAL_LUT_FINE,2.575,6.57298265383062,16.1712608773894,0.230509003413802,0.0563777061555317,59178.1662369332
0.3,CLASSICAL_LUT_FINE,2.58,6.57069597533428,16.169294366628,0.230785571947783,0.0542516291256465,59165.4097747539
0.3,CLASSICAL_LUT_FINE,2.585,6.5684185009142,16.1673401002145,0.231051539394057,0.0521373533473124,59152.7241200839
0.3,CLASSICAL_LUT_FINE,2.59,6.56615079250312,16.1653984770205,0.231306965994943,0.0500353727160086,59140.1122362961
0.3,CLASSICAL_LUT_FINE,2.595,6.56389340962416,16.1634698928305,0.231551914454188,0.0479461778880612,59127.5770673284
0.3,CLASSICAL_LUT_FINE,2.6,6.56164690925277,16.1615547402452,0.231786449920479,0.0458702561639193,59115.1215369835
0.3,CLASSICAL_LUT_FINE,2.605,6.55941184567928,16.1596534085852,0.232010639970374,0.0438080913724868,59102.7485482349
0.3,CLASSICAL_LUT_FINE,2.61,6.55718877037221,16.1577662837966,0.232224554590659,0.0417601637564573,59090.4609825387
0.3,CLASSICAL_LUT_FINE,2.615,6.55497823184212,16.1558937483563,0.232428266160129,0.0397269498587605,59078.2616991526
0.3,CLASSICAL_LUT_FINE,2.62,6.55278077550631,16.1540361811789,0.23262184943081,0.0377089224100793,59066.1535344605
0.3,CLASSICAL_LUT_FINE,2.625,6.55059694355424,16.1521939575247,0.232805381508619,0.0357065502175598,59054.1393013054
0.3,CLASSICAL_LUT_FINE,2.63,6.54842727481379,16.1503674489084,0.232978941833469,0.0337202980546021,59042.2217883276
0.3,CLASSICAL_LUT_FINE,2.635,6.54627230461824,16.1485570230085,0.23314261215883,0.0317506265518883,59030.4037593113
0.3,CLASSICAL_LUT_FINE,2.64,6.54413256467425,16.1467630435784,0.233296476530741,0.0297979920895912,59018.6879525375
0.3,CLASSICAL_LUT_FINE,2.645,6.54200858293062,16.1449858703579,0.233440621266296,0.0278628466908142,59007.0770801449
0.3,CLASSICAL_LUT_FINE,2.65,6.53990088344807,16.1432258589863,0.233575134931589,0.0259456379162977,58995.5738274978
0.3,CLASSICAL_LUT_FINE,2.655,6.53780998626992,16.1414833609157,0.233700108319148,0.0240468087603496,58984.1808525621
0.3,CLASSICAL_LUT_FINE,2.66,6.53573640729375,16.1397587233266,0.233815634424838,0.0221667975481115,58972.9007852887
0.3,CLASSICAL_LUT_FINE,2.665,6.53368065814415,16.1380522890432,0.233921808424269,0.0203060378341107,58961.7362270047
0.3,CLASSICAL_LUT_FINE,2.67,6.53164324604645,16.1363643964511,0.234018727648685,0.0184649583021486,58950.6897498129
0.3,CLASSICAL_LUT_FINE,2.675,6.52962467370162,16.1346953794154,0.234106491560368,0.0166439826665208,58939.7638959991
0.3,CLASSICAL_LUT_FINE,2.68,6.52762543916216,16.1330455671998,0.234185201727543,0.0148435295746214,58928.9611774477
0.3,CLASSICAL_LUT_FINE,2.685,6.52564603570929,16.1314152843878,0.234254961798805,0.0130640125109114,58918.2840750655
0.3,CLASSICAL_LUT_FINE,2.69,6.52368695173119,16.1298048508038,0.234315877477066,0.0113058397022918,58907.7350382137
0.3,CLASSICAL_LUT_FINE,2.695,6.52174867060252,16.1282145814364,0.234368056493034,0.00956941402487921,58897.3164841493
0.3,CLASSICAL_LUT_FINE,2.7,6.51983167056514,16.1266447863626,0.234411608578229,0.00785513291224404,58887.0307974735
0.3,CLASSICAL_LUT_FINE,2.705,6.51793642461012,16.1250957706732,0.234446645437544,0.00616338826502627,58876.8803295902
0.3,CLASSICAL_LUT_FINE,2.71,6.51606340036106,16.1235678343994,0.234473280721357,0.00449456636210677,58866.8673981726
0.3,CLASSICAL_LUT_FINE,2.715,6.51421305995865,16.1220612724405,0.234491629997203,0.00284904777314132,58856.9942866389
0.3,CLASSICAL_LUT_FINE,2.72,6.51238585994671,16.1205763744937,0.234501810721014,0.001227207272672,58847.263243636
0.3,CLASSICAL_LUT_FINE,2.725,6.51058225115948,16.1191134249841,0.234503942207929,-0.000370586244313742,58837.6764825341
0.3,CLASSICAL_LUT_FINE,2.73,6.50880267861046,16.1176727029967,0.234498145602691,-0.00194396984528389,58828.2361809283
0.3,CLASSICAL_LUT_FINE,2.735,6.50704758138254,16.1162544822097,0.23448454384963,-0.00349258664155805,58818.9444801506
0.3,CLASSICAL_LUT_FINE,2.74,6.5053173925197,16.1148590308287,0.234463261662241,-0.00501608586817603,58809.8034847909
0.3,CLASSICAL_LUT_FINE,2.745,6.50361253892016,16.1134866115227,0.234434425492372,-0.00651412296214993,58800.8152622271
0.3,CLASSICAL_LUT_FINE,2.75,6.50193344123103,16.1121374813615,0.234398163499022,-0.00798635963927374,58791.9818421644
0.3,CLASSICAL_LUT_FINE,2.755,6.50028051374453,16.110811891754,0.234354605516754,-0.0094324639692438,58783.3052161845
0.3,CLASSICAL_LUT_FINE,2.76,6.4986541642958,16.1095100899974,0.234303883088846,-0.0108520805999568,58774.7875164003
0.3,CLASSICAL_LUT_FINE,2.765,6.49705479416222,16.1082323182016,0.234246129408298,-0.0122449168948862,58766.4304986307
0.3,CLASSICAL_LUT_FINE,2.77,6.49548279796444,16.1069788096622,0.234181479134756,-0.0136106664188436,58758.2360014869
0.3,CLASSICAL_LUT_FINE,2.775,6.493938563569,16.1057497918317,0.234110068470379,-0.0149490229754186,58750.2058621475
0.3,CLASSICAL_LUT_FINE,2.78,6.49242247199264,16.1045454863654,0.23403203513135,-0.016259687157838,58742.341877053
0.3,CLASSICAL_LUT_FINE,2.785,6.49093489730826,16.1033661090378,0.233947518313812,-0.0175423663971515,58734.6458016171
0.3,CLASSICAL_LUT_FINE,2.79,6.48947620655265,16.1022118696667,0.233856658659556,-0.0187967750124134,58727.1193499255
0.3,CLASSICAL_LUT_FINE,2.795,6.48804675963594,16.101082972044,0.233759598221448,-0.0200226342620677,58719.7641944276
0.3,CLASSICAL_LUT_FINE,2.8,6.48664690925277,16.0999796138717,0.233656480428607,-0.021219672395878,58712.5819656247
0.3,CLASSICAL_LUT_FINE,2.805,6.48527700079525,16.0989019867035,0.233547450051315,-0.0223876247070915,58705.5742517574
0.3,CLASSICAL_LUT_FINE,2.81,6.48393737226782,16.0978502758886,0.233432653165672,-0.0235262335842723,58698.7425984944
0.3,CLASSICAL_LUT_FINE,2.815,6.48262835420377,16.0968246605212,0.233312237117988,-0.0246352485626389,58692.0885086242
0.3,CLASSICAL_LUT_FINE,2.82,6.4813502695837,16.0958253133913,0.233186350488925,-0.0257144263746181,58685.6134417523
0.3,CLASSICAL_LUT_FINE,2.825,6.48010343375589,16.0948524009393,0.233055143057388,-0.0267635309994407,58679.3188140033
0.3,CLASSICAL_LUT_FINE,2.83,6.47888815435842,16.0939060832129,0.232918765764166,-0.0277823337115866,58673.2059977305
0.3,CLASSICAL_LUT_FINE,2.835,6.47770473124328,16.0929865138259,0.232777370675338,-0.0287706131280423,58667.2763212317
0.3,CLASSICAL_LUT_FINE,2.84,6.47655345640243,16.0920938399204,0.232631110945448,-0.0297281552541531,58661.5310684751
0.3,CLASSICAL_LUT_FINE,2.845,6.4754346138957,16.0912282021293,0.232480140780447,-0.0306547535281378,58655.9714788312
0.3,CLASSICAL_LUT_FINE,2.85,6.47434847978075,16.0903897345421,0.232324615400424,-0.0315502088640756,58650.5987468155
0.3,CLASSICAL_LUT_FINE,2.855,6.47329532204492,16.0895785646725,0.232164691002121,-0.0324143296933741,58645.4140218398
0.3,CLASSICAL_LUT_FINE,2.86,6.4722754005391,16.0887948134269,0.232000524721246,-0.0332469320047046,58640.4184079718
0.3,CLASSICAL_LUT_FINE,2.865,6.47128896691369,16.0880385950758,0.23183227459459,-0.0340478393822981,58635.6129637062
0.3,CLASSICAL_LUT_FINE,2.87,6.47033626455641,16.0873100172259,0.231660099521958,-0.0348168830426445,58630.9987017441
0.3,CLASSICAL_LUT_FINE,2.875,6.46941752853231,16.0866091807953,0.231484159227917,-0.0355539018695552,58626.5765887827
0.3,CLASSICAL_LUT_FINE,2.88,6.46853298552577,16.0859361799887,0.231304614223377,-0.036258742447524,58622.3475453149
0.3,CLASSICAL_LUT_FINE,2.885,6.46768285378453,16.0852911022754,0.231121625767009,-0.0369312590934765,58618.3124454391
0.3,CLASSICAL_LUT_FINE,2.89,6.46686734306587,16.0846740283692,0.230935355826503,-0.0375713138867724,58614.4721166794
0.3,CLASSICAL_LUT_FINE,2.895,6.46608665458488,16.0840850322088,0.230745967039688,-0.0381787766975616,58610.8273398146
0.3,CLASSICAL_LUT_FINE,2.9,6.46534098096473,16.0835241809407,0.23055362267551,-0.0387535252134086,58607.3788487195
0.3,CLASSICAL_LUT_FINE,2.905,6.46463050618926,16.0829915349039,0.230358486594878,-0.0392954449642389,58604.1273302146
0.3,CLASSICAL_LUT_FINE,2.91,6.46395540555747,16.0824871476156,0.230160723211401,-0.0398044293455424,58601.0734239267
0.3,CLASSICAL_LUT_FINE,2.915,6.46331584564034,16.0820110657588,0.229960497451998,-0.0402803796398867,58598.2177221607
0.3,CLASSICAL_LUT_FINE,2.92,6.46271198423971,16.0815633291718,0.229757974717418,-0.0407232050367163,58595.5607697797
0.3,CLASSICAL_LUT_FINE,2.925,6.46214397034936,16.081143970839,0.229553320842657,-0.0411328226504022,58593.1030640976
0.3,CLASSICAL_LUT_FINE,2.93,6.4616119441182,16.0807530168836,0.229346702057292,-0.041509157536602,58590.8450547804
0.3,CLASSICAL_LUT_FINE,2.935,6.46111603681574,16.0803904865615,0.229138284945737,-0.0418521427069081,58588.7871437585
0.3,CLASSICAL_LUT_FINE,2.94,6.4606563707997,16.0800563922576,0.228928236407432,-0.0421617191417081,58586.9296851497
0.3,CLASSICAL_LUT_FINE,2.945,6.46023305948579,16.0797507394826,0.22871672361697,-0.0424378358014224,58585.2729851915
0.3,CLASSICAL_LUT_FINE,2.95,6.45984620731974,16.0794735268728,0.228503913984169,-0.0426804496359221,58583.8173021845
0.3,CLASSICAL_LUT_FINE,2.955,6.45949590975152,16.0792247461902,0.22828997511411,-0.0428895255922885,58582.5628464463
0.3,CLASSICAL_LUT_FINE,2.96,6.45918225321184,16.0790043823253,0.228075074767132,-0.0430650366208365,58581.509780275
0.3,CLASSICAL_LUT_FINE,2.965,6.45890531509073,16.0788124133009,0.227859380818805,-0.0432069636794097,58580.6582179235
0.3,CLASSICAL_LUT_FINE,2.97,6.45866516371855,16.0786488102774,0.227643061219884,-0.0433152957359439,58580.0082255843
0.3,CLASSICAL_LUT_FINE,2.975,6.45846185834904,16.0785135375606,0.227426283956259,-0.0433900297693608,58579.5598213838
0.3,CLASSICAL_LUT_FINE,2.98,6.45829544914477,16.07840655261,0.227209217008897,-0.0434311707686934,58579.3129753878
0.3,CLASSICAL_LUT_FINE,2.985,6.45816597716471,16.0783278060496,0.226992028313803,-0.0434387317305038,58579.267609617
0.3,CLASSICAL_LUT_FINE,2.99,6.45807347435415,16.0782772416798,0.226774885721984,-0.0434127336546482,58579.4235980721
0.3,CLASSICAL_LUT_FINE,2.995,6.45801796353676,16.0782547964909,0.226557956959456,-0.0433532055382297,58579.7807667706
0.3,CLASSICAL_LUT_FINE,3,6.45799945840901,16.0782604006787,0.22634140958727,-0.0432601843679414,58580.3388937923
0.3,CLASSICAL_LUT_FINE,3.005,6.45799945840901,16.0782929693678,0.226125370554739,-0.0431578112096673,58580.953132742
0.3,CLASSICAL_LUT_FINE,3.01,6.45799945840901,16.0783478199226,0.225909810414092,-0.0430681381455411,58581.4911711267
0.3,CLASSICAL_LUT_FINE,3.015,6.45799945840901,16.0784203347635,0.225694672437385,-0.0429885569959332,58581.9686580244
0.3,CLASSICAL_LUT_FINE,3.02,6.45799945840901,16.078506847575,0.225479911542427,-0.0429169968674454,58582.3980187953
0.3,CLASSICAL_LUT_FINE,3.025,6.45799945840901,16.0786044473344,0.225265491893762,-0.0428518134661839,58582.7891192029
0.3,CLASSICAL_LUT_FINE,3.03,6.45799945840901,16.0787108227163,0.225051384997875,-0.0427917012152346,58583.1497927086
0.3,CLASSICAL_LUT_FINE,3.035,6.45799945840901,16.0788241385525,0.224837568190791,-0.0427356234774869,58583.4862591351
0.3,CLASSICAL_LUT_FINE,3.04,6.45799945840901,16.078942937742,0.22462402343724,-0.042682757153484,58583.8034570791
0.3,CLASSICAL_LUT_FINE,3.045,6.45799945840901,16.0790660633695,0.224410736377189,-0.0426324486925402,58584.1053078448
0.3,CLASSICAL_LUT_FINE,3.05,6.45799945840901,16.0791925968669,0.224197695568795,-0.0425841791658481,58584.3949250049
0.3,CLASSICAL_LUT_FINE,3.055,6.45799945840901,16.0793218089145,0.223984891887302,-0.0425375365346117,58584.6747807923
0.3,CLASSICAL_LUT_FINE,3.06,6.45799945840901,16.0794531204559,0.223772318047768,-0.0424921936309683,58584.9468382142
0.3,CLASSICAL_LUT_FINE,3.065,6.45799945840901,16.0795860717447,0.223559968226109,-0.0424478906748273,58585.212655951
0.3,CLASSICAL_LUT_FINE,3.07,6.45799945840901,16.0797202977663,0.223347837758205,-0.0424044213922237,58585.4734716467
0.3,CLASSICAL_LUT_FINE,3.075,6.45799945840901,16.0798555087242,0.223135922900987,-0.0423616219932512,58585.7302680405
0.3,CLASSICAL_LUT_FINE,3.08,6.45799945840901,16.0799914745447,0.222924220642749,-0.0423193624205016,58585.983825477
0.3,CLASSICAL_LUT_FINE,3.085,6.45799945840901,16.0801280125746,0.222712728552519,-0.0422775394003061,58586.2347635982
0.3,CLASSICAL_LUT_FINE,3.09,6.45799945840901,16.0802649778126,0.222501444660477,-0.0422360709253873,58586.4835744477
0.3,CLASSICAL_LUT_FINE,3.095,6.45799945840901,16.080402255153,0.222290367362989,-0.0421948918740664,58586.7306487556
0.3,CLASSICAL_LUT_FINE,3.1,6.45799945840901,16.0805397532274,0.222079495347219,-0.0421539505318904,58586.9762968087
0.3,CLASSICAL_LUT_FINE,3.105,6.45799945840901,16.080677399515,0.221868827531259,-0.042113205829807,58587.2207650211
0.3,CLASSICAL_LUT_FINE,3.11,6.45799945840901,16.0808151364597,0.221658363016599,-0.042072625151242,58587.4642490925
0.3,CLASSICAL_LUT_FINE,3.115,6.45799945840901,16.0809529183876,0.221448101050384,-0.0420321825909298,58587.7069044544
0.3,CLASSICAL_LUT_FINE,3.12,6.45799945840901,16.0810907090594,0.221238040995449,-0.041991857572393,58587.9488545656
0.3,CLASSICAL_LUT_FINE,3.125,6.45799945840901,16.0812284797266,0.221028182306526,-0.0419516337502639,58588.1901974984
0.3,CLASSICAL_LUT_FINE,3.13,6.45799945840901,16.0813662075885,0.220818524511347,-0.0419114981386599,58588.431011168
0.3,CLASSICAL_LUT_FINE,3.135,6.45799945840901,16.081503874567,0.220609067195651,-0.0418714404191629,58588.671357485
0.3,CLASSICAL_LUT_FINE,3.14,6.45799945840901,16.0816414663336,0.220399809991267,-0.0418314523913317,58588.911285652
0.3,CLASSICAL_LUT_FINE,3.145,6.45799945840901,16.0817789715372,0.22019075256666,-0.0417915275364056,58589.1508347816
0.3,CLASSICAL_LUT_FINE,3.15,6.45799945840901,16.0819163811905,0.219981894619421,-0.0417516606708919,58589.3900359746
0.3,CLASSICAL_LUT_FINE,3.155,6.45799945840901,16.082053688183,0.219773235870307,-0.0417118476715057,58589.628913971
0.3,CLASSICAL_LUT_FINE,3.16,6.45799945840901,16.0821908868947,0.219564776058504,-0.0416720852567831,58589.8674884593
0.3,CLASSICAL_LUT_FINE,3.165,6.45799945840901,16.0823279728885,0.219356514937871,-0.0416323708136623,58590.105775118
0.3,CLASSICAL_LUT_FINE,3.17,6.45799945840901,16.0824649426672,0.219148452273953,-0.0415927022598073,58590.3437864412
0.3,CLASSICAL_LUT_FINE,3.175,6.45799945840901,16.082601793479,0.218940587841613,-0.0415530779342888,58590.5815323943
0.3,CLASSICAL_LUT_FINE,3.18,6.45799945840901,16.0827385231648,0.21873292142315,-0.0415134965107793,58590.8190209353
0.3,CLASSICAL_LUT_FINE,3.185,6.45799945840901,16.0828751300353,0.218525452806804,-0.0414739569286287,58591.0562584282
0.3,CLASSICAL_LUT_FINE,3.19,6.45799945840901,16.0830116127749,0.218318181785572,-0.041434458338145,58591.2932499711
0.3,CLASSICAL_LUT_FINE,3.195,6.45799945840901,16.0831479703641,0.218111108156262,-0.0413950000571432,58591.5299996571
0.3,CLASSICAL_LUT_FINE,3.2,6.45799945840901,16.0832842020188,0.217904231718751,-0.0413555815364557,58591.7665107813
0.3,CLASSICAL_LUT_FINE,3.205,6.45799945840901,16.0834203071418,0.217697552275384,-0.0413162023325189,58592.0027860049
0.3,CLASSICAL_LUT_FINE,3.21,6.45799945840901,16.0835562852841,0.217491069630509,-0.0412768620856365,58592.2388274862
0.3,CLASSICAL_LUT_FINE,3.215,6.45799945840901,16.0836921361144,0.217284783590098,-0.0412375605027258,58592.4746369836
0.3,CLASSICAL_LUT_FINE,3.22,6.45799945840901,16.0838278593949,0.21707869396145,-0.0411982973435645,58592.7102159386
0.3,CLASSICAL_LUT_FINE,3.225,6.45799945840901,16.083963454962,0.216872800552959,-0.0411590724099469,58592.9455655403
0.3,CLASSICAL_LUT_FINE,3.23,6.45799945840901,16.084098922711,0.216667103173922,-0.0411198855370181,58593.1806867779
0.3,CLASSICAL_LUT_FINE,3.235,6.45799945840901,16.0842342625838,0.21646160163439,-0.0410807365864017,58593.4155804816
0.3,CLASSICAL_LUT_FINE,3.24,6.45799945840901,16.0843694745594,0.216256295745053,-0.0410416254407817,58593.6502473553
0.3,CLASSICAL_LUT_FINE,3.245,6.45799945840901,16.0845045586464,0.216051185317145,-0.0410025519995401,58593.8846880028
0.3,CLASSICAL_LUT_FINE,3.25,6.45799945840901,16.0846395148765,0.215846270162366,-0.0409635161753439,58594.1189029479
0.3,CLASSICAL_LUT_FINE,3.255,6.45799945840901,16.0847743432999,0.215641550092827,-0.0409245178914048,58594.3528926516
0.3,CLASSICAL_LUT_FINE,3.26,6.45799945840901,16.0849090439817,0.215437024921001,-0.0408855570793278,58594.586657524
0.3,CLASSICAL_LUT_FINE,3.265,6.45799945840901,16.0850436169983,0.215232694459686,-0.0408466336773721,58594.8201979358
0.3,CLASSICAL_LUT_FINE,3.27,6.45799945840901,16.0851780624356,0.215028558521973,-0.0408077476291027,58595.0535142254
0.3,CLASSICAL_LUT_FINE,3.275,6.45799945840901,16.0853123803866,0.214824616921228,-0.040768898882293,58595.2866067062
0.3,CLASSICAL_LUT_FINE,3.28,6.45799945840901,16.08544657095,0.214620869471065,-0.0407300873880789,58595.5194756715
0.3,CLASSICAL_LUT_FINE,3.285,6.45799945840901,16.0855806342293,0.214417315985338,-0.040691313100254,58595.7521213985
0.3,CLASSICAL_LUT_FINE,3.29,6.45799945840901,16.0857145703313,0.214213956278127,-0.040652575974752,58595.9845441515
0.3,CLASSICAL_LUT_FINE,3.295,6.45799945840901,16.0858483793659,0.214010790163725,-0.0406138759691945,58596.2167441848
0.3,CLASSICAL_LUT_FINE,3.3,6.45799945840901,16.085982061445,0.213807817456638,-0.0405752130425601,58596.4487217446
0.3,CLASSICAL_LUT_FINE,3.305,6.45799945840901,16.0861156166823,0.21360503797157,-0.0405365871549108,58596.6804770705
0.3,CLASSICAL_LUT_FINE,3.31,6.45799945840901,16.0862490451929,0.213402451523424,-0.0404979982671758,58596.9120103969
0.3,CLASSICAL_LUT_FINE,3.315,6.45799945840901,16.086382347093,0.213200057927297,-0.0404594463409769,58597.1433219541
0.3,CLASSICAL_LUT_FINE,3.32,6.45799945840901,16.0865155224994,0.212997856998476,-0.0404209313384989,58597.374411969
0.3,CLASSICAL_LUT_FINE,3.325,6.45799945840901,16.0866485715297,0.212795848552436,-0.0403824532223762,58597.6052806657
0.3,CLASSICAL_LUT_FINE,3.33,6.45799945840901,16.086781494302,0.212594032404838,-0.0403440119556073,58597.8359282664
0.3,CLASSICAL_LUT_FINE,3.335,6.45799945840901,16.0869142909346,0.212392408371527,-0.0403056075014945,58598.066354991
0.3,CLASSICAL_LUT_FINE,3.34,6.45799945840901,16.0870469615461,0.212190976268531,-0.0402672398235779,58598.2965610585
0.3,CLASSICAL_LUT_FINE,3.345,6.45799945840901,16.0871795062555,0.211989735912059,-0.0402289088855987,58598.5265466864
0.3,CLASSICAL_LUT_FINE,3.35,6.45799945840901,16.0873119251816,0.211788687118503,-0.0401906146514701,58598.7563120912
0.3,CLASSICAL_LUT_FINE,3.355,6.45799945840901,16.0874442184433,0.211587829704433,-0.0401523570852387,58598.9858574886
0.3,CLASSICAL_LUT_FINE,3.36,6.45799945840901,16.0875763861598,0.211387163486598,-0.0401141361510717,58599.2151830936
0.3,CLASSICAL_LUT_FINE,3.365,6.45799945840901,16.0877084284501,0.211186688281929,-0.0400759518132361,58599.4442891206
0.3,CLASSICAL_LUT_FINE,3.37,6.45799945840901,16.0878403454332,0.210986403907533,-0.0400378040360856,58599.6731757835
0.3,CLASSICAL_LUT_FINE,3.375,6.45799945840901,16.087972137228,0.210786310180695,-0.039999692784054,58599.9018432957
0.3,CLASSICAL_LUT_FINE,3.38,6.45799945840901,16.0881038039535,0.210586406918878,-0.0399616180216427,58600.1302918701
0.3,CLASSICAL_LUT_FINE,3.385,6.45799945840901,16.0882353457284,0.210386693939723,-0.0399235797134079,58600.3585217195
0.3,CLASSICAL_LUT_FINE,3.39,6.45799945840901,16.0883667626717,0.210187171061047,-0.0398855778239717,58600.5865330562
0.3,CLASSICAL_LUT_FINE,3.395,6.45799945840901,16.0884980549019,0.209987838100845,-0.0398476123179936,58600.814326092
0.3,CLASSICAL_LUT_FINE,3.4,6.45799945840901,16.0886292225377,0.209788694877288,-0.0398096831602022,58601.0419010388
0.3,CLASSICAL_LUT_FINE,3.405,6.45799945840901,16.0887602656975,0.209589741208723,-0.0397717903153456,58601.2692581079
0.3,CLASSICAL_LUT_FINE,3.41,6.45799945840901,16.0888911844998,0.209390976913673,-0.0397339337482343,58601.4963975106
0.3,CLASSICAL_LUT_FINE,3.415,6.45799945840901,16.0890219790628,0.209192401810838,-0.0396961134237088,58601.7233194577
0.3,CLASSICAL_LUT_FINE,3.42,6.45799945840901,16.0891526495048,0.208994015719091,-0.039658329306663,58601.95002416
0.3,CLASSICAL_LUT_FINE,3.425,6.45799945840901,16.0892831959438,0.208795818457485,-0.0396205813620121,58602.1765118279
0.3,CLASSICAL_LUT_FINE,3.43,6.45799945840901,16.0894136184979,0.208597809845244,-0.039582869554728,58602.4027826716
0.3,CLASSICAL_LUT_FINE,3.435,6.45799945840901,16.0895439172848,0.208399989701768,-0.0395451938498024,58602.6288369012
0.3,CLASSICAL_LUT_FINE,3.44,6.45799945840901,16.0896740924224,0.208202357846635,-0.0395075542122783,58602.8546747263
0.3,CLASSICAL_LUT_FINE,3.445,6.45799945840901,16.0898041440282,0.208004914099593,-0.03946995060722,58603.0802963567
0.3,CLASSICAL_LUT_FINE,3.45,6.45799945840901,16.08993407222,0.207807658280568,-0.0394323829997454,58603.3057020015
0.3,CLASSICAL_LUT_FINE,3.455,6.45799945840901,16.090063877115,0.207610590209659,-0.039394851354988,58603.5308918701
0.3,CLASSICAL_LUT_FINE,3.46,6.45799945840901,16.0901935588306,0.207413709707139,-0.0393573556381384,58603.7558661712
0.3,CLASSICAL_LUT_FINE,3.465,6.45799945840901,16.090323117484,0.207217016593457,-0.0393198958144012,58603.9806251136
0.3,CLASSICAL_LUT_FINE,3.47,6.45799945840901,16.0904525531923,0.207020510689233,-0.0392824718490328,58604.2051689058
0.3,CLASSICAL_LUT_FINE,3.475,6.45799945840901,16.0905818660726,0.206824191815262,-0.0392450837073124,58604.4294977561
0.3,CLASSICAL_LUT_FINE,3.48,6.45799945840901,16.0907110562416,0.206628059792512,-0.0392077313545602,58604.6536118726
0.3,CLASSICAL_LUT_FINE,3.485,6.45799945840901,16.0908401238162,0.206432114442127,-0.0391704147561303,58604.8775114632
0.3,CLASSICAL_LUT_FINE,3.49,6.45799945840901,16.0909690689129,0.20623635558542,-0.0391331338774119,58605.1011967355
0.3,CLASSICAL_LUT_FINE,3.495,6.45799945840901,16.0910978916484,0.206040783043879,-0.0390958886838249,58605.324667897
0.3,CLASSICAL_LUT_FINE,3.5,6.45799945840901,16.0912265921391,0.205845396639165,-0.0390586791408261,58605.547925155
0.3,CLASSICAL_LUT_FINE,3.505,6.45799945840901,16.0913551705013,0.205650196193112,-0.039021505213908,58605.7709687165
0.3,CLASSICAL_LUT_FINE,3.51,6.45799945840901,16.0914836268511,0.205455181527725,-0.0389843668685934,58605.9937987884
0.3,CLASSICAL_LUT_FINE,3.515,6.45799945840901,16.0916119613048,0.205260352465182,-0.038947264070444,58606.2164155773
0.3,CLASSICAL_LUT_FINE,3.52,6.45799945840901,16.0917401739782,0.205065708827833,-0.03891019678505,58606.4388192897
0.3,CLASSICAL_LUT_FINE,3.525,6.45799945840901,16.0918682649874,0.204871250438202,-0.0388731649780389,58606.6610101318
0.3,CLASSICAL_LUT_FINE,3.53,6.45799945840901,16.0919962344479,0.204676977118981,-0.0388361686150773,58606.8829883095
0.3,CLASSICAL_LUT_FINE,3.535,6.45799945840901,16.0921240824755,0.204482888693036,-0.0387992076618549,58607.1047540289
0.3,CLASSICAL_LUT_FINE,3.54,6.45799945840901,16.0922518091858,0.204288984983404,-0.0387622820841003,58607.3263074954
0.3,CLASSICAL_LUT_FINE,3.545,6.45799945840901,16.0923794146941,0.204095265813294,-0.0387253918475849,58607.5476489145
0.3,CLASSICAL_LUT_FINE,3.55,6.45799945840901,16.0925068991158,0.203901731006085,-0.0386885369180998,58607.7687784914
0.3,CLASSICAL_LUT_FINE,3.555,6.45799945840901,16.0926342625661,0.203708380385326,-0.0386517172614731,58607.9896964312
0.3,CLASSICAL_LUT_FINE,3.56,6.45799945840901,16.0927615051601,0.20351521377474,-0.0386149328435774,58608.2104029385
0.3,CLASSICAL_LUT_FINE,3.565,6.45799945840901,16.0928886270128,0.203322230998218,-0.0385781836303067,58608.4308982182
0.3,CLASSICAL_LUT_FINE,3.57,6.45799945840901,16.093015628239,0.203129431879821,-0.0385414695875923,58608.6511824744
0.3,CLASSICAL_LUT_FINE,3.575,6.45799945840901,16.0931425089537,0.202936816243782,-0.0385047906814009,58608.8712559116
0.3,CLASSICAL_LUT_FINE,3.58,6.45799945840901,16.0932692692713,0.202744383914504,-0.038468146877733,58609.0911187336
0.3,CLASSICAL_LUT_FINE,3.585,6.45799945840901,16.0933959093065,0.202552134716558,-0.0384315381426212,58609.3107711443
0.3,CLASSICAL_LUT_FINE,3.59,6.45799945840901,16.0935224291737,0.202360068474688,-0.0383949644421318,58609.5302133472
0.3,CLASSICAL_LUT_FINE,3.595,6.45799945840901,16.0936488289872,0.202168185013804,-0.0383584257423681,58609.7494455458
0.3,CLASSICAL_LUT_FINE,3.6,6.45799945840901,16.0937751088613,0.201976484158987,-0.0383219220094606,58609.9684679432
0.3,CLASSICAL_LUT_FINE,3.605,6.45799945840901,16.0939012689101,0.201784965735489,-0.0382854532095784,58610.1872807425
0.3,CLASSICAL_LUT_FINE,3.61,6.45799945840901,16.0940273092476,0.201593629568727,-0.0382490193089193,58610.4058841465
0.3,CLASSICAL_LUT_FINE,3.615,6.45799945840901,16.0941532299876,0.201402475484291,-0.0382126202737183,58610.6242783577
0.3,CLASSICAL_LUT_FINE,3.62,6.45799945840901,16.0942790312441,0.201211503307938,-0.0381762560702477,58610.8424635785
0.3,CLASSICAL_LUT_FINE,3.625,6.45799945840901,16.0944047131305,0.201020712865594,-0.038139926664801,58611.0604400112
0.3,CLASSICAL_LUT_FINE,3.63,6.45799945840901,16.0945302757607,0.200830103983351,-0.0381036320237165,58611.2782078577
0.3,CLASSICAL_LUT_FINE,3.635,6.45799945840901,16.0946557192479,0.200639676487473,-0.0380673721133657,58611.4957673198
0.3,CLASSICAL_LUT_FINE,3.64,6.45799945840901,16.0947810437055,0.20044943020439,-0.0380311469001402,58611.7131185992
0.3,CLASSICAL_LUT_FINE,3.645,6.45799945840901,16.0949062492468,0.2002593649607,-0.0379949563504791,58611.9302618971
0.3,CLASSICAL_LUT_FINE,3.65,6.45799945840901,16.095031335985,0.20006948058317,-0.0379588004308484,58612.1471974149
0.3,CLASSICAL_LUT_FINE,3.655,6.45799945840901,16.095156304033,0.199879776898732,-0.0379226791077478,58612.3639253535
0.3,CLASSICAL_LUT_FINE,3.66,6.45799945840901,16.0952811535038,0.199690253734488,-0.0378865923477143,58612.5804459137
0.3,CLASSICAL_LUT_FINE,3.665,6.45799945840901,16.0954058845101,0.199500910917707,-0.0378505401173062,58612.7967592962
0.3,CLASSICAL_LUT_FINE,3.67,6.45799945840901,16.0955304971648,0.199311748275823,-0.0378145223831297,58613.0128657012
0.3,CLASSICAL_LUT_FINE,3.675,6.45799945840901,16.0956549915804,0.199122765636438,-0.0377785391118159,58613.2287653291
0.3,CLASSICAL_LUT_FINE,3.68,6.45799945840901,16.0957793678693,0.198933962827323,-0.0377425902700281,58613.4444583798
0.3,CLASSICAL_LUT_FINE,3.685,6.45799945840901,16.095903626144,0.198745339676412,-0.0377066758244702,58613.6599450532
0.3,CLASSICAL_LUT_FINE,3.69,6.45799945840901,16.0960277665167,0.198556896011808,-0.0376707957418638,58613.8752255488
0.3,CLASSICAL_LUT_FINE,3.695,6.45799945840901,16.0961517890996,0.198368631661779,-0.037634949988977,58614.0903000661
0.3,CLASSICAL_LUT_FINE,3.7,6.45799945840901,16.0962756940048,0.198180546454759,-0.0375991385326095,58614.3051688043
0.3,CLASSICAL_LUT_FINE,3.705,6.45799945840901,16.0963994813442,0.197992640219348,-0.037563361339588,58614.5198319625
0.3,CLASSICAL_LUT_FINE,3.71,6.45799945840901,16.0965231512296,0.197804912784314,-0.0375276183767763,58614.7342897393
0.3,CLASSICAL_LUT_FINE,3.715,6.45799945840901,16.0966467037729,0.197617363978586,-0.0374919096110684,58614.9485423336
0.3,CLASSICAL_LUT_FINE,3.72,6.45799945840901,16.0967701390855,0.197429993631264,-0.0374562350093939,58615.1625899436
0.3,CLASSICAL_LUT_FINE,3.725,6.45799945840901,16.0968934572792,0.197242801571609,-0.0374205945387089,58615.3764327677
0.3,CLASSICAL_LUT_FINE,3.73,6.45799945840901,16.0970166584652,0.197055787629048,-0.0373849881660124,58615.5900710039
0.3,CLASSICAL_LUT_FINE,3.735,6.45799945840901,16.0971397427549,0.196868951633175,-0.0373494158583245,58615.8035048501
0.3,CLASSICAL_LUT_FINE,3.74,6.45799945840901,16.0972627102594,0.196682293413746,-0.0373138775827062,58616.0167345038
0.3,CLASSICAL_LUT_FINE,3.745,6.45799945840901,16.09738556109,0.196495812800683,-0.0372783733062487,58616.2297601625
0.3,CLASSICAL_LUT_FINE,3.75,6.45799945840901,16.0975082953575,0.196309509624074,-0.0372429029960717,58616.4425820236
0.3,CLASSICAL_LUT_FINE,3.755,6.45799945840901,16.0976309131729,0.196123383714168,-0.0372074666193374,58616.655200284
0.3,CLASSICAL_LUT_FINE,3.76,6.45799945840901,16.097753414647,0.195937434901381,-0.037172064143224,58616.8676151407
0.3,CLASSICAL_LUT_FINE,3.765,6.45799945840901,16.0978757998904,0.195751663016291,-0.0371366955349632,58617.0798267902
0.3,CLASSICAL_LUT_FINE,3.77,6.45799945840901,16.0979980690136,0.19556606788964,-0.0371013607617972,58617.2918354292
0.3,CLASSICAL_LUT_FINE,3.775,6.45799945840901,16.0981202221272,0.195380649352337,-0.0370660597910177,58617.5036412539
0.3,CLASSICAL_LUT_FINE,3.78,6.45799945840901,16.0982422593416,0.195195407235449,-0.0370307925899436,58617.7152444603
0.3,CLASSICAL_LUT_FINE,3.785,6.45799945840901,16.0983641807669,0.19501034137021,-0.0369955591259181,58617.9266452445
0.3,CLASSICAL_LUT_FINE,3.79,6.45799945840901,16.0984859865133,0.194825451588017,-0.036960359366331,58618.137843802
0.3,CLASSICAL_LUT_FINE,3.795,6.45799945840901,16.0986076766908,0.194640737720428,-0.0369251932785879,58618.3488403285
0.3,CLASSICAL_LUT_FINE,3.8,6.45799945840901,16.0987292514095,0.194456199599166,-0.0368900608301423,58618.5596350191
0.3,CLASSICAL_LUT_FINE,3.805,6.45799945840901,16.098850710779,0.194271837056116,-0.0368549619884693,58618.7702280692
0.3,CLASSICAL_LUT_FINE,3.81,6.45799945840901,16.0989720549092,0.194087649923326,-0.0368198967210756,58618.9806196735
0.3,CLASSICAL_LUT_FINE,3.815,6.45799945840901,16.0990932839097,0.193903638033004,-0.0367848649955107,58619.1908100269
0.3,CLASSICAL_LUT_FINE,3.82,6.45799945840901,16.0992143978899,0.193719801217523,-0.0367498667793491,58619.4007993239
0.3,CLASSICAL_LUT_FINE,3.825,6.45799945840901,16.0993353969594,0.193536139309416,-0.0367149020401918,58619.6105877588
0.3,CLASSICAL_LUT_FINE,3.83,6.45799945840901,16.0994562812273,0.193352652141381,-0.0366799707456806,58619.8201755259
0.3,CLASSICAL_LUT_FINE,3.835,6.45799945840901,16.0995770508029,0.193169339546273,-0.0366450728634842,58620.0295628191
0.3,CLASSICAL_LUT_FINE,3.84,6.45799945840901,16.0996977057954,0.192986201357114,-0.0366102083613065,58620.2387498322
0.3,CLASSICAL_LUT_FINE,3.845,6.45799945840901,16.0998182463136,0.192803237407082,-0.03657537720688,58620.4477367587
0.3,CLASSICAL_LUT_FINE,3.85,6.45799945840901,16.0999386724665,0.19262044752952,-0.0365405793679745,58620.6565237921
0.3,CLASSICAL_LUT_FINE,3.855,6.45799945840901,16.1000589843629,0.192437831557931,-0.0365058148123829,58620.8651111257
0.3,CLASSICAL_LUT_FINE,3.86,6.45799945840901,16.1001791821114,0.192255389325979,-0.0364710835079372,58621.0734989524
0.3,CLASSICAL_LUT_FINE,3.865,6.45799945840901,16.1002992658206,0.192073120667488,-0.0364363854225012,58621.281687465
0.3,CLASSICAL_LUT_FINE,3.87,6.45799945840901,16.1004192355991,0.191891025416443,-0.0364017205239637,58621.4896768562
0.3,CLASSICAL_LUT_FINE,3.875,6.45799945840901,16.1005390915551,0.191709103406991,-0.0363670887802527,58621.6974673185
0.3,CLASSICAL_LUT_FINE,3.88,6.45799945840901,16.1006588337969,0.191527354473437,-0.0363324901593209,58621.9050590441
0.3,CLASSICAL_LUT_FINE,3.885,6.45799945840901,16.1007784624328,0.191345778450248,-0.0362979246291601,58622.112452225
0.3,CLASSICAL_LUT_FINE,3.89,6.45799945840901,16.1008979775707,0.191164375172049,-0.0362633921577888,58622.3196470533
0.3,CLASSICAL_LUT_FINE,3.895,6.45799945840901,16.1010173793186,0.190983144473626,-0.0362288927132575,58622.5266437205
0.3,CLASSICAL_LUT_FINE,3.9,6.45799945840901,16.1011366677844,0.190802086189926,-0.0361944262636467,58622.7334424181
0.3,CLASSICAL_LUT_FINE,3.905,6.45799945840901,16.1012558430758,0.190621200156052,-0.0361599927770726,58622.9400433376
0.3,CLASSICAL_LUT_FINE,3.91,6.45799945840901,16.1013749053004,0.190440486207271,-0.0361255922216817,58623.1464466699
0.3,CLASSICAL_LUT_FINE,3.915,6.45799945840901,16.1014938545659,0.190259944179004,-0.0360912245656486,58623.3526526061
0.3,CLASSICAL_LUT_FINE,3.92,6.45799945840901,16.1016126909796,0.190079573906836,-0.0360568897771802,58623.5586613369
0.3,CLASSICAL_LUT_FINE,3.925,6.45799945840901,16.1017314146489,0.189899375226507,-0.0360225878245206,58623.7644730529
0.3,CLASSICAL_LUT_FINE,3.93,6.45799945840901,16.101850025681,0.189719347973919,-0.0359883186759404,58623.9700879444
0.3,CLASSICAL_LUT_FINE,3.935,6.45799945840901,16.1019685241831,0.189539491985128,-0.0359540822997388,58624.1755062016
0.3,CLASSICAL_LUT_FINE,3.94,6.45799945840901,16.1020869102621,0.189359807096354,-0.0359198786642487,58624.3807280145
0.3,CLASSICAL_LUT_FINE,3.945,6.45799945840901,16.1022051840251,0.189180293143972,-0.0358857077378403,58624.585753573
0.3,CLASSICAL_LUT_FINE,3.95,6.45799945840901,16.1023233455788,0.189000949964515,-0.0358515694888997,58624.7905830666
0.3,CLASSICAL_LUT_FINE,3.955,6.45799945840901,16.10244139503,0.188821777394674,-0.0358174638858628,58624.9952166848
0.3,CLASSICAL_LUT_FINE,3.96,6.45799945840901,16.1025593324852,0.1886427752713,-0.0357833908971852,58625.1996546169
0.3,CLASSICAL_LUT_FINE,3.965,6.45799945840901,16.1026771580511,0.188463943431399,-0.0357493504913524,58625.4038970519
0.3,CLASSICAL_LUT_FINE,3.97,6.45799945840901,16.102794871834,0.188285281712135,-0.035715342636891,58625.6079441786
0.3,CLASSICAL_LUT_FINE,3.975,6.45799945840901,16.1029124739402,0.188106789950831,-0.0356813673023471,58625.8117961859
0.3,CLASSICAL_LUT_FINE,3.98,6.45799945840901,16.103029964476,0.187928467984965,-0.0356474244563039,58626.0154532622
0.3,CLASSICAL_LUT_FINE,3.985,6.45799945840901,16.1031473435474,0.187750315652174,-0.0356135140673803,58626.2189155957
0.3,CLASSICAL_LUT_FINE,3.99,6.45799945840901,16.1032646112605,0.187572332790249,-0.0355796361042131,58626.4221833747
0.3,CLASSICAL_LUT_FINE,3.995,6.45799945840901,16.1033817677213,0.187394519237142,-0.0355457905354797,58626.6252567871
0.3,CLASSICAL_LUT_FINE,4,6.45799945840901,16.1034988130354,0.187216874830957,-0.0355119773298878,58626.8281360207
0.3,D11_SMALL_ANGLE,0,6.45799945840901,16.226991584938,0,1.77635683940025e-15,58839.9
0.3,D11_SMALL_ANGLE,0.005,6.45799945840901,16.226991584938,8.88178419700125e-18,1.77635683940025e-15,58839.9
0.3,D11_SMALL_ANGLE,0.01,6.45799945840901,16.226991584938,1.77635683940025e-17,1.77635683940025e-15,58839.9
0.3,D11_SMALL_ANGLE,0.015,6.45799945840901,16.226991584938,2.66453525910038e-17,1.77635683940025e-15,58839.9
0.3,D11_SMALL_ANGLE,0.02,6.45799945840901,16.226991584938,3.5527136788005e-17,1.77635683940025e-15,58839.9
0.3,D11_SMALL_ANGLE,0.025,6.45799945840901,16.226991584938,4.44089209850063e-17,1.77635683940025e-15,58839.9
0.3,D11_SMALL_ANGLE,0.03,6.45799945840901,16.226991584938,5.32907051820075e-17,1.77635683940025e-15,58839.9
0.3,D11_SMALL_ANGLE,0.035,6.45799945840901,16.226991584938,6.21724893790088e-17,1.77635683940025e-15,58839.9
0.3,D11_SMALL_ANGLE,0.04,6.45799945840901,16.226991584938,7.105427357601e-17,1.77635683940025e-15,58839.9
0.3,D11_SMALL_ANGLE,0.045,6.45799945840901,16.226991584938,7.99360577730113e-17,1.77635683940025e-15,58839.9
0.3,D11_SMALL_ANGLE,0.05,6.45799945840901,16.226991584938,8.88178419700125e-17,1.77635683940025e-15,58839.9
0.3,D11_SMALL_ANGLE,0.055,6.45799945840901,16.226991584938,9.76996261670138e-17,1.77635683940025e-15,58839.9
0.3,D11_SMALL_ANGLE,0.06,6.45799945840901,16.226991584938,1.06581410364015e-16,1.77635683940025e-15,58839.9
0.3,D11_SMALL_ANGLE,0.065,6.45799945840901,16.226991584938,1.15463194561016e-16,1.77635683940025e-15,58839.9
0.3,D11_SMALL_ANGLE,0.07,6.45799945840901,16.226991584938,1.24344978758018e-16,1.77635683940025e-15,58839.9
0.3,D11_SMALL_ANGLE,0.075,6.45799945840901,16.226991584938,1.33226762955019e-16,1.77635683940025e-15,58839.9
0.3,D11_SMALL_ANGLE,0.08,6.45799945840901,16.226991584938,1.4210854715202e-16,1.77635683940025e-15,58839.9
0.3,D11_SMALL_ANGLE,0.085,6.45799945840901,16.226991584938,1.50990331349021e-16,1.77635683940025e-15,58839.9
0.3,D11_SMALL_ANGLE,0.09,6.45799945840901,16.226991584938,1.59872115546023e-16,1.77635683940025e-15,58839.9
0.3,D11_SMALL_ANGLE,0.095,6.45799945840901,16.226991584938,1.68753899743024e-16,1.77635683940025e-15,58839.9
0.3,D11_SMALL_ANGLE,0.1,6.45799945840901,16.226991584938,1.77635683940025e-16,1.77635683940025e-15,58839.9
0.3,D11_SMALL_ANGLE,0.105,6.45799945840901,16.226991584938,1.86517468137026e-16,1.77635683940025e-15,58839.9
0.3,D11_SMALL_ANGLE,0.11,6.45799945840901,16.226991584938,1.95399252334028e-16,1.77635683940025e-15,58839.9
0.3,D11_SMALL_ANGLE,0.115,6.45799945840901,16.226991584938,2.04281036531029e-16,1.77635683940025e-15,58839.9
0.3,D11_SMALL_ANGLE,0.12,6.45799945840901,16.226991584938,2.1316282072803e-16,1.77635683940025e-15,58839.9
0.3,D11_SMALL_ANGLE,0.125,6.45799945840901,16.226991584938,2.22044604925031e-16,1.77635683940025e-15,58839.9
0.3,D11_SMALL_ANGLE,0.13,6.45799945840901,16.226991584938,2.30926389122033e-16,1.77635683940025e-15,58839.9
0.3,D11_SMALL_ANGLE,0.135,6.45799945840901,16.226991584938,2.39808173319034e-16,1.77635683940025e-15,58839.9
0.3,D11_SMALL_ANGLE,0.14,6.45799945840901,16.226991584938,2.48689957516035e-16,1.77635683940025e-15,58839.9
0.3,D11_SMALL_ANGLE,0.145,6.45799945840901,16.226991584938,2.57571741713036e-16,1.77635683940025e-15,58839.9
0.3,D11_SMALL_ANGLE,0.15,6.45799945840901,16.226991584938,2.66453525910038e-16,1.77635683940025e-15,58839.9
0.3,D11_SMALL_ANGLE,0.155,6.45799945840901,16.226991584938,2.75335310107039e-16,1.77635683940025e-15,58839.9
0.3,D11_SMALL_ANGLE,0.16,6.45799945840901,16.226991584938,2.8421709430404e-16,1.77635683940025e-15,58839.9
0.3,D11_SMALL_ANGLE,0.165,6.45799945840901,16.226991584938,2.93098878501041e-16,1.77635683940025e-15,58839.9
0.3,D11_SMALL_ANGLE,0.17,6.45799945840901,16.226991584938,3.01980662698043e-16,1.77635683940025e-15,58839.9
0.3,D11_SMALL_ANGLE,0.175,6.45799945840901,16.226991584938,3.10862446895044e-16,1.77635683940025e-15,58839.9
0.3,D11_SMALL_ANGLE,0.18,6.45799945840901,16.226991584938,3.19744231092045e-16,1.77635683940025e-15,58839.9
0.3,D11_SMALL_ANGLE,0.185,6.45799945840901,16.226991584938,3.28626015289046e-16,1.77635683940025e-15,58839.9
0.3,D11_SMALL_ANGLE,0.19,6.45799945840901,16.226991584938,3.37507799486048e-16,1.77635683940025e-15,58839.9
0.3,D11_SMALL_ANGLE,0.195,6.45799945840901,16.226991584938,3.46389583683049e-16,1.77635683940025e-15,58839.9
0.3,D11_SMALL_ANGLE,0.2,6.45799945840901,16.226991584938,3.5527136788005e-16,1.77635683940025e-15,58839.9
0.3,D11_SMALL_ANGLE,0.205,6.45799945840901,16.226991584938,3.64153152077051e-16,1.77635683940025e-15,58839.9
0.3,D11_SMALL_ANGLE,0.21,6.45799945840901,16.226991584938,3.73034936274053e-16,1.77635683940025e-15,58839.9
0.3,D11_SMALL_ANGLE,0.215,6.45799945840901,16.226991584938,3.81916720471054e-16,1.77635683940025e-15,58839.9
0.3,D11_SMALL_ANGLE,0.22,6.45799945840901,16.226991584938,3.90798504668055e-16,1.77635683940025e-15,58839.9
0.3,D11_SMALL_ANGLE,0.225,6.45799945840901,16.226991584938,3.99680288865056e-16,1.77635683940025e-15,58839.9
0.3,D11_SMALL_ANGLE,0.23,6.45799945840901,16.226991584938,4.08562073062058e-16,1.77635683940025e-15,58839.9
0.3,D11_SMALL_ANGLE,0.235,6.45799945840901,16.226991584938,4.17443857259059e-16,1.77635683940025e-15,58839.9
0.3,D11_SMALL_ANGLE,0.24,6.45799945840901,16.226991584938,4.2632564145606e-16,1.77635683940025e-15,58839.9
0.3,D11_SMALL_ANGLE,0.245,6.45799945840901,16.226991584938,4.35207425653061e-16,1.77635683940025e-15,58839.9
0.3,D11_SMALL_ANGLE,0.25,6.45799945840901,16.226991584938,4.44089209850063e-16,1.77635683940025e-15,58839.9
0.3,D11_SMALL_ANGLE,0.255,6.45799945840901,16.226991584938,4.52970994047064e-16,1.77635683940025e-15,58839.9
0.3,D11_SMALL_ANGLE,0.26,6.45799945840901,16.226991584938,4.61852778244065e-16,1.77635683940025e-15,58839.9
0.3,D11_SMALL_ANGLE,0.265,6.45799945840901,16.226991584938,4.70734562441066e-16,1.77635683940025e-15,58839.9
0.3,D11_SMALL_ANGLE,0.27,6.45799945840901,16.226991584938,4.79616346638068e-16,1.77635683940025e-15,58839.9
0.3,D11_SMALL_ANGLE,0.275,6.45799945840901,16.226991584938,4.88498130835069e-16,1.77635683940025e-15,58839.9
0.3,D11_SMALL_ANGLE,0.28,6.45799945840901,16.226991584938,4.9737991503207e-16,1.77635683940025e-15,58839.9
0.3,D11_SMALL_ANGLE,0.285,6.45799945840901,16.226991584938,5.06261699229071e-16,1.77635683940025e-15,58839.9
0.3,D11_SMALL_ANGLE,0.29,6.45799945840901,16.226991584938,5.15143483426073e-16,1.77635683940025e-15,58839.9
0.3,D11_SMALL_ANGLE,0.295,6.45799945840901,16.226991584938,5.24025267623074e-16,1.77635683940025e-15,58839.9
0.3,D11_SMALL_ANGLE,0.3,6.45799945840901,16.226991584938,5.32907051820075e-16,1.77635683940025e-15,58839.9
0.3,D11_SMALL_ANGLE,0.305,6.45799945840901,16.226991584938,5.41788836017076e-16,1.77635683940025e-15,58839.9
0.3,D11_SMALL_ANGLE,0.31,6.45799945840901,16.226991584938,5.50670620214078e-16,1.77635683940025e-15,58839.9
0.3,D11_SMALL_ANGLE,0.315,6.45799945840901,16.226991584938,5.59552404411079e-16,1.77635683940025e-15,58839.9
0.3,D11_SMALL_ANGLE,0.32,6.45799945840901,16.226991584938,5.6843418860808e-16,1.77635683940025e-15,58839.9
0.3,D11_SMALL_ANGLE,0.325,6.45799945840901,16.226991584938,5.77315972805081e-16,1.77635683940025e-15,58839.9
0.3,D11_SMALL_ANGLE,0.33,6.45799945840901,16.226991584938,5.86197757002083e-16,1.77635683940025e-15,58839.9
0.3,D11_SMALL_ANGLE,0.335,6.45799945840901,16.226991584938,5.95079541199084e-16,1.77635683940025e-15,58839.9
0.3,D11_SMALL_ANGLE,0.34,6.45799945840901,16.226991584938,6.03961325396085e-16,1.77635683940025e-15,58839.9
0.3,D11_SMALL_ANGLE,0.345,6.45799945840901,16.226991584938,6.12843109593086e-16,1.77635683940025e-15,58839.9
0.3,D11_SMALL_ANGLE,0.35,6.45799945840901,16.226991584938,6.21724893790088e-16,1.77635683940025e-15,58839.9
0.3,D11_SMALL_ANGLE,0.355,6.45799945840901,16.226991584938,6.30606677987089e-16,1.77635683940025e-15,58839.9
0.3,D11_SMALL_ANGLE,0.36,6.45799945840901,16.226991584938,6.3948846218409e-16,1.77635683940025e-15,58839.9
0.3,D11_SMALL_ANGLE,0.365,6.45799945840901,16.226991584938,6.48370246381091e-16,1.77635683940025e-15,58839.9
0.3,D11_SMALL_ANGLE,0.37,6.45799945840901,16.226991584938,6.57252030578093e-16,1.77635683940025e-15,58839.9
0.3,D11_SMALL_ANGLE,0.375,6.45799945840901,16.226991584938,6.66133814775094e-16,1.77635683940025e-15,58839.9
0.3,D11_SMALL_ANGLE,0.38,6.45799945840901,16.226991584938,6.75015598972095e-16,1.77635683940025e-15,58839.9
0.3,D11_SMALL_ANGLE,0.385,6.45799945840901,16.226991584938,6.83897383169096e-16,1.77635683940025e-15,58839.9
0.3,D11_SMALL_ANGLE,0.39,6.45799945840901,16.226991584938,6.92779167366098e-16,1.77635683940025e-15,58839.9
0.3,D11_SMALL_ANGLE,0.395,6.45799945840901,16.226991584938,7.01660951563099e-16,1.77635683940025e-15,58839.9
0.3,D11_SMALL_ANGLE,0.4,6.45799945840901,16.226991584938,7.105427357601e-16,1.77635683940025e-15,58839.9
0.3,D11_SMALL_ANGLE,0.405,6.45799945840901,16.226991584938,7.19424519957101e-16,1.77635683940025e-15,58839.9
0.3,D11_SMALL_ANGLE,0.41,6.45799945840901,16.226991584938,7.28306304154103e-16,1.77635683940025e-15,58839.9
0.3,D11_SMALL_ANGLE,0.415,6.45799945840901,16.226991584938,7.37188088351104e-16,1.77635683940025e-15,58839.9
0.3,D11_SMALL_ANGLE,0.42,6.45799945840901,16.226991584938,7.46069872548105e-16,1.77635683940025e-15,58839.9
0.3,D11_SMALL_ANGLE,0.425,6.45799945840901,16.226991584938,7.54951656745106e-16,1.77635683940025e-15,58839.9
0.3,D11_SMALL_ANGLE,0.43,6.45799945840901,16.226991584938,7.63833440942108e-16,1.77635683940025e-15,58839.9
0.3,D11_SMALL_ANGLE,0.435,6.45799945840901,16.226991584938,7.72715225139109e-16,1.77635683940025e-15,58839.9
0.3,D11_SMALL_ANGLE,0.44,6.45799945840901,16.226991584938,7.8159700933611e-16,1.77635683940025e-15,58839.9
0.3,D11_SMALL_ANGLE,0.445,6.45799945840901,16.226991584938,7.90478793533111e-16,1.77635683940025e-15,58839.9
0.3,D11_SMALL_ANGLE,0.45,6.45799945840901,16.226991584938,7.99360577730113e-16,1.77635683940025e-15,58839.9
0.3,D11_SMALL_ANGLE,0.455,6.45799945840901,16.226991584938,8.08242361927114e-16,1.77635683940025e-15,58839.9
0.3,D11_SMALL_ANGLE,0.46,6.45799945840901,16.226991584938,8.17124146124115e-16,1.77635683940025e-15,58839.9
0.3,D11_SMALL_ANGLE,0.465,6.45799945840901,16.226991584938,8.26005930321117e-16,1.77635683940025e-15,58839.9
0.3,D11_SMALL_ANGLE,0.47,6.45799945840901,16.226991584938,8.34887714518118e-16,1.77635683940025e-15,58839.9
0.3,D11_SMALL_ANGLE,0.475,6.45799945840901,16.226991584938,8.43769498715119e-16,1.77635683940025e-15,58839.9
0.3,D11_SMALL_ANGLE,0.48,6.45799945840901,16.226991584938,8.5265128291212e-16,1.77635683940025e-15,58839.9
0.3,D11_SMALL_ANGLE,0.485,6.45799945840901,16.226991584938,8.61533067109121e-16,1.77635683940025e-15,58839.9
0.3,D11_SMALL_ANGLE,0.49,6.45799945840901,16.226991584938,8.70414851306123e-16,1.77635683940025e-15,58839.9
0.3,D11_SMALL_ANGLE,0.495,6.45799945840901,16.226991584938,8.79296635503124e-16,1.77635683940025e-15,58839.9
0.3,D11_SMALL_ANGLE,0.5,6.45799945840901,16.226991584938,8.88178419700125e-16,1.77635683940025e-15,58839.9
0.3,D11_SMALL_ANGLE,0.505,6.45799945840901,16.226991584938,8.97060203897126e-16,1.77635683940025e-15,58839.9
0.3,D11_SMALL_ANGLE,0.51,6.45799945840901,16.226991584938,9.05941988094128e-16,1.77635683940025e-15,58839.9
0.3,D11_SMALL_ANGLE,0.515,6.45799945840901,16.226991584938,9.14823772291129e-16,1.77635683940025e-15,58839.9
0.3,D11_SMALL_ANGLE,0.52,6.45799945840901,16.226991584938,9.2370555648813e-16,1.77635683940025e-15,58839.9
0.3,D11_SMALL_ANGLE,0.525,6.45799945840901,16.226991584938,9.32587340685132e-16,1.77635683940025e-15,58839.9
0.3,D11_SMALL_ANGLE,0.53,6.45799945840901,16.226991584938,9.41469124882133e-16,1.77635683940025e-15,58839.9
0.3,D11_SMALL_ANGLE,0.535,6.45799945840901,16.226991584938,9.50350909079134e-16,1.77635683940025e-15,58839.9
0.3,D11_SMALL_ANGLE,0.54,6.45799945840901,16.226991584938,9.59232693276135e-16,1.77635683940025e-15,58839.9
0.3,D11_SMALL_ANGLE,0.545,6.45799945840901,16.226991584938,9.68114477473137e-16,1.77635683940025e-15,58839.9
0.3,D11_SMALL_ANGLE,0.55,6.45799945840901,16.226991584938,9.76996261670138e-16,1.77635683940025e-15,58839.9
0.3,D11_SMALL_ANGLE,0.555,6.45799945840901,16.226991584938,9.85878045867139e-16,1.77635683940025e-15,58839.9
0.3,D11_SMALL_ANGLE,0.56,6.45799945840901,16.226991584938,9.9475983006414e-16,1.77635683940025e-15,58839.9
0.3,D11_SMALL_ANGLE,0.565,6.45799945840901,16.226991584938,1.00364161426114e-15,1.77635683940025e-15,58839.9
0.3,D11_SMALL_ANGLE,0.57,6.45799945840901,16.226991584938,1.01252339845814e-15,1.77635683940025e-15,58839.9
0.3,D11_SMALL_ANGLE,0.575,6.45799945840901,16.226991584938,1.02140518265514e-15,1.77635683940025e-15,58839.9
0.3,D11_SMALL_ANGLE,0.58,6.45799945840901,16.226991584938,1.03028696685215e-15,1.77635683940025e-15,58839.9
0.3,D11_SMALL_ANGLE,0.585,6.45799945840901,16.226991584938,1.03916875104915e-15,1.77635683940025e-15,58839.9
0.3,D11_SMALL_ANGLE,0.59,6.45799945840901,16.226991584938,1.04805053524615e-15,1.77635683940025e-15,58839.9
0.3,D11_SMALL_ANGLE,0.595,6.45799945840901,16.226991584938,1.05693231944315e-15,1.77635683940025e-15,58839.9
0.3,D11_SMALL_ANGLE,0.6,6.45799945840901,16.226991584938,1.06581410364015e-15,1.77635683940025e-15,58839.9
0.3,D11_SMALL_ANGLE,0.605,6.45799945840901,16.226991584938,1.07469588783715e-15,1.77635683940025e-15,58839.9
0.3,D11_SMALL_ANGLE,0.61,6.45799945840901,16.226991584938,1.08357767203415e-15,1.77635683940025e-15,58839.9
0.3,D11_SMALL_ANGLE,0.615,6.45799945840901,16.226991584938,1.09245945623115e-15,1.77635683940025e-15,58839.9
0.3,D11_SMALL_ANGLE,0.62,6.45799945840901,16.226991584938,1.10134124042816e-15,1.77635683940025e-15,58839.9
0.3,D11_SMALL_ANGLE,0.625,6.45799945840901,16.226991584938,1.11022302462516e-15,1.77635683940025e-15,58839.9
0.3,D11_SMALL_ANGLE,0.63,6.45799945840901,16.226991584938,1.11910480882216e-15,1.77635683940025e-15,58839.9
0.3,D11_SMALL_ANGLE,0.635,6.45799945840901,16.226991584938,1.12798659301916e-15,1.77635683940025e-15,58839.9
0.3,D11_SMALL_ANGLE,0.64,6.45799945840901,16.226991584938,1.13686837721616e-15,1.77635683940025e-15,58839.9
0.3,D11_SMALL_ANGLE,0.645,6.45799945840901,16.226991584938,1.14575016141316e-15,1.77635683940025e-15,58839.9
0.3,D11_SMALL_ANGLE,0.65,6.45799945840901,16.226991584938,1.15463194561016e-15,1.77635683940025e-15,58839.9
0.3,D11_SMALL_ANGLE,0.655,6.45799945840901,16.226991584938,1.16351372980716e-15,1.77635683940025e-15,58839.9
0.3,D11_SMALL_ANGLE,0.66,6.45799945840901,16.226991584938,1.17239551400417e-15,1.77635683940025e-15,58839.9
0.3,D11_SMALL_ANGLE,0.665,6.45799945840901,16.226991584938,1.18127729820117e-15,1.77635683940025e-15,58839.9
0.3,D11_SMALL_ANGLE,0.67,6.45799945840901,16.226991584938,1.19015908239817e-15,1.77635683940025e-15,58839.9
0.3,D11_SMALL_ANGLE,0.675,6.45799945840901,16.226991584938,1.19904086659517e-15,1.77635683940025e-15,58839.9
0.3,D11_SMALL_ANGLE,0.68,6.45799945840901,16.226991584938,1.20792265079217e-15,1.77635683940025e-15,58839.9
0.3,D11_SMALL_ANGLE,0.685,6.45799945840901,16.226991584938,1.21680443498917e-15,1.77635683940025e-15,58839.9
0.3,D11_SMALL_ANGLE,0.69,6.45799945840901,16.226991584938,1.22568621918617e-15,1.77635683940025e-15,58839.9
0.3,D11_SMALL_ANGLE,0.695,6.45799945840901,16.226991584938,1.23456800338317e-15,1.77635683940025e-15,58839.9
0.3,D11_SMALL_ANGLE,0.7,6.45799945840901,16.226991584938,1.24344978758018e-15,1.77635683940025e-15,58839.9
0.3,D11_SMALL_ANGLE,0.705,6.45799945840901,16.226991584938,1.25233157177718e-15,1.77635683940025e-15,58839.9
0.3,D11_SMALL_ANGLE,0.71,6.45799945840901,16.226991584938,1.26121335597418e-15,1.77635683940025e-15,58839.9
0.3,D11_SMALL_ANGLE,0.715,6.45799945840901,16.226991584938,1.27009514017118e-15,1.77635683940025e-15,58839.9
0.3,D11_SMALL_ANGLE,0.72,6.45799945840901,16.226991584938,1.27897692436818e-15,1.77635683940025e-15,58839.9
0.3,D11_SMALL_ANGLE,0.725,6.45799945840901,16.226991584938,1.28785870856518e-15,1.77635683940025e-15,58839.9
0.3,D11_SMALL_ANGLE,0.73,6.45799945840901,16.226991584938,1.29674049276218e-15,1.77635683940025e-15,58839.9
0.3,D11_SMALL_ANGLE,0.735,6.45799945840901,16.226991584938,1.30562227695918e-15,1.77635683940025e-15,58839.9
0.3,D11_SMALL_ANGLE,0.74,6.45799945840901,16.226991584938,1.31450406115619e-15,1.77635683940025e-15,58839.9
0.3,D11_SMALL_ANGLE,0.745,6.45799945840901,16.226991584938,1.32338584535319e-15,1.77635683940025e-15,58839.9
0.3,D11_SMALL_ANGLE,0.75,6.45799945840901,16.226991584938,1.33226762955019e-15,1.77635683940025e-15,58839.9
0.3,D11_SMALL_ANGLE,0.755,6.45799945840901,16.226991584938,1.34114941374719e-15,1.77635683940025e-15,58839.9
0.3,D11_SMALL_ANGLE,0.76,6.45799945840901,16.226991584938,1.35003119794419e-15,1.77635683940025e-15,58839.9
0.3,D11_SMALL_ANGLE,0.765,6.45799945840901,16.226991584938,1.35891298214119e-15,1.77635683940025e-15,58839.9
0.3,D11_SMALL_ANGLE,0.77,6.45799945840901,16.226991584938,1.36779476633819e-15,1.77635683940025e-15,58839.9
0.3,D11_SMALL_ANGLE,0.775,6.45799945840901,16.226991584938,1.37667655053519e-15,1.77635683940025e-15,58839.9
0.3,D11_SMALL_ANGLE,0.78,6.45799945840901,16.226991584938,1.3855583347322e-15,1.77635683940025e-15,58839.9
0.3,D11_SMALL_ANGLE,0.785,6.45799945840901,16.226991584938,1.3944401189292e-15,1.77635683940025e-15,58839.9
0.3,D11_SMALL_ANGLE,0.79,6.45799945840901,16.226991584938,1.4033219031262e-15,1.77635683940025e-15,58839.9
0.3,D11_SMALL_ANGLE,0.795,6.45799945840901,16.226991584938,1.4122036873232e-15,1.77635683940025e-15,58839.9
0.3,D11_SMALL_ANGLE,0.8,6.45799945840901,16.226991584938,1.4210854715202e-15,1.77635683940025e-15,58839.9
0.3,D11_SMALL_ANGLE,0.805,6.45799945840901,16.226991584938,1.4299672557172e-15,1.77635683940025e-15,58839.9
0.3,D11_SMALL_ANGLE,0.81,6.45799945840901,16.226991584938,1.4388490399142e-15,1.77635683940025e-15,58839.9
0.3,D11_SMALL_ANGLE,0.815,6.45799945840901,16.226991584938,1.4477308241112e-15,1.77635683940025e-15,58839.9
0.3,D11_SMALL_ANGLE,0.82,6.45799945840901,16.226991584938,1.45661260830821e-15,1.77635683940025e-15,58839.9
0.3,D11_SMALL_ANGLE,0.825,6.45799945840901,16.226991584938,1.46549439250521e-15,1.77635683940025e-15,58839.9
0.3,D11_SMALL_ANGLE,0.83,6.45799945840901,16.226991584938,1.47437617670221e-15,1.77635683940025e-15,58839.9
0.3,D11_SMALL_ANGLE,0.835,6.45799945840901,16.226991584938,1.48325796089921e-15,1.77635683940025e-15,58839.9
0.3,D11_SMALL_ANGLE,0.84,6.45799945840901,16.226991584938,1.49213974509621e-15,1.77635683940025e-15,58839.9
0.3,D11_SMALL_ANGLE,0.845,6.45799945840901,16.226991584938,1.50102152929321e-15,1.77635683940025e-15,58839.9
0.3,D11_SMALL_ANGLE,0.85,6.45799945840901,16.226991584938,1.50990331349021e-15,1.77635683940025e-15,58839.9
0.3,D11_SMALL_ANGLE,0.855,6.45799945840901,16.226991584938,1.51878509768721e-15,1.77635683940025e-15,58839.9
0.3,D11_SMALL_ANGLE,0.86,6.45799945840901,16.226991584938,1.52766688188422e-15,1.77635683940025e-15,58839.9
0.3,D11_SMALL_ANGLE,0.865,6.45799945840901,16.226991584938,1.53654866608122e-15,1.77635683940025e-15,58839.9
0.3,D11_SMALL_ANGLE,0.87,6.45799945840901,16.226991584938,1.54543045027822e-15,1.77635683940025e-15,58839.9
0.3,D11_SMALL_ANGLE,0.875,6.45799945840901,16.226991584938,1.55431223447522e-15,1.77635683940025e-15,58839.9
0.3,D11_SMALL_ANGLE,0.88,6.45799945840901,16.226991584938,1.56319401867222e-15,1.77635683940025e-15,58839.9
0.3,D11_SMALL_ANGLE,0.885,6.45799945840901,16.226991584938,1.57207580286922e-15,1.77635683940025e-15,58839.9
0.3,D11_SMALL_ANGLE,0.89,6.45799945840901,16.226991584938,1.58095758706622e-15,1.77635683940025e-15,58839.9
0.3,D11_SMALL_ANGLE,0.895,6.45799945840901,16.226991584938,1.58983937126322e-15,1.77635683940025e-15,58839.9
0.3,D11_SMALL_ANGLE,0.9,6.45799945840901,16.226991584938,1.59872115546023e-15,1.77635683940025e-15,58839.9
0.3,D11_SMALL_ANGLE,0.905,6.45799945840901,16.226991584938,1.60760293965723e-15,1.77635683940025e-15,58839.9
0.3,D11_SMALL_ANGLE,0.91,6.45799945840901,16.226991584938,1.61648472385423e-15,1.77635683940025e-15,58839.9
0.3,D11_SMALL_ANGLE,0.915,6.45799945840901,16.226991584938,1.62536650805123e-15,1.77635683940025e-15,58839.9
0.3,D11_SMALL_ANGLE,0.92,6.45799945840901,16.226991584938,1.63424829224823e-15,1.77635683940025e-15,58839.9
0.3,D11_SMALL_ANGLE,0.925,6.45799945840901,16.226991584938,1.64313007644523e-15,1.77635683940025e-15,58839.9
0.3,D11_SMALL_ANGLE,0.93,6.45799945840901,16.226991584938,1.65201186064223e-15,1.77635683940025e-15,58839.9
0.3,D11_SMALL_ANGLE,0.935,6.45799945840901,16.226991584938,1.66089364483923e-15,1.77635683940025e-15,58839.9
0.3,D11_SMALL_ANGLE,0.94,6.45799945840901,16.226991584938,1.66977542903624e-15,1.77635683940025e-15,58839.9
0.3,D11_SMALL_ANGLE,0.945,6.45799945840901,16.226991584938,1.67865721323324e-15,1.77635683940025e-15,58839.9
0.3,D11_SMALL_ANGLE,0.95,6.45799945840901,16.226991584938,1.68753899743024e-15,1.77635683940025e-15,58839.9
0.3,D11_SMALL_ANGLE,0.955,6.45799945840901,16.226991584938,1.69642078162724e-15,1.77635683940025e-15,58839.9
0.3,D11_SMALL_ANGLE,0.96,6.45799945840901,16.226991584938,1.70530256582424e-15,1.77635683940025e-15,58839.9
0.3,D11_SMALL_ANGLE,0.965,6.45799945840901,16.226991584938,1.71418435002124e-15,1.77635683940025e-15,58839.9
0.3,D11_SMALL_ANGLE,0.97,6.45799945840901,16.226991584938,1.72306613421824e-15,1.77635683940025e-15,58839.9
0.3,D11_SMALL_ANGLE,0.975,6.45799945840901,16.226991584938,1.73194791841524e-15,1.77635683940025e-15,58839.9
0.3,D11_SMALL_ANGLE,0.98,6.45799945840901,16.226991584938,1.74082970261225e-15,1.77635683940025e-15,58839.9
0.3,D11_SMALL_ANGLE,0.985,6.45799945840901,16.226991584938,1.74971148680925e-15,1.77635683940025e-15,58839.9
0.3,D11_SMALL_ANGLE,0.99,6.45799945840901,16.226991584938,1.75859327100625e-15,1.77635683940025e-15,58839.9
0.3,D11_SMALL_ANGLE,0.995,6.45799945840901,16.226991584938,1.76747505520325e-15,1.77635683940025e-15,58839.9
0.3,D11_SMALL_ANGLE,1,6.45799945840901,16.226991584938,1.77635683940025e-15,1.77635683940025e-15,58839.9
0.3,D11_SMALL_ANGLE,1.005,6.45801796353676,16.2269926476856,4.25921292042859e-08,2.53703084105439e-05,58840.0522218505
0.3,D11_SMALL_ANGLE,1.01,6.45807347435415,16.2269995946062,3.33932901552808e-07,9.88829205503805e-05,58840.4932975233
0.3,D11_SMALL_ANGLE,1.015,6.45816597716471,16.2270171158548,1.10622856128877e-06,0.000217266020353435,58841.2035961221
0.3,D11_SMALL_ANGLE,1.02,6.45829544914477,16.2270488559235,2.57711793094489e-06,0.000377935882674763,58842.167615296
0.3,D11_SMALL_ANGLE,1.025,6.45846185834904,16.2270976392566,4.95271959113357e-06,0.000578845767503111,58843.373074605
0.3,D11_SMALL_ANGLE,1.03,6.45866516371855,16.2271656468864,8.43000893370565e-06,0.000818367628728112,58844.8102057724
0.3,D11_SMALL_ANGLE,1.035,6.45890531509073,16.2272545547229,1.31986706212734e-05,0.0010951995131947,58846.4711970792
0.3,D11_SMALL_ANGLE,1.04,6.45918225321184,16.2273656418242,1.94425403874999e-05,0.00140829307227719,58848.3497584337
0.3,D11_SMALL_ANGLE,1.045,6.45949590975152,16.2274998751662,2.73407253759482e-05,0.00175679681932728,58850.440780916
0.3,D11_SMALL_ANGLE,1.05,6.45984620731974,16.2276579760144,3.70684728495945e-05,0.00214001171439016,58852.7400702863
0.3,D11_SMALL_ANGLE,1.055,6.46023305948579,16.2278404718933,4.8797841941875e-05,0.00255735639993127,58855.2441383996
0.3,D11_SMALL_ANGLE,1.06,6.4606563707997,16.2280477372802,6.26982212510794e-05,0.00300833999231109,58857.9500399539
0.3,D11_SMALL_ANGLE,1.065,6.46111603681574,16.2282800254733,7.89367257881914e-05,0.00349254078883376,58860.855244733
0.3,D11_SMALL_ANGLE,1.07,6.4616119441182,16.2285374935492,9.76784995138435e-05,0.00400958960630327,58863.9575376378
0.3,D11_SMALL_ANGLE,1.075,6.46214397034936,16.2288202219121,0.000119086944005312,0.00455915674565865,58867.254940474
0.3,D11_SMALL_ANGLE,1.08,6.46271198423971,16.2291282296083,0.000143323889336292,0.00514094179593272,58870.7456507756
0.3,D11_SMALL_ANGLE,1.085,6.46331584564034,16.2294614863256,0.000170549719761988,0.00575466566121996,58874.4279939673
0.3,D11_SMALL_ANGLE,1.09,6.46395540555747,16.2298199217996,0.00020092346406959,0.00640006432846008,58878.3003859708
0.3,D11_SMALL_ANGLE,1.095,6.46463050618926,16.230203433187,0.000234602858315265,0.00707688399839057,58882.3613039903
0.3,D11_SMALL_ANGLE,1.1,6.46534098096473,16.2306118908509,0.000271744386994113,0.00778487728399035,58886.6092637039
0.3,D11_SMALL_ANGLE,1.105,6.46608665458488,16.2310451429011,0.000312503307378396,0.00852380024507937,58891.0428014705
0.3,D11_SMALL_ANGLE,1.11,6.46686734306587,16.2315030187604,0.000357033660733133,0.00929341007785389,58895.6604604671
0.3,D11_SMALL_ANGLE,1.115,6.46768285378453,16.2319853319694,0.000405488273314434,0.0100934633174692,58900.4607799048
0.3,D11_SMALL_ANGLE,1.12,6.46853298552577,16.2324918823947,0.000458018749427068,0.0109237144426757,58905.4422866561
0.3,D11_SMALL_ANGLE,1.125,6.46941752853231,16.2330224579705,0.000514775458325024,0.0117839147955348,58910.6034887732
0.3,D11_SMALL_ANGLE,1.13,6.47033626455641,16.2335768360756,0.000575907516353466,0.0126738117481597,58915.942870489
0.3,D11_SMALL_ANGLE,1.135,6.47128896691369,16.234154784624,0.000641562765428386,0.0135931480631974,58921.4588883792
0.3,D11_SMALL_ANGLE,1.14,6.4722754005391,16.2347560629339,0.000711887748714142,0.0145416614062981,58927.1499684378
0.3,D11_SMALL_ANGLE,1.145,6.47329532204492,16.2353804224206,0.000787027684173818,0.0155190839779547,58933.0145038677
0.3,D11_SMALL_ANGLE,1.15,6.47434847978075,16.2360276071544,0.000867126436522658,0.0165251422390824,58939.0508534345
0.3,D11_SMALL_ANGLE,1.155,6.4754346138957,16.2366973543113,0.000952326488001135,0.0175595567103688,58945.2573402622
0.3,D11_SMALL_ANGLE,1.16,6.47655345640243,16.2373893945412,0.00104276890829581,0.0186220418296816,58951.6322509781
0.3,D11_SMALL_ANGLE,1.165,6.47770473124328,16.2381034522707,0.00113859332386619,0.0197123058552471,58958.1738351315
0.3,D11_SMALL_ANGLE,1.17,6.47888815435842,16.2388392459565,0.00123993788688142,0.0208300508050154,58964.8803048301
0.3,D11_SMALL_ANGLE,1.175,6.48010343375589,16.2395964882986,0.00134693924392838,0.0219749724246974,58971.7498345482
0.3,D11_SMALL_ANGLE,1.18,6.4813502695837,16.2403748864233,0.00145973250461874,0.0231467601784914,58978.7805610709
0.3,D11_SMALL_ANGLE,1.185,6.48262835420377,16.2411741420437,0.00157845121019703,0.0243450972579833,58985.9705835479
0.3,D11_SMALL_ANGLE,1.19,6.48393737226782,16.2419939516003,0.00170322730223055,0.02556966060558,58993.3179636335
0.3,D11_SMALL_ANGLE,1.195,6.48527700079525,16.2428340063888,0.00183419109144677,0.0268201209495462,59000.8207256973
0.3,D11_SMALL_ANGLE,1.2,6.48664690925277,16.243693992677,0.00197147122677053,0.0280961428485806,59008.4768570915
0.3,D11_SMALL_ANGLE,1.205,6.48804675963594,16.2445735918134,0.00211519466460381,0.0293973847440636,59016.2843084644
0.3,D11_SMALL_ANGLE,1.21,6.48947620655265,16.2454724803298,0.0022654866383833,0.0307234990186576,59024.2409941119
0.3,D11_SMALL_ANGLE,1.215,6.49093489730826,16.2463903300392,0.00242247062844443,0.0320741320601723,59032.344792361
0.3,D11_SMALL_ANGLE,1.22,6.49242247199264,16.2473268081305,0.00258626833221633,0.0334489243299281,59040.5935459796
0.3,D11_SMALL_ANGLE,1.225,6.493938563569,16.248281577261,0.00275699963476803,0.0348475104347887,59048.9850626087
0.3,D11_SMALL_ANGLE,1.23,6.49548279796444,16.2492542956469,0.0029347825797233,0.0362695192025537,59057.5171152153
0.3,D11_SMALL_ANGLE,1.235,6.49705479416222,16.2502446171531,0.00311973334055972,0.0377145737601143,59066.1874425607
0.3,D11_SMALL_ANGLE,1.24,6.4986541642958,16.2512521913819,0.00331196619230482,0.0391822916141535,59074.9937496849
0.3,D11_SMALL_ANGLE,1.245,6.50028051374453,16.2522766637624,0.00351159348364162,0.0406722847341197,59083.9337084047
0.3,D11_SMALL_ANGLE,1.25,6.50193344123103,16.2533176756386,0.00371872560943421,0.0421841596372516,59093.0049578235
0.3,D11_SMALL_ANGLE,1.255,6.50361253892016,16.2543748643591,0.00393347098368307,0.0437175174754625,59102.2051048528
0.3,D11_SMALL_ANGLE,1.26,6.5053173925197,16.255447863366,0.00415593601291957,0.0452719541240256,59111.5317247441
0.3,D11_SMALL_ANGLE,1.265,6.50704758138254,16.2565363022849,0.00438622507004787,0.0468470602719258,59120.9823616316
0.3,D11_SMALL_ANGLE,1.27,6.50880267861046,16.2576398070156,0.00462444046864254,0.0484424215137036,59130.5545290822
0.3,D11_SMALL_ANGLE,1.275,6.51058225115948,16.2587579998229,0.00487068243770934,0.05005761844291,59140.2457106575
0.3,D11_SMALL_ANGLE,1.28,6.51238585994671,16.2598904994287,0.00512504909691662,0.0516922267469049,59150.0533604814
0.3,D11_SMALL_ANGLE,1.285,6.51421305995865,16.2610369211043,0.00538763643230447,0.0533458173031036,59159.9749038186
0.3,D11_SMALL_ANGLE,1.29,6.51606340036106,16.2621968767636,0.00565853827247839,0.0550179562765294,59170.0077376592
0.3,D11_SMALL_ANGLE,1.295,6.51793642461012,16.2633699750577,0.0059378462652939,0.0567082052187278,59180.1492313124
0.3,D11_SMALL_ANGLE,1.3,6.51983167056514,16.2645558214689,0.00622564985503917,0.0584161211678929,59190.3967270074
0.3,D11_SMALL_ANGLE,1.305,6.52174867060252,16.2657540184067,0.00652203626012113,0.0601412567502937,59200.7475405018
0.3,D11_SMALL_ANGLE,1.31,6.52368695173119,16.266964165304,0.006827090451262,0.0618831602829033,59211.1989616974
0.3,D11_SMALL_ANGLE,1.315,6.52564603570929,16.2681858587141,0.00714089513021179,0.0636413758771859,59221.7482552631
0.3,D11_SMALL_ANGLE,1.32,6.52762543916216,16.2694186924085,0.00746353070898285,0.0654154435441239,59232.3926612647
0.3,D11_SMALL_ANGLE,1.325,6.52962467370162,16.2706622574753,0.00779507528961219,0.0672048993003198,59243.1293958019
0.3,D11_SMALL_ANGLE,1.33,6.53164324604645,16.2719161424182,0.00813560464445735,0.0690092752752527,59253.9556516515
0.3,D11_SMALL_ANGLE,1.335,6.53368065814415,16.2731799332566,0.00848519219703122,0.0708280998196589,59264.868598918
0.3,D11_SMALL_ANGLE,1.34,6.53573640729375,16.2744532136261,0.00884390900338139,0.072660897614945,59275.8653856897
0.3,D11_SMALL_ANGLE,1.345,6.53780998626992,16.2757355648793,0.00921182373401931,0.0745071897836613,59286.943138702
0.3,D11_SMALL_ANGLE,1.35,6.53990088344807,16.2770265661878,0.00958900265640451,0.0763664940010553,59298.0989640063
0.3,D11_SMALL_ANGLE,1.355,6.54200858293062,16.2783257946444,0.00997550961798879,0.0782383246075788,59309.3299476455
0.3,D11_SMALL_ANGLE,1.36,6.54413256467425,16.279632825366,0.0103714060298259,0.0801221927224347,59320.6331563346
0.3,D11_SMALL_ANGLE,1.365,6.54627230461824,16.2809472315972,0.0107767508507508,0.0820176063580469,59332.0056381483
0.3,D11_SMALL_ANGLE,1.37,6.54842727481379,16.282268584814,0.0111916005721344,0.0839240705355078,59343.444423213
0.3,D11_SMALL_ANGLE,1.375,6.55059694355424,16.2835964548285,0.0116160092032169,0.0858410874009206,59354.9465244055
0.3,D11_SMALL_ANGLE,1.38,6.55278077550631,16.2849304098937,0.0120500282570261,0.0877681563426673,59366.508938056
0.3,D11_SMALL_ANGLE,1.385,6.55497823184212,16.2862700168088,0.0124937067368834,0.0897047741095083,59378.128644657
0.3,D11_SMALL_ANGLE,1.39,6.55718877037221,16.2876148410254,0.0129470911235028,0.0916504349295906,59389.8026095775
0.3,D11_SMALL_ANGLE,1.395,6.55941184567928,16.2889644467532,0.0134102253626874,0.0936046306302281,59401.5277837814
0.3,D11_SMALL_ANGLE,1.4,6.56164690925277,16.2903183970669,0.0138831508536259,0.0955668507584964,59413.301104551
0.3,D11_SMALL_ANGLE,1.405,6.56389340962416,16.291676254013,0.0143659064377947,0.0975365827026167,59425.1194962157
0.3,D11_SMALL_ANGLE,1.41,6.56615079250312,16.2930375787173,0.0148585283884688,0.099513311814075,59436.9798708844
0.3,D11_SMALL_ANGLE,1.415,6.5684185009142,16.2944019314922,0.0153610504008446,0.101496521530468,59448.8791291828
0.3,D11_SMALL_ANGLE,1.42,6.57069597533428,16.2957688719444,0.0158735035827796,0.103485693499049,59460.8141609943
0.3,D11_SMALL_ANGLE,1.425,6.57298265383062,16.2971379590836,0.0163959164461502,0.10548030770094,59472.7818462056
0.3,D11_SMALL_ANGLE,1.43,6.57527797219953,16.29850875143,0.0169283148988334,0.107479842575971,59484.7790554558
0.3,D11_SMALL_ANGLE,1.435,6.57758136410553,16.2998808071234,0.0174707222373139,0.109483775148179,59496.8026508891
0.3,D11_SMALL_ANGLE,1.44,6.57989226122115,16.3012536840316,0.0180231591399195,0.111491581151821,59508.8494869109
0.3,D11_SMALL_ANGLE,1.445,6.5822100933671,16.3026269398591,0.018585643660689,0.113502735158027,59520.9164109482
0.3,D11_SMALL_ANGLE,1.45,6.58453428865297,16.3040001322561,0.0191581912238737,0.115516710701927,59533.0002642116
0.3,D11_SMALL_ANGLE,1.455,6.58686427361837,16.3053728189279,0.019740814619077,0.11753298041028,59545.0978824617
0.3,D11_SMALL_ANGLE,1.46,6.58919947337436,16.306744557743,0.0203335239970321,0.11955101612962,59557.2060967777
0.3,D11_SMALL_ANGLE,1.465,6.59153931174535,16.3081149068433,0.0209363268660223,0.121570289054782,59569.3217343287
0.3,D11_SMALL_ANGLE,1.47,6.59388321141123,16.3094834247522,0.0215492280889444,0.123590269857877,59581.4416191473
0.3,D11_SMALL_ANGLE,1.475,6.59623059404983,16.3108496704843,0.0221722298810192,0.125610428817645,59593.5625729059
0.3,D11_SMALL_ANGLE,1.48,6.59858088047961,16.3122132036541,0.0228053318081474,0.127630235949141,59605.6814156948
0.3,D11_SMALL_ANGLE,1.485,6.60093349080256,16.3135735845853,0.0234485307859176,0.129649161133754,59617.7949668025
0.3,D11_SMALL_ANGLE,1.49,6.60328784454729,16.3149303744192,0.0241018210792621,0.131666674249493,59629.900045497
0.3,D11_SMALL_ANGLE,1.495,6.60564336081223,16.3162831352234,0.0247651943027676,0.133682245301559,59641.9934718094
0.3,D11_SMALL_ANGLE,1.5,6.60799945840901,16.3176314301007,0.025438639421637,0.135695344553108,59654.0720673186
0.3,D11_SMALL_ANGLE,1.505,6.61035555600578,16.3189748232972,0.0261221427533072,0.137705442656218,59666.1326559373
0.3,D11_SMALL_ANGLE,1.51,6.61271107227073,16.3203128803105,0.026815687969721,0.139712010783022,59678.1720646981
0.3,D11_SMALL_ANGLE,1.515,6.61506542601545,16.3216451679975,0.0275192561002559,0.141714520756917,59690.1871245415
0.3,D11_SMALL_ANGLE,1.52,6.6174180363384,16.3229712546821,0.0282328255353082,0.14371244518396,59702.1746711038
0.3,D11_SMALL_ANGLE,1.525,6.61976832276818,16.3242907102625,0.0289563720305353,0.145705257584199,59714.1315455052
0.3,D11_SMALL_ANGLE,1.53,6.62211570540678,16.325603106318,0.0296898687117537,0.147692432523138,59726.0545951388
0.3,D11_SMALL_ANGLE,1.535,6.62445960507266,16.3269080162159,0.0304332860804951,0.149673445743101,59737.9406744586
0.3,D11_SMALL_ANGLE,1.54,6.62679944344365,16.3282050152178,0.0311865920202189,0.151647774294608,59749.7866457676
0.3,D11_SMALL_ANGLE,1.545,6.62913464319964,16.3294936805851,0.0319497518031814,0.15361489666766,59761.589380006
0.3,D11_SMALL_ANGLE,1.55,6.63146462816504,16.3307735916845,0.032722728097961,0.155574292922887,59773.3457575373
0.3,D11_SMALL_ANGLE,1.555,6.63378882345092,16.3320443300932,0.0335054809776391,0.157525444822559,59785.0526689354
0.3,D11_SMALL_ANGLE,1.56,6.63610665559687,16.333305479703,0.0342979679286356,0.159467835961422,59796.7070157685
0.3,D11_SMALL_ANGLE,1.565,6.63841755271248,16.3345566268246,0.0351001438601974,0.161400951897296,59808.3057113838
0.3,D11_SMALL_ANGLE,1.57,6.64072094461849,16.3357973602906,0.0359119611145403,0.163324280281421,59819.8456816885
0.3,D11_SMALL_ANGLE,1.575,6.64301626298739,16.3370272715584,0.036733369477641,0.165237310988507,59831.323865931
0.3,D11_SMALL_ANGLE,1.58,6.64530294148374,16.3382459548127,0.0375643161906792,0.167139536246488,59842.7372174789
0.3,D11_SMALL_ANGLE,1.585,6.64758041590381,16.3394530070665,0.038404745962127,0.169030450765849,59854.0827045951
0.3,D11_SMALL_ANGLE,1.59,6.64984812431489,16.3406480282625,0.0392546009804845,0.170909551868604,59865.3573112116
0.3,D11_SMALL_ANGLE,1.595,6.65210550719385,16.3418306213734,0.0401138209276585,0.172776339616831,59876.558037701
0.3,D11_SMALL_ANGLE,1.6,6.65435200756525,16.343000392501,0.0409823429929838,0.174630316940714,59887.6819016443
0.3,D11_SMALL_ANGLE,1.605,6.65658707113873,16.3441569509751,0.0418601018878823,0.176470989766083,59898.7259385965
0.3,D11_SMALL_ANGLE,1.61,6.6588101464458,16.3452999094518,0.0427470298611594,0.178297867141422,59909.6872028485
0.3,D11_SMALL_ANGLE,1.615,6.6610206849759,16.3464288840107,0.0436430567149327,0.180110461364263,59920.5627681856
0.3,D11_SMALL_ANGLE,1.62,6.66321814131171,16.3475434942509,0.0445481098211933,0.181908288107021,59931.3497286421
0.3,D11_SMALL_ANGLE,1.625,6.66540197326377,16.3486433633872,0.045462114138992,0.183690866542086,59942.0451992525
0.3,D11_SMALL_ANGLE,1.63,6.66757164200423,16.3497281183442,0.0463849922322518,0.185457719466307,59952.6463167978
0.3,D11_SMALL_ANGLE,1.635,6.66972661219977,16.3507973898509,0.0473166642881987,0.187208373424699,59963.1502405482
0.3,D11_SMALL_ANGLE,1.64,6.67186635214377,16.3518508125329,0.0482570481364111,0.18894235883341,59973.5541530005
0.3,D11_SMALL_ANGLE,1.645,6.67399033388739,16.3528880250048,0.0492060592684807,0.190659210101831,59983.855260611
0.3,D11_SMALL_ANGLE,1.65,6.67609803336994,16.3539086699609,0.0501636108582827,0.192358465753985,59994.0507945239
0.3,D11_SMALL_ANGLE,1.655,6.67818893054809,16.3549123942656,0.0511296137828499,0.1940396685489,60004.1380112934
0.3,D11_SMALL_ANGLE,1.66,6.68026250952426,16.3558988490424,0.0521039766438477,0.195702365600173,60014.114193601
0.3,D11_SMALL_ANGLE,1.665,6.68231825867387,16.3568676897613,0.053086605789643,0.197346108494544,60023.9766509673
0.3,D11_SMALL_ANGLE,1.67,6.68435567077156,16.3578185763266,0.0540774053379652,0.198970453409512,60033.7227204571
0.3,D11_SMALL_ANGLE,1.675,6.6863742431164,16.3587511731618,0.0550762771991508,0.200574961229876,60043.3497673793
0.3,D11_SMALL_ANGLE,1.68,6.68837347765586,16.3596651492953,0.0560831210999703,0.202159197663327,60052.85518598
0.3,D11_SMALL_ANGLE,1.685,6.69035288110873,16.360560178443,0.0570978346080284,0.203722733354819,60062.2364001289
0.3,D11_SMALL_ANGLE,1.69,6.69231196508683,16.3614359390916,0.0581203131567343,0.205265143999934,60071.4908639996
0.3,D11_SMALL_ANGLE,1.695,6.6942502462155,16.3622921145793,0.0591504500708361,0.206786010456998,60080.616062742
0.3,D11_SMALL_ANGLE,1.7,6.69616724625288,16.3631283931762,0.0601881365925116,0.20828491885805,60089.6095131483
0.3,D11_SMALL_ANGLE,1.705,6.69806249220789,16.3639444681628,0.0612332619080125,0.209761460718575,60098.4687643114
0.3,D11_SMALL_ANGLE,1.71,6.69993551645695,16.3647400379081,0.0622857131748529,0.211215233045946,60107.1913982757
0.3,D11_SMALL_ANGLE,1.715,6.70178585685936,16.3655148059454,0.0633453755495372,0.212645838446601,60115.7750306796
0.3,D11_SMALL_ANGLE,1.72,6.70361305687131,16.3662684810477,0.0644121322158207,0.214052885231867,60124.2173113912
0.3,D11_SMALL_ANGLE,1.725,6.70541666565854,16.3670007773015,0.0654858644134958,0.215435987522419,60132.5159251345
0.3,D11_SMALL_ANGLE,1.73,6.70719623820755,16.3677114141789,0.0665664514676965,0.216794765351336,60140.668592108
0.3,D11_SMALL_ANGLE,1.735,6.70895133543547,16.3684001166092,0.0676537708187158,0.218128844765729,60148.6730685944
0.3,D11_SMALL_ANGLE,1.74,6.71068152429831,16.369066615048,0.0687476980523265,0.21943785792692,60156.5271475615
0.3,D11_SMALL_ANGLE,1.745,6.71238637789785,16.3697106455461,0.0698481069305995,0.220721443209076,60164.2286592545
0.3,D11_SMALL_ANGLE,1.75,6.71406547558699,16.3703319498161,0.0709548694232115,0.221979245296358,60171.7754717781
0.3,D11_SMALL_ANGLE,1.755,6.71571840307349,16.3709302752982,0.0720678557392349,0.223210915278489,60179.1654916709
0.3,D11_SMALL_ANGLE,1.76,6.71734475252222,16.371505375224,0.0731869343594005,0.224416110744727,60186.3966644684
0.3,D11_SMALL_ANGLE,1.765,6.7189441226558,16.3720570086794,0.0743119720688278,0.225594495876207,60193.4669752572
0.3,D11_SMALL_ANGLE,1.77,6.72051611885358,16.3725849406655,0.0754428339902105,0.226745741536668,60200.37444922
0.3,D11_SMALL_ANGLE,1.775,6.72206035324901,16.3730889421586,0.076579383617454,0.227869525361426,60207.1171521686
0.3,D11_SMALL_ANGLE,1.78,6.72357644482538,16.3735687901681,0.0777214828497513,0.228965531844707,60213.6931910682
0.3,D11_SMALL_ANGLE,1.785,6.72506401950976,16.3740242677933,0.078868992026093,0.230033452425175,60220.100714551
0.3,D11_SMALL_ANGLE,1.79,6.72652271026536,16.3744551642785,0.0800217699601988,0.231072985569735,60226.3379134184
0.3,D11_SMALL_ANGLE,1.795,6.72795215718207,16.3748612750664,0.0811796739758651,0.232083836855507,60232.403021133
0.3,D11_SMALL_ANGLE,1.8,6.72935200756525,16.3752424018504,0.0823425599427171,0.233065719049973,60238.2943142998
0.3,D11_SMALL_ANGLE,1.805,6.73072191602276,16.3755983526248,0.0835102823123569,0.234018352189308,60244.0101131358
0.3,D11_SMALL_ANGLE,1.81,6.73206154455019,16.3759289417339,0.0846826941548989,0.234941463654767,60249.5487819286
0.3,D11_SMALL_ANGLE,1.815,6.73337056261425,16.3762339899187,0.0858596471958824,0.235834788247219,60254.9087294833
0.3,D11_SMALL_ANGLE,1.82,6.73464864723431,16.3765133243632,0.0870409918535519,0.236698068259731,60260.0884095584
0.3,D11_SMALL_ANGLE,1.825,6.73589548306212,16.3767667787377,0.0882265772764954,0.237531053548169,60265.086321289
0.3,D11_SMALL_ANGLE,1.83,6.7371107624596,16.3769941932416,0.0894162513816307,0.238333501599877,60269.9010095993
0.3,D11_SMALL_ANGLE,1.835,6.73829418557474,16.3771954146439,0.0906098608925307,0.239105177600294,60274.5310656018
0.3,D11_SMALL_ANGLE,1.84,6.73944546041559,16.3773702963222,0.0918072513780757,0.239845854497572,60278.9751269854
0.3,D11_SMALL_ANGLE,1.845,6.74056430292231,16.3775186983001,0.0930082672914244,0.240555313065135,60283.2318783908
0.3,D11_SMALL_ANGLE,1.85,6.74165043703726,16.3776404872828,0.0942127520092927,0.241233341962168,60287.300051773
0.3,D11_SMALL_ANGLE,1.855,6.7427035947731,16.3777355366911,0.0954205478715288,0.241879737792029,60291.1784267522
0.3,D11_SMALL_ANGLE,1.86,6.74372351627891,16.3778037266933,0.0966314962209761,0.24249430515852,60294.8658309511
0.3,D11_SMALL_ANGLE,1.865,6.74470994990432,16.3778449442365,0.0978454374436115,0.243076856720027,60298.3611403202
0.3,D11_SMALL_ANGLE,1.87,6.7456626522616,16.3778590830746,0.0990622110089493,0.24362721324156,60301.6632794493
0.3,D11_SMALL_ANGLE,1.875,6.7465813882857,16.3778460437956,0.100281655510699,0.24414520364452,60304.7712218671
0.3,D11_SMALL_ANGLE,1.88,6.74746593129225,16.3778057338474,0.10150360870767,0.244630665054412,60307.6839903265
0.3,D11_SMALL_ANGLE,1.885,6.74831606303349,16.3777380675607,0.102727907564903,0.245083442846232,60310.4006570774
0.3,D11_SMALL_ANGLE,1.89,6.74913157375214,16.3776429661713,0.103954388295027,0.245503390687693,60312.9203441261
0.3,D11_SMALL_ANGLE,1.895,6.74991226223314,16.3775203578399,0.10518288639983,0.245890370580211,60315.2422234813
0.3,D11_SMALL_ANGLE,1.9,6.75065793585328,16.3773701776708,0.106413236712021,0.246244252897629,60317.3655173858
0.3,D11_SMALL_ANGLE,1.905,6.75136841062876,16.3771923677278,0.107645273437186,0.246564916422683,60319.2894985361
0.3,D11_SMALL_ANGLE,1.91,6.75204351126055,16.3769868770499,0.108878830195918,0.246852248381165,60321.013490287
0.3,D11_SMALL_ANGLE,1.915,6.75268307117768,16.3767536616632,0.110113740066117,0.247106144473845,60322.5368668431
0.3,D11_SMALL_ANGLE,1.92,6.7532869325783,16.3764926845931,0.111349835625431,0.24732650890604,60323.8590534362
0.3,D11_SMALL_ANGLE,1.925,6.75385494646866,16.3762039158733,0.112586948993858,0.247513254414889,60324.9795264893
0.3,D11_SMALL_ANGLE,1.93,6.75438697269982,16.3758873325532,0.113824911876461,0.247666302294315,60325.8978137659
0.3,D11_SMALL_ANGLE,1.935,6.75488288000227,16.3755429187043,0.115063555606215,0.247785582417624,60326.6134945057
0.3,D11_SMALL_ANGLE,1.94,6.75534254601831,16.375170665424,0.116302711186949,0.247871033257795,60327.1261995468
0.3,D11_SMALL_ANGLE,1.945,6.75576585733222,16.3747705708378,0.117542209336398,0.247922601905387,60327.4356114323
0.3,D11_SMALL_ANGLE,1.95,6.75615270949828,16.3743426401,0.118781880529324,0.247940244084131,60327.5414645048
0.3,D11_SMALL_ANGLE,1.955,6.75650300706649,16.3738868853923,0.12002155504072,0.247923924164096,60327.4435449846
0.3,D11_SMALL_ANGLE,1.96,6.75681666360618,16.3734033259206,0.121261062989067,0.247873615172557,60327.1416910353
0.3,D11_SMALL_ANGLE,1.965,6.75709360172728,16.3728919879103,0.122500234379645,0.24778929880244,60326.6357928146
0.3,D11_SMALL_ANGLE,1.97,6.75733375309947,16.3723529045998,0.123738899147875,0.247670965418397,60325.9257925104
0.3,D11_SMALL_ANGLE,1.975,6.75753705846898,16.3717861162316,0.124976887202689,0.247518614060503,60325.011684363
0.3,D11_SMALL_ANGLE,1.98,6.75770346767325,16.3711916700424,0.126214028469912,0.247332252445604,60323.8935146736
0.3,D11_SMALL_ANGLE,1.985,6.7578329396533,16.3705696202509,0.127450152935642,0.247111896966224,60322.5713817973
0.3,D11_SMALL_ANGLE,1.99,6.75792544246387,16.3699200280443,0.128685090689625,0.246857572687111,60321.0454361227
0.3,D11_SMALL_ANGLE,1.995,6.75798095328126,16.3692429615623,0.129918671968595,0.246569313339423,60319.3158800365
0.3,D11_SMALL_ANGLE,2,6.75799945840901,16.3685384958803,0.131150727199596,0.246247161312493,60317.382967875
0.3,D11_SMALL_ANGLE,2.005,6.75798095328126,16.3678067129898,0.132381087043239,0.245891167643219,60315.2470058593
0.3,D11_SMALL_ANGLE,2.01,6.75792544246387,16.3670477017778,0.133609582436914,0.245501392003101,60312.9083520186
0.3,D11_SMALL_ANGLE,2.015,6.7578329396533,16.3662615580044,0.134836044637922,0.245077902682887,60310.3674160973
0.3,D11_SMALL_ANGLE,2.02,6.75770346767325,16.3654483842778,0.136060305266532,0.244620776574804,60307.6246594488
0.3,D11_SMALL_ANGLE,2.025,6.75753705846898,16.3646082900289,0.137282196348933,0.24413009915253,60304.6805949152
0.3,D11_SMALL_ANGLE,2.03,6.75733375309947,16.3637413914831,0.138501550360092,0.243605964448676,60301.5357866921
0.3,D11_SMALL_ANGLE,2.035,6.75709360172728,16.3628478116308,0.139718200266485,0.243048475030012,60298.1908501801
0.3,D11_SMALL_ANGLE,2.04,6.75681666360618,16.3619276801963,0.1409319795687,0.242457741970323,60294.6464518219
0.3,D11_SMALL_ANGLE,2.045,6.75650300706649,16.3609811336046,0.142142722343901,0.241833884820871,60290.9033089252
0.3,D11_SMALL_ANGLE,2.05,6.75615270949828,16.3600083149466,0.143350263288138,0.241177031578619,60286.9621894717
0.3,D11_SMALL_ANGLE,2.055,6.75576585733222,16.3590093739433,0.144554437758486,0.240487318652072,60282.8239119124
0.3,D11_SMALL_ANGLE,2.06,6.75534254601831,16.3579844669071,0.145755081815018,0.239764890824835,60278.489344949
0.3,D11_SMALL_ANGLE,2.065,6.75488288000227,16.3569337567024,0.146952032262583,0.239009901216864,60273.9594073012
0.3,D11_SMALL_ANGLE,2.07,6.75438697269982,16.3558574127043,0.148145126692385,0.238222511243443,60269.2350674607
0.3,D11_SMALL_ANGLE,2.075,6.75385494646866,16.3547556107553,0.149334203523351,0.237402890571897,60264.3173434314
0.3,D11_SMALL_ANGLE,2.08,6.7532869325783,16.3536285331209,0.150519102043284,0.236551217076014,60259.2073024561
0.3,D11_SMALL_ANGLE,2.085,6.75268307117768,16.3524763684431,0.15169966244977,0.235667676788259,60253.9060607295
0.3,D11_SMALL_ANGLE,2.09,6.75204351126055,16.3512993116926,0.152875725890851,0.234752463849762,60248.4147830986
0.3,D11_SMALL_ANGLE,2.095,6.75136841062876,16.3500975641195,0.154047134505438,0.233805780458072,60242.7346827484
0.3,D11_SMALL_ANGLE,2.1,6.75065793585328,16.3488713332016,0.155213731463459,0.232827836812721,60236.8670208763
0.3,D11_SMALL_ANGLE,2.105,6.74991226223314,16.3476208325924,0.156375361005724,0.23181885105863,60230.8131063518
0.3,D11_SMALL_ANGLE,2.11,6.74913157375214,16.3463462820666,0.157531868483513,0.230779049227358,60224.5742953641
0.3,D11_SMALL_ANGLE,2.115,6.74831606303349,16.3450479074645,0.15868310039785,0.229708665176171,60218.151991057
0.3,D11_SMALL_ANGLE,2.12,6.74746593129225,16.3437259406342,0.15982890443848,0.228607940525043,60211.5476431503
0.3,D11_SMALL_ANGLE,2.125,6.7465813882857,16.3423806193735,0.160969129522522,0.227477124591546,60204.7627475493
0.3,D11_SMALL_ANGLE,2.13,6.7456626522616,16.3410121873693,0.162103625832784,0.226316474323633,60197.7988459418
0.3,D11_SMALL_ANGLE,2.135,6.74470994990432,16.3396208941355,0.163232244855746,0.225126254230393,60190.6575253824
0.3,D11_SMALL_ANGLE,2.14,6.74372351627891,16.3382069949505,0.16435483941919,0.223906736310788,60183.3404178647
0.3,D11_SMALL_ANGLE,2.145,6.7427035947731,16.3367707507916,0.165471263729463,0.222658199980334,60175.849199882
0.3,D11_SMALL_ANGLE,2.15,6.74165043703726,16.3353124282698,0.166581373408376,0.221380931995833,60168.185591975
0.3,D11_SMALL_ANGLE,2.155,6.74056430292231,16.3338322995615,0.167685025529715,0.220075226378148,60160.3513582689
0.3,D11_SMALL_ANGLE,2.16,6.73944546041559,16.3323306423401,0.168782078655368,0.218741384333002,60152.348305998
0.3,D11_SMALL_ANGLE,2.165,6.73829418557474,16.3308077397055,0.169872392871044,0.217379714169914,60144.1782850195
0.3,D11_SMALL_ANGLE,2.17,6.7371107624596,16.3292638801124,0.170955829821585,0.215990531219219,60135.8431873153
0.3,D11_SMALL_ANGLE,2.175,6.73589548306212,16.3276993572972,0.172032252745863,0.214574157747256,60127.3449464835
0.3,D11_SMALL_ANGLE,2.18,6.73464864723431,16.3261144702043,0.173101526511239,0.213130922869698,60118.6855372182
0.3,D11_SMALL_ANGLE,2.185,6.73337056261425,16.3245095229095,0.174163517647593,0.211661162463098,60109.8669747786
0.3,D11_SMALL_ANGLE,2.19,6.73206154455019,16.3228848245442,0.175218094380902,0.21016521907468,60100.8913144481
0.3,D11_SMALL_ANGLE,2.195,6.73072191602276,16.3212406892162,0.176265126666365,0.208643441830343,60091.7606509821
0.3,D11_SMALL_ANGLE,2.2,6.72935200756525,16.3195774359312,0.177304486221061,0.207096186340992,60082.477118046
0.3,D11_SMALL_ANGLE,2.205,6.72795215718207,16.3178953885116,0.178336046556138,0.205523814607171,60073.042887643
0.3,D11_SMALL_ANGLE,2.21,6.72652271026536,16.3161948755153,0.179359683008519,0.203926694922028,60063.4601695322
0.3,D11_SMALL_ANGLE,2.215,6.72506401950976,16.314476230152,0.180375272772118,0.202305201772713,60053.7312106363
0.3,D11_SMALL_ANGLE,2.22,6.72357644482538,16.3127397901996,0.181382694928564,0.200659715740093,60043.8582944405
0.3,D11_SMALL_ANGLE,2.225,6.72206035324901,16.310985897919,0.182381830477409,0.198990623397,60033.843740382
0.3,D11_SMALL_ANGLE,2.23,6.72051611885358,16.3092148999674,0.183372562365837,0.197298317204929,60023.6899032296
0.3,D11_SMALL_ANGLE,2.235,6.7189441226558,16.3074271473112,0.18435477551784,0.195583195409199,60013.3991724552
0.3,D11_SMALL_ANGLE,2.24,6.71734475252222,16.3056229951373,0.185328356862878,0.193845661932727,60002.9739715964
0.3,D11_SMALL_ANGLE,2.245,6.71571840307349,16.3038028027636,0.186293195363993,0.192086126268322,59992.4167576099
0.3,D11_SMALL_ANGLE,2.25,6.71406547558699,16.3019669335486,0.18724918204539,0.190305003369625,59981.7300202178
0.3,D11_SMALL_ANGLE,2.255,6.71238637789785,16.3001157547999,0.188196210019464,0.188502713540659,59970.916281244
0.3,D11_SMALL_ANGLE,2.26,6.71068152429831,16.2982496376815,0.189134174513273,0.186679682324106,59959.9780939446
0.3,D11_SMALL_ANGLE,2.265,6.70895133543547,16.2963689571205,0.190062972894449,0.184836340388255,59948.9180423295
0.3,D11_SMALL_ANGLE,2.27,6.70719623820755,16.2944740917127,0.190982504696543,0.182973123412712,59937.7387404763
0.3,D11_SMALL_ANGLE,2.275,6.70541666565854,16.2925654236275,0.191892671643791,0.181090471972922,59926.4428318375
0.3,D11_SMALL_ANGLE,2.28,6.70361305687131,16.2906433385116,0.192793377675302,0.17918883142349,59915.0329885409
0.3,D11_SMALL_ANGLE,2.285,6.70178585685936,16.2887082253923,0.193684528968662,0.17726865178035,59903.5119106821
0.3,D11_SMALL_ANGLE,2.29,6.69993551645695,16.2867604765797,0.194566033962942,0.175330387601866,59891.8823256112
0.3,D11_SMALL_ANGLE,2.295,6.69806249220789,16.2848004875677,0.19543780338111,0.173374497868835,59880.146987213
0.3,D11_SMALL_ANGLE,2.3,6.69616724625288,16.2828286569356,0.196299750251841,0.171401445863477,59868.3086751809
0.3,D11_SMALL_ANGLE,2.305,6.6942502462155,16.2808453862472,0.197151789930724,0.169411699047423,59856.3701942845
0.3,D11_SMALL_ANGLE,2.31,6.69231196508683,16.2788510799504,0.197993840120846,0.167405728938753,59844.3343736325
0.3,D11_SMALL_ANGLE,2.315,6.69035288110873,16.2768461452758,0.198825820892767,0.165384010988136,59832.2040659288
0.3,D11_SMALL_ANGLE,2.32,6.68837347765586,16.2748309921348,0.199647654703873,0.16334702445404,59819.9821467242
0.3,D11_SMALL_ANGLE,2.325,6.6863742431164,16.2728060330162,0.2004592664171,0.161295252277153,59807.6715136629
0.3,D11_SMALL_ANGLE,2.33,6.68435567077156,16.2707716828835,0.201260583319028,0.159229180953973,59795.2750857238
0.3,D11_SMALL_ANGLE,2.335,6.68231825867387,16.268728359071,0.202051535137347,0.157149300409662,59782.795802458
0.3,D11_SMALL_ANGLE,2.34,6.68026250952426,16.2666764811788,0.202832054057676,0.155056103870121,59770.2366232207
0.3,D11_SMALL_ANGLE,2.345,6.67818893054809,16.2646164709682,0.203602074739748,0.152950087733441,59757.6005264006
0.3,D11_SMALL_ANGLE,2.35,6.67609803336994,16.2625487522564,0.204361534332946,0.150831751440656,59744.8905086439
0.3,D11_SMALL_ANGLE,2.355,6.67399033388739,16.2604737508101,0.205110372491197,0.148701597345903,59732.1095840754
0.3,D11_SMALL_ANGLE,2.36,6.67186635214377,16.2583918942394,0.205848531387208,0.146560130586041,59719.2607835162
0.3,D11_SMALL_ANGLE,2.365,6.66972661219977,16.2563036118909,0.206575955726057,0.144407858949647,59706.3471536979
0.3,D11_SMALL_ANGLE,2.37,6.66757164200423,16.2542093347406,0.207292592758116,0.142245292745638,59693.3717564738
0.3,D11_SMALL_ANGLE,2.375,6.66540197326377,16.2521094952863,0.207998392291331,0.140072944671346,59680.3376680281
0.3,D11_SMALL_ANGLE,2.38,6.66321814131171,16.2500045274394,0.208693306702828,0.137891329680192,59667.2479780812
0.3,D11_SMALL_ANGLE,2.385,6.6610206849759,16.2478948664175,0.209377290949864,0.135700964849027,59654.1057890942
0.3,D11_SMALL_ANGLE,2.39,6.6588101464458,16.2457809486351,0.210050302580113,0.133502369245074,59640.9142154704
0.3,D11_SMALL_ANGLE,2.395,6.65658707113873,16.2436632115954,0.210712301741281,0.131296063792588,59627.6763827555
0.3,D11_SMALL_ANGLE,2.4,6.65435200756525,16.2415420937811,0.21136325119006,0.129082571139282,59614.3954268357
0.3,D11_SMALL_ANGLE,2.405,6.65210550719385,16.2394180345456,0.212003116300411,0.126862415522464,59601.0744931348
0.3,D11_SMALL_ANGLE,2.41,6.64984812431489,16.2372914740033,0.212631865071175,0.124636122635053,59587.7167358103
0.3,D11_SMALL_ANGLE,2.415,6.64758041590381,16.2351628529204,0.213249468133017,0.122404219491392,59574.3253169483
0.3,D11_SMALL_ANGLE,2.42,6.64530294148374,16.2330326126055,0.213855898754698,0.120167234292975,59560.9034057578
0.3,D11_SMALL_ANGLE,2.425,6.64301626298739,16.2309011947999,0.214451132848674,0.117925696294094,59547.4541777646
0.3,D11_SMALL_ANGLE,2.43,6.64072094461849,16.2287690415676,0.215035148976024,0.115680135667445,59533.9808140047
0.3,D11_SMALL_ANGLE,2.435,6.63841755271248,16.2266365951861,0.215607928350707,0.113431083369726,59520.4865002184
0.3,D11_SMALL_ANGLE,2.44,6.63610665559687,16.2245042980366,0.216169454843143,0.111179071007289,59506.9744260437
0.3,D11_SMALL_ANGLE,2.445,6.63378882345092,16.222372592494,0.21671971498313,0.108924630701848,59493.4477842111
0.3,D11_SMALL_ANGLE,2.45,6.63146462816504,16.2202419208177,0.217258697962084,0.106668294956307,59479.9097697378
0.3,D11_SMALL_ANGLE,2.455,6.62913464319964,16.218112725042,0.217786395634605,0.104410596520708,59466.3635791242
0.3,D11_SMALL_ANGLE,2.46,6.62679944344365,16.2159854468666,0.218302802519387,0.102152068258402,59452.8124095504
0.3,D11_SMALL_ANGLE,2.465,6.62445960507266,16.2138605275473,0.218807915799442,0.0998932430123958,59439.2594580744
0.3,D11_SMALL_ANGLE,2.47,6.62211570540678,16.2117384077871,0.219301735321668,0.0976346534719781,59425.7079208319
0.3,D11_SMALL_ANGLE,2.475,6.61976832276819,16.2096195276272,0.219784263595748,0.0953768320396211,59412.1609922377
0.3,D11_SMALL_ANGLE,2.48,6.6174180363384,16.2075043263383,0.220255505792385,0.0931203106981844,59398.6218641891
0.3,D11_SMALL_ANGLE,2.485,6.61506542601545,16.2053932423124,0.220715469740869,0.0908656208785228,59385.0937252711
0.3,D11_SMALL_ANGLE,2.49,6.61271107227073,16.203286712954,0.22116416592599,0.0886132933274411,59371.5797599646
0.3,D11_SMALL_ANGLE,2.495,6.61035555600578,16.2011851745733,0.221601607484286,0.086363857976071,59358.0831478564
0.3,D11_SMALL_ANGLE,2.5,6.60799945840901,16.1990890622778,0.22202781019964,0.0841178438087482,59344.6070628525
0.3,D11_SMALL_ANGLE,2.505,6.60564336081223,16.1969988098655,0.222442792498215,0.0818757787323232,59331.1546723939
0.3,D11_SMALL_ANGLE,2.51,6.60328784454729,16.194914849718,0.222846575442744,0.0796381894460385,59317.7291366762
0.3,D11_SMALL_ANGLE,2.515,6.60093349080256,16.1928376126944,0.223239182726166,0.077405601311936,59304.3336078716
0.3,D11_SMALL_ANGLE,2.52,6.59858088047961,16.1907675280252,0.223620640664621,0.0751785382258614,59290.9712293552
0.3,D11_SMALL_ANGLE,2.525,6.59623059404983,16.1887050232067,0.223990978189791,0.0729575224890695,59277.6451349344
0.3,D11_SMALL_ANGLE,2.53,6.59388321141123,16.1866505238962,0.224350226840614,0.070743074680518,59264.3584480831
0.3,D11_SMALL_ANGLE,2.535,6.59153931174535,16.1846044538075,0.22469842075435,0.0685357135297764,59251.1142811787
0.3,D11_SMALL_ANGLE,2.54,6.58919947337436,16.1825672346071,0.225035596657021,0.0663359557907111,59237.9157347443
0.3,D11_SMALL_ANGLE,2.545,6.58686427361837,16.1805392858105,0.225361793853218,0.0641443161158737,59224.7658966952
0.3,D11_SMALL_ANGLE,2.55,6.58453428865297,16.1785210246798,0.225677054215278,0.0619613069316483,59211.6678415899
0.3,D11_SMALL_ANGLE,2.555,6.5822100933671,16.1765128661211,0.225981422171848,0.0597874383142312,59198.6246298854
0.3,D11_SMALL_ANGLE,2.56,6.57989226122115,16.1745152225836,0.226274944695822,0.0576232178664,59185.6393071984
0.3,D11_SMALL_ANGLE,2.565,6.57758136410553,16.1725285039582,0.226557671291671,0.0554691505951723,59172.714903571
0.3,D11_SMALL_ANGLE,2.57,6.57527797219953,16.1705531174773,0.226829653982156,0.0533257387902957,59159.8544327418
0.3,D11_SMALL_ANGLE,2.575,6.57298265383062,16.168589467616,0.227090947294444,0.051193481903713,59147.0608914223
0.3,D11_SMALL_ANGLE,2.58,6.57069597533428,16.1666379559926,0.227341608245614,0.0490728764298982,59134.3372585794
0.3,D11_SMALL_ANGLE,2.585,6.5684185009142,16.164698981271,0.227581696327581,0.0469644157871869,59121.6864947231
0.3,D11_SMALL_ANGLE,2.59,6.56615079250312,16.1627729390634,0.227811273491411,0.0448685902001049,59109.1115412006
0.3,D11_SMALL_ANGLE,2.595,6.56389340962416,16.160860221834,0.228030404131067,0.0427858865826636,59096.615319496
0.3,D11_SMALL_ANGLE,2.6,6.56164690925277,16.1589612188035,0.228239155066565,0.0407167884227349,59084.2007305364
0.3,D11_SMALL_ANGLE,2.605,6.55941184567928,16.1570763158542,0.228437595526554,0.0386617756674692,59071.8706540048
0.3,D11_SMALL_ANGLE,2.61,6.55718877037221,16.1552058954363,0.228625797130331,0.0366213246097953,59059.6279476588
0.3,D11_SMALL_ANGLE,2.615,6.55497823184212,16.1533503364747,0.228803833869287,0.0345959077760387,59047.4754466562
0.3,D11_SMALL_ANGLE,2.62,6.55278077550631,16.1515100142774,0.228971782087796,0.0325859938146404,59035.4159628878
0.3,D11_SMALL_ANGLE,2.625,6.55059694355424,16.1496853004441,0.22912972046355,0.0305920473861008,59023.4522843166
0.3,D11_SMALL_ANGLE,2.63,6.54842727481379,16.147876562776,0.229277729987347,0.0286145290539892,59011.5871743239
0.3,D11_SMALL_ANGLE,2.635,6.54627230461824,16.146084165187,0.229415893942334,0.0266538951772439,58999.8233710635
0.3,D11_SMALL_ANGLE,2.64,6.54413256467425,16.144308467615,0.229544297882718,0.0247105978036419,58988.1635868219
0.3,D11_SMALL_ANGLE,2.645,6.54200858293062,16.1425498259355,0.22966302961195,0.0227850845645179,58976.6105073871
0.3,D11_SMALL_ANGLE,2.65,6.53990088344807,16.1408085918744,0.229772179160378,0.0208777985707442,58965.1667914245
0.3,D11_SMALL_ANGLE,2.655,6.53780998626992,16.1390851129243,0.229871838762387,0.0189891783099654,58953.8350698598
0.3,D11_SMALL_ANGLE,2.66,6.53573640729375,16.1373797322593,0.229962102833033,0.01711965754515,58942.6179452709
0.3,D11_SMALL_ANGLE,2.665,6.53368065814415,16.1356927886529,0.230043067944164,0.0152696652144488,58931.5179912867
0.3,D11_SMALL_ANGLE,2.67,6.53164324604645,16.134024616396,0.230114832800052,0.0134396253323938,58920.5377519944
0.3,D11_SMALL_ANGLE,2.675,6.52962467370162,16.132375545216,0.230177498212528,0.0116299568924063,58909.6797413544
0.3,D11_SMALL_ANGLE,2.68,6.52762543916216,16.130745900198,0.230231167075635,0.00984107377071908,58898.9464426243
0.3,D11_SMALL_ANGLE,2.685,6.52564603570929,16.1291360017058,0.230275944339811,0.00807338463166829,58888.34030779
0.3,D11_SMALL_ANGLE,2.69,6.52368695173119,16.1275461653051,0.230311936985587,0.00632729283434941,58877.8637570061
0.3,D11_SMALL_ANGLE,2.695,6.52174867060252,16.1259767016877,0.230339253996835,0.00460319634072626,58867.5191780443
0.3,D11_SMALL_ANGLE,2.7,6.51983167056514,16.1244279165963,0.230358006333556,0.00290148762516296,58857.308925751
0.3,D11_SMALL_ANGLE,2.705,6.51793642461012,16.1229001107519,0.230368306904217,0.00122255358536982,58847.2353215122
0.3,D11_SMALL_ANGLE,2.71,6.51606340036106,16.1213935797806,0.230370270537651,-0.000433224545162147,58837.300652729
0.3,D11_SMALL_ANGLE,2.715,6.51421305995865,16.1199086141434,0.230364013954514,-0.00206547128326839,58827.5071723004
0.3,D11_SMALL_ANGLE,2.72,6.51238585994671,16.1184454990663,0.23034965573833,-0.00367381698073288,58817.8570981156
0.3,D11_SMALL_ANGLE,2.725,6.51058225115948,16.1170045144719,0.230327316306099,-0.00525789790742337,58808.3526125555
0.3,D11_SMALL_ANGLE,2.73,6.50880267861046,16.1155859349122,0.230297117878508,-0.00681735633288305,58798.9958620027
0.3,D11_SMALL_ANGLE,2.735,6.50704758138254,16.1141900295035,0.230259184449729,-0.00835184060645133,58789.7889563613
0.3,D11_SMALL_ANGLE,2.74,6.5053173925197,16.1128170618612,0.230213641756824,-0.00986100523581968,58780.7339685851
0.3,D11_SMALL_ANGLE,2.745,6.50361253892016,16.1114672900374,0.23016061724876,-0.0113445109640367,58771.8329342158
0.3,D11_SMALL_ANGLE,2.75,6.50193344123103,16.110140966459,0.230100240055042,-0.0128020248449872,58763.0878509301
0.3,D11_SMALL_ANGLE,2.755,6.50028051374453,16.1088383378675,0.230032640953975,-0.0142332203172923,58754.5006780962
0.3,D11_SMALL_ANGLE,2.76,6.4986541642958,16.10755964526,0.229957952340555,-0.0156377772766021,58746.0733363404
0.3,D11_SMALL_ANGLE,2.765,6.49705479416222,16.1063051238319,0.229876308194014,-0.0170153821463863,58737.8077071217
0.3,D11_SMALL_ANGLE,2.77,6.49548279796444,16.105075002921,0.229787844044998,-0.0183657279470459,58729.7056323177
0.3,D11_SMALL_ANGLE,2.775,6.493938563569,16.1038695059523,0.22969269694242,-0.0196885143634571,58721.7689138193
0.3,D11_SMALL_ANGLE,2.78,6.49242247199264,16.1026888503855,0.229591005419969,-0.0209834478109308,58713.9993131344
0.3,D11_SMALL_ANGLE,2.785,6.49093489730826,16.1015332476628,0.229482909462297,-0.022250241499508,58706.3985510029
0.3,D11_SMALL_ANGLE,2.79,6.48947620655265,16.100402903159,0.229368550470888,-0.0234886154966372,58698.9683070202
0.3,D11_SMALL_ANGLE,2.795,6.48804675963594,16.0992980161325,0.229248071229617,-0.0246982967882801,58691.7102192703
0.3,D11_SMALL_ANGLE,2.8,6.48664690925277,16.0982187796778,0.229121615870009,-0.0258790193382641,58684.6258839704
0.3,D11_SMALL_ANGLE,2.805,6.48527700079525,16.0971653806803,0.228989329836204,-0.0270305241460971,58677.7168551234
0.3,D11_SMALL_ANGLE,2.81,6.48393737226782,16.0961379997715,0.228851359849638,-0.0281525593030825,58670.9846441815
0.3,D11_SMALL_ANGLE,2.815,6.48262835420377,16.0951368112861,0.228707853873447,-0.0292448800467433,58664.4307197195
0.3,D11_SMALL_ANGLE,2.82,6.4813502695837,16.0941619832212,0.228558961076604,-0.0303072488136475,58658.0565071181
0.3,D11_SMALL_ANGLE,2.825,6.48010343375589,16.0932136771963,0.228404831797795,-0.0313394352905281,58651.8633882568
0.3,D11_SMALL_ANGLE,2.83,6.47888815435842,16.0922920484149,0.22824561750904,-0.0323412164636991,58645.8527012178
0.3,D11_SMALL_ANGLE,2.835,6.47770473124328,16.0913972456282,0.228081470779083,-0.0333123766668901,58640.0257399987
0.3,D11_SMALL_ANGLE,2.84,6.47655345640243,16.0905294110996,0.227912545236532,-0.0342527076272567,58634.3837542365
0.3,D11_SMALL_ANGLE,2.845,6.4754346138957,16.0896886805715,0.227738995532782,-0.0351620085098343,58628.927948941
0.3,D11_SMALL_ANGLE,2.85,6.47434847978075,16.0888751832331,0.227560977304721,-0.0360400859602112,58623.6594842387
0.3,D11_SMALL_ANGLE,2.855,6.47329532204492,16.0880890416898,0.22737864713722,-0.0368867541455646,58618.5794751266
0.3,D11_SMALL_ANGLE,2.86,6.4722754005391,16.0873303719347,0.227192162525427,-0.0377018347939444,58613.6889912363
0.3,D11_SMALL_ANGLE,2.865,6.47128896691369,16.0865992833209,0.227001681836871,-0.0384851572319107,58608.9890566085
0.3,D11_SMALL_ANGLE,2.87,6.47033626455641,16.0858958785364,0.226807364273376,-0.0392365584204235,58604.4806494775
0.3,D11_SMALL_ANGLE,2.875,6.46941752853231,16.0852202535792,0.226609369832803,-0.0399558829890552,58600.1647020657
0.3,D11_SMALL_ANGLE,2.88,6.46853298552577,16.0845724977356,0.226407859270624,-0.0406429832684641,58596.0421003892
0.3,D11_SMALL_ANGLE,2.885,6.46768285378453,16.0839526935585,0.226202994061344,-0.0412977193211894,58592.1136840729
0.3,D11_SMALL_ANGLE,2.89,6.46686734306587,16.0833609168489,0.225994936359761,-0.0419199589707162,58588.3802461757
0.3,D11_SMALL_ANGLE,2.895,6.46608665458488,16.0827972366373,0.225783848962099,-0.0425095778288185,58584.8425330271
0.3,D11_SMALL_ANGLE,2.9,6.46534098096473,16.0822617151685,0.225569895266995,-0.0430664593211958,58581.5012440728
0.3,D11_SMALL_ANGLE,2.905,6.46463050618926,16.0817544078864,0.225353239236375,-0.0435904947114221,58578.3570317315
0.3,D11_SMALL_ANGLE,2.91,6.46395540555747,16.0812753634214,0.225134045356206,-0.0440815831230985,58575.4105012614
0.3,D11_SMALL_ANGLE,2.915,6.46331584564034,16.0808246235792,0.224912478597142,-0.0445396315603759,58572.6622106377
0.3,D11_SMALL_ANGLE,2.92,6.46271198423971,16.0804022233311,0.224688704375076,-0.0449645549267075,58570.1126704398
0.3,D11_SMALL_ANGLE,2.925,6.46214397034936,16.0800081908058,0.2244628885116,-0.0453562760418791,58567.7623437487
0.3,D11_SMALL_ANGLE,2.93,6.4616119441182,16.0796425472833,0.224235197194384,-0.0457147256573638,58565.6116460558
0.3,D11_SMALL_ANGLE,2.935,6.46111603681574,16.0793053071898,0.224005796937482,-0.0460398424698933,58563.6609451806
0.3,D11_SMALL_ANGLE,2.94,6.4606563707997,16.0789964780946,0.223774854541576,-0.046331573133374,58561.9105611998
0.3,D11_SMALL_ANGLE,2.945,6.46023305948579,16.078716060709,0.223542537054165,-0.0465898722690365,58560.3607663858
0.3,D11_SMALL_ANGLE,2.95,6.45984620731974,16.0784640488854,0.223309011729704,-0.0468147024738848,58559.0117851567
0.3,D11_SMALL_ANGLE,2.955,6.45949590975152,16.0782404296201,0.22307444598971,-0.0470060343274294,58557.8637940354
0.3,D11_SMALL_ANGLE,2.96,6.45918225321184,16.0780451830558,0.222839007382836,-0.0471638463967121,58556.9169216197
0.3,D11_SMALL_ANGLE,2.965,6.45890531509073,16.0778782824868,0.222602863544922,-0.0472881252395858,58556.1712485625
0.3,D11_SMALL_ANGLE,2.97,6.45866516371855,16.0777396943656,0.22236618215904,-0.0473788654063103,58555.6268075621
0.3,D11_SMALL_ANGLE,2.975,6.45846185834904,16.077629378311,0.222129130915527,-0.0474360694394136,58555.2835833635
0.3,D11_SMALL_ANGLE,2.98,6.45829544914477,16.0775472871178,0.221891877472032,-0.0474597478718763,58555.1415127687
0.3,D11_SMALL_ANGLE,2.985,6.45816597716471,16.0774933667683,0.221654589413571,-0.0474499192235296,58555.2004846588
0.3,D11_SMALL_ANGLE,2.99,6.45807347435415,16.0774675564451,0.221417434212601,-0.0474066099958517,58555.4603400249
0.3,D11_SMALL_ANGLE,2.995,6.45801796353676,16.0774697885459,0.221180579189135,-0.0473298546649623,58555.9208720102
0.3,D11_SMALL_ANGLE,3,6.45799945840901,16.0774999886996,0.220944191470884,-0.0472196956729807,58556.5818259621
0.3,D11_SMALL_ANGLE,3.005,6.45799945840901,16.0775570129355,0.220708395361423,-0.0471015536595996,58557.2906780424
0.3,D11_SMALL_ANGLE,3.01,6.45799945840901,16.0776359507668,0.220473151329842,-0.0469982581643507,58557.9104510139
0.3,D11_SMALL_ANGLE,3.015,6.45799945840901,16.0777320146857,0.220238393490669,-0.046906601805567,58558.4603891666
0.3,D11_SMALL_ANGLE,3.02,6.45799945840901,16.0778414552274,0.220004070185589,-0.0468240725977083,58558.9555644137
0.3,D11_SMALL_ANGLE,3.025,6.45799945840901,16.0779613358999,0.219770140898853,-0.0467487031749574,58559.4077809503
0.3,D11_SMALL_ANGLE,3.03,6.45799945840901,16.0780893569174,0.219536573841493,-0.0466789527080103,58559.8262837519
0.3,D11_SMALL_ANGLE,3.035,6.45799945840901,16.0782237171523,0.219303344059315,-0.0466136144244267,58560.2183134534
0.3,D11_SMALL_ANGLE,3.04,6.45799945840901,16.0783630060197,0.219070431951102,-0.0465517431805793,58560.5895409165
0.3,D11_SMALL_ANGLE,3.045,6.45799945840901,16.0785061188021,0.218837822108102,-0.0464925987373466,58560.9444075759
0.3,D11_SMALL_ANGLE,3.05,6.45799945840901,16.0786521903348,0.218605502405112,-0.0464356013345082,58561.286391993
0.3,D11_SMALL_ANGLE,3.055,6.45799945840901,16.0788005430676,0.218373463288643,-0.0463802968972704,58561.6182186164
0.3,D11_SMALL_ANGLE,3.06,6.45799945840901,16.0789506463884,0.218141697219399,-0.0463263297863872,58561.9420212817
0.3,D11_SMALL_ANGLE,3.065,6.45799945840901,16.0791020847654,0.217910198235649,-0.0462734214564033,58562.2594712616
0.3,D11_SMALL_ANGLE,3.07,6.45799945840901,16.0792545327965,0.217678961611256,-0.0462213537409699,58562.5718775542
0.3,D11_SMALL_ANGLE,3.075,6.45799945840901,16.0794077356686,0.217447983587844,-0.0461699557621227,58562.8802654273
0.3,D11_SMALL_ANGLE,3.08,6.45799945840901,16.0795614938526,0.217217261165045,-0.0461190936777012,58563.1854379338
0.3,D11_SMALL_ANGLE,3.085,6.45799945840901,16.079715651118,0.216986791936214,-0.0460686626516438,58563.4880240901
0.3,D11_SMALL_ANGLE,3.09,6.45799945840901,16.0798700851445,0.216756573959765,-0.0460185805652049,58563.7885166088
0.3,D11_SMALL_ANGLE,3.095,6.45799945840901,16.0800247001707,0.216526605658402,-0.045968783091622,58564.0873014503
0.3,D11_SMALL_ANGLE,3.1,6.45799945840901,16.0801794212351,0.216296885740201,-0.0459192198386411,58564.3846809681
0.3,D11_SMALL_ANGLE,3.105,6.45799945840901,16.0803341896668,0.216067413136794,-0.045869851327403,58564.6808920356
0.3,D11_SMALL_ANGLE,3.11,6.45799945840901,16.0804889595536,0.215838186954966,-0.0458206466262894,58564.9761202423
0.3,D11_SMALL_ANGLE,3.115,6.45799945840901,16.0806436949754,0.215609206438737,-0.0457715814978261,58565.270511013
0.3,D11_SMALL_ANGLE,3.12,6.45799945840901,16.080798367838,0.215380470939672,-0.0457226369473105,58565.5641783161
0.3,D11_SMALL_ANGLE,3.125,6.45799945840901,16.0809529561761,0.215151979893623,-0.0456737980861526,58565.8572114831
0.3,D11_SMALL_ANGLE,3.13,6.45799945840901,16.0811074428247,0.214923732802515,-0.045625053241622,58566.1496805503
0.3,D11_SMALL_ANGLE,3.135,6.45799945840901,16.0812618143782,0.214695729220082,-0.0455763932596209,58566.4416404423
0.3,D11_SMALL_ANGLE,3.14,6.45799945840901,16.0814160603752,0.214467968740696,-0.0455278109586352,58566.7331342482
0.3,D11_SMALL_ANGLE,3.145,6.45799945840901,16.0815701726601,0.214240450990614,-0.0454793007020697,58567.0241957876
0.3,D11_SMALL_ANGLE,3.15,6.45799945840901,16.0817241448833,0.21401317562113,-0.0454308580632912,58567.3148516202
0.3,D11_SMALL_ANGLE,3.155,6.45799945840901,16.0818779721094,0.213786142303202,-0.0453824795633171,58567.6051226201
0.3,D11_SMALL_ANGLE,3.16,6.45799945840901,16.0820316505107,0.213559350723254,-0.0453341624653554,58567.8950252079
0.3,D11_SMALL_ANGLE,3.165,6.45799945840901,16.082185177127,0.213332800579878,-0.0452859046139107,58568.1845723165
0.3,D11_SMALL_ANGLE,3.17,6.45799945840901,16.0823385496773,0.213106491581262,-0.0452377043087555,58568.4737741475
0.3,D11_SMALL_ANGLE,3.175,6.45799945840901,16.0824917664126,0.212880423443166,-0.0451895602062482,58568.7626387625
0.3,D11_SMALL_ANGLE,3.18,6.45799945840901,16.0826448260005,0.212654595887339,-0.04514147124201,58569.0511725479
0.3,D11_SMALL_ANGLE,3.185,6.45799945840901,16.0827977274351,0.212429008640287,-0.0450934365704132,58569.3393805775
0.3,D11_SMALL_ANGLE,3.19,6.45799945840901,16.0829504699656,0.212203661432294,-0.0450454555171582,58569.627266897
0.3,D11_SMALL_ANGLE,3.195,6.45799945840901,16.0831030530414,0.21197855399667,-0.0449975275421313,58569.9148347472
0.3,D11_SMALL_ANGLE,3.2,6.45799945840901,16.0832554762685,0.211753686069149,-0.0449496522103328,58570.202086738
0.3,D11_SMALL_ANGLE,3.205,6.45799945840901,16.0834077393757,0.211529057387428,-0.0449018291691043,58570.4890249854
0.3,D11_SMALL_ANGLE,3.21,6.45799945840901,16.0835598421875,0.211304667690798,-0.0448540581302819,58570.7756512183
0.3,D11_SMALL_ANGLE,3.215,6.45799945840901,16.0837117846038,0.211080516719859,-0.044806338856219,58571.0619668627
0.3,D11_SMALL_ANGLE,3.22,6.45799945840901,16.0838635665832,0.210856604216298,-0.0447586711488643,58571.3479731068
0.3,D11_SMALL_ANGLE,3.225,6.45799945840901,16.0840151881304,0.21063292992271,-0.0447110548411747,58571.6336709529
0.3,D11_SMALL_ANGLE,3.23,6.45799945840901,16.0841666492859,0.210409493582463,-0.0446634897904179,58571.9190612575
0.3,D11_SMALL_ANGLE,3.235,6.45799945840901,16.0843179501186,0.210186294939588,-0.0446159758728992,58572.2041447626
0.3,D11_SMALL_ANGLE,3.24,6.45799945840901,16.0844690907193,0.209963333738697,-0.0445685129798559,58572.4889221209
0.3,D11_SMALL_ANGLE,3.245,6.45799945840901,16.0846200711959,0.209740609724914,-0.0445211010142454,58572.7733939145
0.3,D11_SMALL_ANGLE,3.25,6.45799945840901,16.0847708916701,0.209518122643825,-0.044473739888188,58573.0575606709
0.3,D11_SMALL_ANGLE,3.255,6.45799945840901,16.0849215522736,0.209295872241437,-0.044426429521021,58573.3414228739
0.3,D11_SMALL_ANGLE,3.26,6.45799945840901,16.0850720531466,0.209073858264144,-0.0443791698377254,58573.6249809736
0.3,D11_SMALL_ANGLE,3.265,6.45799945840901,16.0852223944356,0.208852080458707,-0.0443319607677353,58573.9082353936
0.3,D11_SMALL_ANGLE,3.27,6.45799945840901,16.0853725762918,0.208630538572226,-0.0442848022439684,58574.1911865362
0.3,D11_SMALL_ANGLE,3.275,6.45799945840901,16.0855225988706,0.208409232352133,-0.0442376942020957,58574.4738347874
0.3,D11_SMALL_ANGLE,3.28,6.45799945840901,16.0856724623301,0.208188161546174,-0.0441906365799518,58574.7561805203
0.3,D11_SMALL_ANGLE,3.285,6.45799945840901,16.0858221668309,0.207967325902403,-0.0441436293170785,58575.0382240975
0.3,D11_SMALL_ANGLE,3.29,6.45799945840901,16.085971712535,0.207746725169172,-0.044096672354371,58575.3199658738
0.3,D11_SMALL_ANGLE,3.295,6.45799945840901,16.0861210996061,0.207526359095125,-0.0440497656337904,58575.6014061973
0.3,D11_SMALL_ANGLE,3.3,6.45799945840901,16.0862703282087,0.207306227429195,-0.0440029090981593,58575.882545411
0.3,D11_SMALL_ANGLE,3.305,6.45799945840901,16.086419398508,0.207086329920598,-0.0439561026909718,58576.1633838542
0.3,D11_SMALL_ANGLE,3.31,6.45799945840901,16.0865683106699,0.206866666318833,-0.0439093463562656,58576.4439218624
0.3,D11_SMALL_ANGLE,3.315,6.45799945840901,16.0867170648606,0.206647236373676,-0.0438626400385331,58576.7241597688
0.3,D11_SMALL_ANGLE,3.32,6.45799945840901,16.0868656612466,0.20642803983518,-0.0438159836826113,58577.0040979043
0.3,D11_SMALL_ANGLE,3.325,6.45799945840901,16.0870140999946,0.206209076453673,-0.0437693772336303,58577.2837365982
0.3,D11_SMALL_ANGLE,3.33,6.45799945840901,16.0871623812712,0.205990345979758,-0.0437228206369689,58577.5630761782
0.3,D11_SMALL_ANGLE,3.335,6.45799945840901,16.0873105052433,0.205771848164309,-0.0436763138382101,58577.8421169707
0.3,D11_SMALL_ANGLE,3.34,6.45799945840901,16.0874584720776,0.205553582758472,-0.0436298567830953,58578.1208593014
0.3,D11_SMALL_ANGLE,3.345,6.45799945840901,16.0876062819408,0.205335549513664,-0.0435834494175307,58578.3993034948
0.3,D11_SMALL_ANGLE,3.35,6.45799945840901,16.0877539349996,0.205117748181573,-0.0435370916875346,58578.6774498748
0.3,D11_SMALL_ANGLE,3.355,6.45799945840901,16.0879014314205,0.204900178514154,-0.0434907835392551,58578.9552987645
0.3,D11_SMALL_ANGLE,3.36,6.45799945840901,16.0880487713699,0.204682840263635,-0.043444524918927,58579.2328504864
0.3,D11_SMALL_ANGLE,3.365,6.45799945840901,16.0881959550142,0.20446573318251,-0.0433983157728832,58579.5101053627
0.3,D11_SMALL_ANGLE,3.37,6.45799945840901,16.0883429825195,0.204248857023541,-0.0433521560475416,58579.7870637147
0.3,D11_SMALL_ANGLE,3.375,6.45799945840901,16.0884898540518,0.204032211539758,-0.0433060456894019,58580.0637258636
0.3,D11_SMALL_ANGLE,3.38,6.45799945840901,16.0886365697769,0.203815796484459,-0.0432599846450294,58580.3400921298
0.3,D11_SMALL_ANGLE,3.385,6.45799945840901,16.0887831298606,0.203599611611209,-0.0432139728610714,58580.6161628336
0.3,D11_SMALL_ANGLE,3.39,6.45799945840901,16.0889295344683,0.203383656673838,-0.0431680102842389,58580.8919382946
0.3,D11_SMALL_ANGLE,3.395,6.45799945840901,16.0890757837655,0.203167931426445,-0.043122096861314,58581.1674188321
0.3,D11_SMALL_ANGLE,3.4,6.45799945840901,16.0892218779174,0.202952435623392,-0.0430762325391303,58581.4426047652
0.3,D11_SMALL_ANGLE,3.405,6.45799945840901,16.0893678170889,0.20273716901931,-0.043030417264605,58581.7174964124
0.3,D11_SMALL_ANGLE,3.41,6.45799945840901,16.089513601445,0.202522131369091,-0.0429846509846978,58581.9920940918
0.3,D11_SMALL_ANGLE,3.415,6.45799945840901,16.0896592311503,0.202307322427895,-0.0429389336464432,58582.2663981213
0.3,D11_SMALL_ANGLE,3.42,6.45799945840901,16.0898047063694,0.202092741951147,-0.0428932651969305,58582.5404088184
0.3,D11_SMALL_ANGLE,3.425,6.45799945840901,16.0899500272665,0.201878389694534,-0.0428476455833113,58582.8141265001
0.3,D11_SMALL_ANGLE,3.43,6.45799945840901,16.0900951940059,0.20166426541401,-0.0428020747527889,58583.0875514833
0.3,D11_SMALL_ANGLE,3.435,6.45799945840901,16.0902402067515,0.201450368865791,-0.0427565526526461,58583.3606840841
0.3,D11_SMALL_ANGLE,3.44,6.45799945840901,16.0903850656672,0.201236699806356,-0.0427110792301981,58583.6335246188
0.3,D11_SMALL_ANGLE,3.445,6.45799945840901,16.0905297709165,0.201023257992449,-0.0426656544328399,58583.906073403
0.3,D11_SMALL_ANGLE,3.45,6.45799945840901,16.0906743226631,0.200810043181076,-0.0426202782080143,58584.1783307519
0.3,D11_SMALL_ANGLE,3.455,6.45799945840901,16.0908187210701,0.200597055129504,-0.0425749505032247,58584.4502969806
0.3,D11_SMALL_ANGLE,3.46,6.45799945840901,16.0909629663007,0.200384293595266,-0.0425296712660401,58584.7219724038
0.3,D11_SMALL_ANGLE,3.465,6.45799945840901,16.0911070585178,0.200171758336154,-0.0424844404440776,58584.9933573355
0.3,D11_SMALL_ANGLE,3.47,6.45799945840901,16.0912509978842,0.199959449110222,-0.042439257985011,58585.2644520899
0.3,D11_SMALL_ANGLE,3.475,6.45799945840901,16.0913947845625,0.199747365675788,-0.0423941238365817,58585.5352569805
0.3,D11_SMALL_ANGLE,3.48,6.45799945840901,16.0915384187152,0.199535507791427,-0.0423490379465843,58585.8057723205
0.3,D11_SMALL_ANGLE,3.485,6.45799945840901,16.0916819005044,0.19932387521598,-0.0423040002628703,58586.0759984228
0.3,D11_SMALL_ANGLE,3.49,6.45799945840901,16.0918252300923,0.199112467708543,-0.0422590107333463,58586.3459355999
0.3,D11_SMALL_ANGLE,3.495,6.45799945840901,16.0919684076408,0.198901285028478,-0.0422140693059827,58586.6155841641
0.3,D11_SMALL_ANGLE,3.5,6.45799945840901,16.0921114333115,0.198690326935402,-0.0421691759288034,58586.8849444272
0.3,D11_SMALL_ANGLE,3.505,6.45799945840901,16.0922543072661,0.198479593189194,-0.0421243305498908,58587.1540167007
0.3,D11_SMALL_ANGLE,3.51,6.45799945840901,16.092397029666,0.198269083549994,-0.0420795331173807,58587.4228012957
0.3,D11_SMALL_ANGLE,3.515,6.45799945840901,16.0925396006723,0.198058797778198,-0.042034783579469,58587.6912985232
0.3,D11_SMALL_ANGLE,3.52,6.45799945840901,16.0926820204461,0.197848735634463,-0.0419900818844141,58587.9595086935
0.3,D11_SMALL_ANGLE,3.525,6.45799945840901,16.0928242891483,0.197638896879704,-0.0419454279805258,58588.2274321168
0.3,D11_SMALL_ANGLE,3.53,6.45799945840901,16.0929664069395,0.197429281275094,-0.0419008218161707,58588.495069103
0.3,D11_SMALL_ANGLE,3.535,6.45799945840901,16.0931083739803,0.197219888582064,-0.0418562633397705,58588.7624199614
0.3,D11_SMALL_ANGLE,3.54,6.45799945840901,16.093250190431,0.197010718562304,-0.0418117524998074,58589.0294850012
0.3,D11_SMALL_ANGLE,3.545,6.45799945840901,16.0933918564519,0.196801770977759,-0.041767289244822,58589.2962645311
0.3,D11_SMALL_ANGLE,3.55,6.45799945840901,16.0935333722029,0.196593045590635,-0.0417228735234101,58589.5627588595
0.3,D11_SMALL_ANGLE,3.555,6.45799945840901,16.0936747378439,0.19638454216339,-0.0416785052842172,58589.8289682947
0.3,D11_SMALL_ANGLE,3.56,6.45799945840901,16.0938159535345,0.196176260458743,-0.0416341844759582,58590.0948931442
0.3,D11_SMALL_ANGLE,3.565,6.45799945840901,16.0939570194342,0.195968200239666,-0.0415899110473905,58590.3605337156
0.3,D11_SMALL_ANGLE,3.57,6.45799945840901,16.0940979357024,0.19576036126939,-0.0415456849473443,58590.6258903159
0.3,D11_SMALL_ANGLE,3.575,6.45799945840901,16.0942387024983,0.195552743311399,-0.0415015061246891,58590.8909632519
0.3,D11_SMALL_ANGLE,3.58,6.45799945840901,16.0943793199807,0.195345346129434,-0.0414573745283651,58591.1557528298
0.3,D11_SMALL_ANGLE,3.585,6.45799945840901,16.0945197883085,0.195138169487491,-0.0414132901073589,58591.4202593558
0.3,D11_SMALL_ANGLE,3.59,6.45799945840901,16.0946601076405,0.194931213149822,-0.0413692528107141,58591.6844831357
0.3,D11_SMALL_ANGLE,3.595,6.45799945840901,16.0948002781349,0.19472447688093,-0.0413252625875362,58591.9484244748
0.3,D11_SMALL_ANGLE,3.6,6.45799945840901,16.0949402999502,0.194517960445577,-0.0412813193869876,58592.2120836781
0.3,D11_SMALL_ANGLE,3.605,6.45799945840901,16.0950801732445,0.194311663608776,-0.0412374231582771,58592.4754610503
0.3,D11_SMALL_ANGLE,3.61,6.45799945840901,16.0952198981758,0.194105586135794,-0.0411935738506788,58592.7385568959
0.3,D11_SMALL_ANGLE,3.615,6.45799945840901,16.0953594749018,0.193899727792153,-0.0411497714135187,58593.0013715189
0.3,D11_SMALL_ANGLE,3.62,6.45799945840901,16.0954989035802,0.193694088343628,-0.0411060157961742,58593.2639052229
0.3,D11_SMALL_ANGLE,3.625,6.45799945840901,16.0956381843685,0.193488667556244,-0.041062306948092,58593.5261583114
0.3,D11_SMALL_ANGLE,3.63,6.45799945840901,16.0957773174239,0.193283465196284,-0.0410186448187595,58593.7881310874
0.3,D11_SMALL_ANGLE,3.635,6.45799945840901,16.0959163029036,0.193078481030278,-0.0409750293577318,58594.0498238536
0.3,D11_SMALL_ANGLE,3.64,6.45799945840901,16.0960551409645,0.192873714825012,-0.0409314605146101,58594.3112369123
0.3,D11_SMALL_ANGLE,3.645,6.45799945840901,16.0961938317634,0.192669166347521,-0.0408879382390506,58594.5723705657
0.3,D11_SMALL_ANGLE,3.65,6.45799945840901,16.096332375457,0.192464835365094,-0.0408444624807753,58594.8332251153
0.3,D11_SMALL_ANGLE,3.655,6.45799945840901,16.0964707722017,0.19226072164527,-0.0408010331895561,58595.0938008627
0.3,D11_SMALL_ANGLE,3.66,6.45799945840901,16.0966090221538,0.192056824955839,-0.0407576503152143,58595.3540981087
0.3,D11_SMALL_ANGLE,3.665,6.45799945840901,16.0967471254693,0.191853145064841,-0.0407143138076353,58595.6141171542
0.3,D11_SMALL_ANGLE,3.67,6.45799945840901,16.0968850823044,0.19164968174057,-0.0406710236167562,58595.8738582995
0.3,D11_SMALL_ANGLE,3.675,6.45799945840901,16.0970228928147,0.191446434751564,-0.0406277796925689,58596.1333218446
0.3,D11_SMALL_ANGLE,3.68,6.45799945840901,16.0971605571558,0.191243403866618,-0.0405845819851205,58596.3925080893
0.3,D11_SMALL_ANGLE,3.685,6.45799945840901,16.0972980754833,0.19104058885477,-0.0405414304445149,58596.6514173329
0.3,D11_SMALL_ANGLE,3.69,6.45799945840901,16.0974354479524,0.190837989485312,-0.0404983250209074,58596.9100498745
0.3,D11_SMALL_ANGLE,3.695,6.45799945840901,16.0975726747182,0.190635605527784,-0.0404552656645105,58597.1684060129
0.3,D11_SMALL_ANGLE,3.7,6.45799945840901,16.0977097559357,0.190433436751973,-0.0404122523255914,58597.4264860464
0.3,D11_SMALL_ANGLE,3.705,6.45799945840901,16.0978466917597,0.190231482927917,-0.0403692849544708,58597.6842902732
0.3,D11_SMALL_ANGLE,3.71,6.45799945840901,16.0979834823448,0.1900297438259,-0.0403263635015279,58597.9418189908
0.3,D11_SMALL_ANGLE,3.715,6.45799945840901,16.0981201278454,0.189828219216456,-0.0402834879171916,58598.1990724968
0.3,D11_SMALL_ANGLE,3.72,6.45799945840901,16.0982566284159,0.189626908870365,-0.0402406581519461,58598.4560510883
0.3,D11_SMALL_ANGLE,3.725,6.45799945840901,16.0983929842104,0.189425812558655,-0.040197874156334,58598.712755062
0.3,D11_SMALL_ANGLE,3.73,6.45799945840901,16.0985291953828,0.189224930052602,-0.0401551358809495,58598.9691847143
0.3,D11_SMALL_ANGLE,3.735,6.45799945840901,16.098665262087,0.189024261123729,-0.0401124432764401,58599.2253403414
0.3,D11_SMALL_ANGLE,3.74,6.45799945840901,16.0988011844766,0.188823805543804,-0.0400697962935084,58599.4812222389
0.3,D11_SMALL_ANGLE,3.745,6.45799945840901,16.098936962705,0.188623563084842,-0.0400271948829154,58599.7368307025
0.3,D11_SMALL_ANGLE,3.75,6.45799945840901,16.0990725969256,0.188423533519104,-0.0399846389954668,58599.9921660272
0.3,D11_SMALL_ANGLE,3.755,6.45799945840901,16.0992080872915,0.188223716619099,-0.0399421285820392,58600.2472285078
0.3,D11_SMALL_ANGLE,3.76,6.45799945840901,16.0993434339557,0.188024112157577,-0.0398996635935394,58600.5020184388
0.3,D11_SMALL_ANGLE,3.765,6.45799945840901,16.099478637071,0.187824719907538,-0.0398572439809506,58600.7565361143
0.3,D11_SMALL_ANGLE,3.77,6.45799945840901,16.09961369679,0.187625539642225,-0.0398148696952969,58601.0107818282
0.3,D11_SMALL_ANGLE,3.775,6.45799945840901,16.0997486132653,0.187426571135124,-0.0397725406876628,58601.264755874
0.3,D11_SMALL_ANGLE,3.78,6.45799945840901,16.0998833866492,0.187227814159968,-0.0397302569091771,58601.5184585449
0.3,D11_SMALL_ANGLE,3.785,6.45799945840901,16.1000180170938,0.187029268490733,-0.0396880183110362,58601.7718901338
0.3,D11_SMALL_ANGLE,3.79,6.45799945840901,16.1001525047511,0.18683093390164,-0.0396458248444809,58602.0250509331
0.3,D11_SMALL_ANGLE,3.795,6.45799945840901,16.100286849773,0.186632810167152,-0.0396036764608052,58602.2779412352
0.3,D11_SMALL_ANGLE,3.8,6.45799945840901,16.1004210523112,0.186434897061976,-0.0395615731113637,58602.5305613318
0.3,D11_SMALL_ANGLE,3.805,6.45799945840901,16.1005551125171,0.186237194361063,-0.0395195147475587,58602.7829115146
0.3,D11_SMALL_ANGLE,3.81,6.45799945840901,16.1006890305422,0.186039701839607,-0.0394775013208459,58603.0349920749
0.3,D11_SMALL_ANGLE,3.815,6.45799945840901,16.1008228065375,0.185842419273042,-0.039435532782738,58603.2868033036
0.3,D11_SMALL_ANGLE,3.82,6.45799945840901,16.1009564406542,0.185645346437047,-0.0393936090847955,58603.5383454912
0.3,D11_SMALL_ANGLE,3.825,6.45799945840901,16.1010899330431,0.185448483107543,-0.0393517301786357,58603.7896189282
0.3,D11_SMALL_ANGLE,3.83,6.45799945840901,16.1012232838549,0.18525182906069,-0.0393098960159328,58604.0406239044
0.3,D11_SMALL_ANGLE,3.835,6.45799945840901,16.1013564932401,0.185055384072893,-0.0392681065484108,58604.2913607095
0.3,D11_SMALL_ANGLE,3.84,6.45799945840901,16.1014895613492,0.184859147920796,-0.0392263617278434,58604.5418296329
0.3,D11_SMALL_ANGLE,3.845,6.45799945840901,16.1016224883324,0.184663120381285,-0.0391846615060611,58604.7920309636
0.3,D11_SMALL_ANGLE,3.85,6.45799945840901,16.1017552743397,0.184467301231486,-0.039143005834946,58605.0419649903
0.3,D11_SMALL_ANGLE,3.855,6.45799945840901,16.101887919521,0.184271690248766,-0.0391013946664351,58605.2916320014
0.3,D11_SMALL_ANGLE,3.86,6.45799945840901,16.102020424026,0.184076287210732,-0.0390598279525154,58605.5410322849
0.3,D11_SMALL_ANGLE,3.865,6.45799945840901,16.1021527880044,0.183881091895231,-0.0390183056452251,58605.7901661286
0.3,D11_SMALL_ANGLE,3.87,6.45799945840901,16.1022850116056,0.18368610408035,-0.0389768276966649,58606.03903382
0.3,D11_SMALL_ANGLE,3.875,6.45799945840901,16.1024170949789,0.183491323544415,-0.0389353940589814,58606.2876356461
0.3,D11_SMALL_ANGLE,3.88,6.45799945840901,16.1025490382732,0.18329675006599,-0.0388940046843658,58606.5359718938
0.3,D11_SMALL_ANGLE,3.885,6.45799945840901,16.1026808416377,0.183102383423881,-0.0388526595250767,58606.7840428495
0.3,D11_SMALL_ANGLE,3.89,6.45799945840901,16.102812505221,0.182908223397128,-0.0388113585334171,58607.0318487995
0.3,D11_SMALL_ANGLE,3.895,6.45799945840901,16.1029440291718,0.182714269765015,-0.0387701016617399,58607.2793900296
0.3,D11_SMALL_ANGLE,3.9,6.45799945840901,16.1030754136386,0.182520522307058,-0.0387288888624582,58607.5266668252
0.3,D11_SMALL_ANGLE,3.905,6.45799945840901,16.1032066587696,0.182326980803017,-0.0386877200880313,58607.7736794718
0.3,D11_SMALL_ANGLE,3.91,6.45799945840901,16.103337764713,0.182133645032884,-0.0386465952909756,58608.0204282541
0.3,D11_SMALL_ANGLE,3.915,6.45799945840901,16.1034687316169,0.181940514776892,-0.0386055144238515,58608.2669134569
0.3,D11_SMALL_ANGLE,3.92,6.45799945840901,16.103599559629,0.181747589815509,-0.0385644774392873,58608.5131353643
0.3,D11_SMALL_ANGLE,3.925,6.45799945840901,16.103730248897,0.181554869929442,-0.0385234842899429,58608.7590942603
0.3,D11_SMALL_ANGLE,3.93,6.45799945840901,16.1038607995684,0.181362354899632,-0.0384825349285478,58609.0047904287
0.3,D11_SMALL_ANGLE,3.935,6.45799945840901,16.1039912117906,0.181170044507257,-0.0384416293078651,58609.2502241528
0.3,D11_SMALL_ANGLE,3.94,6.45799945840901,16.1041214857108,0.180977938533732,-0.0384007673807272,58609.4953957156
0.3,D11_SMALL_ANGLE,3.945,6.45799945840901,16.1042516214761,0.180786036760707,-0.0383599491000162,58609.7403053999
0.3,D11_SMALL_ANGLE,3.95,6.45799945840901,16.1043816192333,0.180594338970068,-0.0383191744186568,58609.9849534881
0.3,D11_SMALL_ANGLE,3.955,6.45799945840901,16.1045114791291,0.180402844943935,-0.0382784432896273,58610.2293402622
0.3,D11_SMALL_ANGLE,3.96,6.45799945840901,16.1046412013102,0.180211554464664,-0.0382377556659677,58610.4734660042
0.3,D11_SMALL_ANGLE,3.965,6.45799945840901,16.1047707859229,0.180020467314846,-0.0381971115007591,58610.7173309954
0.3,D11_SMALL_ANGLE,3.97,6.45799945840901,16.1049002331135,0.179829583277305,-0.038156510747136,58610.9609355172
0.3,D11_SMALL_ANGLE,3.975,6.45799945840901,16.1050295430281,0.179638902135101,-0.0381159533582878,58611.2042798503
0.3,D11_SMALL_ANGLE,3.98,6.45799945840901,16.1051587158127,0.179448423671527,-0.0380754392874572,58611.4473642753
0.3,D11_SMALL_ANGLE,3.985,6.45799945840901,16.1052877516131,0.179258147670109,-0.0380349684879242,58611.6901890725
0.3,D11_SMALL_ANGLE,3.99,6.45799945840901,16.1054166505748,0.179068073914608,-0.0379945409130382,58611.9327545218
0.3,D11_SMALL_ANGLE,3.995,6.45799945840901,16.1055454128434,0.178878202189017,-0.0379541565161912,58612.1750609028
0.3,D11_SMALL_ANGLE,4,6.45799945840901,16.1056740385642,0.178688532277562,-0.0379138152508247,58612.4171084951
