theta_rad,e,delta_CT
0.10471975511966,-0.01,0.00124951567906129
0.106901416684653,-0.01,0.00124634500544418
0.109083078249646,-0.01,0.00124290836666974
0.111264739814638,-0.01,0.00123916546697646
0.113446401379631,-0.01,0.00123529076986753
0.115628062944624,-0.01,0.00123132865531659
0.117809724509617,-0.01,0.00122727714971239
0.11999138607461,-0.01,0.00122312697532039
0.122173047639603,-0.01,0.00121889730210965
0.124354709204596,-0.01,0.00121460957129005
0.126536370769589,-0.01,0.00121028318987734
0.128718032334582,-0.01,0.00120615124489551
0.130899693899575,-0.01,0.00120222740379272
0.133081355464568,-0.01,0.00119848515418242
0.135263017029561,-0.01,0.00119489196364501
0.137444678594553,-0.01,0.00119140181246623
0.139626340159546,-0.01,0.00118792841505527
0.141808001724539,-0.01,0.0011844821840658
0.143989663289532,-0.01,0.00118118392125534
0.146171324854525,-0.01,0.00117811605787641
0.148352986419518,-0.01,0.0011753091938755
0.150534647984511,-0.01,0.00117280461127786
0.152716309549504,-0.01,0.00117064438201842
0.154897971114497,-0.01,0.00116862805184562
0.15707963267949,-0.01,0.00116655987327832
0.159261294244483,-0.01,0.00116446833245382
0.161442955809475,-0.01,0.00116236152874848
0.163624617374468,-0.01,0.00116022747828791
0.165806278939461,-0.01,0.0011580877550448
0.167987940504454,-0.01,0.00115595343832974
0.170169602069447,-0.01,0.00115382048147758
0.17235126363444,-0.01,0.00115168310817176
0.174532925199433,-0.01,0.00114954741423214
0.176714586764426,-0.01,0.00114744749367732
0.178896248329419,-0.01,0.00114535590660246
0.181077909894412,-0.01,0.00114309080891463
0.183259571459405,-0.01,0.00114070212178578
0.185441233024398,-0.01,0.00113809309620284
0.18762289458939,-0.01,0.00113493190786261
0.189804556154383,-0.01,0.00113115024059444
0.191986217719376,-0.01,0.00112668579482074
0.10471975511966,-0.00975,0.00121914628194776
0.106901416684653,-0.00975,0.00121607431400372
0.109083078249646,-0.00975,0.00121273796619759
0.111264739814638,-0.00975,0.00120909751095046
0.113446401379631,-0.00975,0.0012053276819726
0.115628062944624,-0.00975,0.00120147481463424
0.117809724509617,-0.00975,0.00119753231985473
0.11999138607461,-0.00975,0.00119349496345236
0.122173047639603,-0.00975,0.00118937788502463
0.124354709204596,-0.00975,0.00118520530555798
0.126536370769589,-0.00975,0.00118096248692282
0.128718032334582,-0.00975,0.00117684713321415
0.130899693899575,-0.00975,0.00117294562579134
0.133081355464568,-0.00975,0.00116922780156106
0.135263017029561,-0.00975,0.00116566374472468
0.137444678594553,-0.00975,0.00116222063844889
0.139626340159546,-0.00975,0.00115880622420192
0.141808001724539,-0.00975,0.00115541691004844
0.143989663289532,-0.00975,0.001152163726534
0.146171324854525,-0.00975,0.00114914304278218
0.148352986419518,-0.00975,0.00114638577412555
0.150534647984511,-0.00975,0.00114393231864747
0.152716309549504,-0.00975,0.00114182297486588
0.154897971114497,-0.00975,0.0011398597721732
0.15707963267949,-0.00975,0.0011378463134937
0.159261294244483,-0.00975,0.00113580787641964
0.161442955809475,-0.00975,0.00113375538896746
0.163624617374468,-0.00975,0.00113167246409714
0.165806278939461,-0.00975,0.00112957890679854
0.167987940504454,-0.00975,0.0011274891111087
0.170169602069447,-0.00975,0.0011254001790661
0.17235126363444,-0.00975,0.00112330718799284
0.174532925199433,-0.00975,0.00112121643908003
0.176714586764426,-0.00975,0.00111916120508422
0.178896248329419,-0.00975,0.00111713804854221
0.181077909894412,-0.00975,0.00111498446496109
0.183259571459405,-0.00975,0.00111268145266242
0.185441233024398,-0.00975,0.00111020500364771
0.18762289458939,-0.00975,0.00110719821629426
0.189804556154383,-0.00975,0.00110357685244342
0.191986217719376,-0.00975,0.00109927983720834
0.10471975511966,-0.0095,0.00118873282561797
0.106901416684653,-0.0095,0.00118575829274938
0.109083078249646,-0.0095,0.00118252264707475
0.111264739814638,-0.0095,0.00117898467849773
0.113446401379631,-0.0095,0.00117531949398711
0.115628062944624,-0.0095,0.00117157345626901
0.117809724509617,-0.0095,0.00116774072214383
0.11999138607461,-0.0095,0.0011638165761841
0.122173047639603,-0.0095,0.0011598100925144
0.124354709204596,-0.0095,0.00115575398098735
0.126536370769589,-0.0095,0.00115162489495283
0.128718032334582,-0.0095,0.0011475281599134
0.130899693899575,-0.0095,0.00114364665728901
0.133081355464568,-0.0095,0.00113995346887022
0.135263017029561,-0.0095,0.00113641761742458
0.137444678594553,-0.0095,0.00113301812903244
0.139626340159546,-0.0095,0.00112966021418512
0.141808001724539,-0.0095,0.00112633185435575
0.143989663289532,-0.0095,0.00112312351070073
0.146171324854525,-0.0095,0.00112014938582612
0.148352986419518,-0.0095,0.00111744155648509
0.150534647984511,-0.0095,0.00111503811126048
0.152716309549504,-0.0095,0.00111298053870732
0.154897971114497,-0.0095,0.00111107107649337
0.15707963267949,-0.0095,0.00110911144677152
0.159261294244483,-0.0095,0.0011071261860762
0.161442955809475,-0.0095,0.00110512776244062
0.163624617374468,-0.0095,0.00110309745792928
0.165806278939461,-0.0095,0.0011010504316901
0.167987940504454,-0.0095,0.00109900532922354
0.170169602069447,-0.0095,0.0010969612631812
0.17235126363444,-0.0095,0.00109491298385443
0.174532925199433,-0.0095,0.00109286745755237
0.176714586764426,-0.0095,0.00109085660115208
0.178896248329419,-0.0095,0.00108888416090297
0.181077909894412,-0.0095,0.00108684175304543
0.183259571459405,-0.0095,0.00108462815440678
0.185441233024398,-0.0095,0.00108227642705895
0.18762289458939,-0.0095,0.00107942372552475
0.189804556154383,-0.0095,0.00107596350204813
0.191986217719376,-0.0095,0.0010718320263858
0.10471975511966,-0.00925,0.00115827344885427
0.106901416684653,-0.00925,0.00115539704614641
0.109083078249646,-0.00925,0.00115226184589209
0.111264739814638,-0.00925,0.00114882615695295
0.113446401379631,-0.00925,0.00114526528817121
0.115628062944624,-0.00925,0.00114162562607256
0.117809724509617,-0.00925,0.00113790225446243
0.11999138607461,-0.00925,0.00113409081431071
0.122173047639603,-0.00925,0.00113019525661687
0.124354709204596,-0.00925,0.00112625386899821
0.126536370769589,-0.00925,0.00112224499311298
0.128718032334582,-0.00925,0.00111819320255463
0.130899693899575,-0.00925,0.00111433012454656
0.133081355464568,-0.00925,0.00111066218365994
0.135263017029561,-0.00925,0.00110715342804056
0.137444678594553,-0.00925,0.00110379236809405
0.139626340159546,-0.00925,0.00110049163036446
0.141808001724539,-0.00925,0.00109722561268764
0.143989663289532,-0.00925,0.00109406267601713
0.146171324854525,-0.00925,0.00109113525427554
0.148352986419518,-0.00925,0.00108847548187483
0.150534647984511,-0.00925,0.00108612243334695
0.152716309549504,-0.00925,0.00108411709730486
0.154897971114497,-0.00925,0.0010822613767322
0.15707963267949,-0.00925,0.00108035514237957
0.159261294244483,-0.00925,0.00107842302015499
0.161442955809475,-0.00925,0.00107647876464457
0.163624617374468,-0.00925,0.00107450193690703
0.165806278939461,-0.00925,0.00107250220926969
0.167987940504454,-0.00925,0.00107050244295787
0.170169602069447,-0.00925,0.00106850316444089
0.17235126363444,-0.00925,0.0010664995961602
0.174532925199433,-0.00925,0.00106449980857703
0.176714586764426,-0.00925,0.00106253363595023
0.178896248329419,-0.00925,0.00106060542519835
0.181077909894412,-0.00925,0.00105866297007089
0.183259571459405,-0.00925,0.00105654431447552
0.185441233024398,-0.00925,0.00105430758118488
0.18762289458939,-0.00925,0.00105160796588467
0.189804556154383,-0.00925,0.00104830675972665
0.191986217719376,-0.00925,0.00104434172063078
0.10471975511966,-0.009,0.00112777122860365
0.106901416684653,-0.009,0.00112499127862731
0.109083078249646,-0.009,0.00112195491209475
0.111264739814638,-0.009,0.00111862041796392
0.113446401379631,-0.009,0.00111516362810644
0.115628062944624,-0.009,0.00111163127829682
0.117809724509617,-0.009,0.00110801674979679
0.11999138607461,-0.009,0.00110431649116945
0.122173047639603,-0.009,0.00110053351545826
0.124354709204596,-0.009,0.00109670451301609
0.126536370769589,-0.009,0.00109281705451226
0.128718032334582,-0.009,0.00108884007304546
0.130899693899575,-0.009,0.00108499784278925
0.133081355464568,-0.009,0.00108135329655834
0.135263017029561,-0.009,0.00107787122614921
0.137444678594553,-0.009,0.00107454472167833
0.139626340159546,-0.009,0.0010713005635873
0.141808001724539,-0.009,0.00106809620443027
0.143989663289532,-0.009,0.00106498055686429
0.146171324854525,-0.009,0.0010620996173569
0.148352986419518,-0.009,0.001059488517494
0.150534647984511,-0.009,0.00105718571320602
0.152716309549504,-0.009,0.00105523283768775
0.154897971114497,-0.009,0.00105343014983313
0.15707963267949,-0.009,0.00105157702192483
0.159261294244483,-0.009,0.00104969886066231
0.161442955809475,-0.009,0.00104780854837171
0.163624617374468,-0.009,0.00104588555694159
0.165806278939461,-0.009,0.00104393405473992
0.167987940504454,-0.009,0.00104197964391093
0.170169602069447,-0.009,0.00104002619738501
0.17235126363444,-0.009,0.00103806741915509
0.174532925199433,-0.009,0.00103611363278224
0.176714586764426,-0.009,0.00103419242008789
0.178896248329419,-0.009,0.00103230880455334
0.181077909894412,-0.009,0.00103044589439945
0.183259571459405,-0.009,0.00102842681647998
0.185441233024398,-0.009,0.00102629904562295
0.18762289458939,-0.009,0.00102375045438684
0.189804556154383,-0.009,0.0010206101835712
0.191986217719376,-0.009,0.00101681001982392
0.10471975511966,-0.00875,0.00109722516005807
0.106901416684653,-0.00875,0.00109454158976784
0.109083078249646,-0.00875,0.00109160343399473
0.111264739814638,-0.00875,0.00108836997123099
0.113446401379631,-0.00875,0.00108501559005505
0.115628062944624,-0.00875,0.00108158833764027
0.117809724509617,-0.00875,0.00107808262469838
0.11999138607461,-0.00875,0.00107449484373832
0.122173047639603,-0.00875,0.00107082271785099
0.124354709204596,-0.00875,0.0010671068181612
0.126536370769589,-0.00875,0.00106333786519031
0.128718032334582,-0.00875,0.00105947040345299
0.130899693899575,-0.00875,0.00105564844648871
0.133081355464568,-0.00875,0.0010520255710912
0.135263017029561,-0.00875,0.00104857129990052
0.137444678594553,-0.00875,0.00104527590153414
0.139626340159546,-0.00875,0.00104208619925063
0.141808001724539,-0.00875,0.00103894228506684
0.143989663289532,-0.00875,0.0010358776517703
0.146171324854525,-0.00875,0.00103304318375369
0.148352986419518,-0.00875,0.00103048012481439
0.150534647984511,-0.00875,0.00102822785366201
0.152716309549504,-0.00875,0.00102632709490284
0.154897971114497,-0.00875,0.00102457639468291
0.15707963267949,-0.00875,0.00102277686825794
0.159261294244483,-0.00875,0.00102095327256583
0.161442955809475,-0.00875,0.00101911626818145
0.163624617374468,-0.00875,0.00101724745933226
0.165806278939461,-0.00875,0.00101534553644343
0.167987940504454,-0.00875,0.00101343719800487
0.170169602069447,-0.00875,0.00101152931002756
0.17235126363444,-0.00875,0.00100961574484057
0.174532925199433,-0.00875,0.0010077086018663
0.176714586764426,-0.00875,0.00100583309303469
0.178896248329419,-0.00875,0.00100399461465564
0.181077909894412,-0.00875,0.00100219328460783
0.183259571459405,-0.00875,0.0010002782489509
0.185441233024398,-0.00875,0.000998248915229724
0.18762289458939,-0.00875,0.000995853207583068
0.189804556154383,-0.00875,0.000992870244146054
0.191986217719376,-0.00875,0.000989235319746219
0.10471975511966,-0.0085,0.00106663557081582
0.106901416684653,-0.0085,0.00106404763125249
0.109083078249646,-0.0085,0.00106120752214815
0.111264739814638,-0.0085,0.00105807404344242
0.113446401379631,-0.0085,0.00105482218829125
0.115628062944624,-0.0085,0.00105149913307567
0.117809724509617,-0.0085,0.00104810082560158
0.11999138607461,-0.0085,0.00104462375704942
0.122173047639603,-0.0085,0.00104106281036366
0.124354709204596,-0.0085,0.00103746039023526
0.126536370769589,-0.0085,0.0010338072265924
0.128718032334582,-0.0085,0.00103006488906734
0.130899693899575,-0.0085,0.00102628092321731
0.133081355464568,-0.0085,0.00102268098435527
0.135263017029561,-0.0085,0.00101925322002526
0.137444678594553,-0.0085,0.00101598720451545
0.139626340159546,-0.0085,0.0010128484626002
0.141808001724539,-0.0085,0.00100976476539487
0.143989663289532,-0.0085,0.00100675412736188
0.146171324854525,-0.0085,0.00100396553048729
0.148352986419518,-0.0085,0.00100145077997105
0.150534647984511,-0.0085,0.000999248148243163
0.152716309549504,-0.0085,0.000997398433244717
0.154897971114497,-0.0085,0.000995700911642855
0.15707963267949,-0.0085,0.000993955709528099
0.159261294244483,-0.0085,0.000992185939662944
0.161442955809475,-0.0085,0.000990402046179224
0.163624617374468,-0.0085,0.000988588035716165
0.165806278939461,-0.0085,0.00098673602267127
0.167987940504454,-0.0085,0.000984874276384333
0.170169602069447,-0.0085,0.000983012233090096
0.17235126363444,-0.0085,0.000981144869056234
0.174532925199433,-0.0085,0.000979284850058768
0.176714586764426,-0.0085,0.000977455405231936
0.178896248329419,-0.0085,0.000975662332443264
0.181077909894412,-0.0085,0.00097390542869853
0.183259571459405,-0.0085,0.00097209714387657
0.185441233024398,-0.0085,0.000970159799176114
0.18762289458939,-0.0085,0.00096791352553072
0.189804556154383,-0.0085,0.00096509003952055
0.191986217719376,-0.0085,0.000961619284292767
0.10471975511966,-0.00825,0.00103600256484117
0.106901416684653,-0.00825,0.00103350949492779
0.109083078249646,-0.00825,0.00103076693854447
0.111264739814638,-0.00825,0.00102773219063915
0.113446401379631,-0.00825,0.00102458258661093
0.115628062944624,-0.00825,0.00102136426186308
0.117809724509617,-0.00825,0.00101807230328419
0.11999138607461,-0.00825,0.00101470330214998
0.122173047639603,-0.00825,0.00101125536214605
0.124354709204596,-0.00825,0.0010077633801087
0.126536370769589,-0.00825,0.00100422599930954
0.128718032334582,-0.00825,0.00100060731225766
0.130899693899575,-0.00825,0.000996895840291473
0.133081355464568,-0.00825,0.000993318300754486
0.135263017029561,-0.00825,0.000989915655214803
0.137444678594553,-0.00825,0.000986679978683016
0.139626340159546,-0.00825,0.000983587523326355
0.141808001724539,-0.00825,0.000980564486241135
0.143989663289532,-0.00825,0.000977609273189908
0.146171324854525,-0.00825,0.000974865787412064
0.148352986419518,-0.00825,0.00097239913392038
0.150534647984511,-0.00825,0.000970246205737901
0.152716309549504,-0.00825,0.000968448223773428
0.154897971114497,-0.00825,0.000966803916906093
0.15707963267949,-0.00825,0.000965112360598973
0.159261294244483,-0.00825,0.000963396323662539
0.161442955809475,-0.00825,0.000961665624754368
0.163624617374468,-0.00825,0.000959906460487092
0.165806278939461,-0.00825,0.000958105917651678
0.167987940504454,-0.00825,0.000956291331183759
0.170169602069447,-0.00825,0.000954475080754887
0.17235126363444,-0.00825,0.000952654250534314
0.174532925199433,-0.00825,0.000950841486266015
0.176714586764426,-0.00825,0.000949058318160213
0.178896248329419,-0.00825,0.000947311395168049
0.181077909894412,-0.00825,0.000945599329076035
0.183259571459405,-0.00825,0.000943882391842026
0.185441233024398,-0.00825,0.000942031721579615
0.18762289458939,-0.00825,0.000939934458082948
0.189804556154383,-0.00825,0.000937266189552295
0.191986217719376,-0.00825,0.000933959934289293
0.10471975511966,-0.008,0.00100532580689876
0.106901416684653,-0.008,0.00100292745630862
0.109083078249646,-0.008,0.00100028223711929
0.111264739814638,-0.008,0.000997346661526351
0.113446401379631,-0.008,0.000994298231385952
0.115628062944624,-0.008,0.000991182554057082
0.117809724509617,-0.008,0.000987996512529061
0.11999138607461,-0.008,0.000984736750690745
0.122173047639603,-0.008,0.000981399741228274
0.124354709204596,-0.008,0.000978018331163517
0.126536370769589,-0.008,0.000974594553845192
0.128718032334582,-0.008,0.00097109783395301
0.130899693899575,-0.008,0.000967491809862322
0.133081355464568,-0.008,0.000963936110832328
0.135263017029561,-0.008,0.000960559593447777
0.137444678594553,-0.008,0.000957353698120137
0.139626340159546,-0.008,0.000954302970044402
0.141808001724539,-0.008,0.00095133893242781
0.143989663289532,-0.008,0.000948441887705658
0.146171324854525,-0.008,0.000945744492036728
0.148352986419518,-0.008,0.000943325657516766
0.150534647984511,-0.008,0.000941222367564202
0.152716309549504,-0.008,0.000939476085995716
0.154897971114497,-0.008,0.000937885018597491
0.15707963267949,-0.008,0.000936246935904907
0.159261294244483,-0.008,0.000934583735144664
0.161442955809475,-0.008,0.000932907215251964
0.163624617374468,-0.008,0.000931203152013705
0.165806278939461,-0.008,0.000929455182160484
0.167987940504454,-0.008,0.000927687905168627
0.170169602069447,-0.008,0.000925917853784416
0.17235126363444,-0.008,0.000924144321809733
0.174532925199433,-0.008,0.000922378232956871
0.176714586764426,-0.008,0.000920642246708881
0.178896248329419,-0.008,0.000918941805087368
0.181077909894412,-0.008,0.00091727455727673
0.183259571459405,-0.008,0.000915630682652019
0.185441233024398,-0.008,0.00091387270330371
0.18762289458939,-0.008,0.000911912552894408
0.189804556154383,-0.008,0.000909401459991698
0.191986217719376,-0.008,0.000906260073944027
0.10471975511966,-0.00775,0.000974605059973864
0.106901416684653,-0.00775,0.000972301021809876
0.109083078249646,-0.00775,0.000969752054854101
0.111264739814638,-0.00775,0.000966915056445239
0.113446401379631,-0.00775,0.000963967611565912
0.115628062944624,-0.00775,0.000960954785990886
0.117809724509617,-0.00775,0.000957874497434483
0.11999138607461,-0.00775,0.000954722761130915
0.122173047639603,-0.00775,0.000951497173156606
0.124354709204596,-0.00775,0.000948225291139566
0.126536370769589,-0.00775,0.000944914811750777
0.128718032334582,-0.00775,0.000941538153265959
0.130899693899575,-0.00775,0.000938056240982558
0.133081355464568,-0.00775,0.000934534862280961
0.135263017029561,-0.00775,0.000931183334925809
0.137444678594553,-0.00775,0.000928006445216126
0.139626340159546,-0.00775,0.000924994333475407
0.141808001724539,-0.00775,0.000922088744239073
0.143989663289532,-0.00775,0.000919252876202446
0.146171324854525,-0.00775,0.000916602112272727
0.148352986419518,-0.00775,0.000914230578943003
0.150534647984511,-0.00775,0.000912176557337946
0.152716309549504,-0.00775,0.000910482186147747
0.154897971114497,-0.00775,0.000908943183516761
0.15707963267949,-0.00775,0.00090735821653927
0.159261294244483,-0.00775,0.000905749204054006
0.161442955809475,-0.00775,0.000904126786566609
0.163624617374468,-0.00775,0.000902476607336554
0.165806278939461,-0.00775,0.000900783074805268
0.167987940504454,-0.00775,0.000899063818786228
0.170169602069447,-0.00775,0.000897340558569682
0.17235126363444,-0.00775,0.000895614695268175
0.174532925199433,-0.00775,0.000893895259842203
0.176714586764426,-0.00775,0.000892206784586932
0.178896248329419,-0.00775,0.000890553352281368
0.181077909894412,-0.00775,0.000888931486549133
0.183259571459405,-0.00775,0.000887340235730056
0.185441233024398,-0.00775,0.000885680180676144
0.18762289458939,-0.00775,0.000883850933199619
0.189804556154383,-0.00775,0.000881494460938142
0.191986217719376,-0.00775,0.000878516295166538
0.10471975511966,-0.0075,0.000943839871690453
0.106901416684653,-0.0075,0.000941629896175999
0.109083078249646,-0.0075,0.00093917697684003
0.111264739814638,-0.0075,0.000936438212282115
0.113446401379631,-0.0075,0.00093359101178835
0.115628062944624,-0.0075,0.000930681471956509
0.117809724509617,-0.0075,0.000927705906918055
0.11999138607461,-0.0075,0.000924660819121197
0.122173047639603,-0.0075,0.000921546816249112
0.124354709204596,-0.0075,0.000918384302803287
0.126536370769589,-0.0075,0.000915186270979996
0.128718032334582,-0.0075,0.000911928935390651
0.130899693899575,-0.0075,0.000908570375565133
0.133081355464568,-0.0075,0.000905116351951275
0.135263017029561,-0.0075,0.000901787799264396
0.137444678594553,-0.0075,0.00089863867385067
0.139626340159546,-0.0075,0.000895660244507742
0.141808001724539,-0.0075,0.000892813797909527
0.143989663289532,-0.0075,0.000890042113413579
0.146171324854525,-0.0075,0.00088743713568624
0.148352986419518,-0.0075,0.000885112774236847
0.150534647984511,-0.0075,0.000883108195774409
0.152716309549504,-0.0075,0.000881464907391465
0.154897971114497,-0.0075,0.000879978072249179
0.15707963267949,-0.0075,0.000878446864915885
0.159261294244483,-0.0075,0.000876892365692362
0.161442955809475,-0.0075,0.000875323828809443
0.163624617374468,-0.0075,0.000873726865088529
0.165806278939461,-0.0075,0.000872089362609145
0.167987940504454,-0.0075,0.000870418578395108
0.170169602069447,-0.0075,0.000868742662008145
0.17235126363444,-0.0075,0.000867064606943247
0.174532925199433,-0.0075,0.00086539218005805
0.176714586764426,-0.0075,0.000863752123784817
0.178896248329419,-0.0075,0.000862145644457102
0.181077909894412,-0.0075,0.000860569939546464
0.183259571459405,-0.0075,0.000859022935520733
0.185441233024398,-0.0075,0.000857455124943327
0.18762289458939,-0.0075,0.000855747351339021
0.189804556154383,-0.0075,0.000853546397910057
0.191986217719376,-0.0075,0.00085073170425832
0.10471975511966,-0.00725,0.000913031270591029
0.106901416684653,-0.00725,0.000910915415840926
0.109083078249646,-0.00725,0.000908557902688153
0.111264739814638,-0.00725,0.000905916893943996
0.113446401379631,-0.00725,0.000903169074491061
0.115628062944624,-0.00725,0.000900360968593303
0.117809724509617,-0.00725,0.000897489805363129
0.11999138607461,-0.00725,0.000894552014831044
0.122173047639603,-0.00725,0.000891547986143095
0.124354709204596,-0.00725,0.000888495672445549
0.126536370769589,-0.00725,0.000885408369782634
0.128718032334582,-0.00725,0.000882267879003149
0.130899693899575,-0.00725,0.000879033159017631
0.133081355464568,-0.00725,0.000875680331887708
0.135263017029561,-0.00725,0.000872375032601397
0.137444678594553,-0.00725,0.000869253580930675
0.139626340159546,-0.00725,0.000866305792192847
0.141808001724539,-0.00725,0.000863512279400675
0.143989663289532,-0.00725,0.000860803896748041
0.146171324854525,-0.00725,0.000858247980192969
0.148352986419518,-0.00725,0.000855971157041683
0.150534647984511,-0.00725,0.000854016540007089
0.152716309549504,-0.00725,0.000852424453352364
0.154897971114497,-0.00725,0.000850990468201408
0.15707963267949,-0.00725,0.000849513346641345
0.159261294244483,-0.00725,0.000848012698435642
0.161442955809475,-0.00725,0.00084649713092463
0.163624617374468,-0.00725,0.000844954695519011
0.165806278939461,-0.00725,0.000843372783033398
0.167987940504454,-0.00725,0.00084175191003236
0.170169602069447,-0.00725,0.000840123915100559
0.17235126363444,-0.00725,0.000838494254678087
0.174532925199433,-0.00725,0.000836869195005246
0.176714586764426,-0.00725,0.000835277492537885
0.178896248329419,-0.00725,0.000833719004175233
0.181077909894412,-0.00725,0.000832190000655556
0.183259571459405,-0.00725,0.000830687375963616
0.185441233024398,-0.00725,0.000829197586501492
0.18762289458939,-0.00725,0.000827603143807649
0.189804556154383,-0.00725,0.000825556764854133
0.191986217719376,-0.00725,0.000822901769766156
0.10471975511966,-0.007,0.000882177992791322
0.106901416684653,-0.007,0.000880155537364303
0.109083078249646,-0.007,0.000877892528991103
0.111264739814638,-0.007,0.000875349391494191
0.113446401379631,-0.007,0.000872700298511747
0.115628062944624,-0.007,0.000869994590952821
0.117809724509617,-0.007,0.000867226946219925
0.11999138607461,-0.007,0.000864395374762232
0.122173047639603,-0.007,0.000861500235280757
0.124354709204596,-0.007,0.000858557953305892
0.126536370769589,-0.007,0.000855582809732577
0.128718032334582,-0.007,0.000852556534486253
0.130899693899575,-0.007,0.000849445603661439
0.133081355464568,-0.007,0.000846220150659656
0.135263017029561,-0.007,0.000842944297960237
0.137444678594553,-0.007,0.00083984914519238
0.139626340159546,-0.007,0.000836931780645521
0.141808001724539,-0.007,0.000834187967952211
0.143989663289532,-0.007,0.000831540417589022
0.146171324854525,-0.007,0.000829034765841959
0.148352986419518,-0.007,0.000826806437121434
0.150534647984511,-0.007,0.000824901896662108
0.152716309549504,-0.007,0.000823361004755508
0.154897971114497,-0.007,0.000821979712354972
0.15707963267949,-0.007,0.000820556771766774
0.159261294244483,-0.007,0.000819109615838269
0.161442955809475,-0.007,0.000817647226209967
0.163624617374468,-0.007,0.000816159217142645
0.165806278939461,-0.007,0.000814633494996369
0.167987940504454,-0.007,0.000813063371556514
0.170169602069447,-0.007,0.000811483898589769
0.17235126363444,-0.007,0.000809902744764969
0.174532925199433,-0.007,0.000808325626836771
0.176714586764426,-0.007,0.000806783515141169
0.178896248329419,-0.007,0.00080527303079834
0.181077909894412,-0.007,0.000803790752628036
0.183259571459405,-0.007,0.00080233338213195
0.185441233024398,-0.007,0.000800906393635042
0.18762289458939,-0.007,0.000799417613164792
0.189804556154383,-0.007,0.000797525094726071
0.191986217719376,-0.007,0.000795031351376553
0.10471975511966,-0.00675,0.000851280820711185
0.106901416684653,-0.00675,0.000849350503363975
0.109083078249646,-0.00675,0.000847182980997688
0.111264739814638,-0.00675,0.000844736126104252
0.113446401379631,-0.00675,0.000842186043635955
0.115628062944624,-0.00675,0.000839581919165
0.117809724509617,-0.00675,0.000836917053317618
0.11999138607461,-0.00675,0.000834191230113594
0.122173047639603,-0.00675,0.000831403857882094
0.124354709204596,-0.00675,0.000828573285368432
0.126536370769589,-0.00675,0.000825707880925449
0.128718032334582,-0.00675,0.000822795100236849
0.130899693899575,-0.00675,0.000819808030583779
0.133081355464568,-0.00675,0.000816707705223714
0.135263017029561,-0.00675,0.000813495620262796
0.137444678594553,-0.00675,0.00081042647975603
0.139626340159546,-0.00675,0.000807539625247672
0.141808001724539,-0.00675,0.000804840611266799
0.143989663289532,-0.00675,0.000802252961012078
0.146171324854525,-0.00675,0.000799800618249881
0.148352986419518,-0.00675,0.000797618595677262
0.150534647984511,-0.00675,0.000795762183139437
0.152716309549504,-0.00675,0.000794273087686978
0.154897971114497,-0.00675,0.000792945497117168
0.15707963267949,-0.00675,0.000791575997771573
0.159261294244483,-0.00675,0.000790182049902261
0.161442955809475,-0.00675,0.000788774023934025
0.163624617374468,-0.00675,0.000787340850227775
0.165806278939461,-0.00675,0.000785869981282183
0.167987940504454,-0.00675,0.000784353279498226
0.170169602069447,-0.00675,0.000782822978570042
0.17235126363444,-0.00675,0.000781290102717015
0.174532925199433,-0.00675,0.000779761874774384
0.176714586764426,-0.00675,0.000778269453663245
0.178896248329419,-0.00675,0.000776807444183396
0.181077909894412,-0.00675,0.000775371652325733
0.183259571459405,-0.00675,0.000773960067995277
0.185441233024398,-0.00675,0.000772580515138026
0.18762289458939,-0.00675,0.000771191133899195
0.189804556154383,-0.00675,0.000769451859346947
0.191986217719376,-0.00675,0.000767117073436737
0.10471975511966,-0.0065,0.00082033921501687
0.106901416684653,-0.0065,0.00081850157526024
0.109083078249646,-0.0065,0.000816428624504934
0.111264739814638,-0.0065,0.000814077499984458
0.113446401379631,-0.0065,0.000811626303721109
0.115628062944624,-0.0065,0.000809121429196335
0.117809724509617,-0.0065,0.00080655927585569
0.11999138607461,-0.0065,0.000803939889398853
0.122173047639603,-0.0065,0.000801260020860554
0.124354709204596,-0.0065,0.000798540370916271
0.126536370769589,-0.0065,0.000795783365458337
0.128718032334582,-0.0065,0.000792985219858463
0.130899693899575,-0.0065,0.000790118527467372
0.133081355464568,-0.0065,0.000787143571068421
0.135263017029561,-0.0065,0.000784029520365519
0.137444678594553,-0.0065,0.000780985553969967
0.139626340159546,-0.0065,0.000778128591254063
0.141808001724539,-0.0065,0.000775468803893724
0.143989663289532,-0.0065,0.000772940864581293
0.146171324854525,-0.0065,0.000770544793409937
0.148352986419518,-0.0065,0.000768408222764111
0.150534647984511,-0.0065,0.000766598783906175
0.152716309549504,-0.0065,0.000765159395648704
0.154897971114497,-0.0065,0.000763884781565079
0.15707963267949,-0.0065,0.000762570073910533
0.159261294244483,-0.0065,0.000761230762414454
0.161442955809475,-0.0065,0.000759877497593287
0.163624617374468,-0.0065,0.000758498653421428
0.165806278939461,-0.0065,0.000757082488496705
0.167987940504454,-0.0065,0.000755620749896408
0.170169602069447,-0.0065,0.000754139992224043
0.17235126363444,-0.0065,0.000752655549158761
0.174532925199433,-0.0065,0.00075117705060914
0.176714586764426,-0.0065,0.000749734610393195
0.178896248329419,-0.0065,0.000748321881860282
0.181077909894412,-0.0065,0.000746932865157003
0.183259571459405,-0.0065,0.000745567707181214
0.185441233024398,-0.0065,0.000744232701203043
0.18762289458939,-0.0065,0.000742924043422369
0.189804556154383,-0.0065,0.000741336167027691
0.191986217719376,-0.0065,0.000739161813186159
0.10471975511966,-0.00625,0.000789352271769016
0.106901416684653,-0.00625,0.000787606830151324
0.109083078249646,-0.00625,0.00078562724009338
0.111264739814638,-0.00625,0.000783372140645987
0.113446401379631,-0.00625,0.000781019388603211
0.115628062944624,-0.00625,0.000778614994477327
0.117809724509617,-0.00625,0.000776155449206934
0.11999138607461,-0.00625,0.000773640080995253
0.122173047639603,-0.00625,0.000771068298395009
0.124354709204596,-0.00625,0.000768457606314456
0.126536370769589,-0.00625,0.000765811468662746
0.128718032334582,-0.00625,0.000763124737033365
0.130899693899575,-0.00625,0.000760377463572657
0.133081355464568,-0.00625,0.000757528796287935
0.135263017029561,-0.00625,0.00075454436620549
0.137444678594553,-0.00625,0.00075152529218411
0.139626340159546,-0.00625,0.000748697774151233
0.141808001724539,-0.00625,0.000746073514024408
0.143989663289532,-0.00625,0.000743605771025082
0.146171324854525,-0.00625,0.000741267292493796
0.148352986419518,-0.00625,0.000739175375483127
0.150534647984511,-0.00625,0.000737413672286853
0.152716309549504,-0.00625,0.00073602391172891
0.154897971114497,-0.00625,0.000734800683341962
0.15707963267949,-0.00625,0.000733538383084063
0.159261294244483,-0.00625,0.000732254166959196
0.161442955809475,-0.00625,0.000730956214322193
0.163624617374468,-0.00625,0.00072963092789073
0.165806278939461,-0.00625,0.000728270863305374
0.167987940504454,-0.00625,0.000726865599611278
0.170169602069447,-0.00625,0.000725434577618656
0.17235126363444,-0.00625,0.000723999344750164
0.174532925199433,-0.00625,0.000722571372019905
0.176714586764426,-0.00625,0.000721178980891046
0.178896248329419,-0.00625,0.000719814998247722
0.181077909894412,-0.00625,0.000718474230139594
0.183259571459405,-0.00625,0.000717156172167156
0.185441233024398,-0.00625,0.000715866367011762
0.18762289458939,-0.00625,0.000714620000523065
0.189804556154383,-0.00625,0.000713179684907785
0.191986217719376,-0.00625,0.000711162665265394
0.10471975511966,-0.006,0.000758320830741715
0.106901416684653,-0.006,0.000756668068070945
0.109083078249646,-0.006,0.000754781370651483
0.111264739814638,-0.006,0.000752622132389309
0.113446401379631,-0.006,0.00075036640170026
0.115628062944624,-0.006,0.000748061288364907
0.117809724509617,-0.006,0.00074570390192571
0.11999138607461,-0.006,0.000743292778331002
0.122173047639603,-0.006,0.00074082705314054
0.124354709204596,-0.006,0.000738326217717699
0.126536370769589,-0.006,0.000735789740256065
0.128718032334582,-0.006,0.000733214053268871
0.130899693899575,-0.006,0.000730584761948558
0.133081355464568,-0.006,0.000727861236676694
0.135263017029561,-0.006,0.000725005780861264
0.137444678594553,-0.006,0.000722047393511744
0.139626340159546,-0.006,0.000719248259514925
0.141808001724539,-0.006,0.000716657112041322
0.143989663289532,-0.006,0.000714246505440019
0.146171324854525,-0.006,0.000711968400747259
0.148352986419518,-0.006,0.000709921442778743
0.150534647984511,-0.006,0.000708207493847691
0.152716309549504,-0.006,0.000706866511430544
0.154897971114497,-0.006,0.000705694260674195
0.15707963267949,-0.006,0.000704484206253808
0.159261294244483,-0.006,0.000703253266844553
0.161442955809475,-0.006,0.0007020078150008
0.163624617374468,-0.006,0.000700737667910304
0.165806278939461,-0.006,0.000699434367434521
0.167987940504454,-0.006,0.000698087090797006
0.170169602069447,-0.006,0.000696705991407903
0.17235126363444,-0.006,0.000695321394736798
0.174532925199433,-0.006,0.00069394441397995
0.176714586764426,-0.006,0.000692602587920637
0.178896248329419,-0.006,0.000691287417392536
0.181077909894412,-0.006,0.000689995668064508
0.183259571459405,-0.006,0.000688725114841412
0.185441233024398,-0.006,0.000687481506695444
0.18762289458939,-0.006,0.000686283048861642
0.189804556154383,-0.006,0.000684980393629712
0.191986217719376,-0.006,0.000683122454926707
0.10471975511966,-0.00575,0.000727244826780965
0.106901416684653,-0.00575,0.000725683284304427
0.109083078249646,-0.00575,0.000723889376699428
0.111264739814638,-0.00575,0.000721825952765415
0.113446401379631,-0.00575,0.0007196667088217
0.115628062944624,-0.00575,0.000717460712580577
0.117809724509617,-0.00575,0.000715204241472242
0.11999138607461,-0.00575,0.000712897314266024
0.122173047639603,-0.00575,0.000710538375375694
0.124354709204596,-0.00575,0.000708145520708596
0.126536370769589,-0.00575,0.000705718479729136
0.128718032334582,-0.00575,0.00070325438091665
0.130899693899575,-0.00575,0.000700740694887612
0.133081355464568,-0.00575,0.000698141571306397
0.135263017029561,-0.00575,0.000695416041409894
0.137444678594553,-0.00575,0.000692550880220959
0.139626340159546,-0.00575,0.000689778720011195
0.141808001724539,-0.00575,0.00068722034310895
0.143989663289532,-0.00575,0.000684862343973736
0.146171324854525,-0.00575,0.000682646611221679
0.148352986419518,-0.00575,0.000680645725042157
0.150534647984511,-0.00575,0.000678978766976418
0.152716309549504,-0.00575,0.000677686610867351
0.154897971114497,-0.00575,0.000676564540305584
0.15707963267949,-0.00575,0.000675407448722914
0.159261294244483,-0.00575,0.000674228773645529
0.161442955809475,-0.00575,0.000673036135839842
0.163624617374468,-0.00575,0.000671819753625194
0.165806278939461,-0.00575,0.000670571446666387
0.167987940504454,-0.00575,0.000669281532078438
0.170169602069447,-0.00575,0.000667953658870994
0.17235126363444,-0.00575,0.000666620561028203
0.174532925199433,-0.00575,0.000665294995156408
0.176714586764426,-0.00575,0.000664005050096227
0.178896248329419,-0.00575,0.000662739972274333
0.181077909894412,-0.00575,0.000661497114649933
0.183259571459405,-0.00575,0.000660274382170757
0.185441233024398,-0.00575,0.000659077221550492
0.18762289458939,-0.00575,0.000657916699050819
0.189804556154383,-0.00575,0.000656738971464082
0.191986217719376,-0.00575,0.000655038693318271
0.10471975511966,-0.0055,0.000696123649805912
0.106901416684653,-0.0055,0.00069465268594953
0.109083078249646,-0.0055,0.000692951817008936
0.111264739814638,-0.0055,0.000690982509262177
0.113446401379631,-0.0055,0.000688920301637975
0.115628062944624,-0.0055,0.000686813301728164
0.117809724509617,-0.0055,0.000684657964794207
0.11999138607461,-0.0055,0.00068245418295721
0.122173047639603,-0.0055,0.000680200896618993
0.124354709204596,-0.0055,0.000677915423989579
0.126536370769589,-0.0055,0.00067559847158041
0.128718032334582,-0.0055,0.00067324463125108
0.130899693899575,-0.0055,0.000670845907806778
0.133081355464568,-0.0055,0.000668370855808924
0.135263017029561,-0.0055,0.000665772497459019
0.137444678594553,-0.0055,0.000663034385985547
0.139626340159546,-0.0055,0.000660290549029626
0.141808001724539,-0.0055,0.000657764125111428
0.143989663289532,-0.0055,0.000655453853923594
0.146171324854525,-0.0055,0.000653300939835961
0.148352986419518,-0.0055,0.000651347274619571
0.150534647984511,-0.0055,0.000649726869555104
0.152716309549504,-0.0055,0.000648482935208861
0.154897971114497,-0.0055,0.000647412088073807
0.15707963267949,-0.0055,0.000646307572545903
0.159261294244483,-0.0055,0.000645181713524393
0.161442955809475,-0.0055,0.000644041634006415
0.163624617374468,-0.0055,0.000642878955705166
0.165806278939461,-0.0055,0.000641685108639527
0.167987940504454,-0.0055,0.000640450215068516
0.170169602069447,-0.0055,0.000639175888680603
0.17235126363444,-0.0055,0.000637896031044883
0.174532925199433,-0.0055,0.000636623102768719
0.176714586764426,-0.0055,0.000635385043756441
0.178896248329419,-0.0055,0.00063417070432303
0.181077909894412,-0.0055,0.000632978049390055
0.183259571459405,-0.0055,0.000631804404626183
0.185441233024398,-0.0055,0.000630653240380823
0.18762289458939,-0.0055,0.000629536375920302
0.189804556154383,-0.0055,0.000628454215021088
0.191986217719376,-0.0055,0.000626913086652822
0.10471975511966,-0.00525,0.000664956364334322
0.106901416684653,-0.00525,0.000663576050930647
0.109083078249646,-0.00525,0.000661968097368678
0.111264739814638,-0.00525,0.000660093341638916
0.113446401379631,-0.00525,0.000658127465956053
0.115628062944624,-0.00525,0.000656118076756622
0.117809724509617,-0.00525,0.000654063502838881
0.11999138607461,-0.00525,0.000651962695863618
0.122173047639603,-0.00525,0.000649814075572613
0.124354709204596,-0.00525,0.000647637577738927
0.126536370769589,-0.00525,0.000645427635792377
0.128718032334582,-0.00525,0.000643185140686841
0.130899693899575,-0.00525,0.000640899960806634
0.133081355464568,-0.00525,0.000638548156534021
0.135263017029561,-0.00525,0.00063607623836355
0.137444678594553,-0.00525,0.000633475199606956
0.139626340159546,-0.00525,0.000630783866773784
0.141808001724539,-0.00525,0.00062828825357026
0.143989663289532,-0.00525,0.000626021432305888
0.146171324854525,-0.00525,0.000623930801790131
0.148352986419518,-0.00525,0.000622027237387113
0.150534647984511,-0.00525,0.000620453015250298
0.152716309549504,-0.00525,0.0006192578626312
0.154897971114497,-0.00525,0.000618237211939396
0.15707963267949,-0.00525,0.000617185172444835
0.159261294244483,-0.00525,0.000616111631457094
0.161442955809475,-0.00525,0.000615024473846919
0.163624617374468,-0.00525,0.000613915453591631
0.165806278939461,-0.00525,0.000612774750800767
0.167987940504454,-0.00525,0.000611596084165279
0.170169602069447,-0.00525,0.000610375686016663
0.17235126363444,-0.00525,0.000609146595843827
0.174532925199433,-0.00525,0.000607927700139726
0.176714586764426,-0.00525,0.000606741929282328
0.178896248329419,-0.00525,0.000605579841863485
0.181077909894412,-0.00525,0.000604438028915647
0.183259571459405,-0.00525,0.000603313862780903
0.185441233024398,-0.00525,0.000602210424418164
0.18762289458939,-0.00525,0.000601138546545308
0.189804556154383,-0.00525,0.000600128358445898
0.191986217719376,-0.00525,0.000598743762041543
0.10471975511966,-0.005,0.000633744515479096
0.106901416684653,-0.005,0.000632454357755124
0.109083078249646,-0.005,0.000630937986147708
0.111264739814638,-0.005,0.000629157095502134
0.113446401379631,-0.005,0.000627287657063975
0.115628062944624,-0.005,0.000625375497566194
0.117809724509617,-0.005,0.000623420797115298
0.11999138607461,-0.005,0.000621422826703125
0.122173047639603,-0.005,0.000619380066939684
0.124354709204596,-0.005,0.000617308928211177
0.126536370769589,-0.005,0.000615206918413057
0.128718032334582,-0.005,0.000613075190411363
0.130899693899575,-0.005,0.000610903530177805
0.133081355464568,-0.005,0.000608671708789549
0.135263017029561,-0.005,0.000606327088389928
0.137444678594553,-0.005,0.000603861400726462
0.139626340159546,-0.005,0.00060125623372006
0.141808001724539,-0.005,0.000598790914426067
0.143989663289532,-0.005,0.000596564126492486
0.146171324854525,-0.005,0.000594534944837923
0.148352986419518,-0.005,0.000592684309994657
0.150534647984511,-0.005,0.000591156866459973
0.152716309549504,-0.005,0.000590010458190513
0.154897971114497,-0.005,0.00058903974472742
0.15707963267949,-0.005,0.000588039197575554
0.159261294244483,-0.005,0.000587018359336121
0.161442955809475,-0.005,0.000585984177391013
0.163624617374468,-0.005,0.000584927762776086
0.165806278939461,-0.005,0.000583841219041591
0.167987940504454,-0.005,0.000582718490350626
0.170169602069447,-0.005,0.00058155364741327
0.17235126363444,-0.005,0.000580374861486824
0.174532925199433,-0.005,0.000579207331847446
0.176714586764426,-0.005,0.000578074385655093
0.178896248329419,-0.005,0.000576966206089415
0.181077909894412,-0.005,0.000575876455722838
0.183259571459405,-0.005,0.000574802546043491
0.185441233024398,-0.005,0.000573747745101211
0.18762289458939,-0.005,0.000572721339325233
0.189804556154383,-0.005,0.000571758859218214
0.191986217719376,-0.005,0.000570531298308682
0.10471975511966,-0.00475,0.000602486211174831
0.106901416684653,-0.00475,0.000601285280175161
0.109083078249646,-0.00475,0.000599861451540695
0.111264739814638,-0.00475,0.000598174555194132
0.113446401379631,-0.00475,0.000596400778366385
0.115628062944624,-0.00475,0.000594585744185425
0.117809724509617,-0.00475,0.000592731214447899
0.11999138607461,-0.00475,0.000590834926142367
0.122173047639603,-0.00475,0.00058889574314525
0.124354709204596,-0.00475,0.000586931037214223
0.126536370769589,-0.00475,0.000584936400477302
0.128718032334582,-0.00475,0.000582915505966787
0.130899693899575,-0.00475,0.00058085651152344
0.133081355464568,-0.00475,0.000578741843356836
0.135263017029561,-0.00475,0.000576525182010025
0.137444678594553,-0.00475,0.000574190595682637
0.139626340159546,-0.00475,0.000571709433467201
0.141808001724539,-0.00475,0.000569275127622886
0.143989663289532,-0.00475,0.000567082887195924
0.146171324854525,-0.00475,0.000565114031089292
0.148352986419518,-0.00475,0.000563318750155271
0.150534647984511,-0.00475,0.000561837308122782
0.152716309549504,-0.00475,0.000560739032941153
0.154897971114497,-0.00475,0.000559818077466421
0.15707963267949,-0.00475,0.000558868911454765
0.159261294244483,-0.00475,0.000557901496502515
0.161442955809475,-0.00475,0.000556919962778146
0.163624617374468,-0.00475,0.000555916509870363
0.165806278939461,-0.00475,0.000554884237461767
0.167987940504454,-0.00475,0.000553817483807318
0.170169602069447,-0.00475,0.000552709490462223
0.17235126363444,-0.00475,0.000551580689932984
0.174532925199433,-0.00475,0.000550465059544211
0.176714586764426,-0.00475,0.000549383116815071
0.178896248329419,-0.00475,0.000548328237647075
0.181077909894412,-0.00475,0.000547292648247016
0.183259571459405,-0.00475,0.000546269765689538
0.185441233024398,-0.00475,0.000545264704356506
0.18762289458939,-0.00475,0.000544285050961628
0.189804556154383,-0.00475,0.000543357035522357
0.191986217719376,-0.00475,0.000542275393752961
0.10471975511966,-0.0045,0.000571183965264619
0.106901416684653,-0.0045,0.000570070402248232
0.109083078249646,-0.0045,0.000568738008117063
0.111264739814638,-0.0045,0.00056714501804008
0.113446401379631,-0.0045,0.000565465803407835
0.115628062944624,-0.0045,0.000563747516090992
0.117809724509617,-0.0045,0.00056199246301156
0.11999138607461,-0.0045,0.000560198308320949
0.122173047639603,-0.0045,0.00055836238855821
0.124354709204596,-0.0045,0.000556503412762158
0.126536370769589,-0.0045,0.000554616950412574
0.128718032334582,-0.0045,0.000552705481707085
0.130899693899575,-0.0045,0.000550757554820072
0.133081355464568,-0.0045,0.000548760677818437
0.135263017029561,-0.0045,0.000546671123412642
0.137444678594553,-0.0045,0.00054446622022297
0.139626340159546,-0.0045,0.000542125760508495
0.141808001724539,-0.0045,0.000539738370578398
0.143989663289532,-0.0045,0.00053758076773601
0.146171324854525,-0.0045,0.000535668352081381
0.148352986419518,-0.0045,0.000533931398944438
0.150534647984511,-0.0045,0.000532495736614309
0.152716309549504,-0.0045,0.000531445099550037
0.154897971114497,-0.0045,0.000530573756130725
0.15707963267949,-0.0045,0.000529675961203409
0.159261294244483,-0.0045,0.000528760900137902
0.161442955809475,-0.0045,0.000527832042731062
0.163624617374468,-0.0045,0.000526881584774497
0.165806278939461,-0.0045,0.000525904305039949
0.167987940504454,-0.0045,0.000524893368573219
0.170169602069447,-0.0045,0.000523841188837615
0.17235126363444,-0.0045,0.000522765030601544
0.174532925199433,-0.0045,0.000521701049054241
0.176714586764426,-0.0045,0.000520670803720248
0.178896248329419,-0.0045,0.00051966718864198
0.181077909894412,-0.0045,0.000518684692242653
0.183259571459405,-0.0045,0.000517715574762816
0.185441233024398,-0.0045,0.000516760213511025
0.18762289458939,-0.0045,0.000515829043740838
0.189804556154383,-0.0045,0.000514935030387747
0.191986217719376,-0.0045,0.000513976984032159
0.10471975511966,-0.00425,0.0005398397795164
0.106901416684653,-0.00425,0.00053880930391664
0.109083078249646,-0.00425,0.000537568206033073
0.111264739814638,-0.00425,0.000536068335466277
0.113446401379631,-0.00425,0.000534483345149196
0.115628062944624,-0.00425,0.000532862330172699
0.117809724509617,-0.00425,0.00053120632980193
0.11999138607461,-0.00425,0.000529512446293496
0.122173047639603,-0.00425,0.000527780674158176
0.124354709204596,-0.00425,0.000526026632352841
0.126536370769589,-0.00425,0.000524247200063492
0.128718032334582,-0.00425,0.000522442172863664
0.130899693899575,-0.00425,0.000520609049662927
0.133081355464568,-0.00425,0.000518727711280379
0.135263017029561,-0.00425,0.000516762918017995
0.137444678594553,-0.00425,0.000514686642486221
0.139626340159546,-0.00425,0.000512486334213742
0.141808001724539,-0.00425,0.00051018057171512
0.143989663289532,-0.00425,0.000508056878728592
0.146171324854525,-0.00425,0.000506196743166274
0.148352986419518,-0.00425,0.000504520706076945
0.150534647984511,-0.00425,0.000503131067865878
0.152716309549504,-0.00425,0.000502128446243647
0.154897971114497,-0.00425,0.000501306456103183
0.15707963267949,-0.00425,0.000500459465757562
0.159261294244483,-0.00425,0.000499596303348207
0.161442955809475,-0.00425,0.000498720676501521
0.163624617374468,-0.00425,0.000497823702964987
0.165806278939461,-0.00425,0.000496900482495731
0.167987940504454,-0.00425,0.000495944893314354
0.170169602069447,-0.00425,0.000494950341738841
0.17235126363444,-0.00425,0.000493927741574298
0.174532925199433,-0.00425,0.000492915529999245
0.176714586764426,-0.00425,0.000491937359515716
0.178896248329419,-0.00425,0.000490986145567966
0.181077909894412,-0.00425,0.000490053914207555
0.183259571459405,-0.00425,0.00048913684120928
0.185441233024398,-0.00425,0.000488233638098886
0.18762289458939,-0.00425,0.000487352164495284
0.189804556154383,-0.00425,0.00048649837839798
0.191986217719376,-0.00425,0.00048563445981769
0.10471975511966,-0.004,0.000508454370369592
0.106901416684653,-0.004,0.000507500608129438
0.109083078249646,-0.004,0.000506350663474541
0.111264739814638,-0.004,0.000504943905712181
0.113446401379631,-0.004,0.000503452519161014
0.115628062944624,-0.004,0.000501928750520489
0.117809724509617,-0.004,0.000500371297983321
0.11999138607461,-0.004,0.000498778163368309
0.122173047639603,-0.004,0.000497148357747211
0.124354709204596,-0.004,0.000495499404574413
0.126536370769589,-0.004,0.00049382716994128
0.128718032334582,-0.004,0.000492130185055376
0.130899693899575,-0.004,0.000490408423034578
0.133081355464568,-0.004,0.000488642073868398
0.135263017029561,-0.004,0.000486800414777476
0.137444678594553,-0.004,0.000484853946371479
0.139626340159546,-0.004,0.000482792401302977
0.141808001724539,-0.004,0.000480602684574671
0.143989663289532,-0.004,0.000478512401913415
0.146171324854525,-0.004,0.000476699547442303
0.148352986419518,-0.004,0.000475086879105107
0.150534647984511,-0.004,0.000473742639034547
0.152716309549504,-0.004,0.000472787522647818
0.154897971114497,-0.004,0.000472015221091466
0.15707963267949,-0.004,0.000471219359342413
0.159261294244483,-0.004,0.000470407982117571
0.161442955809475,-0.004,0.000469584716159759
0.163624617374468,-0.004,0.000468741324157909
0.165806278939461,-0.004,0.00046787206820382
0.167987940504454,-0.004,0.000466972199597907
0.170169602069447,-0.004,0.000466035646562422
0.17235126363444,-0.004,0.000465067827435508
0.174532925199433,-0.004,0.000464108089408685
0.176714586764426,-0.004,0.000463183370748942
0.178896248329419,-0.004,0.000462283774927345
0.181077909894412,-0.004,0.000461402102495608
0.183259571459405,-0.004,0.000460534355402633
0.185441233024398,-0.004,0.000459683925110756
0.18762289458939,-0.004,0.000458853162253598
0.189804556154383,-0.004,0.000458046795206475
0.191986217719376,-0.004,0.000457249255512632
0.10471975511966,-0.00375,0.000477026704490167
0.106901416684653,-0.00375,0.000476145269637736
0.109083078249646,-0.00375,0.000475086765433645
0.111264739814638,-0.00375,0.00047377104593701
0.113446401379631,-0.00375,0.000472374456715996
0.115628062944624,-0.00375,0.000470946738546982
0.117809724509617,-0.00375,0.000469486758026633
0.11999138607461,-0.00375,0.000467994272432186
0.122173047639603,-0.00375,0.000466466936026883
0.124354709204596,-0.00375,0.000464922075518973
0.126536370769589,-0.00375,0.000463357591078729
0.128718032334582,-0.00375,0.000461766199771688
0.130899693899575,-0.00375,0.000460156923318996
0.133081355464568,-0.00375,0.000458504915542193
0.135263017029561,-0.00375,0.000456782575882534
0.137444678594553,-0.00375,0.00045496616513737
0.139626340159546,-0.00375,0.000453041205198615
0.141808001724539,-0.00375,0.000450994733445235
0.143989663289532,-0.00375,0.000448946587935343
0.146171324854525,-0.00375,0.000447176614257863
0.148352986419518,-0.00375,0.00044562828142549
0.150534647984511,-0.00375,0.000444332121568912
0.152716309549504,-0.00375,0.000443423835063344
0.154897971114497,-0.00375,0.000442700110602811
0.15707963267949,-0.00375,0.000441954720035389
0.159261294244483,-0.00375,0.000441194690083632
0.161442955809475,-0.00375,0.000440423877870897
0.163624617374468,-0.00375,0.000439634253259211
0.165806278939461,-0.00375,0.000438819878853324
0.167987940504454,-0.00375,0.000437975791659834
0.170169602069447,-0.00375,0.000437097461867626
0.17235126363444,-0.00375,0.000436185881890348
0.174532925199433,-0.00375,0.000435278884797274
0.176714586764426,-0.00375,0.000434407812413383
0.178896248329419,-0.00375,0.000433560171789613
0.181077909894412,-0.00375,0.000432729151617032
0.183259571459405,-0.00375,0.000431911932252629
0.185441233024398,-0.00375,0.00043111074578276
0.18762289458939,-0.00375,0.000430331391863461
0.189804556154383,-0.00375,0.000429575076455462
0.191986217719376,-0.00375,0.000428834547772558
0.10471975511966,-0.0035,0.000445557035933931
0.106901416684653,-0.0035,0.000444742150595582
0.109083078249646,-0.0035,0.000443773787720211
0.111264739814638,-0.0035,0.000442549966647584
0.113446401379631,-0.0035,0.000441248099225138
0.115628062944624,-0.0035,0.000439916144482825
0.117809724509617,-0.0035,0.000438554554327557
0.11999138607461,-0.0035,0.000437161198855623
0.122173047639603,-0.0035,0.000435735438243667
0.124354709204596,-0.0035,0.000434295233260849
0.126536370769589,-0.0035,0.000432836205507922
0.128718032334582,-0.0035,0.000431351782163782
0.130899693899575,-0.0035,0.000429851950978275
0.133081355464568,-0.0035,0.000428314257313414
0.135263017029561,-0.0035,0.000426711508771322
0.137444678594553,-0.0035,0.000425024586230089
0.139626340159546,-0.0035,0.000423233020224626
0.141808001724539,-0.0035,0.000421330988314672
0.143989663289532,-0.0035,0.000419359239058514
0.146171324854525,-0.0035,0.000417627167687457
0.148352986419518,-0.0035,0.000416142239508307
0.150534647984511,-0.0035,0.000414897510711985
0.152716309549504,-0.0035,0.000414036578254308
0.154897971114497,-0.0035,0.000413361683890505
0.15707963267949,-0.0035,0.000412666479302886
0.159261294244483,-0.0035,0.000411957944309737
0.161442955809475,-0.0035,0.000411239329797366
0.163624617374468,-0.0035,0.000410503284264979
0.165806278939461,-0.0035,0.000409743976553903
0.167987940504454,-0.0035,0.0004089557216994
0.170169602069447,-0.0035,0.000408135050189338
0.17235126363444,-0.0035,0.000407280334827689
0.174532925199433,-0.0035,0.000406428088728862
0.176714586764426,-0.0035,0.000405610556919115
0.178896248329419,-0.0035,0.00040481458870326
0.181077909894412,-0.0035,0.000404035287281455
0.183259571459405,-0.0035,0.000403269526557557
0.185441233024398,-0.0035,0.00040251740826616
0.18762289458939,-0.0035,0.00040178649740617
0.189804556154383,-0.0035,0.000401080504404553
0.191986217719376,-0.0035,0.000400396820004645
0.10471975511966,-0.00325,0.000414043532564216
0.106901416684653,-0.00325,0.000413291102864868
0.109083078249646,-0.00325,0.000412413024471362
0.111264739814638,-0.00325,0.000411280839350283
0.113446401379631,-0.00325,0.000410072365024932
0.115628062944624,-0.00325,0.000408836116794255
0.117809724509617,-0.00325,0.000407571766874101
0.11999138607461,-0.00325,0.000406277390110306
0.122173047639603,-0.00325,0.000404953633338243
0.124354709204596,-0.00325,0.000403617360163218
0.126536370769589,-0.00325,0.00040226428825689
0.128718032334582,-0.00325,0.000400887028523596
0.130899693899575,-0.00325,0.000399494060741233
0.133081355464568,-0.00325,0.000398071484652316
0.135263017029561,-0.00325,0.000396587208995471
0.137444678594553,-0.00325,0.000395029275654704
0.139626340159546,-0.00325,0.000393369525409898
0.141808001724539,-0.00325,0.000391611092285812
0.143989663289532,-0.00325,0.00038975112429462
0.146171324854525,-0.00325,0.000388055757330368
0.148352986419518,-0.00325,0.000386630415171618
0.150534647984511,-0.00325,0.000385438347661645
0.152716309549504,-0.00325,0.00038462484847871
0.154897971114497,-0.00325,0.00038399903391984
0.15707963267949,-0.00325,0.000383354855434431
0.159261294244483,-0.00325,0.000382697458015065
0.161442955809475,-0.00325,0.000382030872691817
0.163624617374468,-0.00325,0.000381347663299175
0.165806278939461,-0.00325,0.000380642735823543
0.167987940504454,-0.00325,0.000379911371526165
0.170169602069447,-0.00325,0.000379148260740618
0.17235126363444,-0.00325,0.000378350562272993
0.174532925199433,-0.00325,0.000377553959659434
0.176714586764426,-0.00325,0.000376791446377566
0.178896248329419,-0.00325,0.000376047395006858
0.181077909894412,-0.00325,0.000375320722992296
0.183259571459405,-0.00325,0.000374605909016276
0.185441233024398,-0.00325,0.000373904363609781
0.18762289458939,-0.00325,0.000373222016357991
0.189804556154383,-0.00325,0.000372562003644945
0.191986217719376,-0.00325,0.000371933761536282
0.10471975511966,-0.003,0.000382487480973592
0.106901416684653,-0.003,0.00038179203111556
0.109083078249646,-0.003,0.000381003205871017
0.111264739814638,-0.003,0.000379963103167797
0.113446401379631,-0.003,0.00037884822407963
0.115628062944624,-0.003,0.000377707415950537
0.117809724509617,-0.003,0.000376538178924503
0.11999138607461,-0.003,0.000375342296460364
0.122173047639603,-0.003,0.000374121608237467
0.124354709204596,-0.003,0.000372889284767855
0.126536370769589,-0.003,0.000371641706011676
0.128718032334582,-0.003,0.000370371032294911
0.130899693899575,-0.003,0.000369084486134867
0.133081355464568,-0.003,0.00036777571683944
0.135263017029561,-0.003,0.000366409665517893
0.137444678594553,-0.003,0.000364977856767905
0.139626340159546,-0.003,0.000363450203804634
0.141808001724539,-0.003,0.000361834254685168
0.143989663289532,-0.003,0.000360120737373556
0.146171324854525,-0.003,0.000358460975793885
0.148352986419518,-0.003,0.000357091838019857
0.150534647984511,-0.003,0.000355955798755199
0.152716309549504,-0.003,0.000355189235641913
0.154897971114497,-0.003,0.000354612176064768
0.15707963267949,-0.003,0.000354017506188801
0.159261294244483,-0.003,0.000353411612308828
0.161442955809475,-0.003,0.000352796884082778
0.163624617374468,-0.003,0.000352166773059228
0.165806278939461,-0.003,0.000351516309095193
0.167987940504454,-0.003,0.000350842212033162
0.170169602069447,-0.003,0.000350137286325753
0.17235126363444,-0.003,0.000349397395154594
0.174532925199433,-0.003,0.000348656595369727
0.176714586764426,-0.003,0.000347947987731448
0.178896248329419,-0.003,0.000347258411033105
0.181077909894412,-0.003,0.000346585393327467
0.183259571459405,-0.003,0.000345922397996272
0.185441233024398,-0.003,0.000345271290533961
0.18762289458939,-0.003,0.000344637650296829
0.189804556154383,-0.003,0.000344024749851056
0.191986217719376,-0.003,0.000343442335809765
0.10471975511966,-0.00275,0.000350887112137816
0.106901416684653,-0.00275,0.000350244618323802
0.109083078249646,-0.00275,0.000349543835034059
0.111264739814638,-0.00275,0.000348595092720744
0.113446401379631,-0.00275,0.000347574135557595
0.115628062944624,-0.00275,0.000346527390759225
0.117809724509617,-0.00275,0.000345454586233958
0.11999138607461,-0.00275,0.000344357890114046
0.122173047639603,-0.00275,0.000343237534557138
0.124354709204596,-0.00275,0.000342110343957256
0.126536370769589,-0.00275,0.000340967566934734
0.128718032334582,-0.00275,0.000339802676633561
0.130899693899575,-0.00275,0.000338622446160863
0.133081355464568,-0.00275,0.000337427207987592
0.135263017029561,-0.00275,0.000336178898901241
0.137444678594553,-0.00275,0.000334870109789004
0.139626340159546,-0.00275,0.000333475960478931
0.141808001724539,-0.00275,0.000332002399455182
0.143989663289532,-0.00275,0.000330433402548757
0.146171324854525,-0.00275,0.000328844685654019
0.148352986419518,-0.00275,0.000327526295526148
0.150534647984511,-0.00275,0.000326448824463305
0.152716309549504,-0.00275,0.000325729318695931
0.154897971114497,-0.00275,0.000325201441606186
0.15707963267949,-0.00275,0.000324656790251874
0.159261294244483,-0.00275,0.000324101585668081
0.161442955809475,-0.00275,0.000323538852618443
0.163624617374468,-0.00275,0.000322961409309378
0.165806278939461,-0.00275,0.000322365128375359
0.167987940504454,-0.00275,0.000321747102152113
0.170169602069447,-0.00275,0.000321101101892306
0.17235126363444,-0.00275,0.000320420958066778
0.174532925199433,-0.00275,0.000319736719351375
0.176714586764426,-0.00275,0.000319082191015051
0.178896248329419,-0.00275,0.000318447260391024
0.181077909894412,-0.00275,0.000317827823386724
0.183259571459405,-0.00275,0.000317218130174296
0.185441233024398,-0.00275,0.000316617734926047
0.18762289458939,-0.00275,0.000316033234535433
0.189804556154383,-0.00275,0.000315467991920381
0.191986217719376,-0.00275,0.000314927961845629
0.10471975511966,-0.0025,0.000319241792525298
0.106901416684653,-0.0025,0.000318651573863546
0.109083078249646,-0.0025,0.000318035025977125
0.111264739814638,-0.0025,0.000317178784700747
0.113446401379631,-0.0025,0.000316251126639291
0.115628062944624,-0.0025,0.0003152967191465
0.117809724509617,-0.0025,0.000314320255304695
0.11999138607461,-0.0025,0.000313321718592088
0.122173047639603,-0.0025,0.000312302771839604
0.124354709204596,-0.0025,0.000311278180091771
0.126536370769589,-0.0025,0.000310240453393626
0.128718032334582,-0.0025,0.000309182423629722
0.130899693899575,-0.0025,0.000308109457803406
0.133081355464568,-0.0025,0.000307023884184658
0.135263017029561,-0.0025,0.000305893713172439
0.137444678594553,-0.0025,0.000304707175437939
0.139626340159546,-0.0025,0.000303446347356811
0.141808001724539,-0.0025,0.00030211034409666
0.143989663289532,-0.0025,0.000300687882534877
0.146171324854525,-0.0025,0.000299205992115506
0.148352986419518,-0.0025,0.000297935053359395
0.150534647984511,-0.0025,0.000296918282137049
0.152716309549504,-0.0025,0.000296244099529634
0.154897971114497,-0.0025,0.000295764312822438
0.15707963267949,-0.0025,0.000295271288517217
0.159261294244483,-0.0025,0.000294767484342905
0.161442955809475,-0.0025,0.000294256131316919
0.163624617374468,-0.0025,0.000293731518060461
0.165806278939461,-0.0025,0.000293189486623246
0.167987940504454,-0.0025,0.000292627127518914
0.170169602069447,-0.0025,0.000292040581123911
0.17235126363444,-0.0025,0.000291421251321826
0.174532925199433,-0.0025,0.000290793178533064
0.176714586764426,-0.0025,0.00029019432175879
0.178896248329419,-0.0025,0.000289613956440827
0.181077909894412,-0.0025,0.000289048737908596
0.183259571459405,-0.0025,0.000288491820273334
0.185441233024398,-0.0025,0.000287943772673917
0.18762289458939,-0.0025,0.000287409674015819
0.189804556154383,-0.0025,0.000286891798013458
0.191986217719376,-0.0025,0.000286396495915985
0.10471975511966,-0.00225,0.000287549317841489
0.106901416684653,-0.00225,0.000287014209007234
0.109083078249646,-0.00225,0.00028647662672931
0.111264739814638,-0.00225,0.000285711155185163
0.113446401379631,-0.00225,0.000284875616940376
0.115628062944624,-0.00225,0.000284015729250027
0.117809724509617,-0.00225,0.000283136187249241
0.11999138607461,-0.00225,0.000282236011865188
0.122173047639603,-0.00225,0.000281316966253383
0.124354709204596,-0.00225,0.000280394118216708
0.126536370769589,-0.00225,0.000279461283359849
0.128718032334582,-0.00225,0.000278510611156657
0.130899693899575,-0.00225,0.000277543228697657
0.133081355464568,-0.00225,0.000276566991756219
0.135263017029561,-0.00225,0.000275555296772912
0.137444678594553,-0.00225,0.000274490723556816
0.139626340159546,-0.00225,0.000273361207843313
0.141808001724539,-0.00225,0.000272160512019635
0.143989663289532,-0.00225,0.000270884854017624
0.146171324854525,-0.00225,0.000269545099237157
0.148352986419518,-0.00225,0.000268316009156186
0.150534647984511,-0.00225,0.000267363113925957
0.152716309549504,-0.00225,0.000266734971171
0.154897971114497,-0.00225,0.000266302836483497
0.15707963267949,-0.00225,0.00026586012517271
0.159261294244483,-0.00225,0.000265407857617383
0.161442955809475,-0.00225,0.00026494794252332
0.163624617374468,-0.00225,0.000264476014181971
0.165806278939461,-0.00225,0.000263988045686064
0.167987940504454,-0.00225,0.000263481541585119
0.170169602069447,-0.00225,0.00026295372812733
0.17235126363444,-0.00225,0.000262396521634195
0.174532925199433,-0.00225,0.000261825496316833
0.176714586764426,-0.00225,0.000261283446301309
0.178896248329419,-0.00225,0.0002607586132697
0.181077909894412,-0.00225,0.000260247282055295
0.183259571459405,-0.00225,0.000259743483898267
0.185441233024398,-0.00225,0.000259247767614601
0.18762289458939,-0.00225,0.000258765243310605
0.189804556154383,-0.00225,0.000258296055978196
0.191986217719376,-0.00225,0.000257846654735144
0.10471975511966,-0.002,0.000255809994399778
0.106901416684653,-0.002,0.00025533040879595
0.109083078249646,-0.002,0.000254866273110951
0.111264739814638,-0.002,0.000254192895827596
0.113446401379631,-0.002,0.000253448333713697
0.115628062944624,-0.002,0.000252682588273555
0.117809724509617,-0.002,0.000251899713502951
0.11999138607461,-0.002,0.000251098430500658
0.122173047639603,-0.002,0.000250279053754095
0.124354709204596,-0.002,0.000249456377667446
0.126536370769589,-0.002,0.000248628341938078
0.128718032334582,-0.002,0.000247785043778199
0.130899693899575,-0.002,0.000246924462838586
0.133081355464568,-0.002,0.000246058020691554
0.135263017029561,-0.002,0.000245162535661907
0.137444678594553,-0.002,0.000244218195353725
0.139626340159546,-0.002,0.000243218135504077
0.141808001724539,-0.002,0.00024215322822814
0.143989663289532,-0.002,0.000241024847288425
0.146171324854525,-0.002,0.000239839415966014
0.148352986419518,-0.002,0.000238670654218264
0.150534647984511,-0.002,0.000237781265194557
0.152716309549504,-0.002,0.000237200758405369
0.154897971114497,-0.002,0.000236817694612284
0.15707963267949,-0.002,0.000236423966749164
0.159261294244483,-0.002,0.00023602236501428
0.161442955809475,-0.002,0.000235614111302696
0.163624617374468,-0.002,0.000235194810188942
0.165806278939461,-0.002,0.000234761259253621
0.167987940504454,-0.002,0.000234310738284537
0.170169602069447,-0.002,0.000233841209817631
0.17235126363444,-0.002,0.000233345672034442
0.174532925199433,-0.002,0.00023283391442472
0.176714586764426,-0.002,0.000232349871475475
0.178896248329419,-0.002,0.000231880375770627
0.181077909894412,-0.002,0.000231423025820527
0.183259571459405,-0.002,0.000230972756269784
0.185441233024398,-0.002,0.000230529594242718
0.18762289458939,-0.002,0.000230098587531209
0.189804556154383,-0.002,0.000229681040153671
0.191986217719376,-0.002,0.000229277741960906
0.10471975511966,-0.00175,0.000224021228671716
0.106901416684653,-0.00175,0.000223599167059288
0.109083078249646,-0.00175,0.00022320416847154
0.111264739814638,-0.00175,0.000222621258269771
0.113446401379631,-0.00175,0.000221969526090857
0.115628062944624,-0.00175,0.000221299033215384
0.117809724509617,-0.00175,0.000220612507285764
0.11999138607461,-0.00175,0.000219908474808358
0.122173047639603,-0.00175,0.000219187218857704
0.124354709204596,-0.00175,0.000218467027150972
0.126536370769589,-0.00175,0.000217742234990025
0.128718032334582,-0.00175,0.000217007050823539
0.130899693899575,-0.00175,0.000216253582647857
0.133081355464568,-0.00175,0.000215495194188781
0.135263017029561,-0.00175,0.000214711603988753
0.137444678594553,-0.00175,0.000213889725110127
0.139626340159546,-0.00175,0.00021301598639552
0.141808001724539,-0.00175,0.000212089108810205
0.143989663289532,-0.00175,0.00021110542758976
0.146171324854525,-0.00175,0.000210072690630805
0.148352986419518,-0.00175,0.000209001718937282
0.150534647984511,-0.00175,0.000208172197128525
0.152716309549504,-0.00175,0.000207642162977572
0.154897971114497,-0.00175,0.000207306163896904
0.15707963267949,-0.00175,0.000206962189824568
0.159261294244483,-0.00175,0.000206611270165545
0.161442955809475,-0.00175,0.000206254635181723
0.163624617374468,-0.00175,0.000205888761372243
0.165806278939461,-0.00175,0.000205509083814086
0.167987940504454,-0.00175,0.000205114591711339
0.170169602069447,-0.00175,0.000204703041238034
0.17235126363444,-0.00175,0.000204270133153258
0.174532925199433,-0.00175,0.000203817992027013
0.176714586764426,-0.00175,0.000203392740458398
0.178896248329419,-0.00175,0.000202979171116702
0.181077909894412,-0.00175,0.000202576410238193
0.183259571459405,-0.00175,0.000202180737707487
0.185441233024398,-0.00175,0.000201790970448278
0.18762289458939,-0.00175,0.000201411477783194
0.189804556154383,-0.00175,0.000201043725519531
0.191986217719376,-0.00175,0.000200689030249567
0.10471975511966,-0.0015,0.000192181636273036
0.106901416684653,-0.0015,0.000191818704694739
0.109083078249646,-0.0015,0.000191487395520989
0.111264739814638,-0.0015,0.000190996995401602
0.113446401379631,-0.0015,0.000190437152945675
0.115628062944624,-0.0015,0.000189861660279459
0.117809724509617,-0.0015,0.000189271969991872
0.11999138607461,-0.0015,0.000188664929801854
0.122173047639603,-0.0015,0.000188043678313428
0.124354709204596,-0.0015,0.000187425067324052
0.126536370769589,-0.0015,0.000186803424785206
0.128718032334582,-0.0015,0.0001861728870547
0.130899693899575,-0.0015,0.000185529299289326
0.133081355464568,-0.0015,0.000184877419491036
0.135263017029561,-0.0015,0.000184205420298247
0.137444678594553,-0.0015,0.000183506081134672
0.139626340159546,-0.0015,0.000182757534752951
0.141808001724539,-0.0015,0.000181967119032003
0.143989663289532,-0.0015,0.000181127832890536
0.146171324854525,-0.0015,0.000180242503636323
0.148352986419518,-0.0015,0.000179308588525894
0.150534647984511,-0.0015,0.000178534928196708
0.152716309549504,-0.0015,0.000178058862044751
0.154897971114497,-0.0015,0.000177769853088856
0.15707963267949,-0.0015,0.000177474529218862
0.159261294244483,-0.0015,0.000177173725518093
0.161442955809475,-0.0015,0.000176869186007514
0.163624617374468,-0.0015,0.000176556106212753
0.165806278939461,-0.0015,0.000176232068939139
0.167987940504454,-0.0015,0.000175893467378747
0.170169602069447,-0.0015,0.000175540124496426
0.17235126363444,-0.0015,0.000175167915839628
0.174532925199433,-0.0015,0.000174777729140953
0.176714586764426,-0.0015,0.000174411140074434
0.178896248329419,-0.0015,0.000174054435334719
0.181077909894412,-0.0015,0.000173707268603979
0.183259571459405,-0.0015,0.000173366603922542
0.185441233024398,-0.0015,0.000173030714478186
0.18762289458939,-0.0015,0.000172703293517045
0.189804556154383,-0.0015,0.000172385906649532
0.191986217719376,-0.0015,0.000172081413956169
0.10471975511966,-0.00125,0.000160286877548185
0.106901416684653,-0.00125,0.000159984540421219
0.109083078249646,-0.00125,0.000159714703216611
0.111264739814638,-0.00125,0.000159316955016175
0.113446401379631,-0.00125,0.000158851260564766
0.115628062944624,-0.00125,0.000158371212731851
0.117809724509617,-0.00125,0.000157875856764998
0.11999138607461,-0.00125,0.000157367066185656
0.122173047639603,-0.00125,0.000156846400510862
0.124354709204596,-0.00125,0.000156328940895961
0.126536370769589,-0.00125,0.000155810075703192
0.128718032334582,-0.00125,0.00015528439048858
0.130899693899575,-0.00125,0.000154749247884189
0.133081355464568,-0.00125,0.000154204588363522
0.135263017029561,-0.00125,0.000153645232832769
0.137444678594553,-0.00125,0.000153067023919998
0.139626340159546,-0.00125,0.000152442411415809
0.141808001724539,-0.00125,0.000151787607631574
0.143989663289532,-0.00125,0.000151086815535518
0.146171324854525,-0.00125,0.000150352957523884
0.148352986419518,-0.00125,0.000149578207639912
0.150534647984511,-0.00125,0.000148868761038664
0.152716309549504,-0.00125,0.00014844917437622
0.154897971114497,-0.00125,0.000148207939908418
0.15707963267949,-0.00125,0.00014796185068596
0.159261294244483,-0.00125,0.000147711304844257
0.161442955809475,-0.00125,0.000147457058539829
0.163624617374468,-0.00125,0.000147196250923892
0.165806278939461,-0.00125,0.000146926435048505
0.167987940504454,-0.00125,0.000146645331106973
0.170169602069447,-0.00125,0.000146350398102356
0.17235126363444,-0.00125,0.000146039409226311
0.174532925199433,-0.00125,0.000145713132935142
0.176714586764426,-0.00125,0.000145404631163727
0.178896248329419,-0.00125,0.000145105823867844
0.181077909894412,-0.00125,0.000144815617227426
0.183259571459405,-0.00125,0.000144529896710906
0.185441233024398,-0.00125,0.000144248716411952
0.18762289458939,-0.00125,0.000143974581538781
0.189804556154383,-0.00125,0.000143707985230543
0.191986217719376,-0.00125,0.000143452482882219
0.10471975511966,-0.001,0.00012831967702819
0.106901416684653,-0.001,0.000128090454618143
0.109083078249646,-0.001,0.00012788271203099
0.111264739814638,-0.001,0.000127580118416611
0.113446401379631,-0.001,0.0001272083943905
0.115628062944624,-0.001,0.000126822886230537
0.117809724509617,-0.001,0.000126425654991374
0.11999138607461,-0.001,0.000126016157667397
0.122173047639603,-0.001,0.000125594825354464
0.124354709204596,-0.001,0.00012517879859578
0.126536370769589,-0.001,0.000124762524193524
0.128718032334582,-0.001,0.000124340663241404
0.130899693899575,-0.001,0.000123912651789401
0.133081355464568,-0.001,0.000123478250119828
0.135263017029561,-0.001,0.000123029689257225
0.137444678594553,-0.001,0.000122568354868702
0.139626340159546,-0.001,0.000122070386568454
0.141808001724539,-0.001,0.00012155033667558
0.143989663289532,-0.001,0.000120988858987826
0.146171324854525,-0.001,0.000120404386018429
0.148352986419518,-0.001,0.00011978639123014
0.150534647984511,-0.001,0.000119173308014157
0.152716309549504,-0.001,0.000118813757125188
0.154897971114497,-0.001,0.00011861986411106
0.15707963267949,-0.001,0.000118423182214916
0.159261294244483,-0.001,0.000118222959397649
0.161442955809475,-0.001,0.000118019452084782
0.163624617374468,-0.001,0.000117810514320586
0.165806278939461,-0.001,0.00011759478473892
0.167987940504454,-0.001,0.00011737036320949
0.170169602069447,-0.001,0.000117134315662086
0.17235126363444,-0.001,0.000116884635443763
0.174532925199433,-0.001,0.000116624037735234
0.176714586764426,-0.001,0.000116373660393401
0.178896248329419,-0.001,0.000116133166923216
0.181077909894412,-0.001,0.000115900522546788
0.183259571459405,-0.001,0.000115671208464617
0.185441233024398,-0.001,0.000115444424971604
0.18762289458939,-0.001,0.000115224132059579
0.189804556154383,-0.001,0.000115009135746058
0.191986217719376,-0.001,0.00011480292134375
0.10471975511966,-0.00075,9.62994145125079e-05
0.106901416684653,-0.00075,9.61250844494698e-05
0.109083078249646,-0.00075,9.59812090993157e-05
0.111264739814638,-0.00075,9.57778606284756e-05
0.113446401379631,-0.00075,9.55045062762368e-05
0.115628062944624,-0.00075,9.52171384334785e-05
0.117809724509617,-0.00075,9.49179651673258e-05
0.11999138607461,-0.00075,9.46076619621409e-05
0.122173047639603,-0.00075,9.42877957828977e-05
0.124354709204596,-0.00075,9.39725008830771e-05
0.126536370769589,-0.00075,9.36583600071716e-05
0.128718032334582,-0.00075,9.33415281276087e-05
0.130899693899575,-0.00075,9.30206135890425e-05
0.133081355464568,-0.00075,9.26956907423481e-05
0.135263017029561,-0.00075,9.23576598065752e-05
0.137444678594553,-0.00075,9.20128363838223e-05
0.139626340159546,-0.00075,9.16422583470636e-05
0.141808001724539,-0.00075,9.12514683847577e-05
0.143989663289532,-0.00075,9.0830695016076e-05
0.146171324854525,-0.00075,9.0395696192758e-05
0.148352986419518,-0.00075,8.99346898710889e-05
0.150534647984511,-0.00075,8.94490352635656e-05
0.152716309549504,-0.00075,8.91515220437606e-05
0.154897971114497,-0.00075,8.90063883988001e-05
0.15707963267949,-0.00075,8.88582988158824e-05
0.159261294244483,-0.00075,8.87074193169236e-05
0.161442955809475,-0.00075,8.85551138050736e-05
0.163624617374468,-0.00075,8.83989608994147e-05
0.165806278939461,-0.00075,8.82371913415309e-05
0.167987940504454,-0.00075,8.80686811802261e-05
0.170169602069447,-0.00075,8.78924455887812e-05
0.17235126363444,-0.00075,8.77034876301634e-05
0.174532925199433,-0.00075,8.75084638390427e-05
0.176714586764426,-0.00075,8.73180246035348e-05
0.178896248329419,-0.00075,8.71367470116884e-05
0.181077909894412,-0.00075,8.69615950353092e-05
0.183259571459405,-0.00075,8.67894377982129e-05
0.185441233024398,-0.00075,8.66180918336155e-05
0.18762289458939,-0.00075,8.6452055240941e-05
0.189804556154383,-0.00075,8.62896609909493e-05
0.191986217719376,-0.00075,8.61330762626632e-05
0.10471975511966,-0.0005,6.42402306865147e-05
0.106901416684653,-0.0005,6.41221403110152e-05
0.109083078249646,-0.0005,6.40252105916033e-05
0.111264739814638,-0.0005,6.3897480265055e-05
0.113446401379631,-0.0005,6.37280311207946e-05
0.115628062944624,-0.0005,6.35479093439089e-05
0.117809724509617,-0.0005,6.33506257068715e-05
0.11999138607461,-0.0005,6.31414014467977e-05
0.122173047639603,-0.0005,6.29214299554151e-05
0.124354709204596,-0.0005,6.27080399379734e-05
0.126536370769589,-0.0005,6.24975679812058e-05
0.128718032334582,-0.0005,6.22858539759919e-05
0.130899693899575,-0.0005,6.20717360206389e-05
0.133081355464568,-0.0005,6.18555727412333e-05
0.135263017029561,-0.0005,6.16307817427227e-05
0.137444678594553,-0.0005,6.140135237458e-05
0.139626340159546,-0.0005,6.11562810704461e-05
0.141808001724539,-0.0005,6.08942632785679e-05
0.143989663289532,-0.0005,6.06143337309002e-05
0.146171324854525,-0.0005,6.03268444750067e-05
0.148352986419518,-0.0005,6.00193672348863e-05
0.150534647984511,-0.0005,5.96953124532259e-05
0.152716309549504,-0.0005,5.9463306552948e-05
0.154897971114497,-0.0005,5.9364106187257e-05
0.15707963267949,-0.0005,5.92662900506715e-05
0.159261294244483,-0.0005,5.91660203615191e-05
0.161442955809475,-0.0005,5.90642204239171e-05
0.163624617374468,-0.0005,5.89599066000909e-05
0.165806278939461,-0.0005,5.88518261924534e-05
0.167987940504454,-0.0005,5.87398602094258e-05
0.170169602069447,-0.0005,5.86229908480906e-05
0.17235126363444,-0.0005,5.8496414819087e-05
0.174532925199433,-0.0005,5.83651044400689e-05
0.176714586764426,-0.0005,5.8237923641207e-05
0.178896248329419,-0.0005,5.81158412810822e-05
0.181077909894412,-0.0005,5.79991823677246e-05
0.183259571459405,-0.0005,5.78837806495865e-05
0.185441233024398,-0.0005,5.77684179393651e-05
0.18762289458939,-0.0005,5.76568656835367e-05
0.189804556154383,-0.0005,5.75488173945819e-05
0.191986217719376,-0.0005,5.7443197756921e-05
0.10471975511966,-0.00025,3.21408892325886e-05
0.106901416684653,-0.00025,3.20803073493086e-05
0.109083078249646,-0.00025,3.20312827303136e-05
0.111264739814638,-0.00025,3.19697348892204e-05
0.113446401379631,-0.00025,3.18852136893858e-05
0.115628062944624,-0.00025,3.17994301299476e-05
0.117809724509617,-0.00025,3.17121600006175e-05
0.11999138607461,-0.00025,3.16100750200215e-05
0.122173047639603,-0.00025,3.14949343567148e-05
0.124354709204596,-0.00025,3.13854774589483e-05
0.126536370769589,-0.00025,3.1279586154339e-05
0.128718032334582,-0.00025,3.11729457842828e-05
0.130899693899575,-0.00025,3.10663205146788e-05
0.133081355464568,-0.00025,3.09575158452223e-05
0.135263017029561,-0.00025,3.08452481728389e-05
0.137444678594553,-0.00025,3.07298901166984e-05
0.139626340159546,-0.00025,3.06085650929591e-05
0.141808001724539,-0.00025,3.04762167279574e-05
0.143989663289532,-0.00025,3.03373036002284e-05
0.146171324854525,-0.00025,3.01958203274407e-05
0.148352986419518,-0.00025,3.00411511819851e-05
0.150534647984511,-0.00025,2.98785214748456e-05
0.152716309549504,-0.00025,2.97469784094218e-05
0.154897971114497,-0.00025,2.96958532270105e-05
0.15707963267949,-0.00025,2.96460617888973e-05
0.159261294244483,-0.00025,2.95969582357995e-05
0.161442955809475,-0.00025,2.95473559635542e-05
0.163624617374468,-0.00025,2.94940676188781e-05
0.165806278939461,-0.00025,2.94392338095568e-05
0.167987940504454,-0.00025,2.93832374189586e-05
0.170169602069447,-0.00025,2.9325290047834e-05
0.17235126363444,-0.00025,2.9262908713309e-05
0.174532925199433,-0.00025,2.91960176347387e-05
0.176714586764426,-0.00025,2.91314341873189e-05
0.178896248329419,-0.00025,2.90714868840429e-05
0.181077909894412,-0.00025,2.90113832248917e-05
0.183259571459405,-0.00025,2.89536775554822e-05
0.185441233024398,-0.00025,2.88956912056926e-05
0.18762289458939,-0.00025,2.88396217294103e-05
0.189804556154383,-0.00025,2.87853489083778e-05
0.191986217719376,-0.00025,2.87324650533015e-05
0.10471975511966,0,0
0.106901416684653,0,0
0.109083078249646,0,0
0.111264739814638,0,0
0.113446401379631,0,0
0.115628062944624,0,0
0.117809724509617,0,0
0.11999138607461,0,0
0.122173047639603,0,0
0.124354709204596,0,0
0.126536370769589,0,0
0.128718032334582,0,0
0.130899693899575,0,0
0.133081355464568,0,0
0.135263017029561,0,0
0.137444678594553,0,0
0.139626340159546,0,0
0.141808001724539,0,0
0.143989663289532,0,0
0.146171324854525,0,0
0.148352986419518,0,0
0.150534647984511,0,0
0.152716309549504,0,0
0.154897971114497,0,0
0.15707963267949,0,0
0.159261294244483,0,0
0.161442955809475,0,0
0.163624617374468,0,0
0.165806278939461,0,0
0.167987940504454,0,0
0.170169602069447,0,0
0.17235126363444,0,0
0.174532925199433,0,0
0.176714586764426,0,0
0.178896248329419,0,0
0.181077909894412,0,0
0.183259571459405,0,0
0.185441233024398,0,0
0.18762289458939,0,0
0.189804556154383,0,0
0.191986217719376,0,0
0.10471975511966,0.00025,-3.21816608191711e-05
0.106901416684653,0.00025,-3.21176740801414e-05
0.109083078249646,0.00025,-3.20679964277578e-05
0.111264739814638,0.00025,-3.20127435744512e-05
0.113446401379631,0.00025,-3.19293948701648e-05
0.115628062944624,0.00025,-3.18441255974639e-05
0.117809724509617,0.00025,-3.17568167942702e-05
0.11999138607461,0.00025,-3.16664846926663e-05
0.122173047639603,0.00025,-3.15727880981389e-05
0.124354709204596,0.00025,-3.14628330237631e-05
0.126536370769589,0.00025,-3.13470534279991e-05
0.128718032334582,0.00025,-3.12379130020645e-05
0.130899693899575,0.00025,-3.11272786541741e-05
0.133081355464568,0.00025,-3.10177179323771e-05
0.135263017029561,0.00025,-3.09071502920403e-05
0.137444678594553,0.00025,-3.07885649299053e-05
0.139626340159546,0.00025,-3.06680615996119e-05
0.141808001724539,0.00025,-3.05374046575867e-05
0.143989663289532,0.00025,-3.04031431087618e-05
0.146171324854525,0.00025,-3.02570238355903e-05
0.148352986419518,0.00025,-3.01037824359633e-05
0.150534647984511,0.00025,-2.99432997356384e-05
0.152716309549504,0.00025,-2.97766409081716e-05
0.154897971114497,0.00025,-2.9722160165193e-05
0.15707963267949,0.00025,-2.96741114064825e-05
0.159261294244483,0.00025,-2.96241488058858e-05
0.161442955809475,0.00025,-2.95744521630528e-05
0.163624617374468,0.00025,-2.95231345405341e-05
0.165806278939461,0.00025,-2.94681795352213e-05
0.167987940504454,0.00025,-2.94102261337165e-05
0.170169602069447,0.00025,-2.935105051127e-05
0.17235126363444,0.00025,-2.92907737211925e-05
0.174532925199433,0.00025,-2.92233064584126e-05
0.176714586764426,0.00025,-2.9157383060651e-05
0.178896248329419,0.00025,-2.90967791116972e-05
0.181077909894412,0.00025,-2.90357984210213e-05
0.183259571459405,0.00025,-2.89771653357758e-05
0.185441233024398,0.00025,-2.89191910724153e-05
0.18762289458939,0.00025,-2.8862207276905e-05
0.189804556154383,0.00025,-2.88076089257506e-05
0.191986217719376,0.00025,-2.87550593019957e-05
0.10471975511966,0.0005,-6.44042590888625e-05
0.106901416684653,0.0005,-6.42740308232103e-05
0.109083078249646,0.0005,-6.41753161125763e-05
0.111264739814638,0.0005,-6.40697966412308e-05
0.113446401379631,0.0005,-6.39026788624673e-05
0.115628062944624,0.0005,-6.37317727072398e-05
0.117809724509617,0.0005,-6.3556607125708e-05
0.11999138607461,0.0005,-6.33778498262167e-05
0.122173047639603,0.0005,-6.31942781460625e-05
0.124354709204596,0.0005,-6.29921100366942e-05
0.126536370769589,0.0005,-6.2776349885624e-05
0.128718032334582,0.0005,-6.25487983695974e-05
0.130899693899575,0.0005,-6.23215245842308e-05
0.133081355464568,0.0005,-6.20978789760019e-05
0.135263017029561,0.0005,-6.18755054335096e-05
0.137444678594553,0.0005,-6.16382775929054e-05
0.139626340159546,0.0005,-6.1397450928655e-05
0.141808001724539,0.0005,-6.11355448817061e-05
0.143989663289532,0.0005,-6.08673274980357e-05
0.146171324854525,0.0005,-6.05763363232537e-05
0.148352986419518,0.0005,-6.02698953255836e-05
0.150534647984511,0.0005,-5.99489918726159e-05
0.152716309549504,0.0005,-5.96129740462166e-05
0.154897971114497,0.0005,-5.94725897681749e-05
0.15707963267949,0.0005,-5.93762940881027e-05
0.159261294244483,0.0005,-5.92775901454307e-05
0.161442955809475,0.0005,-5.91766554534946e-05
0.163624617374468,0.0005,-5.90725864767772e-05
0.165806278939461,0.0005,-5.89644997076814e-05
0.167987940504454,0.0005,-5.88500710898259e-05
0.170169602069447,0.0005,-5.87303208894312e-05
0.17235126363444,0.0005,-5.86076825270674e-05
0.174532925199433,0.0005,-5.84747882874477e-05
0.176714586764426,0.0005,-5.83411117846735e-05
0.178896248329419,0.0005,-5.82188813409573e-05
0.181077909894412,0.0005,-5.80963543107497e-05
0.183259571459405,0.0005,-5.79778323237913e-05
0.185441233024398,0.0005,-5.78619393011119e-05
0.18762289458939,0.0005,-5.77473570771009e-05
0.189804556154383,0.0005,-5.76371896672673e-05
0.191986217719376,0.0005,-5.75310391343724e-05
0.10471975511966,0.00075,-9.66677995540687e-05
0.106901416684653,0.00075,-9.64733046245995e-05
0.109083078249646,0.00075,-9.63211886599322e-05
0.111264739814638,0.00075,-9.61691577411744e-05
0.113446401379631,0.00075,-9.59186866526336e-05
0.115628062944624,0.00075,-9.56624356144419e-05
0.117809724509617,0.00075,-9.54014131001515e-05
0.11999138607461,0.00075,-9.51342364394988e-05
0.122173047639603,0.00075,-9.48623691019389e-05
0.124354709204596,0.00075,-9.45688294197149e-05
0.126536370769589,0.00075,-9.42588125217125e-05
0.128718032334582,0.00075,-9.3934486012867e-05
0.130899693899575,0.00075,-9.35972102987211e-05
0.133081355464568,0.00075,-9.32490281724862e-05
0.135263017029561,0.00075,-9.29105729772393e-05
0.137444678594553,0.00075,-9.25548098356342e-05
0.139626340159546,0.00075,-9.21901699101335e-05
0.141808001724539,0.00075,-9.17997192530773e-05
0.143989663289532,0.00075,-9.13936285990525e-05
0.146171324854525,0.00075,-9.09571933982419e-05
0.148352986419518,0.00075,-9.05000548446291e-05
0.150534647984511,0.00075,-9.00242561089329e-05
0.152716309549504,0.00075,-8.95220458188677e-05
0.154897971114497,0.00075,-8.92534953624968e-05
0.15707963267949,0.00075,-8.91065069070678e-05
0.159261294244483,0.00075,-8.89580722595379e-05
0.161442955809475,0.00075,-8.88068904133718e-05
0.163624617374468,0.00075,-8.86509017887106e-05
0.165806278939461,0.00075,-8.84886266560242e-05
0.167987940504454,0.00075,-8.83183750590918e-05
0.170169602069447,0.00075,-8.81382887117027e-05
0.17235126363444,0.00075,-8.79526104125405e-05
0.174532925199433,0.00075,-8.77540351750059e-05
0.176714586764426,0.00075,-8.75519120288699e-05
0.178896248329419,0.00075,-8.73664903592976e-05
0.181077909894412,0.00075,-8.71816617122982e-05
0.183259571459405,0.00075,-8.70026980072528e-05
0.185441233024398,0.00075,-8.68284313930937e-05
0.18762289458939,0.00075,-8.66550644729978e-05
0.189804556154383,0.00075,-8.6489059098584e-05
0.191986217719376,0.00075,-8.6328401577929e-05
0.10471975511966,0.001,-0.000128974206176374
0.106901416684653,0.001,-0.000128713253207673
0.109083078249646,0.001,-0.000128504358377561
0.111264739814638,0.001,-0.000128307180617653
0.113446401379631,0.001,-0.000127979048558771
0.115628062944624,0.001,-0.00012763897884702
0.117809724509617,0.001,-0.000127290940158241
0.11999138607461,0.001,-0.000126937972316298
0.122173047639603,0.001,-0.000126575522040296
0.124354709204596,0.001,-0.000126189927238421
0.126536370769589,0.001,-0.000125786963030899
0.128718032334582,0.001,-0.000125367420818778
0.130899693899575,0.001,-0.000124931799157485
0.133081355464568,0.001,-0.000124483555785311
0.135263017029561,0.001,-0.000124025638844488
0.137444678594553,0.001,-0.00012354205355574
0.139626340159546,0.001,-0.000123049261478784
0.141808001724539,0.001,-0.00012253001186103
0.143989663289532,0.001,-0.000121984890155042
0.146171324854525,0.001,-0.000121403284029717
0.148352986419518,0.001,-0.000120798467319242
0.150534647984511,0.001,-0.00012016377899353
0.152716309549504,0.001,-0.000119496566824242
0.154897971114497,0.001,-0.000119063095841927
0.15707963267949,0.001,-0.000118867535503268
0.159261294244483,0.001,-0.000118667548680813
0.161442955809475,0.001,-0.000118464945416332
0.163624617374468,0.001,-0.000118258048158352
0.165806278939461,0.001,-0.000118042374361432
0.167987940504454,0.001,-0.000117815172868439
0.170169602069447,0.001,-0.000117575793541966
0.17235126363444,0.001,-0.000117326341459723
0.174532925199433,0.001,-0.000117060904643246
0.176714586764426,0.001,-0.000116790153607548
0.178896248329419,0.001,-0.000116539397623674
0.181077909894412,0.001,-0.000116293710738157
0.183259571459405,0.001,-0.000116053765431652
0.185441233024398,0.001,-0.000115820063371684
0.18762289458939,0.001,-0.000115588580798862
0.189804556154383,0.001,-0.000115363616444349
0.191986217719376,0.001,-0.000115147754627549
0.10471975511966,0.00125,-0.000161322311226568
0.106901416684653,0.00125,-0.00016099383496005
0.109083078249646,0.00125,-0.000160728368160671
0.111264739814638,0.00125,-0.000160485321328498
0.113446401379631,0.00125,-0.000160083967513075
0.115628062944624,0.00125,-0.00015965861272263
0.117809724509617,0.00125,-0.000159224732598611
0.11999138607461,0.00125,-0.000158785139618974
0.122173047639603,0.00125,-0.000158333699950572
0.124354709204596,0.00125,-0.000157857711164403
0.126536370769589,0.00125,-0.000157361938393676
0.128718032334582,0.00125,-0.000156849513762566
0.130899693899575,0.00125,-0.000156316502161585
0.133081355464568,0.00125,-0.000155766525704916
0.135263017029561,0.00125,-0.000155208576091886
0.137444678594553,0.00125,-0.000154614422380186
0.139626340159546,0.00125,-0.000153983274821833
0.141808001724539,0.00125,-0.000153329512068893
0.143989663289532,0.00125,-0.000152643840916792
0.146171324854525,0.00125,-0.000151920350375661
0.148352986419518,0.00125,-0.000151163015648037
0.150534647984511,0.00125,-0.000150369191188579
0.152716309549504,0.00125,-0.000149535274371745
0.154897971114497,0.00125,-0.000148919617638587
0.15707963267949,0.00125,-0.000148657029513673
0.159261294244483,0.00125,-0.000148407974821211
0.161442955809475,0.00125,-0.000148154624154811
0.163624617374468,0.00125,-0.000147894271602046
0.165806278939461,0.00125,-0.000147624365519363
0.167987940504454,0.00125,-0.000147341345971947
0.170169602069447,0.00125,-0.000147042353458636
0.17235126363444,0.00125,-0.000146729184066553
0.174532925199433,0.00125,-0.000146397452139034
0.176714586764426,0.00125,-0.000146055497020126
0.178896248329419,0.00125,-0.000145740963016543
0.181077909894412,0.00125,-0.000145431689469237
0.183259571459405,0.00125,-0.000145130674336198
0.185441233024398,0.00125,-0.00014483597539364
0.18762289458939,0.00125,-0.000144545704281046
0.189804556154383,0.00125,-0.000144261949676814
0.191986217719376,0.00125,-0.000143989064267696
0.10471975511966,0.0015,-0.00019371238288332
0.106901416684653,0.0015,-0.000193318042046302
0.109083078249646,0.0015,-0.000192991751221176
0.111264739814638,0.0015,-0.000192701509390078
0.113446401379631,0.0015,-0.000192232186431536
0.115628062944624,0.0015,-0.000191723062290925
0.117809724509617,0.0015,-0.00019120556870877
0.11999138607461,0.0015,-0.000190679302356913
0.122173047639603,0.0015,-0.000190138209996527
0.124354709204596,0.0015,-0.000189571159222514
0.126536370769589,0.0015,-0.00018898416476775
0.128718032334582,0.0015,-0.000188376889200079
0.130899693899575,0.0015,-0.000187748218034133
0.133081355464568,0.0015,-0.000187097437313774
0.135263017029561,0.0015,-0.000186438322685268
0.137444678594553,0.0015,-0.000185742060938085
0.139626340159546,0.0015,-0.000185002062100539
0.141808001724539,0.0015,-0.000184210726160111
0.143989663289532,0.0015,-0.000183374422370771
0.146171324854525,0.0015,-0.000182505749179408
0.148352986419518,0.0015,-0.000181594755886676
0.150534647984511,0.0015,-0.000180641673757492
0.152716309549504,0.0015,-0.000179641913845994
0.154897971114497,0.0015,-0.000178844310999643
0.15707963267949,0.0015,-0.000178478094984454
0.159261294244483,0.0015,-0.000178178059549678
0.161442955809475,0.0015,-0.00017787414873996
0.163624617374468,0.0015,-0.000177561988238607
0.165806278939461,0.0015,-0.000177237148450254
0.167987940504454,0.0015,-0.000176896372421123
0.170169602069447,0.0015,-0.000176538695177691
0.17235126363444,0.0015,-0.00017616169472007
0.174532925199433,0.0015,-0.000175762556567503
0.176714586764426,0.0015,-0.000175349690008408
0.178896248329419,0.0015,-0.00017496959155433
0.181077909894412,0.0015,-0.000174595761728616
0.183259571459405,0.0015,-0.000174232925510113
0.185441233024398,0.0015,-0.000173876054373781
0.18762289458939,0.0015,-0.000173526266736185
0.189804556154383,0.0015,-0.000173184049727498
0.191986217719376,0.0015,-0.000172854545122383
0.10471975511966,0.00175,-0.000226146196276011
0.106901416684653,0.00175,-0.000225683337856635
0.109083078249646,0.00175,-0.000225294572708491
0.111264739814638,0.00175,-0.000224955864405366
0.113446401379631,0.00175,-0.000224425390084557
0.115628062944624,0.00175,-0.000223832876336211
0.117809724509617,0.00175,-0.000223231620029846
0.11999138607461,0.00175,-0.000222617288816453
0.122173047639603,0.00175,-0.0002219881685153
0.124354709204596,0.00175,-0.000221330752899094
0.126536370769589,0.00175,-0.000220650382682602
0.128718032334582,0.00175,-0.000219949867661481
0.130899693899575,0.00175,-0.000219224893017329
0.133081355464568,0.00175,-0.000218477265079457
0.135263017029561,0.00175,-0.000217715298852574
0.137444678594553,0.00175,-0.000216917484605185
0.139626340159546,0.00175,-0.000216070458156766
0.141808001724539,0.00175,-0.000215161524212395
0.143989663289532,0.00175,-0.000214195899130473
0.146171324854525,0.00175,-0.000213165755660982
0.148352986419518,0.00175,-0.000212097579585535
0.150534647984511,0.00175,-0.000210984373614426
0.152716309549504,0.00175,-0.000209820941626581
0.154897971114497,0.00175,-0.000208846975682446
0.15707963267949,0.00175,-0.000208329503274356
0.159261294244483,0.00175,-0.000207979478857478
0.161442955809475,0.00175,-0.000207624024604687
0.163624617374468,0.00175,-0.000207259548834595
0.165806278939461,0.00175,-0.000206881253636014
0.167987940504454,0.00175,-0.000206483103359366
0.170169602069447,0.00175,-0.000206063799576541
0.17235126363444,0.00175,-0.000205624696253246
0.174532925199433,0.00175,-0.0002051564445644
0.176714586764426,0.00175,-0.000204674874885429
0.178896248329419,0.00175,-0.000204225319808318
0.181077909894412,0.00175,-0.000203786965733308
0.183259571459405,0.00175,-0.000203359912376947
0.185441233024398,0.00175,-0.00020294111091973
0.18762289458939,0.00175,-0.000202530637155175
0.189804556154383,0.00175,-0.000202130059096183
0.191986217719376,0.00175,-0.000201742593979792
0.10471975511966,0.002,-0.000258618480359907
0.106901416684653,0.002,-0.000258092170869023
0.109083078249646,0.002,-0.000257640424196339
0.111264739814638,0.002,-0.000257251128711528
0.113446401379631,0.002,-0.000256663340733511
0.115628062944624,0.002,-0.000255987460082243
0.117809724509617,0.002,-0.000255301853206455
0.11999138607461,0.002,-0.000254601058584498
0.122173047639603,0.002,-0.000253882326743686
0.124354709204596,0.002,-0.000253135006531375
0.126536370769589,0.002,-0.000252364128395959
0.128718032334582,0.002,-0.000251570551802775
0.130899693899575,0.002,-0.000250751422803209
0.133081355464568,0.002,-0.000249905504580038
0.135263017029561,0.002,-0.000249042409413256
0.137444678594553,0.002,-0.000248141588896409
0.139626340159546,0.002,-0.000247189064445295
0.141808001724539,0.002,-0.000246164039303665
0.143989663289532,0.002,-0.000245078754109559
0.146171324854525,0.002,-0.000243915074301221
0.148352986419518,0.002,-0.000242682514142191
0.150534647984511,0.002,-0.000241404734414178
0.152716309549504,0.002,-0.000240074101796836
0.154897971114497,0.002,-0.000238926115159207
0.15707963267949,0.002,-0.00023822439379371
0.159261294244483,0.002,-0.000237811591209999
0.161442955809475,0.002,-0.000237405646631367
0.163624617374468,0.002,-0.000236989231983182
0.165806278939461,0.002,-0.000236555539346958
0.167987940504454,0.002,-0.000236101042233624
0.170169602069447,0.002,-0.000235620626971714
0.17235126363444,0.002,-0.000235116780011709
0.174532925199433,0.002,-0.000234581432852144
0.176714586764426,0.002,-0.000234028872179397
0.178896248329419,0.002,-0.000233508558729355
0.181077909894412,0.002,-0.000233004597556777
0.183259571459405,0.002,-0.00023251347851836
0.185441233024398,0.002,-0.000232033070104287
0.18762289458939,0.002,-0.000231559777041025
0.189804556154383,0.002,-0.00023109913827731
0.191986217719376,0.002,-0.000230653353461424
0.10471975511966,0.00225,-0.000291126068992752
0.106901416684653,0.00225,-0.000290543783845502
0.109083078249646,0.00225,-0.000290026935612517
0.111264739814638,0.00225,-0.000289584500881786
0.113446401379631,0.00225,-0.000288945535540547
0.115628062944624,0.00225,-0.000288187945247988
0.117809724509617,0.00225,-0.000287418180727723
0.11999138607461,0.00225,-0.000286630708921036
0.122173047639603,0.00225,-0.000285824474102095
0.124354709204596,0.00225,-0.000284986882961743
0.126536370769589,0.00225,-0.000284124217586198
0.128718032334582,0.00225,-0.000283237765276357
0.130899693899575,0.00225,-0.000282323153751985
0.133081355464568,0.00225,-0.000281380755878601
0.135263017029561,0.00225,-0.000280418533105601
0.137444678594553,0.00225,-0.000279413669887313
0.139626340159546,0.00225,-0.000278356055457177
0.141808001724539,0.00225,-0.000277219263446852
0.143989663289532,0.00225,-0.000276013148654358
0.146171324854525,0.00225,-0.000274719320833901
0.148352986419518,0.00225,-0.000273354712531603
0.150534647984511,0.00225,-0.000271913225133221
0.152716309549504,0.00225,-0.000270402116678205
0.154897971114497,0.00225,-0.000269079241937726
0.15707963267949,0.00225,-0.000268191345283434
0.159261294244483,0.00225,-0.000267680786312831
0.161442955809475,0.00225,-0.000267220927848022
0.163624617374468,0.00225,-0.000266750472273296
0.165806278939461,0.00225,-0.00026626263270266
0.167987940504454,0.00225,-0.000265749811289075
0.170169602069447,0.00225,-0.000265210127142972
0.17235126363444,0.00225,-0.000264639702812651
0.174532925199433,0.00225,-0.000264037422487155
0.176714586764426,0.00225,-0.000263412424266355
0.178896248329419,0.00225,-0.000262820770929969
0.181077909894412,0.00225,-0.000262251904163788
0.183259571459405,0.00225,-0.000261695045778388
0.185441233024398,0.00225,-0.000261151585373058
0.18762289458939,0.00225,-0.000260615208477734
0.189804556154383,0.00225,-0.000260093351661623
0.191986217719376,0.00225,-0.000259587593607566
0.10471975511966,0.0025,-0.000323667155465455
0.106901416684653,0.0025,-0.000323037587596275
0.109083078249646,0.0025,-0.000322457551148072
0.111264739814638,0.0025,-0.000321959339755886
0.113446401379631,0.0025,-0.000321272751581532
0.115628062944624,0.0025,-0.000320433999855236
0.117809724509617,0.0025,-0.000319579111919614
0.11999138607461,0.0025,-0.000318705906051988
0.122173047639603,0.0025,-0.000317810879652862
0.124354709204596,0.0025,-0.000316884007156591
0.126536370769589,0.0025,-0.000315930915552521
0.128718032334582,0.0025,-0.000314950638862837
0.130899693899575,0.0025,-0.000313942377374192
0.133081355464568,0.0025,-0.000312902878984936
0.135263017029561,0.0025,-0.000311841205753674
0.137444678594553,0.0025,-0.000310734974185868
0.139626340159546,0.0025,-0.000309570483680134
0.141808001724539,0.0025,-0.000308323820777138
0.143989663289532,0.0025,-0.000306996232460438
0.146171324854525,0.0025,-0.00030557821382345
0.148352986419518,0.0025,-0.00030407960769412
0.150534647984511,0.0025,-0.000302495365289092
0.152716309549504,0.0025,-0.000300823932685075
0.154897971114497,0.0025,-0.000299311213328511
0.15707963267949,0.0025,-0.000298235063430255
0.159261294244483,0.0025,-0.000297585338404347
0.161442955809475,0.0025,-0.000297072712569556
0.163624617374468,0.0025,-0.000296547166564427
0.165806278939461,0.0025,-0.000296002560513193
0.167987940504454,0.0025,-0.000295432206990857
0.170169602069447,0.0025,-0.000294830584257143
0.17235126363444,0.0025,-0.000294196888232504
0.174532925199433,0.0025,-0.00029352394376696
0.176714586764426,0.0025,-0.000292826402931277
0.178896248329419,0.0025,-0.000292163184387744
0.181077909894412,0.0025,-0.000291526776371144
0.183259571459405,0.0025,-0.000290904182175215
0.185441233024398,0.0025,-0.000290295902583349
0.18762289458939,0.0025,-0.000289697076173144
0.189804556154383,0.0025,-0.000289112949438836
0.191986217719376,0.0025,-0.000288546327793963
0.10471975511966,0.00275,-0.000356243719280327
0.106901416684653,0.00275,-0.000355574559809372
0.109083078249646,0.00275,-0.000354930439083328
0.111264739814638,0.00275,-0.000354373287603021
0.113446401379631,0.00275,-0.000353641185687125
0.115628062944624,0.00275,-0.000352724469535684
0.117809724509617,0.00275,-0.000351786217121008
0.11999138607461,0.00275,-0.000350826327423957
0.122173047639603,0.00275,-0.000349844241439816
0.124354709204596,0.00275,-0.000348827604185587
0.126536370769589,0.00275,-0.000347783759054024
0.128718032334582,0.00275,-0.000346712843073273
0.130899693899575,0.00275,-0.00034560999001427
0.133081355464568,0.00275,-0.000344474380770189
0.135263017029561,0.00275,-0.000343313846614216
0.137444678594553,0.00275,-0.000342107993816169
0.139626340159546,0.00275,-0.000340836424121625
0.141808001724539,0.00275,-0.000339480491973619
0.143989663289532,0.00275,-0.000338032013179267
0.146171324854525,0.00275,-0.000336489911539791
0.148352986419518,0.00275,-0.000334856868720135
0.150534647984511,0.00275,-0.000333131687735013
0.152716309549504,0.00275,-0.000331310883365647
0.154897971114497,0.00275,-0.000329640716544772
0.15707963267949,0.00275,-0.000328366704280833
0.159261294244483,0.00275,-0.00032753247182989
0.161442955809475,0.00275,-0.000326960502363123
0.163624617374468,0.00275,-0.000326380122003598
0.165806278939461,0.00275,-0.000325778863427261
0.167987940504454,0.00275,-0.000325148823375893
0.170169602069447,0.00275,-0.000324485092946696
0.17235126363444,0.00275,-0.000323785511248734
0.174532925199433,0.00275,-0.000323042515290418
0.176714586764426,0.00275,-0.000322274157935058
0.178896248329419,0.00275,-0.00032153520440168
0.181077909894412,0.00275,-0.000320830381291195
0.183259571459405,0.00275,-0.000320140582762039
0.185441233024398,0.00275,-0.000319465908130204
0.18762289458939,0.00275,-0.000318804129107021
0.189804556154383,0.00275,-0.000318157498508958
0.191986217719376,0.00275,-0.000317530586629432
0.10471975511966,0.003,-0.000388854982758433
0.106901416684653,0.003,-0.00038814583150185
0.109083078249646,0.003,-0.000387446814891219
0.111264739814638,0.003,-0.000386828269406147
0.113446401379631,0.003,-0.000386050254916255
0.115628062944624,0.003,-0.000385062057141578
0.117809724509617,0.003,-0.000384039056349824
0.11999138607461,0.003,-0.000382993750949856
0.122173047639603,0.003,-0.000381923771916135
0.124354709204596,0.003,-0.000380818885884388
0.126536370769589,0.003,-0.000379684396851567
0.128718032334582,0.003,-0.000378520436605014
0.130899693899575,0.003,-0.000377323901945902
0.133081355464568,0.003,-0.000376092207741557
0.135263017029561,0.003,-0.000374833682369492
0.137444678594553,0.003,-0.000373528866434523
0.139626340159546,0.003,-0.000372152119308863
0.141808001724539,0.003,-0.000370687002472631
0.143989663289532,0.003,-0.000369121420878534
0.146171324854525,0.003,-0.000367455429202305
0.148352986419518,0.003,-0.000365687678396993
0.150534647984511,0.003,-0.000363822521715938
0.152716309549504,0.003,-0.000361858697471185
0.154897971114497,0.003,-0.000360032796836708
0.15707963267949,0.003,-0.000358593605023625
0.159261294244483,0.003,-0.000357573031516184
0.161442955809475,0.003,-0.000356892508119304
0.163624617374468,0.003,-0.000356251744579737
0.165806278939461,0.003,-0.000355592324310963
0.167987940504454,0.003,-0.000354902235360808
0.170169602069447,0.003,-0.000354174739900507
0.17235126363444,0.003,-0.000353408266727535
0.174532925199433,0.003,-0.000352595225440892
0.176714586764426,0.003,-0.000351752811260128
0.178896248329419,0.003,-0.000350938172461356
0.181077909894412,0.003,-0.000350163436222645
0.183259571459405,0.003,-0.000349404896145332
0.185441233024398,0.003,-0.000348663899277894
0.18762289458939,0.003,-0.000347937021652693
0.189804556154383,0.003,-0.00034722643019877
0.191986217719376,0.003,-0.000346539375506893
0.10471975511966,0.00325,-0.000421502447181953
0.106901416684653,0.00325,-0.000420752653528517
0.109083078249646,0.00325,-0.000420007303102604
0.111264739814638,0.00325,-0.000419324534801215
0.113446401379631,0.00325,-0.000418499813288324
0.115628062944624,0.00325,-0.000417444045422309
0.117809724509617,0.00325,-0.000416337751681255
0.11999138607461,0.00325,-0.000415206689458313
0.122173047639603,0.00325,-0.000414050507222806
0.124354709204596,0.00325,-0.00041285606429922
0.126536370769589,0.00325,-0.000411632672355099
0.128718032334582,0.00325,-0.000410378560576943
0.130899693899575,0.00325,-0.0004090872204393
0.133081355464568,0.00325,-0.000407759348305739
0.135263017029561,0.00325,-0.000406402387047148
0.137444678594553,0.00325,-0.000404997720616166
0.139626340159546,0.00325,-0.000403518431868769
0.141808001724539,0.00325,-0.000401941330504843
0.143989663289532,0.00325,-0.000400262794773041
0.146171324854525,0.00325,-0.000398471816233465
0.148352986419518,0.00325,-0.000396572422943354
0.150534647984511,0.00325,-0.000394572626460262
0.152716309549504,0.00325,-0.00039245983088798
0.154897971114497,0.00325,-0.000390481217200021
0.15707963267949,0.00325,-0.000388877876380448
0.159261294244483,0.00325,-0.000387692532421246
0.161442955809475,0.00325,-0.000386885192811231
0.163624617374468,0.00325,-0.000386173496988129
0.165806278939461,0.00325,-0.000385446740836614
0.167987940504454,0.00325,-0.000384693932349627
0.170169602069447,0.00325,-0.000383901723489431
0.17235126363444,0.00325,-0.00038306634069238
0.174532925199433,0.00325,-0.00038218161277972
0.176714586764426,0.00325,-0.000381264222730673
0.178896248329419,0.00325,-0.000380374065890504
0.181077909894412,0.00325,-0.000379527142880494
0.183259571459405,0.00325,-0.000378699440029272
0.185441233024398,0.00325,-0.000377891960841093
0.18762289458939,0.00325,-0.000377098441986922
0.189804556154383,0.00325,-0.000376322339759559
0.191986217719376,0.00325,-0.000375572334954574
0.10471975511966,0.0035,-0.000454186362007137
0.106901416684653,0.0035,-0.000453395739474696
0.109083078249646,0.0035,-0.000452612012340627
0.111264739814638,0.0035,-0.000451866319829179
0.113446401379631,0.0035,-0.000450992649404614
0.115628062944624,0.0035,-0.000449873733942791
0.117809724509617,0.0035,-0.000448683154844241
0.11999138607461,0.0035,-0.000447467521527654
0.122173047639603,0.0035,-0.000446223620651408
0.124354709204596,0.0035,-0.000444944057047787
0.126536370769589,0.0035,-0.000443631154677227
0.128718032334582,0.0035,-0.000442284505205946
0.130899693899575,0.0035,-0.000440901074773957
0.133081355464568,0.0035,-0.000439476253840942
0.135263017029561,0.0035,-0.00043802037149757
0.137444678594553,0.0035,-0.000436516633326462
0.139626340159546,0.0035,-0.000434936255527455
0.141808001724539,0.0035,-0.000433248072220989
0.143989663289532,0.0035,-0.000431455934564194
0.146171324854525,0.0035,-0.000429539351017835
0.148352986419518,0.0035,-0.000427514629980841
0.150534647984511,0.0035,-0.000425376165129642
0.152716309549504,0.0035,-0.000423118610150775
0.154897971114497,0.0035,-0.000420985364907605
0.15707963267949,0.0035,-0.00041922217334304
0.159261294244483,0.0035,-0.000417869671553267
0.161442955809475,0.0035,-0.000416907349390256
0.163624617374468,0.0035,-0.000416151645660999
0.165806278939461,0.0035,-0.000415360083568052
0.167987940504454,0.0035,-0.000414528764272034
0.170169602069447,0.0035,-0.000413668454914042
0.17235126363444,0.0035,-0.000412763059851697
0.174532925199433,0.0035,-0.000411804097700751
0.176714586764426,0.0035,-0.000410809840747954
0.178896248329419,0.0035,-0.000409843502658044
0.181077909894412,0.0035,-0.000408921602376302
0.183259571459405,0.0035,-0.000408024496518026
0.185441233024398,0.0035,-0.000407147824306275
0.18762289458939,0.0035,-0.000406286855468581
0.189804556154383,0.0035,-0.000405446574542131
0.191986217719376,0.0035,-0.000404630541215114
0.10471975511966,0.00375,-0.000486907147725703
0.106901416684653,0.00375,-0.00048607566534765
0.109083078249646,0.00375,-0.000485254079566277
0.111264739814638,0.00375,-0.000484451123825317
0.113446401379631,0.00375,-0.000483524265710476
0.115628062944624,0.00375,-0.00048234852739091
0.117809724509617,0.00375,-0.000481075579431618
0.11999138607461,0.00375,-0.000479774861251464
0.122173047639603,0.00375,-0.000478446404107072
0.124354709204596,0.00375,-0.000477078060407022
0.126536370769589,0.00375,-0.00047567569506326
0.128718032334582,0.00375,-0.000474238790929937
0.130899693899575,0.00375,-0.000472761819588885
0.133081355464568,0.00375,-0.000471242822378127
0.135263017029561,0.00375,-0.000469687152910043
0.137444678594553,0.00375,-0.000468082206468029
0.139626340159546,0.00375,-0.000466401832609973
0.141808001724539,0.00375,-0.000464607297980785
0.143989663289532,0.00375,-0.000462700859525714
0.146171324854525,0.00375,-0.000460663370136494
0.148352986419518,0.00375,-0.000458509716433601
0.150534647984511,0.00375,-0.000456233365700268
0.152716309549504,0.00375,-0.000453831386757207
0.154897971114497,0.00375,-0.000451548335103943
0.15707963267949,0.00375,-0.0004496260196484
0.159261294244483,0.00375,-0.000448109257556035
0.161442955809475,0.00375,-0.000446979240039929
0.163624617374468,0.00375,-0.000446151985621566
0.165806278939461,0.00375,-0.000445314223852138
0.167987940504454,0.00375,-0.000444427441414362
0.170169602069447,0.00375,-0.000443481327813407
0.17235126363444,0.00375,-0.000442500392466802
0.174532925199433,0.00375,-0.000441464049695401
0.176714586764426,0.00375,-0.000440392527194323
0.178896248329419,0.00375,-0.00043934616231008
0.181077909894412,0.00375,-0.000438348361853598
0.183259571459405,0.00375,-0.000437379392575305
0.185441233024398,0.00375,-0.000436431711012834
0.18762289458939,0.00375,-0.000435503274558521
0.189804556154383,0.00375,-0.000434597356339793
0.191986217719376,0.00375,-0.000433716456983842
0.10471975511966,0.004,-0.00051966579639175
0.106901416684653,0.004,-0.000518792557138179
0.109083078249646,0.004,-0.00051793198477885
0.111264739814638,0.004,-0.000517081604853544
0.113446401379631,0.004,-0.000516100107433932
0.115628062944624,0.004,-0.000514871578063513
0.117809724509617,0.004,-0.000513514950721118
0.11999138607461,0.004,-0.000512129691792655
0.122173047639603,0.004,-0.000510716853216457
0.124354709204596,0.004,-0.000509261756107604
0.126536370769589,0.004,-0.000507770089041203
0.128718032334582,0.004,-0.000506241589588644
0.130899693899575,0.004,-0.000504672898912554
0.133081355464568,0.004,-0.000503059122117323
0.135263017029561,0.004,-0.00050140690294011
0.137444678594553,0.004,-0.000499698769264931
0.139626340159546,0.004,-0.000497918297279817
0.141808001724539,0.004,-0.000496017914667311
0.143989663289532,0.004,-0.000493995494915662
0.146171324854525,0.004,-0.00049184061867689
0.148352986419518,0.004,-0.00048955922454457
0.150534647984511,0.004,-0.00048714582442102
0.152716309549504,0.004,-0.000484603105547514
0.154897971114497,0.004,-0.000482171775235464
0.15707963267949,0.004,-0.00048009255102369
0.159261294244483,0.004,-0.000478412468746502
0.161442955809475,0.004,-0.000477117115161323
0.163624617374468,0.004,-0.000476173178749936
0.165806278939461,0.004,-0.000475291151732354
0.167987940504454,0.004,-0.000474356000270486
0.170169602069447,0.004,-0.000473358009005134
0.17235126363444,0.004,-0.00047228715344204
0.174532925199433,0.004,-0.000471165737069936
0.176714586764426,0.004,-0.000470012649730791
0.178896248329419,0.004,-0.000468885318953458
0.181077909894412,0.004,-0.00046780750653554
0.183259571459405,0.004,-0.000466765644699642
0.185441233024398,0.004,-0.000465746210201214
0.18762289458939,0.004,-0.000464748632670486
0.189804556154383,0.004,-0.00046377446633567
0.191986217719376,0.004,-0.000462828623676087
0.10471975511966,0.00425,-0.00055246384785913
0.106901416684653,0.00425,-0.000551547423370603
0.109083078249646,0.00425,-0.000550646925708644
0.111264739814638,0.00425,-0.000549757336647153
0.113446401379631,0.00425,-0.000548717462125163
0.115628062944624,0.00425,-0.000547441914624369
0.117809724509617,0.00425,-0.000546002006098463
0.11999138607461,0.00425,-0.000544534076913594
0.122173047639603,0.00425,-0.000543035579056385
0.124354709204596,0.00425,-0.000541492191693878
0.126536370769589,0.00425,-0.00053991158962515
0.128718032334582,0.00425,-0.000538293037122989
0.130899693899575,0.00425,-0.000536630818232474
0.133081355464568,0.00425,-0.000534923374340596
0.135263017029561,0.00425,-0.000533174907740893
0.137444678594553,0.00425,-0.000531367565189936
0.139626340159546,0.00425,-0.000529484176220754
0.141808001724539,0.00425,-0.000527479697439411
0.143989663289532,0.00425,-0.000525343314041651
0.146171324854525,0.00425,-0.000523071192573807
0.148352986419518,0.00425,-0.000520660029543686
0.150534647984511,0.00425,-0.00051811542550964
0.152716309549504,0.00425,-0.000515432930174899
0.154897971114497,0.00425,-0.000512851767361289
0.15707963267949,0.00425,-0.000510614686058982
0.159261294244483,0.00425,-0.00050877510792639
0.161442955809475,0.00425,-0.000507314254536106
0.163624617374468,0.00425,-0.000506219124849145
0.165806278939461,0.00425,-0.00050529127211545
0.167987940504454,0.00425,-0.000504308587107921
0.170169602069447,0.00425,-0.000503259556639078
0.17235126363444,0.00425,-0.000502133907350624
0.174532925199433,0.00425,-0.00050091971003221
0.176714586764426,0.00425,-0.000499673922510185
0.178896248329419,0.00425,-0.000498462751526349
0.181077909894412,0.00425,-0.000497301760443855
0.183259571459405,0.00425,-0.000496185256426044
0.185441233024398,0.00425,-0.000495093450383777
0.18762289458939,0.00425,-0.000494024791380957
0.189804556154383,0.00425,-0.000492980264143321
0.191986217719376,0.00425,-0.000491967449398844
0.10471975511966,0.0045,-0.000585300604226292
0.106901416684653,0.0045,-0.000584339899569903
0.109083078249646,0.0045,-0.000583399201818896
0.111264739814638,0.0045,-0.000582474976112395
0.113446401379631,0.0045,-0.000581379109887289
0.115628062944624,0.0045,-0.000580056497375226
0.117809724509617,0.0045,-0.000578536453847342
0.11999138607461,0.0045,-0.000576986616714265
0.122173047639603,0.0045,-0.000575401881247386
0.124354709204596,0.0045,-0.00057377180959169
0.126536370769589,0.0045,-0.000572102447606183
0.128718032334582,0.0045,-0.000570393143235816
0.130899693899575,0.0045,-0.000568640044689459
0.133081355464568,0.0045,-0.0005668380165025
0.135263017029561,0.0045,-0.000564993833393995
0.137444678594553,0.0045,-0.000563087355602108
0.139626340159546,0.0045,-0.000561100001802178
0.141808001724539,0.0045,-0.000558991761770503
0.143989663289532,0.0045,-0.000556746292463777
0.146171324854525,0.0045,-0.000554353938871053
0.148352986419518,0.0045,-0.000551816801086407
0.150534647984511,0.0045,-0.000549141034312929
0.152716309549504,0.0045,-0.00054631743841694
0.154897971114497,0.0045,-0.000543588125311732
0.15707963267949,0.0045,-0.000541196340402847
0.159261294244483,0.0045,-0.000539196375711265
0.161442955809475,0.0045,-0.000537571848328575
0.163624617374468,0.0045,-0.000536308388732983
0.165806278939461,0.0045,-0.000535315167747861
0.167987940504454,0.0045,-0.000534284354543651
0.170169602069447,0.0045,-0.000533183076440111
0.17235126363444,0.0045,-0.000532004560359076
0.174532925199433,0.0045,-0.000530729994153017
0.176714586764426,0.0045,-0.00052938644779096
0.178896248329419,0.0045,-0.000528081070041042
0.181077909894412,0.0045,-0.000526833451585319
0.183259571459405,0.0045,-0.00052563932555134
0.185441233024398,0.0045,-0.000524472246824144
0.18762289458939,0.0045,-0.000523331014692981
0.189804556154383,0.0045,-0.000522216405333072
0.191986217719376,0.0045,-0.000521134765960506
0.10471975511966,0.00475,-0.000618177174008931
0.106901416684653,0.00475,-0.000617172123466384
0.109083078249646,0.00475,-0.000616189867347118
0.111264739814638,0.00475,-0.000615230106939589
0.113446401379631,0.00475,-0.000614086109175948
0.115628062944624,0.00475,-0.000612714743000467
0.117809724509617,0.00475,-0.0006111214504746
0.11999138607461,0.00475,-0.000609488352009134
0.122173047639603,0.00475,-0.000607817930494546
0.124354709204596,0.00475,-0.000606100066173702
0.126536370769589,0.00475,-0.000604342242904611
0.128718032334582,0.00475,-0.000602542797809115
0.130899693899575,0.00475,-0.000600696566286532
0.133081355464568,0.00475,-0.000598801256338911
0.135263017029561,0.00475,-0.00059686111752785
0.137444678594553,0.00475,-0.000594856518102054
0.139626340159546,0.00475,-0.000592769889404934
0.141808001724539,0.00475,-0.000590555152217486
0.143989663289532,0.00475,-0.00058820047773549
0.146171324854525,0.00475,-0.000585688854795876
0.148352986419518,0.00475,-0.000583030680127708
0.150534647984511,0.00475,-0.000580222629624307
0.152716309549504,0.00475,-0.000577258683264205
0.154897971114497,0.00475,-0.000574380850247604
0.15707963267949,0.00475,-0.000571837716507055
0.159261294244483,0.00475,-0.000569683306670146
0.161442955809475,0.00475,-0.000567895170126474
0.163624617374468,0.00475,-0.000566463543051884
0.165806278939461,0.00475,-0.000565360098447354
0.167987940504454,0.00475,-0.000564282811945145
0.170169602069447,0.00475,-0.000563131277288446
0.17235126363444,0.00475,-0.000561895882494125
0.174532925199433,0.00475,-0.000560565332679174
0.176714586764426,0.00475,-0.000559158664073529
0.178896248329419,0.00475,-0.000557749182994512
0.181077909894412,0.00475,-0.000556405247900568
0.183259571459405,0.00475,-0.000555128541748478
0.185441233024398,0.00475,-0.000553883259802526
0.18762289458939,0.00475,-0.000552667136342032
0.189804556154383,0.00475,-0.000551482394389492
0.191986217719376,0.00475,-0.000550331507565609
0.10471975511966,0.005,-0.00065109493418509
0.106901416684653,0.005,-0.000650044142834179
0.109083078249646,0.005,-0.000649019521940029
0.111264739814638,0.005,-0.000648023877439512
0.113446401379631,0.005,-0.000646840228845817
0.115628062944624,0.005,-0.000645417425674589
0.117809724509617,0.005,-0.000643756952602451
0.11999138607461,0.005,-0.000642038685552617
0.122173047639603,0.005,-0.000640281903386393
0.124354709204596,0.005,-0.000638476875604632
0.126536370769589,0.005,-0.000636630936917458
0.128718032334582,0.005,-0.000634741946715686
0.130899693899575,0.005,-0.000632804810569378
0.133081355464568,0.005,-0.000630815281166973
0.135263017029561,0.005,-0.000628779766639757
0.137444678594553,0.005,-0.000626677375919938
0.139626340159546,0.005,-0.000624490564408757
0.141808001724539,0.005,-0.000622168767064176
0.143989663289532,0.005,-0.000619706760426294
0.146171324854525,0.005,-0.000617078305367688
0.148352986419518,0.005,-0.000614297599635092
0.150534647984511,0.005,-0.000611357024975831
0.152716309549504,0.005,-0.000608255302428353
0.154897971114497,0.005,-0.000605236938436689
0.15707963267949,0.005,-0.000602540111899864
0.159261294244483,0.005,-0.000600226178833153
0.161442955809475,0.005,-0.000598280816839134
0.163624617374468,0.005,-0.000596682438966259
0.165806278939461,0.005,-0.000595430290428203
0.167987940504454,0.005,-0.000594303973147898
0.170169602069447,0.005,-0.00059310241693286
0.17235126363444,0.005,-0.000591813757716136
0.174532925199433,0.005,-0.000590423346289443
0.176714586764426,0.005,-0.000588953956566766
0.178896248329419,0.005,-0.000587478494580987
0.181077909894412,0.005,-0.000586025794549995
0.183259571459405,0.005,-0.000584657531865931
0.185441233024398,0.005,-0.000583331185037806
0.18762289458939,0.005,-0.000582038060064679
0.189804556154383,0.005,-0.000580778048190987
0.191986217719376,0.005,-0.000579556275187347
0.10471975511966,0.00525,-0.00068405514929928
0.106901416684653,0.00525,-0.00068295749979922
0.109083078249646,0.00525,-0.000681888993845317
0.111264739814638,0.00525,-0.000680856119075601
0.113446401379631,0.00525,-0.000679639045939953
0.115628062944624,0.00525,-0.000678163212603694
0.117809724509617,0.00525,-0.000676440404020639
0.11999138607461,0.00525,-0.000674638514172829
0.122173047639603,0.00525,-0.000672796298742556
0.124354709204596,0.00525,-0.000670904487150023
0.126536370769589,0.00525,-0.000668970316130066
0.128718032334582,0.00525,-0.000666992362097753
0.130899693899575,0.00525,-0.000664963709167443
0.133081355464568,0.00525,-0.000662880217765179
0.135263017029561,0.00525,-0.000660747701259403
0.137444678594553,0.00525,-0.000658547519846707
0.139626340159546,0.00525,-0.000656261314995155
0.141808001724539,0.00525,-0.00065383879916866
0.143989663289532,0.00525,-0.000651265458725639
0.146171324854525,0.00525,-0.000648522989977219
0.148352986419518,0.00525,-0.000645618972403601
0.150534647984511,0.00525,-0.00064254746156425
0.152716309549504,0.00525,-0.000639312291414965
0.154897971114497,0.00525,-0.000636148410106789
0.15707963267949,0.00525,-0.000633300800898264
0.159261294244483,0.00525,-0.000630829033356251
0.161442955809475,0.00525,-0.000628726336250329
0.163624617374468,0.00525,-0.000626962991886578
0.165806278939461,0.00525,-0.000625539030517592
0.167987940504454,0.00525,-0.000624351033950457
0.170169602069447,0.00525,-0.000623097870970137
0.17235126363444,0.00525,-0.000621754626489879
0.174532925199433,0.00525,-0.000620304069588737
0.176714586764426,0.00525,-0.000618774064291814
0.178896248329419,0.00525,-0.000617233425577641
0.181077909894412,0.00525,-0.000615709263504879
0.183259571459405,0.00525,-0.000614231341638089
0.185441233024398,0.00525,-0.000612817322333317
0.18762289458939,0.00525,-0.000611443753957311
0.189804556154383,0.00525,-0.000610107559749851
0.191986217719376,0.00525,-0.000608810406531827
0.10471975511966,0.0055,-0.000717058623794383
0.106901416684653,0.0055,-0.000715913288139742
0.109083078249646,0.0055,-0.000714799835694495
0.111264739814638,0.0055,-0.00071372872558671
0.113446401379631,0.0055,-0.000712476512200138
0.115628062944624,0.0055,-0.000710955698101675
0.117809724509617,0.0055,-0.000709175006351983
0.11999138607461,0.0055,-0.000707288795860925
0.122173047639603,0.0055,-0.000705361356830839
0.124354709204596,0.0055,-0.000703382697494158
0.126536370769589,0.0055,-0.000701361244684703
0.128718032334582,0.0055,-0.000699294530543758
0.130899693899575,0.0055,-0.000697175118089154
0.133081355464568,0.0055,-0.000694998114527844
0.135263017029561,0.0055,-0.000692769801939112
0.137444678594553,0.0055,-0.000690470679577089
0.139626340159546,0.0055,-0.000688083660342673
0.141808001724539,0.0055,-0.000685559233293368
0.143989663289532,0.0055,-0.000682875541599762
0.146171324854525,0.0055,-0.000680022355940686
0.148352986419518,0.0055,-0.000676994353682429
0.150534647984511,0.0055,-0.000673797743143963
0.152716309549504,0.0055,-0.000670425961162677
0.154897971114497,0.0055,-0.000667118678078723
0.15707963267949,0.0055,-0.000664118406755851
0.159261294244483,0.0055,-0.000661491048666604
0.161442955809475,0.0055,-0.000659235822024361
0.163624617374468,0.0055,-0.000657306673828506
0.165806278939461,0.0055,-0.000655710263665777
0.167987940504454,0.0055,-0.000654419612836264
0.170169602069447,0.0055,-0.000653117320585987
0.17235126363444,0.0055,-0.000651719610376466
0.174532925199433,0.0055,-0.000650212050131461
0.176714586764426,0.0055,-0.000648618027318464
0.178896248329419,0.0055,-0.000647012379676556
0.181077909894412,0.0055,-0.000645420771289797
0.183259571459405,0.0055,-0.000643866158120866
0.185441233024398,0.0055,-0.000642345296034955
0.18762289458939,0.0055,-0.000640885087131185
0.189804556154383,0.0055,-0.000639469627848957
0.191986217719376,0.0055,-0.000638097901999252
0.10471975511966,0.00575,-0.000750108703605635
0.106901416684653,0.00575,-0.0007489128184933
0.109083078249646,0.00575,-0.000747753218743248
0.111264739814638,0.00575,-0.000746642175443741
0.113446401379631,0.00575,-0.000745353732239174
0.115628062944624,0.00575,-0.00074379483403749
0.117809724509617,0.00575,-0.000741959915138363
0.11999138607461,0.00575,-0.000739990544615975
0.122173047639603,0.00575,-0.000737977000011889
0.124354709204596,0.00575,-0.000735912069140033
0.126536370769589,0.00575,-0.000733804359634055
0.128718032334582,0.00575,-0.000731648272809676
0.130899693899575,0.00575,-0.000729437657544512
0.133081355464568,0.00575,-0.000727168538398962
0.135263017029561,0.00575,-0.000724844011445368
0.137444678594553,0.00575,-0.000722445094139635
0.139626340159546,0.00575,-0.000719956859464136
0.141808001724539,0.00575,-0.000717332587384298
0.143989663289532,0.00575,-0.000714541936369373
0.146171324854525,0.00575,-0.000711572995506657
0.148352986419518,0.00575,-0.000708425484222459
0.150534647984511,0.00575,-0.000705102999537959
0.152716309549504,0.00575,-0.000701594688374722
0.154897971114497,0.00575,-0.000698144418801019
0.15707963267949,0.00575,-0.000694998832443799
0.159261294244483,0.00575,-0.000692217451253321
0.161442955809475,0.00575,-0.00068980927199881
0.163624617374468,0.00575,-0.000687716779676541
0.165806278939461,0.00575,-0.000685950650253841
0.167987940504454,0.00575,-0.000684513492051891
0.170169602069447,0.00575,-0.000683159838058395
0.17235126363444,0.00575,-0.000681708875742413
0.174532925199433,0.00575,-0.000680142476217975
0.176714586764426,0.00575,-0.000678485545016766
0.178896248329419,0.00575,-0.000676815336797121
0.181077909894412,0.00575,-0.000675157137973552
0.183259571459405,0.00575,-0.000673535461398015
0.185441233024398,0.00575,-0.000671932735243345
0.18762289458939,0.00575,-0.000670366551620683
0.189804556154383,0.00575,-0.000668866752887695
0.191986217719376,0.00575,-0.000667418099940174
0.10471975511966,0.006,-0.000783206052031191
0.106901416684653,0.006,-0.000781957424019729
0.109083078249646,0.006,-0.000780751969831839
0.111264739814638,0.006,-0.000779597934467931
0.113446401379631,0.006,-0.000778272101808575
0.115628062944624,0.006,-0.000776682865192027
0.117809724509617,0.006,-0.000774797613713619
0.11999138607461,0.006,-0.000772742979653904
0.122173047639603,0.006,-0.00077064425649822
0.124354709204596,0.006,-0.000768494883030237
0.126536370769589,0.006,-0.000766298891447882
0.128718032334582,0.006,-0.000764053888592873
0.130899693899575,0.006,-0.000761752431170116
0.133081355464568,0.006,-0.000759389832876735
0.135263017029561,0.006,-0.000756970775205117
0.137444678594553,0.006,-0.000754474127231155
0.139626340159546,0.006,-0.000751882972307522
0.141808001724539,0.006,-0.000749157315106983
0.143989663289532,0.006,-0.000746261543786592
0.146171324854525,0.006,-0.000743179112917721
0.148352986419518,0.006,-0.000739914289300205
0.150534647984511,0.006,-0.000736462356221091
0.152716309549504,0.006,-0.000732820127825033
0.154897971114497,0.006,-0.000729232590260469
0.15707963267949,0.006,-0.000725938326279115
0.159261294244483,0.006,-0.000723004265594506
0.161442955809475,0.006,-0.000720445318268441
0.163624617374468,0.006,-0.000718188986278235
0.165806278939461,0.006,-0.000716254171075206
0.167987940504454,0.006,-0.000714641101161758
0.170169602069447,0.006,-0.000713227867386795
0.17235126363444,0.006,-0.000711722142170637
0.174532925199433,0.006,-0.000710097660936362
0.176714586764426,0.006,-0.000708379611345247
0.178896248329419,0.006,-0.000706643693802742
0.181077909894412,0.006,-0.000704917611591579
0.183259571459405,0.006,-0.000703227334902843
0.185441233024398,0.006,-0.00070156253873819
0.18762289458939,0.006,-0.000699901132531215
0.189804556154383,0.006,-0.00069830434399666
0.191986217719376,0.006,-0.000696771089139197
0.10471975511966,0.00625,-0.000816351195084168
0.106901416684653,0.00625,-0.000815048523542971
0.109083078249646,0.00625,-0.000813795799313664
0.111264739814638,0.00625,-0.000812598139756871
0.113446401379631,0.00625,-0.000811232486879439
0.115628062944624,0.00625,-0.000809611861651309
0.117809724509617,0.00625,-0.000807685685805267
0.11999138607461,0.00625,-0.000805548246207676
0.122173047639603,0.00625,-0.000803364950786454
0.124354709204596,0.00625,-0.000801129836884188
0.126536370769589,0.00625,-0.000798846577241909
0.128718032334582,0.00625,-0.000796511916607568
0.130899693899575,0.00625,-0.000794118886909928
0.133081355464568,0.00625,-0.000791663189379962
0.135263017029561,0.00625,-0.000789149463344606
0.137444678594553,0.00625,-0.000786556510107811
0.139626340159546,0.00625,-0.000783865346506401
0.141808001724539,0.00625,-0.000781033954955766
0.143989663289532,0.00625,-0.000778034746137085
0.146171324854525,0.00625,-0.000774838555502522
0.148352986419518,0.00625,-0.000771456460879435
0.150534647984511,0.00625,-0.000767878985754828
0.152716309549504,0.00625,-0.000764106319690189
0.154897971114497,0.00625,-0.000760379142419655
0.15707963267949,0.00625,-0.000756938808682126
0.159261294244483,0.00625,-0.00075384950834196
0.161442955809475,0.00625,-0.000751139201598392
0.163624617374468,0.00625,-0.000748723536518238
0.165806278939461,0.00625,-0.000746620549332809
0.167987940504454,0.00625,-0.00074483216657133
0.170169602069447,0.00625,-0.000743320295949926
0.17235126363444,0.00625,-0.000741760846172976
0.174532925199433,0.00625,-0.000740077745645547
0.176714586764426,0.00625,-0.000738297185308103
0.178896248329419,0.00625,-0.000736495224633644
0.181077909894412,0.00625,-0.000734702288502303
0.183259571459405,0.00625,-0.000732942450805138
0.185441233024398,0.00625,-0.000731214353986975
0.18762289458939,0.00625,-0.000729491496738079
0.189804556154383,0.00625,-0.000727786237625247
0.191986217719376,0.00625,-0.000726162425310378
0.10471975511966,0.0065,-0.000849547916149105
0.106901416684653,0.0065,-0.000848189138490562
0.109083078249646,0.0065,-0.000846887374001133
0.111264739814638,0.0065,-0.000845643277160365
0.113446401379631,0.0065,-0.000844237455489038
0.115628062944624,0.0065,-0.000842583553064759
0.117809724509617,0.0065,-0.000840622462247195
0.11999138607461,0.0065,-0.000838407090699843
0.122173047639603,0.0065,-0.000836140705184514
0.124354709204596,0.0065,-0.000833817651703432
0.126536370769589,0.0065,-0.000831446686943621
0.128718032334582,0.0065,-0.000829022622898224
0.130899693899575,0.0065,-0.000826538042238822
0.133081355464568,0.0065,-0.000823989408145933
0.135263017029561,0.0065,-0.000821381627278852
0.137444678594553,0.0065,-0.000818691107932179
0.139626340159546,0.0065,-0.000815899897226699
0.141808001724539,0.0065,-0.000812966743088245
0.143989663289532,0.0065,-0.000809860947462763
0.146171324854525,0.0065,-0.000806555260377552
0.148352986419518,0.0065,-0.000803054228393837
0.150534647984511,0.0065,-0.000799351727532189
0.152716309549504,0.0065,-0.000795449830359206
0.154897971114497,0.0065,-0.00079158326167267
0.15707963267949,0.0065,-0.000787995826075449
0.159261294244483,0.0065,-0.000784756653910946
0.161442955809475,0.0065,-0.000781895202762827
0.163624617374468,0.0065,-0.000779325236138528
0.165806278939461,0.0065,-0.000777053591620301
0.167987940504454,0.0065,-0.000775087580804683
0.170169602069447,0.0065,-0.000773436781621115
0.17235126363444,0.0065,-0.000771824046826344
0.174532925199433,0.0065,-0.00077008188351302
0.176714586764426,0.0065,-0.000768239797552732
0.178896248329419,0.0065,-0.000766373194181407
0.181077909894412,0.0065,-0.000764512212052808
0.183259571459405,0.0065,-0.000762682767771214
0.185441233024398,0.0065,-0.000760890990912935
0.18762289458939,0.0065,-0.00075910446821003
0.189804556154383,0.0065,-0.000757329121851761
0.191986217719376,0.0065,-0.000755594921023956
0.10471975511966,0.00675,-0.000882798696813762
0.106901416684653,0.00675,-0.000881381457429361
0.109083078249646,0.00675,-0.000880027781037314
0.111264739814638,0.00675,-0.000878735590001557
0.113446401379631,0.00675,-0.000877289435361132
0.115628062944624,0.00675,-0.000875598254251212
0.117809724509617,0.00675,-0.000873609057960331
0.11999138607461,0.00675,-0.000871322044931252
0.122173047639603,0.00675,-0.000868969993753718
0.124354709204596,0.00675,-0.000866560307289238
0.126536370769589,0.00675,-0.000864100044332746
0.128718032334582,0.00675,-0.000861586692326048
0.130899693899575,0.00675,-0.000859011439061819
0.133081355464568,0.00675,-0.000856369443526362
0.135263017029561,0.00675,-0.000853666100234548
0.137444678594553,0.00675,-0.000850879099042765
0.139626340159546,0.00675,-0.000847988742038937
0.141808001724539,0.00675,-0.000844953708971642
0.143989663289532,0.00675,-0.000841740456007122
0.146171324854525,0.00675,-0.00083832769687793
0.148352986419518,0.00675,-0.000834706376315897
0.150534647984511,0.00675,-0.000830884511541384
0.152716309549504,0.00675,-0.000826849714337595
0.154897971114497,0.00675,-0.000822844256958073
0.15707963267949,0.00675,-0.000819115744848916
0.159261294244483,0.00675,-0.000815727321480793
0.161442955809475,0.00675,-0.000812710377510789
0.163624617374468,0.00675,-0.000809990370809042
0.165806278939461,0.00675,-0.000807553013943618
0.167987940504454,0.00675,-0.000805413304537415
0.170169602069447,0.00675,-0.000803581273584073
0.17235126363444,0.00675,-0.000801912156631926
0.174532925199433,0.00675,-0.000800112878981961
0.176714586764426,0.00675,-0.000798207698716745
0.178896248329419,0.00675,-0.000796276329639431
0.181077909894412,0.00675,-0.000794346812843317
0.183259571459405,0.00675,-0.000792447467423908
0.185441233024398,0.00675,-0.000790589437561985
0.18762289458939,0.00675,-0.000788739863804897
0.189804556154383,0.00675,-0.000786903202030755
0.191986217719376,0.00675,-0.000785083429124873
0.10471975511966,0.007,-0.000916108638542707
0.106901416684653,0.007,-0.000914629259305003
0.109083078249646,0.007,-0.000913220470087392
0.111264739814638,0.007,-0.000911877479588482
0.113446401379631,0.007,-0.000910388828184966
0.115628062944624,0.007,-0.000908659757998305
0.117809724509617,0.007,-0.000906639443443934
0.11999138607461,0.007,-0.000904294927142546
0.122173047639603,0.007,-0.00090185500870435
0.124354709204596,0.007,-0.000899357067426611
0.126536370769589,0.007,-0.000896808654273772
0.128718032334582,0.007,-0.00089420498792367
0.130899693899575,0.007,-0.000891538430210436
0.133081355464568,0.007,-0.000888805059569476
0.135263017029561,0.007,-0.000886005102824209
0.137444678594553,0.007,-0.000883120146106546
0.139626340159546,0.007,-0.000880131501842245
0.141808001724539,0.007,-0.000876994872773581
0.143989663289532,0.007,-0.000873676715955656
0.146171324854525,0.007,-0.000870152767171025
0.148352986419518,0.007,-0.000866417678686542
0.150534647984511,0.007,-0.000862472893947583
0.152716309549504,0.007,-0.000858306472389048
0.154897971114497,0.007,-0.000854168627355451
0.15707963267949,0.007,-0.000850296202038913
0.159261294244483,0.007,-0.000846758223142798
0.161442955809475,0.007,-0.00084358615287452
0.163624617374468,0.007,-0.000840717982290679
0.165806278939461,0.007,-0.000838114251720951
0.167987940504454,0.007,-0.000835802673324945
0.170169602069447,0.007,-0.000833789323250545
0.17235126363444,0.007,-0.00083202574101755
0.174532925199433,0.007,-0.000830167676336333
0.176714586764426,0.007,-0.000828200296422469
0.178896248329419,0.007,-0.000826204141023663
0.181077909894412,0.007,-0.000824207057315349
0.183259571459405,0.007,-0.000822237926035366
0.185441233024398,0.007,-0.000820311658756507
0.18762289458939,0.007,-0.000818398325170173
0.189804556154383,0.007,-0.000816499240397742
0.191986217719376,0.007,-0.00081461867665224
0.10471975511966,0.00725,-0.00094948320485569
0.106901416684653,0.00725,-0.000947936990219237
0.109083078249646,0.00725,-0.000946469529994776
0.111264739814638,0.00725,-0.00094507343687561
0.113446401379631,0.00725,-0.000943539320492619
0.115628062944624,0.00725,-0.000941768446912216
0.117809724509617,0.00725,-0.0009397139252585
0.11999138607461,0.00725,-0.000937323930493947
0.122173047639603,0.00725,-0.000934796566360798
0.124354709204596,0.00725,-0.00093221077326953
0.126536370769589,0.00725,-0.000929572224611005
0.128718032334582,0.00725,-0.000926880870165567
0.130899693899575,0.00725,-0.00092412467652375
0.133081355464568,0.00725,-0.000921297610820833
0.135263017029561,0.00725,-0.000918402994343796
0.137444678594553,0.00725,-0.000915418518646448
0.139626340159546,0.00725,-0.000912328119085184
0.141808001724539,0.00725,-0.000909089077783043
0.143989663289532,0.00725,-0.000905669855503267
0.146171324854525,0.00725,-0.000902033724001831
0.148352986419518,0.00725,-0.000898186458262658
0.150534647984511,0.00725,-0.000894116884587323
0.152716309549504,0.00725,-0.000889825290870416
0.154897971114497,0.00725,-0.000885551822801738
0.15707963267949,0.00725,-0.000881535735799662
0.159261294244483,0.00725,-0.000877849410956985
0.161442955809475,0.00725,-0.000874522937053512
0.163624617374468,0.00725,-0.00087151140614275
0.165806278939461,0.00725,-0.000868744368234481
0.167987940504454,0.00725,-0.000866257106488088
0.170169602069447,0.00725,-0.00086406260220608
0.17235126363444,0.00725,-0.000862164412978752
0.174532925199433,0.00725,-0.000860249326519621
0.176714586764426,0.00725,-0.000858220839645508
0.178896248329419,0.00725,-0.00085615785002585
0.181077909894412,0.00725,-0.000854092614493338
0.183259571459405,0.00725,-0.000852052528197127
0.185441233024398,0.00725,-0.000850058002023263
0.18762289458939,0.00725,-0.000848081256308487
0.189804556154383,0.00725,-0.000846117079106349
0.191986217719376,0.00725,-0.000844174826592028
0.10471975511966,0.0075,-0.000982933756041306
0.106901416684653,0.0075,-0.000981313523107964
0.109083078249646,0.0075,-0.000979780329531521
0.111264739814638,0.0075,-0.000978326207812265
0.113446401379631,0.0075,-0.000976742862955513
0.115628062944624,0.0075,-0.000974927726273129
0.117809724509617,0.0075,-0.000972837951221731
0.11999138607461,0.0075,-0.000970412856062358
0.122173047639603,0.0075,-0.000967796643206047
0.124354709204596,0.0075,-0.000965121424317894
0.126536370769589,0.0075,-0.000962396181891382
0.128718032334582,0.0075,-0.000959614518518753
0.130899693899575,0.0075,-0.00095676670783583
0.133081355464568,0.0075,-0.00095384625951624
0.135263017029561,0.0075,-0.000950856249579956
0.137444678594553,0.0075,-0.000947774585939758
0.139626340159546,0.0075,-0.000944582550400027
0.141808001724539,0.0075,-0.000941239433758062
0.143989663289532,0.0075,-0.000937717107070657
0.146171324854525,0.0075,-0.000933971631601621
0.148352986419518,0.0075,-0.000930010393132684
0.150534647984511,0.0075,-0.000925818850961981
0.152716309549504,0.0075,-0.00092140219952873
0.154897971114497,0.0075,-0.000916992741521174
0.15707963267949,0.0075,-0.000912835175388928
0.159261294244483,0.0075,-0.000909002949135169
0.161442955809475,0.0075,-0.000905528074274437
0.163624617374468,0.0075,-0.00090237096659616
0.165806278939461,0.0075,-0.000899439030598382
0.167987940504454,0.0075,-0.000896781855963658
0.170169602069447,0.0075,-0.000894403044662034
0.17235126363444,0.0075,-0.000892330345933606
0.174532925199433,0.0075,-0.00089035514314572
0.176714586764426,0.0075,-0.000888264163998419
0.178896248329419,0.0075,-0.000886137409308001
0.181077909894412,0.0075,-0.000884004371362993
0.183259571459405,0.0075,-0.000881893641482651
0.185441233024398,0.0075,-0.000879827821825214
0.18762289458939,0.0075,-0.000877786070057604
0.189804556154383,0.0075,-0.000875758542511767
0.191986217719376,0.0075,-0.000873753234483632
0.10471975511966,0.00775,-0.00101648506967298
0.106901416684653,0.00775,-0.00101476989950819
0.109083078249646,0.00775,-0.00101316074980686
0.111264739814638,0.00775,-0.00101164415299579
0.113446401379631,0.00775,-0.00101000481971598
0.115628062944624,0.00775,-0.00100814177165092
0.117809724509617,0.00775,-0.00100601430563167
0.11999138607461,0.00775,-0.00100355921069474
0.122173047639603,0.00775,-0.00100085729787897
0.124354709204596,0.00775,-0.000998091939723392
0.126536370769589,0.00775,-0.000995278496388845
0.128718032334582,0.00775,-0.000992406411620658
0.130899693899575,0.00775,-0.000989466295116634
0.133081355464568,0.00775,-0.000986451461929481
0.135263017029561,0.00775,-0.00098336629580616
0.137444678594553,0.00775,-0.000980186598679374
0.139626340159546,0.00775,-0.000976894615887884
0.141808001724539,0.00775,-0.000973446154207483
0.143989663289532,0.00775,-0.000969820276296019
0.146171324854525,0.00775,-0.000965968699935088
0.148352986419518,0.00775,-0.000961891173164726
0.150534647984511,0.00775,-0.000957583024474713
0.152716309549504,0.00775,-0.000953036763003475
0.154897971114497,0.00775,-0.000948492179282105
0.15707963267949,0.00775,-0.000944197326485289
0.159261294244483,0.00775,-0.000940221098321262
0.161442955809475,0.00775,-0.000936593234954669
0.163624617374468,0.00775,-0.000933287586713924
0.165806278939461,0.00775,-0.000930199096919539
0.167987940504454,0.00775,-0.000927371023232268
0.170169602069447,0.00775,-0.000924813355106546
0.17235126363444,0.00775,-0.00092254440565378
0.174532925199433,0.00775,-0.000920489761422012
0.176714586764426,0.00775,-0.000918335791393696
0.178896248329419,0.00775,-0.000916143974565858
0.181077909894412,0.00775,-0.000913941138082194
0.183259571459405,0.00775,-0.000911760699587708
0.185441233024398,0.00775,-0.000909623080726299
0.18762289458939,0.00775,-0.000907515955371382
0.189804556154383,0.00775,-0.000905423125993445
0.191986217719376,0.00775,-0.000903354504504692
0.10471975511966,0.008,-0.00105017650436979
0.106901416684653,0.008,-0.00104834970568234
0.109083078249646,0.008,-0.00104662691639636
0.111264739814638,0.008,-0.00104503427328367
0.113446401379631,0.008,-0.00104333153856618
0.115628062944624,0.008,-0.001041415204144
0.117809724509617,0.008,-0.0010392457289456
0.11999138607461,0.008,-0.00103675913086861
0.122173047639603,0.008,-0.00103398072707101
0.124354709204596,0.008,-0.0010311268601785
0.126536370769589,0.008,-0.00102822212150578
0.128718032334582,0.008,-0.00102525781781624
0.130899693899575,0.008,-0.00102222447681079
0.133081355464568,0.008,-0.00101911560574576
0.135263017029561,0.008,-0.00101593393661325
0.137444678594553,0.008,-0.00101265668547294
0.139626340159546,0.008,-0.00100926421188262
0.141808001724539,0.008,-0.00100571263421513
0.143989663289532,0.008,-0.00100197967820095
0.146171324854525,0.008,-0.000998022440097528
0.148352986419518,0.008,-0.000993828604000674
0.150534647984511,0.008,-0.000989404010854763
0.152716309549504,0.008,-0.000984730107209272
0.154897971114497,0.008,-0.000980056439075642
0.15707963267949,0.008,-0.000975621444566028
0.159261294244483,0.008,-0.000971499560823122
0.161442955809475,0.008,-0.00096772061278642
0.163624617374468,0.008,-0.000964266069264586
0.165806278939461,0.008,-0.000961025320732107
0.167987940504454,0.008,-0.000958025967191667
0.170169602069447,0.008,-0.000955290104491441
0.17235126363444,0.008,-0.000952832879080994
0.174532925199433,0.008,-0.000950648678639044
0.176714586764426,0.008,-0.000948432775912718
0.178896248329419,0.008,-0.000946175587306457
0.181077909894412,0.008,-0.000943905550637888
0.183259571459405,0.008,-0.000941652687206161
0.185441233024398,0.008,-0.00093944165961439
0.18762289458939,0.008,-0.000937269623618195
0.189804556154383,0.008,-0.000935111922503753
0.191986217719376,0.008,-0.000932977730837768
0.10471975511966,0.00825,-0.00108388995742791
0.106901416684653,0.00825,-0.00108203173375688
0.109083078249646,0.00825,-0.00108023420633736
0.111264739814638,0.00825,-0.00107851990384187
0.113446401379631,0.00825,-0.00107673488991272
0.115628062944624,0.00825,-0.00107475796854098
0.117809724509617,0.00825,-0.00107253719145853
0.11999138607461,0.00825,-0.00107001212628854
0.122173047639603,0.00825,-0.00106717146396687
0.124354709204596,0.00825,-0.00106422534465036
0.126536370769589,0.00825,-0.00106122742923998
0.128718032334582,0.00825,-0.0010581702702948
0.130899693899575,0.00825,-0.00105504344085112
0.133081355464568,0.00825,-0.00105183953688853
0.135263017029561,0.00825,-0.00104856016477021
0.137444678594553,0.00825,-0.00104518495654927
0.139626340159546,0.00825,-0.00104169173867778
0.141808001724539,0.00825,-0.00103803757116122
0.143989663289532,0.00825,-0.00103419824762482
0.146171324854525,0.00825,-0.00103013322909807
0.148352986419518,0.00825,-0.00102582928780763
0.150534647984511,0.00825,-0.00102128281044317
0.152716309549504,0.00825,-0.00101648406132119
0.154897971114497,0.00825,-0.00101167984286247
0.15707963267949,0.00825,-0.00100710629307786
0.159261294244483,0.00825,-0.00100283868051825
0.161442955809475,0.00825,-0.000998914869981241
0.163624617374468,0.00825,-0.000995309917737768
0.165806278939461,0.00825,-0.000991920387520522
0.167987940504454,0.00825,-0.000988752551898556
0.170169602069447,0.00825,-0.000985834116575957
0.17235126363444,0.00825,-0.000983187595024462
0.174532925199433,0.00825,-0.000980835244842802
0.176714586764426,0.00825,-0.000978558324025655
0.178896248329419,0.00825,-0.000976234377195836
0.181077909894412,0.00825,-0.000973895884912041
0.183259571459405,0.00825,-0.000971572674210706
0.185441233024398,0.00825,-0.000969289237432646
0.18762289458939,0.00825,-0.000967047214934735
0.189804556154383,0.00825,-0.000964823388102064
0.191986217719376,0.00825,-0.000962625496042905
0.10471975511966,0.0085,-0.00111762031890704
0.106901416684653,0.0085,-0.00111573105155065
0.109083078249646,0.0085,-0.00111390343859686
0.111264739814638,0.0085,-0.00111215043262041
0.113446401379631,0.0085,-0.00111024889427707
0.115628062944624,0.0085,-0.00110818239084455
0.117809724509617,0.0085,-0.00110589816285446
0.11999138607461,0.0085,-0.0011033254478598
0.122173047639603,0.0085,-0.00110043315349256
0.124354709204596,0.0085,-0.00109739367789058
0.126536370769589,0.0085,-0.00109429960833517
0.128718032334582,0.0085,-0.00109114704633552
0.130899693899575,0.0085,-0.00108792467537684
0.133081355464568,0.0085,-0.00108462450650239
0.135263017029561,0.0085,-0.00108124843654664
0.137444678594553,0.0085,-0.00107777298768756
0.139626340159546,0.0085,-0.00107417843623637
0.141808001724539,0.0085,-0.00107042066369164
0.143989663289532,0.0085,-0.00106647702270433
0.146171324854525,0.0085,-0.00106230153435375
0.148352986419518,0.0085,-0.00105788773059533
0.150534647984511,0.0085,-0.0010532206486469
0.152716309549504,0.0085,-0.00104830139731346
0.154897971114497,0.0085,-0.00104336299233569
0.15707963267949,0.0085,-0.00103865060885558
0.159261294244483,0.0085,-0.00103424528497605
0.161442955809475,0.0085,-0.0010301723908664
0.163624617374468,0.0085,-0.00102641213366377
0.165806278939461,0.0085,-0.00102288039584046
0.167987940504454,0.0085,-0.00101954385765476
0.170169602069447,0.0085,-0.00101644969426012
0.17235126363444,0.0085,-0.00101361026446192
0.174532925199433,0.0085,-0.00101105898907489
0.176714586764426,0.0085,-0.0010087083864819
0.178896248329419,0.0085,-0.00100632069499307
0.181077909894412,0.0085,-0.00100391354196344
0.183259571459405,0.0085,-0.00100151777499146
0.185441233024398,0.0085,-0.000999160692011021
0.18762289458939,0.0085,-0.000996850472799678
0.189804556154383,0.0085,-0.000994559875018915
0.191986217719376,0.0085,-0.000992295472903333
0.10471975511966,0.00875,-0.00115136803181296
0.106901416684653,0.00875,-0.00114944638547862
0.109083078249646,0.00875,-0.00114758925060359
0.111264739814638,0.00875,-0.00114581182420983
0.113446401379631,0.00875,-0.00114388814779531
0.115628062944624,0.00875,-0.00114173880693519
0.117809724509617,0.00875,-0.00113934748932398
0.11999138607461,0.00875,-0.00113671081551505
0.122173047639603,0.00875,-0.00113376226933159
0.124354709204596,0.00875,-0.00113063260337399
0.126536370769589,0.00875,-0.00112744112168609
0.128718032334582,0.00875,-0.00112419063670445
0.130899693899575,0.00875,-0.00112087224722409
0.133081355464568,0.00875,-0.00111747606937032
0.135263017029561,0.00875,-0.00111400115483833
0.137444678594553,0.00875,-0.00111042462924076
0.139626340159546,0.00875,-0.00110672587649177
0.141808001724539,0.00875,-0.00110286499709031
0.143989663289532,0.00875,-0.00109881497771562
0.146171324854525,0.00875,-0.00109453240233845
0.148352986419518,0.00875,-0.00109000456486579
0.150534647984511,0.00875,-0.00108522135347004
0.152716309549504,0.00875,-0.00108017741982287
0.154897971114497,0.00875,-0.00107510770697636
0.15707963267949,0.00875,-0.0010702623430328
0.159261294244483,0.00875,-0.00106571417380047
0.161442955809475,0.00875,-0.00106149319877062
0.163624617374468,0.00875,-0.00105757859255173
0.165806278939461,0.00875,-0.00105390615215251
0.167987940504454,0.00875,-0.00105040134423476
0.170169602069447,0.00875,-0.00104713114165754
0.17235126363444,0.00875,-0.00104410625301251
0.174532925199433,0.00875,-0.00104134958021598
0.176714586764426,0.00875,-0.00103888733150789
0.178896248329419,0.00875,-0.0010364336397309
0.181077909894412,0.00875,-0.00103395796263744
0.183259571459405,0.00875,-0.00103149170670586
0.185441233024398,0.00875,-0.00102905960898943
0.18762289458939,0.00875,-0.00102667764166648
0.189804556154383,0.00875,-0.00102432106666066
0.191986217719376,0.00875,-0.0010219903260036
0.10471975511966,0.009,-0.00118513560766893
0.106901416684653,0.009,-0.00118317893242918
0.109083078249646,0.009,-0.00118129332039743
0.111264739814638,0.009,-0.00117948865414699
0.113446401379631,0.009,-0.00117754382496386
0.115628062944624,0.009,-0.00117537878466866
0.117809724509617,0.009,-0.00117294076896188
0.11999138607461,0.009,-0.00117019645223403
0.122173047639603,0.009,-0.00116717198024364
0.124354709204596,0.009,-0.00116395394527254
0.126536370769589,0.009,-0.00116065714225606
0.128718032334582,0.009,-0.00115730823782924
0.130899693899575,0.009,-0.00115389150214962
0.133081355464568,0.009,-0.00115039511828333
0.135263017029561,0.009,-0.00114682013612023
0.137444678594553,0.009,-0.00114314204729288
0.139626340159546,0.009,-0.00113933947913912
0.141808001724539,0.009,-0.00113536962160518
0.143989663289532,0.009,-0.00113121303582815
0.146171324854525,0.009,-0.00112682344002965
0.148352986419518,0.009,-0.00112218186458943
0.150534647984511,0.009,-0.0011172841430403
0.152716309549504,0.009,-0.00111211379667703
0.154897971114497,0.009,-0.00110691766806735
0.15707963267949,0.009,-0.00110193592002041
0.159261294244483,0.009,-0.00109724505867067
0.161442955809475,0.009,-0.00109287804959852
0.163624617374468,0.009,-0.00108881482057793
0.165806278939461,0.009,-0.00108499983380179
0.167987940504454,0.009,-0.00108133284016645
0.170169602069447,0.009,-0.00107788271152923
0.17235126363444,0.009,-0.00107466922621962
0.174532925199433,0.009,-0.00107171281136926
0.176714586764426,0.009,-0.00106909402022799
0.178896248329419,0.009,-0.00106657477109663
0.181077909894412,0.009,-0.00106403058946585
0.183259571459405,0.009,-0.00106149108167108
0.185441233024398,0.009,-0.00105898574615843
0.18762289458939,0.009,-0.00105653187626484
0.189804556154383,0.009,-0.00105410633408724
0.191986217719376,0.009,-0.00105170879544588
0.10471975511966,0.00925,-0.00121892027019635
0.106901416684653,0.00925,-0.00121692827952107
0.109083078249646,0.00925,-0.00121501425114517
0.111264739814638,0.00925,-0.00121318180947772
0.113446401379631,0.00925,-0.00121121675461388
0.115628062944624,0.00925,-0.00120903352072499
0.117809724509617,0.00925,-0.00120658258867222
0.11999138607461,0.00925,-0.00120382403677325
0.122173047639603,0.00925,-0.00120070000422185
0.124354709204596,0.00925,-0.00119736959965065
0.126536370769589,0.00925,-0.0011939589148423
0.128718032334582,0.00925,-0.00119050395453559
0.130899693899575,0.00925,-0.00118698326479567
0.133081355464568,0.00925,-0.0011833845067897
0.135263017029561,0.00925,-0.00117970645869028
0.137444678594553,0.00925,-0.00117592475463459
0.139626340159546,0.00925,-0.00117201811909198
0.141808001724539,0.00925,-0.00116794087135196
0.143989663289532,0.00925,-0.00116367328057197
0.146171324854525,0.00925,-0.00115917717533996
0.148352986419518,0.00925,-0.00115442290681013
0.150534647984511,0.00925,-0.00114940677754874
0.152716309549504,0.00925,-0.00114411373583204
0.154897971114497,0.00925,-0.00113878988794316
0.15707963267949,0.00925,-0.00113367083650883
0.159261294244483,0.00925,-0.00112884092492206
0.161442955809475,0.00925,-0.00112433186581958
0.163624617374468,0.00925,-0.00112011561466458
0.165806278939461,0.00925,-0.00111615462988259
0.167987940504454,0.00925,-0.00111232985364854
0.170169602069447,0.00925,-0.00110870547559643
0.17235126363444,0.00925,-0.00110530254869778
0.174532925199433,0.00925,-0.00110214636264244
0.176714586764426,0.00925,-0.00109932903741961
0.178896248329419,0.00925,-0.00109674300763105
0.181077909894412,0.00925,-0.00109412969375064
0.183259571459405,0.00925,-0.0010915201581271
0.185441233024398,0.00925,-0.00108893986347781
0.18762289458939,0.00925,-0.00108641067416521
0.189804556154383,0.00925,-0.00108391751092991
0.191986217719376,0.00925,-0.00108145155086405
0.10471975511966,0.0095,-0.00125272259136999
0.106901416684653,0.0095,-0.00125069475331943
0.109083078249646,0.0095,-0.00124875121959376
0.111264739814638,0.0095,-0.00124689029331831
0.113446401379631,0.0095,-0.00124490493131882
0.115628062944624,0.0095,-0.00124270315372931
0.117809724509617,0.0095,-0.00124023903282548
0.11999138607461,0.0095,-0.00123747418785939
0.122173047639603,0.0095,-0.00123434598177233
0.124354709204596,0.0095,-0.00123092463102011
0.126536370769589,0.0095,-0.00122736571517576
0.128718032334582,0.0095,-0.00122378854186714
0.130899693899575,0.0095,-0.00122015562929307
0.133081355464568,0.0095,-0.00121644882299781
0.135263017029561,0.0095,-0.00121266458837093
0.137444678594553,0.0095,-0.00120877716458629
0.139626340159546,0.0095,-0.00120476362373036
0.141808001724539,0.0095,-0.00120057898929799
0.143989663289532,0.0095,-0.00119619950522515
0.146171324854525,0.0095,-0.00119159252398913
0.148352986419518,0.0095,-0.00118672800100423
0.150534647984511,0.0095,-0.00118159155346474
0.152716309549504,0.0095,-0.00117617914878011
0.154897971114497,0.0095,-0.0011707246029113
0.15707963267949,0.0095,-0.00116547012228924
0.159261294244483,0.0095,-0.00116050399761453
0.161442955809475,0.0095,-0.00115584959445011
0.163624617374468,0.0095,-0.00115148143442563
0.165806278939461,0.0095,-0.00114737172383263
0.167987940504454,0.0095,-0.00114339339907606
0.170169602069447,0.0095,-0.00113959462581874
0.17235126363444,0.0095,-0.00113600864988586
0.174532925199433,0.0095,-0.00113264906308
0.176714586764426,0.0095,-0.00112962065118738
0.178896248329419,0.0095,-0.00112694080001207
0.181077909894412,0.0095,-0.00112425888294273
0.183259571459405,0.0095,-0.00112157624942947
0.185441233024398,0.0095,-0.00111892055065817
0.18762289458939,0.0095,-0.00111631582624368
0.189804556154383,0.0095,-0.00111375389885688
0.191986217719376,0.0095,-0.00111121945884309
0.10471975511966,0.00975,-0.00128654283191766
0.106901416684653,0.00975,-0.00128447852567277
0.109083078249646,0.00975,-0.00128250410614145
0.111264739814638,0.00975,-0.00128061507706407
0.113446401379631,0.00975,-0.00127860855210916
0.115628062944624,0.00975,-0.00127638690287279
0.117809724509617,0.00975,-0.00127391209070515
0.11999138607461,0.00975,-0.00127113817832954
0.122173047639603,0.00975,-0.00126800880548818
0.124354709204596,0.00975,-0.00126456317676455
0.126536370769589,0.00975,-0.00126093286389247
0.128718032334582,0.00975,-0.00125718630244179
0.130899693899575,0.00975,-0.0012534203516576
0.133081355464568,0.00975,-0.00124959642211679
0.135263017029561,0.00975,-0.00124570007500436
0.137444678594553,0.00975,-0.00124170213856303
0.139626340159546,0.00975,-0.00123757919636585
0.141808001724539,0.00975,-0.0012332842432648
0.143989663289532,0.00975,-0.00122879462230595
0.146171324854525,0.00975,-0.00122407214116329
0.148352986419518,0.00975,-0.00121909627981884
0.150534647984511,0.00975,-0.00121384224369442
0.152716309549504,0.00975,-0.00120830663118057
0.154897971114497,0.00975,-0.00120272196435538
0.15707963267949,0.00975,-0.00119733888901957
0.159261294244483,0.00975,-0.0011922314534831
0.161442955809475,0.00975,-0.00118743232785629
0.163624617374468,0.00975,-0.00118291756471629
0.165806278939461,0.00975,-0.00117865923395607
0.167987940504454,0.00975,-0.00117453226323364
0.170169602069447,0.00975,-0.00117055760550894
0.17235126363444,0.00975,-0.00116678293433411
0.174532925199433,0.00975,-0.00116322841505297
0.176714586764426,0.00975,-0.00115998743191756
0.178896248329419,0.00975,-0.00115716740137292
0.181077909894412,0.00975,-0.00115441523506079
0.183259571459405,0.00975,-0.00115166036931369
0.185441233024398,0.00975,-0.00114893051226747
0.18762289458939,0.00975,-0.00114624850577619
0.189804556154383,0.00975,-0.00114361523048612
0.191986217719376,0.00975,-0.00114101228111778
0.10471975511966,0.01,-0.00132037981566507
0.106901416684653,0.01,-0.00131828133990912
0.109083078249646,0.01,-0.0013162742924436
0.111264739814638,0.01,-0.00131435866519728
0.113446401379631,0.01,-0.00131232794112199
0.115628062944624,0.01,-0.00131008617788706
0.117809724509617,0.01,-0.00130759893068522
0.11999138607461,0.01,-0.00130481608787784
0.122173047639603,0.01,-0.00130168298497399
0.124354709204596,0.01,-0.00129821904231187
0.126536370769589,0.01,-0.00129455776019538
0.128718032334582,0.01,-0.00129074199927014
0.130899693899575,0.01,-0.00128681800774109
0.133081355464568,0.01,-0.00128284151840666
0.135263017029561,0.01,-0.00127882207198984
0.137444678594553,0.01,-0.00127470775085598
0.139626340159546,0.01,-0.00127046940394985
0.141808001724539,0.01,-0.00126606162179154
0.143989663289532,0.01,-0.00126145776325157
0.146171324854525,0.01,-0.00125662318990993
0.148352986419518,0.01,-0.00125152996034684
0.150534647984511,0.01,-0.00124616093418139
0.152716309549504,0.01,-0.00124050036237337
0.154897971114497,0.01,-0.00123478991784075
0.15707963267949,0.01,-0.00122927051393035
0.159261294244483,0.01,-0.00122402336065708
0.161442955809475,0.01,-0.00121908569571414
0.163624617374468,0.01,-0.00121442136021266
0.165806278939461,0.01,-0.00121000943468903
0.167987940504454,0.01,-0.00120573900580496
0.170169602069447,0.01,-0.00120159118247758
0.17235126363444,0.01,-0.00119763115073498
0.174532925199433,0.01,-0.00119387669525961
0.176714586764426,0.01,-0.00119042382739992
0.178896248329419,0.01,-0.00118742179992002
0.181077909894412,0.01,-0.00118460120343074
0.183259571459405,0.01,-0.00118177461360339
0.185441233024398,0.01,-0.0011789688004236
0.18762289458939,0.01,-0.00117620853309675
0.189804556154383,0.01,-0.00117350439173603
0.191986217719376,0.01,-0.00117083046009963
