source,theta_report_deg,offset_deg,memory,omega_rad_s,G_real_CT_per_rad,G_imag_CT_per_rad,static_slope_CT_per_rad
OFF,7,-1,PP,0.1,0.053080650556857,5.19612325558934e-05,0.0530805398248293
OFF,7,-1,PP,0.105925372517729,0.053080664068139,5.50400986502987e-05,0.0530805398248293
OFF,7,-1,PP,0.112201845430196,0.053080679228029,5.83013932809696e-05,0.0530805398248293
OFF,7,-1,PP,0.118850222743702,0.0530806962376828,6.17559249345452e-05,0.0530805398248293
OFF,7,-1,PP,0.125892541179417,0.0530807153228001,6.54151423364838e-05,0.0530805398248293
OFF,7,-1,PP,0.133352143216332,0.0530807367366183,6.92911723490926e-05,0.0530805398248293
OFF,7,-1,PP,0.141253754462275,0.0530807607632727,7.33968601078997e-05,0.0530805398248293
OFF,7,-1,PP,0.149623565609443,0.053080787721566,7.77458115276289e-05,0.0530805398248293
OFF,7,-1,PP,0.158489319246111,0.0530808179691976,8.2352438316561e-05,0.0530805398248293
OFF,7,-1,PP,0.167880401812256,0.0530808519075091,8.72320056459803e-05,0.0530805398248293
OFF,7,-1,PP,0.177827941003892,0.0530808899868084,9.24006826297329e-05,0.0530805398248293
OFF,7,-1,PP,0.18836490894898,0.0530809327123434,9.78755957776792e-05,0.0530805398248293
OFF,7,-1,PP,0.199526231496888,0.0530809806510039,0.000103674885596009,0.0530805398248293
OFF,7,-1,PP,0.211348903983665,0.0530810344388412,0.000109817766517034,0.0530805398248293
OFF,7,-1,PP,0.223872113856834,0.0530810947895048,0.00011632459035115,0.0530805398248293
OFF,7,-1,PP,0.237137370566166,0.0530811625037074,0.000123216913464242,0.0530805398248293
OFF,7,-1,PP,0.251188643150958,0.0530812384798446,0.000130517567894801,0.0530805398248293
OFF,7,-1,PP,0.266072505979881,0.053081323725909,0.000138250736636498,0.0530805398248293
OFF,7,-1,PP,0.281838293126445,0.0530814193728567,0.000146442033323929,0.0530805398248293
OFF,7,-1,PP,0.298538261891796,0.0530815266896038,0.000155118586571537,0.0530805398248293
OFF,7,-1,PP,0.316227766016838,0.05308164709985,0.000164309129228567,0.0530805398248293
OFF,7,-1,PP,0.334965439157828,0.0530817822009524,0.000174044092825989,0.0530805398248293
OFF,7,-1,PP,0.354813389233576,0.0530819337851001,0.000184355707504837,0.0530805398248293
OFF,7,-1,PP,0.375837404288444,0.0530821038630675,0.00019527810772909,0.0530805398248293
OFF,7,-1,PP,0.398107170553497,0.0530822946908607,0.000206847444100152,0.0530805398248293
OFF,7,-1,PP,0.421696503428582,0.0530825087996103,0.000219102001603899,0.0530805398248293
OFF,7,-1,PP,0.446683592150963,0.0530827490291019,0.000232082324635133,0.0530805398248293
OFF,7,-1,PP,0.473151258961481,0.0530830185653891,0.000245831349157895,0.0530805398248293
OFF,7,-1,PP,0.501187233627272,0.0530833209829827,0.000260394542373208,0.0530805398248293
OFF,7,-1,PP,0.530884444230988,0.0530836602921724,0.000275820050278181,0.0530805398248293
OFF,7,-1,PP,0.562341325190349,0.0530840409921016,0.000292158853511752,0.0530805398248293
OFF,7,-1,PP,0.59566214352901,0.0530844681302939,0.000309464931892133,0.0530805398248293
OFF,7,-1,PP,0.630957344480193,0.0530849473694104,0.000327795438058906,0.0530805398248293
OFF,7,-1,PP,0.668343917568615,0.0530854850621134,0.000347210880638025,0.0530805398248293
OFF,7,-1,PP,0.707945784384138,0.0530860883350132,0.000367775317350002,0.0530805398248293
OFF,7,-1,PP,0.749894209332456,0.0530867651827958,0.000389556558479455,0.0530805398248293
OFF,7,-1,PP,0.794328234724281,0.0530875245737553,0.000412626381116953,0.0530805398248293
OFF,7,-1,PP,0.841395141645195,0.0530883765681026,0.000437060754570372,0.0530805398248293
OFF,7,-1,PP,0.891250938133745,0.0530893324505838,0.00046294007732145,0.0530805398248293
OFF,7,-1,PP,0.944060876285923,0.0530904048791214,0.00049034942587194,0.0530805398248293
OFF,7,-1,PP,1,0.0530916080513918,0.000519378815780748,0.0530805398248293
OFF,7,-1,PP,1.05925372517729,0.0530929578914765,0.00055012347513608,0.0530805398248293
OFF,7,-1,PP,1.12201845430196,0.0530944722589716,0.000582684130631934,0.0530805398248293
OFF,7,-1,PP,1.18850222743702,0.0530961711832131,0.000617167306322751,0.0530805398248293
OFF,7,-1,PP,1.25892541179417,0.0530980771255809,0.000653685635009319,0.0530805398248293
OFF,7,-1,PP,1.33352143216332,0.0531002152731778,0.000692358182058308,0.0530805398248293
OFF,7,-1,PP,1.41253754462275,0.0531026138675491,0.00073331078127097,0.0530805398248293
OFF,7,-1,PP,1.49623565609443,0.0531053045725151,0.000776676382186769,0.0530805398248293
OFF,7,-1,PP,1.58489319246111,0.0531083228856309,0.000822595407926696,0.0530805398248293
OFF,7,-1,PP,1.67880401812256,0.0531117085982765,0.000871216122339211,0.0530805398248293
OFF,7,-1,PP,1.77827941003892,0.0531155063099045,0.000922695004797697,0.0530805398248293
OFF,7,-1,PP,1.8836490894898,0.0531197660025458,0.000977197130499005,0.0530805398248293
OFF,7,-1,PP,1.99526231496888,0.053124543682289,0.0010348965535124,0.0530805398248293
OFF,7,-1,PP,2.11348903983665,0.0531299020951036,0.00109597668910938,0.0530805398248293
OFF,7,-1,PP,2.23872113856834,0.053135911525077,0.00116063069104635,0.0530805398248293
OFF,7,-1,PP,2.37137370566166,0.0531426506838605,0.00122906181845032,0.0530805398248293
OFF,7,-1,PP,2.51188643150958,0.0531502077008806,0.00130148378574494,0.0530805398248293
OFF,7,-1,PP,2.66072505979881,0.0531586812246355,0.00137812108761901,0.0530805398248293
OFF,7,-1,PP,2.81838293126445,0.0531681816461636,0.00145920928934638,0.0530805398248293
OFF,7,-1,PP,2.98538261891796,0.0531788324565048,0.00154499527077517,0.0530805398248293
OFF,7,-1,PP,3.16227766016838,0.0531907717506477,0.00163573740997035,0.0530805398248293
OFF,7,-1,PP,3.34965439157828,0.0532041538910271,0.00173170568976815,0.0530805398248293
OFF,7,-1,PP,3.54813389233576,0.0532191513440406,0.00183318170733051,0.0530805398248293
OFF,7,-1,PP,3.75837404288444,0.0532359567032289,0.00194045856311548,0.0530805398248293
OFF,7,-1,PP,3.98107170553497,0.053254784912612,0.00205384060144771,0.0530805398248293
OFF,7,-1,PP,4.21696503428582,0.0532758757030785,0.0021736429700226,0.0530805398248293
OFF,7,-1,PP,4.46683592150963,0.0532994962535435,0.00230019096015441,0.0530805398248293
OFF,7,-1,PP,4.73151258961481,0.0533259440866392,0.00243381908333582,0.0530805398248293
OFF,7,-1,PP,5.01187233627272,0.0533555502057647,0.00257486983268327,0.0530805398248293
OFF,7,-1,PP,5.30884444230988,0.0533886824761296,0.00272369207009146,0.0530805398248293
OFF,7,-1,PP,5.62341325190349,0.0534257492466568,0.00288063897144149,0.0530805398248293
OFF,7,-1,PP,5.9566214352901,0.0534672032018966,0.0030460654530828,0.0530805398248293
OFF,7,-1,PP,6.30957344480193,0.053513545422997,0.00322032499319525,0.0530805398248293
OFF,7,-1,PP,6.68343917568615,0.0535653296237876,0.0034037657517905,0.0530805398248293
OFF,7,-1,PP,7.07945784384138,0.0536231665115954,0.0035967258834203,0.0530805398248293
OFF,7,-1,PP,7.49894209332456,0.0536877282019409,0.00379952792768458,0.0530805398248293
OFF,7,-1,PP,7.94328234724281,0.0537597525911208,0.00401247215515341,0.0530805398248293
OFF,7,-1,PP,8.41395141645195,0.0538400475602789,0.00423582874138297,0.0530805398248293
OFF,7,-1,PP,8.91250938133745,0.0539294948483768,0.00446982864069277,0.0530805398248293
OFF,7,-1,PP,9.44060876285924,0.0540290533891354,0.00471465303603359,0.0530805398248293
OFF,7,-1,PP,10,0.0541397618584665,0.00497042125379579,0.0530805398248293
OFF,7,-1,PP,10.5925372517729,0.0542627401245214,0.00523717705542162,0.0530805398248293
OFF,7,-1,PP,11.2201845430196,0.0543991892332976,0.00551487325427383,0.0530805398248293
OFF,7,-1,PP,11.8850222743702,0.0545503895007065,0.00580335465983657,0.0530805398248293
OFF,7,-1,PP,12.5892541179417,0.0547176962202699,0.00610233942566661,0.0530805398248293
OFF,7,-1,PP,13.3352143216332,0.0549025324388703,0.00641139897620911,0.0530805398248293
OFF,7,-1,PP,14.1253754462275,0.0551063782077322,0.00672993681379085,0.0530805398248293
OFF,7,-1,PP,14.9623565609443,0.0553307556906672,0.00705716666284371,0.0530805398248293
OFF,7,-1,PP,15.8489319246111,0.0555772095173447,0.00739209059376603,0.0530805398248293
OFF,7,-1,PP,16.7880401812256,0.0558472818187318,0.0077334779808496,0.0530805398248293
OFF,7,-1,PP,17.7827941003892,0.0561424814891184,0.00807984638017087,0.0530805398248293
OFF,7,-1,PP,18.836490894898,0.0564642473988458,0.00842944565150305,0.0530805398248293
OFF,7,-1,PP,19.9526231496888,0.0568139055470355,0.00878024687370323,0.0530805398248293
OFF,7,-1,PP,21.1348903983665,0.0571926205031935,0.00912993778887356,0.0530805398248293
OFF,7,-1,PP,22.3872113856834,0.0576013419420324,0.0094759266229856,0.0530805398248293
OFF,7,-1,PP,23.7137370566166,0.0580407476174072,0.00981535613019666,0.0530805398248293
OFF,7,-1,PP,25.1188643150958,0.0585111847240361,0.0101451295533291,0.0530805398248293
OFF,7,-1,PP,26.6072505979881,0.0590126122168315,0.0104619498460195,0.0530805398248293
OFF,7,-1,PP,28.1838293126445,0.0595445472354537,0.0107623729360932,0.0530805398248293
OFF,7,-1,PP,29.8538261891796,0.0601060192377923,0.0110428750181295,0.0530805398248293
OFF,7,-1,PP,31.6227766016838,0.0606955356921614,0.0112999328683483,0.0530805398248293
OFF,7,-1,PP,33.4965439157828,0.0613110631270775,0.0115301150351829,0.0530805398248293
OFF,7,-1,PP,35.4813389233575,0.0619500269193228,0.0117301805705222,0.0530805398248293
OFF,7,-1,PP,37.5837404288444,0.0626093323794655,0.0118971808591171,0.0530805398248293
OFF,7,-1,PP,39.8107170553497,0.0632854084831437,0.0120285592263167,0.0530805398248293
OFF,7,-1,PP,42.1696503428582,0.0639742740705123,0.0121222425048891,0.0530805398248293
OFF,7,-1,PP,44.6683592150963,0.0646716246300541,0.0121767187398544,0.0530805398248293
OFF,7,-1,PP,47.315125896148,0.0653729360791529,0.0121910957711394,0.0530805398248293
OFF,7,-1,PP,50.1187233627273,0.0660735804582502,0.0121651365479479,0.0530805398248293
OFF,7,-1,PP,53.0884444230988,0.0667689473635703,0.0120992686043684,0.0530805398248293
OFF,7,-1,PP,56.2341325190349,0.0674545644054293,0.0119945669976582,0.0530805398248293
OFF,7,-1,PP,59.566214352901,0.0681262100710254,0.0118527119643506,0.0530805398248293
OFF,7,-1,PP,63.0957344480193,0.0687800130792855,0.0116759243564649,0.0530805398248293
OFF,7,-1,PP,66.8343917568615,0.0694125335412555,0.0114668833770581,0.0530805398248293
OFF,7,-1,PP,70.7945784384138,0.0700208228161173,0.0112286320951806,0.0530805398248293
OFF,7,-1,PP,74.9894209332456,0.0706024606780523,0.0109644766168285,0.0530805398248293
OFF,7,-1,PP,79.4328234724281,0.0711555700805067,0.0106778846340668,0.0530805398248293
OFF,7,-1,PP,84.1395141645195,0.0716788112510102,0.0103723884524256,0.0530805398248293
OFF,7,-1,PP,89.1250938133746,0.0721713579534849,0.0100514966374951,0.0530805398248293
OFF,7,-1,PP,94.4060876285924,0.0726328594595201,0.00971861727614108,0.0530805398248293
OFF,7,-1,PP,100,0.0730633920771373,0.00937699466138097,0.0530805398248293
OFF,7,-1,CF,0.1,0.0530808104879439,8.12373842274424e-05,0.0530805398248293
OFF,7,-1,CF,0.105925372517729,0.0530808435134274,8.60508853138797e-05,0.0530805398248293
OFF,7,-1,CF,0.112201845430196,0.0530808805685229,9.11495823007883e-05,0.0530805398248293
OFF,7,-1,CF,0.118850222743702,0.0530809221448898,9.6550369966407e-05,0.0530805398248293
OFF,7,-1,CF,0.125892541179417,0.0530809687941719,0.000102271143386927,0.0530805398248293
OFF,7,-1,CF,0.133352143216332,0.0530810211353148,0.000108330857060742,0.0530805398248293
OFF,7,-1,CF,0.141253754462275,0.0530810798627756,0.000114749587508304,0.0530805398248293
OFF,7,-1,CF,0.149623565609443,0.0530811457557335,0.000121548599548296,0.0530805398248293
OFF,7,-1,CF,0.158489319246111,0.0530812196884244,0.000128750416461752,0.0530805398248293
OFF,7,-1,CF,0.167880401812256,0.0530813026417341,0.000136378894267116,0.0530805398248293
OFF,7,-1,CF,0.177827941003892,0.0530813957162066,0.000144459300341068,0.0530805398248293
OFF,7,-1,CF,0.18836490894898,0.0530815001466364,0.000153018396632179,0.0530805398248293
OFF,7,-1,CF,0.199526231496888,0.0530816173184408,0.000162084527727181,0.0530805398248293
OFF,7,-1,CF,0.211348903983665,0.053081748786027,0.000171687714042642,0.0530805398248293
OFF,7,-1,CF,0.223872113856834,0.0530818962933971,0.000181859750428275,0.0530805398248293
OFF,7,-1,CF,0.237137370566166,0.0530820617972638,0.000192634310481763,0.0530805398248293
OFF,7,-1,CF,0.251188643150958,0.0530822474929816,0.00020404705688882,0.0530805398248293
OFF,7,-1,CF,0.266072505979881,0.0530824558436366,0.000216135758116188,0.0530805398248293
OFF,7,-1,CF,0.281838293126445,0.0530826896126772,0.000228940411799129,0.0530805398248293
OFF,7,-1,CF,0.298538261891796,0.0530829519005183,0.000242503375178676,0.0530805398248293
OFF,7,-1,CF,0.316227766016838,0.0530832461855981,0.000256869502957168,0.0530805398248293
OFF,7,-1,CF,0.334965439157828,0.0530835763704311,0.000272086292953149,0.0530805398248293
OFF,7,-1,CF,0.354813389233576,0.0530839468332603,0.000288204039948345,0.0530805398248293
OFF,7,-1,CF,0.375837404288444,0.0530843624859885,0.000305275998129624,0.0530805398248293
OFF,7,-1,CF,0.398107170553497,0.0530848288391478,0.000323358552537217,0.0530805398248293
OFF,7,-1,CF,0.421696503428582,0.0530853520747589,0.000342511399936481,0.0530805398248293
OFF,7,-1,CF,0.446683592150963,0.0530859391280329,0.000362797739533322,0.0530805398248293
OFF,7,-1,CF,0.473151258961481,0.0530865977789819,0.000384284473952404,0.0530805398248293
OFF,7,-1,CF,0.501187233627272,0.0530873367551319,0.000407042420891297,0.0530805398248293
OFF,7,-1,CF,0.530884444230988,0.053088165846674,0.0004311465358517,0.0530805398248293
OFF,7,-1,CF,0.562341325190349,0.0530890960355462,0.00045667614632932,0.0530805398248293
OFF,7,-1,CF,0.59566214352901,0.0530901396401143,0.000483715197815198,0.0530805398248293
OFF,7,-1,CF,0.630957344480193,0.0530913104773175,0.000512352511921247,0.0530805398248293
OFF,7,-1,CF,0.668343917568615,0.0530926240443597,0.00054268205688906,0.0530805398248293
OFF,7,-1,CF,0.707945784384138,0.053094097722271,0.000574803230670747,0.0530805398248293
OFF,7,-1,CF,0.749894209332456,0.0530957510039285,0.000608821156680349,0.0530805398248293
OFF,7,-1,CF,0.794328234724281,0.0530976057494261,0.000644846992200025,0.0530805398248293
OFF,7,-1,CF,0.841395141645195,0.0530996864720058,0.0006829982492821,0.0530805398248293
OFF,7,-1,CF,0.891250938133745,0.0531020206581269,0.000723399127810383,0.0530805398248293
OFF,7,-1,CF,0.944060876285923,0.053104639125644,0.000766180860165201,0.0530805398248293
OFF,7,-1,CF,1,0.0531075764245025,0.000811482066668608,0.0530805398248293
OFF,7,-1,CF,1.05925372517729,0.0531108712848315,0.000859449120659697,0.0530805398248293
OFF,7,-1,CF,1.12201845430196,0.0531145671178368,0.000910236521654174,0.0530805398248293
OFF,7,-1,CF,1.18850222743702,0.0531187125754527,0.0009640072745645,0.0530805398248293
OFF,7,-1,CF,1.25892541179417,0.0531233621753189,0.0010209332723821,0.0530805398248293
OFF,7,-1,CF,1.33352143216332,0.053128576998295,0.00108119567903414,0.0530805398248293
OFF,7,-1,CF,1.41253754462275,0.053134425466412,0.00114498530830396,0.0530805398248293
OFF,7,-1,CF,1.49623565609443,0.0531409842098828,0.00121250299372352,0.0530805398248293
OFF,7,-1,CF,1.58489319246111,0.0531483390325457,0.0012839599431813,0.0530805398248293
OFF,7,-1,CF,1.67880401812256,0.0531565859858789,0.0013595780706095,0.0530805398248293
OFF,7,-1,CF,1.77827941003892,0.0531658325624944,0.00143959029548588,0.0530805398248293
OFF,7,-1,CF,1.8836490894898,0.0531761990207602,0.00152424079896898,0.0530805398248293
OFF,7,-1,CF,1.99526231496888,0.053187819852895,0.00161378522323684,0.0530805398248293
OFF,7,-1,CF,2.11348903983665,0.053200845409474,0.00170849079797142,0.0530805398248293
OFF,7,-1,CF,2.23872113856834,0.0532154436937392,0.00180863637487094,0.0530805398248293
OFF,7,-1,CF,2.37137370566166,0.0532318023393412,0.00191451234752411,0.0530805398248293
OFF,7,-1,CF,2.51188643150958,0.0532501307850774,0.00202642042988634,0.0530805398248293
OFF,7,-1,CF,2.66072505979881,0.0532706626597102,0.00214467326189911,0.0530805398248293
OFF,7,-1,CF,2.81838293126445,0.0532936583889249,0.00226959380543436,0.0530805398248293
OFF,7,-1,CF,2.98538261891796,0.053319408034731,0.00240151448767675,0.0530805398248293
OFF,7,-1,CF,3.16227766016838,0.0533482343749351,0.00254077604224319,0.0530805398248293
OFF,7,-1,CF,3.34965439157828,0.0533804962264386,0.00268772599076602,0.0530805398248293
OFF,7,-1,CF,3.54813389233576,0.0534165920107566,0.00284271669935491,0.0530805398248293
OFF,7,-1,CF,3.75837404288444,0.0534569635529323,0.00300610293537013,0.0530805398248293
OFF,7,-1,CF,3.98107170553497,0.053502100095529,0.00317823884042264,0.0530805398248293
OFF,7,-1,CF,4.21696503428582,0.0535525424971201,0.00335947422569529,0.0530805398248293
OFF,7,-1,CF,4.46683592150963,0.0536088875691344,0.00355015008590743,0.0530805398248293
OFF,7,-1,CF,4.73151258961481,0.0536717924854475,0.00375059321903894,0.0530805398248293
OFF,7,-1,CF,5.01187233627272,0.0537419791751358,0.00396110983101304,0.0530805398248293
OFF,7,-1,CF,5.30884444230988,0.0538202385797019,0.00418197799888942,0.0530805398248293
OFF,7,-1,CF,5.62341325190349,0.053907434621297,0.00441343886403382,0.0530805398248293
OFF,7,-1,CF,5.9566214352901,0.0540045076876069,0.0046556864298681,0.0530805398248293
OFF,7,-1,CF,6.30957344480193,0.0541124773919666,0.00490885584924264,0.0530805398248293
OFF,7,-1,CF,6.68343917568615,0.0542324443141998,0.00517301010673941,0.0530805398248293
OFF,7,-1,CF,7.07945784384138,0.0543655903694881,0.00544812503428754,0.0530805398248293
OFF,7,-1,CF,7.49894209332456,0.0545131773909763,0.00573407264773433,0.0530805398248293
OFF,7,-1,CF,7.94328234724281,0.0546765434496568,0.00603060286111416,0.0530805398248293
OFF,7,-1,CF,8.41395141645195,0.0548570963766293,0.00633732372797436,0.0530805398248293
OFF,7,-1,CF,8.91250938133745,0.0550563039041705,0.00665368047856513,0.0530805398248293
OFF,7,-1,CF,9.44060876285924,0.0552756798112474,0.00697893377034799,0.0530805398248293
OFF,7,-1,CF,10,0.0555167654564406,0.00731213774775341,0.0530805398248293
OFF,7,-1,CF,10.5925372517729,0.0557811061190398,0.00765211871329507,0.0530805398248293
OFF,7,-1,CF,11.2201845430196,0.0560702216613107,0.00799745543993833,0.0530805398248293
OFF,7,-1,CF,11.8850222743702,0.0563855711862094,0.00834646239268826,0.0530805398248293
OFF,7,-1,CF,12.5892541179417,0.0567285116087449,0.00869717735792481,0.0530805398248293
OFF,7,-1,CF,13.3352143216332,0.0571002503959417,0.00904735517703857,0.0530805398248293
OFF,7,-1,CF,14.1253754462275,0.0575017931635127,0.00939446941410397,0.0530805398248293
OFF,7,-1,CF,14.9623565609443,0.0579338873401447,0.00973572381733668,0.0530805398248293
OFF,7,-1,CF,15.8489319246111,0.0583969637017467,0.0100680753195356,0.0530805398248293
OFF,7,-1,CF,16.7880401812256,0.0588910781996947,0.01038827002424,0.0530805398248293
OFF,7,-1,CF,17.7827941003892,0.059415857101703,0.0106928931117481,0.0530805398248293
OFF,7,-1,CF,18.836490894898,0.0599704489566217,0.0109784328601842,0.0530805398248293
OFF,7,-1,CF,19.9526231496888,0.0605534871984174,0.0112413580262485,0.0530805398248293
OFF,7,-1,CF,21.1348903983665,0.0611630672312677,0.0114782067175297,0.0530805398248293
OFF,7,-1,CF,22.3872113856834,0.061796741511329,0.0116856837007731,0.0530805398248293
OFF,7,-1,CF,23.7137370566166,0.0624515354155608,0.0118607619507972,0.0530805398248293
OFF,7,-1,CF,25.1188643150958,0.0631239855649461,0.0120007832990965,0.0530805398248293
OFF,7,-1,CF,26.6072505979881,0.063810200808123,0.0121035524399374,0.0530805398248293
OFF,7,-1,CF,28.1838293126445,0.0645059443928881,0.0121674184237707,0.0530805398248293
OFF,7,-1,CF,29.8538261891796,0.0652067341304254,0.0121913381932452,0.0530805398248293
OFF,7,-1,CF,31.6227766016838,0.0659079557935721,0.0121749177054189,0.0530805398248293
OFF,7,-1,CF,33.4965439157828,0.0666049837871831,0.0121184276625711,0.0530805398248293
OFF,7,-1,CF,35.4813389233575,0.0672933024495144,0.0120227926938389,0.0530805398248293
OFF,7,-1,CF,37.5837404288444,0.0679686212840364,0.0118895547850001,0.0530805398248293
OFF,7,-1,CF,39.8107170553497,0.0686269779896735,0.0117208136155073,0.0530805398248293
OFF,7,-1,CF,42.1696503428582,0.0692648242738877,0.0115191480175413,0.0530805398248293
OFF,7,-1,CF,44.6683592150963,0.0698790909440948,0.0112875238594255,0.0530805398248293
OFF,7,-1,CF,47.315125896148,0.070467230481706,0.0110291941876472,0.0530805398248293
OFF,7,-1,CF,50.1187233627273,0.07102723700423,0.0107475974325682,0.0530805398248293
OFF,7,-1,CF,53.0884444230988,0.0715576450335624,0.0104462589611091,0.0530805398248293
OFF,7,-1,CF,56.2341325190349,0.0720575096809949,0.0101287003670328,0.0530805398248293
OFF,7,-1,CF,59.566214352901,0.0725263716604138,0.0097983597743614,0.0530805398248293
OFF,7,-1,CF,63.0957344480193,0.0729642109394943,0.00945852524067032,0.0530805398248293
OFF,7,-1,CF,66.8343917568615,0.0733713928726554,0.0091122822125754,0.0530805398248293
OFF,7,-1,CF,70.7945784384138,0.0737486104006566,0.00876247500011647,0.0530805398248293
OFF,7,-1,CF,74.9894209332456,0.0740968254373802,0.00841168145632277,0.0530805398248293
OFF,7,-1,CF,79.4328234724281,0.0744172119825922,0.0080621994937616,0.0530805398248293
OFF,7,-1,CF,84.1395141645195,0.0747111028779252,0.00771604373342003,0.0530805398248293
OFF,7,-1,CF,89.1250938133746,0.0749799415227819,0.0073749504353026,0.0530805398248293
OFF,7,-1,CF,94.4060876285924,0.075225239329209,0.00704038886638417,0.0530805398248293
OFF,7,-1,CF,100,0.0754485392440615,0.00671357737858289,0.0530805398248293
OFF,7,0,PP,0.1,0.053080649132909,5.07493296855907e-05,0.0530805398248293
OFF,7,0,PP,0.105925372517729,0.0530806624704425,5.37563860900259e-05,0.0530805398248293
OFF,7,0,PP,0.112201845430196,0.0530806774353833,5.69416160522217e-05,0.0530805398248293
OFF,7,0,PP,0.118850222743702,0.0530806942263003,6.03155759379657e-05,0.0530805398248293
OFF,7,0,PP,0.125892541179417,0.0530807130659907,6.38894474132313e-05,0.0530805398248293
OFF,7,0,PP,0.133352143216332,0.053080734204435,6.76750744571266e-05,0.0530805398248293
OFF,7,0,PP,0.141253754462275,0.0530807579221145,7.16850025607562e-05,0.0530805398248293
OFF,7,0,PP,0.149623565609443,0.0530807845337317,7.59325202401558e-05,0.0530805398248293
OFF,7,0,PP,0.158489319246111,0.0530808143923858,8.04317029987948e-05,0.0530805398248293
OFF,7,0,PP,0.167880401812256,0.0530808478942566,8.51974598828659e-05,0.0530805398248293
OFF,7,0,PP,0.177827941003892,0.0530808854838605,9.02455827807009e-05,0.0530805398248293
OFF,7,0,PP,0.18836490894898,0.053080927659947,9.5592798626193e-05,0.0530805398248293
OFF,7,0,PP,0.199526231496888,0.0530809749821146,0.00010125682467506,0.0530805398248293
OFF,7,0,PP,0.211348903983665,0.0530810280782336,0.000107256427032183,0.0530805398248293
OFF,7,0,PP,0.223872113856834,0.0530810876527741,0.000113611482618085,0.0530805398248293
OFF,7,0,PP,0.237137370566166,0.0530811544961494,0.000120343044772907,0.0530805398248293
OFF,7,0,PP,0.251188643150958,0.0530812294951984,0.000127473412706957,0.0530805398248293
OFF,7,0,PP,0.266072505979881,0.0530813136449471,0.000135026205018084,0.0530805398248293
OFF,7,0,PP,0.281838293126445,0.0530814080618025,0.000143026437507748,0.0530805398248293
OFF,7,0,PP,0.298538261891796,0.0530815139983558,0.000151500605539657,0.0530805398248293
OFF,7,0,PP,0.316227766016838,0.0530816328599894,0.000160476771197266,0.0530805398248293
OFF,7,0,PP,0.334965439157828,0.0530817662235082,0.0001699846555092,0.0530805398248293
OFF,7,0,PP,0.354813389233576,0.0530819158580401,0.000180055736024717,0.0530805398248293
OFF,7,0,PP,0.375837404288444,0.0530820837484836,0.000190723350034616,0.0530805398248293
OFF,7,0,PP,0.398107170553497,0.0530822721218111,0.000202022803746455,0.0530805398248293
OFF,7,0,PP,0.421696503428582,0.0530824834765748,0.000213991487736406,0.0530805398248293
OFF,7,0,PP,0.446683592150963,0.0530827206160058,0.000226668999013412,0.0530805398248293
OFF,7,0,PP,0.473151258961481,0.0530829866851407,0.000240097270044438,0.0530805398248293
OFF,7,0,PP,0.501187233627272,0.0530832852124659,0.000254320705102128,0.0530805398248293
OFF,7,0,PP,0.530884444230988,0.0530836201566276,0.00026938632430801,0.0530805398248293
OFF,7,0,PP,0.562341325190349,0.0530839959588204,0.000285343915755064,0.0530805398248293
OFF,7,0,PP,0.59566214352901,0.0530844176015432,0.000302246196102659,0.0530805398248293
OFF,7,0,PP,0.630957344480193,0.053084890674492,0.000320148980044056,0.0530805398248293
OFF,7,0,PP,0.668343917568615,0.0530854214484527,0.00033911135905126,0.0530805398248293
OFF,7,0,PP,0.707945784384138,0.053086016958159,0.000359195889803312,0.0530805398248293
OFF,7,0,PP,0.749894209332456,0.0530866850951971,0.000380468792701216,0.0530805398248293
OFF,7,0,PP,0.794328234724281,0.053087434712165,0.000403000160864663,0.0530805398248293
OFF,7,0,PP,0.841395141645195,0.053088275739441,0.00042686417999115,0.0530805398248293
OFF,7,0,PP,0.891250938133745,0.0530892193160714,0.000452139359435703,0.0530805398248293
OFF,7,0,PP,0.944060876285923,0.0530902779364692,0.000478908774837228,0.0530805398248293
OFF,7,0,PP,1,0.0530914656148106,0.000507260322573603,0.0530805398248293
OFF,7,0,PP,1.05925372517729,0.0530927980692366,0.000537286986269291,0.0530805398248293
OFF,7,0,PP,1.12201845430196,0.0530942929282116,0.000569087115503685,0.0530805398248293
OFF,7,0,PP,1.18850222743702,0.0530959699616586,0.000602764716771839,0.0530805398248293
OFF,7,0,PP,1.25892541179417,0.0530978513397927,0.000638429756627702,0.0530805398248293
OFF,7,0,PP,1.33352143216332,0.0530999619228993,0.000676198476788218,0.0530805398248293
OFF,7,0,PP,1.41253754462275,0.0531023295856727,0.000716193720789071,0.0530805398248293
OFF,7,0,PP,1.49623565609443,0.0531049855801226,0.000758545271552208,0.0530805398248293
OFF,7,0,PP,1.58489319246111,0.0531079649414986,0.000803390198943664,0.0530805398248293
OFF,7,0,PP,1.67880401812256,0.0531113069421556,0.000850873216057798,0.0530805398248293
OFF,7,0,PP,1.77827941003892,0.0531150555988011,0.000901147042549789,0.0530805398248293
OFF,7,0,PP,1.8836490894898,0.0531192602391278,0.000954372772838776,0.0530805398248293
OFF,7,0,PP,1.99526231496888,0.0531239761344328,0.00101072024640427,0.0530805398248293
OFF,7,0,PP,2.11348903983665,0.0531292652054693,0.0010703684166803,0.0530805398248293
OFF,7,0,PP,2.23872113856834,0.0531351968094557,0.00113350571419504,0.0530805398248293
OFF,7,0,PP,2.37137370566166,0.0531418486168766,0.00120033039858381,0.0530805398248293
OFF,7,0,PP,2.51188643150958,0.0531493075874454,0.00127105089289447,0.0530805398248293
OFF,7,0,PP,2.66072505979881,0.0531576710553391,0.00134588609217345,0.0530805398248293
OFF,7,0,PP,2.81838293126445,0.0531670479345539,0.00142506563663462,0.0530805398248293
OFF,7,0,PP,2.98538261891796,0.0531775600559283,0.00150883013773108,0.0530805398248293
OFF,7,0,PP,3.16227766016838,0.0531893436480202,0.00159743134312835,0.0530805398248293
OFF,7,0,PP,3.34965439157828,0.053202550974545,0.00169113222386815,0.0530805398248293
OFF,7,0,PP,3.54813389233576,0.0532173521414436,0.00179020696386279,0.0530805398248293
OFF,7,0,PP,3.75837404288444,0.0532339370867635,0.00189494082821579,0.0530805398248293
OFF,7,0,PP,3.98107170553497,0.0532525177663203,0.00200562988266864,0.0530805398248293
OFF,7,0,PP,4.21696503428582,0.05327333054744,0.00212258053166962,0.0530805398248293
OFF,7,0,PP,4.46683592150963,0.0532966388218138,0.00224610883709811,0.0530805398248293
OFF,7,0,PP,4.73151258961481,0.0533227358464558,0.00237653957351225,0.0530805398248293
OFF,7,0,PP,5.01187233627272,0.0533519478187097,0.00251420496889455,0.0530805398248293
OFF,7,0,PP,5.30884444230988,0.0533846371869419,0.00265944307224627,0.0530805398248293
OFF,7,0,PP,5.62341325190349,0.0534212061926691,0.00281259568106485,0.0530805398248293
OFF,7,0,PP,5.9566214352901,0.0534621006320133,0.00297400575282012,0.0530805398248293
OFF,7,0,PP,6.30957344480193,0.0535078138141412,0.00314401421519126,0.0530805398248293
OFF,7,0,PP,6.68343917568615,0.0535588906812111,0.00332295608030572,0.0530805398248293
OFF,7,0,PP,7.07945784384138,0.0536159320377974,0.00351115575893838,0.0530805398248293
OFF,7,0,PP,7.49894209332456,0.0536795988171832,0.00370892146215986,0.0530805398248293
OFF,7,0,PP,7.94328234724281,0.0537506162867231,0.00391653857106646,0.0530805398248293
OFF,7,0,PP,8.41395141645195,0.0538297780640948,0.00413426185104731,0.0530805398248293
OFF,7,0,PP,8.91250938133745,0.0539179497802069,0.00436230638694095,0.0530805398248293
OFF,7,0,PP,9.44060876285924,0.0540160721824982,0.00460083712117272,0.0530805398248293
OFF,7,0,PP,10,0.0541251634243589,0.00484995689073477,0.0530805398248293
OFF,7,0,PP,10.5925372517729,0.0542463202328885,0.005109692883301,0.0530805398248293
OFF,7,0,PP,11.2201845430196,0.0543807175893289,0.00537998147091215,0.0530805398248293
OFF,7,0,PP,11.8850222743702,0.0545296064963451,0.00566065143491873,0.0530805398248293
OFF,7,0,PP,12.5892541179417,0.0546943093471776,0.00595140567180725,0.0530805398248293
OFF,7,0,PP,13.3352143216332,0.0548762123583759,0.00625180156962063,0.0530805398248293
OFF,7,0,PP,14.1253754462275,0.0550767544870116,0.00656123037181268,0.0530805398248293
OFF,7,0,PP,14.9623565609443,0.055297412233645,0.00687889600123649,0.0530805398248293
OFF,7,0,PP,15.8489319246111,0.0555396797446804,0.0072037940011702,0.0530805398248293
OFF,7,0,PP,16.7880401812256,0.0558050436847574,0.00753469145931238,0.0530805398248293
OFF,7,0,PP,17.7827941003892,0.0560949524653948,0.00787010900666128,0.0530805398248293
OFF,7,0,PP,18.836490894898,0.0564107796041787,0.00820830621267113,0.0530805398248293
OFF,7,0,PP,19.9526231496888,0.0567537812614324,0.0085472719109775,0.0530805398248293
OFF,7,0,PP,21.1348903983665,0.0571250483661002,0.0088847211590889,0.0530805398248293
OFF,7,0,PP,22.3872113856834,0.0575254541992023,0.00921810062684708,0.0530805398248293
OFF,7,0,PP,23.7137370566166,0.0579555988397891,0.00954460418341435,0.0530805398248293
OFF,7,0,PP,25.1188643150958,0.0584157524677548,0.00986120027116978,0.0530805398248293
OFF,7,0,PP,26.6072505979881,0.0589058001153819,0.0101646722819344,0.0530805398248293
OFF,7,0,PP,28.1838293126445,0.0594251910021548,0.0104516725634493,0.0530805398248293
OFF,7,0,PP,29.8538261891796,0.0599728959971178,0.0107187898801397,0.0530805398248293
OFF,7,0,PP,31.6227766016838,0.0605473769437974,0.0109626291595921,0.0530805398248293
OFF,7,0,PP,33.4965439157828,0.0611465714721734,0.0111799012379996,0.0530805398248293
OFF,7,0,PP,35.4813389233575,0.0617678964473175,0.0113675191737137,0.0530805398248293
OFF,7,0,PP,37.5837404288444,0.0624082723381352,0.01152269665786,0.0530805398248293
OFF,7,0,PP,39.8107170553497,0.0630641695559732,0.0116430432604814,0.0530805398248293
OFF,7,0,PP,42.1696503428582,0.0637316762946471,0.011726650849607,0.0530805398248293
OFF,7,0,PP,44.6683592150963,0.0644065857407566,0.0117721656167451,0.0530805398248293
OFF,7,0,PP,47.315125896148,0.0650844988988142,0.0117788407863009,0.0530805398248293
OFF,7,0,PP,50.1187233627273,0.0657609378893286,0.0117465662545585,0.0530805398248293
OFF,7,0,PP,53.0884444230988,0.0664314636128913,0.0116758729933018,0.0530805398248293
OFF,7,0,PP,56.2341325190349,0.067091791263049,0.0115679118931945,0.0530805398248293
OFF,7,0,PP,59.566214352901,0.0677378973734625,0.0114244086001613,0.0530805398248293
OFF,7,0,PP,63.0957344480193,0.0683661128717156,0.0112475975951984,0.0530805398248293
OFF,7,0,PP,66.8343917568615,0.0689731978731167,0.0110401400957504,0.0530805398248293
OFF,7,0,PP,70.7945784384138,0.0695563955131204,0.010805031186889,0.0530805398248293
OFF,7,0,PP,74.9894209332456,0.0701134637886153,0.0105455018719254,0.0530805398248293
OFF,7,0,PP,79.4328234724281,0.0706426859643243,0.0102649214914428,0.0530805398248293
OFF,7,0,PP,84.1395141645195,0.0711428614439878,0.00996670528784515,0.0530805398248293
OFF,7,0,PP,89.1250938133746,0.0716132800035264,0.00965423092117304,0.0530805398248293
OFF,7,0,PP,94.4060876285924,0.0720536828914286,0.0093307666175907,0.0530805398248293
OFF,7,0,PP,100,0.0724642145312082,0.00899941249195376,0.0530805398248293
OFF,7,0,CF,0.1,0.0530808070073394,7.93426562386827e-05,0.0530805398248293
OFF,7,0,CF,0.105925372517729,0.0530808396081216,8.40438878997831e-05,0.0530805398248293
OFF,7,0,CF,0.112201845430196,0.0530808761866933,8.90236631298661e-05,0.0530805398248293
OFF,7,0,CF,0.118850222743702,0.0530809172283907,9.42984825412111e-05,0.0530805398248293
OFF,7,0,CF,0.125892541179417,0.0530809632777623,9.98858236900335e-05,0.0530805398248293
OFF,7,0,CF,0.133352143216332,0.0530810149457927,0.000105804198817259,0.0530805398248293
OFF,7,0,CF,0.141253754462275,0.0530810729180066,0.000112073215982989,0.0530805398248293
OFF,7,0,CF,0.149623565609443,0.0530811379635608,0.000118713643790535,0.0530805398248293
OFF,7,0,CF,0.158489319246111,0.0530812109454455,0.00012574747990651,0.0530805398248293
OFF,7,0,CF,0.167880401812256,0.0530812928319286,0.000133198023594563,0.0530805398248293
OFF,7,0,CF,0.177827941003892,0.0530813847093963,0.000141089952491816,0.0530805398248293
OFF,7,0,CF,0.18836490894898,0.0530814877967575,0.000149449403869006,0.0530805398248293
OFF,7,0,CF,0.199526231496888,0.0530816034616053,0.000158304060627654,0.0530805398248293
OFF,7,0,CF,0.211348903983665,0.0530817332383472,0.000167683242300266,0.0530805398248293
OFF,7,0,CF,0.223872113856834,0.0530818788485444,0.000177618001332563,0.0530805398248293
OFF,7,0,CF,0.237137370566166,0.0530820422237303,0.000188141224939991,0.0530805398248293
OFF,7,0,CF,0.251188643150958,0.0530822255310066,0.000199287742844173,0.0530805398248293
OFF,7,0,CF,0.266072505979881,0.0530824312017577,0.000211094441208447,0.0530805398248293
OFF,7,0,CF,0.281838293126445,0.0530826619638611,0.000223600383105018,0.0530805398248293
OFF,7,0,CF,0.298538261891796,0.0530829208778184,0.00023684693585944,0.0530805398248293
OFF,7,0,CF,0.316227766016838,0.0530832113772819,0.000250877905630838,0.0530805398248293
OFF,7,0,CF,0.334965439157828,0.0530835373145125,0.000265739679598294,0.0530805398248293
OFF,7,0,CF,0.354813389233576,0.053083903011364,0.0002814813761348,0.0530805398248293
OFF,7,0,CF,0.375837404288444,0.0530843133164647,0.000298155003359784,0.0530805398248293
OFF,7,0,CF,0.398107170553497,0.0530847736693455,0.000315815626468891,0.0530805398248293
OFF,7,0,CF,0.421696503428582,0.0530852901723553,0.000334521544245006,0.0530805398248293
OFF,7,0,CF,0.446683592150963,0.053085869671302,0.000354334475156619,0.0530805398248293
OFF,7,0,CF,0.473151258961481,0.0530865198458737,0.000375319753447873,0.0530805398248293
OFF,7,0,CF,0.501187233627272,0.0530872493110167,0.000397546535617856,0.0530805398248293
OFF,7,0,CF,0.530884444230988,0.053088067730586,0.000421088017673871,0.0530805398248293
OFF,7,0,CF,0.562341325190349,0.0530889859447448,0.000446021663522981,0.0530805398248293
OFF,7,0,CF,0.59566214352901,0.053090016112755,0.000472429444836465,0.0530805398248293
OFF,7,0,CF,0.630957344480193,0.0530911718730008,0.00050039809268089,0.0530805398248293
OFF,7,0,CF,0.668343917568615,0.0530924685222969,0.00053001936115485,0.0530805398248293
OFF,7,0,CF,0.707945784384138,0.0530939232167734,0.0005613903031992,0.0530805398248293
OFF,7,0,CF,0.749894209332456,0.0530955551968912,0.000594613558657438,0.0530805398248293
OFF,7,0,CF,0.794328234724281,0.0530973860394344,0.000629797654547618,0.0530805398248293
OFF,7,0,CF,0.841395141645195,0.0530994399396484,0.000667057317363156,0.0530805398248293
OFF,7,0,CF,0.891250938133745,0.0531017440270462,0.000706513797041281,0.0530805398248293
OFF,7,0,CF,0.944060876285923,0.0531043287187958,0.000748295202018229,0.0530805398248293
OFF,7,0,CF,1,0.0531072281150311,0.000792536844521463,0.0530805398248293
OFF,7,0,CF,1.05925372517729,0.053110480440891,0.00083938159492219,0.0530805398248293
OFF,7,0,CF,1.12201845430196,0.053114128540604,0.000888980243575292,0.0530805398248293
OFF,7,0,CF,1.18850222743702,0.0531182204294834,0.000941491868095817,0.0530805398248293
OFF,7,0,CF,1.25892541179417,0.0531228099102883,0.000997084203446655,0.0530805398248293
OFF,7,0,CF,1.33352143216332,0.0531279572610424,0.00105593401152371,0.0530805398248293
OFF,7,0,CF,1.41253754462275,0.0531337300020687,0.00111822744610288,0.0530805398248293
OFF,7,0,CF,1.49623565609443,0.053140203750707,0.00118416040803449,0.0530805398248293
OFF,7,0,CF,1.58489319246111,0.0531474631729057,0.00125393888440907,0.0530805398248293
OFF,7,0,CF,1.67880401812256,0.0531556030416253,0.0013277792640434,0.0530805398248293
OFF,7,0,CF,1.77827941003892,0.0531647294127275,0.00140590862001363,0.0530805398248293
OFF,7,0,CF,1.8836490894898,0.0531749609297376,0.00148856494805363,0.0530805398248293
OFF,7,0,CF,1.99526231496888,0.0531864302695214,0.00157599734740038,0.0530805398248293
OFF,7,0,CF,2.11348903983665,0.0531992857414746,0.0016684661280548,0.0530805398248293
OFF,7,0,CF,2.23872113856834,0.0532136930532267,0.00176624282538646,0.0530805398248293
OFF,7,0,CF,2.37137370566166,0.0532298372560398,0.00186961009948881,0.0530805398248293
OFF,7,0,CF,2.51188643150958,0.05324792488296,0.00197886149263105,0.0530805398248293
OFF,7,0,CF,2.66072505979881,0.0532681862922245,0.00209430101349844,0.0530805398248293
OFF,7,0,CF,2.81838293126445,0.0532908782273217,0.00221624251160982,0.0530805398248293
OFF,7,0,CF,2.98538261891796,0.0533162866032587,0.0023450087993058,0.0530805398248293
OFF,7,0,CF,3.16227766016838,0.0533447295258068,0.00248093047198113,0.0530805398248293
OFF,7,0,CF,3.34965439157828,0.0533765605465141,0.00262434436978221,0.0530805398248293
OFF,7,0,CF,3.54813389233576,0.0534121721507876,0.00277559161583263,0.0530805398248293
OFF,7,0,CF,3.75837404288444,0.0534519994690012,0.00293501515726159,0.0530805398248293
OFF,7,0,CF,3.98107170553497,0.0534965241909473,0.00310295672603923,0.0530805398248293
OFF,7,0,CF,4.21696503428582,0.053546278651559,0.00327975312711131,0.0530805398248293
OFF,7,0,CF,4.46683592150963,0.0536018500401302,0.00346573175194086,0.0530805398248293
OFF,7,0,CF,4.73151258961481,0.0536638846656959,0.00366120520683975,0.0530805398248293
OFF,7,0,CF,5.01187233627272,0.0537330921871859,0.00386646493814885,0.0530805398248293
OFF,7,0,CF,5.30884444230988,0.0538102496878651,0.00408177373140127,0.0530805398248293
OFF,7,0,CF,5.62341325190349,0.0538962054388969,0.00430735696038986,0.0530805398248293
OFF,7,0,CF,5.9566214352901,0.0539918821562668,0.0045433924662342,0.0530805398248293
OFF,7,0,CF,6.30957344480193,0.0540982795086895,0.00478999895818935,0.0530805398248293
OFF,7,0,CF,6.68343917568615,0.0542164755818384,0.00504722284958403,0.0530805398248293
OFF,7,0,CF,7.07945784384138,0.0543476269472445,0.00531502347687518,0.0530805398248293
OFF,7,0,CF,7.49894209332456,0.0544929669243416,0.00559325670068572,0.0530805398248293
OFF,7,0,CF,7.94328234724281,0.0546538015643666,0.00588165695840862,0.0530805398248293
OFF,7,0,CF,8.41395141645195,0.0548315028296057,0.00617981793203451,0.0530805398248293
OFF,7,0,CF,8.91250938133745,0.0550274983969905,0.006487172115375,0.0530805398248293
OFF,7,0,CF,9.44060876285924,0.0552432574895127,0.0068029697138506,0.0530805398248293
OFF,7,0,CF,10,0.0554802721426275,0.00712625748768587,0.0530805398248293
OFF,7,0,CF,10.5925372517729,0.0557400333580302,0.00745585835303211,0.0530805398248293
OFF,7,0,CF,11.2201845430196,0.0560240016976046,0.00779035277849369,0.0530805398248293
OFF,7,0,CF,11.8850222743702,0.0563335720400488,0.00812806324473879,0.0530805398248293
OFF,7,0,CF,12.5892541179417,0.0566700324743995,0.00846704325389316,0.0530805398248293
OFF,7,0,CF,13.3352143216332,0.0570345176473194,0.00880507255772497,0.0530805398248293
OFF,7,0,CF,14.1253754462275,0.057427957316472,0.00913966038680323,0.0530805398248293
OFF,7,0,CF,14.9623565609443,0.0578510213817746,0.00946805846898748,0.0530805398248293
OFF,7,0,CF,15.8489319246111,0.0583040632465932,0.00978728548472585,0.0530805398248293
OFF,7,0,CF,16.7880401812256,0.0587870639615714,0.0100941642817214,0.0530805398248293
OFF,7,0,CF,17.7827941003892,0.0592995801660186,0.0103853726359388,0.0530805398248293
OFF,7,0,CF,18.836490894898,0.0598406992906413,0.0106575075920061,0.0530805398248293
OFF,7,0,CF,19.9526231496888,0.0604090057358157,0.010907162463824,0.0530805398248293
OFF,7,0,CF,21.1348903983665,0.061002561707111,0.011131014480081,0.0530805398248293
OFF,7,0,CF,22.3872113856834,0.0616189060052407,0.0113259199106064,0.0530805398248293
OFF,7,0,CF,23.7137370566166,0.0622550732940499,0.0114890124318144,0.0530805398248293
OFF,7,0,CF,25.1188643150958,0.0629076352182658,0.0116177996265941,0.0530805398248293
OFF,7,0,CF,26.6072505979881,0.0635727632812411,0.0117102520093468,0.0530805398248293
OFF,7,0,CF,28.1838293126445,0.0642463117491765,0.0117648789381542,0.0530805398248293
OFF,7,0,CF,29.8538261891796,0.0649239171969524,0.0117807862894921,0.0530805398248293
OFF,7,0,CF,31.6227766016838,0.0656011098502209,0.0117577118213287,0.0530805398248293
OFF,7,0,CF,33.4965439157828,0.0662734307991094,0.0116960356533322,0.0530805398248293
OFF,7,0,CF,35.4813389233575,0.0669365486088525,0.011596765091793,0.0530805398248293
OFF,7,0,CF,37.5837404288444,0.0675863689095465,0.011461494916144,0.0530805398248293
OFF,7,0,CF,39.8107170553497,0.0682191312029067,0.0112923460027428,0.0530805398248293
OFF,7,0,CF,42.1696503428582,0.0688314882861988,0.0110918865910078,0.0530805398248293
OFF,7,0,CF,44.6683592150963,0.0694205652041357,0.0108630414525627,0.0530805398248293
OFF,7,0,CF,47.315125896148,0.0699839963040803,0.010608994635743,0.0530805398248293
OFF,7,0,CF,50.1187233627273,0.0705199405920534,0.0103330913346612,0.0530805398248293
OFF,7,0,CF,53.0884444230988,0.0710270769994455,0.0100387438514551,0.0530805398248293
OFF,7,0,CF,56.2341325190349,0.0715045822559287,0.00972934570679868,0.0530805398248293
OFF,7,0,CF,59.566214352901,0.0719520947652227,0.0094081968525556,0.0530805398248293
OFF,7,0,CF,63.0957344480193,0.0723696681961265,0.00907844179293963,0.0530805398248293
OFF,7,0,CF,66.8343917568615,0.0727577184757679,0.00874302134513864,0.0530805398248293
OFF,7,0,CF,70.7945784384138,0.0731169675785319,0.00840463785163014,0.0530805398248293
OFF,7,0,CF,74.9894209332456,0.0734483870281941,0.00806573294211787,0.0530805398248293
OFF,7,0,CF,79.4328234724281,0.0737531434562718,0.00772847644747624,0.0530805398248293
OFF,7,0,CF,84.1395141645195,0.0740325479588557,0.0073947647794718,0.0530805398248293
OFF,7,0,CF,89.1250938133746,0.0742880104226,0.00706622697917889,0.0530805398248293
OFF,7,0,CF,94.4060876285924,0.0745209994852845,0.00674423666588339,0.0530805398248293
OFF,7,0,CF,100,0.074733008377694,0.00642992824688493,0.0530805398248293
OFF,7,1,PP,0.1,0.053080646785809,4.88467536089218e-05,0.0530805398248293
OFF,7,1,PP,0.105925372517729,0.0530806598369522,5.17410754512693e-05,0.0530805398248293
OFF,7,1,PP,0.112201845430196,0.0530806744805575,5.48068909383811e-05,0.0530805398248293
OFF,7,1,PP,0.118850222743702,0.0530806909109301,5.80543606319265e-05,0.0530805398248293
OFF,7,1,PP,0.125892541179417,0.0530807093460824,6.14942469419506e-05,0.0530805398248293
OFF,7,1,PP,0.133352143216332,0.0530807300306274,6.51379497504143e-05,0.0530805398248293
OFF,7,1,PP,0.141253754462275,0.0530807532390228,6.89975441383593e-05,0.0530805398248293
OFF,7,1,PP,0.149623565609443,0.0530807792792133,7.30858203399857e-05,0.0530805398248293
OFF,7,1,PP,0.158489319246111,0.0530808084967152,7.74163260539837e-05,0.0530805398248293
OFF,7,1,PP,0.167880401812256,0.0530808412792004,8.20034112498759e-05,0.0530805398248293
OFF,7,1,PP,0.177827941003892,0.0530808780616391,8.68622756149313e-05,0.0530805398248293
OFF,7,1,PP,0.18836490894898,0.0530809193320697,9.20090187954057e-05,0.0530805398248293
OFF,7,1,PP,0.199526231496888,0.0530809656380726,9.74606935944632e-05,0.0530805398248293
OFF,7,1,PP,0.211348903983665,0.0530810175940336,0.00010323536229815,0.0530805398248293
OFF,7,1,PP,0.223872113856834,0.0530810758892925,0.000109352156310218,0.0530805398248293
OFF,7,1,PP,0.237137370566166,0.0530811412972861,0.000115831339286468,0.0530805398248293
OFF,7,1,PP,0.251188643150958,0.0530812146858053,0.000122694373969537,0.0530805398248293
OFF,7,1,PP,0.266072505979881,0.0530812970285033,0.000129963992935774,0.0530805398248293
OFF,7,1,PP,0.281838293126445,0.0530813894178064,0.000137664273476951,0.0530805398248293
OFF,7,1,PP,0.298538261891796,0.0530814930793983,0.000145820716851011,0.0530805398248293
OFF,7,1,PP,0.316227766016838,0.0530816093884704,0.000154460332147974,0.0530805398248293
OFF,7,1,PP,0.334965439157828,0.0530817398879519,0.000163611725029202,0.0530805398248293
OFF,7,1,PP,0.354813389233576,0.0530818863089606,0.000173305191610755,0.0530805398248293
OFF,7,1,PP,0.375837404288444,0.053082050593746,0.000183572817774128,0.0530805398248293
OFF,7,1,PP,0.398107170553497,0.0530822349214263,0.000194448584200455,0.0530805398248293
OFF,7,1,PP,0.421696503428582,0.0530824417368585,0.000205968477436976,0.0530805398248293
OFF,7,1,PP,0.446683592150963,0.0530826737830245,0.000218170607317174,0.0530805398248293
OFF,7,1,PP,0.473151258961481,0.0530829341373574,0.000231095331068243,0.0530805398248293
OFF,7,1,PP,0.501187233627272,0.0530832262524882,0.000244785384451267,0.0530805398248293
OFF,7,1,PP,0.530884444230988,0.0530835540019471,0.000259286020290405,0.0530805398248293
OFF,7,1,PP,0.562341325190349,0.0530839217314219,0.000274645154757123,0.0530805398248293
OFF,7,1,PP,0.59566214352901,0.0530843343162441,0.000290913521783709,0.0530805398248293
OFF,7,1,PP,0.630957344480193,0.0530847972258574,0.000308144835986498,0.0530805398248293
OFF,7,1,PP,0.668343917568615,0.0530853165961114,0.000326395964482734,0.0530805398248293
OFF,7,1,PP,0.707945784384138,0.0530858993103253,0.000345727107985197,0.0530805398248293
OFF,7,1,PP,0.749894209332456,0.0530865530901782,0.000366201991554702,0.0530805398248293
OFF,7,1,PP,0.794328234724281,0.0530872865976078,0.000387888065381302,0.0530805398248293
OFF,7,1,PP,0.841395141645195,0.0530881095490407,0.000410856715949302,0.0530805398248293
OFF,7,1,PP,0.891250938133745,0.0530890328434312,0.000435183487917494,0.0530805398248293
OFF,7,1,PP,0.944060876285923,0.0530900687057621,0.000460948317012604,0.0530805398248293
OFF,7,1,PP,1,0.0530912308478495,0.000488235774188709,0.0530805398248293
OFF,7,1,PP,1.05925372517729,0.0530925346485133,0.000517135321245798,0.0530805398248293
OFF,7,1,PP,1.12201845430196,0.0530939973554078,0.000547741578023759,0.0530805398248293
OFF,7,1,PP,1.18850222743702,0.0530956383110729,0.000580154601190337,0.0530805398248293
OFF,7,1,PP,1.25892541179417,0.0530974792060568,0.000614480174518843,0.0530805398248293
OFF,7,1,PP,1.33352143216332,0.053099544362281,0.00065083011039862,0.0530805398248293
OFF,7,1,PP,1.41253754462275,0.0531018610501721,0.000689322562132674,0.0530805398248293
OFF,7,1,PP,1.49623565609443,0.0531044598434735,0.000730082346345586,0.0530805398248293
OFF,7,1,PP,1.58489319246111,0.0531073750160721,0.000773241274542622,0.0530805398248293
OFF,7,1,PP,1.67880401812256,0.0531106449856382,0.000818938492518498,0.0530805398248293
OFF,7,1,PP,1.77827941003892,0.0531143128093797,0.000867320825900239,0.0530805398248293
OFF,7,1,PP,1.8836490894898,0.0531184267377507,0.000918543129610105,0.0530805398248293
OFF,7,1,PP,1.99526231496888,0.0531230408325361,0.000972768638436369,0.0530805398248293
OFF,7,1,PP,2.11348903983665,0.0531282156563544,0.00103016931518437,0.0530805398248293
OFF,7,1,PP,2.23872113856834,0.0531340190412698,0.00109092619202728,0.0530805398248293
OFF,7,1,PP,2.37137370566166,0.0531405269448873,0.00115522969966201,0.0530805398248293
OFF,7,1,PP,2.51188643150958,0.0531478244030014,0.001223279977674,0.0530805398248293
OFF,7,1,PP,2.66072505979881,0.0531560065885742,0.00129528715809453,0.0530805398248293
OFF,7,1,PP,2.81838293126445,0.0531651799875065,0.00137147161246133,0.0530805398248293
OFF,7,1,PP,2.98538261891796,0.0531754637023157,0.00145206415072908,0.0530805398248293
OFF,7,1,PP,3.16227766016838,0.0531869908954129,0.00153730615807817,0.0530805398248293
OFF,7,1,PP,3.34965439157828,0.0531999103841259,0.00162744965299048,0.0530805398248293
OFF,7,1,PP,3.54813389233576,0.0532143883998998,0.00172275724685075,0.0530805398248293
OFF,7,1,PP,3.75837404288444,0.0532306105241338,0.00182350198173755,0.0530805398248293
OFF,7,1,PP,3.98107170553497,0.0532487838127999,0.00192996701893563,0.0530805398248293
OFF,7,1,PP,4.21696503428582,0.0532691391212088,0.0020424451459794,0.0530805398248293
OFF,7,1,PP,4.46683592150963,0.0532919336388975,0.00216123806467822,0.0530805398248293
OFF,7,1,PP,4.73151258961481,0.0533174536424299,0.00228665541654122,0.0530805398248293
OFF,7,1,PP,5.01187233627272,0.0533460174707068,0.00241901349529357,0.0530805398248293
OFF,7,1,PP,5.30884444230988,0.0533779787229026,0.00255863358876474,0.0530805398248293
OFF,7,1,PP,5.62341325190349,0.0534137296730789,0.00270583988438062,0.0530805398248293
OFF,7,1,PP,5.9566214352901,0.0534537048874853,0.00286095686390969,0.0530805398248293
OFF,7,1,PP,6.30957344480193,0.0534983850201284,0.00302430610418143,0.0530805398248293
OFF,7,1,PP,6.68343917568615,0.0535483007488861,0.00319620239150023,0.0530805398248293
OFF,7,1,PP,7.07945784384138,0.0536040367977331,0.0033769490488463,0.0530805398248293
OFF,7,1,PP,7.49894209332456,0.0536662359699698,0.00356683236728662,0.0530805398248293
OFF,7,1,PP,7.94328234724281,0.0537356030921406,0.00376611502713935,0.0530805398248293
OFF,7,1,PP,8.41395141645195,0.0538129087380662,0.00397502839143662,0.0530805398248293
OFF,7,1,PP,8.91250938133745,0.0538989925666756,0.00419376355553052,0.0530805398248293
OFF,7,1,PP,9.44060876285924,0.0539947660658963,0.00442246104407076,0.0530805398248293
OFF,7,1,PP,10,0.0541012144478434,0.00466119906224069,0.0530805398248293
OFF,7,1,PP,10.5925372517729,0.0542193973885557,0.00490998023467799,0.0530805398248293
OFF,7,1,PP,11.2201845430196,0.0543504482498633,0.00516871680592309,0.0530805398248293
OFF,7,1,PP,11.8850222743702,0.0544955713639093,0.00543721433381519,0.0530805398248293
OFF,7,1,PP,12.5892541179417,0.0546560369058908,0.00571515398538463,0.0530805398248293
OFF,7,1,PP,13.3352143216332,0.0548331728327811,0.00600207364664359,0.0530805398248293
OFF,7,1,PP,14.1253754462275,0.0550283533319741,0.00629734818574201,0.0530805398248293
OFF,7,1,PP,14.9623565609443,0.0552429832127677,0.00660016936435727,0.0530805398248293
OFF,7,1,PP,15.8489319246111,0.0554784776961317,0.00690952607382013,0.0530805398248293
OFF,7,1,PP,16.7880401812256,0.0557362371267033,0.00722418577595223,0.0530805398248293
OFF,7,1,PP,17.7827941003892,0.0560176162587391,0.00754267824505194,0.0530805398248293
OFF,7,1,PP,18.836490894898,0.0563238879677307,0.00786328292246181,0.0530805398248293
OFF,7,1,PP,19.9526231496888,0.0566562015220701,0.00818402138775653,0.0530805398248293
OFF,7,1,PP,21.1348903983665,0.0570155359198851,0.0085026565931307,0.0530805398248293
OFF,7,1,PP,22.3872113856834,0.0574026492519045,0.00881670056637543,0.0530805398248293
OFF,7,1,PP,23.7137370566166,0.0578180255768887,0.00912343222547525,0.0530805398248293
OFF,7,1,PP,25.1188643150958,0.0582618213615024,0.00941992672718464,0.0530805398248293
OFF,7,1,PP,26.6072505979881,0.0587338140941253,0.00970309736211253,0.0530805398248293
OFF,7,1,PP,28.1838293126445,0.0592333561678414,0.00996975039298105,0.0530805398248293
OFF,7,1,PP,29.8538261891796,0.0597593374647435,0.0102166524163344,0.0530805398248293
OFF,7,1,PP,31.6227766016838,0.0603101601799623,0.0104406088464723,0.0530805398248293
OFF,7,1,PP,33.4965439157828,0.0608837292251885,0.0106385510436279,0.0530805398248293
OFF,7,1,PP,35.4813389233575,0.0614774609963838,0.0108076285398699,0.0530805398248293
OFF,7,1,PP,37.5837404288444,0.0620883123658729,0.010945301884885,0.0530805398248293
OFF,7,1,PP,39.8107170553497,0.0627128305032559,0.0110494309784275,0.0530805398248293
OFF,7,1,PP,42.1696503428582,0.063347222637295,0.0111183535029918,0.0530805398248293
OFF,7,1,PP,44.6683592150963,0.0639874432882443,0.0111509483079293,0.0530805398248293
OFF,7,1,PP,47.315125896148,0.0646292950075587,0.0111466793538459,0.0530805398248293
OFF,7,1,PP,50.1187233627273,0.0652685374474713,0.0111056170595175,0.0530805398248293
OFF,7,1,PP,53.0884444230988,0.0659009988096579,0.0110284354852208,0.0530805398248293
OFF,7,1,PP,56.2341325190349,0.0665226834981018,0.0109163855603032,0.0530805398248293
OFF,7,1,PP,59.566214352901,0.0671298701581539,0.0107712463123898,0.0530805398248293
OFF,7,1,PP,63.0957344480193,0.0677191951710756,0.0105952575783406,0.0530805398248293
OFF,7,1,PP,66.8343917568615,0.0682877179680131,0.0103910388083866,0.0530805398248293
OFF,7,1,PP,70.7945784384138,0.0688329660576592,0.0101614992134346,0.0530805398248293
OFF,7,1,PP,74.9894209332456,0.0693529592388139,0.0099097446246538,0.0530805398248293
OFF,7,1,PP,79.4328234724281,0.0698462139179557,0.00963898607861259,0.0530805398248293
OFF,7,1,PP,84.1395141645195,0.0703117296374746,0.00935245441000032,0.0530805398248293
OFF,7,1,PP,89.1250938133746,0.0707489607606831,0.00905332415863171,0.0530805398248293
OFF,7,1,PP,94.4060876285924,0.071157776729607,0.00874464901625578,0.0530805398248293
OFF,7,1,PP,100,0.0715384144340329,0.00842930997591642,0.0530805398248293
OFF,7,1,CF,0.1,0.0530808012702475,7.63681083572783e-05,0.0530805398248293
OFF,7,1,CF,0.105925372517729,0.0530808331709938,8.08930875791093e-05,0.0530805398248293
OFF,7,1,CF,0.112201845430196,0.0530808689641112,8.56861668700824e-05,0.0530805398248293
OFF,7,1,CF,0.118850222743702,0.0530809091245128,9.07632280476551e-05,0.0530805398248293
OFF,7,1,CF,0.125892541179417,0.0530809541850523,9.61410932113664e-05,0.0530805398248293
OFF,7,1,CF,0.133352143216332,0.0530810047435926,0.000101837580312023,0.0530805398248293
OFF,7,1,CF,0.141253754462275,0.0530810614709349,0.000107871561986046,0.0530805398248293
OFF,7,1,CF,0.149623565609443,0.0530811251197163,0.000114263027843262,0.0530805398248293
OFF,7,1,CF,0.158489319246111,0.0530811965343913,0.00012103315040661,0.0530805398248293
OFF,7,1,CF,0.167880401812256,0.0530812766624301,0.000128204354912822,0.0530805398248293
OFF,7,1,CF,0.177827941003892,0.0530813665668831,0.000135800393194159,0.0530805398248293
OFF,7,1,CF,0.18836490894898,0.0530814674404758,0.000143846421872666,0.0530805398248293
OFF,7,1,CF,0.199526231496888,0.0530815806214223,0.000152369085110208,0.0530805398248293
OFF,7,1,CF,0.211348903983665,0.0530817076111655,0.000161396602169595,0.0530805398248293
OFF,7,1,CF,0.223872113856834,0.0530818500942797,0.000170958860054553,0.0530805398248293
OFF,7,1,CF,0.237137370566166,0.0530820099607963,0.000181087511508834,0.0530805398248293
OFF,7,1,CF,0.251188643150958,0.0530821893312502,0.000191816078667512,0.0530805398248293
OFF,7,1,CF,0.266072505979881,0.0530823905847753,0.000203180062666277,0.0530805398248293
OFF,7,1,CF,0.281838293126445,0.0530826163906213,0.000215217059527147,0.0530805398248293
OFF,7,1,CF,0.298538261891796,0.053082869743505,0.00022796688265141,0.0530805398248293
OFF,7,1,CF,0.316227766016838,0.0530831540032644,0.000241471692262465,0.0530805398248293
OFF,7,1,CF,0.334965439157828,0.053083472939335,0.000255776132152358,0.0530805398248293
OFF,7,1,CF,0.354813389233576,0.053083830780634,0.00027092747409586,0.0530805398248293
OFF,7,1,CF,0.375837404288444,0.0530842322715063,0.000286975770304575,0.0530805398248293
OFF,7,1,CF,0.398107170553497,0.0530846827344671,0.000303974014300219,0.0530805398248293
OFF,7,1,CF,0.421696503428582,0.053085188140561,0.000321978310590464,0.0530805398248293
OFF,7,1,CF,0.446683592150963,0.0530857551882574,0.00034104805353177,0.0530805398248293
OFF,7,1,CF,0.473151258961481,0.0530863913919116,0.000361246115760685,0.0530805398248293
OFF,7,1,CF,0.501187233627272,0.0530871051809427,0.00038263904656719,0.0530805398248293
OFF,7,1,CF,0.530884444230988,0.0530879060110155,0.000405297280569571,0.0530805398248293
OFF,7,1,CF,0.562341325190349,0.0530888044886672,0.000429295357028657,0.0530805398248293
OFF,7,1,CF,0.59566214352901,0.0530898125109867,0.000454712150108297,0.0530805398248293
OFF,7,1,CF,0.630957344480193,0.0530909434221438,0.000481631110346764,0.0530805398248293
OFF,7,1,CF,0.668343917568615,0.0530922121887754,0.000510140517547796,0.0530805398248293
OFF,7,1,CF,0.707945784384138,0.0530936355964647,0.000540333745227515,0.0530805398248293
OFF,7,1,CF,0.749894209332456,0.0530952324698105,0.000572309536661024,0.0530805398248293
OFF,7,1,CF,0.794328234724281,0.0530970239188647,0.000606172292456021,0.0530805398248293
OFF,7,1,CF,0.841395141645195,0.0530990336150296,0.000642032369435646,0.0530805398248293
OFF,7,1,CF,0.891250938133745,0.0531012880998551,0.000680006390433209,0.0530805398248293
OFF,7,1,CF,0.944060876285923,0.0531038171305509,0.000720217564380957,0.0530805398248293
OFF,7,1,CF,1,0.0531066540664469,0.000762796015805711,0.0530805398248293
OFF,7,1,CF,1.05925372517729,0.0531098363010877,0.000807879122516953,0.0530805398248293
OFF,7,1,CF,1.12201845430196,0.0531134057451372,0.000855611859876959,0.0530805398248293
OFF,7,1,CF,1.18850222743702,0.0531174093658038,0.000906147149565414,0.0530805398248293
OFF,7,1,CF,1.25892541179417,0.0531218997890668,0.000959646210177851,0.0530805398248293
OFF,7,1,CF,1.33352143216332,0.053126935971595,0.0010162789063114,0.0530805398248293
OFF,7,1,CF,1.41253754462275,0.0531325839498925,0.00107622409197288,0.0530805398248293
OFF,7,1,CF,1.49623565609443,0.0531389176748821,0.00113966994317077,0.0530805398248293
OFF,7,1,CF,1.58489319246111,0.0531460199408305,0.00120681427339789,0.0530805398248293
OFF,7,1,CF,1.67880401812256,0.0531539834182241,0.00127786482434618,0.0530805398248293
OFF,7,1,CF,1.77827941003892,0.0531629118008993,0.00135303952258555,0.0530805398248293
OFF,7,1,CF,1.8836490894898,0.0531729210783923,0.00143256669104685,0.0530805398248293
OFF,7,1,CF,1.99526231496888,0.0531841409450719,0.00151668520193441,0.0530805398248293
OFF,7,1,CF,2.11348903983665,0.0531967163581091,0.00160564455510844,0.0530805398248293
OFF,7,1,CF,2.23872113856834,0.0532108092566657,0.00169970486297434,0.0530805398248293
OFF,7,1,CF,2.37137370566166,0.0532266004547835,0.00179913671944061,0.0530805398248293
OFF,7,1,CF,2.51188643150958,0.0532442917202294,0.00190422092650726,0.0530805398248293
OFF,7,1,CF,2.66072505979881,0.0532641080508961,0.00201524804746884,0.0530805398248293
OFF,7,1,CF,2.81838293126445,0.0532863001591272,0.00213251775051144,0.0530805398248293
OFF,7,1,CF,2.98538261891796,0.0533111471723567,0.00225633790061264,0.0530805398248293
OFF,7,1,CF,3.16227766016838,0.0533389595555218,0.00238702335109182,0.0530805398248293
OFF,7,1,CF,3.34965439157828,0.0533700822565581,0.00252489437890682,0.0530805398248293
OFF,7,1,CF,3.54813389233576,0.0534048980706269,0.00267027469988813,0.0530805398248293
OFF,7,1,CF,3.75837404288444,0.0534438312111888,0.00282348899163311,0.0530805398248293
OFF,7,1,CF,3.98107170553497,0.0534873510662159,0.00298485984291214,0.0530805398248293
OFF,7,1,CF,4.21696503428582,0.0535359761052566,0.00315470403942597,0.0530805398248293
OFF,7,1,CF,4.46683592150963,0.0535902778872147,0.00333332808698841,0.0530805398248293
OFF,7,1,CF,4.73151258961481,0.0536508850990192,0.00352102286524682,0.0530805398248293
OFF,7,1,CF,5.01187233627272,0.0537184875312794,0.00371805729866143,0.0530805398248293
OFF,7,1,CF,5.30884444230988,0.0537938398679966,0.0039246709276687,0.0530805398248293
OFF,7,1,CF,5.62341325190349,0.0538777651329957,0.0041410652630888,0.0530805398248293
OFF,7,1,CF,5.9566214352901,0.053971157595659,0.00436739381259781,0.0530805398248293
OFF,7,1,CF,6.30957344480193,0.0540749848928212,0.00460375068156349,0.0530805398248293
OFF,7,1,CF,6.68343917568615,0.0541902890727822,0.00485015767424913,0.0530805398248293
OFF,7,1,CF,7.07945784384138,0.054318186212432,0.00510654985823148,0.0530805398248293
OFF,7,1,CF,7.49894209332456,0.0544598642014896,0.00537275960808559,0.0530805398248293
OFF,7,1,CF,7.94328234724281,0.0546165782320044,0.00564849921734928,0.0530805398248293
OFF,7,1,CF,8.41395141645195,0.0547896434812251,0.00593334226375464,0.0530805398248293
OFF,7,1,CF,8.91250938133745,0.0549804244380903,0.00622670403440647,0.0530805398248293
OFF,7,1,CF,9.44060876285924,0.0551903203062648,0.00652782146651554,0.0530805398248293
OFF,7,1,CF,10,0.0554207459301639,0.00683573323497146,0.0530805398248293
OFF,7,1,CF,10.5925372517729,0.0556731077468305,0.00714926081695535,0.0530805398248293
OFF,7,1,CF,11.2201845430196,0.0559487743790627,0.00746699157825778,0.0530805398248293
OFF,7,1,CF,11.8850222743702,0.0562490416669991,0.00778726514295043,0.0530805398248293
OFF,7,1,CF,12.5892541179417,0.0565750921977262,0.00810816450822156,0.0530805398248293
OFF,7,1,CF,13.3352143216332,0.0569279497422661,0.0084275135234256,0.0530805398248293
OFF,7,1,CF,14.1253754462275,0.0573084294457613,0.0087428824343313,0.0530805398248293
OFF,7,1,CF,14.9623565609443,0.0577170851279116,0.0090516031633439,0.0530805398248293
OFF,7,1,CF,15.8489319246111,0.0581541556102971,0.00935079581643524,0.0530805398248293
OFF,7,1,CF,16.7880401812256,0.0586195125518775,0.00963740754466508,0.0530805398248293
OFF,7,1,CF,17.7827941003892,0.0591126127832991,0.00990826432158167,0.0530805398248293
OFF,7,1,CF,18.836490894898,0.0596324585101779,0.0101601354269079,0.0530805398248293
OFF,7,1,CF,19.9526231496888,0.0601775689236386,0.0103898094795235,0.0530805398248293
OFF,7,1,CF,21.1348903983665,0.0607459666357371,0.010594179800387,0.0530805398248293
OFF,7,1,CF,22.3872113856834,0.0613351818895833,0.0107703358046409,0.0530805398248293
OFF,7,1,CF,23.7137370566166,0.0619422766555816,0.0109156561458253,0.0530805398248293
OFF,7,1,CF,25.1188643150958,0.0625638895414514,0.0110278986021239,0.0530805398248293
OFF,7,1,CF,26.6072505979881,0.0631963009959364,0.0111052813362767,0.0530805398248293
OFF,7,1,CF,28.1838293126445,0.0638355167094214,0.0111465502770479,0.0530805398248293
OFF,7,1,CF,29.8538261891796,0.0644773655835704,0.0111510280057648,0.0530805398248293
OFF,7,1,CF,31.6227766016838,0.0651176073455892,0.011118640660188,0.0530805398248293
OFF,7,1,CF,33.4965439157828,0.0657520439927232,0.0110499208888935,0.0530805398248293
OFF,7,1,CF,35.4813389233575,0.0663766288924911,0.0109459866381802,0.0530805398248293
OFF,7,1,CF,37.5837404288444,0.0669875675850006,0.0108084973279075,0.0530805398248293
OFF,7,1,CF,39.8107170553497,0.067581405104086,0.0106395905658872,0.0530805398248293
OFF,7,1,CF,42.1696503428582,0.0681550958463887,0.010441803786284,0.0530805398248293
OFF,7,1,CF,44.6683592150963,0.0687060535089761,0.010217985957974,0.0530805398248293
OFF,7,1,CF,47.315125896148,0.069232180198804,0.00997120474940035,0.0530805398248293
OFF,7,1,CF,50.1187233627273,0.0697318753105724,0.00970465428580874,0.0530805398248293
OFF,7,1,CF,53.0884444230988,0.0702040260269378,0.0094215679813144,0.0530805398248293
OFF,7,1,CF,56.2341325190349,0.0706479822215793,0.00912513999810287,0.0530805398248293
OFF,7,1,CF,59.566214352901,0.0710635191027832,0.00881845781691991,0.0530805398248293
OFF,7,1,CF,63.0957344480193,0.0714507911357531,0.0085044473259777,0.0530805398248293
OFF,7,1,CF,66.8343917568615,0.0718102806771057,0.00818583085313564,0.0530805398248293
OFF,7,1,CF,70.7945784384138,0.0721427444191948,0.00786509774875908,0.0530805398248293
OFF,7,1,CF,74.9894209332456,0.0724491602567722,0.00754448650962316,0.0530805398248293
OFF,7,1,CF,79.4328234724281,0.0727306766310915,0.00722597702326381,0.0530805398248293
OFF,7,1,CF,84.1395141645195,0.0729885658411112,0.00691129129051356,0.0530805398248293
OFF,7,1,CF,89.1250938133746,0.07322418228545,0.00660190092080906,0.0530805398248293
OFF,7,1,CF,94.4060876285924,0.0734389261425652,0.00629903975308896,0.0530805398248293
OFF,7,1,CF,100,0.0736342126253816,0.00600372009726787,0.0530805398248293
OFF,8.5,-1,PP,0.1,0.0552218151870839,4.74079399350003e-05,0.055221717947316
OFF,8.5,-1,PP,0.105925372517729,0.0552218270520741,5.02170112004777e-05,0.055221717947316
OFF,8.5,-1,PP,0.112201845430196,0.0552218403647975,5.31925255434232e-05,0.055221717947316
OFF,8.5,-1,PP,0.118850222743702,0.0552218553019006,5.63443444202287e-05,0.055221717947316
OFF,8.5,-1,PP,0.125892541179417,0.055221872061583,5.96829134426535e-05,0.055221717947316
OFF,8.5,-1,PP,0.133352143216332,0.0552218908662269,6.32192969586591e-05,0.055221717947316
OFF,8.5,-1,PP,0.141253754462275,0.055221911965348,6.6965214676155e-05,0.055221717947316
OFF,8.5,-1,PP,0.149623565609443,0.0552219356389054,7.09330804495453e-05,0.055221717947316
OFF,8.5,-1,PP,0.158489319246111,0.055221962201016,7.51360433558596e-05,0.055221717947316
OFF,8.5,-1,PP,0.167880401812256,0.0552219920041215,7.95880311944976e-05,0.055221717947316
OFF,8.5,-1,PP,0.177827941003892,0.0552220254436644,8.4303796552259e-05,0.055221717947316
OFF,8.5,-1,PP,0.18836490894898,0.0552220629633335,8.9298965583351e-05,0.055221717947316
OFF,8.5,-1,PP,0.199526231496888,0.0552221050609496,9.45900896625063e-05,0.055221717947316
OFF,8.5,-1,PP,0.211348903983665,0.0552221522950691,0.000100194700078198,0.055221717947316
OFF,8.5,-1,PP,0.223872113856834,0.0552222052923931,0.000106131365942212,0.055221717947316
OFF,8.5,-1,PP,0.237137370566166,0.0552222647560793,0.000112419755501563,0.055221717947316
OFF,8.5,-1,PP,0.251188643150958,0.0552223314750683,0.000119080701048883,0.055221717947316
OFF,8.5,-1,PP,0.266072505979881,0.0552224063345467,0.000126136267638009,0.055221717947316
OFF,8.5,-1,PP,0.281838293126445,0.0552224903276856,0.000133609825822522,0.055221717947316
OFF,8.5,-1,PP,0.298538261891796,0.0552225845688108,0.000141526128646423,0.055221717947316
OFF,8.5,-1,PP,0.316227766016838,0.0552226903081774,0.000149911393128026,0.055221717947316
OFF,8.5,-1,PP,0.334965439157828,0.0552228089485464,0.000158793386490305,0.055221717947316
OFF,8.5,-1,PP,0.354813389233576,0.0552229420637798,0.000168201517403582,0.055221717947316
OFF,8.5,-1,PP,0.375837404288444,0.0552230914197027,0.000178166932519235,0.055221717947316
OFF,8.5,-1,PP,0.398107170553497,0.0552232589975066,0.000188722618586199,0.055221717947316
OFF,8.5,-1,PP,0.421696503428582,0.055223447020002,0.00019990351045523,0.055221717947316
OFF,8.5,-1,PP,0.446683592150963,0.0552236579810698,0.000211746605289102,0.055221717947316
OFF,8.5,-1,PP,0.473151258961481,0.0552238946786961,0.000224291083309998,0.055221717947316
OFF,8.5,-1,PP,0.501187233627272,0.0552241602520292,0.000237578435428092,0.055221717947316
OFF,8.5,-1,PP,0.530884444230988,0.055224458222944,0.000251652598107609,0.055221717947316
OFF,8.5,-1,PP,0.562341325190349,0.0552247925426622,0.000266560095838014,0.055221717947316
OFF,8.5,-1,PP,0.59566214352901,0.0552251676440409,0.000282350191588328,0.055221717947316
OFF,8.5,-1,PP,0.630957344480193,0.0552255885002144,0.000299075045631289,0.055221717947316
OFF,8.5,-1,PP,0.668343917568615,0.0552260606903598,0.00031678988313078,0.055221717947316
OFF,8.5,-1,PP,0.707945784384138,0.0552265904734455,0.000335553170890034,0.055221717947316
OFF,8.5,-1,PP,0.749894209332456,0.0552271848709274,0.000355426803658821,0.055221717947316
OFF,8.5,-1,PP,0.794328234724281,0.0552278517594694,0.000376476300394299,0.055221717947316
OFF,8.5,-1,PP,0.841395141645195,0.0552285999748975,0.00039877101086145,0.055221717947316
OFF,8.5,-1,PP,0.891250938133745,0.0552294394287335,0.000422384332943683,0.055221717947316
OFF,8.5,-1,PP,0.944060876285923,0.0552303812388193,0.000447393941010866,0.055221717947316
OFF,8.5,-1,PP,1,0.055231437875717,0.000473882025658927,0.055221717947316
OFF,8.5,-1,PP,1.05925372517729,0.0552326233267673,0.000501935545090078,0.055221717947316
OFF,8.5,-1,PP,1.12201845430196,0.0552339532799072,0.000531646488343193,0.055221717947316
OFF,8.5,-1,PP,1.18850222743702,0.0552354453295937,0.000563112150506813,0.055221717947316
OFF,8.5,-1,PP,1.25892541179417,0.0552371192074446,0.000596435419949191,0.055221717947316
OFF,8.5,-1,PP,1.33352143216332,0.0552389970405088,0.000631725077476356,0.055221717947316
OFF,8.5,-1,PP,1.41253754462275,0.055241103640404,0.000669096107175473,0.055221717947316
OFF,8.5,-1,PP,1.49623565609443,0.0552434668269229,0.000708670018510789,0.055221717947316
OFF,8.5,-1,PP,1.58489319246111,0.0552461177901035,0.000750575179006274,0.055221717947316
OFF,8.5,-1,PP,1.67880401812256,0.0552490914951955,0.000794947156564399,0.055221717947316
OFF,8.5,-1,PP,1.77827941003892,0.0552524271354258,0.000841929070124769,0.055221717947316
OFF,8.5,-1,PP,1.8836490894898,0.0552561686379821,0.000891671946948196,0.055221717947316
OFF,8.5,-1,PP,1.99526231496888,0.0552603652291884,0.000944335084308036,0.055221717947316
OFF,8.5,-1,PP,2.11348903983665,0.055265072065441,0.00100008641276593,0.055221717947316
OFF,8.5,-1,PP,2.23872113856834,0.0552703509371124,0.00105910285748553,0.055221717947316
OFF,8.5,-1,PP,2.37137370566166,0.0552762710532984,0.0011215706931746,0.055221717947316
OFF,8.5,-1,PP,2.51188643150958,0.0552829099159879,0.00118768588721977,0.055221717947316
OFF,8.5,-1,PP,2.66072505979881,0.055290354292954,0.00125765442436086,0.055221717947316
OFF,8.5,-1,PP,2.81838293126445,0.0552987012993972,0.00133169260481352,0.055221717947316
OFF,8.5,-1,PP,2.98538261891796,0.0553080595990866,0.00141002730605303,0.055221717947316
OFF,8.5,-1,PP,3.16227766016838,0.0553185507364266,0.0014928961964809,0.055221717947316
OFF,8.5,-1,PP,3.34965439157828,0.0553303106114888,0.00158054788686407,0.055221717947316
OFF,8.5,-1,PP,3.54813389233576,0.0553434911105397,0.00167324200271707,0.055221717947316
OFF,8.5,-1,PP,3.75837404288444,0.0553582619049176,0.00177124915763853,0.055221717947316
OFF,8.5,-1,PP,3.98107170553497,0.055374812431183,0.00187485080396069,0.055221717947316
OFF,8.5,-1,PP,4.21696503428582,0.0553933540651967,0.00198433893286772,0.055221717947316
OFF,8.5,-1,PP,4.46683592150963,0.0554141225020426,0.00210001559133242,0.055221717947316
OFF,8.5,-1,PP,4.73151258961481,0.055437380352372,0.00222219217776013,0.055221717947316
OFF,8.5,-1,PP,5.01187233627272,0.055463419963604,0.00235118847207456,0.055221717947316
OFF,8.5,-1,PP,5.30884444230988,0.0554925664712662,0.0024873313491092,0.055221717947316
OFF,8.5,-1,PP,5.62341325190349,0.0555251810813165,0.00263095311658346,0.055221717947316
OFF,8.5,-1,PP,5.9566214352901,0.055561664578246,0.00278238941068834,0.055221717947316
OFF,8.5,-1,PP,6.30957344480193,0.0556024610457347,0.00294197657348058,0.055221717947316
OFF,8.5,-1,PP,6.68343917568615,0.0556480617761917,0.00311004842706406,0.055221717947316
OFF,8.5,-1,PP,7.07945784384138,0.055699009332159,0.00328693235020431,0.055221717947316
OFF,8.5,-1,PP,7.49894209332456,0.055755901705762,0.00347294455399453,0.055221717947316
OFF,8.5,-1,PP,7.94328234724281,0.055819396501557,0.0036683844450667,0.055221717947316
OFF,8.5,-1,PP,8.41395141645195,0.0558902150426835,0.0038735279584372,0.055221717947316
OFF,8.5,-1,PP,8.91250938133745,0.0559691462696137,0.00408861973848583,0.055221717947316
OFF,8.5,-1,PP,9.44060876285924,0.0560570502645531,0.00431386404720958,0.055221717947316
OFF,8.5,-1,PP,10,0.0561548611924247,0.00454941428556213,0.055221717947316
OFF,8.5,-1,PP,10.5925372517729,0.0562635894014164,0.00479536102860046,0.055221717947316
OFF,8.5,-1,PP,11.2201845430196,0.0563843223728413,0.00505171850095228,0.055221717947316
OFF,8.5,-1,PP,11.8850222743702,0.0565182241527888,0.00531840945884626,0.055221717947316
OFF,8.5,-1,PP,12.5892541179417,0.0566665328389365,0.0055952485019821,0.055221717947316
OFF,8.5,-1,PP,13.3352143216332,0.0568305556383859,0.00588192391637227,0.055221717947316
OFF,8.5,-1,PP,14.1253754462275,0.0570116609614752,0.00617797825130706,0.055221717947316
OFF,8.5,-1,PP,14.9623565609443,0.057211266979023,0.00648278796248732,0.055221717947316
OFF,8.5,-1,PP,15.8489319246111,0.0574308260552109,0.00679554261054157,0.055221717947316
OFF,8.5,-1,PP,16.7880401812256,0.0576718044862138,0.00711522428882528,0.055221717947316
OFF,8.5,-1,PP,17.7827941003892,0.0579356570383815,0.00744058816257237,0.055221717947316
OFF,8.5,-1,PP,18.836490894898,0.0582237959030212,0.00777014522465965,0.055221717947316
OFF,8.5,-1,PP,19.9526231496888,0.0585375538811501,0.00810214859733209,0.055221717947316
OFF,8.5,-1,PP,21.1348903983665,0.0588781418923512,0.00843458491348233,0.055221717947316
OFF,8.5,-1,PP,22.3872113856834,0.0592466012735585,0.00876517246774202,0.055221717947316
OFF,8.5,-1,PP,23.7137370566166,0.059643751794429,0.00909136790258923,0.055221717947316
OFF,8.5,-1,PP,25.1188643150958,0.0600701368522414,0.00941038314944607,0.055221717947316
OFF,8.5,-1,PP,26.6072505979881,0.0605259678919246,0.00971921414048212,0.055221717947316
OFF,8.5,-1,PP,28.1838293126445,0.0610110706792049,0.010014682410271,0.055221717947316
OFF,8.5,-1,PP,29.8538261891796,0.0615248365727246,0.0102934900976133,0.055221717947316
OFF,8.5,-1,PP,31.6227766016838,0.062066182315987,0.0105522880387889,0.055221717947316
OFF,8.5,-1,PP,33.4965439157828,0.0626335220174031,0.0107877556463545,0.055221717947316
OFF,8.5,-1,PP,35.4813389233575,0.0632247548276607,0.0109966901597896,0.055221717947316
OFF,8.5,-1,PP,37.5837404288444,0.063837271300526,0.0111761017386016,0.055221717947316
OFF,8.5,-1,PP,39.8107170553497,0.0644679805162535,0.0113233098757903,0.055221717947316
OFF,8.5,-1,PP,42.1696503428582,0.0651133587878351,0.0114360358834427,0.055221717947316
OFF,8.5,-1,PP,44.6683592150963,0.0657695192495925,0.0115124858767147,0.055221717947316
OFF,8.5,-1,PP,47.315125896148,0.0664322999900456,0.0115514188562591,0.055221717947316
OFF,8.5,-1,PP,50.1187233627273,0.0670973668202461,0.0115521952018689,0.055221717947316
OFF,8.5,-1,PP,53.0884444230988,0.0677603254604564,0.0115148021066358,0.055221717947316
OFF,8.5,-1,PP,56.2341325190349,0.0684168370566235,0.0114398540892493,0.055221717947316
OFF,8.5,-1,PP,59.566214352901,0.0690627306247425,0.0113285685466344,0.055221717947316
OFF,8.5,-1,PP,63.0957344480193,0.0696941063104072,0.0111827181381255,0.055221717947316
OFF,8.5,-1,PP,66.8343917568615,0.0703074242015313,0.0110045634132442,0.055221717947316
OFF,8.5,-1,PP,70.7945784384138,0.0708995747259485,0.0107967703302489,0.055221717947316
OFF,8.5,-1,PP,74.9894209332456,0.071467928229465,0.0105623180469924,0.055221717947316
OFF,8.5,-1,PP,79.4328234724281,0.0720103629685624,0.0103044025609889,0.055221717947316
OFF,8.5,-1,PP,84.1395141645195,0.072525272280562,0.010026341468742,0.055221717947316
OFF,8.5,-1,PP,89.1250938133746,0.0730115529657875,0.00973148440205379,0.055221717947316
OFF,8.5,-1,PP,94.4060876285924,0.0734685778384772,0.00942313271433135,0.055221717947316
OFF,8.5,-1,PP,100,0.0738961559418099,0.00910447087650498,0.055221717947316
OFF,8.5,-1,CF,0.1,0.0552219556313148,7.41186977624944e-05,0.055221717947316
OFF,8.5,-1,CF,0.105925372517729,0.0552219846328143,7.85104081974218e-05,0.055221717947316
OFF,8.5,-1,CF,0.112201845430196,0.0552220171729453,8.31623252659502e-05,0.055221717947316
OFF,8.5,-1,CF,0.118850222743702,0.0552220536834637,8.8089863680135e-05,0.055221717947316
OFF,8.5,-1,CF,0.125892541179417,0.0552220946488018,9.33093508713639e-05,0.055221717947316
OFF,8.5,-1,CF,0.133352143216332,0.0552221406124943,9.88380809480185e-05,0.055221717947316
OFF,8.5,-1,CF,0.141253754462275,0.0552221921843879,0.000104694371826891,0.055221717947316
OFF,8.5,-1,CF,0.149623565609443,0.0552222500487302,0.000110897625721995,0.055221717947316
OFF,8.5,-1,CF,0.158489319246111,0.0552223149732452,0.00011746839318446,0.055221717947316
OFF,8.5,-1,CF,0.167880401812256,0.055222387819315,0.000124428440897688,0.055221717947316
OFF,8.5,-1,CF,0.177827941003892,0.0552224695534029,0.000131800823442868,0.055221717947316
OFF,8.5,-1,CF,0.18836490894898,0.0552225612598697,0.000139609959261302,0.055221717947316
OFF,8.5,-1,CF,0.199526231496888,0.0552226641553515,0.000147881711051753,0.055221717947316
OFF,8.5,-1,CF,0.211348903983665,0.0552227796048903,0.000156643470853158,0.055221717947316
OFF,8.5,-1,CF,0.223872113856834,0.0552229091400302,0.000165924250075554,0.055221717947316
OFF,8.5,-1,CF,0.237137370566166,0.0552230544791192,0.000175754774754858,0.055221717947316
OFF,8.5,-1,CF,0.251188643150958,0.0552232175500831,0.000186167586320141,0.055221717947316
OFF,8.5,-1,CF,0.266072505979881,0.0552234005159745,0.000197197148175258,0.055221717947316
OFF,8.5,-1,CF,0.281838293126445,0.0552236058036324,0.000208879958409863,0.055221717947316
OFF,8.5,-1,CF,0.298538261891796,0.0552238361358316,0.000221254668967989,0.055221717947316
OFF,8.5,-1,CF,0.316227766016838,0.0552240945673442,0.000234362211615244,0.055221717947316
OFF,8.5,-1,CF,0.334965439157828,0.0552243845253901,0.000248245931058019,0.055221717947316
OFF,8.5,-1,CF,0.354813389233576,0.0552247098550069,0.000262951725579783,0.055221717947316
OFF,8.5,-1,CF,0.375837404288444,0.0552250748699369,0.000278528195570134,0.055221717947316
OFF,8.5,-1,CF,0.398107170553497,0.055225484409698,0.000295026800331416,0.055221717947316
OFF,8.5,-1,CF,0.421696503428582,0.055225943903588,0.000312502023554948,0.055221717947316
OFF,8.5,-1,CF,0.446683592150963,0.0552264594424597,0.000331011547863697,0.055221717947316
OFF,8.5,-1,CF,0.473151258961481,0.0552270378592047,0.000350616438819759,0.055221717947316
OFF,8.5,-1,CF,0.501187233627272,0.0552276868189964,0.000371381338792626,0.055221717947316
OFF,8.5,-1,CF,0.530884444230988,0.0552284149204667,0.000393374671076752,0.055221717947316
OFF,8.5,-1,CF,0.562341325190349,0.0552292318091306,0.000416668854633302,0.055221717947316
OFF,8.5,-1,CF,0.59566214352901,0.0552301483045286,0.000441340529809691,0.055221717947316
OFF,8.5,-1,CF,0.630957344480193,0.0552311765427276,0.000467470795359883,0.055221717947316
OFF,8.5,-1,CF,0.668343917568615,0.0552323301360158,0.000495145457046393,0.055221717947316
OFF,8.5,-1,CF,0.707945784384138,0.0552336243518389,0.000524455288049068,0.055221717947316
OFF,8.5,-1,CF,0.749894209332456,0.055235076313263,0.000555496301333146,0.055221717947316
OFF,8.5,-1,CF,0.794328234724281,0.0552367052235094,0.000588370034036331,0.055221717947316
OFF,8.5,-1,CF,0.841395141645195,0.0552385326174022,0.00062318384381765,0.055221717947316
OFF,8.5,-1,CF,0.891250938133745,0.0552405826428847,0.000660051216964788,0.055221717947316
OFF,8.5,-1,CF,0.944060876285923,0.0552428823761157,0.000699092087875838,0.055221717947316
OFF,8.5,-1,CF,1,0.0552454621740482,0.000740433169309097,0.055221717947316
OFF,8.5,-1,CF,1.05925372517729,0.0552483560688109,0.000784208292522911,0.055221717947316
OFF,8.5,-1,CF,1.12201845430196,0.055251602208684,0.000830558756097268,0.055221717947316
OFF,8.5,-1,CF,1.18850222743702,0.0552552433509617,0.000879633681828935,0.055221717947316
OFF,8.5,-1,CF,1.25892541179417,0.0552593274125373,0.000931590375609797,0.055221717947316
OFF,8.5,-1,CF,1.33352143216332,0.0552639080846396,0.000986594690618783,0.055221717947316
OFF,8.5,-1,CF,1.41253754462275,0.0552690455187695,0.00104482138946406,0.055221717947316
OFF,8.5,-1,CF,1.49623565609443,0.0552748070915521,0.00110645450108423,0.055221717947316
OFF,8.5,-1,CF,1.58489319246111,0.0552812682569163,0.00117168766723182,0.055221717947316
OFF,8.5,-1,CF,1.67880401812256,0.0552885134947261,0.00124072447219322,0.055221717947316
OFF,8.5,-1,CF,1.77827941003892,0.0552966373657244,0.00131377874801619,0.055221717947316
OFF,8.5,-1,CF,1.8836490894898,0.0553057456833648,0.00139107484588462,0.055221717947316
OFF,8.5,-1,CF,1.99526231496888,0.0553159568138057,0.00147284786236285,0.055221717947316
OFF,8.5,-1,CF,2.11348903983665,0.0553274031159672,0.00155934380698471,0.055221717947316
OFF,8.5,-1,CF,2.23872113856834,0.0553402325340805,0.00165081969503941,0.055221717947316
OFF,8.5,-1,CF,2.37137370566166,0.055354610355525,0.00174754354635653,0.055221717947316
OFF,8.5,-1,CF,2.51188643150958,0.0553707211468884,0.00184979426736115,0.055221717947316
OFF,8.5,-1,CF,2.66072505979881,0.0553887708810034,0.0019578613896032,0.055221717947316
OFF,8.5,-1,CF,2.81838293126445,0.0554089892671048,0.00207204463330585,0.055221717947316
OFF,8.5,-1,CF,2.98538261891796,0.0554316322950617,0.00219265325917678,0.055221717947316
OFF,8.5,-1,CF,3.16227766016838,0.0554569850027127,0.00232000516573856,0.055221717947316
OFF,8.5,-1,CF,3.34965439157828,0.0554853644724373,0.00245442568273423,0.055221717947316
OFF,8.5,-1,CF,3.54813389233576,0.0555171230589909,0.00259624600374642,0.055221717947316
OFF,8.5,-1,CF,3.75837404288444,0.0555526518449967,0.0027458011930661,0.055221717947316
OFF,8.5,-1,CF,3.98107170553497,0.0555923843129694,0.00290342769314375,0.055221717947316
OFF,8.5,-1,CF,4.21696503428582,0.0556368002129177,0.00306946024980803,0.055221717947316
OFF,8.5,-1,CF,4.46683592150963,0.0556864295919587,0.00324422816309869,0.055221717947316
OFF,8.5,-1,CF,4.73151258961481,0.0557418569364473,0.00342805076241398,0.055221717947316
OFF,8.5,-1,CF,5.01187233627272,0.0558037253572979,0.0036212319962695,0.055221717947316
OFF,8.5,-1,CF,5.30884444230988,0.0558727407248832,0.00382405402006588,0.055221717947316
OFF,8.5,-1,CF,5.62341325190349,0.0559496756305425,0.00403676966089082,0.055221717947316
OFF,8.5,-1,CF,5.9566214352901,0.0560353730168653,0.00425959363787333,0.055221717947316
OFF,8.5,-1,CF,6.30957344480193,0.0561307492781911,0.00449269242166667,0.055221717947316
OFF,8.5,-1,CF,6.68343917568615,0.0562367965861705,0.0047361726293719,0.055221717947316
OFF,8.5,-1,CF,7.07945784384138,0.0563545841431683,0.00499006787416835,0.055221717947316
OFF,8.5,-1,CF,7.49894209332456,0.0564852580098147,0.00525432402504965,0.055221717947316
OFF,8.5,-1,CF,7.94328234724281,0.0566300390940822,0.0055287828846844,0.055221717947316
OFF,8.5,-1,CF,8.41395141645195,0.0567902188309858,0.00581316436602973,0.055221717947316
OFF,8.5,-1,CF,8.91250938133745,0.0569671520289931,0.00610704734434492,0.055221717947316
OFF,8.5,-1,CF,9.44060876285924,0.0571622463178292,0.00640984948359245,0.055221717947316
OFF,8.5,-1,CF,10,0.0573769476109399,0.00672080648666092,0.055221717947316
OFF,8.5,-1,CF,10.5925372517729,0.0576127210048392,0.00703895139723393,0.055221717947316
OFF,8.5,-1,CF,11.2201845430196,0.0578710265891981,0.00736309478431658,0.055221717947316
OFF,8.5,-1,CF,11.8850222743702,0.0581532897494206,0.00769180686111313,0.055221717947316
OFF,8.5,-1,CF,12.5892541179417,0.0584608657213133,0.0080234028154393,0.055221717947316
OFF,8.5,-1,CF,13.3352143216332,0.0587949984174084,0.00835593284004474,0.055221717947316
OFF,8.5,-1,CF,14.1253754462275,0.0591567738944463,0.00868717852202191,0.055221717947316
OFF,8.5,-1,CF,14.9623565609443,0.0595470692719807,0.00901465734814142,0.055221717947316
OFF,8.5,-1,CF,15.8489319246111,0.0599664984324879,0.00933563706976467,0.055221717947316
OFF,8.5,-1,CF,16.7880401812256,0.060415356408581,0.00964716150771881,0.055221717947316
OFF,8.5,-1,CF,17.7827941003892,0.0608935649505592,0.00994608902893538,0.055221717947316
OFF,8.5,-1,CF,18.836490894898,0.0614006223073171,0.0102291443688672,0.055221717947316
OFF,8.5,-1,CF,19.9526231496888,0.0619355606700595,0.0104929837027668,0.055221717947316
OFF,8.5,-1,CF,21.1348903983665,0.062496914937169,0.010734271909208,0.055221717947316
OFF,8.5,-1,CF,22.3872113856834,0.0630827063783736,0.0109497698795967,0.055221717947316
OFF,8.5,-1,CF,23.7137370566166,0.0636904443429209,0.0111364286026192,0.055221717947316
OFF,8.5,-1,CF,25.1188643150958,0.0643171483396602,0.0112914857179115,0.055221717947316
OFF,8.5,-1,CF,26.6072505979881,0.0649593916353974,0.0114125594310899,0.055221717947316
OFF,8.5,-1,CF,28.1838293126445,0.0656133660479327,0.0114977342512318,0.055221717947316
OFF,8.5,-1,CF,29.8538261891796,0.0662749659847584,0.0115456330613251,0.055221717947316
OFF,8.5,-1,CF,31.6227766016838,0.0669398881740787,0.0115554706175333,0.055221717947316
OFF,8.5,-1,CF,33.4965439157828,0.0676037421472354,0.011527084677692,0.055221717947316
OFF,8.5,-1,CF,35.4813389233575,0.0682621655433194,0.0114609424888523,0.055221717947316
OFF,8.5,-1,CF,37.5837404288444,0.0689109378540804,0.0113581221553808,0.055221717947316
OFF,8.5,-1,CF,39.8107170553497,0.0695460863742824,0.011220270256875,0.055221717947316
OFF,8.5,-1,CF,42.1696503428582,0.0701639788484703,0.0110495387732059,0.055221717947316
OFF,8.5,-1,CF,44.6683592150963,0.0707613985079892,0.0108485057135276,0.055221717947316
OFF,8.5,-1,CF,47.315125896148,0.0713355987093749,0.0106200847054529,0.055221717947316
OFF,8.5,-1,CF,50.1187233627273,0.0718843360237508,0.0103674291229184,0.055221717947316
OFF,8.5,-1,CF,53.0884444230988,0.0724058821965836,0.0100938361364945,0.055221717947316
OFF,8.5,-1,CF,56.2341325190349,0.0728990167402605,0.00980265544249486,0.055221717947316
OFF,8.5,-1,CF,59.566214352901,0.0733630029321611,0.0094972064940368,0.055221717947316
OFF,8.5,-1,CF,63.0957344480193,0.0737975506204958,0.00918070696161903,0.055221717947316
OFF,8.5,-1,CF,66.8343917568615,0.0742027694957675,0.00885621402908449,0.055221717947316
OFF,8.5,-1,CF,70.7945784384138,0.0745791164160102,0.00852657909466872,0.055221717947316
OFF,8.5,-1,CF,74.9894209332456,0.0749273400535859,0.00819441557371512,0.055221717947316
OFF,8.5,-1,CF,79.4328234724281,0.0752484256447812,0.00786207883113648,0.055221717947316
OFF,8.5,-1,CF,84.1395141645195,0.0755435420518225,0.00753165681747296,0.055221717947316
OFF,8.5,-1,CF,89.1250938133746,0.0758139927588879,0.00720496972771355,0.055221717947316
OFF,8.5,-1,CF,94.4060876285924,0.0760611718709105,0.00688357691648589,0.055221717947316
OFF,8.5,-1,CF,100,0.0762865257002337,0.00656878934878933,0.055221717947316
OFF,8.5,0,PP,0.1,0.0552218128880432,4.55335719978325e-05,0.055221717947316
OFF,8.5,0,PP,0.105925372517729,0.0552218244725075,4.82315801736628e-05,0.055221717947316
OFF,8.5,0,PP,0.112201845430196,0.0552218374704756,5.10894505615483e-05,0.055221717947316
OFF,8.5,0,PP,0.118850222743702,0.0552218520544172,5.41166546839484e-05,0.055221717947316
OFF,8.5,0,PP,0.125892541179417,0.0552218684178456,5.73232251149439e-05,0.055221717947316
OFF,8.5,0,PP,0.133352143216332,0.0552218867778851,6.07197886923338e-05,0.055221717947316
OFF,8.5,0,PP,0.141253754462275,0.0552219073781515,6.43176016915839e-05,0.055221717947316
OFF,8.5,0,PP,0.149623565609443,0.0552219304919842,6.81285870767269e-05,0.055221717947316
OFF,8.5,0,PP,0.158489319246111,0.0552219564260729,7.21653739499171e-05,0.055221717947316
OFF,8.5,0,PP,0.167880401812256,0.0552219855245257,7.64413393282972e-05,0.055221717947316
OFF,8.5,0,PP,0.177827941003892,0.0552220181734344,8.0970652384153e-05,0.055221717947316
OFF,8.5,0,PP,0.18836490894898,0.0552220548059962,8.5768321292026e-05,0.055221717947316
OFF,8.5,0,PP,0.199526231496888,0.0552220959082603,9.08502428345344e-05,0.055221717947316
OFF,8.5,0,PP,0.211348903983665,0.0552221420255749,9.62332549271334e-05,0.055221717947316
OFF,8.5,0,PP,0.223872113856834,0.055222193769821,0.00010193519223093,0.055221717947316
OFF,8.5,0,PP,0.237137370566166,0.0552222518275282,0.000107974945031966,0.055221717947316
OFF,8.5,0,PP,0.251188643150958,0.0552223169689796,0.000114372521575088,0.055221717947316
OFF,8.5,0,PP,0.266072505979881,0.0552223900584275,0.000121149114050659,0.055221717947316
OFF,8.5,0,PP,0.281838293126445,0.0552224720655545,0.000128327168442885,0.055221717947316
OFF,8.5,0,PP,0.298538261891796,0.0552225640783311,0.000135930458459474,0.055221717947316
OFF,8.5,0,PP,0.316227766016838,0.0552226673174413,0.000143984163773623,0.055221717947316
OFF,8.5,0,PP,0.334965439157828,0.0552227831524661,0.000152514952821007,0.055221717947316
OFF,8.5,0,PP,0.354813389233576,0.0552229131200387,0.000161551070406385,0.055221717947316
OFF,8.5,0,PP,0.375837404288444,0.0552230589442118,0.000171122430386643,0.055221717947316
OFF,8.5,0,PP,0.398107170553497,0.0552232225593066,0.000181260713709504,0.055221717947316
OFF,8.5,0,PP,0.421696503428582,0.0552234061355435,0.000191999472099596,0.055221717947316
OFF,8.5,0,PP,0.446683592150963,0.0552236121077946,0.000203374237696052,0.055221717947316
OFF,8.5,0,PP,0.473151258961481,0.0552238432078357,0.000215422638958088,0.055221717947316
OFF,8.5,0,PP,0.501187233627272,0.0552241025005233,0.000228184523166951,0.055221717947316
OFF,8.5,0,PP,0.530884444230988,0.0552243934243731,0.000241702085864022,0.055221717947316
OFF,8.5,0,PP,0.562341325190349,0.0552247198370726,0.000256020007575347,0.055221717947316
OFF,8.5,0,PP,0.59566214352901,0.0552250860665277,0.000271185598182264,0.055221717947316
OFF,8.5,0,PP,0.630957344480193,0.0552254969681098,0.000287248949305521,0.055221717947316
OFF,8.5,0,PP,0.668343917568615,0.0552259579888572,0.000304263095075996,0.055221717947316
OFF,8.5,0,PP,0.707945784384138,0.0552264752394673,0.000322284181668137,0.055221717947316
OFF,8.5,0,PP,0.749894209332456,0.0552270555750224,0.000341371645971845,0.055221717947316
OFF,8.5,0,PP,0.794328234724281,0.0552277066854987,0.000361588403773924,0.055221717947316
OFF,8.5,0,PP,0.841395141645195,0.0552284371972373,0.000383001047810255,0.055221717947316
OFF,8.5,0,PP,0.891250938133745,0.0552292567866932,0.000405680056033405,0.055221717947316
OFF,8.5,0,PP,0.944060876285923,0.0552301763079314,0.000429700010415869,0.055221717947316
OFF,8.5,0,PP,1,0.0552312079355174,0.000455139826574859,0.055221717947316
OFF,8.5,0,PP,1.05925372517729,0.0552323653246348,0.000482082994458315,0.055221717947316
OFF,8.5,0,PP,1.12201845430196,0.0552336637904807,0.000510617830271181,0.055221717947316
OFF,8.5,0,PP,1.18850222743702,0.0552351205092227,0.000540837739742882,0.055221717947316
OFF,8.5,0,PP,1.25892541179417,0.055236754743065,0.000572841492737883,0.055221717947316
OFF,8.5,0,PP,1.33352143216332,0.0552385880922581,0.000606733509086981,0.055221717947316
OFF,8.5,0,PP,1.41253754462275,0.0552406447772078,0.000642624155362557,0.055221717947316
OFF,8.5,0,PP,1.49623565609443,0.0552429519541869,0.000680630052130627,0.055221717947316
OFF,8.5,0,PP,1.58489319246111,0.0552455400685392,0.000720874390979172,0.055221717947316
OFF,8.5,0,PP,1.67880401812256,0.0552484432496875,0.000763487260337812,0.055221717947316
OFF,8.5,0,PP,1.77827941003892,0.0552516997527112,0.000808605978758915,0.055221717947316
OFF,8.5,0,PP,1.8836490894898,0.0552553524517604,0.000856375433913423,0.055221717947316
OFF,8.5,0,PP,1.99526231496888,0.0552594493911065,0.000906948425053138,0.055221717947316
OFF,8.5,0,PP,2.11348903983665,0.0552640444002041,0.000960486006089657,0.055221717947316
OFF,8.5,0,PP,2.23872113856834,0.05526919777975,0.00101715782572103,0.055221717947316
OFF,8.5,0,PP,2.37137370566166,0.0552749770663685,0.00107714246018022,0.055221717947316
OFF,8.5,0,PP,2.51188643150958,0.0552814578842203,0.00114062773316105,0.055221717947316
OFF,8.5,0,PP,2.66072505979881,0.0552887248925179,0.0012078110162711,0.055221717947316
OFF,8.5,0,PP,2.81838293126445,0.05529687283862,0.00127889950193585,0.055221717947316
OFF,8.5,0,PP,2.98538261891796,0.055306007727046,0.0013541104390011,0.055221717947316
OFF,8.5,0,PP,3.16227766016838,0.0553162481153811,0.00143367131931125,0.055221717947316
OFF,8.5,0,PP,3.34965439157828,0.0553277265485929,0.00151782000123878,0.055221717947316
OFF,8.5,0,PP,3.54813389233576,0.0553405911437051,0.00160680475345729,0.055221717947316
OFF,8.5,0,PP,3.75837404288444,0.0553550073370198,0.00170088419913815,0.055221717947316
OFF,8.5,0,PP,3.98107170553497,0.0553711598060631,0.00180032713715673,0.055221717947316
OFF,8.5,0,PP,4.21696503428582,0.0553892545780629,0.0019054122127659,0.055221717947316
OFF,8.5,0,PP,4.46683592150963,0.0554095213359223,0.00201642740548145,0.055221717947316
OFF,8.5,0,PP,4.73151258961481,0.0554322159311894,0.00213366929658131,0.055221717947316
OFF,8.5,0,PP,5.01187233627272,0.0554576231112533,0.00225744207261383,0.055221717947316
OFF,8.5,0,PP,5.30884444230988,0.0554860594646961,0.00238805621462462,0.055221717947316
OFF,8.5,0,PP,5.62341325190349,0.055517876584139,0.00252582681545895,0.055221717947316
OFF,8.5,0,PP,5.9566214352901,0.055553464439713,0.00267107145953122,0.055221717947316
OFF,8.5,0,PP,6.30957344480193,0.0555932549480955,0.00282410759098723,0.055221717947316
OFF,8.5,0,PP,6.68343917568615,0.0556377257114555,0.00298524928741101,0.055221717947316
OFF,8.5,0,PP,7.07945784384138,0.0556874038871594,0.00315480334744524,0.055221717947316
OFF,8.5,0,PP,7.49894209332456,0.0557428701321892,0.00333306459234256,0.055221717947316
OFF,8.5,0,PP,7.94328234724281,0.0558047625453585,0.00352031027416237,0.055221717947316
OFF,8.5,0,PP,8.41395141645195,0.055873780505025,0.00371679347791774,0.055221717947316
OFF,8.5,0,PP,8.91250938133745,0.0559506882696002,0.00392273540257304,0.055221717947316
OFF,8.5,0,PP,9.44060876285924,0.0560363181723436,0.00413831640783446,0.055221717947316
OFF,8.5,0,PP,10,0.0561315732005395,0.00436366572196631,0.055221717947316
OFF,8.5,0,PP,10.5925372517729,0.0562374287023485,0.00459884972261297,0.055221717947316
OFF,8.5,0,PP,11.2201845430196,0.0563549329130903,0.00484385873042085,0.055221717947316
OFF,8.5,0,PP,11.8850222743702,0.0564852059378472,0.00509859229711833,0.055221717947316
OFF,8.5,0,PP,12.5892541179417,0.0566294367714758,0.0053628430288712,0.055221717947316
OFF,8.5,0,PP,13.3352143216332,0.0567888778840038,0.00563627906549416,0.055221717947316
OFF,8.5,0,PP,14.1253754462275,0.0569648368541637,0.00591842543950925,0.055221717947316
OFF,8.5,0,PP,14.9623565609443,0.0571586645034412,0.00620864466837872,0.055221717947316
OFF,8.5,0,PP,15.8489319246111,0.0573717389764138,0.00650611708933906,0.055221717947316
OFF,8.5,0,PP,16.7880401812256,0.0576054452411216,0.00680982162763188,0.055221717947316
OFF,8.5,0,PP,17.7827941003892,0.0578611495580965,0.0071185178906883,0.055221717947316
OFF,8.5,0,PP,18.836490894898,0.0581401686015487,0.00743073069356111,0.055221717947316
OFF,8.5,0,PP,19.9526231496888,0.0584437331235019,0.00774473832956247,0.055221717947316
OFF,8.5,0,PP,21.1348903983665,0.0587729463410914,0.00805856608317995,0.055221717947316
OFF,8.5,0,PP,22.3872113856834,0.0591287376030319,0.00836998661186615,0.055221717947316
OFF,8.5,0,PP,23.7137370566166,0.0595118123488948,0.00867652886553977,0.055221717947316
OFF,8.5,0,PP,25.1188643150958,0.0599225998975223,0.00897549713069388,0.055221717947316
OFF,8.5,0,PP,26.6072505979881,0.0603612011565882,0.00926400154401571,0.055221717947316
OFF,8.5,0,PP,28.1838293126445,0.0608273388850506,0.00953900098972065,0.055221717947316
OFF,8.5,0,PP,29.8538261891796,0.0613203135990293,0.0097973586616205,0.055221717947316
OFF,8.5,0,PP,31.6227766016838,0.0618389685128091,0.0100359097446178,0.055221717947316
OFF,8.5,0,PP,33.4965439157828,0.0623816669704094,0.0102515396903686,0.055221717947316
OFF,8.5,0,PP,35.4813389233575,0.0629462855790762,0.0104412705017942,0.055221717947316
OFF,8.5,0,PP,37.5837404288444,0.0635302256583838,0.0106023514066506,0.055221717947316
OFF,8.5,0,PP,39.8107170553497,0.064130444661484,0.0107323494203678,0.055221717947316
OFF,8.5,0,PP,42.1696503428582,0.0647435079539236,0.0108292347083141,0.055221717947316
OFF,8.5,0,PP,44.6683592150963,0.0653656598512157,0.0108914554771547,0.055221717947316
OFF,8.5,0,PP,47.315125896148,0.0659929112684035,0.0109179974334463,0.055221717947316
OFF,8.5,0,PP,50.1187233627273,0.0666211399029032,0.0109084236633605,0.055221717947316
OFF,8.5,0,PP,53.0884444230988,0.0672461977383493,0.0108628920561562,0.055221717947316
OFF,8.5,0,PP,56.2341325190349,0.0678640199753339,0.0107821489908404,0.055221717947316
OFF,8.5,0,PP,59.566214352901,0.0684707293604151,0.0106674997516447,0.055221717947316
OFF,8.5,0,PP,63.0957344480193,0.0690627303166994,0.0105207578295896,0.055221717947316
OFF,8.5,0,PP,66.8343917568615,0.0696367882165607,0.0103441767098403,0.055221717947316
OFF,8.5,0,PP,70.7945784384138,0.0701900904503566,0.0101403687846546,0.055221717947316
OFF,8.5,0,PP,74.9894209332456,0.0707202874616676,0.00991221658080804,0.055221717947316
OFF,8.5,0,PP,79.4328234724281,0.0712255134547954,0.009662781533304,0.055221717947316
OFF,8.5,0,PP,84.1395141645195,0.0717043878674321,0.00939521512675232,0.055221717947316
OFF,8.5,0,PP,89.1250938133746,0.0721559998152979,0.00911267646569397,0.055221717947316
OFF,8.5,0,PP,94.4060876285924,0.0725798784844935,0.00881825935640895,0.055221717947316
OFF,8.5,0,PP,100,0.0729759528541016,0.00851493091983629,0.055221717947316
OFF,8.5,0,CF,0.1,0.0552219500117028,7.11882520365458e-05,0.055221717947316
OFF,8.5,0,CF,0.105925372517729,0.0552219783275029,7.54063233833047e-05,0.055221717947316
OFF,8.5,0,CF,0.112201845430196,0.0552220100982658,7.9874312739887e-05,0.055221717947316
OFF,8.5,0,CF,0.118850222743702,0.0552220457455381,8.46070252052732e-05,0.055221717947316
OFF,8.5,0,CF,0.125892541179417,0.0552220857422968,8.96201424808718e-05,0.055221717947316
OFF,8.5,0,CF,0.133352143216332,0.0552221306192238,9.4930274689052e-05,0.055221717947316
OFF,8.5,0,CF,0.141253754462275,0.0552221809717445,0.000100555015238856,0.055221717947316
OFF,8.5,0,CF,0.149623565609443,0.0552222374679255,0.00010651299891506,0.055221717947316
OFF,8.5,0,CF,0.158489319246111,0.0552223008573352,0.000112823963376381,0.055221717947316
OFF,8.5,0,CF,0.167880401812256,0.0552223719809845,0.000119508814258622,0.055221717947316
OFF,8.5,0,CF,0.177827941003892,0.0552224517824801,0.000126589694089033,0.055221717947316
OFF,8.5,0,CF,0.18836490894898,0.0552225413205365,0.000134090055228943,0.055221717947316
OFF,8.5,0,CF,0.199526231496888,0.055222641783014,0.000142034737072989,0.055221717947316
OFF,8.5,0,CF,0.211348903983665,0.0552227545026674,0.000150450047744802,0.055221717947316
OFF,8.5,0,CF,0.223872113856834,0.0552228809748132,0.000159363850540906,0.055221717947316
OFF,8.5,0,CF,0.237137370566166,0.0552230228771509,0.000168805655386763,0.055221717947316
OFF,8.5,0,CF,0.251188643150958,0.0552231820919969,0.000178806715581219,0.055221717947316
OFF,8.5,0,CF,0.266072505979881,0.0552233607312284,0.000189400130118107,0.055221717947316
OFF,8.5,0,CF,0.281838293126445,0.0552235611642634,0.000200620951886219,0.055221717947316
OFF,8.5,0,CF,0.298538261891796,0.0552237860494471,0.00021250630206122,0.055221717947316
OFF,8.5,0,CF,0.316227766016838,0.0552240383692591,0.000225095491015109,0.055221717947316
OFF,8.5,0,CF,0.334965439157828,0.0552243214698027,0.000238430146080375,0.055221717947316
OFF,8.5,0,CF,0.354813389233576,0.0552246391050981,0.000252554346516735,0.055221717947316
OFF,8.5,0,CF,0.375837404288444,0.0552249954867601,0.000267514766038011,0.055221717947316
OFF,8.5,0,CF,0.398107170553497,0.0552253953397127,0.000283360823264905,0.055221717947316
OFF,8.5,0,CF,0.421696503428582,0.0552258439646707,0.000300144840475616,0.055221717947316
OFF,8.5,0,CF,0.446683592150963,0.0552263473082061,0.000317922211030003,0.055221717947316
OFF,8.5,0,CF,0.473151258961481,0.0552269120413145,0.000336751575843457,0.055221717947316
OFF,8.5,0,CF,0.501187233627272,0.055227545647506,0.000356695009283121,0.055221717947316
OFF,8.5,0,CF,0.530884444230988,0.0552282565215668,0.000377818214850535,0.055221717947316
OFF,8.5,0,CF,0.562341325190349,0.0552290540802729,0.000400190730999958,0.055221717947316
OFF,8.5,0,CF,0.59566214352901,0.055229948886489,0.000423886147419201,0.055221717947316
OFF,8.5,0,CF,0.630957344480193,0.0552309527882553,0.000448982332067981,0.055221717947316
OFF,8.5,0,CF,0.668343917568615,0.0552320790746475,0.000475561669225648,0.055221717947316
OFF,8.5,0,CF,0.707945784384138,0.0552333426504102,0.000503711308743113,0.055221717947316
OFF,8.5,0,CF,0.749894209332456,0.0552347602315869,0.000533523426620186,0.055221717947316
OFF,8.5,0,CF,0.794328234724281,0.0552363505646321,0.000565095496935768,0.055221717947316
OFF,8.5,0,CF,0.841395141645195,0.055238134671767,0.000598530575040485,0.055221717947316
OFF,8.5,0,CF,0.891250938133745,0.0552401361256569,0.000633937591774594,0.055221717947316
OFF,8.5,0,CF,0.944060876285923,0.0552423813568286,0.000671431658292689,0.055221717947316
OFF,8.5,0,CF,1,0.0552448999976221,0.000711134380854235,0.055221717947316
OFF,8.5,0,CF,1.05925372517729,0.0552477252668848,0.000753174184667461,0.055221717947316
OFF,8.5,0,CF,1.12201845430196,0.0552508944000634,0.000797686645544441,0.055221717947316
OFF,8.5,0,CF,1.18850222743702,0.0552544491298389,0.000844814827726473,0.055221717947316
OFF,8.5,0,CF,1.25892541179417,0.0552584362229724,0.000894709625758767,0.055221717947316
OFF,8.5,0,CF,1.33352143216332,0.0552629080795998,0.000947530107716947,0.055221717947316
OFF,8.5,0,CF,1.41253754462275,0.0552679234018118,0.00100344385639848,0.055221717947316
OFF,8.5,0,CF,1.49623565609443,0.0552735479389941,0.00106262730426965,0.055221717947316
OFF,8.5,0,CF,1.58489319246111,0.0552798553180639,0.00112526605698095,0.055221717947316
OFF,8.5,0,CF,1.67880401812256,0.0552869279674237,0.00119155519910452,0.055221717947316
OFF,8.5,0,CF,1.77827941003892,0.055294858144142,0.00126169957437698,0.055221717947316
OFF,8.5,0,CF,1.8836490894898,0.0553037490745456,0.00133591403111667,0.055221717947316
OFF,8.5,0,CF,1.99526231496888,0.0553137162190514,0.00141442362158796,0.055221717947316
OFF,8.5,0,CF,2.11348903983665,0.0553248886726372,0.00149746374186553,0.055221717947316
OFF,8.5,0,CF,2.23872113856834,0.055337410712811,0.00158528019616351,0.055221717947316
OFF,8.5,0,CF,2.37137370566166,0.0553514435072308,0.00167812916658814,0.055221717947316
OFF,8.5,0,CF,2.51188643150958,0.0553671669931845,0.00177627706579727,0.055221717947316
OFF,8.5,0,CF,2.66072505979881,0.0553847819408597,0.00188000024605335,0.055221717947316
OFF,8.5,0,CF,2.81838293126445,0.0554045122116206,0.0019895845335859,0.055221717947316
OFF,8.5,0,CF,2.98538261891796,0.0554266072212024,0.00210532455198966,0.055221717947316
OFF,8.5,0,CF,3.16227766016838,0.0554513446156754,0.00222752279253743,0.055221717947316
OFF,8.5,0,CF,3.34965439157828,0.0554790331649969,0.00235648838276179,0.055221717947316
OFF,8.5,0,CF,3.54813389233576,0.0555100158747084,0.00249253549746203,0.055221717947316
OFF,8.5,0,CF,3.75837404288444,0.0555446733105447,0.00263598134846497,0.055221717947316
OFF,8.5,0,CF,3.98107170553497,0.0555834271230351,0.00278714368110668,0.055221717947316
OFF,8.5,0,CF,4.21696503428582,0.055626743749193,0.00294633769667898,0.055221717947316
OFF,8.5,0,CF,4.46683592150963,0.0556751382556281,0.00311387231126966,0.055221717947316
OFF,8.5,0,CF,4.73151258961481,0.0557291782713742,0.00329004565292307,0.055221717947316
OFF,8.5,0,CF,5.01187233627272,0.0557894879388468,0.00347513969143003,0.055221717947316
OFF,8.5,0,CF,5.30884444230988,0.0558567517870779,0.00366941388910719,0.055221717947316
OFF,8.5,0,CF,5.62341325190349,0.0559317184022042,0.00387309775769383,0.055221717947316
OFF,8.5,0,CF,5.9566214352901,0.0560152037356809,0.00408638220733336,0.055221717947316
OFF,8.5,0,CF,6.30957344480193,0.0561080938506229,0.00430940958023386,0.055221717947316
OFF,8.5,0,CF,6.68343917568615,0.0562113468611143,0.00454226227612499,0.055221717947316
OFF,8.5,0,CF,7.07945784384138,0.0563259937688144,0.00478494990156532,0.055221717947316
OFF,8.5,0,CF,7.49894209332456,0.0564531378469364,0.00503739491340444,0.055221717947316
OFF,8.5,0,CF,7.94328234724281,0.0565939521658164,0.00529941678146665,0.055221717947316
OFF,8.5,0,CF,8.41395141645195,0.056749674800137,0.00557071477011502,0.055221717947316
OFF,8.5,0,CF,8.91250938133745,0.0569216012102154,0.00585084953592003,0.055221717947316
OFF,8.5,0,CF,9.44060876285924,0.0571110732551448,0.00613922386171183,0.055221717947316
OFF,8.5,0,CF,10,0.0573194642824344,0.00643506299708764,0.055221717947316
OFF,8.5,0,CF,10.5925372517729,0.0575481597575082,0.00673739525112645,0.055221717947316
OFF,8.5,0,CF,11.2201845430196,0.0577985329590197,0.0070450336806576,0.055221717947316
OFF,8.5,0,CF,11.8850222743702,0.0580719153854333,0.00735655992870169,0.055221717947316
OFF,8.5,0,CF,12.5892541179417,0.0583695617074431,0.0076703114790235,0.055221717947316
OFF,8.5,0,CF,13.3352143216332,0.0586926093701347,0.00798437378419778,0.055221717947316
OFF,8.5,0,CF,14.1253754462275,0.0590420333041577,0.00829657886966434,0.055221717947316
OFF,8.5,0,CF,14.9623565609443,0.059418596644434,0.00860451208243318,0.055221717947316
OFF,8.5,0,CF,15.8489319246111,0.0598227988644944,0.00890552860393585,0.055221717947316
OFF,8.5,0,CF,16.7880401812256,0.0602548232861897,0.00919678114540723,0.055221717947316
OFF,8.5,0,CF,17.7827941003892,0.0607144864733547,0.00947525986010703,0.055221717947316
OFF,8.5,0,CF,18.836490894898,0.0612011925025638,0.00973784492160937,0.055221717947316
OFF,8.5,0,CF,19.9526231496888,0.0617138954498862,0.00998137143444952,0.055221717947316
OFF,8.5,0,CF,21.1348903983665,0.0622510735594707,0.0102027053944913,0.055221717947316
OFF,8.5,0,CF,22.3872113856834,0.0628107183939186,0.0103988283668455,0.055221717947316
OFF,8.5,0,CF,23.7137370566166,0.0633903417547216,0.0105669274976342,0.055221717947316
OFF,8.5,0,CF,25.1188643150958,0.0639870022869614,0.010704486546985,0.055221717947316
OFF,8.5,0,CF,26.6072505979881,0.0645973524786327,0.0108093729601097,0.055221717947316
OFF,8.5,0,CF,28.1838293126445,0.0652177053192715,0.0108799157067805,0.055221717947316
OFF,8.5,0,CF,29.8538261891796,0.0658441183342079,0.0109149688079801,0.055221717947316
OFF,8.5,0,CF,31.6227766016838,0.0664724912344427,0.0109139561662446,0.055221717947316
OFF,8.5,0,CF,33.4965439157828,0.067098672202457,0.0108768944864933,0.055221717947316
OFF,8.5,0,CF,35.4813389233575,0.0677185670342582,0.0108043926078034,0.055221717947316
OFF,8.5,0,CF,37.5837404288444,0.0683282450890755,0.0106976272954383,0.055221717947316
OFF,8.5,0,CF,39.8107170553497,0.0689240362985109,0.0105582972655094,0.055221717947316
OFF,8.5,0,CF,42.1696503428582,0.0695026143140157,0.0103885587319576,0.055221717947316
OFF,8.5,0,CF,44.6683592150963,0.0700610621102796,0.0101909469115914,0.055221717947316
OFF,8.5,0,CF,47.315125896148,0.0705969178474021,0.0099682885924108,0.055221717947316
OFF,8.5,0,CF,50.1187233627273,0.0711082003417177,0.00972361103078732,0.055221717947316
OFF,8.5,0,CF,53.0884444230988,0.0715934149305266,0.0094600521321783,0.055221717947316
OFF,8.5,0,CF,56.2341325190349,0.0720515417031591,0.00918077618153116,0.055221717947316
OFF,8.5,0,CF,59.566214352901,0.0724820089249397,0.00888889845017892,0.055221717947316
OFF,8.5,0,CF,63.0957344480193,0.0728846549720887,0.00858742095150035,0.055221717947316
OFF,8.5,0,CF,66.8343917568615,0.0732596822433971,0.0082791805714037,0.055221717947316
OFF,8.5,0,CF,70.7945784384138,0.0736076063732609,0.00796680985865847,0.055221717947316
OFF,8.5,0,CF,74.9894209332456,0.0739292037150035,0.00765270998769669,0.055221717947316
OFF,8.5,0,CF,79.4328234724281,0.0742254595733795,0.00733903483283443,0.055221717947316
OFF,8.5,0,CF,84.1395141645195,0.0744975191146884,0.00702768471967199,0.055221717947316
OFF,8.5,0,CF,89.1250938133746,0.074746642332596,0.00672030822773321,0.055221717947316
OFF,8.5,0,CF,94.4060876285924,0.0749741639415399,0.0064183103766898,0.055221717947316
OFF,8.5,0,CF,100,0.0751814586347988,0.00612286560006004,0.055221717947316
OFF,8.5,1,PP,0.1,0.0552218115741651,4.45063921559988e-05,0.055221717947316
OFF,8.5,1,PP,0.105925372517729,0.0552218229983118,4.71435362287615e-05,0.055221717947316
OFF,8.5,1,PP,0.112201845430196,0.0552218358164005,4.99369361130582e-05,0.055221717947316
OFF,8.5,1,PP,0.118850222743702,0.0552218501985141,5.28958496432663e-05,0.055221717947316
OFF,8.5,1,PP,0.125892541179417,0.0552218663354877,5.6030083044434e-05,0.055221717947316
OFF,8.5,1,PP,0.133352143216332,0.0552218844414406,5.93500233943314e-05,0.055221717947316
OFF,8.5,1,PP,0.141253754462275,0.0552219047566169,6.28666730029409e-05,0.055221717947316
OFF,8.5,1,PP,0.149623565609443,0.0552219275505732,6.65916858218617e-05,0.055221717947316
OFF,8.5,1,PP,0.158489319246111,0.0552219531257544,7.05374060025497e-05,0.055221717947316
OFF,8.5,1,PP,0.167880401812256,0.055221981821506,7.47169087291082e-05,0.055221717947316
OFF,8.5,1,PP,0.177827941003892,0.0552220140185762,7.91440434584873e-05,0.055221717947316
OFF,8.5,1,PP,0.18836490894898,0.0552220501441665,8.38334797084627e-05,0.055221717947316
OFF,8.5,1,PP,0.199526231496888,0.0552220906775986,8.88007555416529e-05,0.055221717947316
OFF,8.5,1,PP,0.211348903983665,0.0552221361566725,9.40623289021058e-05,0.055221717947316
OFF,8.5,1,PP,0.223872113856834,0.0552221871848,9.96356319696608e-05,0.055221717947316
OFF,8.5,1,PP,0.237137370566166,0.0552222444390077,0.000105539128706353,0.055221717947316
OFF,8.5,1,PP,0.251188643150958,0.0552223086789163,0.000111792375778605,0.055221717947316
OFF,8.5,1,PP,0.266072505979881,0.0552223807568149,0.000118416087048812,0.055221717947316
OFF,8.5,1,PP,0.281838293126445,0.0552224616289626,0.000125432201840198,0.055221717947316
OFF,8.5,1,PP,0.298538261891796,0.0552225523682687,0.000132863957189468,0.055221717947316
OFF,8.5,1,PP,0.316227766016838,0.0552226541785181,0.000140735964312763,0.055221717947316
OFF,8.5,1,PP,0.334965439157828,0.0552227684103301,0.000149074289521795,0.055221717947316
OFF,8.5,1,PP,0.354813389233576,0.0552228965790627,0.000157906539838629,0.055221717947316
OFF,8.5,1,PP,0.375837404288444,0.0552230403848972,0.000167261953569476,0.055221717947316
OFF,8.5,1,PP,0.398107170553497,0.0552232017353699,0.000177171496109842,0.055221717947316
OFF,8.5,1,PP,0.421696503428582,0.0552233827706479,0.000187667961265522,0.055221717947316
OFF,8.5,1,PP,0.446683592150963,0.0552235858918821,0.000198786078385957,0.055221717947316
OFF,8.5,1,PP,0.473151258961481,0.0552238137930119,0.000210562625618339,0.055221717947316
OFF,8.5,1,PP,0.501187233627272,0.0552240694964397,0.000223036549602363,0.055221717947316
OFF,8.5,1,PP,0.530884444230988,0.0552243563930456,0.000236249091936425,0.055221717947316
OFF,8.5,1,PP,0.562341325190349,0.055224678287068,0.000250243922756108,0.055221717947316
OFF,8.5,1,PP,0.59566214352901,0.0552250394464393,0.000265067281774671,0.055221717947316
OFF,8.5,1,PP,0.630957344480193,0.055225444659238,0.000280768127142452,0.055221717947316
OFF,8.5,1,PP,0.668343917568615,0.055225899296995,0.00029739829248732,0.055221717947316
OFF,8.5,1,PP,0.707945784384138,0.0552264093856834,0.000315012652500695,0.055221717947316
OFF,8.5,1,PP,0.749894209332456,0.0552269816853187,0.000333669297432783,0.055221717947316
OFF,8.5,1,PP,0.794328234724281,0.0552276237792042,0.000353429716855405,0.055221717947316
OFF,8.5,1,PP,0.841395141645195,0.0552283441739852,0.000374358993040319,0.055221717947316
OFF,8.5,1,PP,0.891250938133745,0.0552291524118055,0.000396526004283872,0.055221717947316
OFF,8.5,1,PP,0.944060876285923,0.0552300591960197,0.000420003638483723,0.055221717947316
OFF,8.5,1,PP,1,0.0552310765320779,0.000444869017238532,0.055221717947316
OFF,8.5,1,PP,1.05925372517729,0.0552322178853951,0.000471203730694733,0.055221717947316
OFF,8.5,1,PP,1.12201845430196,0.0552334983582208,0.00049909408330335,0.055221717947316
OFF,8.5,1,PP,1.18850222743702,0.0552349348877623,0.000528631350571254,0.055221717947316
OFF,8.5,1,PP,1.25892541179417,0.055236546468069,0.000559912046791827,0.055221717947316
OFF,8.5,1,PP,1.33352143216332,0.0552383543984709,0.000593038203615441,0.055221717947316
OFF,8.5,1,PP,1.41253754462275,0.055240382561677,0.000628117659165612,0.055221717947316
OFF,8.5,1,PP,1.49623565609443,0.0552426577349853,0.000665264357216235,0.055221717947316
OFF,8.5,1,PP,1.58489319246111,0.0552452099384318,0.000704598655712179,0.055221717947316
OFF,8.5,1,PP,1.67880401812256,0.0552480728241213,0.000746247643631569,0.055221717947316
OFF,8.5,1,PP,1.77827941003892,0.0552512841114303,0.000790345464843842,0.055221717947316
OFF,8.5,1,PP,1.8836490894898,0.0552548860732609,0.000837033647202112,0.055221717947316
OFF,8.5,1,PP,1.99526231496888,0.0552589260790479,0.000886461434608546,0.055221717947316
OFF,8.5,1,PP,2.11348903983665,0.055263457200786,0.000938786119192239,0.055221717947316
OFF,8.5,1,PP,2.23872113856834,0.0552685388889367,0.000994173370023201,0.055221717947316
OFF,8.5,1,PP,2.37137370566166,0.0552742377257064,0.00105279755393317,0.055221717947316
OFF,8.5,1,PP,2.51188643150958,0.0552806282638344,0.00111484204300115,0.055221717947316
OFF,8.5,1,PP,2.66072505979881,0.0552877939596987,0.00118049950206214,0.055221717947316
OFF,8.5,1,PP,2.81838293126445,0.0552958282102087,0.0012499721481816,0.055221717947316
OFF,8.5,1,PP,2.98538261891796,0.0553048355036049,0.00132347197237184,0.055221717947316
OFF,8.5,1,PP,3.16227766016838,0.0553149326948778,0.00140122091187193,0.055221717947316
OFF,8.5,1,PP,3.34965439157828,0.0553262504170435,0.00148345095902802,0.055221717947316
OFF,8.5,1,PP,3.54813389233576,0.0553389346398961,0.00157040419015111,0.055221717947316
OFF,8.5,1,PP,3.75837404288444,0.0553531483880661,0.00166233269464503,0.055221717947316
OFF,8.5,1,PP,3.98107170553497,0.0553690736301482,0.00175949838113933,0.055221717947316
OFF,8.5,1,PP,4.21696503428582,0.0553869133502471,0.00186217263327765,0.055221717947316
OFF,8.5,1,PP,4.46683592150963,0.0554068938123862,0.00197063578315486,0.055221717947316
OFF,8.5,1,PP,4.73151258961481,0.0554292670267017,0.00208517636512268,0.055221717947316
OFF,8.5,1,PP,5.01187233627272,0.0554543134240015,0.00220609010676325,0.055221717947316
OFF,8.5,1,PP,5.30884444230988,0.0554823447419009,0.00233367860725175,0.055221717947316
OFF,8.5,1,PP,5.62341325190349,0.0555137071210759,0.00246824764610945,0.055221717947316
OFF,8.5,1,PP,5.9566214352901,0.055548784403889,0.00261010505754862,0.055221717947316
OFF,8.5,1,PP,6.30957344480193,0.0555880016193789,0.00275955809734822,0.055221717947316
OFF,8.5,1,PP,6.68343917568615,0.0556318286279348,0.00291691022067586,0.055221717947316
OFF,8.5,1,PP,7.07945784384138,0.0556807838854326,0.00308245718079574,0.055221717947316
OFF,8.5,1,PP,7.49894209332456,0.0557354382696786,0.00325648235062379,0.055221717947316
OFF,8.5,1,PP,7.94328234724281,0.0557964188911486,0.00343925116224003,0.055221717947316
OFF,8.5,1,PP,8.41395141645195,0.0558644127846998,0.00363100455459846,0.055221717947316
OFF,8.5,1,PP,8.91250938133745,0.0559401703486905,0.00383195131791114,0.055221717947316
OFF,8.5,1,PP,9.44060876285924,0.0560245083624203,0.00404225922597115,0.055221717947316
OFF,8.5,1,PP,10,0.0561183123718741,0.00426204485682623,0.055221717947316
OFF,8.5,1,PP,10.5925372517729,0.0562225381876431,0.00449136201991831,0.055221717947316
OFF,8.5,1,PP,11.2201845430196,0.056338212188359,0.00473018873665476,0.055221717947316
OFF,8.5,1,PP,11.8850222743702,0.056466430069507,0.00497841276431032,0.055221717947316
OFF,8.5,1,PP,12.5892541179417,0.0566083536235598,0.00523581571334451,0.055221717947316
OFF,8.5,1,PP,13.3352143216332,0.0567652050867291,0.00550205588884886,0.055221717947316
OFF,8.5,1,PP,14.1253754462275,0.0569382585455523,0.00577665009077897,0.055221717947316
OFF,8.5,1,PP,14.9623565609443,0.0571288278700484,0.00605895473692139,0.055221717947316
OFF,8.5,1,PP,15.8489319246111,0.0573382506382184,0.00634814682771497,0.055221717947316
OFF,8.5,1,PP,16.7880401812256,0.0575678675499665,0.00664320545120997,0.055221717947316
OFF,8.5,1,PP,17.7827941003892,0.0578189969092026,0.00694289472427555,0.055221717947316
OFF,8.5,1,PP,18.836490894898,0.0580929038936271,0.00724574927275767,0.055221717947316
OFF,8.5,1,PP,19.9526231496888,0.0583907645442897,0.0075500635531437,0.055221717947316
OFF,8.5,1,PP,21.1348903983665,0.0587136247002186,0.00785388648960698,0.055221717947316
OFF,8.5,1,PP,22.3872113856834,0.0590623544802647,0.00815502301498259,0.055221717947316
OFF,8.5,1,PP,23.7137370566166,0.0594375993687857,0.00845104412895328,0.055221717947316
OFF,8.5,1,PP,25.1188643150958,0.0598397294755348,0.00873930698558424,0.055221717947316
OFF,8.5,1,PP,26.6072505979881,0.0602687890795859,0.00901698626123976,0.055221717947316
OFF,8.5,1,PP,28.1838293126445,0.0607244490823857,0.00928111760678482,0.055221717947316
OFF,8.5,1,PP,29.8538261891796,0.0612059654209723,0.00952865334442346,0.055221717947316
OFF,8.5,1,PP,31.6227766016838,0.0617121467536589,0.00975652974271331,0.055221717947316
OFF,8.5,1,PP,33.4965439157828,0.0622413347502448,0.00996174423646631,0.055221717947316
OFF,8.5,1,PP,35.4813389233575,0.0627914000315856,0.0101414399277,0.055221717947316
OFF,8.5,1,PP,37.5837404288444,0.0633597561698209,0.0102929937161728,0.055221717947316
OFF,8.5,1,PP,39.8107170553497,0.06394339318212,0.0104141035903846,0.055221717947316
OFF,8.5,1,PP,42.1696503428582,0.0645389306798071,0.0105028700926475,0.055221717947316
OFF,8.5,1,PP,44.6683592150963,0.0651426893768388,0.0105578668663244,0.055221717947316
OFF,8.5,1,PP,47.315125896148,0.065750778167529,0.0105781955685485,0.055221717947316
OFF,8.5,1,PP,50.1187233627273,0.0663591926295624,0.010563521294982,0.055221717947316
OFF,8.5,1,PP,53.0884444230988,0.0669639197690906,0.0105140859508165,0.055221717947316
OFF,8.5,1,PP,56.2341325190349,0.0675610432416271,0.0104306985838147,0.055221717947316
OFF,8.5,1,PP,59.566214352901,0.0681468432375856,0.0103147033918029,0.055221717947316
OFF,8.5,1,PP,63.0957344480193,0.0687178857210237,0.0101679277302627,0.055221717947316
OFF,8.5,1,PP,66.8343917568615,0.069271096683923,0.00999261379126384,0.055221717947316
OFF,8.5,1,PP,70.7945784384138,0.0698038183926378,0.00979133856307892,0.055221717947316
OFF,8.5,1,PP,74.9894209332456,0.070313846086805,0.00956692713528927,0.055221717947316
OFF,8.5,1,PP,79.4328234724281,0.0707994450659353,0.00932236438320192,0.055221717947316
OFF,8.5,1,PP,84.1395141645195,0.0712593494086389,0.00906070960801316,0.055221717947316
OFF,8.5,1,PP,89.1250938133746,0.0716927446001729,0.00878501793146168,0.055221717947316
OFF,8.5,1,PP,94.4060876285924,0.072099237034664,0.00849827127463636,0.055221717947316
OFF,8.5,1,PP,100,0.0724788136998484,0.00820332071907474,0.055221717947316
OFF,8.5,1,CF,0.1,0.0552219468001542,6.95823272035095e-05,0.055221717947316
OFF,8.5,1,CF,0.105925372517729,0.0552219747240849,7.37052420145058e-05,0.055221717947316
OFF,8.5,1,CF,0.112201845430196,0.0552220060551627,7.80724365490328e-05,0.055221717947316
OFF,8.5,1,CF,0.118850222743702,0.0552220412090996,8.26983818341226e-05,0.055221717947316
OFF,8.5,1,CF,0.125892541179417,0.0552220806523266,8.75984057075307e-05,0.055221717947316
OFF,8.5,1,CF,0.133352143216332,0.05522212490818,9.27887434641591e-05,0.055221717947316
OFF,8.5,1,CF,0.141253754462275,0.0552221745638439,9.8286591480324e-05,0.055221717947316
OFF,8.5,1,CF,0.149623565609443,0.0552222302781376,0.000104110163987954,0.055221717947316
OFF,8.5,1,CF,0.158489319246111,0.055222292790254,0.000110278753180185,0.055221717947316
OFF,8.5,1,CF,0.167880401812256,0.0552223629295624,0.00011681279283958,0.055221717947316
OFF,8.5,1,CF,0.177827941003892,0.0552224416266072,0.000123733925690394,0.055221717947316
OFF,8.5,1,CF,0.18836490894898,0.0552225299254467,0.000131065074686843,0.055221717947316
OFF,8.5,1,CF,0.199526231496888,0.0552226289974967,0.000138830518460259,0.055221717947316
OFF,8.5,1,CF,0.211348903983665,0.0552227401570604,0.00014705597115929,0.055221717947316
OFF,8.5,1,CF,0.223872113856834,0.0552228648787517,0.000155768666928831,0.055221717947316
OFF,8.5,1,CF,0.237137370566166,0.0552230048170403,0.00016499744928523,0.055221717947316
OFF,8.5,1,CF,0.251188643150958,0.0552231618281786,0.000174772865657253,0.055221717947316
OFF,8.5,1,CF,0.266072505979881,0.0552233379947989,0.000185127267374436,0.055221717947316
OFF,8.5,1,CF,0.281838293126445,0.055223535653505,0.000196094915396481,0.055221717947316
OFF,8.5,1,CF,0.298538261891796,0.0552237574258238,0.000207712092089323,0.055221717947316
OFF,8.5,1,CF,0.316227766016838,0.0552240062529228,0.000220017219365061,0.055221717947316
OFF,8.5,1,CF,0.334965439157828,0.0552242854345514,0.000233050983514055,0.055221717947316
OFF,8.5,1,CF,0.354813389233576,0.0552245986727184,0.000246856467067739,0.055221717947316
OFF,8.5,1,CF,0.375837404288444,0.0552249501206791,0.000261479288039888,0.055221717947316
OFF,8.5,1,CF,0.398107170553497,0.0552253444378747,0.000276967746901728,0.055221717947316
OFF,8.5,1,CF,0.421696503428582,0.0552257868515445,0.000293372981651992,0.055221717947316
OFF,8.5,1,CF,0.446683592150963,0.055226283225816,0.000310749131346168,0.055221717947316
OFF,8.5,1,CF,0.473151258961481,0.0552268401391761,0.000329153508449126,0.055221717947316
OFF,8.5,1,CF,0.501187233627272,0.0552274649713328,0.000348646780371215,0.055221717947316
OFF,8.5,1,CF,0.530884444230988,0.0552281660005974,0.000369293160538723,0.055221717947316
OFF,8.5,1,CF,0.562341325190349,0.0552289525130499,0.000391160609334261,0.055221717947316
OFF,8.5,1,CF,0.59566214352901,0.055229834924901,0.000414321045219567,0.055221717947316
OFF,8.5,1,CF,0.630957344480193,0.0552308249196278,0.000438850566320865,0.055221717947316
OFF,8.5,1,CF,0.668343917568615,0.0552319356016462,0.000464829682713176,0.055221717947316
OFF,8.5,1,CF,0.707945784384138,0.0552331816684865,0.000492343559582472,0.055221717947316
OFF,8.5,1,CF,0.749894209332456,0.0552345796036663,0.000521482271370437,0.055221717947316
OFF,8.5,1,CF,0.794328234724281,0.055236147892707,0.000552341066912434,0.055221717947316
OFF,8.5,1,CF,0.841395141645195,0.055237907265014,0.00058502064546111,0.055221717947316
OFF,8.5,1,CF,0.891250938133745,0.0552398809646532,0.000619627443341098,0.055221717947316
OFF,8.5,1,CF,0.944060876285923,0.0552420950533874,0.00065627393079893,0.055221717947316
OFF,8.5,1,CF,1,0.0552445787497103,0.000695078918389903,0.055221717947316
OFF,8.5,1,CF,1.05925372517729,0.0552473648080175,0.000736167871972542,0.055221717947316
OFF,8.5,1,CF,1.12201845430196,0.0552504899424964,0.000779673235052295,0.055221717947316
OFF,8.5,1,CF,1.18850222743702,0.0552539953007947,0.00082573475681849,0.055221717947316
OFF,8.5,1,CF,1.25892541179417,0.0552579269930423,0.000874499823740022,0.055221717947316
OFF,8.5,1,CF,1.33352143216332,0.0552623366823565,0.00092612379201102,0.055221717947316
OFF,8.5,1,CF,1.41253754462275,0.0552672822435459,0.000980770317451225,0.055221717947316
OFF,8.5,1,CF,1.49623565609443,0.0552728284973547,0.00103861167864733,0.055221717947316
OFF,8.5,1,CF,1.58489319246111,0.0552790480282281,0.00109982908814883,0.055221717947316
OFF,8.5,1,CF,1.67880401812256,0.0552860220942502,0.00116461298537939,0.055221717947316
OFF,8.5,1,CF,1.77827941003892,0.0552938416385664,0.00123316330356269,0.055221717947316
OFF,8.5,1,CF,1.8836490894898,0.0553026084122596,0.00130568970135851,0.055221717947316
OFF,8.5,1,CF,1.99526231496888,0.0553124362192587,0.00138241174802129,0.055221717947316
OFF,8.5,1,CF,2.11348903983665,0.0553234522944006,0.00146355904869176,0.055221717947316
OFF,8.5,1,CF,2.23872113856834,0.0553357988261922,0.00154937129386476,0.055221717947316
OFF,8.5,1,CF,2.37137370566166,0.0553496346360694,0.00164009821409753,0.055221717947316
OFF,8.5,1,CF,2.51188643150958,0.0553651370259637,0.00173599941758148,0.055221717947316
OFF,8.5,1,CF,2.66072505979881,0.0553825038056596,0.00183734408424518,0.055221717947316
OFF,8.5,1,CF,2.81838293126445,0.0554019555106538,0.00194441048553922,0.055221717947316
OFF,8.5,1,CF,2.98538261891796,0.0554237378198634,0.00205748529392908,0.055221717947316
OFF,8.5,1,CF,3.16227766016838,0.0554481241804038,0.00217686264035694,0.055221717947316
OFF,8.5,1,CF,3.34965439157828,0.0554754186435518,0.00230284287151072,0.055221717947316
OFF,8.5,1,CF,3.54813389233576,0.0555059589116726,0.00243573095166701,0.055221717947316
OFF,8.5,1,CF,3.75837404288444,0.0555401195900215,0.00257583444620403,0.055221717947316
OFF,8.5,1,CF,3.98107170553497,0.0555783156295677,0.00272346101571278,0.055221717947316
OFF,8.5,1,CF,4.21696503428582,0.0556210059369291,0.00287891534114988,0.055221717947316
OFF,8.5,1,CF,4.46683592150963,0.0556686971146911,0.00304249539195346,0.055221717947316
OFF,8.5,1,CF,4.73151258961481,0.0557219472792972,0.00321448794089779,0.055221717947316
OFF,8.5,1,CF,5.01187233627272,0.0557813698838239,0.00339516322227613,0.055221717947316
OFF,8.5,1,CF,5.30884444230988,0.0558476374487408,0.00358476862457136,0.055221717947316
OFF,8.5,1,CF,5.62341325190349,0.055921485074718,0.00378352130615713,0.055221717947316
OFF,8.5,1,CF,5.9566214352901,0.0560037135772978,0.00399159962413271,0.055221717947316
OFF,8.5,1,CF,6.30957344480193,0.0560951920435892,0.00420913327385228,0.055221717947316
OFF,8.5,1,CF,6.68343917568615,0.0561968595662165,0.00443619205216661,0.055221717947316
OFF,8.5,1,CF,7.07945784384138,0.0563097258601641,0.00467277318335222,0.055221717947316
OFF,8.5,1,CF,7.49894209332456,0.0564348704151956,0.00491878718602013,0.055221717947316
OFF,8.5,1,CF,7.94328234724281,0.0565734397824282,0.00517404231510506,0.055221717947316
OFF,8.5,1,CF,8.41395141645195,0.0567266425418014,0.0054382276885446,0.055221717947316
OFF,8.5,1,CF,8.91250938133745,0.0568957414525092,0.00571089530645359,0.055221717947316
OFF,8.5,1,CF,9.44060876285924,0.0570820422575455,0.00599144129377156,0.055221717947316
OFF,8.5,1,CF,10,0.057286878604846,0.00627908684646794,0.055221717947316
OFF,8.5,1,CF,10.5925372517729,0.057511592571402,0.00657285953520544,0.055221717947316
OFF,8.5,1,CF,11.2201845430196,0.0577575103450397,0.00687157581447548,0.055221717947316
OFF,8.5,1,CF,11.8850222743702,0.0580259127439526,0.00717382579091294,0.055221717947316
OFF,8.5,1,CF,12.5892541179417,0.0583180004486985,0.0074779615076754,0.055221717947316
OFF,8.5,1,CF,13.3352143216332,0.0586348540949513,0.0077820901821615,0.055221717947316
OFF,8.5,1,CF,14.1253754462275,0.0589773897324841,0.00808407396528079,0.055221717947316
OFF,8.5,1,CF,14.9623565609443,0.0593463105931053,0.00838153783972496,0.055221717947316
OFF,8.5,1,CF,15.8489319246111,0.059742056612403,0.00867188720659852,0.055221717947316
OFF,8.5,1,CF,16.7880401812256,0.0601647536874278,0.00895233648931655,0.055221717947316
OFF,8.5,1,CF,17.7827941003892,0.0606141651788043,0.00921994968225869,0.055221717947316
OFF,8.5,1,CF,18.836490894898,0.0610896486194087,0.00947169317444732,0.055221717947316
OFF,8.5,1,CF,19.9526231496888,0.0615901208990791,0.00970450039240211,0.055221717947316
OFF,8.5,1,CF,21.1348903983665,0.0621140352783618,0.0099153468669936,0.055221717947316
OFF,8.5,1,CF,22.3872113856834,0.0626593733745493,0.0101013333050494,0.055221717947316
OFF,8.5,1,CF,23.7137370566166,0.0632236547133492,0.0102597732377194,0.055221717947316
OFF,8.5,1,CF,25.1188643150958,0.0638039655400465,0.0103882809477001,0.055221717947316
OFF,8.5,1,CF,26.6072505979881,0.0643970073746904,0.0104848547778365,0.055221717947316
OFF,8.5,1,CF,28.1838293126445,0.0649991643700312,0.010547950712415,0.055221717947316
OFF,8.5,1,CF,29.8538261891796,0.0656065870300304,0.0105765413806304,0.055221717947316
OFF,8.5,1,CF,31.6227766016838,0.0662152884433652,0.0105701563824456,0.055221717947316
OFF,8.5,1,CF,33.4965439157828,0.0668212480580848,0.0105289010336963,0.055221717947316
OFF,8.5,1,CF,35.4813389233575,0.0674205173224718,0.0104534521540584,0.055221717947316
OFF,8.5,1,CF,37.5837404288444,0.0680093213412961,0.0103450312086105,0.055221717947316
OFF,8.5,1,CF,39.8107170553497,0.0685841510710235,0.0102053567644354,0.055221717947316
OFF,8.5,1,CF,42.1696503428582,0.0691418414491156,0.0100365796474038,0.055221717947316
OFF,8.5,1,CF,44.6683592150963,0.0696796321007643,0.00984120522829995,0.055221717947316
OFF,8.5,1,CF,47.315125896148,0.0701952087263019,0.00962200784019844,0.055221717947316
OFF,8.5,1,CF,50.1187233627273,0.0706867247648857,0.00938194240993584,0.055221717947316
OFF,8.5,1,CF,53.0884444230988,0.0711528042910309,0.00912405802188436,0.055221717947316
OFF,8.5,1,CF,56.2341325190349,0.0715925282049282,0.00885141741920544,0.055221717947316
OFF,8.5,1,CF,59.566214352901,0.0720054065513356,0.00856702551201274,0.055221717947316
OFF,8.5,1,CF,63.0957344480193,0.0723913402243653,0.00827376893420848,0.055221717947316
OFF,8.5,1,CF,66.8343917568615,0.0727505754113544,0.00797436768755773,0.055221717947316
OFF,8.5,1,CF,70.7945784384138,0.0730836539551127,0.00767133902192879,0.055221717947316
OFF,8.5,1,CF,74.9894209332456,0.0733913624441771,0.00736697298089096,0.055221717947316
OFF,8.5,1,CF,79.4328234724281,0.0736746823525129,0.0070633185165421,0.055221717947316
OFF,8.5,1,CF,84.1395141645195,0.07393474301339,0.0067621787446138,0.055221717947316
OFF,8.5,1,CF,89.1250938133746,0.0741727786832357,0.00646511374979731,0.055221717947316
OFF,8.5,1,CF,94.4060876285924,0.0743900904701685,0.00617344933011447,0.055221717947316
OFF,8.5,1,CF,100,0.0745880134927903,0.00588829015219773,0.055221717947316
OFF,10,-1,PP,0.1,0.0535664904716952,3.99224917292194e-05,0.0535664111401294
OFF,10,-1,PP,0.105925372517729,0.0535665001515673,4.22880277075168e-05,0.0535664111401294
OFF,10,-1,PP,0.112201845430196,0.0535665110125514,4.47937266638578e-05,0.0535664111401294
OFF,10,-1,PP,0.118850222743702,0.053566523198762,4.74478930528487e-05,0.0535664111401294
OFF,10,-1,PP,0.125892541179417,0.0535665368718976,5.02593232624993e-05,0.0535664111401294
OFF,10,-1,PP,0.133352143216332,0.0535665522133858,5.3237334737385e-05,0.0535664111401294
OFF,10,-1,PP,0.141253754462275,0.0535665694267909,5.63917968226178e-05,0.0535664111401294
OFF,10,-1,PP,0.149623565609443,0.0535665887405139,5.97331634296738e-05,0.0535664111401294
OFF,10,-1,PP,0.158489319246111,0.0535666104108234,6.32725076309447e-05,0.0535664111401294
OFF,10,-1,PP,0.167880401812256,0.0535666347252549,6.70215582960054e-05,0.0535664111401294
OFF,10,-1,PP,0.177827941003892,0.0535666620064256,7.09927388890438e-05,0.0535664111401294
OFF,10,-1,PP,0.18836490894898,0.0535666926163144,7.51992085536863e-05,0.0535664111401294
OFF,10,-1,PP,0.199526231496888,0.0535667269610635,7.96549056185881e-05,0.0535664111401294
OFF,10,-1,PP,0.211348903983665,0.0535667654963661,8.43745936646543e-05,0.0535664111401294
OFF,10,-1,PP,0.223872113856834,0.0535668087335106,8.93739103026166e-05,0.0535664111401294
OFF,10,-1,PP,0.237137370566166,0.0535668572461632,9.46694188179271e-05,0.0535664111401294
OFF,10,-1,PP,0.251188643150958,0.0535669116779758,0.000100278662848548,0.0535664111401294
OFF,10,-1,PP,0.266072505979881,0.0535669727511228,0.000106220224270211,0.0535664111401294
OFF,10,-1,PP,0.281838293126445,0.0535670412758788,0.000112513784473091,0.0535664111401294
OFF,10,-1,PP,0.298538261891796,0.0535671181613631,0.000119180189223612,0.0535664111401294
OFF,10,-1,PP,0.316227766016838,0.0535672044275948,0.000126241517315169,0.0535664111401294
OFF,10,-1,PP,0.334965439157828,0.0535673012190167,0.000133721153222061,0.0535664111401294
OFF,10,-1,PP,0.354813389233576,0.053567409819668,0.000141643863981647,0.0535664111401294
OFF,10,-1,PP,0.375837404288444,0.0535675316702052,0.000150035880540803,0.0535664111401294
OFF,10,-1,PP,0.398107170553497,0.0535676683869969,0.000158924983814028,0.0535664111401294
OFF,10,-1,PP,0.421696503428582,0.0535678217835449,0.000168340595711946,0.0535664111401294
OFF,10,-1,PP,0.446683592150963,0.0535679938945139,0.000178313875410462,0.0535664111401294
OFF,10,-1,PP,0.473151258961481,0.0535681870026864,0.000188877821142264,0.0535664111401294
OFF,10,-1,PP,0.501187233627272,0.0535684036692001,0.000200067377803632,0.0535664111401294
OFF,10,-1,PP,0.530884444230988,0.053568646767463,0.000211919550680434,0.0535664111401294
OFF,10,-1,PP,0.562341325190349,0.053568919521196,0.000224473525607548,0.0535664111401294
OFF,10,-1,PP,0.59566214352901,0.0535692255471005,0.000237770795885453,0.0535664111401294
OFF,10,-1,PP,0.630957344480193,0.0535695689027128,0.00025185529628617,0.0535664111401294
OFF,10,-1,PP,0.668343917568615,0.053569954140073,0.000266773544487535,0.0535664111401294
OFF,10,-1,PP,0.707945784384138,0.05357038636591,0.000282574790279725,0.0535664111401294
OFF,10,-1,PP,0.749894209332456,0.0535708713091321,0.000299311172890202,0.0535664111401294
OFF,10,-1,PP,0.794328234724281,0.0535714153965017,0.000317037886772358,0.0535664111401294
OFF,10,-1,PP,0.841395141645195,0.0535720258374815,0.000335813356198123,0.0535664111401294
OFF,10,-1,PP,0.891250938133745,0.0535727107193548,0.000355699418984766,0.0535664111401294
OFF,10,-1,PP,0.944060876285923,0.0535734791138533,0.000376761519669847,0.0535664111401294
OFF,10,-1,PP,1,0.0535743411966694,0.000399068912424394,0.0535664111401294
OFF,10,-1,PP,1.05925372517729,0.0535753083813958,0.000422694873961146,0.0535664111401294
OFF,10,-1,PP,1.12201845430196,0.0535763934696092,0.000447716926650188,0.0535664111401294
OFF,10,-1,PP,1.18850222743702,0.0535776108190191,0.000474217071996049,0.0535664111401294
OFF,10,-1,PP,1.25892541179417,0.0535789765318211,0.000502282034555589,0.0535664111401294
OFF,10,-1,PP,1.33352143216332,0.0535805086656386,0.000532003516281327,0.0535664111401294
OFF,10,-1,PP,1.41253754462275,0.0535822274697097,0.000563478461156328,0.0535664111401294
OFF,10,-1,PP,1.49623565609443,0.0535841556492694,0.000596809329839708,0.0535664111401294
OFF,10,-1,PP,1.58489319246111,0.0535863186614102,0.000632104383860572,0.0535664111401294
OFF,10,-1,PP,1.67880401812256,0.0535887450460584,0.000669477978676393,0.0535664111401294
OFF,10,-1,PP,1.77827941003892,0.0535914667960996,0.000709050864641645,0.0535664111401294
OFF,10,-1,PP,1.8836490894898,0.0535945197711111,0.000750950494605012,0.0535664111401294
OFF,10,-1,PP,1.99526231496888,0.0535979441596248,0.000795311336458146,0.0535664111401294
OFF,10,-1,PP,2.11348903983665,0.0536017849953411,0.000842275188483391,0.0535664111401294
OFF,10,-1,PP,2.23872113856834,0.053606092733248,0.000891991494777915,0.0535664111401294
OFF,10,-1,PP,2.37137370566166,0.053610923892168,0.00094461765735061,0.0535664111401294
OFF,10,-1,PP,2.51188643150958,0.0536163417708518,0.00100031934067688,0.0535664111401294
OFF,10,-1,PP,2.66072505979881,0.0536224172453524,0.00105927076353289,0.0535664111401294
OFF,10,-1,PP,2.81838293126445,0.0536292296560522,0.00112165497179014,0.0535664111401294
OFF,10,-1,PP,2.98538261891796,0.0536368677933402,0.0011876640845042,0.0535664111401294
OFF,10,-1,PP,3.16227766016838,0.0536454309915544,0.0012574995040467,0.0535664111401294
OFF,10,-1,PP,3.34965439157828,0.0536550303413703,0.00133137207917051,0.0535664111401294
OFF,10,-1,PP,3.54813389233576,0.0536657900313063,0.00140950220772522,0.0535664111401294
OFF,10,-1,PP,3.75837404288444,0.0536778488293888,0.0014921198632103,0.0535664111401294
OFF,10,-1,PP,3.98107170553497,0.0536913617162068,0.00157946452642029,0.0535664111401294
OFF,10,-1,PP,4.21696503428582,0.0537065016805264,0.00167178500005278,0.0535664111401294
OFF,10,-1,PP,4.46683592150963,0.0537234616882357,0.00176933908026641,0.0535664111401294
OFF,10,-1,PP,4.73151258961481,0.0537424568345268,0.00187239305474785,0.0535664111401294
OFF,10,-1,PP,5.01187233627272,0.0537637266877701,0.00198122099183284,0.0535664111401294
OFF,10,-1,PP,5.30884444230988,0.0537875378313021,0.00209610377959833,0.0535664111401294
OFF,10,-1,PP,5.62341325190349,0.0538141866061385,0.00221732786758928,0.0535664111401294
OFF,10,-1,PP,5.9566214352901,0.0538440020531756,0.00234518365698251,0.0535664111401294
OFF,10,-1,PP,6.30957344480193,0.0538773490474567,0.00247996347757742,0.0535664111401294
OFF,10,-1,PP,6.68343917568615,0.0539146316092115,0.00262195908215393,0.0535664111401294
OFF,10,-1,PP,7.07945784384138,0.0539562963662201,0.00277145858064305,0.0535664111401294
OFF,10,-1,PP,7.49894209332456,0.0540028361291611,0.00292874272850875,0.0535664111401294
OFF,10,-1,PP,7.94328234724281,0.0540547935254891,0.00309408047617118,0.0535664111401294
OFF,10,-1,PP,8.41395141645195,0.0541127646175449,0.00326772367980958,0.0535664111401294
OFF,10,-1,PP,8.91250938133745,0.0541774024065155,0.00344990086928269,0.0535664111401294
OFF,10,-1,PP,9.44060876285924,0.054249420095098,0.00364080996726566,0.0535664111401294
OFF,10,-1,PP,10,0.0543295939479376,0.00384060985640135,0.0535664111401294
OFF,10,-1,PP,10.5925372517729,0.0544187655499904,0.00404941070002048,0.0535664111401294
OFF,10,-1,PP,11.2201845430196,0.0545178432191285,0.00426726293888961,0.0535664111401294
OFF,10,-1,PP,11.8850222743702,0.0546278022812809,0.00449414491396245,0.0535664111401294
OFF,10,-1,PP,12.5892541179417,0.0547496838656069,0.00472994910602825,0.0535664111401294
OFF,10,-1,PP,13.3352143216332,0.054884591826004,0.00497446704048423,0.0535664111401294
OFF,10,-1,PP,14.1253754462275,0.0550336873472157,0.00522737298223378,0.0535664111401294
OFF,10,-1,PP,14.9623565609443,0.055198180753955,0.00548820664464921,0.0535664111401294
OFF,10,-1,PP,15.8489319246111,0.0553793200164995,0.0057563552595635,0.0535664111401294
OFF,10,-1,PP,16.7880401812256,0.0555783754446385,0.00603103550284801,0.0535664111401294
OFF,10,-1,PP,17.7827941003892,0.055796620093863,0.00631127594047724,0.0535664111401294
OFF,10,-1,PP,18.836490894898,0.0560353054848223,0.00659590084797823,0.0535664111401294
OFF,10,-1,PP,19.9526231496888,0.0562956323713508,0.00688351645236201,0.0535664111401294
OFF,10,-1,PP,21.1348903983665,0.0565787164949756,0.00717250083525903,0.0535664111401294
OFF,10,-1,PP,22.3872113856834,0.0568855495430403,0.00746099889826775,0.0535664111401294
OFF,10,-1,PP,23.7137370566166,0.057216955886222,0.00774692389973344,0.0535664111401294
OFF,10,-1,PP,25.1188643150958,0.0575735461034691,0.00802796709462796,0.0535664111401294
OFF,10,-1,PP,26.6072505979881,0.0579556687906661,0.00830161691179121,0.0535664111401294
OFF,10,-1,PP,28.1838293126445,0.0583633626616485,0.00856518885318014,0.0535664111401294
OFF,10,-1,PP,29.8538261891796,0.0587963114389578,0.00881586687332359,0.0535664111401294
OFF,10,-1,PP,31.6227766016838,0.0592538044350186,0.00905075638421089,0.0535664111401294
OFF,10,-1,PP,33.4965439157828,0.0597347059705631,0.00926694824410705,0.0535664111401294
OFF,10,-1,PP,35.4813389233575,0.0602374367932625,0.0094615921696608,0.0535664111401294
OFF,10,-1,PP,37.5837404288444,0.0607599703836015,0.00963197703191965,0.0535664111401294
OFF,10,-1,PP,39.8107170553497,0.0612998464300651,0.00977561456000137,0.0535664111401294
OFF,10,-1,PP,42.1696503428582,0.0618542028234575,0.00989032220197564,0.0535664111401294
OFF,10,-1,PP,44.6683592150963,0.0624198263108654,0.00997430040473907,0.0535664111401294
OFF,10,-1,PP,47.315125896148,0.0629932205642417,0.0100261994788113,0.0535664111401294
OFF,10,-1,PP,50.1187233627273,0.0635706890002782,0.010045171574999,0.0535664111401294
OFF,10,-1,PP,53.0884444230988,0.0641484284048056,0.0100309041240742,0.0535664111401294
OFF,10,-1,PP,56.2341325190349,0.0647226284318241,0.00998363231687151,0.0535664111401294
OFF,10,-1,PP,59.566214352901,0.0652895714984208,0.00990412970610394,0.0535664111401294
OFF,10,-1,PP,63.0957344480193,0.0658457275594919,0.00979367762245474,0.0535664111401294
OFF,10,-1,PP,66.8343917568615,0.0663878387256779,0.00965401562772291,0.0535664111401294
OFF,10,-1,PP,70.7945784384138,0.066912989616574,0.00948727650228108,0.0535664111401294
OFF,10,-1,PP,74.9894209332456,0.0674186605917946,0.00929591015057896,0.0535664111401294
OFF,10,-1,PP,79.4328234724281,0.0679027624121177,0.00908260123622727,0.0535664111401294
OFF,10,-1,PP,84.1395141645195,0.0683636522826424,0.00885018532433898,0.0535664111401294
OFF,10,-1,PP,89.1250938133746,0.0688001324714348,0.00860156787086881,0.0535664111401294
OFF,10,-1,PP,94.4060876285924,0.0692114336728982,0.00833964965774432,0.0535664111401294
OFF,10,-1,PP,100,0.0695971859376087,0.00806726135115218,0.0535664111401294
OFF,10,-1,CF,0.1,0.0535666050510284,6.2415793784732e-05,0.0535664111401294
OFF,10,-1,CF,0.105925372517729,0.0535666287114804,6.61140842134421e-05,0.0535664111401294
OFF,10,-1,CF,0.112201845430196,0.0535666552588777,7.00314974497359e-05,0.0535664111401294
OFF,10,-1,CF,0.118850222743702,0.053566685045464,7.41810145696439e-05,0.0535664111401294
OFF,10,-1,CF,0.125892541179417,0.0535667184664583,7.85763853048262e-05,0.0535664111401294
OFF,10,-1,CF,0.133352143216332,0.0535667559652982,8.32321734899888e-05,0.0535664111401294
OFF,10,-1,CF,0.141253754462275,0.0535667980395221,8.8163805184705e-05,0.0535664111401294
OFF,10,-1,CF,0.149623565609443,0.0535668452473679,9.33876196246162e-05,0.0535664111401294
OFF,10,-1,CF,0.158489319246111,0.0535668982151779,9.89209231655168e-05,0.0535664111401294
OFF,10,-1,CF,0.167880401812256,0.0535669576457058,0.00010478204639273,0.0535664111401294
OFF,10,-1,CF,0.177827941003892,0.0535670243274362,0.000110990404577473,0.0535664111401294
OFF,10,-1,CF,0.18836490894898,0.0535670991450413,0.000117566561671565,0.0535664111401294
OFF,10,-1,CF,0.199526231496888,0.0535671830911116,0.000124532298041874,0.0535664111401294
OFF,10,-1,CF,0.211348903983665,0.0535672772793164,0.000131910682156245,0.0535664111401294
OFF,10,-1,CF,0.223872113856834,0.053567382959169,0.000139726146443387,0.0535664111401294
OFF,10,-1,CF,0.237137370566166,0.0535675015325903,0.000148004567560132,0.0535664111401294
OFF,10,-1,CF,0.251188643150958,0.0535676345724908,0.000156773351310744,0.0535664111401294
OFF,10,-1,CF,0.266072505979881,0.0535677838436167,0.000166061522474302,0.0535664111401294
OFF,10,-1,CF,0.281838293126445,0.0535679513259339,0.000175899819807699,0.0535664111401294
OFF,10,-1,CF,0.298538261891796,0.0535681392408601,0.000186320796503247,0.0535664111401294
OFF,10,-1,CF,0.316227766016838,0.0535683500806899,0.000197358926391201,0.0535664111401294
OFF,10,-1,CF,0.334965439157828,0.0535685866416013,0.000209050716188553,0.0535664111401294
OFF,10,-1,CF,0.354813389233576,0.0535688520606769,0.000221434824105918,0.0535664111401294
OFF,10,-1,CF,0.375837404288444,0.0535691498574283,0.000234552185134131,0.0535664111401294
OFF,10,-1,CF,0.398107170553497,0.053569483980368,0.000248446143340828,0.0535664111401294
OFF,10,-1,CF,0.421696503428582,0.0535698588592405,0.000263162591514557,0.0535664111401294
OFF,10,-1,CF,0.446683592150963,0.0535702794635965,0.000278750118499386,0.0535664111401294
OFF,10,-1,CF,0.473151258961481,0.0535707513684773,0.000295260164565885,0.0535664111401294
OFF,10,-1,CF,0.501187233627272,0.0535712808280661,0.000312747185164341,0.0535664111401294
OFF,10,-1,CF,0.530884444230988,0.0535718748582676,0.000331268823402037,0.0535664111401294
OFF,10,-1,CF,0.562341325190349,0.0535725413292881,0.00035088609157774,0.0535664111401294
OFF,10,-1,CF,0.59566214352901,0.0535732890694194,0.000371663562091839,0.0535664111401294
OFF,10,-1,CF,0.630957344480193,0.0535741279813671,0.000393669568028634,0.0535664111401294
OFF,10,-1,CF,0.668343917568615,0.0535750691726245,0.000416976413676425,0.0535664111401294
OFF,10,-1,CF,0.707945784384138,0.0535761251015677,0.000441660595209424,0.0535664111401294
OFF,10,-1,CF,0.749894209332456,0.0535773097411413,0.000467803031700731,0.0535664111401294
OFF,10,-1,CF,0.794328234724281,0.0535786387622204,0.000495489306565063,0.0535664111401294
OFF,10,-1,CF,0.841395141645195,0.0535801297389739,0.000524809919440309,0.0535664111401294
OFF,10,-1,CF,0.891250938133745,0.0535818023788167,0.0005558605484045,0.0535664111401294
OFF,10,-1,CF,0.944060876285923,0.0535836787798315,0.000588742322284927,0.0535664111401294
OFF,10,-1,CF,1,0.053585783718859,0.000623562102643577,0.0535664111401294
OFF,10,-1,CF,1.05925372517729,0.0535881449738089,0.000660432774811466,0.0535664111401294
OFF,10,-1,CF,1.12201845430196,0.0535907936841273,0.000699473547086505,0.0535664111401294
OFF,10,-1,CF,1.18850222743702,0.0535937647537747,0.000740810256896493,0.0535664111401294
OFF,10,-1,CF,1.25892541179417,0.0535970973015252,0.000784575682350584,0.0535664111401294
OFF,10,-1,CF,1.33352143216332,0.0536008351638855,0.000830909857147252,0.0535664111401294
OFF,10,-1,CF,1.41253754462275,0.0536050274564588,0.000879960386260548,0.0535664111401294
OFF,10,-1,CF,1.49623565609443,0.05360972920014,0.000931882759173328,0.0535664111401294
OFF,10,-1,CF,1.58489319246111,0.0536150020191148,0.000986840656647559,0.0535664111401294
OFF,10,-1,CF,1.67880401812256,0.0536209149182525,0.00104500624609655,0.0535664111401294
OFF,10,-1,CF,1.77827941003892,0.0536275451481107,0.00110656045952755,0.0535664111401294
OFF,10,-1,CF,1.8836490894898,0.0536349791664031,0.00117169324672787,0.0535664111401294
OFF,10,-1,CF,1.99526231496888,0.0536433137054018,0.00124060379484231,0.0535664111401294
OFF,10,-1,CF,2.11348903983665,0.053652656955327,0.00131350070369886,0.0535664111401294
OFF,10,-1,CF,2.23872113856834,0.0536631298742876,0.0013906021041451,0.0535664111401294
OFF,10,-1,CF,2.37137370566166,0.0536748676357413,0.00147213570421627,0.0535664111401294
OFF,10,-1,CF,2.51188643150958,0.0536880212246793,0.00155833874512317,0.0535664111401294
OFF,10,-1,CF,2.66072505979881,0.0537027591937482,0.00164945784577509,0.0535664111401294
OFF,10,-1,CF,2.81838293126445,0.0537192695902087,0.00174574871079241,0.0535664111401294
OFF,10,-1,CF,2.98538261891796,0.0537377620638932,0.00184747567266827,0.0535664111401294
OFF,10,-1,CF,3.16227766016838,0.0537584701650225,0.00195491103386627,0.0535664111401294
OFF,10,-1,CF,3.34965439157828,0.0537816538387119,0.00206833416916061,0.0535664111401294
OFF,10,-1,CF,3.54813389233576,0.0538076021200415,0.00218803034241956,0.0535664111401294
OFF,10,-1,CF,3.75837404288444,0.0538366360294329,0.00231428918531198,0.0535664111401294
OFF,10,-1,CF,3.98107170553497,0.0538691116624836,0.00244740277812736,0.0535664111401294
OFF,10,-1,CF,4.21696503428582,0.0539054234610225,0.0025876632651392,0.0535664111401294
OFF,10,-1,CF,4.46683592150963,0.0539460076425705,0.00273535992888305,0.0535664111401294
OFF,10,-1,CF,4.73151258961481,0.0539913457531949,0.00289077563962871,0.0535664111401294
OFF,10,-1,CF,5.01187233627272,0.0540419682934341,0.00305418258859728,0.0535664111401294
OFF,10,-1,CF,5.30884444230988,0.054098458348062,0.00322583720666229,0.0535664111401294
OFF,10,-1,CF,5.62341325190349,0.054161455127419,0.00340597416513893,0.0535664111401294
OFF,10,-1,CF,5.9566214352901,0.0542316573004221,0.00359479935281334,0.0535664111401294
OFF,10,-1,CF,6.30957344480193,0.0543098259667869,0.00379248172489317,0.0535664111401294
OFF,10,-1,CF,6.68343917568615,0.0543967870782902,0.00399914392670787,0.0535664111401294
OFF,10,-1,CF,7.07945784384138,0.0544934330761863,0.00421485160975306,0.0535664111401294
OFF,10,-1,CF,7.49894209332456,0.054600723464762,0.00443960138243515,0.0535664111401294
OFF,10,-1,CF,7.94328234724281,0.0547196839906973,0.00467330737535061,0.0535664111401294
OFF,10,-1,CF,8.41395141645195,0.054851404046529,0.00491578645410227,0.0535664111401294
OFF,10,-1,CF,8.91250938133745,0.0549970318673329,0.00516674218456194,0.0535664111401294
OFF,10,-1,CF,9.44060876285924,0.0551577670474084,0.00542574774896356,0.0535664111401294
OFF,10,-1,CF,10,0.0553348498745692,0.00569222812842261,0.0535664111401294
OFF,10,-1,CF,10.5925372517729,0.0555295469716605,0.00596544200931484,0.0535664111401294
OFF,10,-1,CF,11.2201845430196,0.0557431327579844,0.0062444640362246,0.0535664111401294
OFF,10,-1,CF,11.8850222743702,0.0559768663086687,0.0065281682186635,0.0535664111401294
OFF,10,-1,CF,12.5892541179417,0.0562319633096948,0.00681521349413993,0.0535664111401294
OFF,10,-1,CF,13.3352143216332,0.0565095629918288,0.007104032642989,0.0535664111401294
OFF,10,-1,CF,14.1253754462275,0.0568106901872716,0.00739282592133598,0.0535664111401294
OFF,10,-1,CF,14.9623565609443,0.0571362129928321,0.00767956090228941,0.0535664111401294
OFF,10,-1,CF,15.8489319246111,0.0574867969393419,0.00796198006127038,0.0535664111401294
OFF,10,-1,CF,16.7880401812256,0.0578628570443634,0.00823761757543513,0.0535664111401294
OFF,10,-1,CF,17.7827941003892,0.0582645096355837,0.00850382659620454,0.0535664111401294
OFF,10,-1,CF,18.836490894898,0.0586915263317426,0.00875781787090284,0.0535664111401294
OFF,10,-1,CF,19.9526231496888,0.0591432929977014,0.00899671002051233,0.0535664111401294
OFF,10,-1,CF,21.1348903983665,0.0596187767803344,0.00921759103237294,0.0535664111401294
OFF,10,-1,CF,22.3872113856834,0.0601165044087676,0.009417589633479,0.0535664111401294
OFF,10,-1,CF,23.7137370566166,0.0606345547402482,0.0095939542371895,0.0535664111401294
OFF,10,-1,CF,25.1188643150958,0.0611705680073713,0.00974413619896447,0.0535664111401294
OFF,10,-1,CF,26.6072505979881,0.0617217733650229,0.00986587329262549,0.0535664111401294
OFF,10,-1,CF,28.1838293126445,0.0622850351844244,0.00995726875244595,0.0535664111401294
OFF,10,-1,CF,29.8538261891796,0.0628569171862594,0.0100168610299779,0.0535664111401294
OFF,10,-1,CF,31.6227766016838,0.0634337620796778,0.0100436796643585,0.0535664111401294
OFF,10,-1,CF,33.4965439157828,0.0640117830430871,0.010037283382321,0.0535664111401294
OFF,10,-1,CF,35.4813389233575,0.0645871623146417,0.00999777768425694,0.0535664111401294
OFF,10,-1,CF,37.5837404288444,0.0651561514992052,0.00992581062489154,0.0535664111401294
OFF,10,-1,CF,39.8107170553497,0.0657151680367977,0.00982254709983845,0.0535664111401294
OFF,10,-1,CF,42.1696503428582,0.0662608826381462,0.00968962351552381,0.0535664111401294
OFF,10,-1,CF,44.6683592150963,0.0667902933248531,0.00952908606895717,0.0535664111401294
OFF,10,-1,CF,47.315125896148,0.0673007828998425,0.00934331685107247,0.0535664111401294
OFF,10,-1,CF,50.1187233627273,0.0677901580612256,0.00913495252655601,0.0535664111401294
OFF,10,-1,CF,53.0884444230988,0.0682566697893583,0.00890680041538329,0.0535664111401294
OFF,10,-1,CF,56.2341325190349,0.0686990159273335,0.00866175645119016,0.0535664111401294
OFF,10,-1,CF,59.566214352901,0.0691163279209783,0.00840272881176873,0.0535664111401294
OFF,10,-1,CF,63.0957344480193,0.0695081444159626,0.00813257012690357,0.0535664111401294
OFF,10,-1,CF,66.8343917568615,0.0698743748075817,0.00785402019260358,0.0535664111401294
OFF,10,-1,CF,70.7945784384138,0.0702152559269328,0.00756966016884852,0.0535664111401294
OFF,10,-1,CF,74.9894209332456,0.0705313048798571,0.00728187839456652,0.0535664111401294
OFF,10,-1,CF,79.4328234724281,0.070823270702488,0.00699284727187095,0.0535664111401294
OFF,10,-1,CF,84.1395141645195,0.071092087032891,0.0067045101746136,0.0535664111401294
OFF,10,-1,CF,89.1250938133746,0.0713388274884429,0.00641857702201253,0.0535664111401294
OFF,10,-1,CF,94.4060876285924,0.0715646649366211,0.00613652700661823,0.0535664111401294
OFF,10,-1,CF,100,0.0717708353906129,0.0058596169469885,0.0535664111401294
OFF,10,0,PP,0.1,0.053566489099777,3.8835515091889e-05,0.0535664111401294
OFF,10,0,PP,0.105925372517729,0.0535664986122497,4.11366438031343e-05,0.0535664111401294
OFF,10,0,PP,0.112201845430196,0.0535665092854085,4.35741191497998e-05,0.0535664111401294
OFF,10,0,PP,0.118850222743702,0.0535665212608755,4.61560194592302e-05,0.0535664111401294
OFF,10,0,PP,0.125892541179417,0.053566534697553,4.88909015942813e-05,0.0535664111401294
OFF,10,0,PP,0.133352143216332,0.0535665497737308,5.17878292827946e-05,0.0535664111401294
OFF,10,0,PP,0.141253754462275,0.0535665666894525,5.48564031208857e-05,0.0535664111401294
OFF,10,0,PP,0.149623565609443,0.0535665856691692,5.81067923483184e-05,0.0535664111401294
OFF,10,0,PP,0.158489319246111,0.0535666069647173,6.15497684998894e-05,0.0535664111401294
OFF,10,0,PP,0.167880401812256,0.0535666308586595,6.51967410427022e-05,0.0535664111401294
OFF,10,0,PP,0.177827941003892,0.0535666576680333,6.90597951154793e-05,0.0535664111401294
OFF,10,0,PP,0.18836490894898,0.0535666877485569,7.31517314926559e-05,0.0535664111401294
OFF,10,0,PP,0.199526231496888,0.0535667214993482,7.74861089029314e-05,0.0535664111401294
OFF,10,0,PP,0.211348903983665,0.0535667593682187,8.2077288839231e-05,0.0535664111401294
OFF,10,0,PP,0.223872113856834,0.0535668018576138,8.6940483004668e-05,0.0535664111401294
OFF,10,0,PP,0.237137370566166,0.053566849531277,9.20918035470855e-05,0.0535664111401294
OFF,10,0,PP,0.251188643150958,0.0535669030217271,9.75483162431239e-05,0.0535664111401294
OFF,10,0,PP,0.266072505979881,0.0535669630386471,0.000103328096801483,0.0535664111401294
OFF,10,0,PP,0.281838293126445,0.0535670303782957,0.000109450290464147,0.0535664111401294
OFF,10,0,PP,0.298538261891796,0.053567105934066,0.000115935175093782,0.0535664111401294
OFF,10,0,PP,0.316227766016838,0.0535671907083319,0.000122804227945322,0.0535664111401294
OFF,10,0,PP,0.334965439157828,0.0535672858257383,0.000130080196329881,0.0535664111401294
OFF,10,0,PP,0.354813389233576,0.05356739254811,0.000137787172389531,0.0535664111401294
OFF,10,0,PP,0.375837404288444,0.0535675122911788,0.000145950672212175,0.0535664111401294
OFF,10,0,PP,0.398107170553497,0.0535676466433471,0.000154597719526636,0.0535664111401294
OFF,10,0,PP,0.421696503428582,0.0535677973867376,0.000163756934229052,0.0535664111401294
OFF,10,0,PP,0.446683592150963,0.0535679665208068,0.00017345862600279,0.0535664111401294
OFF,10,0,PP,0.473151258961481,0.0535681562888329,0.000183734893305052,0.0535664111401294
OFF,10,0,PP,0.501187233627272,0.0535683692076278,0.000194619728004166,0.0535664111401294
OFF,10,0,PP,0.530884444230988,0.0535686081008651,0.000206149125961987,0.0535664111401294
OFF,10,0,PP,0.562341325190349,0.0535688761364617,0.000218361203865675,0.0535664111401294
OFF,10,0,PP,0.59566214352901,0.0535691768685047,0.000231296322622132,0.0535664111401294
OFF,10,0,PP,0.630957344480193,0.053569514284275,0.000244997217636227,0.0535664111401294
OFF,10,0,PP,0.668343917568615,0.0535698928569826,0.00025950913630024,0.0535664111401294
OFF,10,0,PP,0.707945784384138,0.053570317604906,0.000274879983026252,0.0535664111401294
OFF,10,0,PP,0.749894209332456,0.0535707941577076,0.000291160472154945,0.0535664111401294
OFF,10,0,PP,0.794328234724281,0.0535713288307906,0.000308404289072728,0.0535664111401294
OFF,10,0,PP,0.841395141645195,0.0535719287086666,0.000326668259863536,0.0535664111401294
OFF,10,0,PP,0.891250938133745,0.0535726017384162,0.000346012529810989,0.0535664111401294
OFF,10,0,PP,0.944060876285923,0.053573356834454,0.000366500751049756,0.0535664111401294
OFF,10,0,PP,1,0.0535742039959519,0.000388200279640507,0.0535664111401294
OFF,10,0,PP,1.05925372517729,0.0535751544384323,0.000411182382309044,0.0535664111401294
OFF,10,0,PP,1.12201845430196,0.0535762207412205,0.000435522453045219,0.0535664111401294
OFF,10,0,PP,1.18850222743702,0.0535774170126391,0.000461300239698534,0.0535664111401294
OFF,10,0,PP,1.25892541179417,0.0535787590750459,0.000488600080632196,0.0535664111401294
OFF,10,0,PP,1.33352143216332,0.0535802646720555,0.000517511151402508,0.0535664111401294
OFF,10,0,PP,1.41253754462275,0.053581953700549,0.000548127721311828,0.0535664111401294
OFF,10,0,PP,1.49623565609443,0.0535838484703695,0.000580549419536288,0.0535664111401294
OFF,10,0,PP,1.58489319246111,0.053585973994921,0.00061488151034859,0.0535664111401294
OFF,10,0,PP,1.67880401812256,0.0535883583162386,0.000651235176734909,0.0535664111401294
OFF,10,0,PP,1.77827941003892,0.0535910328684841,0.000689727811435707,0.0535664111401294
OFF,10,0,PP,1.8836490894898,0.0535940328842354,0.000730483314114142,0.0535664111401294
OFF,10,0,PP,1.99526231496888,0.0535973978483939,0.000773632392962368,0.0535664111401294
OFF,10,0,PP,2.11348903983665,0.0536011720050161,0.000819312868583059,0.0535664111401294
OFF,10,0,PP,2.23872113856834,0.0536054049228993,0.00086766997741703,0.0535664111401294
OFF,10,0,PP,2.37137370566166,0.0536101521263001,0.000918856671311247,0.0535664111401294
OFF,10,0,PP,2.51188643150958,0.0536154757977445,0.000973033909016094,0.0535664111401294
OFF,10,0,PP,2.66072505979881,0.0536214455604857,0.00103037093444469,0.0535664111401294
OFF,10,0,PP,2.81838293126445,0.053628139348776,0.00109104553539555,0.0535664111401294
OFF,10,0,PP,2.98538261891796,0.0536356443747259,0.00115524427510492,0.0535664111401294
OFF,10,0,PP,3.16227766016838,0.0536440582011082,0.00122316268742491,0.0535664111401294
OFF,10,0,PP,3.34965439157828,0.0536534899300001,0.00129500542458283,0.0535664111401294
OFF,10,0,PP,3.54813389233576,0.0536640615176124,0.00137098634432764,0.0535664111401294
OFF,10,0,PP,3.75837404288444,0.053675909225985,0.00145132852076758,0.0535664111401294
OFF,10,0,PP,3.98107170553497,0.0536891852223726,0.00153626416030627,0.0535664111401294
OFF,10,0,PP,4.21696503428582,0.0537040593370347,0.00162603440074401,0.0535664111401294
OFF,10,0,PP,4.46683592150963,0.0537207209896911,0.0017208889677826,0.0535664111401294
OFF,10,0,PP,4.73151258961481,0.0537393812939817,0.00182108565881043,0.0535664111401294
OFF,10,0,PP,5.01187233627272,0.0537602753477506,0.00192688961891393,0.0535664111401294
OFF,10,0,PP,5.30884444230988,0.0537836647146779,0.00203857236853598,0.0535664111401294
OFF,10,0,PP,5.62341325190349,0.0538098400994945,0.00215641053607443,0.0535664111401294
OFF,10,0,PP,5.9566214352901,0.0538391242144964,0.00228068424200834,0.0535664111401294
OFF,10,0,PP,6.30957344480193,0.0538718748290153,0.00241167507391724,0.0535664111401294
OFF,10,0,PP,6.68343917568615,0.0539084879855669,0.00254966358414288,0.0535664111401294
OFF,10,0,PP,7.07945784384138,0.0539494013561817,0.00269492623403213,0.0535664111401294
OFF,10,0,PP,7.49894209332456,0.0539950976995028,0.00284773170099828,0.0535664111401294
OFF,10,0,PP,7.94328234724281,0.054046108363116,0.00300833645748553,0.0535664111401294
OFF,10,0,PP,8.41395141645195,0.0541030167557836,0.00317697952492853,0.0535664111401294
OFF,10,0,PP,8.91250938133745,0.0541664616902973,0.00335387630178916,0.0535664111401294
OFF,10,0,PP,9.44060876285924,0.0542371404691328,0.00353921136380667,0.0535664111401294
OFF,10,0,PP,10,0.054315811551681,0.00373313013809572,0.0535664111401294
OFF,10,0,PP,10.5925372517729,0.0544032966034984,0.00393572936238634,0.0535664111401294
OFF,10,0,PP,11.2201845430196,0.0545004816850258,0.00414704625859997,0.0535664111401294
OFF,10,0,PP,11.8850222743702,0.054608317290387,0.00436704637852645,0.0535664111401294
OFF,10,0,PP,12.5892541179417,0.0547278168977066,0.00459561012134434,0.0535664111401294
OFF,10,0,PP,13.3352143216332,0.0548600536433336,0.00483251798103135,0.0535664111401294
OFF,10,0,PP,14.1253754462275,0.0550061546870997,0.00507743465923196,0.0535664111401294
OFF,10,0,PP,14.9623565609443,0.0551672927993827,0.00532989227840968,0.0535664111401294
OFF,10,0,PP,15.8489319246111,0.0553446746800376,0.00558927305277071,0.0535664111401294
OFF,10,0,PP,16.7880401812256,0.055539525522696,0.00585479192063931,0.0535664111401294
OFF,10,0,PP,17.7827941003892,0.0557530693755891,0.00612547980945943,0.0535664111401294
OFF,10,0,PP,18.836490894898,0.0559865049332014,0.0064001683878167,0.0535664111401294
OFF,10,0,PP,19.9526231496888,0.0562409765332447,0.00667747734787901,0.0535664111401294
OFF,10,0,PP,21.1348903983665,0.0565175403410951,0.00695580544122624,0.0535664111401294
OFF,10,0,PP,22.3872113856834,0.0568171259862132,0.00723332664014849,0.0535664111401294
OFF,10,0,PP,23.7137370566166,0.0571404942736143,0.00750799288843874,0.0535664111401294
OFF,10,0,PP,25.1188643150958,0.0574881920208119,0.00777754490935685,0.0535664111401294
OFF,10,0,PP,26.6072505979881,0.0578605055475837,0.00803953242090839,0.0535664111401294
OFF,10,0,PP,28.1838293126445,0.0582574148389962,0.00829134483957297,0.0535664111401294
OFF,10,0,PP,29.8538261891796,0.0586785508629298,0.00853025311142618,0.0535664111401294
OFF,10,0,PP,31.6227766016838,0.0591231588901541,0.00875346268820002,0.0535664111401294
OFF,10,0,PP,33.4965439157828,0.0595900708679121,0.0089581768820006,0.0535664111401294
OFF,10,0,PP,35.4813389233575,0.0600776898677002,0.00914166893125598,0.0535664111401294
OFF,10,0,PP,37.5837404288444,0.060583989307999,0.00930136016731684,0.0535664111401294
OFF,10,0,PP,39.8107170553497,0.0611065290131767,0.00943490078786226,0.0535664111401294
OFF,10,0,PP,42.1696503428582,0.061642489220067,0.00954024903799705,0.0535664111401294
OFF,10,0,PP,44.6683592150963,0.0621887224409047,0.00961574419030102,0.0535664111401294
OFF,10,0,PP,47.315125896148,0.062741821740551,0.00966016869731188,0.0535664111401294
OFF,10,0,PP,50.1187233627273,0.0632982026310919,0.00967279531764644,0.0535664111401294
OFF,10,0,PP,53.0884444230988,0.0638541945909842,0.00965341588509256,0.0535664111401294
OFF,10,0,PP,56.2341325190349,0.0644061373349442,0.00960234962825558,0.0535664111401294
OFF,10,0,PP,59.566214352901,0.0649504765156457,0.00952043042754887,0.0535664111401294
OFF,10,0,PP,63.0957344480193,0.0654838535918816,0.00940897394729923,0.0535664111401294
OFF,10,0,PP,66.8343917568615,0.0660031851425098,0.00926972702216424,0.0535664111401294
OFF,10,0,PP,70.7945784384138,0.0665057278646723,0.00910480284610358,0.0535664111401294
OFF,10,0,PP,74.9894209332456,0.0669891267379256,0.00891660629090058,0.0535664111401294
OFF,10,0,PP,79.4328234724281,0.0674514452032074,0.00870775401310919,0.0535664111401294
OFF,10,0,PP,84.1395141645195,0.0678911775359704,0.00848099390154453,0.0535664111401294
OFF,10,0,PP,89.1250938133746,0.0683072447493873,0.0082391279362836,0.0535664111401294
OFF,10,0,PP,94.4060876285924,0.0686989762507993,0.00798494177715606,0.0535664111401294
OFF,10,0,PP,100,0.0690660800458878,0.00772114349427654,0.0535664111401294
OFF,10,0,CF,0.1,0.0535666016976135,6.07163809854593e-05,0.0535664111401294
OFF,10,0,CF,0.105925372517729,0.0535666249488862,6.43139754403795e-05,0.0535664111401294
OFF,10,0,CF,0.112201845430196,0.0535666510371767,6.81247261978669e-05,0.0535664111401294
OFF,10,0,CF,0.118850222743702,0.0535666803086364,7.21612608163877e-05,0.0535664111401294
OFF,10,0,CF,0.125892541179417,0.0535667131516488,7.64369545665914e-05,0.0535664111401294
OFF,10,0,CF,0.133352143216332,0.0535667500019821,8.09659746384635e-05,0.0535664111401294
OFF,10,0,CF,0.141253754462275,0.053566791348569,8.57633269495282e-05,0.0535664111401294
OFF,10,0,CF,0.149623565609443,0.0535668377399921,9.08449057047532e-05,0.0535664111401294
OFF,10,0,CF,0.158489319246111,0.05356688979176,9.62275458670894e-05,0.0535664111401294
OFF,10,0,CF,0.167880401812256,0.0535669481944708,0.000101929078706215,0.0535664111401294
OFF,10,0,CF,0.177827941003892,0.0535670137229703,0.000107968390602062,0.0535664111401294
OFF,10,0,CF,0.18836490894898,0.0535670872466275,0.000114365485289074,0.0535664111401294
OFF,10,0,CF,0.199526231496888,0.0535671697408624,0.000121141549736852,0.0535664111401294
OFF,10,0,CF,0.211348903983665,0.0535672623000788,0.0001283190238729,0.0535664111401294
OFF,10,0,CF,0.223872113856834,0.0535673661521733,0.000135921674363526,0.0535664111401294
OFF,10,0,CF,0.237137370566166,0.0535674826748124,0.000143974672679583,0.0535664111401294
OFF,10,0,CF,0.251188643150958,0.0535676134136928,0.000152504677684548,0.0535664111401294
OFF,10,0,CF,0.266072505979881,0.0535677601030255,0.000161539922993463,0.0535664111401294
OFF,10,0,CF,0.281838293126445,0.0535679246885154,0.000171110309362282,0.0535664111401294
OFF,10,0,CF,0.298538261891796,0.0535681093531385,0.000181247502378241,0.0535664111401294
OFF,10,0,CF,0.316227766016838,0.0535683165460562,0.000191985035732683,0.0535664111401294
OFF,10,0,CF,0.334965439157828,0.0535685490150498,0.000203358420368366,0.0535664111401294
OFF,10,0,CF,0.354813389233576,0.053568809842899,0.000215405259803222,0.0535664111401294
OFF,10,0,CF,0.375837404288444,0.0535691024881858,0.000228165371941837,0.0535664111401294
OFF,10,0,CF,0.398107170553497,0.0535694308310568,0.000241680917694029,0.0535664111401294
OFF,10,0,CF,0.421696503428582,0.0535697992245477,0.00025599653672662,0.0535664111401294
OFF,10,0,CF,0.446683592150963,0.053570212552138,0.000271159490679346,0.0535664111401294
OFF,10,0,CF,0.473151258961481,0.0535706762922933,0.000287219814178195,0.0535664111401294
OFF,10,0,CF,0.501187233627272,0.0535711965908338,0.000304230473978813,0.0535664111401294
OFF,10,0,CF,0.530884444230988,0.0535717803420748,0.000322247536568044,0.0535664111401294
OFF,10,0,CF,0.562341325190349,0.0535724352797923,0.000341330344542339,0.0535664111401294
OFF,10,0,CF,0.59566214352901,0.0535731700791941,0.000361541702066505,0.0535664111401294
OFF,10,0,CF,0.630957344480193,0.0535739944712151,0.000382948069693721,0.0535664111401294
OFF,10,0,CF,0.668343917568615,0.0535749193706085,0.000405619768796384,0.0535664111401294
OFF,10,0,CF,0.707945784384138,0.0535759570194801,0.000429631195815158,0.0535664111401294
OFF,10,0,CF,0.749894209332456,0.0535771211480994,0.000455061046478414,0.0535664111401294
OFF,10,0,CF,0.794328234724281,0.0535784271550358,0.000481992550073272,0.0535664111401294
OFF,10,0,CF,0.841395141645195,0.0535798923089013,0.0005105137137596,0.0535664111401294
OFF,10,0,CF,0.891250938133745,0.0535815359742394,0.000540717576805648,0.0535664111401294
OFF,10,0,CF,0.944060876285923,0.0535833798643858,0.000572702474484218,0.0535664111401294
OFF,10,0,CF,1,0.0535854483244389,0.000606572311195878,0.0535664111401294
OFF,10,0,CF,1.05925372517729,0.0535877686478248,0.000642436842174696,0.0535664111401294
OFF,10,0,CF,1.12201845430196,0.0535903714303132,0.000680411962874845,0.0535664111401294
OFF,10,0,CF,1.18850222743702,0.0535932909657541,0.000720620004824677,0.0535664111401294
OFF,10,0,CF,1.25892541179417,0.0535965656882472,0.000763190036358394,0.0535664111401294
OFF,10,0,CF,1.33352143216332,0.053600238665932,0.000808258166182595,0.0535664111401294
OFF,10,0,CF,1.41253754462275,0.0536043581521044,0.000855967847191985,0.0535664111401294
OFF,10,0,CF,1.49623565609443,0.0536089781999026,0.000906470177299692,0.0535664111401294
OFF,10,0,CF,1.58489319246111,0.0536141593473839,0.000959924193274553,0.0535664111401294
OFF,10,0,CF,1.67880401812256,0.0536199693804046,0.00101649715265946,0.0535664111401294
OFF,10,0,CF,1.77827941003892,0.0536264841813242,0.00107636479775731,0.0535664111401294
OFF,10,0,CF,1.8836490894898,0.053633788672167,0.00113971159438712,0.0535664111401294
OFF,10,0,CF,1.99526231496888,0.053641977861459,0.0012067309366012,0.0535664111401294
OFF,10,0,CF,2.11348903983665,0.0536511580045171,0.00127762530678142,0.0535664111401294
OFF,10,0,CF,2.23872113856834,0.0536614478874388,0.00135260637845937,0.0535664111401294
OFF,10,0,CF,2.37137370566166,0.0536729802454075,0.00143189504679141,0.0535664111401294
OFF,10,0,CF,2.51188643150958,0.0536859033261236,0.00151572136881985,0.0535664111401294
OFF,10,0,CF,2.66072505979881,0.0537003826091301,0.00160432439242089,0.0535664111401294
OFF,10,0,CF,2.81838293126445,0.0537166026914359,0.00169795184913069,0.0535664111401294
OFF,10,0,CF,2.98538261891796,0.053734769349045,0.00179685968180955,0.0535664111401294
OFF,10,0,CF,3.16227766016838,0.0537551117826334,0.00190131137331109,0.0535664111401294
OFF,10,0,CF,3.34965439157828,0.0537778850535215,0.00201157703694003,0.0535664111401294
OFF,10,0,CF,3.54813389233576,0.0538033727130588,0.00212793222349673,0.0535664111401294
OFF,10,0,CF,3.75837404288444,0.0538318896243329,0.00225065639313375,0.0535664111401294
OFF,10,0,CF,3.98107170553497,0.0538637849694533,0.00238003099314162,0.0535664111401294
OFF,10,0,CF,4.21696503428582,0.0538994454281972,0.00251633707524333,0.0535664111401294
OFF,10,0,CF,4.46683592150963,0.0539392985041742,0.00265985237818951,0.0535664111401294
OFF,10,0,CF,4.73151258961481,0.0539838159624209,0.00281084779368464,0.0535664111401294
OFF,10,0,CF,5.01187233627272,0.0540335173270232,0.00296958312634429,0.0535664111401294
OFF,10,0,CF,5.30884444230988,0.054088973368486,0.00313630205204974,0.0535664111401294
OFF,10,0,CF,5.62341325190349,0.0541508094876357,0.00331122617449972,0.0535664111401294
OFF,10,0,CF,5.9566214352901,0.05421970887543,0.00349454807797487,0.0535664111401294
OFF,10,0,CF,6.30957344480193,0.0542964152958088,0.0036864232766335,0.0535664111401294
OFF,10,0,CF,6.68343917568615,0.0543817353015455,0.00388696096868415,0.0535664111401294
OFF,10,0,CF,7.07945784384138,0.0544765396511164,0.00409621351952146,0.0535664111401294
OFF,10,0,CF,7.49894209332456,0.0545817636485758,0.00431416462371857,0.0535664111401294
OFF,10,0,CF,7.94328234724281,0.0546984060796169,0.00454071613431181,0.0535664111401294
OFF,10,0,CF,8.41395141645195,0.0548275263676402,0.00477567360198442,0.0535664111401294
OFF,10,0,CF,8.91250938133745,0.0549702395270874,0.00501873063947701,0.0535664111401294
OFF,10,0,CF,9.44060876285924,0.0551277084522875,0.00526945232047234,0.0535664111401294
OFF,10,0,CF,10,0.0553011330549449,0.00552725793923825,0.0535664111401294
OFF,10,0,CF,10.5925372517729,0.0554917357602611,0.00579140359803121,0.0535664111401294
OFF,10,0,CF,11.2201845430196,0.0557007429002522,0.00606096525207453,0.0535664111401294
OFF,10,0,CF,11.8850222743702,0.0559293616141435,0.0063348230221406,0.0535664111401294
OFF,10,0,CF,12.5892541179417,0.0561787519913903,0.00661164777356602,0.0535664111401294
OFF,10,0,CF,13.3352143216332,0.0564499943837334,0.00688989114401497,0.0535664111401294
OFF,10,0,CF,14.1253754462275,0.0567440520769816,0.00716778036084218,0.0535664111401294
OFF,10,0,CF,14.9623565609443,0.0570617298540112,0.00744331929707101,0.0535664111401294
OFF,10,0,CF,15.8489319246111,0.0574036293927779,0.00771429724253018,0.0535664111401294
OFF,10,0,CF,16.7880401812256,0.0577701029107903,0.0079783067807797,0.0535664111401294
OFF,10,0,CF,17.7827941003892,0.0581612069605767,0.00823277193171402,0.0535664111401294
OFF,10,0,CF,18.836490894898,0.0585766587542641,0.00847498731980421,0.0535664111401294
OFF,10,0,CF,19.9526231496888,0.0590157977905937,0.00870216854842537,0.0535664111401294
OFF,10,0,CF,21.1348903983665,0.0594775558058755,0.00891151321239974,0.0535664111401294
OFF,10,0,CF,22.3872113856834,0.0599604381011475,0.00910027110183072,0.0535664111401294
OFF,10,0,CF,23.7137370566166,0.0604625190503899,0.00926582120876385,0.0535664111401294
OFF,10,0,CF,25.1188643150958,0.0609814540315992,0.00940575224045776,0.0535664111401294
OFF,10,0,CF,26.6072505979881,0.0615145091429634,0.00951794258465327,0.0535664111401294
OFF,10,0,CF,28.1838293126445,0.0620586089157051,0.00960063518273253,0.0535664111401294
OFF,10,0,CF,29.8538261891796,0.062610400907638,0.00965250264932725,0.0535664111401294
OFF,10,0,CF,31.6227766016838,0.0631663346931852,0.00967269829723169,0.0535664111401294
OFF,10,0,CF,33.4965439157828,0.0637227515172362,0.00966088949423199,0.0535664111401294
OFF,10,0,CF,35.4813389233575,0.0642759799119764,0.00961727093876271,0.0535664111401294
OFF,10,0,CF,37.5837404288444,0.0648224320193411,0.00954255687765102,0.0535664111401294
OFF,10,0,CF,39.8107170553497,0.0653586952951981,0.00943795283963247,0.0535664111401294
OFF,10,0,CF,42.1696503428582,0.0658816147042412,0.00930510894158606,0.0535664111401294
OFF,10,0,CF,44.6683592150963,0.0663883613857152,0.00914605807067535,0.0535664111401294
OFF,10,0,CF,47.315125896148,0.0668764849598012,0.00896314312432245,0.0535664111401294
OFF,10,0,CF,50.1187233627273,0.0673439479973404,0.00875893792925991,0.0535664111401294
OFF,10,0,CF,53.0884444230988,0.0677891425283449,0.00853616645406991,0.0535664111401294
OFF,10,0,CF,56.2341325190349,0.0682108896728564,0.00829762452895087,0.0535664111401294
OFF,10,0,CF,59.566214352901,0.0686084244348182,0.00804610758732321,0.0535664111401294
OFF,10,0,CF,63.0957344480193,0.0689813683474021,0.00778434706365687,0.0535664111401294
OFF,10,0,CF,66.8343917568615,0.0693296929861013,0.00751495713891807,0.0535664111401294
OFF,10,0,CF,70.7945784384138,0.0696536774029556,0.00724039262174851,0.0535664111401294
OFF,10,0,CF,74.9894209332456,0.0699538623374947,0.00696291796597505,0.0535664111401294
OFF,10,0,CF,79.4328234724281,0.0702310036964736,0.00668458679917649,0.0535664111401294
OFF,10,0,CF,84.1395141645195,0.0704860273352546,0.00640723089025417,0.0535664111401294
OFF,10,0,CF,89.1250938133746,0.0707199866807662,0.00613245721073713,0.0535664111401294
OFF,10,0,CF,94.4060876285924,0.0709340242581442,0.0058616516235009,0.0535664111401294
OFF,10,0,CF,100,0.0711293377542461,0.00559598773354197,0.0535664111401294
OFF,10,1,PP,0.1,0.0535664882180961,3.8154755136168e-05,0.0535664111401294
OFF,10,1,PP,0.105925372517729,0.0535664976229874,4.04155463862379e-05,0.0535664111401294
OFF,10,1,PP,0.112201845430196,0.0535665081754378,4.28102941461452e-05,0.0535664111401294
OFF,10,1,PP,0.118850222743702,0.0535665200154679,4.53469351230201e-05,0.0535664111401294
OFF,10,1,PP,0.125892541179417,0.0535665333001825,4.8033876168663e-05,0.0535664111401294
OFF,10,1,PP,0.133352143216332,0.0535665482058552,5.08800221119593e-05,0.0535664111401294
OFF,10,1,PP,0.141253754462275,0.053566564930267,5.38948052356798e-05,0.0535664111401294
OFF,10,1,PP,0.149623565609443,0.0535665836953304,5.70882164942e-05,0.0535664111401294
OFF,10,1,PP,0.158489319246111,0.0535666047500335,6.04708385742197e-05,0.0535664111401294
OFF,10,1,PP,0.167880401812256,0.053566628373743,6.40538809064155e-05,0.0535664111401294
OFF,10,1,PP,0.177827941003892,0.0535666548799107,6.78492167421079e-05,0.0535664111401294
OFF,10,1,PP,0.18836490894898,0.0535666846202314,7.18694224155048e-05,0.0535664111401294
OFF,10,1,PP,0.199526231496888,0.0535667179893086,7.61278189188825e-05,0.0535664111401294
OFF,10,1,PP,0.211348903983665,0.0535667554298887,8.06385159252132e-05,0.0535664111401294
OFF,10,1,PP,0.223872113856834,0.0535667974387337,8.54164584002349e-05,0.0535664111401294
OFF,10,1,PP,0.237137370566166,0.0535668445732106,9.04774759538064e-05,0.0535664111401294
OFF,10,1,PP,0.251188643150958,0.0535668974586835,9.58383350885923e-05,0.0535664111401294
OFF,10,1,PP,0.266072505979881,0.0535669567968074,0.000101516794512681,0.0535664111401294
OFF,10,1,PP,0.281838293126445,0.0535670233748336,0.000107531663691655,0.0535664111401294
OFF,10,1,PP,0.298538261891796,0.0535670980760489,0.000113902864824907,0.0535664111401294
OFF,10,1,PP,0.316227766016838,0.0535671818914875,0.000120651498440573,0.0535664111401294
OFF,10,1,PP,0.334965439157828,0.0535672759330707,0.000127799912813395,0.0535664111401294
OFF,10,1,PP,0.354813389233576,0.0535673814483477,0.000135371777420008,0.0535664111401294
OFF,10,1,PP,0.375837404288444,0.0535674998370322,0.000143392160656596,0.0535664111401294
OFF,10,1,PP,0.398107170553497,0.053567632669554,0.00015188761205451,0.0535664111401294
OFF,10,1,PP,0.421696503428582,0.0535677817078704,0.000160886249240185,0.0535664111401294
OFF,10,1,PP,0.446683592150963,0.0535679489288115,0.000170417849896528,0.0535664111401294
OFF,10,1,PP,0.473151258961481,0.0535681365502682,0.000180513948993628,0.0535664111401294
OFF,10,1,PP,0.501187233627272,0.0535683470605671,0.000191207941567211,0.0535664111401294
OFF,10,1,PP,0.530884444230988,0.0535685832514205,0.00020253519133335,0.0535664111401294
OFF,10,1,PP,0.562341325190349,0.0535688482548837,0.000214533145437495,0.0535664111401294
OFF,10,1,PP,0.59566214352901,0.0535691455848062,0.000227241455644591,0.0535664111401294
OFF,10,1,PP,0.630957344480193,0.0535694791833205,0.000240702106284538,0.0535664111401294
OFF,10,1,PP,0.668343917568615,0.0535698534729791,0.000254959549273237,0.0535664111401294
OFF,10,1,PP,0.707945784384138,0.0535702734152206,0.000270060846533396,0.0535664111401294
OFF,10,1,PP,0.749894209332456,0.0535707445759308,0.000286055820140663,0.0535664111401294
OFF,10,1,PP,0.794328234724281,0.0535712731989531,0.000302997210518742,0.0535664111401294
OFF,10,1,PP,0.841395141645195,0.0535718662885057,0.00032094084300121,0.0535664111401294
OFF,10,1,PP,0.891250938133745,0.0535725317015764,0.000339945803066776,0.0535664111401294
OFF,10,1,PP,0.944060876285923,0.053573278251491,0.000360074620537495,0.0535664111401294
OFF,10,1,PP,1,0.0535741158239942,0.000381393463004666,0.0535664111401294
OFF,10,1,PP,1.05925372517729,0.0535750555073367,0.000403972338713096,0.0535664111401294
OFF,10,1,PP,1.12201845430196,0.0535761097380366,0.000427885309089065,0.0535664111401294
OFF,10,1,PP,1.18850222743702,0.0535772924641773,0.000453210711038474,0.0535664111401294
OFF,10,1,PP,1.25892541179417,0.0535786193283162,0.000480031389066324,0.0535664111401294
OFF,10,1,PP,1.33352143216332,0.0535801078723172,0.000508434937173691,0.0535664111401294
OFF,10,1,PP,1.41253754462275,0.0535817777666794,0.00053851395036974,0.0535664111401294
OFF,10,1,PP,1.49623565609443,0.0535836510672236,0.000570366285489422,0.0535664111401294
OFF,10,1,PP,1.58489319246111,0.0535857525023141,0.000604095330826886,0.0535664111401294
OFF,10,1,PP,1.67880401812256,0.0535881097941386,0.000639810283873897,0.0535664111401294
OFF,10,1,PP,1.77827941003892,0.0535907540179499,0.000677626436184011,0.0535664111401294
OFF,10,1,PP,1.8836490894898,0.0535937200035811,0.000717665464058269,0.0535664111401294
OFF,10,1,PP,1.99526231496888,0.0535970467839928,0.000760055723356125,0.0535664111401294
OFF,10,1,PP,2.11348903983665,0.0536007780960899,0.000804932546264349,0.0535664111401294
OFF,10,1,PP,2.23872113856834,0.0536049629395539,0.000852438537292603,0.0535664111401294
OFF,10,1,PP,2.37137370566166,0.053609656199982,0.00090272386509104,0.0535664111401294
OFF,10,1,PP,2.51188643150958,0.0536149193431869,0.000955946545883884,0.0535664111401294
OFF,10,1,PP,2.66072505979881,0.0536208211881019,0.00101227271336203,0.0535664111401294
OFF,10,1,PP,2.81838293126445,0.053627438766328,0.00107187686875265,0.0535664111401294
OFF,10,1,PP,2.98538261891796,0.0536348582769525,0.0011349421034568,0.0535664111401294
OFF,10,1,PP,3.16227766016838,0.0536431761458349,0.001201660285086,0.0535664111401294
OFF,10,1,PP,3.34965439157828,0.0536525001990717,0.00127223219590043,0.0535664111401294
OFF,10,1,PP,3.54813389233576,0.0536629509607881,0.00134686761051704,0.0535664111401294
OFF,10,1,PP,3.75837404288444,0.053674663085704,0.00142578529727381,0.0535664111401294
OFF,10,1,PP,3.98107170553497,0.0536877869370474,0.00150921292476217,0.0535664111401294
OFF,10,1,PP,4.21696503428582,0.0537024903202426,0.00159738685172911,0.0535664111401294
OFF,10,1,PP,4.46683592150963,0.0537189603823179,0.00169055177475715,0.0535664111401294
OFF,10,1,PP,4.73151258961481,0.0537374056860182,0.00178896020381305,0.0535664111401294
OFF,10,1,PP,5.01187233627272,0.0537580584660531,0.00189287173088001,0.0535664111401294
OFF,10,1,PP,5.30884444230988,0.0537811770725702,0.00200255205142839,0.0535664111401294
OFF,10,1,PP,5.62341325190349,0.0538070486036173,0.00211827169243511,0.0535664111401294
OFF,10,1,PP,5.9566214352901,0.0538359917237946,0.00224030439405539,0.0535664111401294
OFF,10,1,PP,6.30957344480193,0.0538683596601975,0.00236892508495077,0.0535664111401294
OFF,10,1,PP,6.68343917568615,0.0539045433587794,0.00250440738381009,0.0535664111401294
OFF,10,1,PP,7.07945784384138,0.0539449747740237,0.0026470205519692,0.0535664111401294
OFF,10,1,PP,7.49894209332456,0.0539901302518779,0.00279702581455207,0.0535664111401294
OFF,10,1,PP,7.94328234724281,0.0540405339497965,0.0029546719606643,0.0535664111401294
OFF,10,1,PP,8.41395141645195,0.0540967612179957,0.0031201901274881,0.0535664111401294
OFF,10,1,PP,8.91250938133745,0.0541594418421559,0.00329378766948484,0.0535664111401294
OFF,10,1,PP,9.44060876285924,0.054229263019448,0.00347564101339188,0.0535664111401294
OFF,10,1,PP,10,0.0543069719066106,0.00366588740368699,0.0535664111401294
OFF,10,1,PP,10.5925372517729,0.0543933775408628,0.00386461545340101,0.0535664111401294
OFF,10,1,PP,11.2201845430196,0.0544893518920032,0.00407185443365521,0.0535664111401294
OFF,10,1,PP,11.8850222743702,0.0545958297579826,0.0042875622644932,0.0535664111401294
OFF,10,1,PP,12.5892541179417,0.0547138071681049,0.00451161221216632,0.0535664111401294
OFF,10,1,PP,13.3352143216332,0.0548443379103342,0.00474377835687545,0.0535664111401294
OFF,10,1,PP,14.1253754462275,0.0549885277556776,0.00498371997287174,0.0535664111401294
OFF,10,1,PP,14.9623565609443,0.0551475259184434,0.00523096506217166,0.0535664111401294
OFF,10,1,PP,15.8489319246111,0.0553225132731059,0.00548489340543964,0.0535664111401294
OFF,10,1,PP,16.7880401812256,0.0555146868550197,0.00574471963875526,0.0535664111401294
OFF,10,1,PP,17.7827941003892,0.0557252402133107,0.00600947703052244,0.0535664111401294
OFF,10,1,PP,18.836490894898,0.0559553392710063,0.00627800281283247,0.0535664111401294
OFF,10,1,PP,19.9526231496888,0.0562060934910888,0.00654892610593052,0.0535664111401294
OFF,10,1,PP,21.1348903983665,0.0564785223576203,0.00682065964759641,0.0535664111401294
OFF,10,1,PP,22.3872113856834,0.0567735174649749,0.00709139668007025,0.0535664111401294
OFF,10,1,PP,23.7137370566166,0.0570918008661686,0.00735911442901205,0.0535664111401294
OFF,10,1,PP,25.1188643150958,0.0574338807549496,0.00762158560114236,0.0535664111401294
OFF,10,1,PP,26.6072505979881,0.0578000060255239,0.00787639919759803,0.0535664111401294
OFF,10,1,PP,28.1838293126445,0.0581901217342932,0.00812099165969053,0.0535664111401294
OFF,10,1,PP,29.8538261891796,0.0586038279309451,0.0083526889128089,0.0535664111401294
OFF,10,1,PP,31.6227766016838,0.0590403446702101,0.0085687592488965,0.0535664111401294
OFF,10,1,PP,33.4965439157828,0.0594984861919244,0.00876647620744976,0.0535664111401294
OFF,10,1,PP,35.4813389233575,0.0599766471988231,0.00894318972660208,0.0535664111401294
OFF,10,1,PP,37.5837404288444,0.0604728038157637,0.00909640291622525,0.0535664111401294
OFF,10,1,PP,39.8107170553497,0.0609845311552658,0.00922385095592618,0.0535664111401294
OFF,10,1,PP,42.1696503428582,0.06150903845637,0.00932357795850484,0.0535664111401294
OFF,10,1,PP,44.6683592150963,0.0620432215678708,0.00939400727746341,0.0535664111401294
OFF,10,1,PP,47.315125896148,0.0625837312204348,0.00943400076585386,0.0535664111401294
OFF,10,1,PP,50.1187233627273,0.0631270542185198,0.00944290295984942,0.0535664111401294
OFF,10,1,PP,53.0884444230988,0.0636696035421236,0.00942056705207185,0.0535664111401294
OFF,10,1,PP,56.2341325190349,0.0642078125300466,0.00936736076144504,0.0535664111401294
OFF,10,1,PP,59.566214352901,0.064738227933348,0.00928415166669135,0.0535664111401294
OFF,10,1,PP,63.0957344480193,0.0652575967341965,0.00917227308163471,0.0535664111401294
OFF,10,1,PP,66.8343917568615,0.0657629422061969,0.00903347293573052,0.0535664111401294
OFF,10,1,PP,70.7945784384138,0.0662516256660669,0.00886984922742721,0.0535664111401294
OFF,10,1,PP,74.9894209332456,0.0667213916013647,0.00868377633196029,0.0535664111401294
OFF,10,1,PP,79.4328234724281,0.0671703951973278,0.00847782672074978,0.0535664111401294
OFF,10,1,PP,84.1395141645195,0.0675972125720501,0.00825469250136794,0.0535664111401294
OFF,10,1,PP,89.1250938133746,0.0680008351332583,0.00801711068283965,0.0535664111401294
OFF,10,1,PP,94.4060876285924,0.0683806503037179,0.00776779531380353,0.0535664111401294
OFF,10,1,PP,100,0.0687364113854854,0.00750937874789446,0.0535664111401294
OFF,10,1,CF,0.1,0.0535665995424988,5.96520600412335e-05,0.0535664111401294
OFF,10,1,CF,0.105925372517729,0.0535666225308074,6.31865899058107e-05,0.0535664111401294
OFF,10,1,CF,0.112201845430196,0.0535666483240473,6.6930539334641e-05,0.0535664111401294
OFF,10,1,CF,0.118850222743702,0.0535666772644546,7.08963144843982e-05,0.0535664111401294
OFF,10,1,CF,0.125892541179417,0.05356670973602,7.50970561076732e-05,0.0535664111401294
OFF,10,1,CF,0.133352143216332,0.0535667461695827,7.9546682983433e-05,0.0535664111401294
OFF,10,1,CF,0.141253754462275,0.0535667870485452,8.42599379025993e-05,0.0535664111401294
OFF,10,1,CF,0.149623565609443,0.0535668329152847,8.92524363566965e-05,0.0535664111401294
OFF,10,1,CF,0.158489319246111,0.0535668843783478,9.45407180856408e-05,0.0535664111401294
OFF,10,1,CF,0.167880401812256,0.0535669421205203,0.000100142301649214,0.0535664111401294
OFF,10,1,CF,0.177827941003892,0.0535670069078832,0.000106075742195597,0.0535664111401294
OFF,10,1,CF,0.18836490894898,0.0535670795999708,0.000112360692609529,0.0535664111401294
OFF,10,1,CF,0.199526231496888,0.0535671611611685,0.00011901796823217,0.0535664111401294
OFF,10,1,CF,0.211348903983665,0.0535672526734988,0.000126069615354589,0.0535664111401294
OFF,10,1,CF,0.223872113856834,0.0535673553509664,0.000133538983696948,0.0535664111401294
OFF,10,1,CF,0.237137370566166,0.0535674705556509,0.000141450803095827,0.0535664111401294
OFF,10,1,CF,0.251188643150958,0.0535675998157598,0.000149831264632737,0.0535664111401294
OFF,10,1,CF,0.266072505979881,0.053567744845881,0.000158708106447637,0.0535664111401294
OFF,10,1,CF,0.281838293126445,0.0535679075697017,0.000168110704492014,0.0535664111401294
OFF,10,1,CF,0.298538261891796,0.0535680901454933,0.000178070168486922,0.0535664111401294
OFF,10,1,CF,0.316227766016838,0.0535682949946985,0.000188619443361866,0.0535664111401294
OFF,10,1,CF,0.334965439157828,0.0535685248339967,0.000199793416460746,0.0535664111401294
OFF,10,1,CF,0.354813389233576,0.0535687827112709,0.000211629030810699,0.0535664111401294
OFF,10,1,CF,0.375837404288444,0.0535690720459476,0.000224165404758657,0.0535664111401294
OFF,10,1,CF,0.398107170553497,0.05356939667424,0.000237443958288213,0.0535664111401294
OFF,10,1,CF,0.421696503428582,0.0535697608998885,0.000251508546335791,0.0535664111401294
OFF,10,1,CF,0.446683592150963,0.0535701695510622,0.000266405599429583,0.0535664111401294
OFF,10,1,CF,0.473151258961481,0.0535706280441655,0.000282184271976729,0.0535664111401294
OFF,10,1,CF,0.501187233627272,0.053571142455384,0.000298896598523215,0.0535664111401294
OFF,10,1,CF,0.530884444230988,0.0535717196008998,0.000316597658306015,0.0535664111401294
OFF,10,1,CF,0.562341325190349,0.0535723671268198,0.000335345748407324,0.0535664111401294
OFF,10,1,CF,0.59566214352901,0.0535730936099828,0.000355202565805122,0.0535664111401294
OFF,10,1,CF,0.630957344480193,0.0535739086709481,0.00037623339859143,0.0535664111401294
OFF,10,1,CF,0.668343917568615,0.0535748231006218,0.000398507326597932,0.0535664111401294
OFF,10,1,CF,0.707945784384138,0.0535758490021448,0.000422097431626191,0.0535664111401294
OFF,10,1,CF,0.749894209332456,0.0535769999498592,0.000447081017424232,0.0535664111401294
OFF,10,1,CF,0.794328234724281,0.0535782911673722,0.000473539839480129,0.0535664111401294
OFF,10,1,CF,0.841395141645195,0.0535797397269745,0.000501560344613248,0.0535664111401294
OFF,10,1,CF,0.891250938133745,0.0535813647729201,0.000531233920231134,0.0535664111401294
OFF,10,1,CF,0.944060876285923,0.0535831877713589,0.000562657152980318,0.0535664111401294
OFF,10,1,CF,1,0.0535852327900219,0.000595932096347212,0.0535664111401294
OFF,10,1,CF,1.05925372517729,0.0535875268110973,0.00063116654655467,0.0535664111401294
OFF,10,1,CF,1.12201845430196,0.0535901000811078,0.000668474325843342,0.0535664111401294
OFF,10,1,CF,1.18850222743702,0.0535929865020015,0.000707975571916154,0.0535664111401294
OFF,10,1,CF,1.25892541179417,0.053596224068106,0.000749797031949166,0.0535664111401294
OFF,10,1,CF,1.33352143216332,0.0535998553540661,0.000794072359120913,0.0535664111401294
OFF,10,1,CF,1.41253754462275,0.0536039280593893,0.000840942409071766,0.0535664111401294
OFF,10,1,CF,1.49623565609443,0.0536084956157567,0.000890555533058941,0.0535664111401294
OFF,10,1,CF,1.58489319246111,0.0536136178638199,0.000943067863803569,0.0535664111401294
OFF,10,1,CF,1.67880401812256,0.0536193618067863,0.000998643589112855,0.0535664111401294
OFF,10,1,CF,1.77827941003892,0.0536258024486883,0.00105745520727888,0.0535664111401294
OFF,10,1,CF,1.8836490894898,0.0536330237258295,0.0011196837569792,0.0535664111401294
OFF,10,1,CF,1.99526231496888,0.0536411195404695,0.00118551901290249,0.0535664111401294
OFF,10,1,CF,2.11348903983665,0.0536501949063466,0.00125515963656109,0.0535664111401294
OFF,10,1,CF,2.23872113856834,0.0536603672160891,0.00132881326969407,0.0535664111401294
OFF,10,1,CF,2.37137370566166,0.0536717676409092,0.00140669655526851,0.0535664111401294
OFF,10,1,CF,2.51188643150958,0.0536845426731413,0.00148903506830972,0.0535664111401294
OFF,10,1,CF,2.66072505979881,0.0536988558221154,0.00157606313558751,0.0535664111401294
OFF,10,1,CF,2.81838293126445,0.0537148894734614,0.00166802351951123,0.0535664111401294
OFF,10,1,CF,2.98538261891796,0.0537328469211057,0.00176516693739619,0.0535664111401294
OFF,10,1,CF,3.16227766016838,0.053752954579824,0.00186775138252299,0.0535664111401294
OFF,10,1,CF,3.34965439157828,0.0537754643840719,0.00197604120809114,0.0535664111401294
OFF,10,1,CF,3.54813389233576,0.0538006563757502,0.00209030592926087,0.0535664111401294
OFF,10,1,CF,3.75837404288444,0.0538288414793114,0.00221081869199931,0.0535664111401294
OFF,10,1,CF,3.98107170553497,0.0538603644569082,0.00233785435045548,0.0535664111401294
OFF,10,1,CF,4.21696503428582,0.0538956070287925,0.00247168708719302,0.0535664111401294
OFF,10,1,CF,4.46683592150963,0.0539349911345047,0.00261258750299396,0.0535664111401294
OFF,10,1,CF,4.73151258961481,0.053978982298139,0.00276081909539399,0.0535664111401294
OFF,10,1,CF,5.01187233627272,0.054028093045657,0.00291663403802917,0.0535664111401294
OFF,10,1,CF,5.30884444230988,0.0540828863033832,0.00308026816683941,0.0535664111401294
OFF,10,1,CF,5.62341325190349,0.0541439786839657,0.00325193507496019,0.0535664111401294
OFF,10,1,CF,5.9566214352901,0.0542120435388176,0.0034318192167619,0.0535664111401294
OFF,10,1,CF,6.30957344480193,0.054287813624056,0.00362006792427322,0.0535664111401294
OFF,10,1,CF,6.68343917568615,0.0543720831901331,0.00381678224778584,0.0535664111401294
OFF,10,1,CF,7.07945784384138,0.0544657092639288,0.00402200654876496,0.0535664111401294
OFF,10,1,CF,7.49894209332456,0.0545696118467624,0.0042357167996154,0.0535664111401294
OFF,10,1,CF,7.94328234724281,0.0546847727039461,0.00445780758401474,0.0535664111401294
OFF,10,1,CF,8.41395141645195,0.0548122323734331,0.0046880778462592,0.0535664111401294
OFF,10,1,CF,8.91250938133745,0.0549530849762086,0.00492621551121608,0.0535664111401294
OFF,10,1,CF,9.44060876285924,0.0551084703741407,0.00517178119057057,0.0535664111401294
OFF,10,1,CF,10,0.0552795631984217,0.0054241913078543,0.0535664111401294
OFF,10,1,CF,10.5925372517729,0.0554675582715729,0.0056827011146122,0.0535664111401294
OFF,10,1,CF,11.2201845430196,0.0556736519779075,0.00594638823116575,0.0535664111401294
OFF,10,1,CF,11.8850222743702,0.0558990192122413,0.00621413752279424,0.0535664111401294
OFF,10,1,CF,12.5892541179417,0.0561447856658169,0.0064846283066697,0.0535664111401294
OFF,10,1,CF,13.3352143216332,0.0564119954022759,0.00675632506238657,0.0535664111401294
OFF,10,1,CF,14.1253754462275,0.0567015739426919,0.00702747296962155,0.0535664111401294
OFF,10,1,CF,14.9623565609443,0.0570142874194535,0.00729609969493977,0.0535664111401294
OFF,10,1,CF,15.8489319246111,0.0573506987682404,0.0075600248660736,0.0535664111401294
OFF,10,1,CF,16.7880401812256,0.0577111223883045,0.00781687857404772,0.0535664111401294
OFF,10,1,CF,17.7827941003892,0.058095579182979,0.00806413000111921,0.0535664111401294
OFF,10,1,CF,18.836490894898,0.058503754349336,0.00829912686301778,0.0535664111401294
OFF,10,1,CF,19.9526231496888,0.0589349606593867,0.00851914576917654,0.0535664111401294
OFF,10,1,CF,21.1348903983665,0.059388110197542,0.00872145285774194,0.0535664111401294
OFF,10,1,CF,22.3872113856834,0.0598616975219003,0.00890337319346485,0.0535664111401294
OFF,10,1,CF,23.7137370566166,0.0603537969428543,0.00906236649595145,0.0535664111401294
OFF,10,1,CF,25.1188643150958,0.0608620760282143,0.00919610588978262,0.0535664111401294
OFF,10,1,CF,26.6072505979881,0.0613838265532902,0.00930255565078775,0.0535664111401294
OFF,10,1,CF,28.1838293126445,0.0619160129667269,0.00938004348027286,0.0535664111401294
OFF,10,1,CF,29.8538261891796,0.0624553371353852,0.00942732276902692,0.0535664111401294
OFF,10,1,CF,31.6227766016838,0.0629983168006637,0.00944362067416152,0.0535664111401294
OFF,10,1,CF,33.4965439157828,0.0635413739824999,0.00942866862718069,0.0535664111401294
OFF,10,1,CF,35.4813389233575,0.0640809286605672,0.0093827130605424,0.0535664111401294
OFF,10,1,CF,37.5837404288444,0.0646134925687292,0.00930650556277875,0.0535664111401294
OFF,10,1,CF,39.8107170553497,0.0651357579281337,0.00920127318740991,0.0535664111401294
OFF,10,1,CF,42.1696503428582,0.0656446764179348,0.00906867107122488,0.0535664111401294
OFF,10,1,CF,44.6683592150963,0.0661375245737715,0.00891072070016224,0.0535664111401294
OFF,10,1,CF,47.315125896148,0.0666119529908708,0.00872973797418402,0.0535664111401294
OFF,10,1,CF,50.1187233627273,0.0670660180370589,0.00852825560287214,0.0535664111401294
OFF,10,1,CF,53.0884444230988,0.0674981960925302,0.00830894431123872,0.0535664111401294
OFF,10,1,CF,56.2341325190349,0.0679073814900843,0.00807453690701215,0.0535664111401294
OFF,10,1,CF,59.566214352901,0.0682928702327533,0.00782775855294946,0.0535664111401294
OFF,10,1,CF,63.0957344480193,0.0686543321636294,0.00757126571617084,0.0535664111401294
OFF,10,1,CF,66.8343917568615,0.0689917745497013,0.00730759534565377,0.0535664111401294
OFF,10,1,CF,70.7945784384138,0.0693055000495326,0.00703912495644651,0.0535664111401294
OFF,10,1,CF,74.9894209332456,0.0695960618203893,0.00676804354596477,0.0535664111401294
OFF,10,1,CF,79.4328234724281,0.0698642181520281,0.00649633267549957,0.0535664111401294
OFF,10,1,CF,84.1395141645195,0.0701108885596664,0.00622575663305973,0.0535664111401294
OFF,10,1,CF,89.1250938133746,0.0703371127869694,0.00595786034445108,0.0535664111401294
OFF,10,1,CF,94.4060876285924,0.0705440137072811,0.00569397359590251,0.0535664111401294
OFF,10,1,CF,100,0.070732764699213,0.00543522014359637,0.0535664111401294
V4,7,-1,PP,0.1,0.0530806532711676,5.44156264456471e-05,0.0530805398248293
V4,7,-1,PP,0.105925372517729,0.0530806671136469,5.76399244514426e-05,0.0530805398248293
V4,7,-1,PP,0.112201845430196,0.0530806826451467,6.1055268362886e-05,0.0530805398248293
V4,7,-1,PP,0.118850222743702,0.0530807000717541,6.46729772753786e-05,0.0530805398248293
V4,7,-1,PP,0.125892541179417,0.0530807196247015,6.8505040778145e-05,0.0530805398248293
V4,7,-1,PP,0.133352143216332,0.0530807415634344,7.25641586448975e-05,0.0530805398248293
V4,7,-1,PP,0.141253754462275,0.0530807661790537,7.68637828690442e-05,0.0530805398248293
V4,7,-1,PP,0.149623565609443,0.0530807937981775,8.14181621809953e-05,0.0530805398248293
V4,7,-1,PP,0.158489319246111,0.0530808247872746,8.62423891930102e-05,0.0530805398248293
V4,7,-1,PP,0.167880401812256,0.0530808595575258,9.13524503253414e-05,0.0530805398248293
V4,7,-1,PP,0.177827941003892,0.053080898570279,9.67652786761744e-05,0.0530805398248293
V4,7,-1,PP,0.18836490894898,0.0530809423431692,0.000102498810007062,0.0530805398248293
V4,7,-1,PP,0.199526231496888,0.053080991456985,0.000108572042025203,0.0530805398248293
V4,7,-1,PP,0.211348903983665,0.0530810465633727,0.000115005097154059,0.0530805398248293
V4,7,-1,PP,0.223872113856834,0.0530811083934795,0.000121819288994402,0.0530805398248293
V4,7,-1,PP,0.237137370566166,0.0530811777676518,0.000129037192689033,0.0530805398248293
V4,7,-1,PP,0.251188643150958,0.0530812556063143,0.000136682719415961,0.0530805398248293
V4,7,-1,PP,0.266072505979881,0.0530813429421773,0.000144781195247,0.0530805398248293
V4,7,-1,PP,0.281838293126445,0.0530814409339316,0.000153359444621262,0.0530805398248293
V4,7,-1,PP,0.298538261891796,0.0530815508816123,0.000162445878696135,0.0530805398248293
V4,7,-1,PP,0.316227766016838,0.0530816742438363,0.000172070588851824,0.0530805398248293
V4,7,-1,PP,0.334965439157828,0.0530818126571399,0.000182265445639433,0.0530805398248293
V4,7,-1,PP,0.354813389233576,0.0530819679576733,0.000193064203476916,0.0530805398248293
V4,7,-1,PP,0.375837404288444,0.0530821422055375,0.000204502611411746,0.0530805398248293
V4,7,-1,PP,0.398107170553497,0.0530823377120869,0.000216618530284023,0.0530805398248293
V4,7,-1,PP,0.421696503428582,0.0530825570705565,0.000229452056638615,0.0530805398248293
V4,7,-1,PP,0.446683592150963,0.0530828031904179,0.000243045653749859,0.0530805398248293
V4,7,-1,PP,0.473151258961481,0.0530830793359182,0.000257444290137005,0.0530805398248293
V4,7,-1,PP,0.501187233627272,0.0530833891693091,0.000272695585962882,0.0530805398248293
V4,7,-1,PP,0.530884444230988,0.0530837367993339,0.000288849967721858,0.0530805398248293
V4,7,-1,PP,0.562341325190349,0.0530841268356122,0.000305960831635733,0.0530805398248293
V4,7,-1,PP,0.59566214352901,0.0530845644496358,0.000324084716187423,0.0530805398248293
V4,7,-1,PP,0.630957344480193,0.0530850554431748,0.000343281484231518,0.0530805398248293
V4,7,-1,PP,0.668343917568615,0.0530856063249928,0.000363614515127678,0.0530805398248293
V4,7,-1,PP,0.707945784384138,0.0530862243968719,0.000385150907346364,0.0530805398248293
V4,7,-1,PP,0.749894209332456,0.0530869178500732,0.000407961691996032,0.0530805398248293
V4,7,-1,PP,0.794328234724281,0.0530876958734884,0.00043212205771533,0.0530805398248293
V4,7,-1,PP,0.841395141645195,0.0530885687748891,0.000457711587362027,0.0530805398248293
V4,7,-1,PP,0.891250938133745,0.0530895481168473,0.000484814506910711,0.0530805398248293
V4,7,-1,PP,0.944060876285923,0.053090646869084,0.000513519946942048,0.0530805398248293
V4,7,-1,PP,1,0.0530918795792115,0.000543922217065424,0.0530805398248293
V4,7,-1,PP,1.05925372517729,0.0530932625640612,0.000576121093561577,0.0530805398248293
V4,7,-1,PP,1.12201845430196,0.0530948141240474,0.000610222120459385,0.0530805398248293
V4,7,-1,PP,1.18850222743702,0.0530965547832948,0.000646336924167681,0.0530805398248293
V4,7,-1,PP,1.25892541179417,0.0530985075585752,0.000684583541664634,0.0530805398248293
V4,7,-1,PP,1.33352143216332,0.0531006982604402,0.000725086762098805,0.0530805398248293
V4,7,-1,PP,1.41253754462275,0.0531031558303192,0.000767978481471536,0.0530805398248293
V4,7,-1,PP,1.49623565609443,0.0531059127177712,0.000813398069842844,0.0530805398248293
V4,7,-1,PP,1.58489319246111,0.0531090053025381,0.000861492750224208,0.0530805398248293
V4,7,-1,PP,1.67880401812256,0.0531124743665491,0.000912417987981883,0.0530805398248293
V4,7,-1,PP,1.77827941003892,0.0531163656215746,0.000966337889162132,0.0530805398248293
V4,7,-1,PP,1.8836490894898,0.0531207302988208,0.00102342560565191,0.0530805398248293
V4,7,-1,PP,1.99526231496888,0.0531256258073967,0.00108386374448923,0.0530805398248293
V4,7,-1,PP,2.11348903983665,0.053131116469271,0.0011478447779188,0.0530805398248293
V4,7,-1,PP,2.23872113856834,0.0531372743390673,0.00121557144992926,0.0530805398248293
V4,7,-1,PP,2.37137370566166,0.053144180117814,0.00128725717398463,0.0530805398248293
V4,7,-1,PP,2.51188643150958,0.0531519241705633,0.00136312641544553,0.0530805398248293
V4,7,-1,PP,2.66072505979881,0.0531606076586168,0.00144341505073487,0.0530805398248293
V4,7,-1,PP,2.81838293126445,0.053170343797913,0.00152837069359979,0.0530805398248293
V4,7,-1,PP,2.98538261891796,0.0531812592559379,0.0016182529768175,0.0530805398248293
V4,7,-1,PP,3.16227766016838,0.0531934957002677,0.00171333377533994,0.0530805398248293
V4,7,-1,PP,3.34965439157828,0.0532072115125118,0.00181389735412098,0.0530805398248293
V4,7,-1,PP,3.54813389233576,0.0532225836819352,0.00192024042066451,0.0530805398248293
V4,7,-1,PP,3.75837404288444,0.0532398098933282,0.00203267205861299,0.0530805398248293
V4,7,-1,PP,3.98107170553497,0.0532591108236779,0.00215151351440149,0.0530805398248293
V4,7,-1,PP,4.21696503428582,0.0532807326617553,0.00227709780406971,0.0530805398248293
V4,7,-1,PP,4.46683592150963,0.0533049498637259,0.00240976910169289,0.0530805398248293
V4,7,-1,PP,4.73151258961481,0.0533320681561434,0.00254988186450837,0.0530805398248293
V4,7,-1,PP,5.01187233627272,0.0533624277949742,0.00269779964263717,0.0530805398248293
V4,7,-1,PP,5.30884444230988,0.0533964070853607,0.00285389351331084,0.0530805398248293
V4,7,-1,PP,5.62341325190349,0.053434426161346,0.00301854007072747,0.0530805398248293
V4,7,-1,PP,5.9566214352901,0.053476951017367,0.00319211889314205,0.0530805398248293
V4,7,-1,PP,6.30957344480193,0.0535244977735422,0.00337500939867882,0.0530805398248293
V4,7,-1,PP,6.68343917568615,0.0535776371441193,0.00356758699086696,0.0530805398248293
V4,7,-1,PP,7.07945784384138,0.0536369990623302,0.00377021838440341,0.0530805398248293
V4,7,-1,PP,7.49894209332456,0.0537032773947143,0.00398325599166231,0.0530805398248293
V4,7,-1,PP,7.94328234724281,0.0537772346530376,0.00420703124173911,0.0530805398248293
V4,7,-1,PP,8.41395141645195,0.0538597065816094,0.00444184669734456,0.0530805398248293
V4,7,-1,PP,8.91250938133745,0.0539516064614769,0.00468796683198142,0.0530805398248293
V4,7,-1,PP,9.44060876285924,0.0540539289301876,0.00494560733226304,0.0530805398248293
V4,7,-1,PP,10,0.0541677530663576,0.00521492280012341,0.0530805398248293
V4,7,-1,PP,10.5925372517729,0.0542942444323514,0.00549599274965934,0.0530805398248293
V4,7,-1,PP,11.2201845430196,0.0544346557067919,0.00578880582655773,0.0530805398248293
V4,7,-1,PP,11.8850222743702,0.0545903254730537,0.00609324222805639,0.0530805398248293
V4,7,-1,PP,12.5892541179417,0.0547626746631887,0.00640905437204612,0.0530805398248293
V4,7,-1,PP,13.3352143216332,0.0549532000932456,0.00673584595919878,0.0530805398248293
V4,7,-1,PP,14.1253754462275,0.055163464471862,0.0070730496955389,0.0530805398248293
V4,7,-1,PP,14.9623565609443,0.0553950822276541,0.00741990409739266,0.0530805398248293
V4,7,-1,PP,15.8489319246111,0.055649700492966,0.00777542998715195,0.0530805398248293
V4,7,-1,PP,16.7880401812256,0.0559289746148585,0.00813840750500516,0.0530805398248293
V4,7,-1,PP,17.7827941003892,0.0562345376535848,0.00850735470289156,0.0530805398248293
V4,7,-1,PP,18.836490894898,0.0565679634898304,0.00888050904119138,0.0530805398248293
V4,7,-1,PP,19.9526231496888,0.056930723409551,0.00925581335809695,0.0530805398248293
V4,7,-1,PP,21.1348903983665,0.0573241363809465,0.00963090810057116,0.0530805398248293
V4,7,-1,PP,22.3872113856834,0.057749313687037,0.0100031317607861,0.0530805398248293
V4,7,-1,PP,23.7137370566166,0.0582070991240849,0.0103695315126965,0.0530805398248293
V4,7,-1,PP,25.1188643150958,0.0586980066006941,0.0107268859458314,0.0530805398248293
V4,7,-1,PP,26.6072505979881,0.0592221576365477,0.0110717415046118,0.0530805398248293
V4,7,-1,PP,28.1838293126445,0.0597792219049679,0.0114004637272328,0.0530805398248293
V4,7,-1,PP,29.8538261891796,0.0603683645121284,0.0117093036218826,0.0530805398248293
V4,7,-1,PP,31.6227766016838,0.0609882040662283,0.0119944785308921,0.0530805398248293
V4,7,-1,PP,33.4965439157828,0.0616367856668242,0.012252265662478,0.0530805398248293
V4,7,-1,PP,35.4813389233575,0.0623115726536535,0.0124791052028191,0.0530805398248293
V4,7,-1,PP,37.5837404288444,0.0630094602408797,0.0126717086845713,0.0530805398248293
V4,7,-1,PP,39.8107170553497,0.0637268130195828,0.0128271672355611,0.0530805398248293
V4,7,-1,PP,42.1696503428582,0.0644595267927678,0.0129430536252429,0.0530805398248293
V4,7,-1,PP,44.6683592150963,0.0652031134335539,0.0130175118096019,0.0530805398248293
V4,7,-1,PP,47.315125896148,0.0659528056070266,0.013049328042559,0.0530805398248293
V4,7,-1,PP,50.1187233627273,0.0667036764841989,0.0130379785956655,0.0530805398248293
V4,7,-1,PP,53.0884444230988,0.0674507682206918,0.0129836506432325,0.0530805398248293
V4,7,-1,PP,56.2341325190349,0.0681892221564925,0.0128872347779551,0.0530805398248293
V4,7,-1,PP,59.566214352901,0.0689144035308959,0.0127502897090292,0.0530805398248293
V4,7,-1,PP,63.0957344480193,0.06962201402157,0.0125749817170415,0.0530805398248293
V4,7,-1,PP,66.8343917568615,0.0703081865357475,0.0123640031647945,0.0530805398248293
V4,7,-1,PP,70.7945784384138,0.0709695582504584,0.0121204756075476,0.0530805398248293
V4,7,-1,PP,74.9894209332456,0.0716033197111711,0.011847843703751,0.0530805398248293
V4,7,-1,PP,79.4328234724281,0.0722072396332998,0.0115497661799127,0.0530805398248293
V4,7,-1,PP,84.1395141645195,0.0727796667095695,0.0112300096137499,0.0530805398248293
V4,7,-1,PP,89.1250938133746,0.0733195110583879,0.0108923498920246,0.0530805398248293
V4,7,-1,PP,94.4060876285924,0.0738262088683619,0.0105404850300469,0.0530805398248293
V4,7,-1,PP,100,0.0742996742812177,0.0101779617694823,0.0530805398248293
V4,7,-1,CF,0.1,0.0530808171226313,8.50746639505868e-05,0.0530805398248293
V4,7,-1,CF,0.105925372517729,0.0530808509576772,9.01155378890076e-05,0.0530805398248293
V4,7,-1,CF,0.112201845430196,0.0530808889211186,9.54550803661961e-05,0.0530805398248293
V4,7,-1,CF,0.118850222743702,0.053080931516669,0.000101110984454932,0.0530805398248293
V4,7,-1,CF,0.125892541179417,0.0530809793094971,0.000107101990826086,0.0530805398248293
V4,7,-1,CF,0.133352143216332,0.0530810329337238,0.000113447949675245,0.0530805398248293
V4,7,-1,CF,0.141253754462275,0.0530810931008335,0.000120169886290923,0.0530805398248293
V4,7,-1,CF,0.149623565609443,0.0530811606091107,0.000127290070474904,0.0530805398248293
V4,7,-1,CF,0.158489319246111,0.0530812363542278,0.00013483209003675,0.0530805398248293
V4,7,-1,CF,0.167880401812256,0.0530813213411236,0.000142820928596471,0.0530805398248293
V4,7,-1,CF,0.177827941003892,0.0530814166973303,0.000151283047941854,0.0530805398248293
V4,7,-1,CF,0.18836490894898,0.0530815236879244,0.000160246475199894,0.0530805398248293
V4,7,-1,CF,0.199526231496888,0.0530816437323012,0.000169740895095139,0.0530805398248293
V4,7,-1,CF,0.211348903983665,0.0530817784229927,0.000179797747581644,0.0530805398248293
V4,7,-1,CF,0.223872113856834,0.0530819295467792,0.000190450331149403,0.0530805398248293
V4,7,-1,CF,0.237137370566166,0.0530820991083732,0.000201733912120656,0.0530805398248293
V4,7,-1,CF,0.251188643150958,0.053082289356988,0.000213685840266251,0.0530805398248293
V4,7,-1,CF,0.266072505979881,0.0530825028161429,0.000226345671087147,0.0530805398248293
V4,7,-1,CF,0.281838293126445,0.0530827423170972,0.000239755295121027,0.0530805398248293
V4,7,-1,CF,0.298538261891796,0.0530830110363551,0.000253959074648793,0.0530805398248293
V4,7,-1,CF,0.316227766016838,0.0530833125377339,0.000269003988190074,0.0530805398248293
V4,7,-1,CF,0.334965439157828,0.053083650819552,0.000284939783190672,0.0530805398248293
V4,7,-1,CF,0.354813389233576,0.053084030367555,0.000301819137317737,0.0530805398248293
V4,7,-1,CF,0.375837404288444,0.0530844562142765,0.000319697828789997,0.0530805398248293
V4,7,-1,CF,0.398107170553497,0.0530849340056124,0.000338634916180173,0.0530805398248293
V4,7,-1,CF,0.421696503428582,0.0530854700754818,0.00035869292813415,0.0530805398248293
V4,7,-1,CF,0.446683592150963,0.0530860715295503,0.000379938063455901,0.0530805398248293
V4,7,-1,CF,0.473151258961481,0.0530867463391105,0.000402440402007807,0.0530805398248293
V4,7,-1,CF,0.501187233627272,0.053087503446344,0.000426274126871746,0.0530805398248293
V4,7,-1,CF,0.530884444230988,0.0530883528823326,0.000451517758206127,0.0530805398248293
V4,7,-1,CF,0.562341325190349,0.0530893058993534,0.000478254399216376,0.0530805398248293
V4,7,-1,CF,0.59566214352901,0.0530903751191667,0.000506571994629538,0.0530805398248293
V4,7,-1,CF,0.630957344480193,0.0530915746992131,0.000536563602025741,0.0530805398248293
V4,7,-1,CF,0.668343917568615,0.0530929205188548,0.000568327676327613,0.0530805398248293
V4,7,-1,CF,0.707945784384138,0.0530944303880481,0.000601968367680729,0.0530805398248293
V4,7,-1,CF,0.749894209332456,0.0530961242811065,0.00063759583287014,0.0530805398248293
V4,7,-1,CF,0.794328234724281,0.0530980245985219,0.000675326560306074,0.0530805398248293
V4,7,-1,CF,0.841395141645195,0.0531001564601466,0.00071528370847108,0.0530805398248293
V4,7,-1,CF,0.891250938133745,0.0531025480334115,0.000757597457545567,0.0530805398248293
V4,7,-1,CF,0.944060876285923,0.0531052309006664,0.000802405373712091,0.0530805398248293
V4,7,-1,CF,1,0.0531082404701767,0.00084985278537293,0.0530805398248293
V4,7,-1,CF,1.05925372517729,0.0531116164358048,0.000900093170191118,0.0530805398248293
V4,7,-1,CF,1.12201845430196,0.0531154032909388,0.000953288551471201,0.0530805398248293
V4,7,-1,CF,1.18850222743702,0.0531196509028162,0.00100960990191967,0.0530805398248293
V4,7,-1,CF,1.25892541179417,0.0531244151540176,0.00106923755225129,0.0530805398248293
V4,7,-1,CF,1.33352143216332,0.0531297586585829,0.00113236160141906,0.0530805398248293
V4,7,-1,CF,1.41253754462275,0.0531357515609193,0.00119918232442139,0.0530805398248293
V4,7,-1,CF,1.49623565609443,0.0531424724264347,0.00126991057265802,0.0530805398248293
V4,7,-1,CF,1.58489319246111,0.0531500092336182,0.00134476816063748,0.0530805398248293
V4,7,-1,CF,1.67880401812256,0.0531584604781099,0.00142398823145407,0.0530805398248293
V4,7,-1,CF,1.77827941003892,0.0531679364001221,0.00150781559181531,0.0530805398248293
V4,7,-1,CF,1.8836490894898,0.0531785603473864,0.00159650700547164,0.0530805398248293
V4,7,-1,CF,1.99526231496888,0.0531904702865634,0.00169033143163471,0.0530805398248293
V4,7,-1,CF,2.11348903983665,0.0532038204767415,0.00178957019231818,0.0530805398248293
V4,7,-1,CF,2.23872113856834,0.0532187833191949,0.00189451704944302,0.0530805398248293
V4,7,-1,CF,2.37137370566166,0.0532355513979295,0.00200547816895679,0.0530805398248293
V4,7,-1,CF,2.51188643150958,0.0532543397256043,0.00212277194506478,0.0530805398248293
V4,7,-1,CF,2.66072505979881,0.0532753882090933,0.00224672865289433,0.0530805398248293
V4,7,-1,CF,2.81838293126445,0.0532989643480939,0.00237768989245325,0.0530805398248293
V4,7,-1,CF,2.98538261891796,0.0533253661786328,0.00251600778054153,0.0530805398248293
V4,7,-1,CF,3.16227766016838,0.0533549254708607,0.00266204384028843,0.0530805398248293
V4,7,-1,CF,3.34965439157828,0.0533880111869032,0.00281616753019081,0.0530805398248293
V4,7,-1,CF,3.54813389233576,0.0534250331994479,0.00297875434592674,0.0530805398248293
V4,7,-1,CF,3.75837404288444,0.0534664462648287,0.00315018341886439,0.0530805398248293
V4,7,-1,CF,3.98107170553497,0.05351275423519,0.00333083452519381,0.0530805398248293
V4,7,-1,CF,4.21696503428582,0.0535645144823818,0.00352108440918302,0.0530805398248293
V4,7,-1,CF,4.46683592150963,0.0536223424909984,0.00372130231352453,0.0530805398248293
V4,7,-1,CF,4.73151258961481,0.0536869165588028,0.0039318445995749,0.0530805398248293
V4,7,-1,CF,5.01187233627272,0.0537589825190334,0.00415304833118124,0.0530805398248293
V4,7,-1,CF,5.30884444230988,0.0538393583700995,0.00438522368867403,0.0530805398248293
V4,7,-1,CF,5.62341325190349,0.0539289386633148,0.00462864507573269,0.0530805398248293
V4,7,-1,CF,5.9566214352901,0.0540286984580966,0.00488354078282202,0.0530805398248293
V4,7,-1,CF,6.30957344480193,0.0541396966061776,0.00515008107880011,0.0530805398248293
V4,7,-1,CF,6.68343917568615,0.0542630780719385,0.00542836461963341,0.0530805398248293
V4,7,-1,CF,7.07945784384138,0.0544000749356037,0.00571840309292869,0.0530805398248293
V4,7,-1,CF,7.49894209332456,0.0545520056612114,0.00602010406267085,0.0530805398248293
V4,7,-1,CF,7.94328234724281,0.0547202721445038,0.00633325204396108,0.0530805398248293
V4,7,-1,CF,8.41395141645195,0.0549063539911491,0.00665748792664831,0.0530805398248293
V4,7,-1,CF,8.91250938133745,0.0551117994187263,0.00699228698329565,0.0530805398248293
V4,7,-1,CF,9.44060876285924,0.055338212134479,0.00733693584393178,0.0530805398248293
V4,7,-1,CF,10,0.055587233525069,0.00769050899900304,0.0530805398248293
V4,7,-1,CF,10.5925372517729,0.0558605195168292,0.00805184560185437,0.0530805398248293
V4,7,-1,CF,11.2201845430196,0.0561597115397051,0.00841952757818724,0.0530805398248293
V4,7,-1,CF,11.8850222743702,0.0564864011707286,0.0087918603024372,0.0530805398248293
V4,7,-1,CF,12.5892541179417,0.0568420882587139,0.00916685735361111,0.0530805398248293
V4,7,-1,CF,13.3352143216332,0.0572281326535583,0.00954223109204347,0.0530805398248293
V4,7,-1,CF,14.1253754462275,0.0576457000880464,0.00991539097208727,0.0530805398248293
V4,7,-1,CF,14.9623565609443,0.0580957032848518,0.0102834515851087,0.0530805398248293
V4,7,-1,CF,15.8489319246111,0.0585787399703262,0.0106432523687386,0.0530805398248293
V4,7,-1,CF,16.7880401812256,0.0590950301359487,0.0109913906783974,0.0530805398248293
V4,7,-1,CF,17.7827941003892,0.0596443555443632,0.0113242694585616,0.0530805398248293
V4,7,-1,CF,18.836490894898,0.060226005056338,0.0116381600524678,0.0530805398248293
V4,7,-1,CF,19.9526231496888,0.060838729768719,0.0119292797536527,0.0530805398248293
V4,7,-1,CF,21.1348903983665,0.0614807121058037,0.0121938825689179,0.0530805398248293
V4,7,-1,CF,22.3872113856834,0.0621495528091528,0.0124283604080363,0.0530805398248293
V4,7,-1,CF,23.7137370566166,0.0628422791602205,0.0126293506585601,0.0530805398248293
V4,7,-1,CF,25.1188643150958,0.0635553767263837,0.0127938449933504,0.0530805398248293
V4,7,-1,CF,26.6072505979881,0.064284845482872,0.0129192934561874,0.0530805398248293
V4,7,-1,CF,28.1838293126445,0.0650262794356714,0.0130036975272086,0.0530805398248293
V4,7,-1,CF,29.8538261891796,0.0657749670198933,0.0130456860938809,0.0530805398248293
V4,7,-1,CF,31.6227766016838,0.0665260077831591,0.0130445690858658,0.0530805398248293
V4,7,-1,CF,33.4965439157828,0.0672744394048704,0.0130003649297567,0.0530805398248293
V4,7,-1,CF,35.4813389233575,0.0680153681448015,0.0129137998119826,0.0530805398248293
V4,7,-1,CF,37.5837404288444,0.0687440954916142,0.0127862788042709,0.0530805398248293
V4,7,-1,CF,39.8107170553497,0.06945623413948,0.0126198309657788,0.0530805398248293
V4,7,-1,CF,42.1696503428582,0.0701478074082781,0.0124170323502765,0.0530805398248293
V4,7,-1,CF,44.6683592150963,0.0708153277025005,0.0121809122176671,0.0530805398248293
V4,7,-1,CF,47.315125896148,0.0714558513788316,0.011914848550615,0.0530805398248293
V4,7,-1,CF,50.1187233627273,0.0720670092414403,0.0116224591699938,0.0530805398248293
V4,7,-1,CF,53.0884444230988,0.0726470136000972,0.0113074943723963,0.0530805398248293
V4,7,-1,CF,56.2341325190349,0.0731946442459305,0.0109737361908344,0.0530805398248293
V4,7,-1,CF,59.566214352901,0.0737092167214366,0.0106249082575027,0.0530805398248293
V4,7,-1,CF,63.0957344480193,0.0741905368497027,0.0102645989872181,0.0530805398248293
V4,7,-1,CF,66.8343917568615,0.0746388456652792,0.00989619954953813,0.0530805398248293
V4,7,-1,CF,70.7945784384138,0.0750547587209712,0.00952285697245638,0.0530805398248293
V4,7,-1,CF,74.9894209332456,0.0754392033201799,0.00914744179689515,0.0530805398248293
V4,7,-1,CF,79.4328234724281,0.0757933566389775,0.00877252901503277,0.0530805398248293
V4,7,-1,CF,84.1395141645195,0.0761185870442417,0.0084003905789568,0.0530805398248293
V4,7,-1,CF,89.1250938133746,0.0764164002563532,0.00803299753658264,0.0530805398248293
V4,7,-1,CF,94.4060876285924,0.0766883913997587,0.00767202980157893,0.0530805398248293
V4,7,-1,CF,100,0.0769362034648179,0.00731889164930597,0.0530805398248293
V4,7,0,PP,0.1,0.0530806521316284,5.33600536669569e-05,0.0530805398248293
V4,7,0,PP,0.105925372517729,0.0530806658350624,5.65218050718223e-05,0.0530805398248293
V4,7,0,PP,0.112201845430196,0.0530806812105505,5.98708962667032e-05,0.0530805398248293
V4,7,0,PP,0.118850222743702,0.0530806984621097,6.34184267464977e-05,0.0530805398248293
V4,7,0,PP,0.125892541179417,0.0530807178186496,6.71761534879035e-05,0.0530805398248293
V4,7,0,PP,0.133352143216332,0.0530807395370093,7.11565298690935e-05,0.0530805398248293
V4,7,0,PP,0.141253754462275,0.0530807639053654,7.53727468882572e-05,0.0530805398248293
V4,7,0,PP,0.149623565609443,0.0530807912470549,7.98387768158547e-05,0.0530805398248293
V4,7,0,PP,0.158489319246111,0.0530808219248649,8.45694194231599e-05,0.0530805398248293
V4,7,0,PP,0.167880401812256,0.0530808563458455,8.95803509378138e-05,0.0530805398248293
V4,7,0,PP,0.177827941003892,0.0530808949667097,9.48881758856706e-05,0.0530805398248293
V4,7,0,PP,0.18836490894898,0.0530809382998919,0.000100510481987232,0.0530805398248293
V4,7,0,PP,0.199526231496888,0.0530809869203457,0.000106465898286408,0.0530805398248293
V4,7,0,PP,0.211348903983665,0.0530810414731701,0.000112774156699286,0.0530805398248293
V4,7,0,PP,0.223872113856834,0.0530811026821663,0.000119456157180942,0.0530805398248293
V4,7,0,PP,0.237137370566166,0.0530811713594378,0.000126534036719261,0.0530805398248293
V4,7,0,PP,0.251188643150958,0.0530812484161608,0.000134031242376011,0.0530805398248293
V4,7,0,PP,0.266072505979881,0.0530813348746685,0.00014197260860732,0.0530805398248293
V4,7,0,PP,0.281838293126445,0.0530814318820076,0.000150384439107945,0.0530805398248293
V4,7,0,PP,0.298538261891796,0.0530815407251484,0.000159294593436537,0.0530805398248293
V4,7,0,PP,0.316227766016838,0.0530816628480486,0.000168732578692253,0.0530805398248293
V4,7,0,PP,0.334965439157828,0.0530817998707955,0.000178729646526672,0.0530805398248293
V4,7,0,PP,0.354813389233576,0.053081953611083,0.000189318895788909,0.0530805398248293
V4,7,0,PP,0.375837404288444,0.0530821261083029,0.000200535381116031,0.0530805398248293
V4,7,0,PP,0.398107170553497,0.0530823196505724,0.000212416227795282,0.0530805398248293
V4,7,0,PP,0.421696503428582,0.0530825368050525,0.000225000753239148,0.0530805398248293
V4,7,0,PP,0.446683592150963,0.0530827804519579,0.000238330595428694,0.0530805398248293
V4,7,0,PP,0.473151258961481,0.0530830538227066,0.000252449848694889,0.0530805398248293
V4,7,0,PP,0.501187233627272,0.0530833605427129,0.000267405207221336,0.0530805398248293
V4,7,0,PP,0.530884444230988,0.0530837046793845,0.00028324611666496,0.0530805398248293
V4,7,0,PP,0.562341325190349,0.0530840907959578,0.000300024934303172,0.0530805398248293
V4,7,0,PP,0.59566214352901,0.053084524011876,0.000317797098126685,0.0530805398248293
V4,7,0,PP,0.630957344480193,0.0530850100705039,0.000336621305305756,0.0530805398248293
V4,7,0,PP,0.668343917568615,0.0530855554150642,0.00035655970046382,0.0530805398248293
V4,7,0,PP,0.707945784384138,0.0530861672737911,0.000377678074195403,0.0530805398248293
V4,7,0,PP,0.749894209332456,0.0530868537554102,0.000400046072263997,0.0530805398248293
V4,7,0,PP,0.794328234724281,0.0530876239561903,0.000423737415909332,0.0530805398248293
V4,7,0,PP,0.841395141645195,0.0530884880799576,0.000448830133680775,0.0530805398248293
V4,7,0,PP,0.891250938133745,0.0530894575726295,0.000475406805193115,0.0530805398248293
V4,7,0,PP,0.944060876285923,0.0530905452730054,0.000503554817170828,0.0530805398248293
V4,7,0,PP,1,0.0530917655817597,0.000533366632105012,0.0530805398248293
V4,7,0,PP,1.05925372517729,0.0530931346508051,0.000564940069791041,0.0530805398248293
V4,7,0,PP,1.12201845430196,0.053094670595448,0.000598378601941493,0.0530805398248293
V4,7,0,PP,1.18850222743702,0.0530963937320371,0.000633791659974621,0.0530805398248293
V4,7,0,PP,1.25892541179417,0.0530983268441119,0.000671294955959196,0.0530805398248293
V4,7,0,PP,1.33352143216332,0.0531004954804029,0.000711010816547038,0.0530805398248293
V4,7,0,PP,1.41253754462275,0.0531029282884081,0.000753068529539026,0.0530805398248293
V4,7,0,PP,1.49623565609443,0.053105657387685,0.000797604702501717,0.0530805398248293
V4,7,0,PP,1.58489319246111,0.0531087187874493,0.000844763632571903,0.0530805398248293
V4,7,0,PP,1.67880401812256,0.0531121528535689,0.000894697686245566,0.0530805398248293
V4,7,0,PP,1.77827941003892,0.0531160048305792,0.000947567687534525,0.0530805398248293
V4,7,0,PP,1.8836490894898,0.0531203254249292,0.00100354331237533,0.0530805398248293
V4,7,0,PP,1.99526231496888,0.0531251714562995,0.00106280348657499,0.0530805398248293
V4,7,0,PP,2.11348903983665,0.0531306065845055,0.00112553678385903,0.0530805398248293
V4,7,0,PP,2.23872113856834,0.0531367021202147,0.00119194181972819,0.0530805398248293
V4,7,0,PP,2.37137370566166,0.0531435379284597,0.00126222763580656,0.0530805398248293
V4,7,0,PP,2.51188643150958,0.0531512034347086,0.00133661406814831,0.0530805398248293
V4,7,0,PP,2.66072505979881,0.0531597987440523,0.00141533209153112,0.0530805398248293
V4,7,0,PP,2.81838293126445,0.0531694358848656,0.00149862413006499,0.0530805398248293
V4,7,0,PP,2.98538261891796,0.0531802401890721,0.00158674432244557,0.0530805398248293
V4,7,0,PP,3.16227766016838,0.0531923518218597,0.0016799587278359,0.0530805398248293
V4,7,0,PP,3.34965439157828,0.0532059274743134,0.0017785454556189,0.0530805398248293
V4,7,0,PP,3.54813389233576,0.0532211422328981,0.00188279469907126,0.0530805398248293
V4,7,0,PP,3.75837404288444,0.0532381916399632,0.00199300864930935,0.0530805398248293
V4,7,0,PP,3.98107170553497,0.0532572939593667,0.00210950126158826,0.0530805398248293
V4,7,0,PP,4.21696503428582,0.0532786926608103,0.0022325978411356,0.0530805398248293
V4,7,0,PP,4.46683592150963,0.0533026591353904,0.00236263441011488,0.0530805398248293
V4,7,0,PP,4.73151258961481,0.0533294956530371,0.00249995681098658,0.0530805398248293
V4,7,0,PP,5.01187233627272,0.0533595385696995,0.00264491949443468,0.0530805398248293
V4,7,0,PP,5.30884444230988,0.0533931617880825,0.0027978839321358,0.0530805398248293
V4,7,0,PP,5.62341325190349,0.0534307804701343,0.0029592165859909,0.0530805398248293
V4,7,0,PP,5.9566214352901,0.0534728549919278,0.00312928635608635,0.0530805398248293
V4,7,0,PP,6.30957344480193,0.0535198951216591,0.00330846141974644,0.0530805398248293
V4,7,0,PP,6.68343917568615,0.0535724643886674,0.00349710536382394,0.0530805398248293
V4,7,0,PP,7.07945784384138,0.053631184595123,0.00369557250222108,0.0530805398248293
V4,7,0,PP,7.49894209332456,0.0536967404017013,0.00390420226107986,0.0530805398248293
V4,7,0,PP,7.94328234724281,0.0537698838935244,0.00412331250588656,0.0530805398248293
V4,7,0,PP,8.41395141645195,0.0538514390022712,0.00435319167892441,0.0530805398248293
V4,7,0,PP,8.91250938133745,0.0539423056240664,0.00459408961343372,0.0530805398248293
V4,7,0,PP,9.44060876285924,0.0540434632301355,0.00484620689423438,0.0530805398248293
V4,7,0,PP,10,0.0541559737181091,0.00510968264560222,0.0530805398248293
V4,7,0,PP,10.5925372517729,0.0542809831965566,0.00538458064850524,0.0530805398248293
V4,7,0,PP,11.2201845430196,0.0544197223347278,0.00567087372400579,0.0530805398248293
V4,7,0,PP,11.8850222743702,0.0545735048453889,0.00596842637124319,0.0530805398248293
V4,7,0,PP,12.5892541179417,0.0547437236040268,0.00627697572072578,0.0530805398248293
V4,7,0,PP,13.3352143216332,0.0549318438470685,0.00659611096050692,0.0530805398248293
V4,7,0,PP,14.1253754462275,0.0551393928414544,0.00692525151762517,0.0530805398248293
V4,7,0,PP,14.9623565609443,0.0553679453863654,0.00726362443239236,0.0530805398248293
V4,7,0,PP,15.8489319246111,0.0556191045058656,0.00761024154931791,0.0530805398248293
V4,7,0,PP,16.7880401812256,0.0558944767315377,0.00796387736338089,0.0530805398248293
V4,7,0,PP,17.7827941003892,0.0561956414714265,0.00832304859757448,0.0530805398248293
V4,7,0,PP,18.836490894898,0.0565241141309362,0.00868599683523483,0.0530805398248293
V4,7,0,PP,19.9526231496888,0.0568813029068609,0.00905067576999214,0.0530805398248293
V4,7,0,PP,21.1348903983665,0.0572684595279384,0.00941474484105523,0.0530805398248293
V4,7,0,PP,22.3872113856834,0.0576866246677471,0.00977557115822657,0.0530805398248293
V4,7,0,PP,23.7137370566166,0.0581365693011078,0.010130241649581,0.0530805398248293
V4,7,0,PP,25.1188643150958,0.0586187338912463,0.0104755872420813,0.0530805398248293
V4,7,0,PP,26.6072505979881,0.0591331679414773,0.0108082205707307,0.0530805398248293
V4,7,0,PP,28.1838293126445,0.0596794730620676,0.0111245881740721,0.0530805398248293
V4,7,0,PP,29.8538261891796,0.0602567532120941,0.011421037360675,0.0530805398248293
V4,7,0,PP,31.6227766016838,0.0608635760871131,0.011693896938747,0.0530805398248293
V4,7,0,PP,33.4965439157828,0.0614979496443307,0.0119395698413292,0.0530805398248293
V4,7,0,PP,35.4813389233575,0.062157317409378,0.0121546344444336,0.0530805398248293
V4,7,0,PP,37.5837404288444,0.0628385754460246,0.0123359501930239,0.0530805398248293
V4,7,0,PP,39.8107170553497,0.0635381126943258,0.0124807621723169,0.0530805398248293
V4,7,0,PP,42.1696503428582,0.0642518748570893,0.0125867986456741,0.0530805398248293
V4,7,0,PP,44.6683592150963,0.0649754502663039,0.0126523554585469,0.0530805398248293
V4,7,0,PP,47.315125896148,0.0657041743712634,0.0126763616626065,0.0530805398248293
V4,7,0,PP,50.1187233627273,0.0664332478700814,0.0126584217534083,0.0530805398248293
V4,7,0,PP,53.0884444230988,0.067157862264913,0.0125988314617231,0.0530805398248293
V4,7,0,PP,56.2341325190349,0.067873325927641,0.012498565936098,0.0530805398248293
V4,7,0,PP,59.566214352901,0.0685751837146433,0.0123592411874911,0.0530805398248293
V4,7,0,PP,63.0957344480193,0.06925932377338,0.0121830515981972,0.0530805398248293
V4,7,0,PP,66.8343917568615,0.0699220663546725,0.0119726879062453,0.0530805398248293
V4,7,0,PP,70.7945784384138,0.0705602310221463,0.0117312411959652,0.0530805398248293
V4,7,0,PP,74.9894209332456,0.071171180429046,0.0114620989662003,0.0530805398248293
V4,7,0,PP,79.4328234724281,0.0717528405991539,0.0111688393057752,0.0530805398248293
V4,7,0,PP,84.1395141645195,0.0723036992157109,0.0108551286538808,0.0530805398248293
V4,7,0,PP,89.1250938133746,0.0728227846541823,0.0105246276884841,0.0530805398248293
V4,7,0,PP,94.4060876285924,0.0733096293187815,0.0101809087233163,0.0530805398248293
V4,7,0,PP,100,0.0737642212484552,0.00982738675783639,0.0530805398248293
V4,7,0,CF,0.1,0.0530808143372135,8.34243467248733e-05,0.0530805398248293
V4,7,0,CF,0.105925372517729,0.0530808478323834,8.83674332903031e-05,0.0530805398248293
V4,7,0,CF,0.112201845430196,0.0530808854144768,9.3603394141645e-05,0.0530805398248293
V4,7,0,CF,0.118850222743702,0.0530809275821464,9.9149579023116e-05,0.0530805398248293
V4,7,0,CF,0.125892541179417,0.053080974894883,0.000105024364934001,0.0530805398248293
V4,7,0,CF,0.133352143216332,0.0530810279804363,0.000111247216849967,0.0530805398248293
V4,7,0,CF,0.141253754462275,0.0530810875431421,0.000117838752014559,0.0530805398248293
V4,7,0,CF,0.149623565609443,0.0530811543732641,0.000124820808007207,0.0530805398248293
V4,7,0,CF,0.158489319246111,0.0530812293574748,0.000132216514805275,0.0530805398248293
V4,7,0,CF,0.167880401812256,0.0530813134906149,0.000140050371069438,0.0530805398248293
V4,7,0,CF,0.177827941003892,0.053081407888886,0.000148348324893841,0.0530805398248293
V4,7,0,CF,0.18836490894898,0.0530815138046513,0.000157137859275161,0.0530805398248293
V4,7,0,CF,0.199526231496888,0.053081632643041,0.000166448082567777,0.0530805398248293
V4,7,0,CF,0.211348903983665,0.0530817659805811,0.000176309824205746,0.0530805398248293
V4,7,0,CF,0.223872113856834,0.053081915586092,0.00018675573598616,0.0530805398248293
V4,7,0,CF,0.237137370566166,0.053082083444134,0.000197820399222583,0.0530805398248293
V4,7,0,CF,0.251188643150958,0.0530822717813087,0.000209540438091672,0.0530805398248293
V4,7,0,CF,0.266072505979881,0.053082483095763,0.000221954639510556,0.0530805398248293
V4,7,0,CF,0.281838293126445,0.0530827201902866,0.00023510407989702,0.0530805398248293
V4,7,0,CF,0.298538261891796,0.0530829862094381,0.000249032259178847,0.0530805398248293
V4,7,0,CF,0.316227766016838,0.0530832846811889,0.000263785242432556,0.0530805398248293
V4,7,0,CF,0.334965439157828,0.0530836195636345,0.000279411809545046,0.0530805398248293
V4,7,0,CF,0.354813389233576,0.0530839952973857,0.000295963613303958,0.0530805398248293
V4,7,0,CF,0.375837404288444,0.0530844168643289,0.000313495346333541,0.0530805398248293
V4,7,0,CF,0.398107170553497,0.053084889853527,0.000332064917301988,0.0530805398248293
V4,7,0,CF,0.421696503428582,0.0530854205351234,0.000351733636832988,0.0530805398248293
V4,7,0,CF,0.446683592150963,0.0530860159432162,0.000372566413558022,0.0530805398248293
V4,7,0,CF,0.473151258961481,0.0530866839687858,0.000394631960745811,0.0530805398248293
V4,7,0,CF,0.501187233627272,0.0530874334638861,0.000418003013940328,0.0530805398248293
V4,7,0,CF,0.530884444230988,0.0530882743584547,0.000442756560027795,0.0530805398248293
V4,7,0,CF,0.562341325190349,0.0530892177912577,0.000468974078134545,0.0530805398248293
V4,7,0,CF,0.59566214352901,0.0530902762566632,0.000496741792729971,0.0530805398248293
V4,7,0,CF,0.630957344480193,0.0530914637691362,0.000526150939269873,0.0530805398248293
V4,7,0,CF,0.668343917568615,0.0530927960475685,0.000557298042662983,0.0530805398248293
V4,7,0,CF,0.707945784384138,0.0530942907218033,0.000590285208774366,0.0530805398248293
V4,7,0,CF,0.749894209332456,0.0530959675639863,0.0006252204290904,0.0530805398248293
V4,7,0,CF,0.794328234724281,0.0530978487476753,0.000662217898556965,0.0530805398248293
V4,7,0,CF,0.841395141645195,0.0530999591379753,0.000701398346460599,0.0530805398248293
V4,7,0,CF,0.891250938133745,0.0531023266163309,0.000742889380045935,0.0530805398248293
V4,7,0,CF,0.944060876285923,0.0531049824440159,0.000786825840345027,0.0530805398248293
V4,7,0,CF,1,0.0531079616687977,0.000833350169427274,0.0530805398248293
V4,7,0,CF,1.05925372517729,0.0531113035797466,0.000882612787953207,0.0530805398248293
V4,7,0,CF,1.12201845430196,0.0531150522156805,0.0009347724815205,0.0530805398248293
V4,7,0,CF,1.18850222743702,0.053119256933317,0.000989996793813385,0.0530805398248293
V4,7,0,CF,1.25892541179417,0.0531239730418168,0.00104846242399221,0.0530805398248293
V4,7,0,CF,1.33352143216332,0.0531292625110694,0.00111035562507077,0.0530805398248293
V4,7,0,CF,1.41253754462275,0.0531351947617789,0.00117587259920508,0.0530805398248293
V4,7,0,CF,1.49623565609443,0.0531418475461467,0.001245219884835,0.0530805398248293
V4,7,0,CF,1.58489319246111,0.0531493079287301,0.00131861472945289,0.0530805398248293
V4,7,0,CF,1.67880401812256,0.0531576733778429,0.00139628544039001,0.0530805398248293
V4,7,0,CF,1.77827941003892,0.0531670529786705,0.00147847170437767,0.0530805398248293
V4,7,0,CF,1.8836490894898,0.0531775687800475,0.00156542486471504,0.0530805398248293
V4,7,0,CF,1.99526231496888,0.0531893572875831,0.00165740814261697,0.0530805398248293
V4,7,0,CF,2.11348903983665,0.0532025711164667,0.00175469678667182,0.0530805398248293
V4,7,0,CF,2.23872113856834,0.0532173808177909,0.00185757813125985,0.0530805398248293
V4,7,0,CF,2.37137370566166,0.0532339768925342,0.00196635154120794,0.0530805398248293
V4,7,0,CF,2.51188643150958,0.0532525720073529,0.0020813282158276,0.0530805398248293
V4,7,0,CF,2.66072505979881,0.0532734034259366,0.0022028308207386,0.0530805398248293
V4,7,0,CF,2.81838293126445,0.0532967356687554,0.00233119291046077,0.0530805398248293
V4,7,0,CF,2.98538261891796,0.0533228634123797,0.0024667580986097,0.0530805398248293
V4,7,0,CF,3.16227766016838,0.0533521146370008,0.00260987892561683,0.0530805398248293
V4,7,0,CF,3.34965439157828,0.0533848540270454,0.00276091536619064,0.0530805398248293
V4,7,0,CF,3.54813389233576,0.0534214866245701,0.00292023291025564,0.0530805398248293
V4,7,0,CF,3.75837404288444,0.0534624617280663,0.00308820014190774,0.0530805398248293
V4,7,0,CF,3.98107170553497,0.0535082770199897,0.00326518573113267,0.0530805398248293
V4,7,0,CF,4.21696503428582,0.0535594828942424,0.0034515547428641,0.0530805398248293
V4,7,0,CF,4.46683592150963,0.0536166869394509,0.00364766415774775,0.0530805398248293
V4,7,0,CF,4.73151258961481,0.0536805585145712,0.0038538574892221,0.0530805398248293
V4,7,0,CF,5.01187233627272,0.053751833329493,0.00407045837292913,0.0530805398248293
V4,7,0,CF,5.30884444230988,0.0538313179142541,0.00429776299798364,0.0530805398248293
V4,7,0,CF,5.62341325190349,0.0539198938256285,0.00453603124652894,0.0530805398248293
V4,7,0,CF,5.9566214352901,0.0540185213987563,0.00478547640992761,0.0530805398248293
V4,7,0,CF,6.30957344480193,0.0541282428039079,0.00504625335894218,0.0530805398248293
V4,7,0,CF,6.68343917568615,0.0542501841145828,0.00531844506387755,0.0530805398248293
V4,7,0,CF,7.07945784384138,0.0543855560336757,0.00560204739188258,0.0530805398248293
V4,7,0,CF,7.49894209332456,0.0545356528609536,0.00589695215587585,0.0530805398248293
V4,7,0,CF,7.94328234724281,0.0547018492202561,0.0062029284566218,0.0530805398248293
V4,7,0,CF,8.41395141645195,0.0548855940027605,0.0065196024501856,0.0530805398248293
V4,7,0,CF,8.91250938133745,0.0550884009292194,0.00684643579091064,0.0530805398248293
V4,7,0,CF,9.44060876285924,0.0553118350972116,0.00718270314792777,0.0530805398248293
V4,7,0,CF,10,0.055557494869335,0.00752746937214804,0.0530805398248293
V4,7,0,CF,10.5925372517729,0.0558269884872891,0.00787956709921665,0.0530805398248293
V4,7,0,CF,11.2201845430196,0.0561219048791816,0.00823757580669076,0.0530805398248293
V4,7,0,CF,11.8850222743702,0.0564437782783019,0.0085998035902504,0.0530805398248293
V4,7,0,CF,12.5892541179417,0.0567940465055876,0.00896427316711131,0.0530805398248293
V4,7,0,CF,13.3352143216332,0.0571740030966906,0.00932871383061956,0.0530805398248293
V4,7,0,CF,14.1253754462275,0.0575847438834296,0.00969056123625797,0.0530805398248293
V4,7,0,CF,14.9623565609443,0.0580271091641432,0.010046966957289,0.0530805398248293
V4,7,0,CF,15.8489319246111,0.0585016231997179,0.0103948196652854,0.0530805398248293
V4,7,0,CF,16.7880401812256,0.0590084334160624,0.0107307795249152,0.0530805398248293
V4,7,0,CF,17.7827941003892,0.0595472523241512,0.0110513269093646,0.0530805398248293
V4,7,0,CF,18.836490894898,0.0601173057112892,0.0113528258251115,0.0530805398248293
V4,7,0,CF,19.9526231496888,0.0607172910236527,0.0116316014909348,0.0530805398248293
V4,7,0,CF,21.1348903983665,0.0613453499576139,0.0118840303891403,0.0530805398248293
V4,7,0,CF,22.3872113856834,0.0619990590227356,0.0121066398794008,0.0530805398248293
V4,7,0,CF,23.7137370566166,0.0626754411767621,0.0122962132575373,0.0530805398248293
V4,7,0,CF,25.1188643150958,0.0633710005516045,0.0124498951012068,0.0530805398248293
V4,7,0,CF,26.6072505979881,0.0640817808373746,0.0125652910293439,0.0530805398248293
V4,7,0,CF,28.1838293126445,0.0648034461813607,0.0126405557535523,0.0530805398248293
V4,7,0,CF,29.8538261891796,0.0655313816603307,0.0126744636140074,0.0530805398248293
V4,7,0,CF,31.6227766016838,0.0662608087047042,0.0126664566969599,0.0530805398248293
V4,7,0,CF,33.4965439157828,0.066986909504724,0.0126166670689526,0.0530805398248293
V4,7,0,CF,35.4813389233575,0.0677049535935404,0.0125259114950066,0.0530805398248293
V4,7,0,CF,37.5837404288444,0.0684104195969734,0.0123956590304238,0.0530805398248293
V4,7,0,CF,39.8107170553497,0.0690991055937814,0.0122279738525854,0.0530805398248293
V4,7,0,CF,42.1696503428582,0.0697672225792477,0.0120254374020398,0.0530805398248293
V4,7,0,CF,44.6683592150963,0.0704114670237054,0.0117910551488266,0.0530805398248293
V4,7,0,CF,47.315125896148,0.0710290702683124,0.0115281539813211,0.0530805398248293
V4,7,0,CF,50.1187233627273,0.071617824288192,0.0112402763070178,0.0530805398248293
V4,7,0,CF,53.0884444230988,0.0721760849819188,0.0109310765136131,0.0530805398248293
V4,7,0,CF,56.2341325190349,0.072702755466659,0.0106042245813715,0.0530805398248293
V4,7,0,CF,59.566214352901,0.0731972527820751,0.0102633205148309,0.0530805398248293
V4,7,0,CF,63.0957344480193,0.0736594619089335,0.00991182203009915,0.0530805398248293
V4,7,0,CF,66.8343917568615,0.0740896811201698,0.00955298673257798,0.0530805398248293
V4,7,0,CF,70.7945784384138,0.0744885624714049,0.0091898289553525,0.0530805398248293
V4,7,0,CF,74.9894209332456,0.0748570507933333,0.00882509056789186,0.0530805398248293
V4,7,0,CF,79.4328234724281,0.0751963239625589,0.00846122443719715,0.0530805398248293
V4,7,0,CF,84.1395141645195,0.0755077365841071,0.0081003888265647,0.0530805398248293
V4,7,0,CF,89.1250938133746,0.0757927685853231,0.00774445082566761,0.0530805398248293
V4,7,0,CF,94.4060876285924,0.0760529796449742,0.00739499688159005,0.0530805398248293
V4,7,0,CF,100,0.0762899698919041,0.00705334860083343,0.0530805398248293
V4,7,1,PP,0.1,0.0530806500937683,5.15619013022839e-05,0.0530805398248293
V4,7,1,PP,0.105925372517729,0.0530806635485448,5.46171055526647e-05,0.0530805398248293
V4,7,1,PP,0.112201845430196,0.0530806786450344,5.7853336290741e-05,0.0530805398248293
V4,7,1,PP,0.118850222743702,0.0530806955835518,6.12813189272736e-05,0.0530805398248293
V4,7,1,PP,0.125892541179417,0.0530807145888526,6.49124141894239e-05,0.0530805398248293
V4,7,1,PP,0.133352143216332,0.0530807359131152,6.87586557271371e-05,0.0530805398248293
V4,7,1,PP,0.141253754462275,0.0530807598392864,7.28327899405919e-05,0.0530805398248293
V4,7,1,PP,0.149623565609443,0.0530807866848355,7.71483181589543e-05,0.0530805398248293
V4,7,1,PP,0.158489319246111,0.0530808168059659,8.17195413081355e-05,0.0530805398248293
V4,7,1,PP,0.167880401812256,0.0530808506023404,8.6561607213105e-05,0.0530805398248293
V4,7,1,PP,0.177827941003892,0.0530808885223836,9.16905606885723e-05,0.0530805398248293
V4,7,1,PP,0.18836490894898,0.0530809310692297,9.71233965805307e-05,0.0530805398248293
V4,7,1,PP,0.199526231496888,0.0530809788073975,0.000102878115930272,0.0530805398248293
V4,7,1,PP,0.211348903983665,0.0530810323702777,0.000108973785442038,0.0530805398248293
V4,7,1,PP,0.223872113856834,0.0530810924685345,0.000115430600445485,0.0530805398248293
V4,7,1,PP,0.237137370566166,0.0530811598995309,0.000122269951554606,0.0530805398248293
V4,7,1,PP,0.251188643150958,0.0530812355579043,0.000129514495235659,0.0530805398248293
V4,7,1,PP,0.266072505979881,0.0530813204474302,0.000137188228508072,0.0530805398248293
V4,7,1,PP,0.281838293126445,0.0530814156943331,0.000145316568014055,0.0530805398248293
V4,7,1,PP,0.298538261891796,0.0530815225622201,0.000153926433704956,0.0530805398248293
V4,7,1,PP,0.316227766016838,0.0530816424688336,0.000163046337405025,0.0530805398248293
V4,7,1,PP,0.334965439157828,0.0530817770048468,0.000172706476526257,0.0530805398248293
V4,7,1,PP,0.354813389233576,0.053081927954949,0.000182938833221348,0.0530805398248293
V4,7,1,PP,0.375837404288444,0.0530820973214991,0.000193777279275351,0.0530805398248293
V4,7,1,PP,0.398107170553497,0.053082287351061,0.000205257687050363,0.0530805398248293
V4,7,1,PP,0.421696503428582,0.0530825005641702,0.000217418046811384,0.0530805398248293
V4,7,1,PP,0.446683592150963,0.0530827397887238,0.000230298590775156,0.0530805398248293
V4,7,1,PP,0.473151258961481,0.0530830081974359,0.000243941924237225,0.0530805398248293
V4,7,1,PP,0.501187233627272,0.0530833093498493,0.000258393164145442,0.0530805398248293
V4,7,1,PP,0.530884444230988,0.0530836472394579,0.000273700085500242,0.0530805398248293
V4,7,1,PP,0.562341325190349,0.0530840263465587,0.000289913275973216,0.0530805398248293
V4,7,1,PP,0.59566214352901,0.0530844516975277,0.000307086299145037,0.0530805398248293
V4,7,1,PP,0.630957344480193,0.0530849289312958,0.000325275866771487,0.0530805398248293
V4,7,1,PP,0.668343917568615,0.0530854643738966,0.000344542020491383,0.0530805398248293
V4,7,1,PP,0.707945784384138,0.0530860651220597,0.000364948323391976,0.0530805398248293
V4,7,1,PP,0.749894209332456,0.0530867391369397,0.000386562061845063,0.0530805398248293
V4,7,1,PP,0.794328234724281,0.0530874953492023,0.000409454458019506,0.0530805398248293
V4,7,1,PP,0.841395141645195,0.0530883437768322,0.000433700893461879,0.0530805398248293
V4,7,1,PP,0.891250938133745,0.0530892956571883,0.00045938114411512,0.0530805398248293
V4,7,1,PP,0.944060876285923,0.053090363595013,0.000486579627113518,0.0530805398248293
V4,7,1,PP,1,0.0530915617283001,0.000515385659648978,0.0530805398248293
V4,7,1,PP,1.05925372517729,0.0530929059141495,0.000545893730145905,0.0530805398248293
V4,7,1,PP,1.12201845430196,0.0530944139369807,0.000578203781906975,0.0530805398248293
V4,7,1,PP,1.18850222743702,0.053096105741754,0.000612421509296231,0.0530805398248293
V4,7,1,PP,1.25892541179417,0.0530980036951442,0.000648658666404935,0.0530805398248293
V4,7,1,PP,1.33352143216332,0.0531001328779507,0.000687033387994513,0.0530805398248293
V4,7,1,PP,1.41253754462275,0.0531025214123913,0.000727670522323827,0.0530805398248293
V4,7,1,PP,1.49623565609443,0.0531052008283315,0.000770701975237928,0.0530805398248293
V4,7,1,PP,1.58489319246111,0.0531082064729431,0.000816267064614212,0.0530805398248293
V4,7,1,PP,1.67880401812256,0.0531115779687673,0.000864512883919823,0.0530805398248293
V4,7,1,PP,1.77827941003892,0.0531153597256839,0.000915594673220023,0.0530805398248293
V4,7,1,PP,1.8836490894898,0.0531196015128537,0.000969676195477797,0.0530805398248293
V4,7,1,PP,1.99526231496888,0.0531243590973124,0.00102693011538484,0.0530805398248293
V4,7,1,PP,2.11348903983665,0.0531296949565465,0.00108753837724533,0.0530805398248293
V4,7,1,PP,2.23872113856834,0.0531356790730729,0.001151692577576,0.0530805398248293
V4,7,1,PP,2.37137370566166,0.0531423898197654,0.00121959432706461,0.0530805398248293
V4,7,1,PP,2.51188643150958,0.0531499149454226,0.00129145559531742,0.0530805398248293
V4,7,1,PP,2.66072505979881,0.0531583526708298,0.00136749903039223,0.0530805398248293
V4,7,1,PP,2.81838293126445,0.0531678129063217,0.00144795824342278,0.0530805398248293
V4,7,1,PP,2.98538261891796,0.0531784186025792,0.00153307804665171,0.0530805398248293
V4,7,1,PP,3.16227766016838,0.053190307247051,0.00162311463085957,0.0530805398248293
V4,7,1,PP,3.34965439157828,0.0532036325189472,0.00171833566545671,0.0530805398248293
V4,7,1,PP,3.54813389233576,0.0532185661161432,0.00181902030134122,0.0530805398248293
V4,7,1,PP,3.75837404288444,0.0532352997674852,0.00192545905296296,0.0530805398248293
V4,7,1,PP,3.98107170553497,0.0532540474438181,0.00203795353181295,0.0530805398248293
V4,7,1,PP,4.21696503428582,0.0532750477804347,0.00215681599872224,0.0530805398248293
V4,7,1,PP,4.46683592150963,0.0532985667224365,0.00228236869685027,0.0530805398248293
V4,7,1,PP,4.73151258961481,0.0533249004025143,0.00241494292102492,0.0530805398248293
V4,7,1,PP,5.01187233627272,0.053354378257684,0.00255487777213563,0.0530805398248293
V4,7,1,PP,5.30884444230988,0.0533873663872792,0.00270251853757122,0.0530805398248293
V4,7,1,PP,5.62341325190349,0.0534242711486978,0.00285821463026766,0.0530805398248293
V4,7,1,PP,5.9566214352901,0.0534655429796325,0.00302231700987431,0.0530805398248293
V4,7,1,PP,6.30957344480193,0.0535116804253691,0.00319517500001746,0.0530805398248293
V4,7,1,PP,6.68343917568615,0.053563234336694,0.00337713240590033,0.0530805398248293
V4,7,1,PP,7.07945784384138,0.053620812187478,0.00356852282692068,0.0530805398248293
V4,7,1,PP,7.49894209332456,0.0536850824404914,0.00376966405017873,0.0530805398248293
V4,7,1,PP,7.94328234724281,0.0537567788648438,0.00398085140347412,0.0530805398248293
V4,7,1,PP,8.41395141645195,0.0538367046780429,0.0042023499417066,0.0530805398248293
V4,7,1,PP,8.91250938133745,0.0539257363495137,0.00443438533988309,0.0530805398248293
V4,7,1,PP,9.44060876285924,0.0540248268601766,0.00467713337095313,0.0530805398248293
V4,7,1,PP,10,0.0541350081643014,0.00493070785963057,0.0530805398248293
V4,7,1,PP,10.5925372517729,0.054257392545746,0.00519514702684627,0.0530805398248293
V4,7,1,PP,11.2201845430196,0.054393172501922,0.00547039817658583,0.0530805398248293
V4,7,1,PP,11.8850222743702,0.0545436187274007,0.00575630073103918,0.0530805398248293
V4,7,1,PP,12.5892541179417,0.0547100757081825,0.00605256769487363,0.0530805398248293
V4,7,1,PP,13.3352143216332,0.0548939543820288,0.00635876572861775,0.0530805398248293
V4,7,1,PP,14.1253754462275,0.055096721276472,0.00667429413767786,0.0530805398248293
V4,7,1,PP,14.9623565609443,0.0553198835127903,0.00699836323932307,0.0530805398248293
V4,7,1,PP,15.8489319246111,0.0555649690721639,0.00732997275499317,0.0530805398248293
V4,7,1,PP,16.7880401812256,0.055833501772147,0.00766789108636597,0.0530805398248293
V4,7,1,PP,17.7827941003892,0.0561269705116414,0.00801063656333445,0.0530805398248293
V4,7,1,PP,18.836490894898,0.0564467925250803,0.00835646198739267,0.0530805398248293
V4,7,1,PP,19.9526231496888,0.0567942706542654,0.00870334401524962,0.0530805398248293
V4,7,1,PP,21.1348903983665,0.0571705450077145,0.00904897910784111,0.0530805398248293
V4,7,1,PP,22.3872113856834,0.0575765398333806,0.00939078787537384,0.0530805398248293
V4,7,1,PP,23.7137370566166,0.0580129069706833,0.00972592964041332,0.0530805398248293
V4,7,1,PP,25.1188643150958,0.0584799678463536,0.0100513288773707,0.0530805398248293
V4,7,1,PP,26.6072505979881,0.0589776565921217,0.0103637148310044,0.0530805398248293
V4,7,1,PP,28.1838293126445,0.0595054674286065,0.0106596750432064,0.0530805398248293
V4,7,1,PP,29.8538261891796,0.0600624099006089,0.0109357227213238,0.0530805398248293
V4,7,1,PP,31.6227766016838,0.0606469757767485,0.0111883768867402,0.0530805398248293
V4,7,1,PP,33.4965439157828,0.061257121355544,0.0114142531093538,0.0530805398248293
V4,7,1,PP,35.4813389233575,0.0618902684827175,0.0116101614594311,0.0530805398248293
V4,7,1,PP,37.5837404288444,0.0625433267476176,0.0117732072227868,0.0530805398248293
V4,7,1,PP,39.8107170553497,0.0632127381075075,0.0119008890765466,0.0530805398248293
V4,7,1,PP,42.1696503428582,0.0638945436643006,0.0119911889560621,0.0530805398248293
V4,7,1,PP,44.6683592150963,0.064584470625775,0.0120426478746292,0.0530805398248293
V4,7,1,PP,47.315125896148,0.0652780358052205,0.0120544225468482,0.0530805398248293
V4,7,1,PP,50.1187233627273,0.065970660553785,0.0120263187994604,0.0530805398248293
V4,7,1,PP,53.0884444230988,0.0666577909700449,0.0119587993347847,0.0530805398248293
V4,7,1,PP,56.2341325190349,0.067335016736185,0.0118529652742495,0.0530805398248293
V4,7,1,PP,59.566214352901,0.0679981820596615,0.0117105128389393,0.0530805398248293
V4,7,1,PP,63.0957344480193,0.0686434829349159,0.0115336682951634,0.0530805398248293
V4,7,1,PP,66.8343917568615,0.0692675461784022,0.0113251057071241,0.0530805398248293
V4,7,1,PP,70.7945784384138,0.0698674872640839,0.0110878529557965,0.0530805398248293
V4,7,1,PP,74.9894209332456,0.0704409456947227,0.0108251918407061,0.0530805398248293
V4,7,1,PP,79.4328234724281,0.0709860982877412,0.0105405578973287,0.0530805398248293
V4,7,1,PP,84.1395141645195,0.0715016521668705,0.0102374449232542,0.0530805398248293
V4,7,1,PP,89.1250938133746,0.0719868203190585,0.00991931824218432,0.0530805398248293
V4,7,1,PP,94.4060876285924,0.0724412832481243,0.00958953959568573,0.0530805398248293
V4,7,1,PP,100,0.0728651405373637,0.00925130538122981,0.0530805398248293
V4,7,1,CF,0.1,0.0530808093560002,8.06130568353938e-05,0.0530805398248293
V4,7,1,CF,0.105925372517729,0.0530808422433646,8.53895642758304e-05,0.0530805398248293
V4,7,1,CF,0.112201845430196,0.0530808791434875,9.04490756200558e-05,0.0530805398248293
V4,7,1,CF,0.118850222743702,0.0530809205459719,9.5808355765102e-05,0.0530805398248293
V4,7,1,CF,0.125892541179417,0.0530809670001542,0.000101485162210529,0.0530805398248293
V4,7,1,CF,0.133352143216332,0.0530810191223909,0.000107498303726793,0.0530805398248293
V4,7,1,CF,0.141253754462275,0.0530810776042341,0.000113867702472218,0.0530805398248293
V4,7,1,CF,0.149623565609443,0.0530811432216036,0.000120614459757706,0.0530805398248293
V4,7,1,CF,0.158489319246111,0.0530812168450779,0.000127760925669102,0.0530805398248293
V4,7,1,CF,0.167880401812256,0.0530812994514395,0.000135330772768442,0.0530805398248293
V4,7,1,CF,0.177827941003892,0.0530813921366278,0.000143349074106988,0.0530805398248293
V4,7,1,CF,0.18836490894898,0.0530814961302711,0.000151842385795141,0.0530805398248293
V4,7,1,CF,0.199526231496888,0.0530816128119901,0.000160838834386859,0.0530805398248293
V4,7,1,CF,0.211348903983665,0.0530817437296875,0.000170368209349152,0.0530805398248293
V4,7,1,CF,0.223872113856834,0.0530818906200674,0.000180462060900498,0.0530805398248293
V4,7,1,CF,0.237137370566166,0.0530820554316536,0.000191153803515517,0.0530805398248293
V4,7,1,CF,0.251188643150958,0.0530822403506123,0.000202478825407016,0.0530805398248293
V4,7,1,CF,0.266072505979881,0.0530824478297195,0.000214474604310221,0.0530805398248293
V4,7,1,CF,0.281838293126445,0.0530826806208554,0.000227180829907832,0.0530805398248293
V4,7,1,CF,0.298538261891796,0.0530829418114541,0.000240639533247972,0.0530805398248293
V4,7,1,CF,0.316227766016838,0.0530832348653885,0.000254895223520235,0.0530805398248293
V4,7,1,CF,0.334965439157828,0.0530835636688294,0.000269995032567394,0.0530805398248293
V4,7,1,CF,0.354813389233576,0.0530839325816808,0.000285988867521741,0.0530805398248293
V4,7,1,CF,0.375837404288444,0.0530843464952669,0.000302929571965036,0.0530805398248293
V4,7,1,CF,0.398107170553497,0.0530848108970285,0.000320873096019184,0.0530805398248293
V4,7,1,CF,0.421696503428582,0.0530853319430747,0.000339878675780516,0.0530805398248293
V4,7,1,CF,0.446683592150963,0.05308591653954,0.000360009022513167,0.0530805398248293
V4,7,1,CF,0.473151258961481,0.0530865724338082,0.000381330522015778,0.0530805398248293
V4,7,1,CF,0.501187233627272,0.0530873083167905,0.000403913444569509,0.0530805398248293
V4,7,1,CF,0.530884444230988,0.0530881339375891,0.000427832165863084,0.0530805398248293
V4,7,1,CF,0.562341325190349,0.0530890602320313,0.000453165399270686,0.0530805398248293
V4,7,1,CF,0.59566214352901,0.0530900994667359,0.000479996439829513,0.0530805398248293
V4,7,1,CF,0.630957344480193,0.0530912654005681,0.000508413420223384,0.0530805398248293
V4,7,1,CF,0.668343917568615,0.0530925734655558,0.000538509579024846,0.0530805398248293
V4,7,1,CF,0.707945784384138,0.0530940409695797,0.000570383541377546,0.0530805398248293
V4,7,1,CF,0.749894209332456,0.0530956873234172,0.000604139612210126,0.0530805398248293
V4,7,1,CF,0.794328234724281,0.0530975342950123,0.000639888081958243,0.0530805398248293
V4,7,1,CF,0.841395141645195,0.0530996062941735,0.00067774554462784,0.0530805398248293
V4,7,1,CF,0.891250938133745,0.0531019306912545,0.000717835227854829,0.0530805398248293
V4,7,1,CF,0.944060876285923,0.0531045381737749,0.000760287334397136,0.0530805398248293
V4,7,1,CF,1,0.0531074631453612,0.000805239394226715,0.0530805398248293
V4,7,1,CF,1.05925372517729,0.0531107441718707,0.000852836626062483,0.0530805398248293
V4,7,1,CF,1.12201845430196,0.0531144244800674,0.000903232306789137,0.0530805398248293
V4,7,1,CF,1.18850222743702,0.0531185525147808,0.000956588146728895,0.0530805398248293
V4,7,1,CF,1.25892541179417,0.0531231825610778,0.00101307466815844,0.0530805398248293
V4,7,1,CF,1.33352143216332,0.0531283754386193,0.00107287158377445,0.0530805398248293
V4,7,1,CF,1.41253754462275,0.0531341992760559,0.00113616817098821,0.0530805398248293
V4,7,1,CF,1.49623565609443,0.0531407303740337,0.00120316363694946,0.0530805398248293
V4,7,1,CF,1.58489319246111,0.0531480541661242,0.00127406746803574,0.0530805398248293
V4,7,1,CF,1.67880401812256,0.0531562662877508,0.00134909975616539,0.0530805398248293
V4,7,1,CF,1.77827941003892,0.053165473763944,0.00142849149266566,0.0530805398248293
V4,7,1,CF,1.8836490894898,0.0531757963274871,0.00151248481851327,0.0530805398248293
V4,7,1,CF,1.99526231496888,0.0531873678796989,0.0016013332175199,0.0530805398248293
V4,7,1,CF,2.11348903983665,0.0532003381066793,0.00169530163641206,0.0530805398248293
V4,7,1,CF,2.23872113856834,0.0532148742642817,0.00179466651270048,0.0530805398248293
V4,7,1,CF,2.37137370566166,0.0532311631452944,0.00189971568769497,0.0530805398248293
V4,7,1,CF,2.51188643150958,0.0532494132422261,0.00201074817793696,0.0530805398248293
V4,7,1,CF,2.66072505979881,0.0532698571185905,0.00212807377363756,0.0530805398248293
V4,7,1,CF,2.81838293126445,0.0532927540005279,0.00225201242736747,0.0530805398248293
V4,7,1,CF,2.98538261891796,0.0533183925988231,0.00238289339020019,0.0530805398248293
V4,7,1,CF,3.16227766016838,0.0533470941686606,0.00252105404572612,0.0530805398248293
V4,7,1,CF,3.34965439157828,0.0533792158105528,0.00266683838482179,0.0530805398248293
V4,7,1,CF,3.54813389233576,0.053415154010473,0.00282059505579647,0.0530805398248293
V4,7,1,CF,3.75837404288444,0.053455348409963,0.00298267491561941,0.0530805398248293
V4,7,1,CF,3.98107170553497,0.0535002857874407,0.0031534279984942,0.0530805398248293
V4,7,1,CF,4.21696503428582,0.053550504219631,0.0033331998083267,0.0530805398248293
V4,7,1,CF,4.46683592150963,0.0536065973764269,0.00352232683198796,0.0530805398248293
V4,7,1,CF,4.73151258961481,0.0536692188829935,0.00372113116122562,0.0530805398248293
V4,7,1,CF,5.01187233627272,0.0537390866589177,0.00392991410335508,0.0530805398248293
V4,7,1,CF,5.30884444230988,0.0538169871151018,0.00414894865545321,0.0530805398248293
V4,7,1,CF,5.62341325190349,0.0539037790543441,0.00437847071497996,0.0530805398248293
V4,7,1,CF,5.9566214352901,0.0540003970807693,0.00461866890323439,0.0530805398248293
V4,7,1,CF,6.30957344480193,0.0541078542763266,0.00486967288889177,0.0530805398248293
V4,7,1,CF,6.68343917568615,0.05422724384975,0.00513154011959403,0.0530805398248293
V4,7,1,CF,7.07945784384138,0.0543597394055759,0.00540424090315063,0.0530805398248293
V4,7,1,CF,7.49894209332456,0.0545065934197713,0.00568764182971236,0.0530805398248293
V4,7,1,CF,7.94328234724281,0.0546691334471431,0.00598148759592886,0.0530805398248293
V4,7,1,CF,8.41395141645195,0.0548487555283118,0.00628538138521795,0.0530805398248293
V4,7,1,CF,8.91250938133745,0.0550469142167386,0.00659876407810189,0.0530805398248293
V4,7,1,CF,9.44060876285924,0.0552651086172318,0.00692089271536157,0.0530805398248293
V4,7,1,CF,10,0.0555048638267985,0.00725081881501228,0.0530805398248293
V4,7,1,CF,10.5925372517729,0.0557677072089682,0.00758736734950491,0.0530805398248293
V4,7,1,CF,11.2201845430196,0.0560551390276859,0.00792911741580469,0.0530805398248293
V4,7,1,CF,11.8850222743702,0.0563685971309821,0.00827438586652742,0.0530805398248293
V4,7,1,CF,12.5892541179417,0.0567094156212093,0.00862121539711572,0.0530805398248293
V4,7,1,CF,13.3352143216332,0.0570787777874361,0.00896736877691257,0.0530805398248293
V4,7,1,CF,14.1253754462275,0.0574776640096559,0.00931033103857758,0.0530805398248293
V4,7,1,CF,14.9623565609443,0.0579067958663253,0.00964732146239952,0.0530805398248293
V4,7,1,CF,15.8489319246111,0.0583665782646987,0.0099753170687243,0.0530805398248293
V4,7,1,CF,16.7880401812256,0.0588570420283381,0.0102910890243443,0.0530805398248293
V4,7,1,CF,17.7827941003892,0.0593777899602409,0.0105912528482568,0.0530805398248293
V4,7,1,CF,18.836490894898,0.0599279498783136,0.0108723325579516,0.0530805398248293
V4,7,1,CF,19.9526231496888,0.0605061384061593,0.0111308379458608,0.0530805398248293
V4,7,1,CF,21.1348903983665,0.0611104393090886,0.011363353067895,0.0530805398248293
V4,7,1,CF,22.3872113856834,0.0617383998193063,0.0115666328508706,0.0530805398248293
V4,7,1,CF,23.7137370566166,0.0623870476524975,0.0117377036061122,0.0530805398248293
V4,7,1,CF,25.1188643150958,0.0630529302847487,0.0118739623180856,0.0530805398248293
V4,7,1,CF,26.6072505979881,0.0637321765965557,0.011973269007754,0.0530805398248293
V4,7,1,CF,28.1838293126445,0.0644205793228629,0.0120340263756367,0.0530805398248293
V4,7,1,CF,29.8538261891796,0.0651136950484228,0.0120552413848652,0.0530805398248293
V4,7,1,CF,31.6227766016838,0.0658069569579967,0.0120365644543674,0.0530805398248293
V4,7,1,CF,33.4965439157828,0.0664957943887395,0.0119783034201876,0.0530805398248293
V4,7,1,CF,35.4813389233575,0.0671757525961693,0.0118814112368724,0.0530805398248293
V4,7,1,CF,37.5837404288444,0.0678426061249811,0.0117474483249819,0.0530805398248293
V4,7,1,CF,39.8107170553497,0.0684924597744783,0.011578522298918,0.0530805398248293
V4,7,1,CF,42.1696503428582,0.0691218322811884,0.0113772093231463,0.0530805398248293
V4,7,1,CF,44.6683592150963,0.069727719353233,0.0111464623883335,0.0530805398248293
V4,7,1,CF,47.315125896148,0.0703076343860098,0.0108895122902624,0.0530805398248293
V4,7,1,CF,50.1187233627273,0.070859626864198,0.0106097670331238,0.0530805398248293
V4,7,1,CF,53.0884444230988,0.0713822799346745,0.010310714836509,0.0530805398248293
V4,7,1,CF,56.2341325190349,0.071874689791691,0.00999583502493546,0.0530805398248293
V4,7,1,CF,59.566214352901,0.0723364302830408,0.00966851996754037,0.0530805398248293
V4,7,1,CF,63.0957344480193,0.0727675065162565,0.00933201006001945,0.0530805398248293
V4,7,1,CF,66.8343917568615,0.0731683012574621,0.00898934262583761,0.0530805398248293
V4,7,1,CF,70.7945784384138,0.0735395176445173,0.0086433146503436,0.0530805398248293
V4,7,1,CF,74.9894209332456,0.0738821212673936,0.00829645850313987,0.0530805398248293
V4,7,1,CF,79.4328234724281,0.0741972840890083,0.0079510292694376,0.0530805398248293
V4,7,1,CF,84.1395141645195,0.0744863320648663,0.00760900199089872,0.0530805398248293
V4,7,1,CF,89.1250938133746,0.0747506977288382,0.00727207698249778,0.0530805398248293
V4,7,1,CF,94.4060876285924,0.0749918784855041,0.00694169140600555,0.0530805398248293
V4,7,1,CF,100,0.0752114009094897,0.00661903540181673,0.0530805398248293
V4,8.5,-1,PP,0.1,0.0552218181222279,4.99685755785999e-05,0.055221717947316
V4,8.5,-1,PP,0.105925372517729,0.0552218303453607,5.29293738670306e-05,0.055221717947316
V4,8.5,-1,PP,0.112201845430196,0.055221844059927,5.60656055907414e-05,0.055221717947316
V4,8.5,-1,PP,0.118850222743702,0.0552218594479055,5.93876649119989e-05,0.055221717947316
V4,8.5,-1,PP,0.125892541179417,0.0552218767134788,6.29065617120529e-05,0.055221717947316
V4,8.5,-1,PP,0.133352143216332,0.0552218960857421,6.66339580420102e-05,0.055221717947316
V4,8.5,-1,PP,0.141253754462275,0.0552219178217432,7.05822067273804e-05,0.055221717947316
V4,8.5,-1,PP,0.149623565609443,0.0552219422098924,7.47643922527453e-05,0.055221717947316
V4,8.5,-1,PP,0.158489319246111,0.0552219695737891,7.91943740602715e-05,0.055221717947316
V4,8.5,-1,PP,0.167880401812256,0.0552220002765146,8.3886832403452e-05,0.055221717947316
V4,8.5,-1,PP,0.177827941003892,0.0552220347254492,8.88573169055304e-05,0.055221717947316
V4,8.5,-1,PP,0.18836490894898,0.0552220733776762,9.41222979805459e-05,0.055221717947316
V4,8.5,-1,PP,0.199526231496888,0.0552221167460454,9.96992212838608e-05,0.055221717947316
V4,8.5,-1,PP,0.211348903983665,0.0552221654059764,0.000105606565368398,0.055221717947316
V4,8.5,-1,PP,0.223872113856834,0.0552222200030908,0.000111863902732642,0.055221717947316
V4,8.5,-1,PP,0.237137370566166,0.0552222812617759,0.000118491964456739,0.055221717947316
V4,8.5,-1,PP,0.251188643150958,0.0552223499947926,0.00012551270863381,0.055221717947316
V4,8.5,-1,PP,0.266072505979881,0.0552224271140545,0.000132949392814798,0.055221717947316
V4,8.5,-1,PP,0.281838293126445,0.0552225136427214,0.00014082665069691,0.055221717947316
V4,8.5,-1,PP,0.298538261891796,0.0552226107287672,0.000149170573297842,0.055221717947316
V4,8.5,-1,PP,0.316227766016838,0.0552227196602019,0.00015800879487062,0.055221717947316
V4,8.5,-1,PP,0.334965439157828,0.0552228418821483,0.000167370583826904,0.055221717947316
V4,8.5,-1,PP,0.354813389233576,0.0552229790160007,0.00017728693895001,0.055221717947316
V4,8.5,-1,PP,0.375837404288444,0.0552231328809174,0.000187790691192674,0.055221717947316
V4,8.5,-1,PP,0.398107170553497,0.0552233055179318,0.00019891661136857,0.055221717947316
V4,8.5,-1,PP,0.421696503428582,0.0552234992170007,0.000210701524060791,0.055221717947316
V4,8.5,-1,PP,0.446683592150963,0.0552237165473465,0.000223184428084769,0.055221717947316
V4,8.5,-1,PP,0.473151258961481,0.055223960391493,0.000236406623857268,0.055221717947316
V4,8.5,-1,PP,0.501187233627272,0.0552242339834451,0.000250411848037036,0.055221717947316
V4,8.5,-1,PP,0.530884444230988,0.0552245409515135,0.000265246415816122,0.055221717947316
V4,8.5,-1,PP,0.562341325190349,0.0552248853663493,0.000280959371253618,0.055221717947316
V4,8.5,-1,PP,0.59566214352901,0.0552252717948185,0.000297602646055181,0.055221717947316
V4,8.5,-1,PP,0.630957344480193,0.0552257053604265,0.000315231227211861,0.055221717947316
V4,8.5,-1,PP,0.668343917568615,0.055226191811081,0.000333903333919946,0.055221717947316
V4,8.5,-1,PP,0.707945784384138,0.0552267375950851,0.000353680604209104,0.055221717947316
V4,8.5,-1,PP,0.749894209332456,0.0552273499463507,0.000374628291708469,0.055221717947316
V4,8.5,-1,PP,0.794328234724281,0.055228036979946,0.000396815472978376,0.055221717947316
V4,8.5,-1,PP,0.841395141645195,0.055228807799221,0.000420315265828482,0.055221717947316
V4,8.5,-1,PP,0.891250938133745,0.0552296726159034,0.000445205059029354,0.055221717947316
V4,8.5,-1,PP,0.944060876285923,0.0552306428847198,0.000471566753803213,0.055221717947316
V4,8.5,-1,PP,1,0.0552317314542844,0.000499487017448144,0.055221717947316
V4,8.5,-1,PP,1.05925372517729,0.0552329527361954,0.000529057549406963,0.055221717947316
V4,8.5,-1,PP,1.12201845430196,0.0552343228945111,0.000560375360034246,0.055221717947316
V4,8.5,-1,PP,1.18850222743702,0.0552358600580264,0.000593543062239883,0.055221717947316
V4,8.5,-1,PP,1.25892541179417,0.0552375845580483,0.000628669176091278,0.055221717947316
V4,8.5,-1,PP,1.33352143216332,0.0552395191946794,0.000665868446334636,0.055221717947316
V4,8.5,-1,PP,1.41253754462275,0.0552416895349563,0.000705262172643764,0.055221717947316
V4,8.5,-1,PP,1.49623565609443,0.0552441242465675,0.000746978552216251,0.055221717947316
V4,8.5,-1,PP,1.58489319246111,0.0552468554712852,0.000791153034104936,0.055221717947316
V4,8.5,-1,PP,1.67880401812256,0.0552499192426983,0.000837928684388826,0.055221717947316
V4,8.5,-1,PP,1.77827941003892,0.0552533559533277,0.000887456560942267,0.055221717947316
V4,8.5,-1,PP,1.8836490894898,0.0552572108767411,0.000939896096142891,0.055221717947316
V4,8.5,-1,PP,1.99526231496888,0.0552615347508656,0.000995415485354124,0.055221717947316
V4,8.5,-1,PP,2.11348903983665,0.0552663844293234,0.00105419207841135,0.055221717947316
V4,8.5,-1,PP,2.23872113856834,0.0552718236082828,0.00111641277061394,0.055221717947316
V4,8.5,-1,PP,2.37137370566166,0.0552779236370268,0.00118227438885721,0.055221717947316
V4,8.5,-1,PP,2.51188643150958,0.0552847644211883,0.00125198406750492,0.055221717947316
V4,8.5,-1,PP,2.66072505979881,0.0552924354283669,0.00132575960737577,0.055221717947316
V4,8.5,-1,PP,2.81838293126445,0.0553010368066334,0.00140382980976538,0.055221717947316
V4,8.5,-1,PP,2.98538261891796,0.0553106806272048,0.0014864347757117,0.055221717947316
V4,8.5,-1,PP,3.16227766016838,0.0553214922633302,0.00157382615869616,0.055221717947316
V4,8.5,-1,PP,3.34965439157828,0.0553336119181187,0.00166626735661031,0.055221717947316
V4,8.5,-1,PP,3.54813389233576,0.0553471963146322,0.00176403362605746,0.055221717947316
V4,8.5,-1,PP,3.75837404288444,0.0553624205619922,0.00186741209884745,0.055221717947316
V4,8.5,-1,PP,3.98107170553497,0.0553794802114458,0.0019767016768223,0.055221717947316
V4,8.5,-1,PP,4.21696503428582,0.0553985935162046,0.00209221277686075,0.055221717947316
V4,8.5,-1,PP,4.46683592150963,0.0554200039082932,0.00221426689299251,0.055221717947316
V4,8.5,-1,PP,4.73151258961481,0.0554439827044776,0.0023431959369498,0.055221717947316
V4,8.5,-1,PP,5.01187233627272,0.055470832051403,0.00247934131214914,0.055221717947316
V4,8.5,-1,PP,5.30884444230988,0.0555008881171392,0.00262305266899451,0.055221717947316
V4,8.5,-1,PP,5.62341325190349,0.055534524532128,0.00277468628151724,0.055221717947316
V4,8.5,-1,PP,5.9566214352901,0.0555721560767477,0.00293460297674434,0.055221717947316
V4,8.5,-1,PP,6.30957344480193,0.0556142426049499,0.00310316553889637,0.055221717947316
V4,8.5,-1,PP,6.68343917568615,0.0556612931832629,0.0032807355007129,0.055221717947316
V4,8.5,-1,PP,7.07945784384138,0.0557138704113704,0.00346766922414213,0.055221717947316
V4,8.5,-1,PP,7.49894209332456,0.0557725948739097,0.00366431316270018,0.055221717947316
V4,8.5,-1,PP,7.94328234724281,0.0558381496524714,0.0038709981885659,0.055221717947316
V4,8.5,-1,PP,8.41395141645195,0.0559112848013989,0.00408803285971033,0.055221717947316
V4,8.5,-1,PP,8.91250938133745,0.0559928216602484,0.00431569549712075,0.055221717947316
V4,8.5,-1,PP,9.44060876285924,0.0560836568391509,0.0045542249408501,0.055221717947316
V4,8.5,-1,PP,10,0.0561847656704283,0.00480380985797416,0.055221717947316
V4,8.5,-1,PP,10.5925372517729,0.0562972048705653,0.00506457648777198,0.055221717947316
V4,8.5,-1,PP,11.2201845430196,0.0564221141013848,0.00533657473222738,0.055221717947316
V4,8.5,-1,PP,11.8850222743702,0.0565607160590225,0.00561976253640312,0.055221717947316
V4,8.5,-1,PP,12.5892541179417,0.0567143146559802,0.00591398855688069,0.055221717947316
V4,8.5,-1,PP,13.3352143216332,0.056884290798295,0.00621897319104675,0.055221717947316
V4,8.5,-1,PP,14.1253754462275,0.0570720952013647,0.0065342881392718,0.055221717947316
V4,8.5,-1,PP,14.9623565609443,0.0572792376407758,0.00685933479923301,0.055221717947316
V4,8.5,-1,PP,15.8489319246111,0.0575072720072159,0.00719332194895727,0.055221717947316
V4,8.5,-1,PP,16.7880401812256,0.0577577765381229,0.00753524336283077,0.055221717947316
V4,8.5,-1,PP,17.7827941003892,0.0580323286460577,0.00788385622004562,0.055221717947316
V4,8.5,-1,PP,18.836490894898,0.0583324738693908,0.00823766140066383,0.055221717947316
V4,8.5,-1,PP,19.9526231496888,0.0586596886496378,0.00859488700801034,0.055221717947316
V4,8.5,-1,PP,21.1348903983665,0.0590153369051832,0.00895347668802433,0.055221717947316
V4,8.5,-1,PP,22.3872113856834,0.0594006207326472,0.00931108450957911,0.055221717947316
V4,8.5,-1,PP,23.7137370566166,0.0598165260268933,0.00966507829038523,0.055221717947316
V4,8.5,-1,PP,25.1188643150958,0.0602637643594258,0.010012553260909,0.055221717947316
V4,8.5,-1,PP,26.6072505979881,0.0607427130683346,0.0103503578113915,0.055221717947316
V4,8.5,-1,PP,28.1838293126445,0.0612533561483771,0.0106751327253593,0.055221717947316
V4,8.5,-1,PP,29.8538261891796,0.0617952291252905,0.0109833647386565,0.055221717947316
V4,8.5,-1,PP,31.6227766016838,0.0623673715748191,0.0112714544676509,0.055221717947316
V4,8.5,-1,PP,33.4965439157828,0.0629682912142909,0.0115357977447382,0.055221717947316
V4,8.5,-1,PP,35.4813389233575,0.0635959434634575,0.0117728782407865,0.055221717947316
V4,8.5,-1,PP,37.5837404288444,0.064247729968352,0.011979368038907,0.055221717947316
V4,8.5,-1,PP,39.8107170553497,0.0649205187675727,0.0121522316824753,0.055221717947316
V4,8.5,-1,PP,42.1696503428582,0.0656106875654616,0.012288828304602,0.055221717947316
V4,8.5,-1,PP,44.6683592150963,0.0663141900331912,0.0123870059081083,0.055221717947316
V4,8.5,-1,PP,47.315125896148,0.0670266433209524,0.0124451818294308,0.055221717947316
V4,8.5,-1,PP,50.1187233627273,0.0677434332166495,0.0124624039574182,0.055221717947316
V4,8.5,-1,PP,53.0884444230988,0.0684598318385922,0.0124383883840332,0.055221717947316
V4,8.5,-1,PP,56.2341325190349,0.0691711216032384,0.0123735307499055,0.055221717947316
V4,8.5,-1,PP,59.566214352901,0.0698727186212947,0.0122688904486132,0.055221717947316
V4,8.5,-1,PP,63.0957344480193,0.0705602887293969,0.0121261488523531,0.055221717947316
V4,8.5,-1,PP,66.8343917568615,0.0712298500524833,0.0119475445845797,0.055221717947316
V4,8.5,-1,PP,70.7945784384138,0.0718778572170805,0.011735790381495,0.055221717947316
V4,8.5,-1,PP,74.9894209332456,0.072501263931159,0.0114939771004036,0.055221717947316
V4,8.5,-1,PP,79.4328234724281,0.0730975624065145,0.0112254708740536,0.055221717947316
V4,8.5,-1,PP,84.1395141645195,0.0736647998169844,0.0109338092849328,0.055221717947316
V4,8.5,-1,PP,89.1250938133746,0.0742015734827269,0.0106226018233887,0.055221717947316
V4,8.5,-1,PP,94.4060876285924,0.074707007622898,0.0102954389297034,0.055221717947316
V4,8.5,-1,PP,100,0.0751807152647689,0.00995581275650728,0.055221717947316
V4,8.5,-1,CF,0.1,0.055221962805779,7.81220774838864e-05,0.055221717947316
V4,8.5,-1,CF,0.105925372517729,0.0552219926827009,8.27510024012724e-05,0.055221717947316
V4,8.5,-1,CF,0.112201845430196,0.0552220262050733,8.76541896659431e-05,0.055221717947316
V4,8.5,-1,CF,0.118850222743702,0.0552220638176864,9.2847886819205e-05,0.055221717947316
V4,8.5,-1,CF,0.125892541179417,0.0552221060195973,9.83493034653793e-05,0.055221717947316
V4,8.5,-1,CF,0.133352143216332,0.05522215337075,0.000104176668152402,0.055221717947316
V4,8.5,-1,CF,0.141253754462275,0.055222206499403,0.000110349288599214,0.055221717947316
V4,8.5,-1,CF,0.149623565609443,0.0552222661104625,0.000116887615463794,0.055221717947316
V4,8.5,-1,CF,0.158489319246111,0.0552223329948319,0.000123813309856363,0.055221717947316
V4,8.5,-1,CF,0.167880401812256,0.0552224080399013,0.000131149314813373,0.055221717947316
V4,8.5,-1,CF,0.177827941003892,0.0552224922413161,0.000138919930959525,0.055221717947316
V4,8.5,-1,CF,0.18836490894898,0.0552225867161801,0.000147150896597091,0.055221717947316
V4,8.5,-1,CF,0.199526231496888,0.0552226927178683,0.000155869472474338,0.055221717947316
V4,8.5,-1,CF,0.211348903983665,0.0552228116526454,0.000165104531497782,0.055221717947316
V4,8.5,-1,CF,0.223872113856834,0.0552229450983088,0.000174886653666323,0.055221717947316
V4,8.5,-1,CF,0.237137370566166,0.0552230948251046,0.000185248226518989,0.055221717947316
V4,8.5,-1,CF,0.251188643150958,0.0552232628191911,0.000196223551401981,0.055221717947316
V4,8.5,-1,CF,0.266072505979881,0.0552234513089604,0.00020784895587485,0.055221717947316
V4,8.5,-1,CF,0.281838293126445,0.055223662794566,0.00022016291258989,0.055221717947316
V4,8.5,-1,CF,0.298538261891796,0.0552239000810456,0.000233206164993076,0.055221717947316
V4,8.5,-1,CF,0.316227766016838,0.0552241663154758,0.000247021860208823,0.055221717947316
V4,8.5,-1,CF,0.334965439157828,0.0552244650286484,0.000261655689484485,0.055221717947316
V4,8.5,-1,CF,0.354813389233576,0.0552248001818162,0.000277156036583397,0.055221717947316
V4,8.5,-1,CF,0.375837404288444,0.0552251762191246,0.000293574134527187,0.055221717947316
V4,8.5,-1,CF,0.398107170553497,0.0552255981264152,0.000310964231098648,0.055221717947316
V4,8.5,-1,CF,0.421696503428582,0.0552260714971753,0.000329383763525134,0.055221717947316
V4,8.5,-1,CF,0.446683592150963,0.0552266026064961,0.00034889354276872,0.055221717947316
V4,8.5,-1,CF,0.473151258961481,0.055227198494006,0.00036955794785255,0.055221717947316
V4,8.5,-1,CF,0.501187233627272,0.0552278670568643,0.000391445130651972,0.055221717947316
V4,8.5,-1,CF,0.530884444230988,0.0552286171540241,0.000414627231573369,0.055221717947316
V4,8.5,-1,CF,0.562341325190349,0.0552294587231223,0.000439180606531681,0.055221717947316
V4,8.5,-1,CF,0.59566214352901,0.055230402911511,0.000465186065618157,0.055221717947316
V4,8.5,-1,CF,0.630957344480193,0.0552314622231259,0.000492729123821098,0.055221717947316
V4,8.5,-1,CF,0.668343917568615,0.055232650683083,0.000521900264122173,0.055221717947316
V4,8.5,-1,CF,0.707945784384138,0.0552339840221199,0.00055279521323695,0.055221717947316
V4,8.5,-1,CF,0.749894209332456,0.055235479883239,0.000585515230197559,0.055221717947316
V4,8.5,-1,CF,0.794328234724281,0.0552371580531843,0.000620167407884517,0.055221717947316
V4,8.5,-1,CF,0.841395141645195,0.0552390407216843,0.000656864987499536,0.055221717947316
V4,8.5,-1,CF,0.891250938133745,0.0552411527717243,0.000695727685826774,0.055221717947316
V4,8.5,-1,CF,0.944060876285923,0.0552435221044808,0.000736882034950719,0.055221717947316
V4,8.5,-1,CF,1,0.0552461800029501,0.000780461733877874,0.055221717947316
V4,8.5,-1,CF,1.05925372517729,0.0552491615387504,0.000826608011238805,0.055221717947316
V4,8.5,-1,CF,1.12201845430196,0.0552525060270546,0.000875469997917256,0.055221717947316
V4,8.5,-1,CF,1.18850222743702,0.0552562575351423,0.000927205108053201,0.055221717947316
V4,8.5,-1,CF,1.25892541179417,0.0552604654506263,0.000981979426383758,0.055221717947316
V4,8.5,-1,CF,1.33352143216332,0.0552651851160272,0.00103996809930487,0.055221717947316
V4,8.5,-1,CF,1.41253754462275,0.0552704785370256,0.00110135572634003,0.055221717947316
V4,8.5,-1,CF,1.49623565609443,0.0552764151724248,0.00116633674786971,0.055221717947316
V4,8.5,-1,CF,1.58489319246111,0.0552830728145902,0.00123511582398326,0.055221717947316
V4,8.5,-1,CF,1.67880401812256,0.0552905385699,0.00130790819813635,0.055221717947316
V4,8.5,-1,CF,1.77827941003892,0.0552989099495236,0.00138494003790174,0.055221717947316
V4,8.5,-1,CF,1.8836490894898,0.0553082960816294,0.00146644874345245,0.055221717947316
V4,8.5,-1,CF,1.99526231496888,0.055318819056886,0.00155268321247706,0.055221717947316
V4,8.5,-1,CF,2.11348903983665,0.055330615419833,0.00164390404795,0.055221717947316
V4,8.5,-1,CF,2.23872113856834,0.0553438378193147,0.00174038369251899,0.055221717947316
V4,8.5,-1,CF,2.37137370566166,0.055358656831645,0.00184240647017203,0.055221717947316
V4,8.5,-1,CF,2.51188643150958,0.0553752629704261,0.00195026851225186,0.055221717947316
V4,8.5,-1,CF,2.66072505979881,0.0553938688969028,0.00206427754073657,0.055221717947316
V4,8.5,-1,CF,2.81838293126445,0.0554147118442715,0.00218475247694143,0.055221717947316
V4,8.5,-1,CF,2.98538261891796,0.0554380562683542,0.00231202283836128,0.055221717947316
V4,8.5,-1,CF,3.16227766016838,0.0554641967353069,0.00244642788021481,0.055221717947316
V4,8.5,-1,CF,3.34965439157828,0.0554934610543583,0.00258831543133405,0.055221717947316
V4,8.5,-1,CF,3.54813389233576,0.0555262136596996,0.0027380403663489,0.055221717947316
V4,8.5,-1,CF,3.75837404288444,0.0555628592402706,0.0028959626476649,0.055221717947316
V4,8.5,-1,CF,3.98107170553497,0.0556038466089372,0.00306244486158936,0.055221717947316
V4,8.5,-1,CF,4.21696503428582,0.0556496727930036,0.00323784916326005,0.055221717947316
V4,8.5,-1,CF,4.46683592150963,0.0557008873156601,0.00342253353500119,0.055221717947316
V4,8.5,-1,CF,4.73151258961481,0.0557580966222801,0.00361684725272582,0.055221717947316
V4,8.5,-1,CF,5.01187233627272,0.055821968585845,0.00382112544553862,0.055221717947316
V4,8.5,-1,CF,5.30884444230988,0.0558932370015683,0.00403568262549373,0.055221717947316
V4,8.5,-1,CF,5.62341325190349,0.0559727059513722,0.00426080505851209,0.055221717947316
V4,8.5,-1,CF,5.9566214352901,0.0560612538836871,0.00449674184506363,0.055221717947316
V4,8.5,-1,CF,6.30957344480193,0.0561598372126601,0.00474369458204294,0.055221717947316
V4,8.5,-1,CF,6.68343917568615,0.0562694931931042,0.00500180548741091,0.055221717947316
V4,8.5,-1,CF,7.07945784384138,0.0563913417736218,0.00527114388919257,0.055221717947316
V4,8.5,-1,CF,7.49894209332456,0.056526586071136,0.00555169101333263,0.055221717947316
V4,8.5,-1,CF,7.94328234724281,0.0566765110472359,0.00584332305414714,0.055221717947316
V4,8.5,-1,CF,8.41395141645195,0.0568424799031246,0.00614579258039316,0.055221717947316
V4,8.5,-1,CF,8.91250938133745,0.05702592764982,0.00645870842307718,0.055221717947316
V4,8.5,-1,CF,9.44060876285924,0.0572283512596877,0.0067815143114631,0.055221717947316
V4,8.5,-1,CF,10,0.0574512957725013,0.0071134666738223,0.055221717947316
V4,8.5,-1,CF,10.5925372517729,0.0576963357243949,0.00745361220007223,0.055221717947316
V4,8.5,-1,CF,11.2201845430196,0.0579650513037755,0.00780076597260617,0.055221717947316
V4,8.5,-1,CF,11.8850222743702,0.058258998728713,0.00815349120339021,0.055221717947316
V4,8.5,-1,CF,12.5892541179417,0.0585796745004407,0.00851008185856953,0.055221717947316
V4,8.5,-1,CF,13.3352143216332,0.0589284734314226,0.00886854968864351,0.055221717947316
V4,8.5,-1,CF,14.1253754462275,0.0593066406846713,0.00922661738761132,0.055221717947316
V4,8.5,-1,CF,14.9623565609443,0.059715218497828,0.00958171974577157,0.055221717947316
V4,8.5,-1,CF,15.8489319246111,0.0601549887947599,0.00993101469920377,0.055221717947316
V4,8.5,-1,CF,16.7880401812256,0.0606264134886667,0.0102714060721315,0.055221717947316
V4,8.5,-1,CF,17.7827941003892,0.0611295749157844,0.0105995795158068,0.055221717947316
V4,8.5,-1,CF,18.836490894898,0.0616641194503254,0.0109120526375795,0.055221717947316
V4,8.5,-1,CF,19.9526231496888,0.0622292078637638,0.0112052395724991,0.055221717947316
V4,8.5,-1,CF,21.1348903983665,0.0628234763167668,0.0114755292902998,0.055221717947316
V4,8.5,-1,CF,22.3872113856834,0.0634450119191453,0.0117193758011127,0.055221717947316
V4,8.5,-1,CF,23.7137370566166,0.0640913464834329,0.0119333972107683,0.055221717947316
V4,8.5,-1,CF,25.1188643150958,0.0647594713819161,0.0121144794043845,0.055221717947316
V4,8.5,-1,CF,26.6072505979881,0.0654458752927428,0.0122598791536075,0.055221717947316
V4,8.5,-1,CF,28.1838293126445,0.0661466051451744,0.0123673208025509,0.055221717947316
V4,8.5,-1,CF,29.8538261891796,0.0668573488671468,0.0124350805240142,0.055221717947316
V4,8.5,-1,CF,31.6227766016838,0.0675735367743563,0.0124620525367246,0.055221717947316
V4,8.5,-1,CF,33.4965439157828,0.0682904568257078,0.0124477926506344,0.055221717947316
V4,8.5,-1,CF,35.4813389233575,0.069003377712017,0.0123925359919366,0.055221717947316
V4,8.5,-1,CF,37.5837404288444,0.0697076730141484,0.0122971876039905,0.055221717947316
V4,8.5,-1,CF,39.8107170553497,0.0703989395659247,0.0121632866171119,0.055221717947316
V4,8.5,-1,CF,42.1696503428582,0.071073103700514,0.0119929465958142,0.055221717947316
V4,8.5,-1,CF,44.6683592150963,0.0717265101697963,0.0117887762869472,0.055221717947316
V4,8.5,-1,CF,47.315125896148,0.0723559900516664,0.0115537861366743,0.055221717947316
V4,8.5,-1,CF,50.1187233627273,0.0729589057007663,0.0112912865237604,0.055221717947316
V4,8.5,-1,CF,53.0884444230988,0.0735331725432954,0.0110047836606513,0.055221717947316
V4,8.5,-1,CF,56.2341325190349,0.0740772590791494,0.0106978786081236,0.055221717947316
V4,8.5,-1,CF,59.566214352901,0.0745901676963477,0.0103741739557878,0.055221717947316
V4,8.5,-1,CF,63.0957344480193,0.0750713997468982,0.0100371915902849,0.055221717947316
V4,8.5,-1,CF,66.8343917568615,0.075520908764962,0.00969030375835327,0.055221717947316
V4,8.5,-1,CF,70.7945784384138,0.0759390457638779,0.00933667846572381,0.055221717947316
V4,8.5,-1,CF,74.9894209332456,0.076326500299818,0.00897923923390228,0.055221717947316
V4,8.5,-1,CF,79.4328234724281,0.0766842405254084,0.00862063842532859,0.055221717947316
V4,8.5,-1,CF,84.1395141645195,0.0770134548668868,0.00826324276641623,0.055221717947316
V4,8.5,-1,CF,89.1250938133746,0.0773154973235136,0.00790912934104115,0.055221717947316
V4,8.5,-1,CF,94.4060876285924,0.0775918377713134,0.00756009016696152,0.055221717947316
V4,8.5,-1,CF,100,0.0778440180988026,0.00721764346572805,0.055221717947316
V4,8.5,0,PP,0.1,0.0552218161156839,4.81959873652703e-05,0.055221717947316
V4,8.5,0,PP,0.105925372517729,0.0552218280939806,5.10517533114967e-05,0.055221717947316
V4,8.5,0,PP,0.112201845430196,0.0552218415338362,5.40767291566975e-05,0.055221717947316
V4,8.5,0,PP,0.118850222743702,0.055221856613584,5.72809402994322e-05,0.055221717947316
V4,8.5,0,PP,0.125892541179417,0.0552218735333164,6.06750060073752e-05,0.055221717947316
V4,8.5,0,PP,0.133352143216332,0.0552218925175396,6.42701745736449e-05,0.055221717947316
V4,8.5,0,PP,0.141253754462275,0.0552219138181522,6.80783605501269e-05,0.055221717947316
V4,8.5,0,PP,0.149623565609443,0.0552219377177868,7.2112184179701e-05,0.055221717947316
V4,8.5,0,PP,0.158489319246111,0.0552219645335605,7.63850131562875e-05,0.055221717947316
V4,8.5,0,PP,0.167880401812256,0.0552219946212811,8.09110068490079e-05,0.055221717947316
V4,8.5,0,PP,0.177827941003892,0.0552220283801678,8.57051631345224e-05,0.055221717947316
V4,8.5,0,PP,0.18836490894898,0.055222066258147,9.07833679897749e-05,0.055221717947316
V4,8.5,0,PP,0.199526231496888,0.0552221087577942,9.61624480059635e-05,0.055221717947316
V4,8.5,0,PP,0.211348903983665,0.055222156443001,0.000101860225993562,0.055221717947316
V4,8.5,0,PP,0.223872113856834,0.0552222099464542,0.000107895579857668,0.055221717947316
V4,8.5,0,PP,0.237137370566166,0.055222269978028,0.000114288504932845,0.055221717947316
V4,8.5,0,PP,0.251188643150958,0.055222337334199,0.000121060179976963,0.055221717947316
V4,8.5,0,PP,0.266072505979881,0.0552224129086093,0.000128233037034329,0.055221717947316
V4,8.5,0,PP,0.281838293126445,0.0552224977039177,0.00013583083538965,0.055221717947316
V4,8.5,0,PP,0.298538261891796,0.055222592845095,0.000143878739846,0.055221717947316
V4,8.5,0,PP,0.316227766016838,0.0552226995943409,0.000152403403572098,0.055221717947316
V4,8.5,0,PP,0.334965439157828,0.0552228193678181,0.000161433055776636,0.055221717947316
V4,8.5,0,PP,0.354813389233576,0.0552229537544262,0.000170997594480248,0.055221717947316
V4,8.5,0,PP,0.375837404288444,0.0552231045368633,0.000181128684668823,0.055221717947316
V4,8.5,0,PP,0.398107170553497,0.0552232737152525,0.000191859862125241,0.055221717947316
V4,8.5,0,PP,0.421696503428582,0.0552234635336471,0.000203226643250075,0.055221717947316
V4,8.5,0,PP,0.446683592150963,0.055223676509763,0.000215266641195378,0.055221717947316
V4,8.5,0,PP,0.473151258961481,0.055223915468331,0.000228019688649041,0.055221717947316
V4,8.5,0,PP,0.501187233627272,0.0552241835785081,0.000241527967620363,0.055221717947316
V4,8.5,0,PP,0.530884444230988,0.0552244843958408,0.000255836146590055,0.055221717947316
V4,8.5,0,PP,0.562341325190349,0.0552248219093332,0.000270991525399734,0.055221717947316
V4,8.5,0,PP,0.59566214352901,0.0552252005942366,0.000287044188266651,0.055221717947316
V4,8.5,0,PP,0.630957344480193,0.0552256254712553,0.000304047165318583,0.055221717947316
V4,8.5,0,PP,0.668343917568615,0.0552261021729444,0.000322056603050944,0.055221717947316
V4,8.5,0,PP,0.707945784384138,0.0552266370181674,0.000341131944112728,0.055221717947316
V4,8.5,0,PP,0.749894209332456,0.0552272370955891,0.000361336116829062,0.055221717947316
V4,8.5,0,PP,0.794328234724281,0.0552279103572901,0.000382735734865143,0.055221717947316
V4,8.5,0,PP,0.841395141645195,0.0552286657237235,0.000405401307428036,0.055221717947316
V4,8.5,0,PP,0.891250938133745,0.0552295132013753,0.000429407460388035,0.055221717947316
V4,8.5,0,PP,0.944060876285923,0.0552304640146526,0.000454833168678496,0.055221717947316
V4,8.5,0,PP,1,0.0552315307537027,0.000481762000300434,0.055221717947316
V4,8.5,0,PP,1.05925372517729,0.0552327275400642,0.000510282372213682,0.055221717947316
V4,8.5,0,PP,1.12201845430196,0.0552340702122739,0.000540487818337381,0.055221717947316
V4,8.5,0,PP,1.18850222743702,0.0552355765337985,0.000572477269806066,0.055221717947316
V4,8.5,0,PP,1.25892541179417,0.0552372664259302,0.00060635534753004,0.055221717947316
V4,8.5,0,PP,1.33352143216332,0.0552391622285899,0.000642232666985761,0.055221717947316
V4,8.5,0,PP,1.41253754462275,0.0552412889923088,0.000680226155008709,0.055221717947316
V4,8.5,0,PP,1.49623565609443,0.0552436748050292,0.000720459378171521,0.055221717947316
V4,8.5,0,PP,1.58489319246111,0.0552463511577646,0.000763062882097277,0.055221717947316
V4,8.5,0,PP,1.67880401812256,0.0552493533535974,0.000808174540773281,0.055221717947316
V4,8.5,0,PP,1.77827941003892,0.0552527209649765,0.000855939914584906,0.055221717947316
V4,8.5,0,PP,1.8836490894898,0.0552564983447933,0.000906512615370652,0.055221717947316
V4,8.5,0,PP,1.99526231496888,0.055260735197282,0.000960054676295326,0.055221717947316
V4,8.5,0,PP,2.11348903983665,0.0552654872153926,0.00101673692373262,0.055221717947316
V4,8.5,0,PP,2.23872113856834,0.0552708167919329,0.0010767393476234,0.055221717947316
V4,8.5,0,PP,2.37137370566166,0.055276793812459,0.00114025146591113,0.055221717947316
V4,8.5,0,PP,2.51188643150958,0.0552834965386061,0.00120747267762657,0.055221717947316
V4,8.5,0,PP,2.66072505979881,0.0552910125912916,0.00127861259797359,0.055221717947316
V4,8.5,0,PP,2.81838293126445,0.0552994400439666,0.00135389136732422,0.055221717947316
V4,8.5,0,PP,2.98538261891796,0.0553088886368315,0.00143353992432951,0.055221717947316
V4,8.5,0,PP,3.16227766016838,0.0553194811236309,0.00151780023135295,0.055221717947316
V4,8.5,0,PP,3.34965439157828,0.0553313547632846,0.00160692543809075,0.055221717947316
V4,8.5,0,PP,3.54813389233576,0.0553446629691283,0.00170117996651043,0.055221717947316
V4,8.5,0,PP,3.75837404288444,0.0553595771288959,0.00180083949706247,0.055221717947316
V4,8.5,0,PP,3.98107170553497,0.0553762886086818,0.00190619083244469,0.055221717947316
V4,8.5,0,PP,4.21696503428582,0.0553950109538932,0.00201753161096765,0.055221717947316
V4,8.5,0,PP,4.46683592150963,0.0554159822995148,0.00213516983672701,0.055221717947316
V4,8.5,0,PP,4.73151258961481,0.0554394680007199,0.00225942318828174,0.055221717947316
V4,8.5,0,PP,5.01187233627272,0.0554657634927778,0.00239061806132489,0.055221717947316
V4,8.5,0,PP,5.30884444230988,0.055495197386123,0.00252908829388872,0.055221717947316
V4,8.5,0,PP,5.62341325190349,0.0555281347980805,0.00267517351494869,0.055221717947316
V4,8.5,0,PP,5.9566214352901,0.0555649809167718,0.00282921704891944,0.055221717947316
V4,8.5,0,PP,6.30957344480193,0.0556061847847798,0.00299156329956369,0.055221717947316
V4,8.5,0,PP,6.68343917568615,0.0556522432797849,0.00316255452743184,0.055221717947316
V4,8.5,0,PP,7.07945784384138,0.0557037052561102,0.00334252692538997,0.055221717947316
V4,8.5,0,PP,7.49894209332456,0.05576117579437,0.00353180588748548,0.055221717947316
V4,8.5,0,PP,7.94328234724281,0.0558253204856296,0.00373070035793025,0.055221717947316
V4,8.5,0,PP,8.41395141645195,0.0558968696510365,0.00393949614015791,0.055221717947316
V4,8.5,0,PP,8.91250938133745,0.0559766223672115,0.00415844804181613,0.055221717947316
V4,8.5,0,PP,9.44060876285924,0.0560654501313083,0.00438777073159743,0.055221717947316
V4,8.5,0,PP,10,0.0561642999572616,0.00462762818977965,0.055221717947316
V4,8.5,0,PP,10.5925372517729,0.0562741966463608,0.00487812164845278,0.055221717947316
V4,8.5,0,PP,11.2201845430196,0.0563962439213932,0.00513927594230437,0.055221717947316
V4,8.5,0,PP,11.8850222743702,0.0565316240553771,0.00541102422959753,0.055221717947316
V4,8.5,0,PP,12.5892541179417,0.0566815955654564,0.00569319109902551,0.055221717947316
V4,8.5,0,PP,13.3352143216332,0.0568474884832268,0.00598547415505527,0.055221717947316
V4,8.5,0,PP,14.1253754462275,0.057030696659486,0.00628742427564789,0.055221717947316
V4,8.5,0,PP,14.9623565609443,0.0572326665209102,0.00659842486475007,0.055221717947316
V4,8.5,0,PP,15.8489319246111,0.0574548816772338,0.00691767057933132,0.055221717947316
V4,8.5,0,PP,16.7880401812256,0.0576988427910586,0.00724414619653492,0.055221717947316
V4,8.5,0,PP,17.7827941003892,0.0579660421812058,0.00757660649706799,0.055221717947316
V4,8.5,0,PP,18.836490894898,0.0582579327485409,0.00791355826822659,0.055221717947316
V4,8.5,0,PP,19.9526231496888,0.0585758910044229,0.00825324576023814,0.055221717947316
V4,8.5,0,PP,21.1348903983665,0.0589211742583955,0.0085936411425338,0.055221717947316
V4,8.5,0,PP,22.3872113856834,0.0592948723908547,0.00893244167460044,0.055221717947316
V4,8.5,0,PP,23.7137370566166,0.0596978550976051,0.00926707539497419,0.055221717947316
V4,8.5,0,PP,25.1188643150958,0.0601307160341115,0.00959471710271533,0.055221717947316
V4,8.5,0,PP,26.6072505979881,0.0605937158801627,0.00991231621833913,0.055221717947316
V4,8.5,0,PP,28.1838293126445,0.0610867269450798,0.0102166377305121,0.055221717947316
V4,8.5,0,PP,29.8538261891796,0.0616091824758164,0.0105043168383089,0.055221717947316
V4,8.5,0,PP,31.6227766016838,0.062160034236531,0.0107719270853566,0.055221717947316
V4,8.5,0,PP,33.4965439157828,0.0627377221119549,0.0110160607805454,0.055221717947316
V4,8.5,0,PP,35.4813389233575,0.0633401593658362,0.0112334193746907,0.055221717947316
V4,8.5,0,PP,37.5837404288444,0.0639647366974106,0.0114209103146377,0.055221717947316
V4,8.5,0,PP,39.8107170553497,0.0646083473574585,0.0115757458569868,0.055221717947316
V4,8.5,0,PP,42.1696503428582,0.0652674343366558,0.0116955385393966,0.055221717947316
V4,8.5,0,PP,44.6683592150963,0.0659380591077007,0.0117783876180813,0.055221717947316
V4,8.5,0,PP,47.315125896148,0.0666159897313008,0.011822950892492,0.055221717947316
V4,8.5,0,PP,50.1187233627273,0.0672968045090354,0.0118284970012005,0.055221717947316
V4,8.5,0,PP,53.0884444230988,0.0679760059838717,0.0117949344604686,0.055221717947316
V4,8.5,0,PP,56.2341325190349,0.0686491391347738,0.0117228153233519,0.055221717947316
V4,8.5,0,PP,59.566214352901,0.0693119072176125,0.0116133131893684,0.055221717947316
V4,8.5,0,PP,63.0957344480193,0.0699602789263404,0.0114681771785822,0.055221717947316
V4,8.5,0,PP,66.8343917568615,0.0705905813546206,0.011289665179868,0.055221717947316
V4,8.5,0,PP,70.7945784384138,0.0711995745161338,0.0110804610031954,0.055221717947316
V4,8.5,0,PP,74.9894209332456,0.0717845047597793,0.0108435808834521,0.055221717947316
V4,8.5,0,PP,79.4328234724281,0.0723431360948247,0.0105822750496787,0.055221717947316
V4,8.5,0,PP,84.1395141645195,0.0728737600286244,0.0102999298175521,0.055221717947316
V4,8.5,0,PP,89.1250938133746,0.0733751858595952,0.00999997497728749,0.055221717947316
V4,8.5,0,PP,94.4060876285924,0.0738467143586749,0.00968580026699718,0.055221717947316
V4,8.5,0,PP,100,0.0742880983714963,0.00936068359007735,0.055221717947316
V4,8.5,0,CF,0.1,0.0552219579011199,7.53507561555537e-05,0.055221717947316
V4,8.5,0,CF,0.105925372517729,0.055221987179579,7.98154703910677e-05,0.055221717947316
V4,8.5,0,CF,0.112201845430196,0.0552220200304641,8.45447169604094e-05,0.055221717947316
V4,8.5,0,CF,0.118850222743702,0.0552220568896549,8.95541668806429e-05,0.055221717947316
V4,8.5,0,CF,0.125892541179417,0.0552220982462105,9.48604190735234e-05,0.055221717947316
V4,8.5,0,CF,0.133352143216332,0.055222144648857,0.000100481055222634,0.055221717947316
V4,8.5,0,CF,0.141253754462275,0.055222196713266,0.000106434697857514,0.055221717947316
V4,8.5,0,CF,0.149623565609443,0.055222255130221,0.000112741071851566,0.055221717947316
V4,8.5,0,CF,0.158489319246111,0.0552223206747791,0.000119421069530749,0.055221717947316
V4,8.5,0,CF,0.167880401812256,0.0552223942165506,0.00012649681960077,0.055221717947316
V4,8.5,0,CF,0.177827941003892,0.0552224767312312,0.000133991760111593,0.055221717947316
V4,8.5,0,CF,0.18836490894898,0.0552225693135404,0.00014193071568966,0.055221717947316
V4,8.5,0,CF,0.199526231496888,0.0552226731917373,0.000150339979280209,0.055221717947316
V4,8.5,0,CF,0.211348903983665,0.0552227897439055,0.000159247398654464,0.055221717947316
V4,8.5,0,CF,0.223872113856834,0.0552229205162222,0.000168682467949197,0.055221717947316
V4,8.5,0,CF,0.237137370566166,0.0552230672434539,0.000178676424519253,0.055221717947316
V4,8.5,0,CF,0.251188643150958,0.0552232318719492,0.000189262351396922,0.055221717947316
V4,8.5,0,CF,0.266072505979881,0.0552234165854318,0.000200475285665511,0.055221717947316
V4,8.5,0,CF,0.281838293126445,0.0552236238339347,0.000212352333068018,0.055221717947316
V4,8.5,0,CF,0.298538261891796,0.0552238563662573,0.000224932789185258,0.055221717947316
V4,8.5,0,CF,0.316227766016838,0.0552241172663733,0.00023825826753099,0.055221717947316
V4,8.5,0,CF,0.334965439157828,0.0552244099942684,0.000252372834924361,0.055221717947316
V4,8.5,0,CF,0.354813389233576,0.0552247384317457,0.000267323154511995,0.055221717947316
V4,8.5,0,CF,0.375837404288444,0.0552251069338009,0.000283158636823081,0.055221717947316
V4,8.5,0,CF,0.398107170553497,0.0552255203862418,0.000299931599250352,0.055221717947316
V4,8.5,0,CF,0.421696503428582,0.0552259842703076,0.000317697434357551,0.055221717947316
V4,8.5,0,CF,0.446683592150963,0.0552265047351341,0.000336514787419192,0.055221717947316
V4,8.5,0,CF,0.473151258961481,0.0552270886790129,0.000356445743600456,0.055221717947316
V4,8.5,0,CF,0.501187233627272,0.0552277438405038,0.000377556025183141,0.055221717947316
V4,8.5,0,CF,0.530884444230988,0.0552284789005875,0.000399915199236651,0.055221717947316
V4,8.5,0,CF,0.562341325190349,0.0552293035971867,0.000423596896119882,0.055221717947316
V4,8.5,0,CF,0.59566214352901,0.055230228853537,0.000448679039179135,0.055221717947316
V4,8.5,0,CF,0.630957344480193,0.05523126692207,0.000475244085977052,0.055221717947316
V4,8.5,0,CF,0.668343917568615,0.0552324315456572,0.00050337928134613,0.055221717947316
V4,8.5,0,CF,0.707945784384138,0.055233738138287,0.000533176922505009,0.055221717947316
V4,8.5,0,CF,0.749894209332456,0.0552352039874809,0.000564734636403694,0.055221717947316
V4,8.5,0,CF,0.794328234724281,0.0552368484810227,0.000598155669371612,0.055221717947316
V4,8.5,0,CF,0.841395141645195,0.05523869336087,0.000633549189025917,0.055221717947316
V4,8.5,0,CF,0.891250938133745,0.055240763007437,0.000671030598251828,0.055221717947316
V4,8.5,0,CF,0.944060876285923,0.0552430847577998,0.00071072186088635,0.055221717947316
V4,8.5,0,CF,1,0.0552456892617654,0.00075275183851477,0.055221717947316
V4,8.5,0,CF,1.05925372517729,0.0552486108801766,0.000797256637517777,0.055221717947316
V4,8.5,0,CF,1.12201845430196,0.0552518881302956,0.00084437996517679,0.055221717947316
V4,8.5,0,CF,1.18850222743702,0.0552555641836191,0.000894273493244974,0.055221717947316
V4,8.5,0,CF,1.25892541179417,0.0552596874220335,0.000947097226908807,0.055221717947316
V4,8.5,0,CF,1.33352143216332,0.05526431205881,0.00100301987648495,0.055221717947316
V4,8.5,0,CF,1.41253754462275,0.0552694988315819,0.00106221922850234,0.055221717947316
V4,8.5,0,CF,1.49623565609443,0.0552753157751156,0.00112488251198948,0.055221717947316
V4,8.5,0,CF,1.58489319246111,0.0552818390823988,0.00119120675479926,0.055221717947316
V4,8.5,0,CF,1.67880401812256,0.0552891540632991,0.00126139912363084,0.055221717947316
V4,8.5,0,CF,1.77827941003892,0.0552973562107939,0.00133567724002079,0.055221717947316
V4,8.5,0,CF,1.8836490894898,0.0553065523855138,0.00141426946293821,0.055221717947316
V4,8.5,0,CF,1.99526231496888,0.0553168621300543,0.00149741512669354,0.055221717947316
V4,8.5,0,CF,2.11348903983665,0.0553284191251684,0.00158536472061358,0.055221717947316
V4,8.5,0,CF,2.23872113856834,0.0553413728005039,0.00167837999429932,0.055221717947316
V4,8.5,0,CF,2.37137370566166,0.0553558901129529,0.00177673396921675,0.055221717947316
V4,8.5,0,CF,2.51188643150958,0.0553721575058517,0.00188071083381868,0.055221717947316
V4,8.5,0,CF,2.66072505979881,0.0553903830621326,0.0019906056953013,0.055221717947316
V4,8.5,0,CF,2.81838293126445,0.0554107988639615,0.00210672415640622,0.055221717947316
V4,8.5,0,CF,2.98538261891796,0.0554336635702639,0.00222938168033376,0.055221717947316
V4,8.5,0,CF,3.16227766016838,0.0554592652216644,0.00235890270079071,0.055221717947316
V4,8.5,0,CF,3.34965439157828,0.0554879242795426,0.00249561942742594,0.055221717947316
V4,8.5,0,CF,3.54813389233576,0.0555199969018639,0.00263987028940151,0.055221717947316
V4,8.5,0,CF,3.75837404288444,0.055555878452889,0.00279199795163369,0.055221717947316
V4,8.5,0,CF,3.98107170553497,0.0555960072364235,0.00295234682939658,0.055221717947316
V4,8.5,0,CF,4.21696503428582,0.0556408684325181,0.00312126001765928,0.055221717947316
V4,8.5,0,CF,4.46683592150963,0.0556909982049911,0.00329907554197352,0.055221717947316
V4,8.5,0,CF,4.73151258961481,0.0557469879312805,0.00348612182831477,0.055221717947316
V4,8.5,0,CF,5.01187233627272,0.0558094884863502,0.003682712280548,0.055221717947316
V4,8.5,0,CF,5.30884444230988,0.0558792144880922,0.0038891388468892,0.055221717947316
V4,8.5,0,CF,5.62341325190349,0.0559569483822755,0.00410566445187825,0.055221717947316
V4,8.5,0,CF,5.9566214352901,0.0560435442101033,0.00433251416929413,0.055221717947316
V4,8.5,0,CF,6.30957344480193,0.0561399308604848,0.00456986501582458,0.055221717947316
V4,8.5,0,CF,6.68343917568615,0.0562471145621426,0.00481783425725759,0.055221717947316
V4,8.5,0,CF,7.07945784384138,0.0563661803180135,0.00507646614103849,0.055221717947316
V4,8.5,0,CF,7.49894209332456,0.0564982919270462,0.00534571700421707,0.055221717947316
V4,8.5,0,CF,7.94328234724281,0.0566446901783322,0.00562543875744173,0.055221717947316
V4,8.5,0,CF,8.41395141645195,0.0568066887425468,0.00591536081731792,0.055221717947316
V4,8.5,0,CF,8.91250938133745,0.056985667230441,0.00621507065466582,0.055221717947316
V4,8.5,0,CF,9.44060876285924,0.0571830608438875,0.00652399324806217,0.055221717947316
V4,8.5,0,CF,10,0.0574003460200463,0.00684136988254025,0.055221717947316
V4,8.5,0,CF,10.5925372517729,0.0576390214739806,0.00716623691257848,0.055221717947316
V4,8.5,0,CF,11.2201845430196,0.0579005840918934,0.00749740531374317,0.055221717947316
V4,8.5,0,CF,11.8850222743702,0.0581864992298562,0.00783344207167155,0.055221717947316
V4,8.5,0,CF,12.5892541179417,0.0584981651455865,0.00817265468823211,0.055221717947316
V4,8.5,0,CF,13.3352143216332,0.058836871546214,0.00851308030396107,0.055221717947316
V4,8.5,0,CF,14.1253754462275,0.0592037525818481,0.00885248111740567,0.055221717947316
V4,8.5,0,CF,14.9623565609443,0.0595997350547494,0.00918834789305081,0.055221717947316
V4,8.5,0,CF,15.8489319246111,0.0600254831377973,0.00951791335191977,0.055221717947316
V4,8.5,0,CF,16.7880401812256,0.0604813414799683,0.00983817709249986,0.055221717947316
V4,8.5,0,CF,17.7827941003892,0.06096727917951,0.0101459433574061,0.055221717947316
V4,8.5,0,CF,18.836490894898,0.0614828376679031,0.0104378724168474,0.055221717947316
V4,8.5,0,CF,19.9526231496888,0.062027085993837,0.0107105455765069,0.055221717947316
V4,8.5,0,CF,21.1348903983665,0.0625985872406847,0.010960542855928,0.055221717947316
V4,8.5,0,CF,22.3872113856834,0.0631953797687663,0.0111845312796657,0.055221717947316
V4,8.5,0,CF,23.7137370566166,0.0638149765763145,0.0113793605700101,0.055221717947316
V4,8.5,0,CF,25.1188643150958,0.0644543852845464,0.011542161952076,0.055221717947316
V4,8.5,0,CF,26.6072505979881,0.0651101500849947,0.0116704449241188,0.055221717947316
V4,8.5,0,CF,28.1838293126445,0.0657784155120285,0.0117621863517576,0.055221717947316
V4,8.5,0,CF,29.8538261891796,0.0664550102498347,0.0118159062313982,0.055221717947316
V4,8.5,0,CF,31.6227766016838,0.0671355475275272,0.0118307250001556,0.055221717947316
V4,8.5,0,CF,33.4965439157828,0.0678155371980585,0.0118063983394997,0.055221717947316
V4,8.5,0,CF,35.4813389233575,0.0684905035265873,0.0117433269404671,0.055221717947316
V4,8.5,0,CF,37.5837404288444,0.0691561021788798,0.0116425405106155,0.055221717947316
V4,8.5,0,CF,39.8107170553497,0.0698082299757592,0.0115056571994941,0.055221717947316
V4,8.5,0,CF,42.1696503428582,0.0704431216548454,0.0113348213785475,0.055221717947316
V4,8.5,0,CF,44.6683592150963,0.0710574290609219,0.0111326241345597,0.055221717947316
V4,8.5,0,CF,47.315125896148,0.0716482797107754,0.0109020117798386,0.055221717947316
V4,8.5,0,CF,50.1187233627273,0.0722133133514655,0.0106461880794143,0.055221717947316
V4,8.5,0,CF,53.0884444230988,0.0727506967560116,0.0103685157568614,0.055221717947316
V4,8.5,0,CF,56.2341325190349,0.073259118410591,0.0100724222454748,0.055221717947316
V4,8.5,0,CF,59.566214352901,0.0737377658266749,0.00976131372640416,0.055221717947316
V4,8.5,0,CF,63.0957344480193,0.0741862889039876,0.0094385003861398,0.055221717947316
V4,8.5,0,CF,66.8343917568615,0.0746047530763257,0.00910713467392947,0.055221717947316
V4,8.5,0,CF,70.7945784384138,0.0749935859375984,0.00877016326334788,0.055221717947316
V4,8.5,0,CF,74.9894209332456,0.0753535207440454,0.00843029250516043,0.055221717947316
V4,8.5,0,CF,79.4328234724281,0.0756855397065308,0.0080899664477262,0.055221717947316
V4,8.5,0,CF,84.1395141645195,0.0759908194081195,0.0077513560099541,0.055221717947316
V4,8.5,0,CF,89.1250938133746,0.0762706800789882,0.00741635760774083,0.055221717947316
V4,8.5,0,CF,94.4060876285924,0.0765265398882411,0.00708659942821473,0.055221717947316
V4,8.5,0,CF,100,0.0767598749071343,0.0067634535786398,0.055221717947316
V4,8.5,1,PP,0.1,0.0552218151985522,4.74175573572251e-05,0.055221717947316
V4,8.5,1,PP,0.105925372517729,0.0552218270649417,5.02271984899447e-05,0.055221717947316
V4,8.5,1,PP,0.112201845430196,0.0552218403792353,5.32033164667288e-05,0.055221717947316
V4,8.5,1,PP,0.118850222743702,0.0552218553181,5.6355774744736e-05,0.055221717947316
V4,8.5,1,PP,0.125892541179417,0.055221872079759,5.96950210550387e-05,0.055221717947316
V4,8.5,1,PP,0.133352143216332,0.0552218908866208,6.32321219904828e-05,0.055221717947316
V4,8.5,1,PP,0.141253754462275,0.0552219119882304,6.69787996368711e-05,0.055221717947316
V4,8.5,1,PP,0.149623565609443,0.0552219356645798,7.09474703673912e-05,0.055221717947316
V4,8.5,1,PP,0.158489319246111,0.0552219622298231,7.51512859270914e-05,0.055221717947316
V4,8.5,1,PP,0.167880401812256,0.0552219920364437,7.96041769414674e-05,0.055221717947316
V4,8.5,1,PP,0.177827941003892,0.0552220254799306,8.43208989908548e-05,0.055221717947316
V4,8.5,1,PP,0.18836490894898,0.0552220630040248,8.9317081400356e-05,0.055221717947316
V4,8.5,1,PP,0.199526231496888,0.055222105106606,9.46092789034639e-05,0.055221717947316
V4,8.5,1,PP,0.211348903983665,0.0552221523462965,0.000100215026346403,0.055221717947316
V4,8.5,1,PP,0.223872113856834,0.0552222053498712,0.00010615289660949,0.055221717947316
V4,8.5,1,PP,0.237137370566166,0.0552222648205709,0.000112442561931531,0.055221717947316
V4,8.5,1,PP,0.251188643150958,0.0552223315474292,0.000119104858833432,0.055221717947316
V4,8.5,1,PP,0.266072505979881,0.055222406415737,0.000126161856847792,0.055221717947316
V4,8.5,1,PP,0.281838293126445,0.0552224904187828,0.000133636931272271,0.055221717947316
V4,8.5,1,PP,0.298538261891796,0.0552225846710237,0.000141554840175982,0.055221717947316
V4,8.5,1,PP,0.316227766016838,0.0552226904228625,0.000149941805900011,0.055221717947316
V4,8.5,1,PP,0.334965439157828,0.0552228090772254,0.000158825601305397,0.055221717947316
V4,8.5,1,PP,0.354813389233576,0.0552229422081604,0.00016823564103447,0.055221717947316
V4,8.5,1,PP,0.375837404288444,0.0552230915817009,0.000178203078064332,0.055221717947316
V4,8.5,1,PP,0.398107170553497,0.0552232591792721,0.00018876090584428,0.055221717947316
V4,8.5,1,PP,0.421696503428582,0.055223447223947,0.000199944066322242,0.055221717947316
V4,8.5,1,PP,0.446683592150963,0.0552236582099007,0.000211789564178442,0.055221717947316
V4,8.5,1,PP,0.473151258961481,0.0552238949354498,0.000224336587597643,0.055221717947316
V4,8.5,1,PP,0.501187233627272,0.0552241605401131,0.000237626635924057,0.055221717947316
V4,8.5,1,PP,0.530884444230988,0.0552244585461812,0.000251703654555259,0.055221717947316
V4,8.5,1,PP,0.562341325190349,0.0552247929053426,0.000266614177442893,0.055221717947316
V4,8.5,1,PP,0.59566214352901,0.0552251680509779,0.00028240747757822,0.055221717947316
V4,8.5,1,PP,0.630957344480193,0.0552255889568089,0.000299135725849352,0.055221717947316
V4,8.5,1,PP,0.668343917568615,0.0552260612026718,0.000316854158663687,0.055221717947316
V4,8.5,1,PP,0.707945784384138,0.0552265910482749,0.000335621254733176,0.055221717947316
V4,8.5,1,PP,0.749894209332456,0.0552271855159039,0.000355498921420726,0.055221717947316
V4,8.5,1,PP,0.794328234724281,0.0552278524831542,0.000376552691042565,0.055221717947316
V4,8.5,1,PP,0.841395141645195,0.0552286007868967,0.000398851927512603,0.055221717947316
V4,8.5,1,PP,0.891250938133745,0.055229440339826,0.000422470043699507,0.055221717947316
V4,8.5,1,PP,0.944060876285923,0.0552303822611002,0.000447484729843906,0.055221717947316
V4,8.5,1,PP,1,0.0552314390227581,0.000473978193349997,0.055221717947316
V4,8.5,1,PP,1.05925372517729,0.0552326246137975,0.000502037410220768,0.055221717947316
V4,8.5,1,PP,1.12201845430196,0.0552339547240153,0.000531754388346528,0.055221717947316
V4,8.5,1,PP,1.18850222743702,0.0552354469499555,0.000563226442779388,0.055221717947316
V4,8.5,1,PP,1.25892541179417,0.0552371210255781,0.00059655648302827,0.055221717947316
V4,8.5,1,PP,1.33352143216332,0.0552389990805607,0.000631853312285603,0.055221717947316
V4,8.5,1,PP,1.41253754462275,0.0552411059294712,0.000669231938343171,0.055221717947316
V4,8.5,1,PP,1.49623565609443,0.0552434693954133,0.000708813895764581,0.055221717947316
V4,8.5,1,PP,1.58489319246111,0.0552461206721416,0.000750727578648651,0.055221717947316
V4,8.5,1,PP,1.67880401812256,0.0552490947290771,0.00079510858303335,0.055221717947316
V4,8.5,1,PP,1.77827941003892,0.055252430764129,0.000842100057644199,0.055221717947316
V4,8.5,1,PP,1.8836490894898,0.0552561727097412,0.000891853061272884,0.055221717947316
V4,8.5,1,PP,1.99526231496888,0.0552603697981382,0.000944526924568109,0.055221717947316
V4,8.5,1,PP,2.11348903983665,0.0552650771923407,0.00100028961341597,0.055221717947316
V4,8.5,1,PP,2.23872113856834,0.0552703566901586,0.00105931809036356,0.055221717947316
V4,8.5,1,PP,2.37137370566166,0.0552762775090387,0.00112179866967638,0.055221717947316
V4,8.5,1,PP,2.51188643150958,0.0552829171603471,0.00118792736059382,0.055221717947316
V4,8.5,1,PP,2.66072505979881,0.0552903624223882,0.00125791019212979,0.055221717947316
V4,8.5,1,PP,2.81838293126445,0.0552987104221901,0.00133196351132699,0.055221717947316
V4,8.5,1,PP,2.98538261891796,0.0553080698368074,0.00141031424517794,0.055221717947316
V4,8.5,1,PP,3.16227766016838,0.0553185622255694,0.00149320011443378,0.055221717947316
V4,8.5,1,PP,3.34965439157828,0.055330323505316,0.00158086978519053,0.055221717947316
V4,8.5,1,PP,3.54813389233576,0.0553435055811564,0.00167358294142268,0.055221717947316
V4,8.5,1,PP,3.75837404288444,0.0553582781456051,0.00177161025847459,0.055221717947316
V4,8.5,1,PP,3.98107170553497,0.0553748306590262,0.00187523325386744,0.055221717947316
V4,8.5,1,PP,4.21696503428582,0.0553933745240409,0.00198474398757619,0.055221717947316
V4,8.5,1,PP,4.46683592150963,0.0554141454658241,0.00210044457912413,0.055221717947316
V4,8.5,1,PP,4.73151258961481,0.0554374061288695,0.00222264650338167,0.055221717947316
V4,8.5,1,PP,5.01187233627272,0.0554634488986656,0.00235166962080071,0.055221717947316
V4,8.5,1,PP,5.30884444230988,0.0554925989535725,0.00248784089094439,0.055221717947316
V4,8.5,1,PP,5.62341325190349,0.0555252175477501,0.00263149271058604,0.055221717947316
V4,8.5,1,PP,5.9566214352901,0.0555617055199449,0.0027829608093956,0.055221717947316
V4,8.5,1,PP,6.30957344480193,0.0556025070149175,0.00294258162740389,0.055221717947316
V4,8.5,1,PP,6.68343917568615,0.0556481133938527,0.00311068908921294,0.055221717947316
V4,8.5,1,PP,7.07945784384138,0.0556990672967432,0.00328761068058457,0.055221717947316
V4,8.5,1,PP,7.49894209332456,0.0557559668029418,0.00347366272400897,0.055221717947316
V4,8.5,1,PP,7.94328234724281,0.055819469615245,0.0036691447417254,0.055221717947316
V4,8.5,1,PP,8.41395141645195,0.0558902971674286,0.0038743327882584,0.055221717947316
V4,8.5,1,PP,8.91250938133745,0.0559692385245382,0.00408947163093598,0.055221717947316
V4,8.5,1,PP,9.44060876285924,0.0560571539089999,0.00431476565749134,0.055221717947316
V4,8.5,1,PP,10,0.0561549776434881,0.00455036839651107,0.055221717947316
V4,8.5,1,PP,10.5925372517729,0.0562637202535328,0.00479637055139319,0.055221717947316
V4,8.5,1,PP,11.2201845430196,0.056384469419607,0.00505278647426019,0.055221717947316
V4,8.5,1,PP,11.8850222743702,0.0565183894111547,0.00531953904598876,0.055221717947316
V4,8.5,1,PP,12.5892541179417,0.0566667185758917,0.00559644298554124,0.055221717947316
V4,8.5,1,PP,13.3352143216332,0.0568307644001858,0.00588318668962803,0.055221717947316
V4,8.5,1,PP,14.1253754462275,0.0570118956053831,0.00617931280574101,0.055221717947316
V4,8.5,1,PP,14.9623565609443,0.0572115307074087,0.00648419787048729,0.055221717947316
V4,8.5,1,PP,15.8489319246111,0.0574311224516844,0.00679703150232784,0.055221717947316
V4,8.5,1,PP,16.7880401812256,0.0576721375532492,0.00711679582252163,0.055221717947316
V4,8.5,1,PP,17.7827941003892,0.0579360312356073,0.00744224598627815,0.055221717947316
V4,8.5,1,PP,18.836490894898,0.0582242161850099,0.00777189292936289,0.055221717947316
V4,8.5,1,PP,19.9526231496888,0.0585380257331365,0.00810398965956429,0.055221717947316
V4,8.5,1,PP,21.1348903983665,0.0588786713618569,0.00843652262678302,0.055221717947316
V4,8.5,1,PP,22.3872113856834,0.0592471949954162,0.00876720986230745,0.055221717947316
V4,8.5,1,PP,23.7137370566166,0.0596444170062275,0.00909350765295591,0.055221717947316
V4,8.5,1,PP,25.1188643150958,0.060070881396799,0.00941262747072947,0.055221717947316
V4,8.5,1,PP,26.6072505979881,0.0605268002031126,0.00972156467456321,0.055221717947316
V4,8.5,1,PP,28.1838293126445,0.0610119997473705,0.0100171401043843,0.055221717947316
V4,8.5,1,PP,29.8538261891796,0.0615258718861891,0.0102960550789937,0.055221717947316
V4,8.5,1,PP,31.6227766016838,0.0620673337757009,0.0105549594902985,0.055221717947316
V4,8.5,1,PP,33.4965439157828,0.0626347998228858,0.0107905316892067,0.055221717947316
V4,8.5,1,PP,35.4813389233575,0.063226169333857,0.0109995677504655,0.055221717947316
V4,8.5,1,PP,37.5837404288444,0.0638388328471245,0.0111790765876263,0.055221717947316
V4,8.5,1,PP,39.8107170553497,0.0644696992332236,0.011326376396039,0.055221717947316
V4,8.5,1,PP,42.1696503428582,0.0651152443832546,0.0114391871749435,0.055221717947316
V4,8.5,1,PP,44.6683592150963,0.0657715807880097,0.0115157137534408,0.055221717947316
V4,8.5,1,PP,47.315125896148,0.0664345456713586,0.011554713918196,0.055221717947316
V4,8.5,1,PP,50.1187233627273,0.0670998037701318,0.0115555469528532,0.055221717947316
V4,8.5,1,PP,53.0884444230988,0.0677629595435255,0.0115181991153421,0.055221717947316
V4,8.5,1,PP,56.2341325190349,0.0684196727226198,0.0114432841875856,0.055221717947316
V4,8.5,1,PP,59.566214352901,0.0690657707962845,0.011332019057044,0.055221717947316
V4,8.5,1,PP,63.0957344480193,0.0696973523181469,0.0111861761192158,0.055221717947316
V4,8.5,1,PP,66.8343917568615,0.0703108757694744,0.0110080159119999,0.055221717947316
V4,8.5,1,PP,70.7945784384138,0.0709032300063806,0.0108002046289503,0.055221717947316
V4,8.5,1,PP,74.9894209332456,0.0714717838838289,0.0105657218938243,0.055221717947316
V4,8.5,1,PP,79.4328234724281,0.0720144142880285,0.0103077643750283,0.055221717947316
V4,8.5,1,PP,84.1395141645195,0.0725295133381612,0.0100296505123106,0.055221717947316
V4,8.5,1,PP,89.1250938133746,0.0730159767909239,0.00973473091602114,0.055221717947316
V4,8.5,1,PP,94.4060876285924,0.073473176604411,0.00942630801456374,0.055221717947316
V4,8.5,1,PP,100,0.0739009211571905,0.00910756741203437,0.055221717947316
V4,8.5,1,CF,0.1,0.0552219556593471,7.413373394501e-05,0.055221717947316
V4,8.5,1,CF,0.105925372517729,0.0552219846642671,7.85263353265109e-05,0.055221717947316
V4,8.5,1,CF,0.112201845430196,0.055222017208236,8.31791961329028e-05,0.055221717947316
V4,8.5,1,CF,0.118850222743702,0.0552220537230605,8.81077342042064e-05,0.055221717947316
V4,8.5,1,CF,0.125892541179417,0.0552220946932302,9.33282802850958e-05,0.055221717947316
V4,8.5,1,CF,0.133352143216332,0.0552221406623438,9.88581319935384e-05,0.055221717947316
V4,8.5,1,CF,0.141253754462275,0.05522219224032,0.000104715610963837,0.055221717947316
V4,8.5,1,CF,0.149623565609443,0.0552222501114871,0.000110920123347755,0.055221717947316
V4,8.5,1,CF,0.158489319246111,0.0552223150436598,0.000117492223867456,0.055221717947316
V4,8.5,1,CF,0.167880401812256,0.0552223878983215,0.000124453683624473,0.055221717947316
V4,8.5,1,CF,0.177827941003892,0.0552224696420498,0.000131827561879853,0.055221717947316
V4,8.5,1,CF,0.18836490894898,0.0552225613593334,0.000139638282031987,0.055221717947316
V4,8.5,1,CF,0.199526231496888,0.0552226642669518,0.000147911712030362,0.055221717947316
V4,8.5,1,CF,0.211348903983665,0.0552227797301081,0.000156675249475661,0.055221717947316
V4,8.5,1,CF,0.223872113856834,0.0552229092805273,0.000165957911669101,0.055221717947316
V4,8.5,1,CF,0.237137370566166,0.0552230546367599,0.000175790430886704,0.055221717947316
V4,8.5,1,CF,0.251188643150958,0.0552232177269595,0.000186205355167226,0.055221717947316
V4,8.5,1,CF,0.266072505979881,0.0552234007144337,0.000197237154915646,0.055221717947316
V4,8.5,1,CF,0.281838293126445,0.0552236060263082,0.00020892233563734,0.055221717947316
V4,8.5,1,CF,0.298538261891796,0.055223836385679,0.000221299557131184,0.055221717947316
V4,8.5,1,CF,0.316227766016838,0.055224094847679,0.000234409759482707,0.055221717947316
V4,8.5,1,CF,0.334965439157828,0.0552243848399326,0.000248296296210798,0.055221717947316
V4,8.5,1,CF,0.354813389233576,0.0552247102079317,0.000263005074933107,0.055221717947316
V4,8.5,1,CF,0.375837404288444,0.0552250752659277,0.000278584705925917,0.055221717947316
V4,8.5,1,CF,0.398107170553497,0.0552254848540105,0.000295086658963383,0.055221717947316
V4,8.5,1,CF,0.421696503428582,0.0552259444021192,0.000312565428828312,0.055221717947316
V4,8.5,1,CF,0.446683592150963,0.0552264600018264,0.000331078709891386,0.055221717947316
V4,8.5,1,CF,0.473151258961481,0.0552270384868314,0.000350687580157351,0.055221717947316
V4,8.5,1,CF,0.501187233627272,0.0552276875232137,0.000371456695174234,0.055221717947316
V4,8.5,1,CF,0.530884444230988,0.0552284157106224,0.000393454492194255,0.055221717947316
V4,8.5,1,CF,0.562341325190349,0.0552292326957137,0.000416753404961432,0.055221717947316
V4,8.5,1,CF,0.59566214352901,0.0552301492993085,0.000441430089479638,0.055221717947316
V4,8.5,1,CF,0.630957344480193,0.0552311776589108,0.000467565661084223,0.055221717947316
V4,8.5,1,CF,0.668343917568615,0.0552323313884214,0.00049524594309829,0.055221717947316
V4,8.5,1,CF,0.707945784384138,0.0552336257570956,0.000524561727298869,0.055221717947316
V4,8.5,1,CF,0.749894209332456,0.0552350778900303,0.000555609046345647,0.055221717947316
V4,8.5,1,CF,0.794328234724281,0.0552367069927261,0.000588489458232167,0.055221717947316
V4,8.5,1,CF,0.841395141645195,0.0552385346025648,0.000623310342702428,0.055221717947316
V4,8.5,1,CF,0.891250938133745,0.0552405848703601,0.000660185209429784,0.055221717947316
V4,8.5,1,CF,0.944060876285923,0.0552428848754931,0.000699234017574239,0.055221717947316
V4,8.5,1,CF,1,0.0552454649785325,0.000740583506111974,0.055221717947316
V4,8.5,1,CF,1.05925372517729,0.055248359215666,0.000784367534059294,0.055221717947316
V4,8.5,1,CF,1.12201845430196,0.0552516057397299,0.000830727429382876,0.055221717947316
V4,8.5,1,CF,1.18850222743702,0.0552552473131323,0.000879812344988302,0.055221717947316
V4,8.5,1,CF,1.25892541179417,0.0552593318585078,0.000931779619696726,0.055221717947316
V4,8.5,1,CF,1.33352143216332,0.0552639130735304,0.000986795141540192,0.055221717947316
V4,8.5,1,CF,1.41253754462275,0.0552690511169371,0.00104503371001248,0.055221717947316
V4,8.5,1,CF,1.49623565609443,0.0552748133734781,0.00110667939308428,0.055221717947316
V4,8.5,1,CF,1.58489319246111,0.0552812753062054,0.00117192587380616,0.055221717947316
V4,8.5,1,CF,1.67880401812256,0.0552885214052288,0.00124097678015346,0.055221717947316
V4,8.5,1,CF,1.77827941003892,0.0552966462427979,0.00131404599038418,0.055221717947316
V4,8.5,1,CF,1.8836490894898,0.0553057556452909,0.00139135790454969,0.055221717947316
V4,8.5,1,CF,1.99526231496888,0.0553159679933852,0.00147314767088004,0.055221717947316
V4,8.5,1,CF,2.11348903983665,0.055327415662313,0.001559661353519,0.055221717947316
V4,8.5,1,CF,2.23872113856834,0.0553402466146346,0.00165115602546039,0.055221717947316
V4,8.5,1,CF,2.37137370566166,0.0553546261583277,0.00174789976748719,0.055221717947316
V4,8.5,1,CF,2.51188643150958,0.0553707388831328,0.00185017155038369,0.055221717947316
V4,8.5,1,CF,2.66072505979881,0.055388790787911,0.00195826097362324,0.055221717947316
V4,8.5,1,CF,2.81838293126445,0.0554090116111632,0.00207246782907496,0.055221717947316
V4,8.5,1,CF,2.98538261891796,0.0554316573756715,0.00219310145297081,0.055221717947316
V4,8.5,1,CF,3.16227766016838,0.0554570131562966,0.00232047982338633,0.055221717947316
V4,8.5,1,CF,3.34965439157828,0.0554853960770707,0.0024549283537874,0.055221717947316
V4,8.5,1,CF,3.54813389233576,0.0555171585396206,0.00259677832577645,0.055221717947316
V4,8.5,1,CF,3.75837404288444,0.0555526916793252,0.00274636489606779,0.055221717947316
V4,8.5,1,CF,3.98107170553497,0.0555924290380885,0.00290402460401704,0.055221717947316
V4,8.5,1,CF,4.21696503428582,0.0556368504327881,0.00307009229687965,0.055221717947316
V4,8.5,1,CF,4.46683592150963,0.0556864859858429,0.00324489738063221,0.055221717947316
V4,8.5,1,CF,4.73151258961481,0.0557419202684128,0.00342875929504111,0.055221717947316
V4,8.5,1,CF,5.01187233627272,0.0558037964869254,0.00362198210325517,0.055221717947316
V4,8.5,1,CF,5.30884444230988,0.0558728206193205,0.00382484807929475,0.055221717947316
V4,8.5,1,CF,5.62341325190349,0.0559497653780623,0.00403761017243214,0.055221717947316
V4,8.5,1,CF,5.9566214352901,0.0560354738420912,0.00426048322694307,0.055221717947316
V4,8.5,1,CF,6.30957344480193,0.0561308625591669,0.00449363384075977,0.055221717947316
V4,8.5,1,CF,6.68343917568615,0.0562369238734472,0.00473716875928227,0.055221717947316
V4,8.5,1,CF,7.07945784384138,0.0563547271810801,0.00499112172354785,0.055221717947316
V4,8.5,1,CF,7.49894209332456,0.056485418760099,0.00525543872808006,0.055221717947316
V4,8.5,1,CF,7.94328234724281,0.0566302197619661,0.00552996169634725,0.055221717947316
V4,8.5,1,CF,8.41395141645195,0.0567904218938107,0.0058144106543582,0.055221717947316
V4,8.5,1,CF,8.91250938133745,0.0569673802673697,0.00610836457893272,0.055221717947316
V4,8.5,1,CF,9.44060876285924,0.0571625028492001,0.00641124121951949,0.055221717947316
V4,8.5,1,CF,10,0.0573772359252717,0.00672227634288208,0.055221717947316
V4,8.5,1,CF,10.5925372517729,0.0576130450019558,0.00704050302837507,0.055221717947316
V4,8.5,1,CF,11.2201845430196,0.0578713906170055,0.00736473184474629,0.055221717947316
V4,8.5,1,CF,11.8850222743702,0.0581536986419404,0.00769353296012804,0.055221717947316
V4,8.5,1,CF,12.5892541179417,0.0584613248350575,0.00802522146244082,0.055221717947316
V4,8.5,1,CF,13.3352143216332,0.0587955136641813,0.0083578473787243,0.055221717947316
V4,8.5,1,CF,14.1253754462275,0.059157351768184,0.00868919205284223,0.055221717947316
V4,8.5,1,CF,14.9623565609443,0.0595477168667576,0.00901677263883498,0.055221717947316
V4,8.5,1,CF,15.8489319246111,0.0599672234483868,0.00933785645419275,0.055221717947316
V4,8.5,1,CF,16.7880401812256,0.0604161671418,0.0096494867742593,0.055221717947316
V4,8.5,1,CF,17.7827941003892,0.0608944702639989,0.00994852130058635,0.055221717947316
V4,8.5,1,CF,18.836490894898,0.0614016315780379,0.0102316839784296,0.055221717947316
V4,8.5,1,CF,19.9526231496888,0.0619366837105092,0.0104956300677282,0.055221717947316
V4,8.5,1,CF,21.1348903983665,0.0624981618880205,0.0107370234121763,0.055221717947316
V4,8.5,1,CF,22.3872113856834,0.0630840875722061,0.0109526237611755,0.055221717947316
V4,8.5,1,CF,23.7137370566166,0.0636919701398065,0.011139380874303,0.055221717947316
V4,8.5,1,CF,25.1188643150958,0.0643188289378698,0.0112945311027302,0.055221717947316
V4,8.5,1,CF,26.6072505979881,0.0649612368627539,0.0114156913392044,0.055221717947316
V4,8.5,1,CF,28.1838293126445,0.0656153851415675,0.0115009447963916,0.055221717947316
V4,8.5,1,CF,29.8538261891796,0.0662771673688967,0.011548913122057,0.055221717947316
V4,8.5,1,CF,31.6227766016838,0.0669422792467126,0.0115588099442582,0.055221717947316
V4,8.5,1,CF,33.4965439157828,0.0676063290869158,0.0115304720438994,0.055221717947316
V4,8.5,1,CF,35.4813389233575,0.0682649531466787,0.0114643658813105,0.055221717947316
V4,8.5,1,CF,37.5837404288444,0.0689139294130963,0.0113615689954854,0.055221717947316
V4,8.5,1,CF,39.8107170553497,0.0695492835998376,0.0112237276429721,0.055221717947316
V4,8.5,1,CF,42.1696503428582,0.0701673818437203,0.0110529937323311,0.055221717947316
V4,8.5,1,CF,44.6683592150963,0.0707650057917622,0.0108519454506214,0.055221717947316
V4,8.5,1,CF,47.315125896148,0.0713394072866452,0.0106234968387487,0.055221717947316
V4,8.5,1,CF,50.1187233627273,0.0718883414974875,0.0103708018957245,0.055221717947316
V4,8.5,1,CF,53.0884444230988,0.0724100789132131,0.0100971585977738,0.055221717947316
V4,8.5,1,CF,56.2341325190349,0.0729033979597335,0.00980591759120034,0.055221717947316
V4,8.5,1,CF,59.566214352901,0.0733675610131991,0.00950039938479285,0.055221717947316
V4,8.5,1,CF,63.0957344480193,0.0738022772119226,0.00918382277179206,0.055221717947316
V4,8.5,1,CF,66.8343917568615,0.0742076557257657,0.00885924608936211,0.055221717947316
V4,8.5,1,CF,70.7945784384138,0.0745841530724812,0.0085295218868553,0.055221717947316
V4,8.5,1,CF,74.9894209332456,0.0749325177503483,0.00819726470050751,0.055221717947316
V4,8.5,1,CF,79.4328234724281,0.0752537349699434,0.00786483096319123,0.055221717947316
V4,8.5,1,CF,84.1395141645195,0.0755489736961709,0.00753430962318347,0.055221717947316
V4,8.5,1,CF,89.1250938133746,0.075819537623451,0.00720752179087405,0.055221717947316
V4,8.5,1,CF,94.4060876285924,0.0760668211539382,0.00688602764653074,0.055221717947316
V4,8.5,1,CF,100,0.076292270964651,0.00657113888765662,0.055221717947316
V4,10,-1,PP,0.1,0.0535664934028529,4.23730863578477e-05,0.0535664111401294
V4,10,-1,PP,0.105925372517729,0.0535665034403808,4.48838289303805e-05,0.0535664111401294
V4,10,-1,PP,0.112201845430196,0.0535665147026614,4.75433384623658e-05,0.0535664111401294
V4,10,-1,PP,0.118850222743702,0.0535665273391342,5.03604292168932e-05,0.0535664111401294
V4,10,-1,PP,0.125892541179417,0.0535665415174724,5.33444375967224e-05,0.0535664111401294
V4,10,-1,PP,0.133352143216332,0.0535665574258077,5.65052530569436e-05,0.0535664111401294
V4,10,-1,PP,0.141253754462275,0.0535665752752258,5.98533508444166e-05,0.0535664111401294
V4,10,-1,PP,0.149623565609443,0.0535665953025676,6.33998266713046e-05,0.0535664111401294
V4,10,-1,PP,0.158489319246111,0.0535666177735709,6.71564334362068e-05,0.0535664111401294
V4,10,-1,PP,0.167880401812256,0.0535666429863962,7.1135620112909e-05,0.0535664111401294
V4,10,-1,PP,0.177827941003892,0.0535666712755821,7.53505729336364e-05,0.0535664111401294
V4,10,-1,PP,0.18836490894898,0.0535667030164835,7.98152590009216e-05,0.0535664111401294
V4,10,-1,PP,0.199526231496888,0.0535667386302507,8.45444724697953e-05,0.0535664111401294
V4,10,-1,PP,0.211348903983665,0.0535667785894164,8.95538834499932e-05,0.0535664111401294
V4,10,-1,PP,0.223872113856834,0.0535668234241635,9.48600897862494e-05,0.0535664111401294
V4,10,-1,PP,0.237137370566166,0.0535668737293578,0.00010048067188353,0.0535664111401294
V4,10,-1,PP,0.251188643150958,0.0535669301724382,0.000106434250753249,0.0535664111401294
V4,10,-1,PP,0.266072505979881,0.0535669935022684,0.000112740549466128,0.0535664111401294
V4,10,-1,PP,0.281838293126445,0.0535670645590692,0.000119420458207353,0.0535664111401294
V4,10,-1,PP,0.298538261891796,0.0535671442855601,0.000126496103140153,0.0535664111401294
V4,10,-1,PP,0.316227766016838,0.0535672337394608,0.000133990919294708,0.0535664111401294
V4,10,-1,PP,0.334965439157828,0.0535673341075153,0.000141929727710546,0.0535664111401294
V4,10,-1,PP,0.354813389233576,0.0535674467212257,0.000150338817072108,0.0535664111401294
V4,10,-1,PP,0.375837404288444,0.0535675730745035,0.000159246030089085,0.0535664111401294
V4,10,-1,PP,0.398107170553497,0.0535677148434713,0.000168680854885248,0.0535664111401294
V4,10,-1,PP,0.421696503428582,0.0535678739086769,0.000178674521671849,0.0535664111401294
V4,10,-1,PP,0.446683592150963,0.0535680523800127,0.000189260104994145,0.0535664111401294
V4,10,-1,PP,0.473151258961481,0.0535682526246703,0.000200472631852058,0.0535664111401294
V4,10,-1,PP,0.501187233627272,0.0535684772984971,0.000212349196008323,0.0535664111401294
V4,10,-1,PP,0.530884444230988,0.05356872938117,0.000224929078809515,0.0535664111401294
V4,10,-1,PP,0.562341325190349,0.0535690122156485,0.000238253876856885,0.0535664111401294
V4,10,-1,PP,0.59566214352901,0.0535693295524257,0.00025236763687467,0.0535664111401294
V4,10,-1,PP,0.630957344480193,0.0535696855991595,0.000267316998133212,0.0535664111401294
V4,10,-1,PP,0.668343917568615,0.0535700850763351,0.000283151342792402,0.0535664111401294
V4,10,-1,PP,0.707945784384138,0.0535705332796877,0.00029992295453721,0.0535664111401294
V4,10,-1,PP,0.749894209332456,0.0535710361502034,0.000317687185880767,0.0535664111401294
V4,10,-1,PP,0.794328234724281,0.0535716003526121,0.000336502634510968,0.0535664111401294
V4,10,-1,PP,0.841395141645195,0.0535722333633953,0.000356431329053077,0.0535664111401294
V4,10,-1,PP,0.891250938133745,0.0535729435694558,0.000377538924612215,0.0535664111401294
V4,10,-1,PP,0.944060876285923,0.053573740378727,0.0003998949084449,0.0535664111401294
V4,10,-1,PP,1,0.0535746343441564,0.000423572816086363,0.0535664111401294
V4,10,-1,PP,1.05925372517729,0.0535756373026615,0.000448650458228631,0.0535664111401294
V4,10,-1,PP,1.12201845430196,0.0535767625308446,0.000475210158601264,0.0535664111401294
V4,10,-1,PP,1.18850222743702,0.0535780249194625,0.000503339003049693,0.0535664111401294
V4,10,-1,PP,1.25892541179417,0.0535794411688744,0.000533129099932603,0.0535664111401294
V4,10,-1,PP,1.33352143216332,0.0535810300079486,0.000564677851866136,0.0535664111401294
V4,10,-1,PP,1.41253754462275,0.0535828124391901,0.000598088238725028,0.0535664111401294
V4,10,-1,PP,1.49623565609443,0.0535848120131622,0.000633469111664197,0.0535664111401294
V4,10,-1,PP,1.58489319246111,0.053587055135617,0.000670935497743234,0.0535664111401294
V4,10,-1,PP,1.67880401812256,0.053589571411128,0.000710608914514027,0.0535664111401294
V4,10,-1,PP,1.77827941003892,0.0535923940274274,0.000752617693660589,0.0535664111401294
V4,10,-1,PP,1.8836490894898,0.0535955601850992,0.000797097312450831,0.0535664111401294
V4,10,-1,PP,1.99526231496888,0.0535991115777691,0.000844190731361836,0.0535664111401294
V4,10,-1,PP,2.11348903983665,0.0536030949284556,0.000894048735760554,0.0535664111401294
V4,10,-1,PP,2.23872113856834,0.053607562588312,0.000946830278946161,0.0535664111401294
V4,10,-1,PP,2.37137370566166,0.0536125732045925,0.00100270282317154,0.0535664111401294
V4,10,-1,PP,2.51188643150958,0.0536181924653092,0.00106184267443998,0.0535664111401294
V4,10,-1,PP,2.66072505979881,0.0536244939287108,0.00112443530589642,0.0535664111401294
V4,10,-1,PP,2.81838293126445,0.0536315599463961,0.00119067566347467,0.0535664111401294
V4,10,-1,PP,2.98538261891796,0.0536394826895636,0.00126076844609333,0.0535664111401294
V4,10,-1,PP,3.16227766016838,0.0536483652885762,0.00133492835108052,0.0535664111401294
V4,10,-1,PP,3.34965439157828,0.0536583230966588,0.00141338027361324,0.0535664111401294
V4,10,-1,PP,3.54813389233576,0.0536694850891217,0.0014963594467399,0.0535664111401294
V4,10,-1,PP,3.75837404288444,0.0536819954099603,0.00158411150596935,0.0535664111401294
V4,10,-1,PP,3.98107170553497,0.0536960150779785,0.0016768924594063,0.0535664111401294
V4,10,-1,PP,4.21696503428582,0.0537117238646346,0.00177496854094199,0.0535664111401294
V4,10,-1,PP,4.46683592150963,0.05372932235554,0.0018786159200155,0.0535664111401294
V4,10,-1,PP,4.73151258961481,0.0537490342068212,0.0019881202368958,0.0535664111401294
V4,10,-1,PP,5.01187233627272,0.0537711086062581,0.00210377592724924,0.0535664111401294
V4,10,-1,PP,5.30884444230988,0.0537958229470543,0.00222588529391585,0.0535664111401294
V4,10,-1,PP,5.62341325190349,0.0538234857190681,0.00235475727729867,0.0535664111401294
V4,10,-1,PP,5.9566214352901,0.0538544396180782,0.00249070586857896,0.0535664111401294
V4,10,-1,PP,6.30957344480193,0.0538890648678769,0.00263404810214819,0.0535664111401294
V4,10,-1,PP,6.68343917568615,0.0539277827423089,0.00278510155529297,0.0535664111401294
V4,10,-1,PP,7.07945784384138,0.0539710592644028,0.00294418127445068,0.0535664111401294
V4,10,-1,PP,7.49894209332456,0.054019409047,0.00311159603854359,0.0535664111401294
V4,10,-1,PP,7.94328234724281,0.0540733992232623,0.00328764386139963,0.0535664111401294
V4,10,-1,PP,8.41395141645195,0.0541336533955886,0.00347260662764945,0.0535664111401294
V4,10,-1,PP,8.91250938133745,0.0542008555072332,0.00366674375053722,0.0535664111401294
V4,10,-1,PP,9.44060876285924,0.0542757535117784,0.00387028473683979,0.0535664111401294
V4,10,-1,PP,10,0.0543591626811505,0.00408342054491116,0.0535664111401294
V4,10,-1,PP,10.5925372517729,0.0544519683528377,0.00430629362846903,0.0535664111401294
V4,10,-1,PP,11.2201845430196,0.0545551278714506,0.0045389865732236,0.0535664111401294
V4,10,-1,PP,11.8850222743702,0.0546696714292961,0.00478150925833103,0.0535664111401294
V4,10,-1,PP,12.5892541179417,0.0547967014564236,0.00503378451283191,0.0535664111401294
V4,10,-1,PP,13.3352143216332,0.0549373901547724,0.0052956322919046,0.0535664111401294
V4,10,-1,PP,14.1253754462275,0.0550929747169151,0.00556675247224025,0.0535664111401294
V4,10,-1,PP,14.9623565609443,0.0552647497222259,0.00584670646327465,0.0535664111401294
V4,10,-1,PP,15.8489319246111,0.0554540561686448,0.00613489795390794,0.0535664111401294
V4,10,-1,PP,16.7880401812256,0.05566226658498,0.00643055326396225,0.0535664111401294
V4,10,-1,PP,17.7827941003892,0.0558907656872613,0.00673270194512792,0.0535664111401294
V4,10,-1,PP,18.836490894898,0.0561409261050507,0.00704015847357172,0.0535664111401294
V4,10,-1,PP,19.9526231496888,0.0564140788228187,0.00735150608751122,0.0535664111401294
V4,10,-1,PP,21.1348903983665,0.0567114781702549,0.00766508403429765,0.0535664111401294
V4,10,-1,PP,22.3872113856834,0.0570342614642752,0.00797897968301863,0.0535664111401294
V4,10,-1,PP,23.7137370566166,0.0573834037603564,0.00829102710384523,0.0535664111401294
V4,10,-1,PP,25.1188643150958,0.0577596686095769,0.00859881378183283,0.0535664111401294
V4,10,-1,PP,26.6072505979881,0.0581635562268235,0.00889969708421428,0.0535664111401294
V4,10,-1,PP,28.1838293126445,0.05859525102691,0.00919083189980911,0.0535664111401294
V4,10,-1,PP,29.8538261891796,0.059054571033989,0.00946921048598333,0.0535664111401294
V4,10,-1,PP,31.6227766016838,0.0595409221542928,0.0097317149745382,0.0535664111401294
V4,10,-1,PP,33.4965439157828,0.0600532606484392,0.0099751822060421,0.0535664111401294
V4,10,-1,PP,35.4813389233575,0.0605900672672927,0.0101964796141902,0.0535664111401294
V4,10,-1,PP,37.5837404288444,0.0611493363507193,0.0103925898330056,0.0535664111401294
V4,10,-1,PP,39.8107170553497,0.0617285826784252,0.0105607006485317,0.0535664111401294
V4,10,-1,PP,42.1696503428582,0.0623248679896996,0.0106982959875865,0.0535664111401294
V4,10,-1,PP,44.6683592150963,0.0629348478867218,0.01080324296486,0.0535664111401294
V4,10,-1,PP,47.315125896148,0.0635548383918246,0.010873869721713,0.0535664111401294
V4,10,-1,PP,50.1187233627273,0.0641808998816399,0.0109090289766539,0.0535664111401294
V4,10,-1,PP,53.0884444230988,0.0648089346449572,0.0109081429030778,0.0535664111401294
V4,10,-1,PP,56.2341325190349,0.065434793090892,0.0108712261179986,0.0535664111401294
V4,10,-1,PP,59.566214352901,0.0660543828326935,0.0107988850973429,0.0535664111401294
V4,10,-1,PP,63.0957344480193,0.0666637746018079,0.0106922940609512,0.0535664111401294
V4,10,-1,PP,66.8343917568615,0.067259299245094,0.0105531490929531,0.0535664111401294
V4,10,-1,PP,70.7945784384138,0.0678376308830269,0.0103836037807062,0.0535664111401294
V4,10,-1,PP,74.9894209332456,0.068395852543612,0.0101861908024384,0.0535664111401294
V4,10,-1,PP,79.4328234724281,0.0689315020706701,0.00996373456462521,0.0535664111401294
V4,10,-1,PP,84.1395141645195,0.0694425976514245,0.00971926015213605,0.0535664111401294
V4,10,-1,PP,89.1250938133746,0.0699276437435825,0.00945590354496557,0.0535664111401294
V4,10,-1,PP,94.4060876285924,0.0703856193696834,0.00917682736832045,0.0535664111401294
V4,10,-1,PP,100,0.070815951601408,0.00888514550462303,0.0535664111401294
V4,10,-1,CF,0.1,0.0535666122157373,6.62471301789431e-05,0.0535664111401294
V4,10,-1,CF,0.105925372517729,0.0535666367504185,7.01724405432898e-05,0.0535664111401294
V4,10,-1,CF,0.112201845430196,0.053566664278718,7.4330325300169e-05,0.0535664111401294
V4,10,-1,CF,0.118850222743702,0.0535666951658953,7.87345625459481e-05,0.0535664111401294
V4,10,-1,CF,0.125892541179417,0.0535667298217743,8.33997462522264e-05,0.0535664111401294
V4,10,-1,CF,0.133352143216332,0.053566768706179,8.83413345099036e-05,0.0535664111401294
V4,10,-1,CF,0.141253754462275,0.0535668123350337,9.35757006131215e-05,0.0535664111401294
V4,10,-1,CF,0.149623565609443,0.0535668612872061,9.91201871478145e-05,0.0535664111401294
V4,10,-1,CF,0.158489319246111,0.0535669162121856,0.0001049931632587,0.0535664111401294
V4,10,-1,CF,0.167880401812256,0.0535669778386971,0.000111214085278048,0.0535664111401294
V4,10,-1,CF,0.177827941003892,0.053567046984366,0.000117803560909494,0.0535664111401294
V4,10,-1,CF,0.18836490894898,0.0535671245665609,0.00012478341717048,0.0535664111401294
V4,10,-1,CF,0.199526231496888,0.0535672116145587,0.000132176772307673,0.0535664111401294
V4,10,-1,CF,0.211348903983665,0.0535673092831921,0.000140008111910791,0.0535664111401294
V4,10,-1,CF,0.223872113856834,0.0535674188681605,0.00014830336946178,0.0535664111401294
V4,10,-1,CF,0.237137370566166,0.0535675418232074,0.000157090011568088,0.0535664111401294
V4,10,-1,CF,0.251188643150958,0.0535676797793897,0.000166397128140861,0.0535664111401294
V4,10,-1,CF,0.266072505979881,0.053567834566696,0.000176255527791207,0.0535664111401294
V4,10,-1,CF,0.281838293126445,0.0535680082382964,0.000186697838730122,0.0535664111401294
V4,10,-1,CF,0.298538261891796,0.0535682030977467,0.000197758615470128,0.0535664111401294
V4,10,-1,CF,0.316227766016838,0.0535684217295035,0.000209474451639104,0.0535664111401294
V4,10,-1,CF,0.334965439157828,0.0535686670331547,0.000221884099228857,0.0535664111401294
V4,10,-1,CF,0.354813389233576,0.0535689422618136,0.000235028594612707,0.0535664111401294
V4,10,-1,CF,0.375837404288444,0.0535692510651839,0.000248951391677294,0.0535664111401294
V4,10,-1,CF,0.398107170553497,0.0535695975378607,0.000263698502423758,0.0535664111401294
V4,10,-1,CF,0.421696503428582,0.0535699862735013,0.00027931864540204,0.0535664111401294
V4,10,-1,CF,0.446683592150963,0.0535704224255773,0.000295863402348791,0.0535664111401294
V4,10,-1,CF,0.473151258961481,0.0535709117755012,0.000313387383403723,0.0535664111401294
V4,10,-1,CF,0.501187233627272,0.05357146080902,0.000331948401280603,0.0535664111401294
V4,10,-1,CF,0.530884444230988,0.0535720768018716,0.000351607654766604,0.0535664111401294
V4,10,-1,CF,0.562341325190349,0.053572767915818,0.000372429921916436,0.0535664111401294
V4,10,-1,CF,0.59566214352901,0.0535735433063044,0.000394483763294558,0.0535664111401294
V4,10,-1,CF,0.630957344480193,0.0535744132431369,0.000417841735598273,0.0535664111401294
V4,10,-1,CF,0.668343917568615,0.0535753892457383,0.000442580615965175,0.0535664111401294
V4,10,-1,CF,0.707945784384138,0.053576484234722,0.000468781637228167,0.0535664111401294
V4,10,-1,CF,0.749894209332456,0.0535777127017279,0.000496530734327899,0.0535664111401294
V4,10,-1,CF,0.794328234724281,0.0535790908996878,0.000525918802023134,0.0535664111401294
V4,10,-1,CF,0.841395141645195,0.053580637055938,0.000557041963951029,0.0535664111401294
V4,10,-1,CF,0.891250938133745,0.0535823716108714,0.000590001852977712,0.0535664111401294
V4,10,-1,CF,0.944060876285923,0.0535843174851258,0.000624905902640304,0.0535664111401294
V4,10,-1,CF,1,0.0535865003786408,0.000661867649309153,0.0535664111401294
V4,10,-1,CF,1.05925372517729,0.0535889491052809,0.000701007044487257,0.0535664111401294
V4,10,-1,CF,1.12201845430196,0.0535916959671301,0.00074245077640506,0.0535664111401294
V4,10,-1,CF,1.18850222743702,0.0535947771729983,0.000786332599754134,0.0535664111401294
V4,10,-1,CF,1.25892541179417,0.0535982333061598,0.000832793672022489,0.0535664111401294
V4,10,-1,CF,1.33352143216332,0.0536021098468633,0.000881982894435092,0.0535664111401294
V4,10,-1,CF,1.41253754462275,0.053606457755703,0.000934057254951748,0.0535664111401294
V4,10,-1,CF,1.49623565609443,0.0536113341245403,0.000989182170114101,0.0535664111401294
V4,10,-1,CF,1.58489319246111,0.0536168029022887,0.00104753182174555,0.0535664111401294
V4,10,-1,CF,1.67880401812256,0.0536229357035336,0.00110928948357004,0.0535664111401294
V4,10,-1,CF,1.77827941003892,0.0536298127086375,0.00117464783170331,0.0535664111401294
V4,10,-1,CF,1.8836490894898,0.0536375236646693,0.00124380923165417,0.0535664111401294
V4,10,-1,CF,1.99526231496888,0.0536461689971782,0.00131698599292185,0.0535664111401294
V4,10,-1,CF,2.11348903983665,0.0536558610434838,0.00139440058045137,0.0535664111401294
V4,10,-1,CF,2.23872113856834,0.0536667254187473,0.00147628577007223,0.0535664111401294
V4,10,-1,CF,2.37137370566166,0.0536789025265785,0.00156288473255169,0.0535664111401294
V4,10,-1,CF,2.51188643150958,0.0536925492262743,0.00165445102799435,0.0535664111401294
V4,10,-1,CF,2.66072505979881,0.053707840668902,0.00175124848896404,0.0535664111401294
V4,10,-1,CF,2.81838293126445,0.053724972314256,0.00185355096683904,0.0535664111401294
V4,10,-1,CF,2.98538261891796,0.0537441621401149,0.00196164191148631,0.0535664111401294
V4,10,-1,CF,3.16227766016838,0.0537656530540835,0.00207581374930553,0.0535664111401294
V4,10,-1,CF,3.34965439157828,0.0537897155164384,0.00219636701901066,0.0535664111401294
V4,10,-1,CF,3.54813389233576,0.0538166503796256,0.0023236092181584,0.0535664111401294
V4,10,-1,CF,3.75837404288444,0.0538467919461165,0.00245785330639898,0.0535664111401294
V4,10,-1,CF,3.98107170553497,0.0538805112409419,0.00259941580374538,0.0535664111401294
V4,10,-1,CF,4.21696503428582,0.0539182194880301,0.0027486144139164,0.0535664111401294
V4,10,-1,CF,4.46683592150963,0.0539603717700901,0.00290576509415637,0.0535664111401294
V4,10,-1,CF,4.73151258961481,0.054007470839739,0.00307117848411521,0.0535664111401294
V4,10,-1,CF,5.01187233627272,0.0540600710343754,0.0032451555977546,0.0535664111401294
V4,10,-1,CF,5.30884444230988,0.0541187822284052,0.00342798267435693,0.0535664111401294
V4,10,-1,CF,5.62341325190349,0.0541842737332784,0.0036199250782827,0.0535664111401294
V4,10,-1,CF,5.9566214352901,0.0542572780278573,0.00382122013312775,0.0535664111401294
V4,10,-1,CF,6.30957344480193,0.0543385941684665,0.00403206877565049,0.0535664111401294
V4,10,-1,CF,6.68343917568615,0.0544290906892668,0.00425262591989551,0.0535664111401294
V4,10,-1,CF,7.07945784384138,0.0545297077593532,0.00448298943434441,0.0535664111401294
V4,10,-1,CF,7.49894209332456,0.0546414583135936,0.00472318765709563,0.0535664111401294
V4,10,-1,CF,7.94328234724281,0.0547654278207505,0.00497316540882438,0.0535664111401294
V4,10,-1,CF,8.41395141645195,0.0549027722967294,0.00523276851373876,0.0535664111401294
V4,10,-1,CF,8.91250938133745,0.0550547141158876,0.00550172690823733,0.0535664111401294
V4,10,-1,CF,9.44060876285924,0.05522253512362,0.00577963650870659,0.0535664111401294
V4,10,-1,CF,10,0.0554075665150117,0.00606594012658852,0.0535664111401294
V4,10,-1,CF,10.5925372517729,0.0556111749251736,0.00635990786212114,0.0535664111401294
V4,10,-1,CF,11.2201845430196,0.0558347441868874,0.00666061757774953,0.0535664111401294
V4,10,-1,CF,11.8850222743702,0.0560796522620467,0.00696693624500043,0.0535664111401294
V4,10,-1,CF,12.5892541179417,0.0563472429579416,0.00727750316750902,0.0535664111401294
V4,10,-1,CF,13.3352143216332,0.0566387922106496,0.00759071629565066,0.0535664111401294
V4,10,-1,CF,14.1253754462275,0.0569554689669537,0.00790472304653034,0.0535664111401294
V4,10,-1,CF,14.9623565609443,0.0572982910305596,0.00821741720198343,0.0535664111401294
V4,10,-1,CF,15.8489319246111,0.0576680766580007,0.00852644354556432,0.0535664111401294
V4,10,-1,CF,16.7880401812256,0.058065393184003,0.00882921188148056,0.0535664111401294
V4,10,-1,CF,17.7827941003892,0.0584905045007803,0.00912292191707499,0.0535664111401294
V4,10,-1,CF,18.836490894898,0.0589433197699561,0.009404600152804,0.0535664111401294
V4,10,-1,CF,19.9526231496888,0.0594233462519421,0.00967114938782215,0.0535664111401294
V4,10,-1,CF,21.1348903983665,0.059929649523784,0.00991941071257117,0.0535664111401294
V4,10,-1,CF,22.3872113856834,0.0604608245431046,0.0101462369465648,0.0535664111401294
V4,10,-1,CF,23.7137370566166,0.0610149809262059,0.010348575446951,0.0535664111401294
V4,10,-1,CF,25.1188643150958,0.0615897453831793,0.0105235571523663,0.0535664111401294
V4,10,-1,CF,26.6072505979881,0.0621822834653477,0.0106685877564544,0.0535664111401294
V4,10,-1,CF,28.1838293126445,0.0627893416504592,0.010781436160955,0.0535664111401294
V4,10,-1,CF,29.8538261891796,0.063407309393305,0.010860314969638,0.0535664111401294
V4,10,-1,CF,31.6227766016838,0.0640322992316033,0.0109039478530526,0.0535664111401294
V4,10,-1,CF,33.4965439157828,0.0646602415271975,0.0109116191896464,0.0535664111401294
V4,10,-1,CF,35.4813389233575,0.0652869891257197,0.0108832024522992,0.0535664111401294
V4,10,-1,CF,37.5837404288444,0.065908426304941,0.0108191652683444,0.0535664111401294
V4,10,-1,CF,39.8107170553497,0.0665205759792219,0.0107205507798171,0.0535664111401294
V4,10,-1,CF,42.1696503428582,0.0671196992918461,0.0105889366730684,0.0535664111401294
V4,10,-1,CF,44.6683592150963,0.0677023824351779,0.0104263748297004,0.0535664111401294
V4,10,-1,CF,47.315125896148,0.068265606691405,0.0102353157975761,0.0535664111401294
V4,10,-1,CF,50.1187233627273,0.0688067991285447,0.0100185230700391,0.0535664111401294
V4,10,-1,CF,53.0884444230988,0.0693238629344662,0.00977898244305511,0.0535664111401294
V4,10,-1,CF,56.2341325190349,0.069815187847284,0.00951981151567508,0.0535664111401294
V4,10,-1,CF,59.566214352901,0.0702796423964564,0.00924417379103689,0.0535664111401294
V4,10,-1,CF,63.0957344480193,0.0707165506073373,0.0089552009440949,0.0535664111401294
V4,10,-1,CF,66.8343917568615,0.0711256564001611,0.00865592578394605,0.0535664111401294
V4,10,-1,CF,70.7945784384138,0.0715070791408095,0.00834922738096358,0.0535664111401294
V4,10,-1,CF,74.9894209332456,0.0718612637226506,0.00803778885606539,0.0535664111401294
V4,10,-1,CF,79.4328234724281,0.0721889282474476,0.00772406751300464,0.0535664111401294
V4,10,-1,CF,84.1395141645195,0.0724910119087188,0.00741027637236181,0.0535664111401294
V4,10,-1,CF,89.1250938133746,0.0727686251391545,0.00709837574586246,0.0535664111401294
V4,10,-1,CF,94.4060876285924,0.0730230035289806,0.00679007325699229,0.0535664111401294
V4,10,-1,CF,100,0.0732554665025129,0.00648683063942622,0.0535664111401294
V4,10,0,PP,0.1,0.0535664923942635,4.15084526371642e-05,0.0535664111401294
V4,10,0,PP,0.105925372517729,0.0535665023087247,4.39679625243947e-05,0.0535664111401294
V4,10,0,PP,0.112201845430196,0.0535665134329221,4.65732036593747e-05,0.0535664111401294
V4,10,0,PP,0.118850222743702,0.053566525914463,4.93328104309362e-05,0.0535664111401294
V4,10,0,PP,0.125892541179417,0.0535665399189647,5.22559287099211e-05,0.0535664111401294
V4,10,0,PP,0.133352143216332,0.0535665556322521,5.53522461304417e-05,0.0535664111401294
V4,10,0,PP,0.141253754462275,0.0535665732628227,5.86320241605251e-05,0.0535664111401294
V4,10,0,PP,0.149623565609443,0.0535665930446135,6.210613206725e-05,0.0535664111401294
V4,10,0,PP,0.158489319246111,0.0535666152401038,6.57860828875332e-05,0.0535664111401294
V4,10,0,PP,0.167880401812256,0.0535666401437983,6.96840715221072e-05,0.0535664111401294
V4,10,0,PP,0.177827941003892,0.0535666680861334,7.38130150769469e-05,0.0535664111401294
V4,10,0,PP,0.18836490894898,0.0535666994378613,7.81865955834774e-05,0.0535664111401294
V4,10,0,PP,0.199526231496888,0.0535667346149683,8.28193052363254e-05,0.0535664111401294
V4,10,0,PP,0.211348903983665,0.0535667740841926,8.77264942951932e-05,0.0535664111401294
V4,10,0,PP,0.223872113856834,0.0535668183692157,9.29244218056245e-05,0.0535664111401294
V4,10,0,PP,0.237137370566166,0.0535668680576086,9.84303093020225e-05,0.0535664111401294
V4,10,0,PP,0.251188643150958,0.0535669238086252,0.000104262397665271,0.0535664111401294
V4,10,0,PP,0.266072505979881,0.0535669863619457,0.000110440007316695,0.0535664111401294
V4,10,0,PP,0.281838293126445,0.0535670565474863,0.000116983601939894,0.0535664111401294
V4,10,0,PP,0.298538261891796,0.0535671352964049,0.000123914855932171,0.0535664111401294
V4,10,0,PP,0.316227766016838,0.0535672236534485,0.000131256725797846,0.0535664111401294
V4,10,0,PP,0.334965439157828,0.0535673227908054,0.000139033525706698,0.0535664111401294
V4,10,0,PP,0.354813389233576,0.0535674340236457,0.000147271007452041,0.0535664111401294
V4,10,0,PP,0.375837404288444,0.053567558827556,0.000155996445054554,0.0535664111401294
V4,10,0,PP,0.398107170553497,0.0535676988580975,0.000165238724269772,0.0535664111401294
V4,10,0,PP,0.421696503428582,0.0535678559727473,0.000175028437269219,0.0535664111401294
V4,10,0,PP,0.446683592150963,0.053568032255512,0.000185397982777239,0.0535664111401294
V4,10,0,PP,0.473151258961481,0.0535682300445377,0.000196381671957703,0.0535664111401294
V4,10,0,PP,0.501187233627272,0.0535684519630816,0.000208015840356731,0.0535664111401294
V4,10,0,PP,0.530884444230988,0.053568700954253,0.000220338966219204,0.0535664111401294
V4,10,0,PP,0.562341325190349,0.0535689803199805,0.000233391795507926,0.0535664111401294
V4,10,0,PP,0.59566214352901,0.0535692937647182,0.000247217473964661,0.0535664111401294
V4,10,0,PP,0.630957344480193,0.0535696454444654,0.000261861686561412,0.0535664111401294
V4,10,0,PP,0.668343917568615,0.0535700400217429,0.00027737280469807,0.0535664111401294
V4,10,0,PP,0.707945784384138,0.053570482727246,0.000293802041508269,0.0535664111401294
V4,10,0,PP,0.749894209332456,0.0535709794289805,0.000311203615638517,0.0535664111401294
V4,10,0,PP,0.794328234724281,0.0535715367097864,0.000329634923865623,0.0535664111401294
V4,10,0,PP,0.841395141645195,0.053572161954257,0.000349156722913422,0.0535664111401294
V4,10,0,PP,0.891250938133745,0.0535728634461868,0.000369833320820663,0.0535664111401294
V4,10,0,PP,0.944060876285923,0.0535736504778105,0.000391732778196633,0.0535664111401294
V4,10,0,PP,1,0.053574533472247,0.000414927119678108,0.0535664111401294
V4,10,0,PP,1.05925372517729,0.0535755241207281,0.000439492555868927,0.0535664111401294
V4,10,0,PP,1.12201845430196,0.053576635536375,0.00046550971599982,0.0535664111401294
V4,10,0,PP,1.18850222743702,0.0535778824264908,0.000493063891488701,0.0535664111401294
V4,10,0,PP,1.25892541179417,0.0535792812855658,0.000522245290507581,0.0535664111401294
V4,10,0,PP,1.33352143216332,0.0535808506114413,0.000553149303568208,0.0535664111401294
V4,10,0,PP,1.41253754462275,0.0535826111473569,0.00058587678002045,0.0535664111401294
V4,10,0,PP,1.49623565609443,0.0535845861529146,0.00062053431521059,0.0535664111401294
V4,10,0,PP,1.58489319246111,0.0535868017073265,0.000657234547865439,0.0535664111401294
V4,10,0,PP,1.67880401812256,0.053589287048686,0.000696096467045955,0.0535664111401294
V4,10,0,PP,1.77827941003892,0.0535920749534079,0.00073724572774308,0.0535664111401294
V4,10,0,PP,1.8836490894898,0.0535952021604195,0.000780814973859574,0.0535664111401294
V4,10,0,PP,1.99526231496888,0.0535987098451705,0.000826944166924272,0.0535664111401294
V4,10,0,PP,2.11348903983665,0.0536026441490397,0.000875780918406633,0.0535664111401294
V4,10,0,PP,2.23872113856834,0.0536070567702737,0.000927480822925509,0.0535664111401294
V4,10,0,PP,2.37137370566166,0.0536120056231826,0.000982207788959556,0.0535664111401294
V4,10,0,PP,2.51188643150958,0.0536175555729391,0.0010401343628485,0.0535664111401294
V4,10,0,PP,2.66072505979881,0.0536237792539721,0.00110144204090176,0.0535664111401294
V4,10,0,PP,2.81838293126445,0.0536307579806166,0.00116632156327853,0.0535664111401294
V4,10,0,PP,2.98538261891796,0.0536385827593429,0.00123497318194159,0.0535664111401294
V4,10,0,PP,3.16227766016838,0.0536473554125494,0.00130760689338344,0.0535664111401294
V4,10,0,PP,3.34965439157828,0.053657189824511,0.00138444262494045,0.0535664111401294
V4,10,0,PP,3.54813389233576,0.0536682133206263,0.00146571036130805,0.0535664111401294
V4,10,0,PP,3.75837404288444,0.0536805681915267,0.00155165019530281,0.0535664111401294
V4,10,0,PP,3.98107170553497,0.0536944133738739,0.00164251228393739,0.0535664111401294
V4,10,0,PP,4.21696503428582,0.053709926299681,0.00173855668743187,0.0535664111401294
V4,10,0,PP,4.46683592150963,0.0537273049256767,0.00184005306482906,0.0535664111401294
V4,10,0,PP,4.73151258961481,0.0537467699534602,0.00194728019536128,0.0535664111401294
V4,10,0,PP,5.01187233627272,0.053768567249841,0.00206052528958931,0.0535664111401294
V4,10,0,PP,5.30884444230988,0.0537929704746349,0.00218008304856508,0.0535664111401294
V4,10,0,PP,5.62341325190349,0.0538202839200933,0.00230625442284115,0.0535664111401294
V4,10,0,PP,5.9566214352901,0.0538508455618135,0.00243934501607193,0.0535664111401294
V4,10,0,PP,6.30957344480193,0.0538850303151224,0.00257966307027082,0.0535664111401294
V4,10,0,PP,6.68343917568615,0.0539232534831713,0.00272751696160739,0.0535664111401294
V4,10,0,PP,7.07945784384138,0.0539659743729362,0.00288321212712732,0.0535664111401294
V4,10,0,PP,7.49894209332456,0.0540137000425128,0.00304704733423446,0.0535664111401294
V4,10,0,PP,7.94328234724281,0.0540669891270245,0.00321931019660145,0.0535664111401294
V4,10,0,PP,8.41395141645195,0.0541264556705972,0.00340027183295431,0.0535664111401294
V4,10,0,PP,8.91250938133745,0.0541927728676515,0.00359018055970365,0.0535664111401294
V4,10,0,PP,9.44060876285924,0.0542666765877335,0.00378925450572333,0.0535664111401294
V4,10,0,PP,10,0.0543489685238481,0.00399767303907347,0.0535664111401294
V4,10,0,PP,10.5925372517729,0.0544405187645964,0.00421556690284193,0.0535664111401294
V4,10,0,PP,11.2201845430196,0.0545422675454536,0.00444300697264367,0.0535664111401294
V4,10,0,PP,11.8850222743702,0.0546552258848819,0.00467999157416658,0.0535664111401294
V4,10,0,PP,12.5892541179417,0.0547804747579249,0.00492643233835218,0.0535664111401294
V4,10,0,PP,13.3352143216332,0.0549191624057035,0.0051821386274807,0.0535664111401294
V4,10,0,PP,14.1253754462275,0.0550724993272142,0.00544680064081445,0.0535664111401294
V4,10,0,PP,14.9623565609443,0.0552417504549158,0.0057199714065355,0.0535664111401294
V4,10,0,PP,15.8489319246111,0.055428223984359,0.00600104798980699,0.0535664111401294
V4,10,0,PP,16.7880401812256,0.0556332563190446,0.00628925239587111,0.0535664111401294
V4,10,0,PP,17.7827941003892,0.0558581926151125,0.00658361282098376,0.0535664111401294
V4,10,0,PP,18.836490894898,0.0561043624782275,0.00688294609830385,0.0535664111401294
V4,10,0,PP,19.9526231496888,0.0563730504898237,0.00718584239193636,0.0535664111401294
V4,10,0,PP,21.1348903983665,0.0566654614338898,0.00749065339612713,0.0535664111401294
V4,10,0,PP,22.3872113856834,0.0569826803685275,0.0077954854778916,0.0535664111401294
V4,10,0,PP,23.7137370566166,0.0573256280433436,0.00809819933349747,0.0535664111401294
V4,10,0,PP,25.1188643150958,0.0576950126009296,0.00839641777995137,0.0535664111401294
V4,10,0,PP,26.6072505979881,0.0580912790032111,0.00868754323628215,0.0535664111401294
V4,10,0,PP,28.1838293126445,0.0585145581617353,0.00896878623081077,0.0535664111401294
V4,10,0,PP,29.8538261891796,0.0589646182790579,0.00923720587094054,0.0535664111401294
V4,10,0,PP,31.6227766016838,0.0594408213645687,0.00948976261617398,0.0535664111401294
V4,10,0,PP,33.4965439157828,0.0599420881987026,0.00972338290963188,0.0535664111401294
V4,10,0,PP,35.4813389233575,0.0604668751068475,0.0099350342836386,0.0535664111401294
V4,10,0,PP,37.5837404288444,0.0610131656985268,0.0101218085291104,0.0535664111401294
V4,10,0,PP,39.8107170553497,0.061578480181193,0.0102810095064255,0.0535664111401294
V4,10,0,PP,42.1696503428582,0.062159903961185,0.0104102413007289,0.0535664111401294
V4,10,0,PP,44.6683592150963,0.0627541360361423,0.0105074918190351,0.0535664111401294
V4,10,0,PP,47.315125896148,0.0633575562562752,0.0105712067087152,0.0535664111401294
V4,10,0,PP,50.1187233627273,0.0639663090274982,0.0106003487288363,0.0535664111401294
V4,10,0,PP,53.0884444230988,0.0645763996202405,0.0105944384515326,0.0535664111401294
V4,10,0,PP,56.2341325190349,0.0651837981119421,0.0105535733643512,0.0535664111401294
V4,10,0,PP,59.566214352901,0.0657845452817549,0.0104784239711964,0.0535664111401294
V4,10,0,PP,63.0957344480193,0.0663748545920137,0.01037020717953,0.0535664111401294
V4,10,0,PP,66.8343917568615,0.0669512047587636,0.0102306389178041,0.0535664111401294
V4,10,0,PP,70.7945784384138,0.0675104182809355,0.0100618693583772,0.0535664111401294
V4,10,0,PP,74.9894209332456,0.0680497225445942,0.00986640517363821,0.0535664111401294
V4,10,0,PP,79.4328234724281,0.068566791580177,0.00964702383400397,0.0535664111401294
V4,10,0,PP,84.1395141645195,0.0690597680471139,0.00940668504426452,0.0535664111401294
V4,10,0,PP,89.1250938133746,0.069527266387097,0.00914844405493874,0.0535664111401294
V4,10,0,PP,94.4060876285924,0.0699683591983403,0.0088753708746966,0.0535664111401294
V4,10,0,PP,100,0.0703825496636663,0.00859047847423253,0.0535664111401294
V4,10,0,CF,0.1,0.0535666097504139,6.48953345576862e-05,0.0535664111401294
V4,10,0,CF,0.105925372517729,0.0535666339842791,6.87405463151423e-05,0.0535664111401294
V4,10,0,CF,0.112201845430196,0.0535666611750572,7.28135863844916e-05,0.0535664111401294
V4,10,0,CF,0.118850222743702,0.0535666916835289,7.71279516504925e-05,0.0535664111401294
V4,10,0,CF,0.125892541179417,0.0535667259144928,8.16979382124395e-05,0.0535664111401294
V4,10,0,CF,0.133352143216332,0.0535667643221343,8.65386886414269e-05,0.0535664111401294
V4,10,0,CF,0.141253754462275,0.0535668074160513,9.16662420190896e-05,0.0535664111401294
V4,10,0,CF,0.149623565609443,0.0535668557680128,9.70975869191117e-05,0.0535664111401294
V4,10,0,CF,0.158489319246111,0.0535669100195435,0.000102850717501686,0.0535664111401294
V4,10,0,CF,0.167880401812256,0.0535669708904316,0.000108944692900402,0.0535664111401294
V4,10,0,CF,0.177827941003892,0.0535670391882753,0.000115399700090745,0.0535664111401294
V4,10,0,CF,0.18836490894898,0.0535671158191926,0.000122237120439469,0.0535664111401294
V4,10,0,CF,0.199526231496888,0.0535672017998365,0.000129479600144612,0.0535664111401294
V4,10,0,CF,0.211348903983665,0.0535672982708757,0.000137151124786749,0.0535664111401294
V4,10,0,CF,0.223872113856834,0.0535674065121168,0.000145277098223322,0.0535664111401294
V4,10,0,CF,0.237137370566166,0.0535675279594714,0.000153884426069363,0.0535664111401294
V4,10,0,CF,0.251188643150958,0.0535676642239882,0.000163001604019722,0.0535664111401294
V4,10,0,CF,0.266072505979881,0.0535678171132057,0.000172658811279907,0.0535664111401294
V4,10,0,CF,0.281838293126445,0.0535679886551044,0.000182888009384723,0.0535664111401294
V4,10,0,CF,0.298538261891796,0.0535681811249762,0.000193723046696034,0.0535664111401294
V4,10,0,CF,0.316227766016838,0.0535683970755643,0.000205199768882972,0.0535664111401294
V4,10,0,CF,0.334965439157828,0.0535686393708727,0.000217356135699639,0.0535664111401294
V4,10,0,CF,0.354813389233576,0.0535689112240877,0.00023023234438663,0.0535664111401294
V4,10,0,CF,0.375837404288444,0.0535692162401128,0.000243870960033197,0.0535664111401294
V4,10,0,CF,0.398107170553497,0.0535695584632743,0.000258317053246401,0.0535664111401294
V4,10,0,CF,0.421696503428582,0.0535699424308252,0.00027361834548169,0.0535664111401294
V4,10,0,CF,0.446683592150963,0.0535703732329467,0.000289825362395601,0.0535664111401294
V4,10,0,CF,0.473151258961481,0.0535708565800353,0.00030699159558514,0.0535664111401294
V4,10,0,CF,0.501187233627272,0.0535713988781519,0.000325173673079223,0.0535664111401294
V4,10,0,CF,0.530884444230988,0.053572007313619,0.000344431538944527,0.0535664111401294
V4,10,0,CF,0.562341325190349,0.053572689947866,0.00036482864236031,0.0535664111401294
V4,10,0,CF,0.59566214352901,0.0535734558237532,0.000386432136503022,0.0535664111401294
V4,10,0,CF,0.630957344480193,0.0535743150847533,0.000409313087560515,0.0535664111401294
V4,10,0,CF,0.668343917568615,0.0535752791085257,0.000433546694165745,0.0535664111401294
V4,10,0,CF,0.707945784384138,0.0535763606566045,0.000459212517499084,0.0535664111401294
V4,10,0,CF,0.749894209332456,0.0535775740421163,0.000486394722254438,0.0535664111401294
V4,10,0,CF,0.794328234724281,0.0535789353176687,0.000515182328594541,0.0535664111401294
V4,10,0,CF,0.841395141645195,0.0535804624857941,0.000545669475131806,0.0535664111401294
V4,10,0,CF,0.891250938133745,0.0535821757346053,0.000577955692859144,0.0535664111401294
V4,10,0,CF,0.944060876285923,0.0535840977016198,0.000612146189815557,0.0535664111401294
V4,10,0,CF,1,0.0535862537690381,0.000648352146098802,0.0535664111401294
V4,10,0,CF,1.05925372517729,0.0535886723941252,0.000686691018625518,0.0535664111401294
V4,10,0,CF,1.12201845430196,0.0535913854787399,0.000727286854780584,0.0535664111401294
V4,10,0,CF,1.18850222743702,0.0535944287824889,0.00077027061378315,0.0535664111401294
V4,10,0,CF,1.25892541179417,0.0535978423844537,0.000815780494216699,0.0535664111401294
V4,10,0,CF,1.33352143216332,0.0536016711989443,0.000863962265712404,0.0535664111401294
V4,10,0,CF,1.41253754462275,0.0536059655512809,0.000914969602225109,0.0535664111401294
V4,10,0,CF,1.49623565609443,0.0536107818201841,0.000968964413683117,0.0535664111401294
V4,10,0,CF,1.58489319246111,0.0536161831539712,0.00102611717200778,0.0535664111401294
V4,10,0,CF,1.67880401812256,0.0536222402683949,0.00108660722656506,0.0535664111401294
V4,10,0,CF,1.77827941003892,0.0536290323346262,0.00115062310300381,0.0535664111401294
V4,10,0,CF,1.8836490894898,0.0536366479665496,0.00121836277812608,0.0535664111401294
V4,10,0,CF,1.99526231496888,0.0536451863171982,0.00129003392189182,0.0535664111401294
V4,10,0,CF,2.11348903983665,0.0536547582947853,0.0013658540958466,0.0535664111401294
V4,10,0,CF,2.23872113856834,0.0536654879093506,0.00144605089513858,0.0535664111401294
V4,10,0,CF,2.37137370566166,0.0536775137615002,0.00153086201881371,0.0535664111401294
V4,10,0,CF,2.51188643150958,0.0536909906850218,0.00162053525020093,0.0535664111401294
V4,10,0,CF,2.66072505979881,0.0537060915552361,0.00171532832587073,0.0535664111401294
V4,10,0,CF,2.81838293126445,0.0537230092747132,0.00181550866782043,0.0535664111401294
V4,10,0,CF,2.98538261891796,0.0537419589473329,0.00192135294915775,0.0535664111401294
V4,10,0,CF,3.16227766016838,0.0537631802504644,0.00203314645857443,0.0535664111401294
V4,10,0,CF,3.34965439157828,0.0537869400131211,0.00215118222328692,0.0535664111401294
V4,10,0,CF,3.54813389233576,0.0538135350050978,0.00227575984384947,0.0535664111401294
V4,10,0,CF,3.75837404288444,0.0538432949380947,0.00240718398731757,0.0535664111401294
V4,10,0,CF,3.98107170553497,0.053876585674359,0.00254576247769521,0.0535664111401294
V4,10,0,CF,4.21696503428582,0.0539138126311125,0.00269180391452429,0.0535664111401294
V4,10,0,CF,4.46683592150963,0.0539554243595697,0.00284561474202854,0.0535664111401294
V4,10,0,CF,4.73151258961481,0.0540019162652423,0.00300749568265879,0.0535664111401294
V4,10,0,CF,5.01187233627272,0.0540538344209777,0.00317773744058057,0.0535664111401294
V4,10,0,CF,5.30884444230988,0.0541117794052631,0.00335661557313519,0.0535664111401294
V4,10,0,CF,5.62341325190349,0.0541764100751954,0.00354438442233363,0.0535664111401294
V4,10,0,CF,5.9566214352901,0.0542484471556729,0.00374126999499692,0.0535664111401294
V4,10,0,CF,6.30957344480193,0.054328676493374,0.00394746168052384,0.0535664111401294
V4,10,0,CF,6.68343917568615,0.054417951785704,0.00416310270107629,0.0535664111401294
V4,10,0,CF,7.07945784384138,0.0545171965511537,0.00438827920223464,0.0535664111401294
V4,10,0,CF,7.49894209332456,0.0546274050588869,0.00462300791529569,0.0535664111401294
V4,10,0,CF,7.94328234724281,0.0547496418829759,0.00486722235814832,0.0535664111401294
V4,10,0,CF,8.41395141645195,0.0548850396924941,0.00512075759314823,0.0535664111401294
V4,10,0,CF,8.91250938133745,0.055034794835754,0.00538333363084566,0.0535664111401294
V4,10,0,CF,9.44060876285924,0.0552001602298525,0.00565453766088324,0.0535664111401294
V4,10,0,CF,10,0.0553824350315184,0.0059338054084003,0.0535664111401294
V4,10,0,CF,10.5925372517729,0.0555829505500736,0.00622040205721981,0.0535664111401294
V4,10,0,CF,11.2201845430196,0.0558030518780189,0.00651340334936537,0.0535664111401294
V4,10,0,CF,11.8850222743702,0.0560440747708847,0.00681167766053965,0.0535664111401294
V4,10,0,CF,12.5892541179417,0.0563073174181292,0.00711387005554401,0.0535664111401294
V4,10,0,CF,13.3352143216332,0.056594006923479,0.00741838953354656,0.0535664111401294
V4,10,0,CF,14.1253754462275,0.0569052605667739,0.00772340086189513,0.0535664111401294
V4,10,0,CF,14.9623565609443,0.0572420422563177,0.00802682254367806,0.0535664111401294
V4,10,0,CF,15.8489319246111,0.0576051149997618,0.00832633253739396,0.0535664111401294
V4,10,0,CF,16.7880401812256,0.0579949907106999,0.00861938331174197,0.0535664111401294
V4,10,0,CF,17.7827941003892,0.0584118792014958,0.00890322763894883,0.0535664111401294
V4,10,0,CF,18.836490894898,0.0588556387484021,0.00917495617527814,0.0535664111401294
V4,10,0,CF,19.9526231496888,0.0593257310945464,0.00943154732834165,0.0535664111401294
V4,10,0,CF,21.1348903983665,0.0598211841084818,0.00966992916828116,0.0535664111401294
V4,10,0,CF,22.3872113856834,0.0603405654630623,0.00988705223180619,0.0535664111401294
V4,10,0,CF,23.7137370566166,0.060881970568459,0.0100799710547179,0.0535664111401294
V4,10,0,CF,25.1188643150958,0.0614430275300599,0.0102459312427456,0.0535664111401294
V4,10,0,CF,26.6072505979881,0.0620209210866718,0.0103824579713536,0.0535664111401294
V4,10,0,CF,28.1838293126445,0.0626124363435538,0.0104874411242428,0.0535664111401294
V4,10,0,CF,29.8538261891796,0.0632140217285476,0.0105592119615029,0.0535664111401294
V4,10,0,CF,31.6227766016838,0.0638218690987313,0.0105966063444061,0.0535664111401294
V4,10,0,CF,33.4965439157828,0.0644320074768908,0.0105990101740287,0.0535664111401294
V4,10,0,CF,35.4813389233575,0.065040405681285,0.0105663837965035,0.0535664111401294
V4,10,0,CF,37.5837404288444,0.0656430782903545,0.0104992635892073,0.0535664111401294
V4,10,0,CF,39.8107170553497,0.0662361890703212,0.0103987406108402,0.0535664111401294
V4,10,0,CF,42.1696503428582,0.0668161462325513,0.0102664178807266,0.0535664111401294
V4,10,0,CF,44.6683592150963,0.0673796846451582,0.0101043493529962,0.0535664111401294
V4,10,0,CF,47.315125896148,0.0679239312939748,0.00991496480441832,0.0535664111401294
V4,10,0,CF,50.1187233627273,0.0684464517148743,0.00970098555190738,0.0535664111401294
V4,10,0,CF,53.0884444230988,0.0689452766235014,0.00946533611851894,0.0535664111401294
V4,10,0,CF,56.2341325190349,0.0694189093791661,0.00921105670576975,0.0535664111401294
V4,10,0,CF,59.566214352901,0.0698663161000991,0.00894122069190819,0.0535664111401294
V4,10,0,CF,63.0957344480193,0.0702869011099126,0.00865886048137491,0.0535664111401294
V4,10,0,CF,66.8343917568615,0.0706804709061686,0.00836690401199902,0.0535664111401294
V4,10,0,CF,70.7945784384138,0.0710471900157889,0.00806812320524375,0.0535664111401294
V4,10,0,CF,74.9894209332456,0.0713875319889991,0.00776509471800287,0.0535664111401294
V4,10,0,CF,79.4328234724281,0.0717022284548463,0.00746017258688961,0.0535664111401294
V4,10,0,CF,84.1395141645195,0.0719922186948067,0.00715547177985021,0.0535664111401294
V4,10,0,CF,89.1250938133746,0.072258601659351,0.00685286128933088,0.0535664111401294
V4,10,0,CF,94.4060876285924,0.0725025918158382,0.00655396519928511,0.0535664111401294
V4,10,0,CF,100,0.0727254797190271,0.00626017010527452,0.0535664111401294
V4,10,1,PP,0.1,0.0535664915576457,4.0808761962368e-05,0.0535664111401294
V4,10,1,PP,0.105925372517729,0.0535665013700239,4.32268126465514e-05,0.0535664111401294
V4,10,1,PP,0.112201845430196,0.0535665123796824,4.57881379805694e-05,0.0535664111401294
V4,10,1,PP,0.118850222743702,0.0535665247327084,4.85012267933738e-05,0.0535664111401294
V4,10,1,PP,0.125892541179417,0.053566538593014,5.13750707714695e-05,0.0535664111401294
V4,10,1,PP,0.133352143216332,0.0535665541445106,5.44191942292396e-05,0.0535664111401294
V4,10,1,PP,0.141253754462275,0.0535665715935489,5.76436856383981e-05,0.0535664111401294
V4,10,1,PP,0.149623565609443,0.0535665911716569,6.10592310198881e-05,0.0535664111401294
V4,10,1,PP,0.158489319246111,0.0535666131386114,6.46771493074895e-05,0.0535664111401294
V4,10,1,PP,0.167880401812256,0.0535666377858841,6.85094297986695e-05,0.0535664111401294
V4,10,1,PP,0.177827941003892,0.0535666654405092,7.25687718148121e-05,0.0535664111401294
V4,10,1,PP,0.18836490894898,0.053566696469421,7.68686266999062e-05,0.0535664111401294
V4,10,1,PP,0.199526231496888,0.0535667312843219,8.14232422940771e-05,0.0535664111401294
V4,10,1,PP,0.211348903983665,0.0535667703471438,8.62477100260176e-05,0.0535664111401294
V4,10,1,PP,0.223872113856834,0.0535668141761755,9.13580147764205e-05,0.0535664111401294
V4,10,1,PP,0.237137370566166,0.0535668633529369,9.67710876729491e-05,0.0535664111401294
V4,10,1,PP,0.251188643150958,0.0535669185298928,0.000102504861986106,0.0535664111401294
V4,10,1,PP,0.266072505979881,0.0535669804391055,0.000108578332304576,0.0535664111401294
V4,10,1,PP,0.281838293126445,0.053567049901944,0.000115011617178229,0.0535664111401294
V4,10,1,PP,0.298538261891796,0.0535671278399758,0.000121826025426965,0.0535664111401294
V4,10,1,PP,0.316227766016838,0.0535672152871875,0.000129044126323938,0.0535664111401294
V4,10,1,PP,0.334965439157828,0.0535673134036935,0.00013668982387246,0.0535664111401294
V4,10,1,PP,0.354813389233576,0.0535674234911172,0.000144788435406881,0.0535664111401294
V4,10,1,PP,0.375837404288444,0.0535675470098446,0.000153366774759139,0.0535664111401294
V4,10,1,PP,0.398107170553497,0.0535676855983821,0.000162453240244233,0.0535664111401294
V4,10,1,PP,0.421696503428582,0.0535678410950703,0.000172077907729616,0.0535664111401294
V4,10,1,PP,0.446683592150963,0.0535680155624441,0.000182272629065363,0.0535664111401294
V4,10,1,PP,0.473151258961481,0.0535682113145572,0.000193071136163776,0.0535664111401294
V4,10,1,PP,0.501187233627272,0.0535684309476348,0.000204509151028731,0.0535664111401294
V4,10,1,PP,0.530884444230988,0.0535686773744545,0.000216624502046405,0.0535664111401294
V4,10,1,PP,0.562341325190349,0.0535689538629114,0.000229457246859772,0.0535664111401294
V4,10,1,PP,0.59566214352901,0.0535692640792726,0.000243049802159242,0.0535664111401294
V4,10,1,PP,0.630957344480193,0.0535696121366892,0.000257447080730655,0.0535664111401294
V4,10,1,PP,0.668343917568615,0.0535700026496041,0.000272696636109151,0.0535664111401294
V4,10,1,PP,0.707945784384138,0.0535704407947656,0.000288848815192831,0.0535664111401294
V4,10,1,PP,0.749894209332456,0.0535709323796479,0.000305956919172882,0.0535664111401294
V4,10,1,PP,0.794328234724281,0.0535714839191695,0.000324077373136458,0.0535664111401294
V4,10,1,PP,0.841395141645195,0.0535721027217104,0.00034326990469408,0.0535664111401294
V4,10,1,PP,0.891250938133745,0.053572796985547,0.000363597731973841,0.0535664111401294
V4,10,1,PP,0.944060876285923,0.053573575906954,0.000385127761308919,0.0535664111401294
V4,10,1,PP,1,0.053574449801373,0.000407930794921516,0.0535664111401294
V4,10,1,PP,1.05925372517729,0.053575430239209,0.000432081748873638,0.0535664111401294
V4,10,1,PP,1.12201845430196,0.0535765301979997,0.00045765988151104,0.0535664111401294
V4,10,1,PP,1.18850222743702,0.0535777642329041,0.000484749032568862,0.0535664111401294
V4,10,1,PP,1.25892541179417,0.0535791486676822,0.000513437873033099,0.0535664111401294
V4,10,1,PP,1.33352143216332,0.053580701808586,0.000543820165757673,0.0535664111401294
V4,10,1,PP,1.41253754462275,0.0535824441838546,0.000575995036718568,0.0535664111401294
V4,10,1,PP,1.49623565609443,0.0535843988118126,0.000610067256639482,0.0535664111401294
V4,10,1,PP,1.58489319246111,0.0535865915009012,0.000646147532542148,0.0535664111401294
V4,10,1,PP,1.67880401812256,0.0535890511853372,0.000684352808552393,0.0535664111401294
V4,10,1,PP,1.77827941003892,0.0535918103004958,0.000724806575022223,0.0535664111401294
V4,10,1,PP,1.8836490894898,0.0535949052025468,0.000767639184699954,0.0535664111401294
V4,10,1,PP,1.99526231496888,0.0535983766373471,0.000812988174283683,0.0535664111401294
V4,10,1,PP,2.11348903983665,0.0536022702640994,0.000860998589216167,0.0535664111401294
V4,10,1,PP,2.23872113856834,0.0536066372398336,0.000911823309006726,0.0535664111401294
V4,10,1,PP,2.37137370566166,0.0536115348713473,0.000965623369681578,0.0535664111401294
V4,10,1,PP,2.51188643150958,0.0536170273418505,0.00102256827914859,0.0535664111401294
V4,10,1,PP,2.66072505979881,0.0536231865201965,0.00108283632029361,0.0535664111401294
V4,10,1,PP,2.81838293126445,0.0536300928612302,0.00114661483547789,0.0535664111401294
V4,10,1,PP,2.98538261891796,0.053637836406436,0.00121410048475056,0.0535664111401294
V4,10,1,PP,3.16227766016838,0.0536465178947078,0.00128549946849442,0.0535664111401294
V4,10,1,PP,3.34965439157828,0.0536562499936507,0.00136102770335037,0.0535664111401294
V4,10,1,PP,3.54813389233576,0.0536671586623518,0.00144091093807564,0.0535664111401294
V4,10,1,PP,3.75837404288444,0.053679384656953,0.00152538479344012,0.0535664111401294
V4,10,1,PP,3.98107170553497,0.0536930851905894,0.00161469470730462,0.0535664111401294
V4,10,1,PP,4.21696503428582,0.0537084357592355,0.0017090957626082,0.0535664111401294
V4,10,1,PP,4.46683592150963,0.0537256321446466,0.00180885237206613,0.0535664111401294
V4,10,1,PP,4.73151258961481,0.0537448926047722,0.00191423778890015,0.0535664111401294
V4,10,1,PP,5.01187233627272,0.0537664602606169,0.00202553340784408,0.0535664111401294
V4,10,1,PP,5.30884444230988,0.053790605686356,0.00214302781495964,0.0535664111401294
V4,10,1,PP,5.62341325190349,0.0538176297063603,0.00226701553844527,0.0535664111401294
V4,10,1,PP,5.9566214352901,0.0538478663984072,0.00239779544563602,0.0535664111401294
V4,10,1,PP,6.30957344480193,0.053881686296434,0.0025356687238295,0.0535664111401294
V4,10,1,PP,6.68343917568615,0.053919499778384,0.00268093637453649,0.0535664111401294
V4,10,1,PP,7.07945784384138,0.0539617606145977,0.00283389614243184,0.0535664111401294
V4,10,1,PP,7.49894209332456,0.0540089696393532,0.00299483879195574,0.0535664111401294
V4,10,1,PP,7.94328234724281,0.0540616784920635,0.00316404363660837,0.0535664111401294
V4,10,1,PP,8.41395141645195,0.0541204933547764,0.00334177321908215,0.0535664111401294
V4,10,1,PP,8.91250938133745,0.0541860785884609,0.00352826703528846,0.0535664111401294
V4,10,1,PP,9.44060876285924,0.0542591601416436,0.00372373419312323,0.0535664111401294
V4,10,1,PP,10,0.0543405285708962,0.00392834489884695,0.0535664111401294
V4,10,1,PP,10.5925372517729,0.0544310414733253,0.00414222067194921,0.0535664111401294
V4,10,1,PP,11.2201845430196,0.0545316250867373,0.00436542320542429,0.0535664111401294
V4,10,1,PP,11.8850222743702,0.0546432747642016,0.00459794181498759,0.0535664111401294
V4,10,1,PP,12.5892541179417,0.0547670539776698,0.00483967946074484,0.0535664111401294
V4,10,1,PP,13.3352143216332,0.0549040914523956,0.00509043738127021,0.0535664111401294
V4,10,1,PP,14.1253754462275,0.0550555759836356,0.00534989845609055,0.0535664111401294
V4,10,1,PP,14.9623565609443,0.0552227484444161,0.00561760951108821,0.0535664111401294
V4,10,1,PP,15.8489319246111,0.0554068904647019,0.00589296290446655,0.0535664111401294
V4,10,1,PP,16.7880401812256,0.0556093092565559,0.0061751778794292,0.0535664111401294
V4,10,1,PP,17.7827941003892,0.0558313180871419,0.0064632823421398,0.0535664111401294
V4,10,1,PP,18.836490894898,0.0560742119733969,0.00675609591515583,0.0535664111401294
V4,10,1,PP,19.9526231496888,0.0563392383013066,0.00705221531834691,0.0535664111401294
V4,10,1,PP,21.1348903983665,0.0566275622707,0.00735000332693245,0.0535664111401294
V4,10,1,PP,22.3872113856834,0.0569402273424849,0.00764758272921999,0.0535664111401294
V4,10,1,PP,23.7137370566166,0.0572781112231575,0.00794283682818731,0.0535664111401294
V4,10,1,PP,25.1188643150958,0.0576418783567632,0.00823341806919779,0.0535664111401294
V4,10,1,PP,26.6072505979881,0.0580319303910736,0.00851676629584657,0.0535664111401294
V4,10,1,PP,28.1838293126445,0.0584483566118997,0.00879013790326649,0.0535664111401294
V4,10,1,PP,29.8538261891796,0.0588908868504468,0.0090506467461945,0.0535664111401294
V4,10,1,PP,31.6227766016838,0.0593588498015388,0.00929531705499866,0.0535664111401294
V4,10,1,PP,33.4965439157828,0.059851139972551,0.00952114782603367,0.0535664111401294
V4,10,1,PP,35.4813389233575,0.0603661965383383,0.00972518722120623,0.0535664111401294
V4,10,1,PP,37.5837404288444,0.0609019971399069,0.00990461450581293,0.0535664111401294
V4,10,1,PP,39.8107170553497,0.0614560690912154,0.0100568260743268,0.0535664111401294
V4,10,1,PP,42.1696503428582,0.0620255195445922,0.0101795212833584,0.0535664111401294
V4,10,1,PP,44.6683592150963,0.062607084954943,0.0102707832578947,0.0535664111401294
V4,10,1,PP,47.315125896148,0.063197198772828,0.0103291496740511,0.0535664111401294
V4,10,1,PP,50.1187233627273,0.0637920748290184,0.0103536688233124,0.0535664111401294
V4,10,1,PP,53.0884444230988,0.0643878025190418,0.0103439370457028,0.0535664111401294
V4,10,1,PP,56.2341325190349,0.0649804488282082,0.0103001148296903,0.0535664111401294
V4,10,1,PP,59.566214352901,0.0655661616002801,0.0102229203952993,0.0535664111401294
V4,10,1,PP,63.0957344480193,0.0661412683357042,0.0101136012336588,0.0535664111401294
V4,10,1,PP,66.8343917568615,0.0667023652248222,0.00997388567754001,0.0535664111401294
V4,10,1,PP,70.7945784384138,0.0672463920183966,0.00980591793921152,0.0535664111401294
V4,10,1,PP,74.9894209332456,0.0677706895884761,0.00961218102995811,0.0535664111401294
V4,10,1,PP,79.4328234724281,0.0682730384728339,0.00939541248707348,0.0535664111401294
V4,10,1,PP,84.1395141645195,0.0687516781507607,0.00915851786599403,0.0535664111401294
V4,10,1,PP,89.1250938133746,0.0692053081094681,0.0089044865586798,0.0535664111401294
V4,10,1,PP,94.4060876285924,0.069633072810889,0.00863631377338396,0.0535664111401294
V4,10,1,PP,100,0.0700345333913063,0.00835693158012468,0.0535664111401294
V4,10,1,CF,0.1,0.0535666077054461,6.38014162398533e-05,0.0535664111401294
V4,10,1,CF,0.105925372517729,0.0535666316897868,6.75818095520255e-05,0.0535664111401294
V4,10,1,CF,0.112201845430196,0.0535666586005935,7.1586190496432e-05,0.0535664111401294
V4,10,1,CF,0.118850222743702,0.053566688794932,7.58278283935629e-05,0.0535664111401294
V4,10,1,CF,0.125892541179417,0.0535667226734321,8.03207782963574e-05,0.0535664111401294
V4,10,1,CF,0.133352143216332,0.0535667606856026,8.50799274489701e-05,0.0535664111401294
V4,10,1,CF,0.141253754462275,0.0535668033357932,9.01210444797691e-05,0.0535664111401294
V4,10,1,CF,0.149623565609443,0.053566851189885,9.54608314870711e-05,0.0535664111401294
V4,10,1,CF,0.158489319246111,0.0535669048827958,0.000101116979184847,0.0535664111401294
V4,10,1,CF,0.167880401812256,0.0535669651269011,0.000107108225284757,0.0535664111401294
V4,10,1,CF,0.177827941003892,0.0535670327214818,0.000113454416300388,0.0535664111401294
V4,10,1,CF,0.18836490894898,0.0535671085633233,0.000120176572969471,0.0535664111401294
V4,10,1,CF,0.199526231496888,0.0535671936586079,0.00012729695950015,0.0535664111401294
V4,10,1,CF,0.211348903983665,0.053567289136255,0.000134839156857981,0.0535664111401294
V4,10,1,CF,0.223872113856834,0.0535673962628888,0.000142828140321379,0.0535664111401294
V4,10,1,CF,0.237137370566166,0.0535675164596295,0.00015129036154444,0.0535664111401294
V4,10,1,CF,0.251188643150958,0.0535676513209296,0.000160253835377653,0.0535664111401294
V4,10,1,CF,0.266072505979881,0.0535678026357059,0.000169748231708712,0.0535664111401294
V4,10,1,CF,0.281838293126445,0.0535679724110448,0.000179804972597463,0.0535664111401294
V4,10,1,CF,0.298538261891796,0.053568162898794,0.000190457334990859,0.0535664111401294
V4,10,1,CF,0.316227766016838,0.0535683766253918,0.000201740559315508,0.0535664111401294
V4,10,1,CF,0.334965439157828,0.0535686164253266,0.000213691964256788,0.0535664111401294
V4,10,1,CF,0.354813389233576,0.0535688854786668,0.000226351068044456,0.0535664111401294
V4,10,1,CF,0.375837404288444,0.0535691873531563,0.000239759716574829,0.0535664111401294
V4,10,1,CF,0.398107170553497,0.053569526051426,0.000253962218708793,0.0535664111401294
V4,10,1,CF,0.421696503428582,0.0535699060639445,0.000269005489092581,0.0535664111401294
V4,10,1,CF,0.446683592150963,0.0535703324283979,0.000284939198854162,0.0535664111401294
V4,10,1,CF,0.473151258961481,0.0535708107962794,0.00030181593453154,0.0535664111401294
V4,10,1,CF,0.501187233627272,0.0535713475075565,0.000319691365589658,0.0535664111401294
V4,10,1,CF,0.530884444230988,0.0535719496743893,0.000338624420879178,0.0535664111401294
V4,10,1,CF,0.562341325190349,0.0535726252749904,0.000358677474382167,0.0535664111401294
V4,10,1,CF,0.59566214352901,0.0535733832588431,0.000379916540575571,0.0535664111401294
V4,10,1,CF,0.630957344480193,0.053574233664641,0.000402411479721913,0.0535664111401294
V4,10,1,CF,0.668343917568615,0.0535751877524692,0.000426236213366308,0.0535664111401294
V4,10,1,CF,0.707945784384138,0.0535762581519285,0.000451468950277714,0.0535664111401294
V4,10,1,CF,0.749894209332456,0.0535774590280975,0.000478192423018017,0.0535664111401294
V4,10,1,CF,0.794328234724281,0.0535788062674512,0.000506494135252374,0.0535664111401294
V4,10,1,CF,0.841395141645195,0.0535803176860923,0.000536466619824948,0.0535664111401294
V4,10,1,CF,0.891250938133745,0.053582013262924,0.000568207707511901,0.0535664111401294
V4,10,1,CF,0.944060876285923,0.0535839154006865,0.000601820806223804,0.0535664111401294
V4,10,1,CF,1,0.0535860492181053,0.000637415190256977,0.0535664111401294
V4,10,1,CF,1.05925372517729,0.0535884428767581,0.000675106298981493,0.0535664111401294
V4,10,1,CF,1.12201845430196,0.0535911279466577,0.000715016044095133,0.0535664111401294
V4,10,1,CF,1.18850222743702,0.0535941398149735,0.000757273124258779,0.0535664111401294
V4,10,1,CF,1.25892541179417,0.0535975181427806,0.000802013345549309,0.0535664111401294
V4,10,1,CF,1.33352143216332,0.0536013073752219,0.000849379945709085,0.0535664111401294
V4,10,1,CF,1.41253754462275,0.0536055573110078,0.000899523919622681,0.0535664111401294
V4,10,1,CF,1.49623565609443,0.0536103237377484,0.000952604342795379,0.0535664111401294
V4,10,1,CF,1.58489319246111,0.0536156691402188,0.0010087886888255,0.0535664111401294
V4,10,1,CF,1.67880401812256,0.0536216634892841,0.00106825313593239,0.0535664111401294
V4,10,1,CF,1.77827941003892,0.053628385119863,0.00113118285649889,0.0535664111401294
V4,10,1,CF,1.8836490894898,0.0536359217069587,0.00119777228228393,0.0535664111401294
V4,10,1,CF,1.99526231496888,0.0536443713494281,0.00126822533642479,0.0535664111401294
V4,10,1,CF,2.11348903983665,0.0536538437717688,0.00134275562154512,0.0535664111401294
V4,10,1,CF,2.23872113856834,0.0536644616547426,0.00142158655117363,0.0535664111401294
V4,10,1,CF,2.37137370566166,0.0536763621060891,0.00150495140921671,0.0535664111401294
V4,10,1,CF,2.51188643150958,0.0536896982828571,0.00159309331936976,0.0535664111401294
V4,10,1,CF,2.66072505979881,0.0537046411769295,0.00168626510304715,0.0535664111401294
V4,10,1,CF,2.81838293126445,0.0537213815750467,0.00178472900061098,0.0535664111401294
V4,10,1,CF,2.98538261891796,0.0537401322039472,0.00188875622633345,0.0535664111401294
V4,10,1,CF,3.16227766016838,0.0537611300699946,0.00199862632259481,0.0535664111401294
V4,10,1,CF,3.34965439157828,0.0537846390006905,0.00211462627326161,0.0535664111401294
V4,10,1,CF,3.54813389233576,0.0538109523925775,0.00223704932999048,0.0535664111401294
V4,10,1,CF,3.75837404288444,0.0538403961659714,0.00236619349836475,0.0535664111401294
V4,10,1,CF,3.98107170553497,0.0538733319214382,0.00250235962333782,0.0535664111401294
V4,10,1,CF,4.21696503428582,0.0539101602856054,0.00264584900551944,0.0535664111401294
V4,10,1,CF,4.46683592150963,0.0539513244243836,0.0027969604715644,0.0535664111401294
V4,10,1,CF,4.73151258961481,0.053997313689518,0.00295598681356572,0.0535664111401294
V4,10,1,CF,5.01187233627272,0.0540486673491113,0.00312321050430212,0.0535664111401294
V4,10,1,CF,5.30884444230988,0.0541059783338365,0.00329889858798783,0.0535664111401294
V4,10,1,CF,5.62341325190349,0.0541698969074601,0.00348329664057095,0.0535664111401294
V4,10,1,CF,5.9566214352901,0.0542411341425403,0.0036766216906218,0.0535664111401294
V4,10,1,CF,6.30957344480193,0.0543204650493459,0.0038790539927368,0.0535664111401294
V4,10,1,CF,6.68343917568615,0.0544087311679422,0.00409072755179096,0.0535664111401294
V4,10,1,CF,7.07945784384138,0.0545068423900882,0.00431171931030839,0.0535664111401294
V4,10,1,CF,7.49894209332456,0.054615777729607,0.00454203693508177,0.0535664111401294
V4,10,1,CF,7.94328234724281,0.0547365847083952,0.00478160517571397,0.0535664111401294
V4,10,1,CF,8.41395141645195,0.0548703769722624,0.00503025082001459,0.0535664111401294
V4,10,1,CF,8.91250938133745,0.0550183296995076,0.0052876863423084,0.0535664111401294
V4,10,1,CF,9.44060876285924,0.0551816723201238,0.00555349243367517,0.0535664111401294
V4,10,1,CF,10,0.0553616780309943,0.00582709972030915,0.0535664111401294
V4,10,1,CF,10.5925372517729,0.0555596495804623,0.00610777011871894,0.0535664111401294
V4,10,1,CF,11.2201845430196,0.0557769008140816,0.00639457844352724,0.0535664111401294
V4,10,1,CF,11.8850222743702,0.0560147335336307,0.00668639507134429,0.0535664111401294
V4,10,1,CF,12.5892541179417,0.0562744093359348,0.00698187066467627,0.0535664111401294
V4,10,1,CF,13.3352143216332,0.0565571162787503,0.0072794241600637,0.0535664111401294
V4,10,1,CF,14.1253754462275,0.0568639304778955,0.00757723540562311,0.0535664111401294
V4,10,1,CF,14.9623565609443,0.0571957730783673,0.00787324396961927,0.0535664111401294
V4,10,1,CF,15.8489319246111,0.0575533634601617,0.00816515570270318,0.0535664111401294
V4,10,1,CF,16.7880401812256,0.0579371700237923,0.00845045858739973,0.0535664111401294
V4,10,1,CF,17.7827941003892,0.0583473604240399,0.00872644921465679,0.0535664111401294
V4,10,1,CF,18.836490894898,0.0587837536403442,0.00899027085952504,0.0535664111401294
V4,10,1,CF,19.9526231496888,0.0592457767299478,0.00923896356952752,0.0535664111401294
V4,10,1,CF,21.1348903983665,0.059732429434545,0.00946952593343916,0.0535664111401294
V4,10,1,CF,22.3872113856834,0.0602422599268758,0.00967898729583052,0.0535664111401294
V4,10,1,CF,23.7137370566166,0.0607733548205421,0.00986448818645463,0.0535664111401294
V4,10,1,CF,25.1188643150958,0.0613233460745649,0.0100233657374385,0.0535664111401294
V4,10,1,CF,26.6072505979881,0.0618894365888969,0.0101532399838157,0.0535664111401294
V4,10,1,CF,28.1838293126445,0.0624684451401976,0.0102520963129702,0.0535664111401294
V4,10,1,CF,29.8538261891796,0.0630568699330129,0.0103183590647493,0.0535664111401294
V4,10,1,CF,31.6227766016838,0.0636509685728729,0.0103509514718242,0.0535664111401294
V4,10,1,CF,33.4965439157828,0.0642468508708454,0.0103493378006333,0.0535664111401294
V4,10,1,CF,35.4813389233575,0.0648405797387064,0.0103135446707539,0.0535664111401294
V4,10,1,CF,37.5837404288444,0.0654282746840513,0.0102441599900817,0.0535664111401294
V4,10,1,CF,39.8107170553497,0.0660062121698676,0.0101423095843929,0.0535664111401294
V4,10,1,CF,42.1696503428582,0.0665709173980958,0.010009613231843,0.0535664111401294
V4,10,1,CF,44.6683592150963,0.0671192428696483,0.00984812324642813,0.0535664111401294
V4,10,1,CF,47.315125896148,0.0676484302540652,0.00966024983334286,0.0535664111401294
V4,10,1,CF,50.1187233627273,0.0681561535132334,0.00944867806491184,0.0535664111401294
V4,10,1,CF,53.0884444230988,0.0686405426900628,0.00921628146877562,0.0535664111401294
V4,10,1,CF,56.2341325190349,0.0691001891307612,0.00896603691740289,0.0535664111401294
V4,10,1,CF,59.566214352901,0.0695341340297175,0.00870094484935694,0.0535664111401294
V4,10,1,CF,63.0957344480193,0.0699418429895252,0.00842395795868099,0.0535664111401294
V4,10,1,CF,66.8343917568615,0.0703231697482342,0.00813792048787873,0.0535664111401294
V4,10,1,CF,70.7945784384138,0.0706783123602822,0.00784551926897947,0.0535664111401294
V4,10,1,CF,74.9894209332456,0.0710077649790388,0.00754924676738529,0.0535664111401294
V4,10,1,CF,79.4328234724281,0.0713122680484904,0.00725137565414801,0.0535664111401294
V4,10,1,CF,84.1395141645195,0.0715927592451825,0.00695394389199523,0.0535664111401294
V4,10,1,CF,89.1250938133746,0.0718503269890361,0.00665874897002396,0.0535664111401294
V4,10,1,CF,94.4060876285924,0.0720861678202475,0.00636734974320985,0.0535664111401294
V4,10,1,CF,100,0.0723015484605167,0.00608107429569926,0.0535664111401294
LEGACY_N1,7,-1,PP,0.1,0.0530806530265171,5.41856899126362e-05,0.0530805398248293
LEGACY_N1,7,-1,PP,0.105925372517729,0.0530806668391444,5.73963633248404e-05,0.0530805398248293
LEGACY_N1,7,-1,PP,0.112201845430196,0.0530806823371497,6.0797275335248e-05,0.0530805398248293
LEGACY_N1,7,-1,PP,0.118850222743702,0.0530806997261755,6.43996972033772e-05,0.0530805398248293
LEGACY_N1,7,-1,PP,0.125892541179417,0.0530807192369557,6.82155678481326e-05,0.0530805398248293
LEGACY_N1,7,-1,PP,0.133352143216332,0.0530807411283761,7.22575333705211e-05,0.0530805398248293
LEGACY_N1,7,-1,PP,0.141253754462275,0.0530807656909098,7.65389889109624e-05,0.0530805398248293
LEGACY_N1,7,-1,PP,0.149623565609443,0.0530807932504706,8.10741229781552e-05,0.0530805398248293
LEGACY_N1,7,-1,PP,0.158489319246111,0.0530808241727366,8.58779643943211e-05,0.0530805398248293
LEGACY_N1,7,-1,PP,0.167880401812256,0.0530808588680019,9.09664320099177e-05,0.0530805398248293
LEGACY_N1,7,-1,PP,0.177827941003892,0.0530808977966194,9.63563873496222e-05,0.0530805398248293
LEGACY_N1,7,-1,PP,0.18836490894898,0.0530809414751076,0.000102065690360539,0.0530805398248293
LEGACY_N1,7,-1,PP,0.199526231496888,0.0530809904830021,0.000108113258443199,0.0530805398248293
LEGACY_N1,7,-1,PP,0.211348903983665,0.0530810454705438,0.000114519128956005,0.0530805398248293
LEGACY_N1,7,-1,PP,0.223872113856834,0.0530811071673027,0.00012130452539435,0.0530805398248293
LEGACY_N1,7,-1,PP,0.237137370566166,0.0530811763918554,0.000128491927456688,0.0530805398248293
LEGACY_N1,7,-1,PP,0.251188643150958,0.053081254062641,0.000136105145221386,0.0530805398248293
LEGACY_N1,7,-1,PP,0.266072505979881,0.0530813412101421,0.000144169397670247,0.0530805398248293
LEGACY_N1,7,-1,PP,0.281838293126445,0.0530814389905494,0.000152711395807083,0.0530805398248293
LEGACY_N1,7,-1,PP,0.298538261891796,0.0530815487010931,0.000161759430632751,0.0530805398248293
LEGACY_N1,7,-1,PP,0.316227766016838,0.0530816717972428,0.000171343466251474,0.0530805398248293
LEGACY_N1,7,-1,PP,0.334965439157828,0.0530818099120034,0.000181495238397128,0.0530805398248293
LEGACY_N1,7,-1,PP,0.354813389233576,0.0530819648775625,0.0001922483586824,0.0530805398248293
LEGACY_N1,7,-1,PP,0.375837404288444,0.053082138749575,0.00020363842488822,0.0530805398248293
LEGACY_N1,7,-1,PP,0.398107170553497,0.0530823338344064,0.000215703137625588,0.0530805398248293
LEGACY_N1,7,-1,PP,0.421696503428582,0.0530825527196936,0.000228482423716759,0.0530805398248293
LEGACY_N1,7,-1,PP,0.446683592150963,0.0530827983086268,0.000242018566657548,0.0530805398248293
LEGACY_N1,7,-1,PP,0.473151258961481,0.0530830738584051,0.000256356344537069,0.0530805398248293
LEGACY_N1,7,-1,PP,0.501187233627272,0.0530833830233708,0.000271543175805437,0.0530805398248293
LEGACY_N1,7,-1,PP,0.530884444230988,0.0530837299033928,0.000287629273293411,0.0530805398248293
LEGACY_N1,7,-1,PP,0.562341325190349,0.0530841190981322,0.000304667806900414,0.0530805398248293
LEGACY_N1,7,-1,PP,0.59566214352901,0.0530845557679059,0.00032271507537844,0.0530805398248293
LEGACY_N1,7,-1,PP,0.630957344480193,0.0530850457019443,0.000341830687648492,0.0530805398248293
LEGACY_N1,7,-1,PP,0.668343917568615,0.0530855953949392,0.000362077754092855,0.0530805398248293
LEGACY_N1,7,-1,PP,0.707945784384138,0.0530862121328818,0.000383523088269977,0.0530805398248293
LEGACY_N1,7,-1,PP,0.749894209332456,0.0530869040893123,0.000406237419498117,0.0530805398248293
LEGACY_N1,7,-1,PP,0.794328234724281,0.0530876804332356,0.000430295616748238,0.0530805398248293
LEGACY_N1,7,-1,PP,0.841395141645195,0.0530885514501055,0.000455776924274577,0.0530805398248293
LEGACY_N1,7,-1,PP,0.891250938133745,0.0530895286774469,0.000482765209391466,0.0530805398248293
LEGACY_N1,7,-1,PP,0.944060876285923,0.0530906250568704,0.000511349222775553,0.0530805398248293
LEGACY_N1,7,-1,PP,1,0.0530918551044385,0.000541622871631356,0.0530805398248293
LEGACY_N1,7,-1,PP,1.05925372517729,0.0530932351015718,0.000573685506002696,0.0530805398248293
LEGACY_N1,7,-1,PP,1.12201845430196,0.0530947833089378,0.000607642218439857,0.0530805398248293
LEGACY_N1,7,-1,PP,1.18850222743702,0.0530965202060469,0.000643604157138801,0.0530805398248293
LEGACY_N1,7,-1,PP,1.25892541179417,0.0530984687595893,0.000681688852550213,0.0530805398248293
LEGACY_N1,7,-1,PP,1.33352143216332,0.0531006547238953,0.000722020557307428,0.0530805398248293
LEGACY_N1,7,-1,PP,1.41253754462275,0.0531031069772762,0.00076473059913763,0.0530805398248293
LEGACY_N1,7,-1,PP,1.49623565609443,0.0531058578984257,0.000809957746192961,0.0530805398248293
LEGACY_N1,7,-1,PP,1.58489319246111,0.0531089437875157,0.000857848583959111,0.0530805398248293
LEGACY_N1,7,-1,PP,1.67880401812256,0.0531124053371241,0.000908557902558986,0.0530805398248293
LEGACY_N1,7,-1,PP,1.77827941003892,0.0531162881586766,0.000962249092856584,0.0530805398248293
LEGACY_N1,7,-1,PP,1.8836490894898,0.0531206433706766,0.00101909454926808,0.0530805398248293
LEGACY_N1,7,-1,PP,1.99526231496888,0.0531255282556352,0.00107927607658769,0.0530805398248293
LEGACY_N1,7,-1,PP,2.11348903983665,0.0531310069932962,0.0011429852974171,0.0530805398248293
LEGACY_N1,7,-1,PP,2.23872113856834,0.0531371514784792,0.00121042405592796,0.0530805398248293
LEGACY_N1,7,-1,PP,2.37137370566166,0.0531440422326269,0.00128180481266303,0.0530805398248293
LEGACY_N1,7,-1,PP,2.51188643150958,0.0531517694189397,0.00135735102386527,0.0530805398248293
LEGACY_N1,7,-1,PP,2.66072505979881,0.0531604339717947,0.00143729749738285,0.0530805398248293
LEGACY_N1,7,-1,PP,2.81838293126445,0.0531701488519636,0.00152189071549657,0.0530805398248293
LEGACY_N1,7,-1,PP,2.98538261891796,0.0531810404399382,0.00161138911301235,0.0530805398248293
LEGACY_N1,7,-1,PP,3.16227766016838,0.0531932500804177,0.00170606329661072,0.0530805398248293
LEGACY_N1,7,-1,PP,3.34965439157828,0.0532069357916598,0.00180619618869545,0.0530805398248293
LEGACY_N1,7,-1,PP,3.54813389233576,0.0532222741538987,0.00191208307578156,0.0530805398248293
LEGACY_N1,7,-1,PP,3.75837404288444,0.0532394623913136,0.00202403153774729,0.0530805398248293
LEGACY_N1,7,-1,PP,3.98107170553497,0.0532587206620005,0.00214236122998605,0.0530805398248293
LEGACY_N1,7,-1,PP,4.21696503428582,0.0532802945699498,0.00226740348556825,0.0530805398248293
LEGACY_N1,7,-1,PP,4.46683592150963,0.0533044579120032,0.00239950069890097,0.0530805398248293
LEGACY_N1,7,-1,PP,4.73151258961481,0.0533315156710027,0.00253900544600139,0.0530805398248293
LEGACY_N1,7,-1,PP,5.01187233627272,0.0533618072636035,0.00268627928933911,0.0530805398248293
LEGACY_N1,7,-1,PP,5.30884444230988,0.0533957100472633,0.00284169120723409,0.0530805398248293
LEGACY_N1,7,-1,PP,5.62341325190349,0.0534336430854045,0.00300561557903841,0.0530805398248293
LEGACY_N1,7,-1,PP,5.9566214352901,0.0534760711623026,0.00317842964784707,0.0530805398248293
LEGACY_N1,7,-1,PP,6.30957344480193,0.0535235090294376,0.00336051037241097,0.0530805398248293
LEGACY_N1,7,-1,PP,6.68343917568615,0.053576525852353,0.00355223056949774,0.0530805398248293
LEGACY_N1,7,-1,PP,7.07945784384138,0.053635749810915,0.00375395423752261,0.0530805398248293
LEGACY_N1,7,-1,PP,7.49894209332456,0.0537018727856465,0.00396603094238064,0.0530805398248293
LEGACY_N1,7,-1,PP,7.94328234724281,0.0537756550378503,0.00418878913779722,0.0530805398248293
LEGACY_N1,7,-1,PP,8.41395141645195,0.0538579297608996,0.00442252828618466,0.0530805398248293
LEGACY_N1,7,-1,PP,8.91250938133745,0.053949607343752,0.00466750964328701,0.0530805398248293
LEGACY_N1,7,-1,PP,9.44060876285924,0.0540516791449877,0.00492394557253338,0.0530805398248293
LEGACY_N1,7,-1,PP,10,0.0541652205262915,0.0051919872651619,0.0530805398248293
LEGACY_N1,7,-1,PP,10.5925372517729,0.0542913928384979,0.00547171076245899,0.0530805398248293
LEGACY_N1,7,-1,PP,11.2201845430196,0.0544314439919403,0.00576310120999873,0.0530805398248293
LEGACY_N1,7,-1,PP,11.8850222743702,0.0545867071775961,0.00606603532412125,0.0530805398248293
LEGACY_N1,7,-1,PP,12.5892541179417,0.0547585972392609,0.0063802621219172,0.0530805398248293
LEGACY_N1,7,-1,PP,13.3352143216332,0.0549486041341226,0.00670538206161686,0.0530805398248293
LEGACY_N1,7,-1,PP,14.1253754462275,0.0551582828658315,0.00704082486410824,0.0530805398248293
LEGACY_N1,7,-1,PP,14.9623565609443,0.0553892392388673,0.00738582644099548,0.0530805398248293
LEGACY_N1,7,-1,PP,15.8489319246111,0.0556431107763246,0.00773940554107243,0.0530805398248293
LEGACY_N1,7,-1,PP,16.7880401812256,0.0559215421781005,0.00810034094343999,0.0530805398248293
LEGACY_N1,7,-1,PP,17.7827941003892,0.0562261547875624,0.00846715026578627,0.0530805398248293
LEGACY_N1,7,-1,PP,18.836490894898,0.0565585096976513,0.00883807170918561,0.0530805398248293
LEGACY_N1,7,-1,PP,19.9526231496888,0.0569200643767175,0.00921105030803553,0.0530805398248293
LEGACY_N1,7,-1,PP,21.1348903983665,0.0573121230415749,0.00958373046966586,0.0530805398248293
LEGACY_N1,7,-1,PP,22.3872113856834,0.0577357814550423,0.00995345673916043,0.0530805398248293
LEGACY_N1,7,-1,PP,23.7137370566166,0.0581918673718089,0.0103172847708314,0.0530805398248293
LEGACY_N1,7,-1,PP,25.1188643150958,0.0586808784793148,0.0106720043846911,0.0530805398248293
LEGACY_N1,7,-1,PP,26.6072505979881,0.059202920340747,0.011014176291742,0.0530805398248293
LEGACY_N1,7,-1,PP,28.1838293126445,0.0597576474863939,0.0113401835523492,0.0530805398248293
LEGACY_N1,7,-1,PP,29.8538261891796,0.0603442113397037,0.0116462980717913,0.0530805398248293
LEGACY_N1,7,-1,PP,31.6227766016838,0.0609612190140624,0.0119287614484858,0.0530805398248293
LEGACY_N1,7,-1,PP,33.4965439157828,0.0616067070808755,0.0121838783216138,0.0530805398248293
LEGACY_N1,7,-1,PP,35.4813389233575,0.0622781341060713,0.0124081191046183,0.0530805398248293
LEGACY_N1,7,-1,PP,37.5837404288444,0.0629723950276261,0.0125982277660168,0.0530805398248293
LEGACY_N1,7,-1,PP,39.8107170553497,0.0636858592960078,0.0127513292828631,0.0530805398248293
LEGACY_N1,7,-1,PP,42.1696503428582,0.0644144331788312,0.0128650307057415,0.0530805398248293
LEGACY_N1,7,-1,PP,44.6683592150963,0.0651536448624472,0.0129375095783011,0.0530805398248293
LEGACY_N1,7,-1,PP,47.315125896148,0.0658987491457537,0.0129675838412454,0.0530805398248293
LEGACY_N1,7,-1,PP,50.1187233627273,0.0666448468293482,0.01295475833935,0.0530805398248293
LEGACY_N1,7,-1,PP,53.0884444230988,0.0673870125723167,0.0128992445730139,0.0530805398248293
LEGACY_N1,7,-1,PP,56.2341325190349,0.0681204241997946,0.0128019522421551,0.0530805398248293
LEGACY_N1,7,-1,PP,59.566214352901,0.0688404863076471,0.0126644532060257,0.0530805398248293
LEGACY_N1,7,-1,PP,63.0957344480193,0.0695429415456693,0.0124889204852507,0.0530805398248293
LEGACY_N1,7,-1,PP,66.8343917568615,0.0702239640919258,0.0122780466319778,0.0530805398248293
LEGACY_N1,7,-1,PP,70.7945784384138,0.0708802314023826,0.0120349470108115,0.0530805398248293
LEGACY_N1,7,-1,PP,74.9894209332456,0.0715089721256318,0.0117630541647775,0.0530805398248293
LEGACY_N1,7,-1,PP,79.4328234724281,0.0721079898929422,0.0114660094718545,0.0530805398248293
LEGACY_N1,7,-1,PP,84.1395141645195,0.0726756643325102,0.0111475577937874,0.0530805398248293
LEGACY_N1,7,-1,PP,89.1250938133746,0.0732109319668706,0.0108114499046742,0.0530805398248293
LEGACY_N1,7,-1,PP,94.4060876285924,0.0737132505511154,0.0104613563184205,0.0530805398248293
LEGACY_N1,7,-1,PP,100,0.0741825508784602,0.0101007948709753,0.0530805398248293
LEGACY_N1,7,-1,CF,0.1,0.0530808165246229,8.47151735810717e-05,0.0530805398248293
LEGACY_N1,7,-1,CF,0.105925372517729,0.0530808502866999,8.97347463856617e-05,0.0530805398248293
LEGACY_N1,7,-1,CF,0.112201845430196,0.0530808881682687,9.50517255593248e-05,0.0530805398248293
LEGACY_N1,7,-1,CF,0.118850222743702,0.0530809306719562,0.000100683729386931,0.0530805398248293
LEGACY_N1,7,-1,CF,0.125892541179417,0.0530809783617121,0.000106649419320045,0.0530805398248293
LEGACY_N1,7,-1,CF,0.133352143216332,0.0530810318702896,0.000112968561640985,0.0530805398248293
LEGACY_N1,7,-1,CF,0.141253754462275,0.0530810919076382,0.000119662092752916,0.0530805398248293
LEGACY_N1,7,-1,CF,0.149623565609443,0.0530811592703203,0.000126752188305598,0.0530805398248293
LEGACY_N1,7,-1,CF,0.158489319246111,0.0530812348520763,0.000134262336377838,0.0530805398248293
LEGACY_N1,7,-1,CF,0.167880401812256,0.0530813196556768,0.000142217414949628,0.0530805398248293
LEGACY_N1,7,-1,CF,0.177827941003892,0.0530814148062214,0.000150643773909363,0.0530805398248293
LEGACY_N1,7,-1,CF,0.18836490894898,0.0530815215660573,0.000159569321854406,0.0530805398248293
LEGACY_N1,7,-1,CF,0.199526231496888,0.053081641351517,0.000169023617956615,0.0530805398248293
LEGACY_N1,7,-1,CF,0.211348903983665,0.0530817757516962,0.000179037969178208,0.0530805398248293
LEGACY_N1,7,-1,CF,0.223872113856834,0.0530819265495192,0.000189645533137447,0.0530805398248293
LEGACY_N1,7,-1,CF,0.237137370566166,0.053082095745372,0.000200881426938112,0.0530805398248293
LEGACY_N1,7,-1,CF,0.251188643150958,0.0530822855836132,0.000212782842291375,0.0530805398248293
LEGACY_N1,7,-1,CF,0.266072505979881,0.0530824985823147,0.000225389167273519,0.0530805398248293
LEGACY_N1,7,-1,CF,0.281838293126445,0.0530827375666235,0.000238742115077771,0.0530805398248293
LEGACY_N1,7,-1,CF,0.298538261891796,0.0530830057061852,0.000252885860133158,0.0530805398248293
LEGACY_N1,7,-1,CF,0.316227766016838,0.053083306557121,0.000267867181977578,0.0530805398248293
LEGACY_N1,7,-1,CF,0.334965439157828,0.0530836441091136,0.000283735617285973,0.0530805398248293
LEGACY_N1,7,-1,CF,0.354813389233576,0.0530840228382181,0.000300543620467202,0.0530805398248293
LEGACY_N1,7,-1,CF,0.375837404288444,0.0530844477660942,0.000318346733254645,0.0530805398248293
LEGACY_N1,7,-1,CF,0.398107170553497,0.0530849245264356,0.000337203763725221,0.0530805398248293
LEGACY_N1,7,-1,CF,0.421696503428582,0.0530854594394687,0.000357176975188815,0.0530805398248293
LEGACY_N1,7,-1,CF,0.446683592150963,0.0530860595954932,0.000378332285394386,0.0530805398248293
LEGACY_N1,7,-1,CF,0.473151258961481,0.0530867329485584,0.000400739476499501,0.0530805398248293
LEGACY_N1,7,-1,CF,0.501187233627272,0.0530874884214948,0.000424472416245604,0.0530805398248293
LEGACY_N1,7,-1,CF,0.530884444230988,0.0530883360236679,0.00044960929077099,0.0530805398248293
LEGACY_N1,7,-1,CF,0.562341325190349,0.0530892869829828,0.000476232849475539,0.0530805398248293
LEGACY_N1,7,-1,CF,0.59566214352901,0.0530903538938471,0.000504430662324295,0.0530805398248293
LEGACY_N1,7,-1,CF,0.630957344480193,0.0530915508830026,0.000534295389938786,0.0530805398248293
LEGACY_N1,7,-1,CF,0.668343917568615,0.0530928937953557,0.00056592506677318,0.0530805398248293
LEGACY_N1,7,-1,CF,0.707945784384138,0.0530944004021888,0.000599423397604073,0.0530805398248293
LEGACY_N1,7,-1,CF,0.749894209332456,0.0530960906344054,0.000634900067474503,0.0530805398248293
LEGACY_N1,7,-1,CF,0.794328234724281,0.0530979868437684,0.000672471065120522,0.0530805398248293
LEGACY_N1,7,-1,CF,0.841395141645195,0.053100114095428,0.000712259019767666,0.0530805398248293
LEGACY_N1,7,-1,CF,0.891250938133745,0.0531025004954035,0.00075439355100902,0.0530805398248293
LEGACY_N1,7,-1,CF,0.944060876285923,0.0531051775570965,0.000799011631259759,0.0530805398248293
LEGACY_N1,7,-1,CF,1,0.0531081806113565,0.000846257960016983,0.0530805398248293
LEGACY_N1,7,-1,CF,1.05925372517729,0.0531115492651154,0.000896285348829002,0.0530805398248293
LEGACY_N1,7,-1,CF,1.12201845430196,0.0531153279141374,0.000949255115484141,0.0530805398248293
LEGACY_N1,7,-1,CF,1.18850222743702,0.0531195663160158,0.00100533748545253,0.0530805398248293
LEGACY_N1,7,-1,CF,1.25892541179417,0.0531243202301733,0.00106471199804055,0.0530805398248293
LEGACY_N1,7,-1,CF,1.33352143216332,0.0531296521322933,0.00112756791402865,0.0530805398248293
LEGACY_N1,7,-1,CF,1.41253754462275,0.0531356320113314,0.00119410462073968,0.0530805398248293
LEGACY_N1,7,-1,CF,1.49623565609443,0.0531423382580083,0.00126453202950195,0.0530805398248293
LEGACY_N1,7,-1,CF,1.58489319246111,0.0531498586544751,0.00133907095930341,0.0530805398248293
LEGACY_N1,7,-1,CF,1.67880401812256,0.0531582914756576,0.00141795349904844,0.0530805398248293
LEGACY_N1,7,-1,CF,1.77827941003892,0.0531677467135976,0.00150142333919243,0.0530805398248293
LEGACY_N1,7,-1,CF,1.8836490894898,0.0531783474369177,0.00158973606160085,0.0530805398248293
LEGACY_N1,7,-1,CF,1.99526231496888,0.0531902312982937,0.00168315937421555,0.0530805398248293
LEGACY_N1,7,-1,CF,2.11348903983665,0.0532035522034936,0.00178197327446056,0.0530805398248293
LEGACY_N1,7,-1,CF,2.23872113856834,0.053218482156085,0.00188647012222976,0.0530805398248293
LEGACY_N1,7,-1,CF,2.37137370566166,0.0532352132922518,0.00199695459971083,0.0530805398248293
LEGACY_N1,7,-1,CF,2.51188643150958,0.0532539601202163,0.00211374353115211,0.0530805398248293
LEGACY_N1,7,-1,CF,2.66072505979881,0.0532749619784168,0.00223716553090976,0.0530805398248293
LEGACY_N1,7,-1,CF,2.81838293126445,0.0532984857257235,0.00236756044266061,0.0530805398248293
LEGACY_N1,7,-1,CF,2.98538261891796,0.0533248286753959,0.00250527852647572,0.0530805398248293
LEGACY_N1,7,-1,CF,3.16227766016838,0.0533543217820067,0.00265067934347847,0.0530805398248293
LEGACY_N1,7,-1,CF,3.34965439157828,0.0533873330869078,0.00280413028003364,0.0530805398248293
LEGACY_N1,7,-1,CF,3.54813389233576,0.0534242714227008,0.00296600464483909,0.0530805398248293
LEGACY_N1,7,-1,CF,3.75837404288444,0.0534655903702245,0.00313667926297037,0.0530805398248293
LEGACY_N1,7,-1,CF,3.98107170553497,0.0535117924523628,0.00331653148097974,0.0530805398248293
LEGACY_N1,7,-1,CF,4.21696503428582,0.0535634335370105,0.00350593548678009,0.0530805398248293
LEGACY_N1,7,-1,CF,4.46683592150963,0.0536211274062619,0.00370525783757919,0.0530805398248293
LEGACY_N1,7,-1,CF,4.73151258961481,0.0536855504296859,0.00391485207905445,0.0530805398248293
LEGACY_N1,7,-1,CF,5.01187233627272,0.0537574462557768,0.00413505232996115,0.0530805398248293
LEGACY_N1,7,-1,CF,5.30884444230988,0.0538376304066638,0.00436616569938911,0.0530805398248293
LEGACY_N1,7,-1,CF,5.62341325190349,0.0539269946263037,0.00460846340017891,0.0530805398248293
LEGACY_N1,7,-1,CF,5.9566214352901,0.0540265107911819,0.00486217042320288,0.0530805398248293
LEGACY_N1,7,-1,CF,6.30957344480193,0.0541372341447312,0.00512745364536125,0.0530805398248293
LEGACY_N1,7,-1,CF,6.68343917568615,0.0542603055623507,0.00540440826176014,0.0530805398248293
LEGACY_N1,7,-1,CF,7.07945784384138,0.0543969524937332,0.00569304246263275,0.0530805398248293
LEGACY_N1,7,-1,CF,7.49894209332456,0.0545484881646627,0.00599326032159588,0.0530805398248293
LEGACY_N1,7,-1,CF,7.94328234724281,0.0547163085540961,0.00630484292760888,0.0530805398248293
LEGACY_N1,7,-1,CF,8.41395141645195,0.0549018865981815,0.00662742788246088,0.0530805398248293
LEGACY_N1,7,-1,CF,8.91250938133745,0.0551067630166528,0.0069604874024743,0.0530805398248293
LEGACY_N1,7,-1,CF,9.44060876285924,0.0553325331166081,0.00730330541032672,0.0530805398248293
LEGACY_N1,7,-1,CF,10,0.0555808289141382,0.00765495418187813,0.0530805398248293
LEGACY_N1,7,-1,CF,10.5925372517729,0.0558532959380198,0.00801427132252979,0.0530805398248293
LEGACY_N1,7,-1,CF,11.2201845430196,0.0561515641560724,0.00837983808306658,0.0530805398248293
LEGACY_N1,7,-1,CF,11.8850222743702,0.0564772126092595,0.00874996027616816,0.0530805398248293
LEGACY_N1,7,-1,CF,12.5892541179417,0.0568317275662807,0.00912265330539176,0.0530805398248293
LEGACY_N1,7,-1,CF,13.3352143216332,0.0572164543346794,0.00949563304451906,0.0530805398248293
LEGACY_N1,7,-1,CF,14.1253754462275,0.0576325432900398,0.00986631447495689,0.0530805398248293
LEGACY_N1,7,-1,CF,14.9623565609443,0.0580808912097336,0.0102318200635692,0.0530805398248293
LEGACY_N1,7,-1,CF,15.8489319246111,0.0585620796052379,0.0105889997995029,0.0530805398248293
LEGACY_N1,7,-1,CF,16.7880401812256,0.0590763124031199,0.0109344645628881,0.0530805398248293
LEGACY_N1,7,-1,CF,17.7827941003892,0.0596233559753401,0.0112646340342691,0.0530805398248293
LEGACY_N1,7,-1,CF,18.836490894898,0.0602024850909645,0.0115757996505313,0.0530805398248293
LEGACY_N1,7,-1,CF,19.9526231496888,0.0608124387647975,0.0118642021756734,0.0530805398248293
LEGACY_N1,7,-1,CF,21.1348903983665,0.0614513901187482,0.0121261223221904,0.0530805398248293
LEGACY_N1,7,-1,CF,22.3872113856834,0.0621169341616555,0.0123579816100928,0.0530805398248293
LEGACY_N1,7,-1,CF,23.7137370566166,0.0628060967710126,0.0125564494040694,0.0530805398248293
LEGACY_N1,7,-1,CF,25.1188643150958,0.0635153671076164,0.0127185509737832,0.0530805398248293
LEGACY_N1,7,-1,CF,26.6072505979881,0.0642407542525538,0.0128417706390793,0.0530805398248293
LEGACY_N1,7,-1,CF,28.1838293126445,0.0649778671317708,0.0129241437392199,0.0530805398248293
LEGACY_N1,7,-1,CF,29.8538261891796,0.0657220149538176,0.0129643314093857,0.0530805398248293
LEGACY_N1,7,-1,CF,31.6227766016838,0.0664683236397271,0.0129616729966285,0.0530805398248293
LEGACY_N1,7,-1,CF,33.4965439157828,0.0672118622893416,0.012916212354598,0.0530805398248293
LEGACY_N1,7,-1,CF,35.4813389233575,0.0679477727978903,0.012828696089352,0.0530805398248293
LEGACY_N1,7,-1,CF,37.5837404288444,0.0686713954399751,0.0127005438856868,0.0530805398248293
LEGACY_N1,7,-1,CF,39.8107170553497,0.0693783836174659,0.0125337930853936,0.0530805398248293
LEGACY_N1,7,-1,CF,42.1696503428582,0.070064801969343,0.0123310214788808,0.0530805398248293
LEGACY_N1,7,-1,CF,44.6683592150963,0.0707272035261172,0.012095253615157,0.0530805398248293
LEGACY_N1,7,-1,CF,47.315125896148,0.0713626833616293,0.0118298567099623,0.0530805398248293
LEGACY_N1,7,-1,CF,50.1187233627273,0.0719689080310962,0.0115384324021215,0.0530805398248293
LEGACY_N1,7,-1,CF,53.0884444230988,0.072544121781423,0.011224710221624,0.0530805398248293
LEGACY_N1,7,-1,CF,56.2341325190349,0.0730871319176655,0.0108924478024752,0.0530805398248293
LEGACY_N1,7,-1,CF,59.566214352901,0.0735972767096084,0.010545341750439,0.0530805398248293
LEGACY_N1,7,-1,CF,63.0957344480193,0.0740743797916433,0.0101869518214094,0.0530805398248293
LEGACY_N1,7,-1,CF,66.8343917568615,0.0745186951717877,0.00982063982612449,0.0530805398248293
LEGACY_N1,7,-1,CF,70.7945784384138,0.0749308467877567,0.00944952356505967,0.0530805398248293
LEGACY_N1,7,-1,CF,74.9894209332456,0.0753117661186303,0.00907644518758616,0.0530805398248293
LEGACY_N1,7,-1,CF,79.4328234724281,0.0756626307748446,0.00870395269633514,0.0530805398248293
LEGACY_N1,7,-1,CF,84.1395141645195,0.0759848063343821,0.00833429288225776,0.0530805398248293
LEGACY_N1,7,-1,CF,89.1250938133746,0.076279793040451,0.00796941375489956,0.0530805398248293
LEGACY_N1,7,-1,CF,94.4060876285924,0.0765491783771499,0.00761097448815149,0.0530805398248293
LEGACY_N1,7,-1,CF,100,0.0767945960264441,0.00726036099049735,0.0530805398248293
LEGACY_N1,7,0,PP,0.1,0.0530806518720925,5.31249372064007e-05,0.0530805398248293
LEGACY_N1,7,0,PP,0.105925372517729,0.0530806655438581,5.62727570915829e-05,0.0530805398248293
LEGACY_N1,7,0,PP,0.112201845430196,0.0530806808838137,5.96070912735588e-05,0.0530805398248293
LEGACY_N1,7,0,PP,0.118850222743702,0.0530806980955048,6.31389903339079e-05,0.0530805398248293
LEGACY_N1,7,0,PP,0.125892541179417,0.0530807174073119,6.68801594377554e-05,0.0530805398248293
LEGACY_N1,7,0,PP,0.133352143216332,0.0530807390754805,7.08429970817249e-05,0.0530805398248293
LEGACY_N1,7,0,PP,0.141253754462275,0.0530807633875212,7.50406361305816e-05,0.0530805398248293
LEGACY_N1,7,0,PP,0.149623565609443,0.0530807906660236,7.94869872768118e-05,0.0530805398248293
LEGACY_N1,7,0,PP,0.158489319246111,0.0530808212729365,8.41967850650779e-05,0.0530805398248293
LEGACY_N1,7,0,PP,0.167880401812256,0.0530808556143689,8.91856366315918e-05,0.0530805398248293
LEGACY_N1,7,0,PP,0.177827941003892,0.0530808941459784,9.4470073316977e-05,0.0530805398248293
LEGACY_N1,7,0,PP,0.18836490894898,0.053080937379015,0.000100067605320151,0.0530805398248293
LEGACY_N1,7,0,PP,0.199526231496888,0.0530809858871032,0.000105996779570172,0.0530805398248293
LEGACY_N1,7,0,PP,0.211348903983665,0.0530810403138508,0.000112277241002864,0.0530805398248293
LEGACY_N1,7,0,PP,0.223872113856834,0.0530811013813862,0.000118929797439387,0.0530805398248293
LEGACY_N1,7,0,PP,0.237137370566166,0.0530811698999352,0.000125976488274716,0.0530805398248293
LEGACY_N1,7,0,PP,0.251188643150958,0.0530812467785679,0.000133440657195313,0.0530805398248293
LEGACY_N1,7,0,PP,0.266072505979881,0.0530813330372539,0.000141347029157035,0.0530805398248293
LEGACY_N1,7,0,PP,0.281838293126445,0.053081429820388,0.000149721791866561,0.0530805398248293
LEGACY_N1,7,0,PP,0.298538261891796,0.0530815384119652,0.000158592682022315,0.0530805398248293
LEGACY_N1,7,0,PP,0.316227766016838,0.053081660252604,0.000167989076583991,0.0530805398248293
LEGACY_N1,7,0,PP,0.334965439157828,0.0530817969586459,0.000177942089353277,0.0530805398248293
LEGACY_N1,7,0,PP,0.354813389233576,0.0530819503435812,0.000188484673162252,0.0530805398248293
LEGACY_N1,7,0,PP,0.375837404288444,0.0530821224420851,0.000199651727980055,0.0530805398248293
LEGACY_N1,7,0,PP,0.398107170553497,0.0530823155369828,0.000211480215262733,0.0530805398248293
LEGACY_N1,7,0,PP,0.421696503428582,0.0530825321894966,0.000224009278885604,0.0530805398248293
LEGACY_N1,7,0,PP,0.446683592150963,0.0530827752731782,0.000237280373011803,0.0530805398248293
LEGACY_N1,7,0,PP,0.473151258961481,0.053083048011969,0.000251337397264793,0.0530805398248293
LEGACY_N1,7,0,PP,0.501187233627272,0.0530833540228935,0.000266226839586301,0.0530805398248293
LEGACY_N1,7,0,PP,0.530884444230988,0.0530836973639455,0.000281997927174069,0.0530805398248293
LEGACY_N1,7,0,PP,0.562341325190349,0.0530840825877979,0.000298702785905741,0.0530805398248293
LEGACY_N1,7,0,PP,0.59566214352901,0.0530845148020404,0.00031639660866564,0.0530805398248293
LEGACY_N1,7,0,PP,0.630957344480193,0.0530849997367362,0.000335137832999741,0.0530805398248293
LEGACY_N1,7,0,PP,0.668343917568615,0.0530855438201821,0.000354988328530146,0.0530805398248293
LEGACY_N1,7,0,PP,0.707945784384138,0.0530861542638625,0.000376013594563115,0.0530805398248293
LEGACY_N1,7,0,PP,0.749894209332456,0.0530868391577069,0.000398282968323419,0.0530805398248293
LEGACY_N1,7,0,PP,0.794328234724281,0.0530876075768908,0.000421869844241278,0.0530805398248293
LEGACY_N1,7,0,PP,0.841395141645195,0.053088469701569,0.000446851904705346,0.0530805398248293
LEGACY_N1,7,0,PP,0.891250938133745,0.0530894369510935,0.000473311362674482,0.0530805398248293
LEGACY_N1,7,0,PP,0.944060876285923,0.05309052213445,0.000501335216510735,0.0530805398248293
LEGACY_N1,7,0,PP,1,0.0530917396188523,0.000531015517353871,0.0530805398248293
LEGACY_N1,7,0,PP,1.05925372517729,0.0530931055186585,0.000562449649301371,0.0530805398248293
LEGACY_N1,7,0,PP,1.12201845430196,0.0530946379070245,0.000595740622584195,0.0530805398248293
LEGACY_N1,7,0,PP,1.18850222743702,0.0530963570529872,0.000630997379834026,0.0530805398248293
LEGACY_N1,7,0,PP,1.25892541179417,0.0530982856869796,0.000668335115418108,0.0530805398248293
LEGACY_N1,7,0,PP,1.33352143216332,0.0531004492981181,0.000707875607668034,0.0530805398248293
LEGACY_N1,7,0,PP,1.41253754462275,0.0531028764669775,0.000749747563643029,0.0530805398248293
LEGACY_N1,7,0,PP,1.49623565609443,0.053105599237982,0.000794086975839509,0.0530805398248293
LEGACY_N1,7,0,PP,1.58489319246111,0.0531086535359917,0.000841037489978565,0.0530805398248293
LEGACY_N1,7,0,PP,1.67880401812256,0.0531120796321568,0.000890750782662004,0.0530805398248293
LEGACY_N1,7,0,PP,1.77827941003892,0.0531159226646503,0.00094338694727426,0.0530805398248293
LEGACY_N1,7,0,PP,1.8836490894898,0.0531202332204718,0.000999114886008533,0.0530805398248293
LEGACY_N1,7,0,PP,1.99526231496888,0.0531250679851405,0.00105811270529553,0.0530805398248293
LEGACY_N1,7,0,PP,2.11348903983665,0.0531304904677686,0.001120568111194,0.0530805398248293
LEGACY_N1,7,0,PP,2.23872113856834,0.0531365718097167,0.00118667880044322,0.0530805398248293
LEGACY_N1,7,0,PP,2.37137370566166,0.0531433916857822,0.00125665284185404,0.0530805398248293
LEGACY_N1,7,0,PP,2.51188643150958,0.0531510393076484,0.00133070904150029,0.0530805398248293
LEGACY_N1,7,0,PP,2.66072505979881,0.0531596145401129,0.00140907728373322,0.0530805398248293
LEGACY_N1,7,0,PP,2.81838293126445,0.0531692291414094,0.00149199883834365,0.0530805398248293
LEGACY_N1,7,0,PP,2.98538261891796,0.053180008139698,0.00157972662219804,0.0530805398248293
LEGACY_N1,7,0,PP,3.16227766016838,0.0531920913585152,0.00167252540133112,0.0530805398248293
LEGACY_N1,7,0,PP,3.34965439157828,0.0532056351045803,0.00177067191673868,0.0530805398248293
LEGACY_N1,7,0,PP,3.54813389233576,0.0532208140318148,0.00187445491392591,0.0530805398248293
LEGACY_N1,7,0,PP,3.75837404288444,0.0532378231956575,0.00198417505257085,0.0530805398248293
LEGACY_N1,7,0,PP,3.98107170553497,0.0532568803116717,0.00210014466839904,0.0530805398248293
LEGACY_N1,7,0,PP,4.21696503428582,0.0532782282319184,0.00222268735447404,0.0530805398248293
LEGACY_N1,7,0,PP,4.46683592150963,0.0533021376514681,0.00235213732353154,0.0530805398248293
LEGACY_N1,7,0,PP,4.73151258961481,0.0533289100555706,0.00248883850667207,0.0530805398248293
LEGACY_N1,7,0,PP,5.01187233627272,0.0533588809151643,0.00263314333664424,0.0530805398248293
LEGACY_N1,7,0,PP,5.30884444230988,0.0533924231343343,0.00278541115608278,0.0530805398248293
LEGACY_N1,7,0,PP,5.62341325190349,0.0534299507476899,0.0029460061824376,0.0530805398248293
LEGACY_N1,7,0,PP,5.9566214352901,0.0534719228580523,0.00311529495201507,0.0530805398248293
LEGACY_N1,7,0,PP,6.30957344480193,0.0535188477948869,0.00329364315569577,0.0530805398248293
LEGACY_N1,7,0,PP,6.68343917568615,0.0535712874610694,0.00348141176873896,0.0530805398248293
LEGACY_N1,7,0,PP,7.07945784384138,0.0536298618192822,0.00367895236700677,0.0530805398248293
LEGACY_N1,7,0,PP,7.49894209332456,0.0536952534489845,0.00388660151248457,0.0530805398248293
LEGACY_N1,7,0,PP,7.94328234724281,0.0537682120798395,0.00410467408289961,0.0530805398248293
LEGACY_N1,7,0,PP,8.41395141645195,0.0538495589770975,0.00433345541457703,0.0530805398248293
LEGACY_N1,7,0,PP,8.91250938133745,0.053940191018152,0.00457319212577642,0.0530805398248293
LEGACY_N1,7,0,PP,9.44060876285924,0.0540410842569066,0.0048240814913627,0.0530805398248293
LEGACY_N1,7,0,PP,10,0.0541532967235734,0.00508625925095338,0.0530805398248293
LEGACY_N1,7,0,PP,10.5925372517729,0.0542779701523641,0.00535978575428929,0.0530805398248293
LEGACY_N1,7,0,PP,11.2201845430196,0.0544163302691677,0.00564463038260018,0.0530805398248293
LEGACY_N1,7,0,PP,11.8850222743702,0.0545696852075475,0.00594065423669318,0.0530805398248293
LEGACY_N1,7,0,PP,12.5892541179417,0.0547394215572607,0.00624759115516163,0.0530805398248293
LEGACY_N1,7,0,PP,13.3352143216332,0.054926997489515,0.00656502722328581,0.0530805398248293
LEGACY_N1,7,0,PP,14.1253754462275,0.0551339323537202,0.00689237905826132,0.0530805398248293
LEGACY_N1,7,0,PP,14.9623565609443,0.0553617921100271,0.00722887131171366,0.0530805398248293
LEGACY_N1,7,0,PP,15.8489319246111,0.0556121699612179,0.00757351401655609,0.0530805398248293
LEGACY_N1,7,0,PP,16.7880401812256,0.0558866615893737,0.00792508061972446,0.0530805398248293
LEGACY_N1,7,0,PP,17.7827941003892,0.0561868345016983,0.0082820877786165,0.0530805398248293
LEGACY_N1,7,0,PP,18.836490894898,0.0565141911610052,0.00864277824511231,0.0530805398248293
LEGACY_N1,7,0,PP,19.9526231496888,0.056870125833601,0.00900510839807747,0.0530805398248293
LEGACY_N1,7,0,PP,21.1348903983665,0.0572558754408512,0.00936674218695204,0.0530805398248293
LEGACY_N1,7,0,PP,22.3872113856834,0.0576724651537803,0.00972505338163137,0.0530805398248293
LEGACY_N1,7,0,PP,23.7137370566166,0.0581206500149148,0.0100771380474661,0.0530805398248293
LEGACY_N1,7,0,PP,25.1188643150958,0.0586008544855905,0.0104198390360593,0.0530805398248293
LEGACY_N1,7,0,PP,26.6072505979881,0.0591131124593491,0.0107497839622715,0.0530805398248293
LEGACY_N1,7,0,PP,28.1838293126445,0.0596570108924869,0.01106343759508,0.0530805398248293
LEGACY_N1,7,0,PP,29.8538261891796,0.0602316407031087,0.0113571688133535,0.0530805398248293
LEGACY_N1,7,0,PP,31.6227766016838,0.0608355588900678,0.011627331284339,0.0530805398248293
LEGACY_N1,7,0,PP,33.4965439157828,0.0614667658317734,0.0118703558659291,0.0530805398248293
LEGACY_N1,7,0,PP,35.4813389233575,0.0621227013650264,0.0120828515061858,0.0530805398248293
LEGACY_N1,7,0,PP,37.5837404288444,0.0628002624708607,0.0122617102435013,0.0530805398248293
LEGACY_N1,7,0,PP,39.8107170553497,0.0634958442119812,0.0124042109501341,0.0530805398248293
LEGACY_N1,7,0,PP,42.1696503428582,0.0642054040400214,0.0125081158654924,0.0530805398248293
LEGACY_N1,7,0,PP,44.6683592150963,0.0649245478490106,0.0125717538643966,0.0530805398248293
LEGACY_N1,7,0,PP,47.315125896148,0.0656486343755418,0.0125940848788295,0.0530805398248293
LEGACY_N1,7,0,PP,50.1187233627273,0.0663728929468356,0.012574740944433,0.0530805398248293
LEGACY_N1,7,0,PP,53.0884444230988,0.0670925483618492,0.0125140408956452,0.0530805398248293
LEGACY_N1,7,0,PP,56.2341325190349,0.0678029460237558,0.0124129776274062,0.0530805398248293
LEGACY_N1,7,0,PP,59.566214352901,0.0684996704184074,0.0122731788619119,0.0530805398248293
LEGACY_N1,7,0,PP,63.0957344480193,0.0691786506561834,0.0120968442696462,0.0530805398248293
LEGACY_N1,7,0,PP,66.8343917568615,0.0698362479760796,0.0118866633771785,0.0530805398248293
LEGACY_N1,7,0,PP,70.7945784384138,0.070469321689286,0.0116457197865022,0.0530805398248293
LEGACY_N1,7,0,PP,74.9894209332456,0.0710752718099077,0.0113773877463796,0.0530805398248293
LEGACY_N1,7,0,PP,79.4328234724281,0.0716520583713105,0.0110852270543757,0.0530805398248293
LEGACY_N1,7,0,PP,84.1395141645195,0.0721981989734154,0.010772881703547,0.0530805398248293
LEGACY_N1,7,0,PP,89.1250938133746,0.0727127473162744,0.0104439867482135,0.0530805398248293
LEGACY_N1,7,0,PP,94.4060876285924,0.0731952562786358,0.0101020867029505,0.0530805398248293
LEGACY_N1,7,0,PP,100,0.0736457294886877,0.00975056756082102,0.0530805398248293
LEGACY_N1,7,0,CF,0.1,0.0530808137028203,8.30567579528945e-05,0.0530805398248293
LEGACY_N1,7,0,CF,0.105925372517729,0.0530808471205818,8.79780635389264e-05,0.0530805398248293
LEGACY_N1,7,0,CF,0.112201845430196,0.0530808846158212,9.31909528113558e-05,0.0530805398248293
LEGACY_N1,7,0,CF,0.118850222743702,0.0530809266860389,9.87126990424486e-05,0.0530805398248293
LEGACY_N1,7,0,CF,0.125892541179417,0.0530809738894323,0.000104561598228456,0.0530805398248293
LEGACY_N1,7,0,CF,0.133352143216332,0.0530810268523002,0.000110757029542476,0.0530805398248293
LEGACY_N1,7,0,CF,0.141253754462275,0.0530810862773501,0.000117319519341598,0.0530805398248293
LEGACY_N1,7,0,CF,0.149623565609443,0.053081152953019,0.000124270808933713,0.0530805398248293
LEGACY_N1,7,0,CF,0.158489319246111,0.0530812277639297,0.000131633926320531,0.0530805398248293
LEGACY_N1,7,0,CF,0.167880401812256,0.0530813117026231,0.000139433262145025,0.0530805398248293
LEGACY_N1,7,0,CF,0.177827941003892,0.05308140588272,0.00014769465008366,0.0530805398248293
LEGACY_N1,7,0,CF,0.18836490894898,0.0530815115536884,0.000156445451936312,0.0530805398248293
LEGACY_N1,7,0,CF,0.199526231496888,0.0530816301174094,0.000165714647679858,0.0530805398248293
LEGACY_N1,7,0,CF,0.211348903983665,0.0530817631467636,0.000175532930764798,0.0530805398248293
LEGACY_N1,7,0,CF,0.223872113856834,0.0530819124064811,0.000185932808948069,0.0530805398248293
LEGACY_N1,7,0,CF,0.237137370566166,0.0530820798765326,0.000196948710969279,0.0530805398248293
LEGACY_N1,7,0,CF,0.251188643150958,0.0530822677783697,0.000208617099391877,0.0530805398248293
LEGACY_N1,7,0,CF,0.266072505979881,0.053082478604361,0.000220976589945175,0.0530805398248293
LEGACY_N1,7,0,CF,0.281838293126445,0.0530827151508121,0.000234068077717504,0.0530805398248293
LEGACY_N1,7,0,CF,0.298538261891796,0.053082980555006,0.000247934870564978,0.0530805398248293
LEGACY_N1,7,0,CF,0.316227766016838,0.0530832783367506,0.000262622830114145,0.0530805398248293
LEGACY_N1,7,0,CF,0.334965439157828,0.0530836124449807,0.000278180520749927,0.0530805398248293
LEGACY_N1,7,0,CF,0.354813389233576,0.0530839873100279,0.000294659366992463,0.0530805398248293
LEGACY_N1,7,0,CF,0.375837404288444,0.0530844079022441,0.000312113819677293,0.0530805398248293
LEGACY_N1,7,0,CF,0.398107170553497,0.053084879797749,0.000330601531362366,0.0530805398248293
LEGACY_N1,7,0,CF,0.421696503428582,0.0530854092521616,0.000350183541392017,0.0530805398248293
LEGACY_N1,7,0,CF,0.446683592150963,0.0530860032832815,0.000370924471051668,0.0530805398248293
LEGACY_N1,7,0,CF,0.473151258961481,0.0530866697637993,0.000392892729246719,0.0530805398248293
LEGACY_N1,7,0,CF,0.501187233627272,0.0530874175252437,0.000416160729133989,0.0530805398248293
LEGACY_N1,7,0,CF,0.530884444230988,0.0530882564745187,0.00044080511612282,0.0530805398248293
LEGACY_N1,7,0,CF,0.562341325190349,0.0530891977245408,0.000466907007644319,0.0530805398248293
LEGACY_N1,7,0,CF,0.59566214352901,0.0530902537406682,0.000494552245059308,0.0530805398248293
LEGACY_N1,7,0,CF,0.630957344480193,0.0530914385048071,0.000523831658036455,0.0530805398248293
LEGACY_N1,7,0,CF,0.668343917568615,0.0530927676993078,0.000554841341679355,0.0530805398248293
LEGACY_N1,7,0,CF,0.707945784384138,0.0530942589129998,0.00058768294661199,0.0530805398248293
LEGACY_N1,7,0,CF,0.749894209332456,0.0530959318719941,0.000622463982142813,0.0530805398248293
LEGACY_N1,7,0,CF,0.794328234724281,0.0530978086981757,0.000659298132514404,0.0530805398248293
LEGACY_N1,7,0,CF,0.841395141645195,0.0530999141986455,0.000698305586103529,0.0530805398248293
LEGACY_N1,7,0,CF,0.891250938133745,0.0531022761897333,0.000739613377259785,0.0530805398248293
LEGACY_N1,7,0,CF,0.944060876285923,0.0531049258596113,0.000783355740253076,0.0530805398248293
LEGACY_N1,7,0,CF,1,0.0531078981739734,0.00082967447453303,0.0530805398248293
LEGACY_N1,7,0,CF,1.05925372517729,0.0531112323297362,0.00087871932017785,0.0530805398248293
LEGACY_N1,7,0,CF,1.12201845430196,0.0531149722622373,0.000930648342014991,0.0530805398248293
LEGACY_N1,7,0,CF,1.18850222743702,0.0531191672119839,0.000985628320418695,0.0530805398248293
LEGACY_N1,7,0,CF,1.25892541179417,0.0531238723576167,0.00104383514621493,0.0530805398248293
LEGACY_N1,7,0,CF,1.33352143216332,0.0531291495224171,0.00110545421643503,0.0530805398248293
LEGACY_N1,7,0,CF,1.41253754462275,0.0531350679623874,0.00117068082683556,0.0530805398248293
LEGACY_N1,7,0,CF,1.49623565609443,0.0531417052446759,0.0012397205561196,0.0530805398248293
LEGACY_N1,7,0,CF,1.58489319246111,0.0531491482258858,0.001312789635628,0.0530805398248293
LEGACY_N1,7,0,CF,1.67880401812256,0.0531574941406029,0.001390115296886,0.0530805398248293
LEGACY_N1,7,0,CF,1.77827941003892,0.053166851811264,0.00147193608775771,0.0530805398248293
LEGACY_N1,7,0,CF,1.8836490894898,0.0531773429912688,0.00155850214603734,0.0530805398248293
LEGACY_N1,7,0,CF,1.99526231496888,0.0531891038539624,0.00165007541704844,0.0530805398248293
LEGACY_N1,7,0,CF,2.11348903983665,0.0532022866407528,0.00174692979918232,0.0530805398248293
LEGACY_N1,7,0,CF,2.23872113856834,0.0532170614821296,0.00184935119822942,0.0530805398248293
LEGACY_N1,7,0,CF,2.37137370566166,0.0532336184056382,0.00195763746778766,0.0530805398248293
LEGACY_N1,7,0,CF,2.51188643150958,0.0532521695448594,0.00207209820890796,0.0530805398248293
LEGACY_N1,7,0,CF,2.66072505979881,0.0532729515630396,0.00219305439740016,0.0530805398248293
LEGACY_N1,7,0,CF,2.81838293126445,0.0532962283040662,0.00232083780181221,0.0530805398248293
LEGACY_N1,7,0,CF,2.98538261891796,0.0533222936818247,0.00245579014896181,0.0530805398248293
LEGACY_N1,7,0,CF,3.16227766016838,0.0533514748163934,0.00259826198700027,0.0530805398248293
LEGACY_N1,7,0,CF,3.34965439157828,0.0533841354217781,0.00274861118830668,0.0530805398248293
LEGACY_N1,7,0,CF,3.54813389233576,0.0534206794446523,0.00290720102605788,0.0530805398248293
LEGACY_N1,7,0,CF,3.75837404288444,0.0534615549464867,0.00307439774915707,0.0530805398248293
LEGACY_N1,7,0,CF,3.98107170553497,0.0535072582121013,0.00325056757045752,0.0530805398248293
LEGACY_N1,7,0,CF,4.21696503428582,0.0535583380555614,0.00343607297310612,0.0530805398248293
LEGACY_N1,7,0,CF,4.46683592150963,0.0536154002789159,0.00363126822969335,0.0530805398248293
LEGACY_N1,7,0,CF,4.73151258961481,0.0536791122199419,0.00383649401923339,0.0530805398248293
LEGACY_N1,7,0,CF,5.01187233627272,0.0537502073011738,0.00405207101851395,0.0530805398248293
LEGACY_N1,7,0,CF,5.30884444230988,0.053829489463424,0.00427829233801204,0.0530805398248293
LEGACY_N1,7,0,CF,5.62341325190349,0.0539178373321632,0.00451541466964191,0.0530805398248293
LEGACY_N1,7,0,CF,5.9566214352901,0.0540162079240636,0.00476364801572822,0.0530805398248293
LEGACY_N1,7,0,CF,6.30957344480193,0.0541256396535096,0.00502314387784719,0.0530805398248293
LEGACY_N1,7,0,CF,6.68343917568615,0.0542472543451185,0.00529398180307613,0.0530805398248293
LEGACY_N1,7,0,CF,7.07945784384138,0.0543822578990527,0.00557615421673483,0.0530805398248293
LEGACY_N1,7,0,CF,7.49894209332456,0.0545319391927255,0.00586954951831358,0.0530805398248293
LEGACY_N1,7,0,CF,7.94328234724281,0.0546976667381127,0.00617393348469894,0.0530805398248293
LEGACY_N1,7,0,CF,8.41395141645195,0.0548808825524108,0.00648892911584978,0.0530805398248293
LEGACY_N1,7,0,CF,8.91250938133745,0.0550830926471483,0.00681399517627098,0.0530805398248293
LEGACY_N1,7,0,CF,9.44060876285924,0.0553058535050063,0.00714840383365759,0.0530805398248293
LEGACY_N1,7,0,CF,10,0.0555507539047481,0.00749121797498088,0.0530805398248293
LEGACY_N1,7,0,CF,10.5925372517729,0.0558193914851706,0.00784126898845968,0.0530805398248293
LEGACY_N1,7,0,CF,11.2201845430196,0.0561133435230561,0.00819713603185047,0.0530805398248293
LEGACY_N1,7,0,CF,11.8850222743702,0.0564341315528034,0.00855712805265829,0.0530805398248293
LEGACY_N1,7,0,CF,12.5892541179417,0.0567831796911408,0.00891927006712152,0.0530805398248293
LEGACY_N1,7,0,CF,13.3352143216332,0.0571617668604532,0.00928129541767586,0.0530805398248293
LEGACY_N1,7,0,CF,14.1253754462275,0.0575709735339767,0.0096406458809839,0.0530805398248293
LEGACY_N1,7,0,CF,14.9623565609443,0.0580116241506618,0.00999448155187808,0.0530805398248293
LEGACY_N1,7,0,CF,15.8489319246111,0.0584842269481091,0.0103397023402042,0.0530805398248293
LEGACY_N1,7,0,CF,16.7880401812256,0.0589889136023837,0.0106729826460418,0.0530805398248293
LEGACY_N1,7,0,CF,17.7827941003892,0.0595253816879906,0.0109908202905979,0.0530805398248293
LEGACY_N1,7,0,CF,18.836490894898,0.0600928435055086,0.0112896000585185,0.0530805398248293
LEGACY_N1,7,0,CF,19.9526231496888,0.0606899851802558,0.0115656712620416,0.0530805398248293
LEGACY_N1,7,0,CF,21.1348903983665,0.0613149400207489,0.0118154376125018,0.0530805398248293
LEGACY_N1,7,0,CF,22.3872113856834,0.0619652798587037,0.0120354564634804,0.0530805398248293
LEGACY_N1,7,0,CF,23.7137370566166,0.0626380274187423,0.0122225432930514,0.0530805398248293
LEGACY_N1,7,0,CF,25.1188643150958,0.0633296916769944,0.0123738762680335,0.0530805398248293
LEGACY_N1,7,0,CF,26.6072505979881,0.0640363267135524,0.0124870950373279,0.0530805398248293
LEGACY_N1,7,0,CF,28.1838293126445,0.0647536128582154,0.0125603876734822,0.0530805398248293
LEGACY_N1,7,0,CF,29.8538261891796,0.0654769571426831,0.0125925600153631,0.0530805398248293
LEGACY_N1,7,0,CF,31.6227766016838,0.0662016084118143,0.0125830825843408,0.0530805398248293
LEGACY_N1,7,0,CF,33.4965439157828,0.0669227811226546,0.0125321116922719,0.0530805398248293
LEGACY_N1,7,0,CF,35.4813389233575,0.0676357810514538,0.0124404831905741,0.0530805398248293
LEGACY_N1,7,0,CF,37.5837404288444,0.0683361259490474,0.01230967932148,0.0530805398248293
LEGACY_N1,7,0,CF,39.8107170553497,0.0690196546593555,0.0121417710903301,0.0530805398248293
LEGACY_N1,7,0,CF,42.1696503428582,0.0696826192771894,0.0119393402558676,0.0530805398248293
LEGACY_N1,7,0,CF,44.6683592150963,0.0703217564234406,0.0117053862549478,0.0530805398248293
LEGACY_N1,7,0,CF,47.315125896148,0.0709343354601336,0.0114432240335066,0.0530805398248293
LEGACY_N1,7,0,CF,50.1187233627273,0.0715181832414548,0.0111563788264027,0.0530805398248293
LEGACY_N1,7,0,CF,53.0884444230988,0.0720716866062353,0.0108484834731217,0.0530805398248293
LEGACY_N1,7,0,CF,56.2341325190349,0.0725937751158655,0.0105231829921337,0.0530805398248293
LEGACY_N1,7,0,CF,59.566214352901,0.0730838874442108,0.0101840500144195,0.0530805398248293
LEGACY_N1,7,0,CF,63.0957344480193,0.0735419253106593,0.00983451345171552,0.0530805398248293
LEGACY_N1,7,0,CF,66.8343917568615,0.0739681989454462,0.00947780158474349,0.0530805398248293
LEGACY_N1,7,0,CF,70.7945784384138,0.0743633678569053,0.00911689970548402,0.0530805398248293
LEGACY_N1,7,0,CF,74.9894209332456,0.0747283802218896,0.00875452160071362,0.0530805398248293
LEGACY_N1,7,0,CF,79.4328234724281,0.0750644136350983,0.0083930935491661,0.0530805398248293
LEGACY_N1,7,0,CF,84.1395141645195,0.0753728193131739,0.00803474911829142,0.0530805398248293
LEGACY_N1,7,0,CF,89.1250938133746,0.0756550712214015,0.00768133286315451,0.0530805398248293
LEGACY_N1,7,0,CF,94.4060876285924,0.07591272102144,0.00733441101137872,0.0530805398248293
LEGACY_N1,7,0,CF,100,0.0761473592556763,0.00699528732148114,0.0530805398248293
LEGACY_N1,7,1,PP,0.1,0.0530806498263433,5.13336224956287e-05,0.0530805398248293
LEGACY_N1,7,1,PP,0.105925372517729,0.0530806632484889,5.4375300389111e-05,0.0530805398248293
LEGACY_N1,7,1,PP,0.112201845430196,0.053080678308366,5.75972032856625e-05,0.0530805398248293
LEGACY_N1,7,1,PP,0.118850222743702,0.0530806952058035,6.10100091055486e-05,0.0530805398248293
LEGACY_N1,7,1,PP,0.125892541179417,0.0530807141650118,6.46250282715316e-05,0.0530805398248293
LEGACY_N1,7,1,PP,0.133352143216332,0.0530807354375577,6.84542411485364e-05,0.0530805398248293
LEGACY_N1,7,1,PP,0.141253754462275,0.0530807593057018,7.25103376945063e-05,0.0530805398248293
LEGACY_N1,7,1,PP,0.149623565609443,0.0530807860861433,7.68067594521034e-05,0.0530805398248293
LEGACY_N1,7,1,PP,0.158489319246111,0.0530808161342216,8.13577440183323e-05,0.0530805398248293
LEGACY_N1,7,1,PP,0.167880401812256,0.0530808498486302,8.61783721369855e-05,0.0530805398248293
LEGACY_N1,7,1,PP,0.177827941003892,0.0530808876767059,9.12846175670271e-05,0.0530805398248293
LEGACY_N1,7,1,PP,0.18836490894898,0.0530809301203627,9.66933998886744e-05,0.0530805398248293
LEGACY_N1,7,1,PP,0.199526231496888,0.0530809777427498,0.000102422640418006,0.0530805398248293
LEGACY_N1,7,1,PP,0.211348903983665,0.0530810311757216,0.000108491321410442,0.0530805398248293
LEGACY_N1,7,1,PP,0.223872113856834,0.0530810911282183,0.00011491954874339,0.0530805398248293
LEGACY_N1,7,1,PP,0.237137370566166,0.0530811583956686,0.000121728618278785,0.0530805398248293
LEGACY_N1,7,1,PP,0.251188643150958,0.0530812338705396,0.000128941086117104,0.0530805398248293
LEGACY_N1,7,1,PP,0.266072505979881,0.0530813185541715,0.000136580842965748,0.0530805398248293
LEGACY_N1,7,1,PP,0.281838293126445,0.0530814135700564,0.000144673192856482,0.0530805398248293
LEGACY_N1,7,1,PP,0.298538261891796,0.0530815201787355,0.000153244936458766,0.0530805398248293
LEGACY_N1,7,1,PP,0.316227766016838,0.0530816397945112,0.000162324459248425,0.0530805398248293
LEGACY_N1,7,1,PP,0.334965439157828,0.0530817740041968,0.00017194182480403,0.0530805398248293
LEGACY_N1,7,1,PP,0.354813389233576,0.0530819245881504,0.000182128873516648,0.0530805398248293
LEGACY_N1,7,1,PP,0.375837404288444,0.0530820935438715,0.000192919327012082,0.0530805398248293
LEGACY_N1,7,1,PP,0.398107170553497,0.0530822831124713,0.000204348898598404,0.0530805398248293
LEGACY_N1,7,1,PP,0.421696503428582,0.0530824958083667,0.000216455410065279,0.0530805398248293
LEGACY_N1,7,1,PP,0.446683592150963,0.0530827344525898,0.000229278915175162,0.0530805398248293
LEGACY_N1,7,1,PP,0.473151258961481,0.0530830022101514,0.00024286183019981,0.0530805398248293
LEGACY_N1,7,1,PP,0.501187233627272,0.0530833026319506,0.000257249071868351,0.0530805398248293
LEGACY_N1,7,1,PP,0.530884444230988,0.0530836397017823,0.000272488203105267,0.0530805398248293
LEGACY_N1,7,1,PP,0.562341325190349,0.0530840178890604,0.000288629586947598,0.0530805398248293
LEGACY_N1,7,1,PP,0.59566214352901,0.0530844422079488,0.00030572654904019,0.0530805398248293
LEGACY_N1,7,1,PP,0.630957344480193,0.053084918283675,0.000323835549115311,0.0530805398248293
LEGACY_N1,7,1,PP,0.668343917568615,0.0530854524268958,0.000343016361867896,0.0530805398248293
LEGACY_N1,7,1,PP,0.707945784384138,0.0530860517170854,0.000363332267639337,0.0530805398248293
LEGACY_N1,7,1,PP,0.749894209332456,0.0530867240960357,0.000384850253320202,0.0530805398248293
LEGACY_N1,7,1,PP,0.794328234724281,0.0530874784726837,0.000407641223874633,0.0530805398248293
LEGACY_N1,7,1,PP,0.841395141645195,0.0530883248406305,0.000431780224874991,0.0530805398248293
LEGACY_N1,7,1,PP,0.891250938133745,0.0530892744098713,0.000457346676413338,0.0530805398248293
LEGACY_N1,7,1,PP,0.944060876285923,0.05309033975444,0.000484424618724609,0.0530805398248293
LEGACY_N1,7,1,PP,1,0.0530915349778673,0.000513102969812797,0.0530805398248293
LEGACY_N1,7,1,PP,1.05925372517729,0.0530928758985754,0.000543475795313648,0.0530805398248293
LEGACY_N1,7,1,PP,1.12201845430196,0.0530943802575751,0.000575642590752163,0.0530805398248293
LEGACY_N1,7,1,PP,1.18850222743702,0.0530960679511059,0.000609708576257156,0.0530805398248293
LEGACY_N1,7,1,PP,1.25892541179417,0.0530979612911583,0.000645785003673955,0.0530805398248293
LEGACY_N1,7,1,PP,1.33352143216332,0.0531000852971516,0.000683989475865039,0.0530805398248293
LEGACY_N1,7,1,PP,1.41253754462275,0.0531024680224039,0.000724446277801175,0.0530805398248293
LEGACY_N1,7,1,PP,1.49623565609443,0.053105140919437,0.000767286718815353,0.0530805398248293
LEGACY_N1,7,1,PP,1.58489319246111,0.0531081392485944,0.000812649485110471,0.0530805398248293
LEGACY_N1,7,1,PP,1.67880401812256,0.0531115025349358,0.000860681001269532,0.0530805398248293
LEGACY_N1,7,1,PP,1.77827941003892,0.0531152750788911,0.000911535799102941,0.0530805398248293
LEGACY_N1,7,1,PP,1.8836490894898,0.0531195065267235,0.000965376891668014,0.0530805398248293
LEGACY_N1,7,1,PP,1.99526231496888,0.0531242525074593,0.00102237614969575,0.0530805398248293
LEGACY_N1,7,1,PP,2.11348903983665,0.0531295753435905,0.00108271467694133,0.0530805398248293
LEGACY_N1,7,1,PP,2.23872113856834,0.0531355448435444,0.0011465831801172,0.0530805398248293
LEGACY_N1,7,1,PP,2.37137370566166,0.053142239184635,0.0012141823280466,0.0530805398248293
LEGACY_N1,7,1,PP,2.51188643150958,0.0531497458959536,0.00128572309346447,0.0530805398248293
LEGACY_N1,7,1,PP,2.66072505979881,0.0531581629514118,0.00136142706945982,0.0530805398248293
LEGACY_N1,7,1,PP,2.81838293126445,0.0531675999839022,0.00144152675086358,0.0530805398248293
LEGACY_N1,7,1,PP,2.98538261891796,0.0531781796322529,0.00152626576889979,0.0530805398248293
LEGACY_N1,7,1,PP,3.16227766016838,0.0531900390333141,0.0016158990650898,0.0530805398248293
LEGACY_N1,7,1,PP,3.34965439157828,0.0532033314720537,0.00171069298768204,0.0530805398248293
LEGACY_N1,7,1,PP,3.54813389233576,0.0532182282029256,0.00181092529072002,0.0530805398248293
LEGACY_N1,7,1,PP,3.75837404288444,0.053234920455916,0.00191688501220328,0.0530805398248293
LEGACY_N1,7,1,PP,3.98107170553497,0.0532536216404878,0.00202887220358199,0.0530805398248293
LEGACY_N1,7,1,PP,4.21696503428582,0.0532745697600111,0.00214719747799954,0.0530805398248293
LEGACY_N1,7,1,PP,4.46683592150963,0.0532980300480411,0.00227218133920458,0.0530805398248293
LEGACY_N1,7,1,PP,4.73151258961481,0.0533242978358051,0.0024041532468509,0.0530805398248293
LEGACY_N1,7,1,PP,5.01187233627272,0.0533537016572673,0.00254345036696112,0.0530805398248293
LEGACY_N1,7,1,PP,5.30884444230988,0.0533866065938876,0.00269041594864448,0.0530805398248293
LEGACY_N1,7,1,PP,5.62341325190349,0.0534234178553566,0.00284539725976326,0.0530805398248293
LEGACY_N1,7,1,PP,5.9566214352901,0.053464584584804,0.00300874300522384,0.0530805398248293
LEGACY_N1,7,1,PP,6.30957344480193,0.0535106038667956,0.00318080014208817,0.0530805398248293
LEGACY_N1,7,1,PP,6.68343917568615,0.0535620249033777,0.00336190999602269,0.0530805398248293
LEGACY_N1,7,1,PP,7.07945784384138,0.0536194533069174,0.00355240357412081,0.0530805398248293
LEGACY_N1,7,1,PP,7.49894209332456,0.0536835554379654,0.0037525959604219,0.0530805398248293
LEGACY_N1,7,1,PP,7.94328234724281,0.0537550626911903,0.00396277967329251,0.0530805398248293
LEGACY_N1,7,1,PP,8.41395141645195,0.0538347756020411,0.0041832168592949,0.0530805398248293
LEGACY_N1,7,1,PP,8.91250938133745,0.0539235676106655,0.0044141301976266,0.0530805398248293
LEGACY_N1,7,1,PP,9.44060876285924,0.054022388277426,0.00465569239443793,0.0530805398248293
LEGACY_N1,7,1,PP,10,0.0541322656960787,0.00490801415950591,0.0530805398248293
LEGACY_N1,7,1,PP,10.5925372517729,0.0542543077967317,0.00517113058149761,0.0530805398248293
LEGACY_N1,7,1,PP,11.2201845430196,0.0543897021721816,0.00544498585545923,0.0530805398248293
LEGACY_N1,7,1,PP,11.8850222743702,0.0545397140001506,0.00572941637064843,0.0530805398248293
LEGACY_N1,7,1,PP,12.5892541179417,0.0547056815735366,0.00602413224201489,0.0530805398248293
LEGACY_N1,7,1,PP,13.3352143216332,0.0548890088958187,0.00632869746807477,0.0530805398248293
LEGACY_N1,7,1,PP,14.1253754462275,0.0550911547558031,0.00664250902463767,0.0530805398248293
LEGACY_N1,7,1,PP,14.9623565609443,0.0553136176736126,0.00696477535968652,0.0530805398248293
LEGACY_N1,7,1,PP,15.8489319246111,0.0555579161190002,0.00729449493951757,0.0530805398248293
LEGACY_N1,7,1,PP,16.7880401812256,0.0558255634564268,0.00763043570677259,0.0530805398248293
LEGACY_N1,7,1,PP,17.7827941003892,0.0561180371829634,0.00797111653968204,0.0530805398248293
LEGACY_N1,7,1,PP,18.836490894898,0.0564367422091859,0.00831479203555763,0.0530805398248293
LEGACY_N1,7,1,PP,19.9526231496888,0.0567829682023839,0.0086594421605439,0.0530805398248293
LEGACY_N1,7,1,PP,21.1348903983665,0.0571578413738193,0.00900276848483819,0.0530805398248293
LEGACY_N1,7,1,PP,22.3872113856834,0.0575622715480084,0.00934219882409747,0.0530805398248293
LEGACY_N1,7,1,PP,23.7137370566166,0.0579968958911675,0.00967490209448865,0.0530805398248293
LEGACY_N1,7,1,PP,25.1188643150958,0.0584620212720309,0.00999781502015076,0.0530805398248293
LEGACY_N1,7,1,PP,26.6072505979881,0.0589575678373435,0.0103076819711731,0.0530805398248293
LEGACY_N1,7,1,PP,28.1838293126445,0.0594830169440611,0.0106011086327509,0.0530805398248293
LEGACY_N1,7,1,PP,29.8538261891796,0.0600373670223999,0.0108746294077946,0.0530805398248293
LEGACY_N1,7,1,PP,31.6227766016838,0.0606191011611781,0.0111247874611077,0.0530805398248293
LEGACY_N1,7,1,PP,33.4965439157828,0.0612261701247829,0.0113482251841743,0.0530805398248293
LEGACY_N1,7,1,PP,35.4813389233575,0.0618559940630345,0.0115417816937327,0.0530805398248293
LEGACY_N1,7,1,PP,37.5837404288444,0.0625054853298368,0.0117025929044364,0.0530805398248293
LEGACY_N1,7,1,PP,39.8107170553497,0.0631710936029635,0.0118281888835751,0.0530805398248293
LEGACY_N1,7,1,PP,42.1696503428582,0.0638488729745135,0.0119165827477092,0.0530805398248293
LEGACY_N1,7,1,PP,44.6683592150963,0.0645345689971285,0.0119663454106878,0.0530805398248293
LEGACY_N1,7,1,PP,47.315125896148,0.065223722007905,0.0119766610974831,0.0530805398248293
LEGACY_N1,7,1,PP,50.1187233627273,0.065911781612807,0.0119473596815919,0.0530805398248293
LEGACY_N1,7,1,PP,53.0884444230988,0.066594226188565,0.0118789234877876,0.0530805398248293
LEGACY_N1,7,1,PP,56.2341325190349,0.0672666807880678,0.0117724680584904,0.0530805398248293
LEGACY_N1,7,1,PP,59.566214352901,0.0679250269857579,0.0116296982972828,0.0530805398248293
LEGACY_N1,7,1,PP,63.0957344480193,0.0685654989501226,0.0114528431534894,0.0530805398248293
LEGACY_N1,7,1,PP,66.8343917568615,0.0691847612758303,0.0112445734014253,0.0530805398248293
LEGACY_N1,7,1,PP,70.7945784384138,0.0697799656799477,0.0110079079602225,0.0530805398248293
LEGACY_N1,7,1,PP,74.9894209332456,0.0703487853648378,0.0107461145359074,0.0530805398248293
LEGACY_N1,7,1,PP,79.4328234724281,0.0708894274777491,0.0104626101670465,0.0530805398248293
LEGACY_N1,7,1,PP,84.1395141645195,0.0714006254900743,0.0101608666061799,0.0530805398248293
LEGACY_N1,7,1,PP,89.1250938133746,0.0718816143674346,0.00984432450278314,0.0530805398248293
LEGACY_N1,7,1,PP,94.4060876285924,0.0723320920554907,0.00951631921826756,0.0530805398248293
LEGACY_N1,7,1,PP,100,0.0727521710723991,0.00918001994083814,0.0530805398248293
LEGACY_N1,7,1,CF,0.1,0.0530808087023242,8.02561583890717e-05,0.0530805398248293
LEGACY_N1,7,1,CF,0.105925372517729,0.0530808415099273,8.50115183158788e-05,0.0530805398248293
LEGACY_N1,7,1,CF,0.112201845430196,0.0530808783205565,9.00486290867188e-05,0.0530805398248293
LEGACY_N1,7,1,CF,0.118850222743702,0.0530809196226271,9.53841813519012e-05,0.0530805398248293
LEGACY_N1,7,1,CF,0.125892541179417,0.053080965964143,0.000101035853965196,0.0530805398248293
LEGACY_N1,7,1,CF,0.133352143216332,0.0530810179599656,0.000107022372391601,0.0530805398248293
LEGACY_N1,7,1,CF,0.141253754462275,0.0530810762999693,0.000113363570548288,0.0530805398248293
LEGACY_N1,7,1,CF,0.149623565609443,0.0530811417581918,0.000120080456276937,0.0530805398248293
LEGACY_N1,7,1,CF,0.158489319246111,0.0530812152030996,0.000127195280656429,0.0530805398248293
LEGACY_N1,7,1,CF,0.167880401812256,0.0530812976091054,0.000134731611376075,0.0530805398248293
LEGACY_N1,7,1,CF,0.177827941003892,0.0530813900694898,0.000142714410401243,0.0530805398248293
LEGACY_N1,7,1,CF,0.18836490894898,0.0530814938108975,0.00015117011617528,0.0530805398248293
LEGACY_N1,7,1,CF,0.199526231496888,0.0530816102096019,0.000160126730614186,0.0530805398248293
LEGACY_N1,7,1,CF,0.211348903983665,0.0530817408097495,0.000169613911163302,0.0530805398248293
LEGACY_N1,7,1,CF,0.223872113856834,0.05308188734383,0.000179663068198505,0.0530805398248293
LEGACY_N1,7,1,CF,0.237137370566166,0.0530820517556383,0.000190307468067816,0.0530805398248293
LEGACY_N1,7,1,CF,0.251188643150958,0.0530822362260345,0.000201582342082994,0.0530805398248293
LEGACY_N1,7,1,CF,0.266072505979881,0.053082443201841,0.000213525001784354,0.0530805398248293
LEGACY_N1,7,1,CF,0.281838293126445,0.0530826754282575,0.000226174960815701,0.0530805398248293
LEGACY_N1,7,1,CF,0.298538261891796,0.053082935985222,0.000239574063759695,0.0530805398248293
LEGACY_N1,7,1,CF,0.316227766016838,0.0530832283281964,0.000253766622296909,0.0530805398248293
LEGACY_N1,7,1,CF,0.334965439157828,0.0530835563339137,0.000268799559064162,0.0530805398248293
LEGACY_N1,7,1,CF,0.354813389233576,0.0530839243516875,0.000284722559598941,0.0530805398248293
LEGACY_N1,7,1,CF,0.375837404288444,0.0530843372609586,0.000301588232766675,0.0530805398248293
LEGACY_N1,7,1,CF,0.398107170553497,0.0530848005358333,0.000319452280075573,0.0530805398248293
LEGACY_N1,7,1,CF,0.421696503428582,0.0530853203174579,0.00033837367428943,0.0530805398248293
LEGACY_N1,7,1,CF,0.446683592150963,0.0530859034951762,0.000358414847751223,0.0530805398248293
LEGACY_N1,7,1,CF,0.473151258961481,0.0530865577975304,0.000379641890828949,0.0530805398248293
LEGACY_N1,7,1,CF,0.501187233627272,0.0530872918942884,0.000402124760888762,0.0530805398248293
LEGACY_N1,7,1,CF,0.530884444230988,0.0530881155108254,0.000425937502188006,0.0530805398248293
LEGACY_N1,7,1,CF,0.562341325190349,0.0530890395563423,0.000451158477060743,0.0530805398248293
LEGACY_N1,7,1,CF,0.59566214352901,0.0530900762675767,0.000477870608739115,0.0530805398248293
LEGACY_N1,7,1,CF,0.630957344480193,0.0530912393698595,0.000506161636113385,0.0530805398248293
LEGACY_N1,7,1,CF,0.668343917568615,0.0530925442575836,0.000536124380679279,0.0530805398248293
LEGACY_N1,7,1,CF,0.707945784384138,0.0530940081963912,0.000567857025850484,0.0530805398248293
LEGACY_N1,7,1,CF,0.749894209332456,0.0530956505496532,0.000601463408723401,0.0530805398248293
LEGACY_N1,7,1,CF,0.794328234724281,0.0530974930321047,0.000637053324266447,0.0530805398248293
LEGACY_N1,7,1,CF,0.841395141645195,0.0530995599938305,0.000674742841762558,0.0530805398248293
LEGACY_N1,7,1,CF,0.891250938133745,0.0531018787381453,0.000714654633155394,0.0530805398248293
LEGACY_N1,7,1,CF,0.944060876285923,0.0531044798773139,0.000756918312730372,0.0530805398248293
LEGACY_N1,7,1,CF,1,0.0531073977304815,0.000801670787293218,0.0530805398248293
LEGACY_N1,7,1,CF,1.05925372517729,0.0531106707686601,0.00084905661568191,0.0530805398248293
LEGACY_N1,7,1,CF,1.12201845430196,0.0531143421121251,0.000899228376051853,0.0530805398248293
LEGACY_N1,7,1,CF,1.18850222743702,0.0531184600861366,0.000952347038896178,0.0530805398248293
LEGACY_N1,7,1,CF,1.25892541179417,0.0531230788414921,0.00100858234318831,0.0530805398248293
LEGACY_N1,7,1,CF,1.33352143216332,0.0531282590470616,0.00106811317234526,0.0530805398248293
LEGACY_N1,7,1,CF,1.41253754462275,0.0531340686621329,0.00113112792588725,0.0530805398248293
LEGACY_N1,7,1,CF,1.49623565609443,0.0531405837971069,0.00119782488168969,0.0530805398248293
LEGACY_N1,7,1,CF,1.58489319246111,0.0531478896718258,0.00126841254255979,0.0530805398248293
LEGACY_N1,7,1,CF,1.67880401812256,0.0531560816815659,0.00134310995949315,0.0530805398248293
LEGACY_N1,7,1,CF,1.77827941003892,0.0531652665814844,0.00142214702233999,0.0530805398248293
LEGACY_N1,7,1,CF,1.8836490894898,0.0531755638010338,0.0015057647066981,0.0530805398248293
LEGACY_N1,7,1,CF,1.99526231496888,0.0531871069005309,0.00159421526360711,0.0530805398248293
LEGACY_N1,7,1,CF,2.11348903983665,0.0532000451826444,0.001687762335998,0.0530805398248293
LEGACY_N1,7,1,CF,2.23872113856834,0.0532145454719906,0.00178668098280176,0.0530805398248293
LEGACY_N1,7,1,CF,2.37137370566166,0.0532307940762346,0.0018912575880863,0.0530805398248293
LEGACY_N1,7,1,CF,2.51188643150958,0.0532489989419976,0.00200178962851352,0.0530805398248293
LEGACY_N1,7,1,CF,2.66072505979881,0.0532693920183556,0.00211858526773238,0.0530805398248293
LEGACY_N1,7,1,CF,2.81838293126445,0.0532922318396425,0.00224196274099282,0.0530805398248293
LEGACY_N1,7,1,CF,2.98538261891796,0.0533178063374743,0.00237224948723419,0.0530805398248293
LEGACY_N1,7,1,CF,3.16227766016838,0.0533464358891772,0.0025097809791358,0.0530805398248293
LEGACY_N1,7,1,CF,3.34965439157828,0.0533784766058693,0.00265489919410612,0.0530805398248293
LEGACY_N1,7,1,CF,3.54813389233576,0.0534143238580245,0.00280795066095427,0.0530805398248293
LEGACY_N1,7,1,CF,3.75837404288444,0.0534544160290549,0.00296928400810463,0.0530805398248293
LEGACY_N1,7,1,CF,3.98107170553497,0.0534992384778848,0.00313924692982522,0.0530805398248293
LEGACY_N1,7,1,CF,4.21696503428582,0.0535493276791502,0.00331818247727862,0.0530805398248293
LEGACY_N1,7,1,CF,4.46683592150963,0.0536052754940295,0.00350642457163186,0.0530805398248293
LEGACY_N1,7,1,CF,4.73151258961481,0.0536677335051852,0.00370429262750451,0.0530805398248293
LEGACY_N1,7,1,CF,5.01187233627272,0.0537374173252809,0.00391208516742379,0.0530805398248293
LEGACY_N1,7,1,CF,5.30884444230988,0.0538151107594296,0.00413007230268305,0.0530805398248293
LEGACY_N1,7,1,CF,5.62341325190349,0.0539016696671949,0.004358486954367,0.0530805398248293
LEGACY_N1,7,1,CF,5.9566214352901,0.0539980253290352,0.00459751469198398,0.0530805398248293
LEGACY_N1,7,1,CF,6.30957344480193,0.0541051870752244,0.00484728207821351,0.0530805398248293
LEGACY_N1,7,1,CF,6.68343917568615,0.054224243882611,0.0051078434292639,0.0530805398248293
LEGACY_N1,7,1,CF,7.07945784384138,0.0543563645869967,0.00537916593420748,0.0530805398248293
LEGACY_N1,7,1,CF,7.49894209332456,0.0545027962982021,0.00566111312677345,0.0530805398248293
LEGACY_N1,7,1,CF,7.94328234724281,0.0546648605439558,0.00595342677303259,0.0530805398248293
LEGACY_N1,7,1,CF,8.41395141645195,0.0548439466119572,0.0062557073318035,0.0530805398248293
LEGACY_N1,7,1,CF,8.91250938133745,0.0550415015129615,0.00656739326464052,0.0530805398248293
LEGACY_N1,7,1,CF,9.44060876285924,0.0552590159596617,0.0068877396211307,0.0530805398248293
LEGACY_N1,7,1,CF,10,0.0554980057567818,0.00721579650333305,0.0530805398248293
LEGACY_N1,7,1,CF,10.5925372517729,0.0557599880394588,0.00755038821812928,0.0530805398248293
LEGACY_N1,7,1,CF,11.2201845430196,0.056046451893507,0.00789009415159911,0.0530805398248293
LEGACY_N1,7,1,CF,11.8850222743702,0.0563588230568638,0.00823323263358662,0.0530805398248293
LEGACY_N1,7,1,CF,12.5892541179417,0.0566984226495748,0.008577849285257,0.0530805398248293
LEGACY_N1,7,1,CF,13.3352143216332,0.0570664202196077,0.00892171153236119,0.0530805398248293
LEGACY_N1,7,1,CF,14.1253754462275,0.0574637818262954,0.00926231108974315,0.0530805398248293
LEGACY_N1,7,1,CF,14.9623565609443,0.0578912144044695,0.00959687624023694,0.0530805398248293
LEGACY_N1,7,1,CF,15.8489319246111,0.0583491082382084,0.00992239560278987,0.0530805398248293
LEGACY_N1,7,1,CF,16.7880401812256,0.0588374799840949,0.0102356547722684,0.0530805398248293
LEGACY_N1,7,1,CF,17.7827941003892,0.0593559192618622,0.0105332866885951,0.0530805398248293
LEGACY_N1,7,1,CF,18.836490894898,0.0599035423003412,0.0108118358457542,0.0530805398248293
LEGACY_N1,7,1,CF,19.9526231496888,0.0604789564027673,0.0110678354993042,0.0530805398248293
LEGACY_N1,7,1,CF,21.1348903983665,0.0610802389912695,0.0112978959264036,0.0530805398248293
LEGACY_N1,7,1,CF,22.3872113856834,0.0617049346333936,0.0114988006244876,0.0530805398248293
LEGACY_N1,7,1,CF,23.7137370566166,0.0623500727025898,0.0116676062268599,0.0530805398248293
LEGACY_N1,7,1,CF,25.1188643150958,0.0630122071857753,0.0118017410106261,0.0530805398248293
LEGACY_N1,7,1,CF,26.6072505979881,0.0636874786887719,0.0118990963214579,0.0530805398248293
LEGACY_N1,7,1,CF,28.1838293126445,0.0643716970290692,0.011958105163741,0.0530805398248293
LEGACY_N1,7,1,CF,29.8538261891796,0.0650604411190764,0.0119778026766551,0.0530805398248293
LEGACY_N1,7,1,CF,31.6227766016838,0.0657491713326464,0.011957864238413,0.0530805398248293
LEGACY_N1,7,1,CF,33.4965439157828,0.0664333484088658,0.0118986184334347,0.0530805398248293
LEGACY_N1,7,1,CF,35.4813389233575,0.0671085523355702,0.0118010339273409,0.0530805398248293
LEGACY_N1,7,1,CF,37.5837404288444,0.0677705946569567,0.0116666812164624,0.0530805398248293
LEGACY_N1,7,1,CF,39.8107170553497,0.0684156182647506,0.0114976720273253,0.0530805398248293
LEGACY_N1,7,1,CF,42.1696503428582,0.0690401798739661,0.0112965806316456,0.0530805398248293
LEGACY_N1,7,1,CF,44.6683592150963,0.0696413118963634,0.0110663523608622,0.0530805398248293
LEGACY_N1,7,1,CF,47.315125896148,0.0702165621114365,0.0108102050728071,0.0530805398248293
LEGACY_N1,7,1,CF,50.1187233627273,0.0707640111953901,0.0105315292440026,0.0530805398248293
LEGACY_N1,7,1,CF,53.0884444230988,0.0712822696292221,0.0102337918075871,0.0530805398248293
LEGACY_N1,7,1,CF,56.2341325190349,0.071770456643621,0.00992044795232701,0.0530805398248293
LEGACY_N1,7,1,CF,59.566214352901,0.0722281646068738,0.00959486398951216,0.0530805398248293
LEGACY_N1,7,1,CF,63.0957344480193,0.0726554126166378,0.0092602532267039,0.0530805398248293
LEGACY_N1,7,1,CF,66.8343917568615,0.0730525930587187,0.00891962568336887,0.0530805398248293
LEGACY_N1,7,1,CF,70.7945784384138,0.0734204146184029,0.00857575153266062,0.0530805398248293
LEGACY_N1,7,1,CF,74.9894209332456,0.0737598447589489,0.00823113740783142,0.0530805398248293
LEGACY_N1,7,1,CF,79.4328234724281,0.0740720541034437,0.00788801418829507,0.0530805398248293
LEGACY_N1,7,1,CF,84.1395141645195,0.0743583645452589,0.0075483345692017,0.0530805398248293
LEGACY_N1,7,1,CF,89.1250938133746,0.0746202023267674,0.007213778591085,0.0530805398248293
LEGACY_N1,7,1,CF,94.4060876285924,0.0748590568051997,0.00688576532451677,0.0530805398248293
LEGACY_N1,7,1,CF,100,0.075076445190573,0.00656546902804074,0.0530805398248293
LEGACY_N1,8.5,-1,PP,0.1,0.0552218178671969,4.97375836935542e-05,0.055221717947316
LEGACY_N1,8.5,-1,PP,0.105925372517729,0.0552218300592112,5.2684694864371e-05,0.055221717947316
LEGACY_N1,8.5,-1,PP,0.112201845430196,0.0552218437388618,5.5806428460036e-05,0.055221717947316
LEGACY_N1,8.5,-1,PP,0.118850222743702,0.0552218590876643,5.9113130587855e-05,0.055221717947316
LEGACY_N1,8.5,-1,PP,0.125892541179417,0.0552218763092813,6.26157602267628e-05,0.055221717947316
LEGACY_N1,8.5,-1,PP,0.133352143216332,0.0552218956322248,6.63259255094949e-05,0.055221717947316
LEGACY_N1,8.5,-1,PP,0.141253754462275,0.0552219173128882,7.025592214844e-05,0.055221717947316
LEGACY_N1,8.5,-1,PP,0.149623565609443,0.0552219416389473,7.44187741310291e-05,0.055221717947316
LEGACY_N1,8.5,-1,PP,0.158489319246111,0.0552219689331777,7.88282768177577e-05,0.055221717947316
LEGACY_N1,8.5,-1,PP,0.167880401812256,0.0552219995577363,8.3499042583562e-05,0.055221717947316
LEGACY_N1,8.5,-1,PP,0.177827941003892,0.0552220339189659,8.84465491512989e-05,0.055221717947316
LEGACY_N1,8.5,-1,PP,0.18836490894898,0.0552220724727862,9.36871907745263e-05,0.055221717947316
LEGACY_N1,8.5,-1,PP,0.199526231496888,0.055222115730741,9.92383324356547e-05,0.055221717947316
LEGACY_N1,8.5,-1,PP,0.211348903983665,0.0552221642667847,0.000105118367234865,0.055221717947316
LEGACY_N1,8.5,-1,PP,0.223872113856834,0.0552222187248949,0.000111346777154961,0.055221717947316
LEGACY_N1,8.5,-1,PP,0.237137370566166,0.0552222798276143,0.000117944197397557,0.055221717947316
LEGACY_N1,8.5,-1,PP,0.251188643150958,0.055222348385634,0.000124932484496726,0.055221717947316
LEGACY_N1,8.5,-1,PP,0.266072505979881,0.0552224253085453,0.000132334788427374,0.055221717947316
LEGACY_N1,8.5,-1,PP,0.281838293126445,0.0552225116169022,0.000140175628937298,0.055221717947316
LEGACY_N1,8.5,-1,PP,0.298538261891796,0.0552226084557551,0.000148480976343937,0.055221717947316
LEGACY_N1,8.5,-1,PP,0.316227766016838,0.0552227171098333,0.000157278337049403,0.055221717947316
LEGACY_N1,8.5,-1,PP,0.334965439157828,0.0552228390205787,0.000166596844040324,0.055221717947316
LEGACY_N1,8.5,-1,PP,0.354813389233576,0.0552229758052556,0.000176467352652363,0.055221717947316
LEGACY_N1,8.5,-1,PP,0.375837404288444,0.055223129278388,0.000186922541892949,0.055221717947316
LEGACY_N1,8.5,-1,PP,0.398107170553497,0.0552233014758095,0.000197997021629687,0.055221717947316
LEGACY_N1,8.5,-1,PP,0.421696503428582,0.0552234946816425,0.000209727445965999,0.055221717947316
LEGACY_N1,8.5,-1,PP,0.446683592150963,0.0552237114585626,0.000222152633139712,0.055221717947316
LEGACY_N1,8.5,-1,PP,0.473151258961481,0.055223954681748,0.000235313692294405,0.055221717947316
LEGACY_N1,8.5,-1,PP,0.501187233627272,0.0552242275769611,0.000249254157487114,0.055221717947316
LEGACY_N1,8.5,-1,PP,0.530884444230988,0.055224533763264,0.000264020129309373,0.055221717947316
LEGACY_N1,8.5,-1,PP,0.562341325190349,0.0552248773009297,0.000279660424511129,0.055221717947316
LEGACY_N1,8.5,-1,PP,0.59566214352901,0.0552252627451797,0.000296226734028611,0.055221717947316
LEGACY_N1,8.5,-1,PP,0.630957344480193,0.0552256952064523,0.000313773789827221,0.055221717947316
LEGACY_N1,8.5,-1,PP,0.668343917568615,0.0552261804179932,0.000332359540978593,0.055221717947316
LEGACY_N1,8.5,-1,PP,0.707945784384138,0.0552267248116523,0.000352045339396387,0.055221717947316
LEGACY_N1,8.5,-1,PP,0.749894209332456,0.0552273356028791,0.000372896135657585,0.055221717947316
LEGACY_N1,8.5,-1,PP,0.794328234724281,0.0552280208860241,0.000394980685334006,0.055221717947316
LEGACY_N1,8.5,-1,PP,0.841395141645195,0.0552287897411886,0.000418371766251535,0.055221717947316
LEGACY_N1,8.5,-1,PP,0.891250938133745,0.0552296523540109,0.000443146407080873,0.055221717947316
LEGACY_N1,8.5,-1,PP,0.944060876285923,0.0552306201499403,0.000469386127641896,0.055221717947316
LEGACY_N1,8.5,-1,PP,1,0.0552317059447344,0.000497177191272284,0.055221717947316
LEGACY_N1,8.5,-1,PP,1.05925372517729,0.0552329241131187,0.000526610869567684,0.055221717947316
LEGACY_N1,8.5,-1,PP,1.12201845430196,0.0552342907777699,0.000557783719742862,0.055221717947316
LEGACY_N1,8.5,-1,PP,1.18850222743702,0.0552358240210395,0.000590797874787918,0.055221717947316
LEGACY_N1,8.5,-1,PP,1.25892541179417,0.055237544122109,0.00062576134649724,0.055221717947316
LEGACY_N1,8.5,-1,PP,1.33352143216332,0.0552394738225758,0.000662788341327001,0.055221717947316
LEGACY_N1,8.5,-1,PP,1.41253754462275,0.0552416386238087,0.000701999588884779,0.055221717947316
LEGACY_N1,8.5,-1,PP,1.49623565609443,0.0552440671197851,0.000743522682666174,0.055221717947316
LEGACY_N1,8.5,-1,PP,1.58489319246111,0.0552467913695337,0.00078749243242119,0.055221717947316
LEGACY_N1,8.5,-1,PP,1.67880401812256,0.0552498473137559,0.000834051227249233,0.055221717947316
LEGACY_N1,8.5,-1,PP,1.77827941003892,0.0552532752406908,0.00088334940817613,0.055221717947316
LEGACY_N1,8.5,-1,PP,1.8836490894898,0.0552571203068243,0.000935545648548258,0.055221717947316
LEGACY_N1,8.5,-1,PP,1.99526231496888,0.0552614331186209,0.000990807340074077,0.055221717947316
LEGACY_N1,8.5,-1,PP,2.11348903983665,0.0552662703820804,0.00104931098173679,0.055221717947316
LEGACY_N1,8.5,-1,PP,2.23872113856834,0.0552716956275865,0.00111124256807511,0.055221717947316
LEGACY_N1,8.5,-1,PP,2.37137370566166,0.0552777800182226,0.00117679797246128,0.055221717947316
LEGACY_N1,8.5,-1,PP,2.51188643150958,0.0552846032504679,0.00124618331997249,0.055221717947316
LEGACY_N1,8.5,-1,PP,2.66072505979881,0.0552922545569556,0.00131961534322545,0.055221717947316
LEGACY_N1,8.5,-1,PP,2.81838293126445,0.0553008338217535,0.00139732171309279,0.055221717947316
LEGACY_N1,8.5,-1,PP,2.98538261891796,0.0553104528194056,0.0014795413345077,0.055221717947316
LEGACY_N1,8.5,-1,PP,3.16227766016838,0.055321236589718,0.00156652459554971,0.055221717947316
LEGACY_N1,8.5,-1,PP,3.34965439157828,0.0553333249609601,0.00165853355564395,0.055221717947316
LEGACY_N1,8.5,-1,PP,3.54813389233576,0.0553468742347315,0.00175584205594957,0.055221717947316
LEGACY_N1,8.5,-1,PP,3.75837404288444,0.0553620590461653,0.00185873573180554,0.055221717947316
LEGACY_N1,8.5,-1,PP,3.98107170553497,0.0553790744133193,0.00196751190338741,0.055221717947316
LEGACY_N1,8.5,-1,PP,4.21696503428582,0.0553981379894661,0.00208247931644576,0.055221717947316
LEGACY_N1,8.5,-1,PP,4.46683592150963,0.0554194925313968,0.0022039577000894,0.055221717947316
LEGACY_N1,8.5,-1,PP,4.73151258961481,0.0554434085956748,0.00233227710298482,0.055221717947316
LEGACY_N1,8.5,-1,PP,5.01187233627272,0.0554701874728143,0.00246777696302415,0.055221717947316
LEGACY_N1,8.5,-1,PP,5.30884444230988,0.0555001643664046,0.00261080485843188,0.055221717947316
LEGACY_N1,8.5,-1,PP,5.62341325190349,0.0555337118199783,0.00276171488042974,0.055221717947316
LEGACY_N1,8.5,-1,PP,5.9566214352901,0.0555712433886127,0.00292086555898744,0.055221717947316
LEGACY_N1,8.5,-1,PP,6.30957344480193,0.0556132175444708,0.0030886172639372,0.055221717947316
LEGACY_N1,8.5,-1,PP,6.68343917568615,0.0556601417952975,0.0032653289939779,0.055221717947316
LEGACY_N1,8.5,-1,PP,7.07945784384138,0.0557125769817743,0.00345135445609784,0.055221717947316
LEGACY_N1,8.5,-1,PP,7.49894209332456,0.0557711417030441,0.0036470373280942,0.055221717947316
LEGACY_N1,8.5,-1,PP,7.94328234724281,0.055836516799039,0.00385270558772784,0.055221717947316
LEGACY_N1,8.5,-1,PP,8.41395141645195,0.0559094497928426,0.00406866478440798,0.055221717947316
LEGACY_N1,8.5,-1,PP,8.91250938133745,0.0559907591655891,0.00429519012421145,0.055221717947316
LEGACY_N1,8.5,-1,PP,9.44060876285924,0.0560813382998022,0.00453251723789287,0.055221717947316
LEGACY_N1,8.5,-1,PP,10,0.0561821588842511,0.00478083150610606,0.055221717947316
LEGACY_N1,8.5,-1,PP,10.5925372517729,0.0562942735242479,0.00504025582853979,0.055221717947316
LEGACY_N1,8.5,-1,PP,11.2201845430196,0.0564188172462304,0.00531083674673477,0.055221717947316
LEGACY_N1,8.5,-1,PP,11.8850222743702,0.056557007525474,0.00559252886711425,0.055221717947316
LEGACY_N1,8.5,-1,PP,12.5892541179417,0.056710142402823,0.0058851775847299,0.055221717947316
LEGACY_N1,8.5,-1,PP,13.3352143216332,0.0568795961935923,0.00618850018313807,0.055221717947316
LEGACY_N1,8.5,-1,PP,14.1253754462275,0.057066812233969,0.00650206548537336,0.055221717947316
LEGACY_N1,8.5,-1,PP,14.9623565609443,0.0572732920639144,0.00682527235839643,0.055221717947316
LEGACY_N1,8.5,-1,PP,15.8489319246111,0.0575005804193978,0.0071573275307653,0.055221717947316
LEGACY_N1,8.5,-1,PP,16.7880401812256,0.0577502454116724,0.00749722337075459,0.055221717947316
LEGACY_N1,8.5,-1,PP,17.7827941003892,0.0580238533201644,0.00784371648681923,0.055221717947316
LEGACY_N1,8.5,-1,PP,18.836490894898,0.0583229375328141,0.00819530824696898,0.055221717947316
LEGACY_N1,8.5,-1,PP,19.9526231496888,0.0586489613481559,0.00855022855548385,0.055221717947316
LEGACY_N1,8.5,-1,PP,21.1348903983665,0.0590032746203761,0.00890642445489121,0.055221717947316
LEGACY_N1,8.5,-1,PP,22.3872113856834,0.0593870645912377,0.00926155531122894,0.055221717947316
LEGACY_N1,8.5,-1,PP,23.7137370566166,0.0598013017128617,0.00961299645707946,0.055221717947316
LEGACY_N1,8.5,-1,PP,25.1188643150958,0.0602466818132863,0.00995785316977782,0.055221717947316
LEGACY_N1,8.5,-1,PP,26.6072505979881,0.0607235665676715,0.010292986709486,0.055221717947316
LEGACY_N1,8.5,-1,PP,28.1838293126445,0.0612319248689455,0.0106150537948103,0.055221717947316
LEGACY_N1,8.5,-1,PP,29.8538261891796,0.0617712782803832,0.0109205603247402,0.055221717947316
LEGACY_N1,8.5,-1,PP,31.6227766016838,0.0623406542198876,0.0112059293575208,0.055221717947316
LEGACY_N1,8.5,-1,PP,33.4965439157828,0.0629385507820686,0.0114675823515409,0.055221717947316
LEGACY_N1,8.5,-1,PP,35.4813389233575,0.0635629170610552,0.0117020315186634,0.055221717947316
LEGACY_N1,8.5,-1,PP,37.5837404288444,0.0642111524223455,0.0119059799335132,0.055221717947316
LEGACY_N1,8.5,-1,PP,39.8107170553497,0.0648801273481633,0.0120764249138366,0.055221717947316
LEGACY_N1,8.5,-1,PP,42.1696503428582,0.0655662272605437,0.012210759288475,0.055221717947316
LEGACY_N1,8.5,-1,PP,44.6683592150963,0.0662654191835717,0.0123068646511161,0.055221717947316
LEGACY_N1,8.5,-1,PP,47.315125896148,0.0669733393762278,0.0123631906823782,0.055221717947316
LEGACY_N1,8.5,-1,PP,50.1187233627273,0.0676853983346965,0.0123788151777524,0.055221717947316
LEGACY_N1,8.5,-1,PP,53.0884444230988,0.0683968980365558,0.012353480536864,0.055221717947316
LEGACY_N1,8.5,-1,PP,56.2341325190349,0.0691031551782372,0.012287604059418,0.055221717947316
LEGACY_N1,8.5,-1,PP,59.566214352901,0.0697996235954931,0.0121822612888972,0.055221717947316
LEGACY_N1,8.5,-1,PP,63.0957344480193,0.0704820091336577,0.0120391436296203,0.055221717947316
LEGACY_N1,8.5,-1,PP,66.8343917568615,0.0711463709392632,0.0118604933041501,0.055221717947316
LEGACY_N1,8.5,-1,PP,70.7945784384138,0.0717892043780279,0.0116490202084359,0.055221717947316
LEGACY_N1,8.5,-1,PP,74.9894209332456,0.072407502378596,0.0114078062115104,0.055221717947316
LEGACY_N1,8.5,-1,PP,79.4328234724281,0.0729987937518885,0.0111402028637171,0.055221717947316
LEGACY_N1,8.5,-1,PP,84.1395141645195,0.0735611587366591,0.0108497283338973,0.055221717947316
LEGACY_N1,8.5,-1,PP,89.1250938133746,0.0740932234981362,0.0105399687747437,0.055221717947316
LEGACY_N1,8.5,-1,PP,94.4060876285924,0.0745941364370978,0.0102144883483339,0.055221717947316
LEGACY_N1,8.5,-1,PP,100,0.0750635298924597,0.00987675098359352,0.055221717947316
LEGACY_N1,8.5,-1,CF,0.1,0.0552219621823985,7.7760937308207e-05,0.055221717947316
LEGACY_N1,8.5,-1,CF,0.105925372517729,0.0552219919832559,8.2368463370968e-05,0.055221717947316
LEGACY_N1,8.5,-1,CF,0.112201845430196,0.0552220254202824,8.7248983827853e-05,0.055221717947316
LEGACY_N1,8.5,-1,CF,0.118850222743702,0.0552220629371357,9.24186710908586e-05,0.055221717947316
LEGACY_N1,8.5,-1,CF,0.125892541179417,0.0552221050316022,9.7894655183614e-05,0.055221717947316
LEGACY_N1,8.5,-1,CF,0.133352143216332,0.0552221522621999,0.000103695080358278,0.055221717947316
LEGACY_N1,8.5,-1,CF,0.141253754462275,0.0552222052555876,0.000109839165043612,0.055221717947316
LEGACY_N1,8.5,-1,CF,0.149623565609443,0.0552222647148765,0.000116347265317158,0.055221717947316
LEGACY_N1,8.5,-1,CF,0.158489319246111,0.055222331428956,0.000123240942105073,0.055221717947316
LEGACY_N1,8.5,-1,CF,0.167880401812256,0.0552224062829563,0.000130543032324203,0.055221717947316
LEGACY_N1,8.5,-1,CF,0.177827941003892,0.0552224902699871,0.000138277724192528,0.055221717947316
LEGACY_N1,8.5,-1,CF,0.18836490894898,0.0552225845043073,0.000146470636946122,0.055221717947316
LEGACY_N1,8.5,-1,CF,0.199526231496888,0.0552226902360995,0.000155148905213167,0.055221717947316
LEGACY_N1,8.5,-1,CF,0.211348903983665,0.0552228088680465,0.000164341268308476,0.055221717947316
LEGACY_N1,8.5,-1,CF,0.223872113856834,0.0552229419739268,0.000174078164725178,0.055221717947316
LEGACY_N1,8.5,-1,CF,0.237137370566166,0.055223091319477,0.00018439183211386,0.055221717947316
LEGACY_N1,8.5,-1,CF,0.251188643150958,0.0552232588857954,0.000195316413053292,0.055221717947316
LEGACY_N1,8.5,-1,CF,0.266072505979881,0.0552234468955965,0.000206888066930956,0.055221717947316
LEGACY_N1,8.5,-1,CF,0.281838293126445,0.0552236578426635,0.000219145088265742,0.055221717947316
LEGACY_N1,8.5,-1,CF,0.298538261891796,0.055223894524886,0.000232128031819284,0.055221717947316
LEGACY_N1,8.5,-1,CF,0.316227766016838,0.0552241600813198,0.000245879844856331,0.055221717947316
LEGACY_N1,8.5,-1,CF,0.334965439157828,0.055224458033757,0.000260446006927994,0.055221717947316
LEGACY_N1,8.5,-1,CF,0.354813389233576,0.0552247923333519,0.000275874677564532,0.055221717947316
LEGACY_N1,8.5,-1,CF,0.375837404288444,0.0552251674129182,0.000292216852276137,0.055221717947316
LEGACY_N1,8.5,-1,CF,0.398107170553497,0.0552255882455827,0.00030952652727058,0.055221717947316
LEGACY_N1,8.5,-1,CF,0.421696503428582,0.055226060410565,0.000327860873305154,0.055221717947316
LEGACY_N1,8.5,-1,CF,0.446683592150963,0.0552265901669461,0.000347280419096482,0.055221717947316
LEGACY_N1,8.5,-1,CF,0.473151258961481,0.0552271845363892,0.000367849244714762,0.055221717947316
LEGACY_N1,8.5,-1,CF,0.501187233627272,0.0552278513958936,0.000389635185388082,0.055221717947316
LEGACY_N1,8.5,-1,CF,0.530884444230988,0.0552285995817897,0.000412710046136564,0.055221717947316
LEGACY_N1,8.5,-1,CF,0.562341325190349,0.0552294390063279,0.000437149827644015,0.055221717947316
LEGACY_N1,8.5,-1,CF,0.59566214352901,0.0552303807883713,0.000463034963755162,0.055221717947316
LEGACY_N1,8.5,-1,CF,0.630957344480193,0.0552314373998846,0.000490450570957533,0.055221717947316
LEGACY_N1,8.5,-1,CF,0.668343917568615,0.0552326228301047,0.000519486710166754,0.055221717947316
LEGACY_N1,8.5,-1,CF,0.707945784384138,0.0552339527695027,0.000550238661079855,0.055221717947316
LEGACY_N1,8.5,-1,CF,0.749894209332456,0.0552354448158898,0.000582807209290288,0.055221717947316
LEGACY_N1,8.5,-1,CF,0.794328234724281,0.0552371187052903,0.000617298946267257,0.055221717947316
LEGACY_N1,8.5,-1,CF,0.841395141645195,0.0552389965705059,0.00065382658218661,0.055221717947316
LEGACY_N1,8.5,-1,CF,0.891250938133745,0.0552411032306261,0.000692509271455949,0.055221717947316
LEGACY_N1,8.5,-1,CF,0.944060876285923,0.0552434665151061,0.000733472950597181,0.055221717947316
LEGACY_N1,8.5,-1,CF,1,0.0552461176264337,0.000776850687928588,0.055221717947316
LEGACY_N1,8.5,-1,CF,1.05925372517729,0.0552490915458494,0.000822783044217676,0.055221717947316
LEGACY_N1,8.5,-1,CF,1.12201845430196,0.0552524274870638,0.000871418443146168,0.055221717947316
LEGACY_N1,8.5,-1,CF,1.18850222743702,0.055256169403442,0.00092291355002854,0.055221717947316
LEGACY_N1,8.5,-1,CF,1.25892541179417,0.0552603665546929,0.000977433656742567,0.055221717947316
LEGACY_N1,8.5,-1,CF,1.33352143216332,0.0552650741397139,0.00103515307024937,0.055221717947316
LEGACY_N1,8.5,-1,CF,1.41253754462275,0.0552703540028962,0.00109625550138394,0.055221717947316
LEGACY_N1,8.5,-1,CF,1.49623565609443,0.0552762754218966,0.0011609344497649,0.055221717947316
LEGACY_N1,8.5,-1,CF,1.58489319246111,0.0552829159856086,0.00122939357968044,0.055221717947316
LEGACY_N1,8.5,-1,CF,1.67880401812256,0.0552903625718341,0.00130184708063,0.055221717947316
LEGACY_N1,8.5,-1,CF,1.77827941003892,0.0552987124349284,0.00137852000480584,0.055221717947316
LEGACY_N1,8.5,-1,CF,1.8836490894898,0.0553080744144761,0.00145964857215242,0.055221717947316
LEGACY_N1,8.5,-1,CF,1.99526231496888,0.0553185702768087,0.00154548043170268,0.055221717947316
LEGACY_N1,8.5,-1,CF,2.11348903983665,0.0553303362018782,0.00163627486561659,0.055221717947316
LEGACY_N1,8.5,-1,CF,2.23872113856834,0.0553435244286151,0.00173230291968916,0.055221717947316
LEGACY_N1,8.5,-1,CF,2.37137370566166,0.0553583050723571,0.00183384744099938,0.055221717947316
LEGACY_N1,8.5,-1,CF,2.51188643150958,0.0553748681281857,0.00194120299978246,0.055221717947316
LEGACY_N1,8.5,-1,CF,2.66072505979881,0.0553934256739474,0.00205467566846483,0.055221717947316
LEGACY_N1,8.5,-1,CF,2.81838293126445,0.0554142142862667,0.00217458262604684,0.055221717947316
LEGACY_N1,8.5,-1,CF,2.98538261891796,0.0554374976818258,0.00230125155059331,0.055221717947316
LEGACY_N1,8.5,-1,CF,3.16227766016838,0.055463569594433,0.00243501975644858,0.055221717947316
LEGACY_N1,8.5,-1,CF,3.34965439157828,0.0554927568957038,0.00257623302589341,0.055221717947316
LEGACY_N1,8.5,-1,CF,3.54813389233576,0.0555254229632827,0.00272524407729105,0.055221717947316
LEGACY_N1,8.5,-1,CF,3.75837404288444,0.0555619712951351,0.0028824106033485,0.055221717947316
LEGACY_N1,8.5,-1,CF,3.98107170553497,0.0556028493611572,0.00304809280401429,0.055221717947316
LEGACY_N1,8.5,-1,CF,4.21696503428582,0.0556485526737793,0.00322265032888161,0.055221717947316
LEGACY_N1,8.5,-1,CF,4.46683592150963,0.0556996290468616,0.00340643853399731,0.055221717947316
LEGACY_N1,8.5,-1,CF,4.73151258961481,0.0557566829964713,0.00359980394804782,0.055221717947316
LEGACY_N1,8.5,-1,CF,5.01187233627272,0.0558203802174732,0.00380307883352332,0.055221717947316
LEGACY_N1,8.5,-1,CF,5.30884444230988,0.0558914520456414,0.00401657472037841,0.055221717947316
LEGACY_N1,8.5,-1,CF,5.62341325190349,0.0559706997855827,0.00424057478390111,0.055221717947316
LEGACY_N1,8.5,-1,CF,5.9566214352901,0.0560589987495989,0.00447532493627481,0.055221717947316
LEGACY_N1,8.5,-1,CF,6.30957344480193,0.0561573018112764,0.00472102350434677,0.055221717947316
LEGACY_N1,8.5,-1,CF,6.68343917568615,0.0562666422299332,0.00497780937650058,0.055221717947316
LEGACY_N1,8.5,-1,CF,7.07945784384138,0.0563881354483032,0.00524574852182255,0.055221717947316
LEGACY_N1,8.5,-1,CF,7.49894209332456,0.0565229795068715,0.00552481881796839,0.055221717947316
LEGACY_N1,8.5,-1,CF,7.94328234724281,0.0566724536557791,0.00581489317369906,0.055221717947316
LEGACY_N1,8.5,-1,CF,8.41395141645195,0.0568379146820678,0.00611572100166623,0.055221717947316
LEGACY_N1,8.5,-1,CF,8.91250938133745,0.0570207904105267,0.00642690819042747,0.055221717947316
LEGACY_N1,8.5,-1,CF,9.44060876285924,0.0572225697866505,0.00674789584523944,0.055221717947316
LEGACY_N1,8.5,-1,CF,10,0.0574447889183735,0.00707793821735178,0.055221717947316
LEGACY_N1,8.5,-1,CF,10.5925372517729,0.0576890124496729,0.00741608042200028,0.055221717947316
LEGACY_N1,8.5,-1,CF,11.2201845430196,0.057956809676316,0.00776113675399756,0.055221717947316
LEGACY_N1,8.5,-1,CF,11.8850222743702,0.0582497249061149,0.00811167064068118,0.055221717947316
LEGACY_N1,8.5,-1,CF,12.5892541179417,0.0585692417278747,0.00846597751363875,0.055221717947316
LEGACY_N1,8.5,-1,CF,13.3352143216332,0.0589167410986517,0.00882207211521022,0.055221717947316
LEGACY_N1,8.5,-1,CF,14.1253754462275,0.0592934534984273,0.0091776819580387,0.055221717947316
LEGACY_N1,8.5,-1,CF,14.9623565609443,0.0597004058387041,0.00953024879327974,0.055221717947316
LEGACY_N1,8.5,-1,CF,15.8489319246111,0.0601383643402803,0.00987693997668461,0.055221717947316
LEGACY_N1,8.5,-1,CF,16.7880401812256,0.0606077751946555,0.0102146715096536,0.055221717947316
LEGACY_N1,8.5,-1,CF,17.7827941003892,0.0611087054546336,0.0105401442344043,0.055221717947316
LEGACY_N1,8.5,-1,CF,18.836490894898,0.0616407872049834,0.0108498941476261,0.055221717947316
LEGACY_N1,8.5,-1,CF,19.9526231496888,0.0622031685679062,0.0111403570523701,0.055221717947316
LEGACY_N1,8.5,-1,CF,21.1348903983665,0.0627944754126147,0.0114079468076783,0.055221717947316
LEGACY_N1,8.5,-1,CF,22.3872113856834,0.063412787673497,0.0116491453087836,0.055221717947316
LEGACY_N1,8.5,-1,CF,23.7137370566166,0.0640556338596637,0.0118606011254643,0.055221717947316
LEGACY_N1,8.5,-1,CF,25.1188643150958,0.0647200066127062,0.0120392325659403,0.055221717947316
LEGACY_N1,8.5,-1,CF,26.6072505979881,0.0654024010388235,0.0121823299666526,0.055221717947316
LEGACY_N1,8.5,-1,CF,28.1838293126445,0.0660988760650199,0.0122876513872745,0.055221717947316
LEGACY_N1,8.5,-1,CF,29.8538261891796,0.0668051373682638,0.0123535057470506,0.055221717947316
LEGACY_N1,8.5,-1,CF,31.6227766016838,0.0675166386760463,0.0123788178560343,0.055221717947316
LEGACY_N1,8.5,-1,CF,33.4965439157828,0.0682286966425578,0.0123631707845319,0.055221717947316
LEGACY_N1,8.5,-1,CF,35.4813389233575,0.0689366132714986,0.0123068225047013,0.055221717947316
LEGACY_N1,8.5,-1,CF,37.5837404288444,0.0696357991520874,0.0122106955797706,0.055221717947316
LEGACY_N1,8.5,-1,CF,39.8107170553497,0.0703218906981432,0.0120763406609025,0.055221717947316
LEGACY_N1,8.5,-1,CF,42.1696503428582,0.0709908551421034,0.0119058764473176,0.055221717947316
LEGACY_N1,8.5,-1,CF,44.6683592150963,0.0716390781571454,0.0117019103549709,0.055221717947316
LEGACY_N1,8.5,-1,CF,47.315125896148,0.0722634305071835,0.0114674452567283,0.055221717947316
LEGACY_N1,8.5,-1,CF,50.1187233627273,0.0728613118571688,0.0112057782116276,0.055221717947316
LEGACY_N1,8.5,-1,CF,53.0884444230988,0.0734306716060342,0.0109203970849073,0.055221717947316
LEGACY_N1,8.5,-1,CF,56.2341325190349,0.0739700081472786,0.0106148804418554,0.055221717947316
LEGACY_N1,8.5,-1,CF,59.566214352901,0.0744783491822241,0.0102928051997917,0.055221717947316
LEGACY_N1,8.5,-1,CF,63.0957344480193,0.0749552165345942,0.00995766539401056,0.055221717947316
LEGACY_N1,8.5,-1,CF,66.8343917568615,0.0754005793294662,0.00961280420659698,0.055221717947316
LEGACY_N1,8.5,-1,CF,70.7945784384138,0.0758147994426284,0.00926136025242915,0.055221717947316
LEGACY_N1,8.5,-1,CF,74.9894209332456,0.0761985728699038,0.00890622811125661,0.055221717947316
LEGACY_N1,8.5,-1,CF,79.4328234724281,0.0765528701986313,0.00855003229669722,0.055221717947316
LEGACY_N1,8.5,-1,CF,84.1395141645195,0.0768788787747591,0.00819511328422546,0.055221717947316
LEGACY_N1,8.5,-1,CF,89.1250938133746,0.0771779485280693,0.00784352387332554,0.055221717947316
LEGACY_N1,8.5,-1,CF,94.4060876285924,0.0774515428071329,0.00749703400636856,0.055221717947316
LEGACY_N1,8.5,-1,CF,100,0.0777011950277059,0.00715714216976571,0.055221717947316
LEGACY_N1,8.5,0,PP,0.1,0.0552218158424768,4.79621411392449e-05,0.055221717947316
LEGACY_N1,8.5,0,PP,0.105925372517729,0.0552218277874371,5.08040508438052e-05,0.055221717947316
LEGACY_N1,8.5,0,PP,0.112201845430196,0.0552218411898886,5.38143494168624e-05,0.055221717947316
LEGACY_N1,8.5,0,PP,0.118850222743702,0.0552218562276684,5.70030136085135e-05,0.055221717947316
LEGACY_N1,8.5,0,PP,0.125892541179417,0.0552218731003118,6.03806111554907e-05,0.055221717947316
LEGACY_N1,8.5,0,PP,0.133352143216332,0.0552218920317003,6.39583357667163e-05,0.055221717947316
LEGACY_N1,8.5,0,PP,0.141253754462275,0.0552219132730312,6.77480441757363e-05,0.055221717947316
LEGACY_N1,8.5,0,PP,0.149623565609443,0.0552219371061508,7.17622953813449e-05,0.055221717947316
LEGACY_N1,8.5,0,PP,0.158489319246111,0.0552219638472932,7.60143922046821e-05,0.055221717947316
LEGACY_N1,8.5,0,PP,0.167880401812256,0.055221993851276,8.05184252984269e-05,0.055221717947316
LEGACY_N1,8.5,0,PP,0.177827941003892,0.0552220275162073,8.52893197514377e-05,0.055221717947316
LEGACY_N1,8.5,0,PP,0.18836490894898,0.0552220652887665,9.03428844403208e-05,0.055221717947316
LEGACY_N1,8.5,0,PP,0.199526231496888,0.0552221076701305,9.5695864287943e-05,0.055221717947316
LEGACY_N1,8.5,0,PP,0.211348903983665,0.055222155222621,0.000101365995597876,0.055221717947316
LEGACY_N1,8.5,0,PP,0.223872113856834,0.0552222085771638,0.000107372064643152,0.055221717947316
LEGACY_N1,8.5,0,PP,0.237137370566166,0.055222268441657,0.000113733969697546,0.055221717947316
LEGACY_N1,8.5,0,PP,0.251188643150958,0.05522233561036,0.000120472786707907,0.055221717947316
LEGACY_N1,8.5,0,PP,0.266072505979881,0.0552224109744271,0.000127610838816746,0.055221717947316
LEGACY_N1,8.5,0,PP,0.281838293126445,0.0552224955337258,0.000135171769955513,0.055221717947316
LEGACY_N1,8.5,0,PP,0.298538261891796,0.0552225904100948,0.00014318062274056,0.055221717947316
LEGACY_N1,8.5,0,PP,0.316227766016838,0.0552226968622197,0.000151663920915814,0.055221717947316
LEGACY_N1,8.5,0,PP,0.334965439157828,0.05522281630232,0.000160649756598592,0.055221717947316
LEGACY_N1,8.5,0,PP,0.354813389233576,0.0552229503148712,0.000170167882597735,0.055221717947316
LEGACY_N1,8.5,0,PP,0.375837404288444,0.055223100677607,0.000180249810086275,0.055221717947316
LEGACY_N1,8.5,0,PP,0.398107170553497,0.0552232693850805,0.000190928911924144,0.055221717947316
LEGACY_N1,8.5,0,PP,0.421696503428582,0.0552234586750951,0.000202240531939807,0.055221717947316
LEGACY_N1,8.5,0,PP,0.446683592150963,0.0552236710583539,0.000214222100493171,0.055221717947316
LEGACY_N1,8.5,0,PP,0.473151258961481,0.0552239093517191,0.000226913256655414,0.055221717947316
LEGACY_N1,8.5,0,PP,0.501187233627272,0.0552241767155184,0.00024035597735439,0.055221717947316
LEGACY_N1,8.5,0,PP,0.530884444230988,0.0552244766953916,0.000254594713846777,0.055221717947316
LEGACY_N1,8.5,0,PP,0.562341325190349,0.0552248132692266,0.000269676535889828,0.055221717947316
LEGACY_N1,8.5,0,PP,0.59566214352901,0.0552251908998014,0.00028565128399616,0.055221717947316
LEGACY_N1,8.5,0,PP,0.630957344480193,0.0552256145938242,0.000302571730164068,0.055221717947316
LEGACY_N1,8.5,0,PP,0.668343917568615,0.0552260899681453,0.000320493747482857,0.055221717947316
LEGACY_N1,8.5,0,PP,0.707945784384138,0.0552266233240056,0.000339476489017094,0.055221717947316
LEGACY_N1,8.5,0,PP,0.749894209332456,0.0552272217302956,0.00035958257637471,0.055221717947316
LEGACY_N1,8.5,0,PP,0.794328234724281,0.0552278931169066,0.000380878298360722,0.055221717947316
LEGACY_N1,8.5,0,PP,0.841395141645195,0.0552286463793921,0.000403433820109907,0.055221717947316
LEGACY_N1,8.5,0,PP,0.891250938133745,0.0552294914962972,0.000427323403076821,0.055221717947316
LEGACY_N1,8.5,0,PP,0.944060876285923,0.0552304396606746,0.000452625636238589,0.055221717947316
LEGACY_N1,8.5,0,PP,1,0.0552315034274861,0.000479423678833151,0.055221717947316
LEGACY_N1,8.5,0,PP,1.05925372517729,0.0552326968787848,0.000507805514910942,0.055221717947316
LEGACY_N1,8.5,0,PP,1.12201845430196,0.0552340358087964,0.000537864219918825,0.055221717947316
LEGACY_N1,8.5,0,PP,1.18850222743702,0.0552355379312585,0.000569698239458421,0.055221717947316
LEGACY_N1,8.5,0,PP,1.25892541179417,0.0552372231116539,0.000603411680263248,0.055221717947316
LEGACY_N1,8.5,0,PP,1.33352143216332,0.0552391136272677,0.000639114613315986,0.055221717947316
LEGACY_N1,8.5,0,PP,1.41253754462275,0.0552412344583318,0.00067692338887375,0.055221717947316
LEGACY_N1,8.5,0,PP,1.49623565609443,0.055243613613886,0.000716960962979527,0.055221717947316
LEGACY_N1,8.5,0,PP,1.58489319246111,0.0552462824963807,0.000759357234804879,0.055221717947316
LEGACY_N1,8.5,0,PP,1.67880401812256,0.0552492763094885,0.000804249393884479,0.055221717947316
LEGACY_N1,8.5,0,PP,1.77827941003892,0.0552526345140671,0.0008517822759572,0.055221717947316
LEGACY_N1,8.5,0,PP,1.8836490894898,0.0552564013377366,0.000902108725710207,0.055221717947316
LEGACY_N1,8.5,0,PP,1.99526231496888,0.0552606263440937,0.000955389964218314,0.055221717947316
LEGACY_N1,8.5,0,PP,2.11348903983665,0.0552653650681898,0.00101179595826551,0.055221717947316
LEGACY_N1,8.5,0,PP,2.23872113856834,0.0552706797255412,0.00107150578801103,0.055221717947316
LEGACY_N1,8.5,0,PP,2.37137370566166,0.0552766400026211,0.00113470800859778,0.055221717947316
LEGACY_N1,8.5,0,PP,2.51188643150958,0.0552833239374921,0.00120160100027278,0.055221717947316
LEGACY_N1,8.5,0,PP,2.66072505979881,0.055290818899972,0.00127239330036952,0.055221717947316
LEGACY_N1,8.5,0,PP,2.81838293126445,0.0552992226814645,0.0013473039090603,0.055221717947316
LEGACY_N1,8.5,0,PP,2.98538261891796,0.0553086447053218,0.00142656255908633,0.055221717947316
LEGACY_N1,8.5,0,PP,3.16227766016838,0.0553192073692993,0.0015104099376764,0.055221717947316
LEGACY_N1,8.5,0,PP,3.34965439157828,0.0553310475322928,0.00159909784652524,0.055221717947316
LEGACY_N1,8.5,0,PP,3.54813389233576,0.0553443181580617,0.00169288928297383,0.055221717947316
LEGACY_N1,8.5,0,PP,3.75837404288444,0.0553591901289862,0.00179205842236235,0.055221717947316
LEGACY_N1,8.5,0,PP,3.98107170553497,0.0553758542430057,0.00189689047785784,0.055221717947316
LEGACY_N1,8.5,0,PP,4.21696503428582,0.0553945234066393,0.00200768140983567,0.055221717947316
LEGACY_N1,8.5,0,PP,4.46683592150963,0.0554154350362955,0.00212473745206173,0.055221717947316
LEGACY_N1,8.5,0,PP,4.73151258961481,0.0554388536787625,0.00224837441642942,0.055221717947316
LEGACY_N1,8.5,0,PP,5.01187233627272,0.0554650738596827,0.0023789167318095,0.055221717947316
LEGACY_N1,8.5,0,PP,5.30884444230988,0.055494423165698,0.00251669616564827,0.055221717947316
LEGACY_N1,8.5,0,PP,5.62341325190349,0.0555272655615675,0.00266205016929915,0.055221717947316
LEGACY_N1,8.5,0,PP,5.9566214352901,0.0555640049375666,0.0028153197797359,0.055221717947316
LEGACY_N1,8.5,0,PP,6.30957344480193,0.0556050888745022,0.00297684700136659,0.055221717947316
LEGACY_N1,8.5,0,PP,6.68343917568615,0.0556510126032939,0.00314697158231838,0.055221717947316
LEGACY_N1,8.5,0,PP,7.07945784384138,0.0557023231227689,0.00332602709007,0.055221717947316
LEGACY_N1,8.5,0,PP,7.49894209332456,0.0557596234225638,0.00351433618208379,0.055221717947316
LEGACY_N1,8.5,0,PP,7.94328234724281,0.0558235767372166,0.00371220495872177,0.055221717947316
LEGACY_N1,8.5,0,PP,8.41395141645195,0.0558949107320926,0.00391991627903124,0.055221717947316
LEGACY_N1,8.5,0,PP,8.91250938133745,0.0559744214911264,0.00413772191604032,0.055221717947316
LEGACY_N1,8.5,0,PP,9.44060876285924,0.0560629771400228,0.00436583342842449,0.055221717947316
LEGACY_N1,8.5,0,PP,10,0.0561615208962478,0.00460441163158289,0.055221717947316
LEGACY_N1,8.5,0,PP,10.5925372517729,0.0562710732888825,0.00485355456550915,0.055221717947316
LEGACY_N1,8.5,0,PP,11.2201845430196,0.0563927332377132,0.00511328388200574,0.055221717947316
LEGACY_N1,8.5,0,PP,11.8850222743702,0.0565276776229853,0.00538352961284395,0.055221717947316
LEGACY_N1,8.5,0,PP,12.5892541179417,0.056677158917196,0.0056641133368191,0.055221717947316
LEGACY_N1,8.5,0,PP,13.3352143216332,0.0568425003915259,0.00595472984086131,0.055221717947316
LEGACY_N1,8.5,0,PP,14.1253754462275,0.0570250883569367,0.00625492747186879,0.055221717947316
LEGACY_N1,8.5,0,PP,14.9623565609443,0.0572263608603527,0.00656408750456316,0.055221717947316
LEGACY_N1,8.5,0,PP,15.8489319246111,0.0574477922385205,0.00688140300800061,0.055221717947316
LEGACY_N1,8.5,0,PP,16.7880401812256,0.0576908729469793,0.00720585787885343,0.055221717947316
LEGACY_N1,8.5,0,PP,17.7827941003892,0.0579570841418391,0.00753620691944558,0.055221717947316
LEGACY_N1,8.5,0,PP,18.836490894898,0.0582478666116432,0.00787095806460635,0.055221717947316
LEGACY_N1,8.5,0,PP,19.9526231496888,0.0585645838493626,0.0082083580898717,0.055221717947316
LEGACY_N1,8.5,0,PP,21.1348903983665,0.0589084793323474,0.00854638334393048,0.055221717947316
LEGACY_N1,8.5,0,PP,22.3872113856834,0.0592806284479933,0.00888273721287964,0.055221717947316
LEGACY_N1,8.5,0,PP,23.7137370566166,0.0596818859640231,0.00921485610860993,0.055221717947316
LEGACY_N1,8.5,0,PP,25.1188643150958,0.0601128304818734,0.00953992573963976,0.055221717947316
LEGACY_N1,8.5,0,PP,26.6072505979881,0.060573707901623,0.00985490923027535,0.055221717947316
LEGACY_N1,8.5,0,PP,28.1838293126445,0.0610643765213162,0.0101565882684983,0.055221717947316
LEGACY_N1,8.5,0,PP,29.8538261891796,0.0615842569285662,0.0104416178626834,0.055221717947316
LEGACY_N1,8.5,0,PP,31.6227766016838,0.0621322902392804,0.0107065944719669,0.055221717947316
LEGACY_N1,8.5,0,PP,33.4965439157828,0.0627069084112557,0.0109481362746012,0.055221717947316
LEGACY_N1,8.5,0,PP,35.4813389233575,0.0633060202279341,0.0111629732183528,0.055221717947316
LEGACY_N1,8.5,0,PP,37.5837404288444,0.0639270160487524,0.0113480433585329,0.055221717947316
LEGACY_N1,8.5,0,PP,39.8107170553497,0.064566793533272,0.011500590963699,0.055221717947316
LEGACY_N1,8.5,0,PP,42.1696503428582,0.065221805294116,0.0116182611021216,0.055221717947316
LEGACY_N1,8.5,0,PP,44.6683592150963,0.0658881279053154,0.0116991850518736,0.055221717947316
LEGACY_N1,8.5,0,PP,47.315125896148,0.0665615500310456,0.0117420510082885,0.055221717947316
LEGACY_N1,8.5,0,PP,50.1187233627273,0.0672376758292337,0.011746155240699,0.055221717947316
LEGACY_N1,8.5,0,PP,53.0884444230988,0.0679120384242183,0.0117114300469082,0.055221717947316
LEGACY_N1,8.5,0,PP,56.2341325190349,0.068580217313085,0.0116384464612337,0.055221717947316
LEGACY_N1,8.5,0,PP,59.566214352901,0.0692379532004134,0.0115283915163104,0.055221717947316
LEGACY_N1,8.5,0,PP,63.0957344480193,0.0698812539983993,0.0113830217266053,0.055221717947316
LEGACY_N1,8.5,0,PP,66.8343917568615,0.0705064865492481,0.0112045961352655,0.055221717947316
LEGACY_N1,8.5,0,PP,70.7945784384138,0.0711104499099122,0.0109957935606197,0.055221717947316
LEGACY_N1,8.5,0,PP,74.9894209332456,0.071690427613427,0.0107596194712808,0.055221717947316
LEGACY_N1,8.5,0,PP,79.4328234724281,0.0722442179882357,0.0104993081636619,0.055221717947316
LEGACY_N1,8.5,0,PP,84.1395141645195,0.0727701431870263,0.0102182256441352,0.055221717947316
LEGACY_N1,8.5,0,PP,89.1250938133746,0.0732670388962814,0.0099197779240597,0.055221717947316
LEGACY_N1,8.5,0,PP,94.4060876285924,0.0737342276677757,0.00960732845266927,0.055221717947316
LEGACY_N1,8.5,0,PP,100,0.0741714793940316,0.00928412728648612,0.055221717947316
LEGACY_N1,8.5,0,CF,0.1,0.0552219572333114,7.49851535181514e-05,0.055221717947316
LEGACY_N1,8.5,0,CF,0.105925372517729,0.055221986430285,7.94282045055735e-05,0.055221717947316
LEGACY_N1,8.5,0,CF,0.112201845430196,0.0552220191897419,8.41345042118909e-05,0.055221717947316
LEGACY_N1,8.5,0,CF,0.118850222743702,0.0552220559463484,8.91196475976933e-05,0.055221717947316
LEGACY_N1,8.5,0,CF,0.125892541179417,0.0552220971878023,9.44001530221016e-05,0.055221717947316
LEGACY_N1,8.5,0,CF,0.133352143216332,0.0552221434613023,9.99935168329866e-05,0.055221717947316
LEGACY_N1,8.5,0,CF,0.141253754462275,0.0552221953808063,0.000105918271168381,0.055221717947316
LEGACY_N1,8.5,0,CF,0.149623565609443,0.0552222536351747,0.000112194045154934,0.055221717947316
LEGACY_N1,8.5,0,CF,0.158489319246111,0.0552223189973073,0.00011884162969944,0.055221717947316
LEGACY_N1,8.5,0,CF,0.167880401812256,0.0552223923343934,0.000125883046080093,0.055221717947316
LEGACY_N1,8.5,0,CF,0.177827941003892,0.0552224746194125,0.000133341618555184,0.055221717947316
LEGACY_N1,8.5,0,CF,0.18836490894898,0.0552225669440363,0.00014124205121848,0.055221717947316
LEGACY_N1,8.5,0,CF,0.199526231496888,0.0552226705331043,0.000149610509342407,0.055221717947316
LEGACY_N1,8.5,0,CF,0.211348903983665,0.055222786760863,0.000158474705462509,0.055221717947316
LEGACY_N1,8.5,0,CF,0.223872113856834,0.0552229171691843,0.000167863990469308,0.055221717947316
LEGACY_N1,8.5,0,CF,0.237137370566166,0.0552230634880041,0.00017780944998667,0.055221717947316
LEGACY_N1,8.5,0,CF,0.251188643150958,0.0552232276582509,0.000188344006329016,0.055221717947316
LEGACY_N1,8.5,0,CF,0.266072505979881,0.0552234118575664,0.000199502526343098,0.055221717947316
LEGACY_N1,8.5,0,CF,0.281838293126445,0.0552236185291596,0.000211321935453493,0.055221717947316
LEGACY_N1,8.5,0,CF,0.298538261891796,0.0552238504141731,0.000223841338244336,0.055221717947316
LEGACY_N1,8.5,0,CF,0.316227766016838,0.0552241105879888,0.000237102145922914,0.055221717947316
LEGACY_N1,8.5,0,CF,0.334965439157828,0.0552244025009522,0.000251148211023365,0.055221717947316
LEGACY_N1,8.5,0,CF,0.354813389233576,0.0552247300240493,0.000266025969720687,0.055221717947316
LEGACY_N1,8.5,0,CF,0.375837404288444,0.0552250975001383,0.00028178459213608,0.055221717947316
LEGACY_N1,8.5,0,CF,0.398107170553497,0.0552255098014075,0.000298476141024154,0.055221717947316
LEGACY_N1,8.5,0,CF,0.421696503428582,0.0552259723938138,0.000316155739240036,0.055221717947316
LEGACY_N1,8.5,0,CF,0.446683592150963,0.0552264914093451,0.000334881746389509,0.055221717947316
LEGACY_N1,8.5,0,CF,0.473151258961481,0.0552270737270506,0.000354715945067218,0.055221717947316
LEGACY_N1,8.5,0,CF,0.501187233627272,0.0552277270638982,0.00037572373708589,0.055221717947316
LEGACY_N1,8.5,0,CF,0.530884444230988,0.0552284600766396,0.000397974350092443,0.055221717947316
LEGACY_N1,8.5,0,CF,0.562341325190349,0.0552292824760086,0.000421541054953578,0.055221717947316
LEGACY_N1,8.5,0,CF,0.59566214352901,0.0552302051547311,0.000446501394272521,0.055221717947316
LEGACY_N1,8.5,0,CF,0.630957344480193,0.0552312403310005,0.000472937422368367,0.055221717947316
LEGACY_N1,8.5,0,CF,0.668343917568615,0.0552324017092669,0.000500935957007782,0.055221717947316
LEGACY_N1,8.5,0,CF,0.707945784384138,0.0552337046604008,0.000530588843123354,0.055221717947316
LEGACY_N1,8.5,0,CF,0.749894209332456,0.0552351664235351,0.000561993228680673,0.055221717947316
LEGACY_N1,8.5,0,CF,0.794328234724281,0.0552368063321484,0.000595251852763791,0.055221717947316
LEGACY_N1,8.5,0,CF,0.841395141645195,0.0552386460672512,0.000630473345832092,0.055221717947316
LEGACY_N1,8.5,0,CF,0.891250938133745,0.0552407099408542,0.000667772541955837,0.055221717947316
LEGACY_N1,8.5,0,CF,0.944060876285923,0.0552430252132594,0.00070727080265708,0.055221717947316
LEGACY_N1,8.5,0,CF,1,0.0552456224481007,0.000749096351760619,0.055221717947316
LEGACY_N1,8.5,0,CF,1.05925372517729,0.0552485359094947,0.000793384620388035,0.055221717947316
LEGACY_N1,8.5,0,CF,1.12201845430196,0.0552518040061263,0.000840278600897584,0.055221717947316
LEGACY_N1,8.5,0,CF,1.18850222743702,0.0552554697876059,0.000889929208172668,0.055221717947316
LEGACY_N1,8.5,0,CF,1.25892541179417,0.0552595814989843,0.000942495646179068,0.055221717947316
LEGACY_N1,8.5,0,CF,1.33352143216332,0.0552641931999055,0.000998145777131295,0.055221717947316
LEGACY_N1,8.5,0,CF,1.41253754462275,0.0552693654555101,0.00105705648991382,0.055221717947316
LEGACY_N1,8.5,0,CF,1.49623565609443,0.0552751661068747,0.00111941406357362,0.055221717947316
LEGACY_N1,8.5,0,CF,1.58489319246111,0.0552816711294755,0.0011854145207134,0.055221717947316
LEGACY_N1,8.5,0,CF,1.67880401812256,0.0552889655888935,0.00125526396444312,0.055221717947316
LEGACY_N1,8.5,0,CF,1.77827941003892,0.0552971447037191,0.00132917889116126,0.055221717947316
LEGACY_N1,8.5,0,CF,1.8836490894898,0.0553063150263497,0.00140738646980169,0.055221717947316
LEGACY_N1,8.5,0,CF,1.99526231496888,0.0553165957530818,0.00149012477625901,0.055221717947316
LEGACY_N1,8.5,0,CF,2.11348903983665,0.055328120175547,0.00157764296945082,0.055221717947316
LEGACY_N1,8.5,0,CF,2.23872113856834,0.0553410372860869,0.0016702013928437,0.055221717947316
LEGACY_N1,8.5,0,CF,2.37137370566166,0.0553555135500528,0.00176807158220734,0.055221717947316
LEGACY_N1,8.5,0,CF,2.51188643150958,0.0553717348581799,0.00187153615681565,0.055221717947316
LEGACY_N1,8.5,0,CF,2.66072505979881,0.0553899086720334,0.00198088856722725,0.055221717947316
LEGACY_N1,8.5,0,CF,2.81838293126445,0.0554102663749436,0.00209643266809456,0.055221717947316
LEGACY_N1,8.5,0,CF,2.98538261891796,0.0554330658397018,0.00221848207911831,0.055221717947316
LEGACY_N1,8.5,0,CF,3.16227766016838,0.0554585942223921,0.00234735929123847,0.055221717947316
LEGACY_N1,8.5,0,CF,3.34965439157828,0.0554871709888924,0.00248339446840242,0.055221717947316
LEGACY_N1,8.5,0,CF,3.54813389233576,0.0555191511765165,0.00262692388777178,0.055221717947316
LEGACY_N1,8.5,0,CF,3.75837404288444,0.0555549288876868,0.00277828795304861,0.055221717947316
LEGACY_N1,8.5,0,CF,3.98107170553497,0.0555949410050644,0.00293782870680061,0.055221717947316
LEGACY_N1,8.5,0,CF,4.21696503428582,0.0556396711077891,0.00310588675839471,0.055221717947316
LEGACY_N1,8.5,0,CF,4.46683592150963,0.055689653555918,0.00328279753465793,0.055221717947316
LEGACY_N1,8.5,0,CF,4.73151258961481,0.0557454776942679,0.00346888675104992,0.055221717947316
LEGACY_N1,8.5,0,CF,5.01187233627272,0.0558077921070697,0.00366446499249662,0.055221717947316
LEGACY_N1,8.5,0,CF,5.30884444230988,0.0558773088305554,0.00386982128585385,0.055221717947316
LEGACY_N1,8.5,0,CF,5.62341325190349,0.0559548074012178,0.00408521554125723,0.055221717947316
LEGACY_N1,8.5,0,CF,5.9566214352901,0.0560411385825265,0.0043108697387026,0.055221717947316
LEGACY_N1,8.5,0,CF,6.30957344480193,0.0561372275719955,0.0045469577407839,0.055221717947316
LEGACY_N1,8.5,0,CF,6.68343917568615,0.0562440764436252,0.00479359362470391,0.055221717947316
LEGACY_N1,8.5,0,CF,7.07945784384138,0.0563627655282505,0.00505081844901327,0.055221717947316
LEGACY_N1,8.5,0,CF,7.49894209332456,0.0564944533772343,0.00531858540599913,0.055221717947316
LEGACY_N1,8.5,0,CF,7.94328234724281,0.0566403748951371,0.00559674336257647,0.055221717947316
LEGACY_N1,8.5,0,CF,8.41395141645195,0.0568018371675346,0.0058850188644835,0.055221717947316
LEGACY_N1,8.5,0,CF,8.91250938133745,0.0569802124555706,0.00618299677404727,0.055221717947316
LEGACY_N1,8.5,0,CF,9.44060876285924,0.0571769277854436,0.00649009983379278,0.055221717947316
LEGACY_N1,8.5,0,CF,10,0.0573934505371233,0.00680556759866,0.055221717947316
LEGACY_N1,8.5,0,CF,10.5925372517729,0.057631269442617,0.00712843535860917,0.055221717947316
LEGACY_N1,8.5,0,CF,11.2201845430196,0.0578918704523738,0.00745751387804179,0.055221717947316
LEGACY_N1,8.5,0,CF,11.8850222743702,0.0581767070326744,0.00779137100172573,0.055221717947316
LEGACY_N1,8.5,0,CF,12.5892541179417,0.0584871646310999,0.00812831640640349,0.055221717947316
LEGACY_N1,8.5,0,CF,13.3352143216332,0.0588245193039541,0.00846639099414538,0.055221717947316
LEGACY_N1,8.5,0,CF,14.1253754462275,0.059189890847344,0.00880336260186467,0.055221717947316
LEGACY_N1,8.5,0,CF,14.9623565609443,0.059584191213813,0.00913672980847986,0.055221717947316
LEGACY_N1,8.5,0,CF,15.8489319246111,0.060008069519352,0.00946373561896739,0.055221717947316
LEGACY_N1,8.5,0,CF,16.7880401812256,0.0604618555270923,0.00978139265306159,0.055221717947316
LEGACY_N1,8.5,0,CF,17.7827941003892,0.0609455040924672,0.0100865211291851,0.055221717947316
LEGACY_N1,8.5,0,CF,18.836490894898,0.0614585436103734,0.0103758003857371,0.055221717947316
LEGACY_N1,8.5,0,CF,19.9526231496888,0.0620000319421821,0.0106458339160425,0.055221717947316
LEGACY_N1,8.5,0,CF,21.1348903983665,0.0625685235341748,0.0108932269321155,0.055221717947316
LEGACY_N1,8.5,0,CF,22.3872113856834,0.0631620513853875,0.0111146743725949,0.055221717947316
LEGACY_N1,8.5,0,CF,23.7137370566166,0.0637781271145818,0.0113070561251187,0.055221717947316
LEGACY_N1,8.5,0,CF,25.1188643150958,0.0644137615788908,0.0114675351681694,0.055221717947316
LEGACY_N1,8.5,0,CF,26.6072505979881,0.0650655073248924,0.0115936534960554,0.055221717947316
LEGACY_N1,8.5,0,CF,28.1838293126445,0.0657295226788858,0.0116834202153784,0.055221717947316
LEGACY_N1,8.5,0,CF,29.8538261891796,0.0664016556375809,0.0117353862068506,0.055221717947316
LEGACY_N1,8.5,0,CF,31.6227766016838,0.067077544079853,0.011748700294526,0.055221717947316
LEGACY_N1,8.5,0,CF,33.4965439157828,0.0677527273830757,0.0117231429451569,0.055221717947316
LEGACY_N1,8.5,0,CF,35.4813389233575,0.0684227634819144,0.011659135044062,0.055221717947316
LEGACY_N1,8.5,0,CF,37.5837404288444,0.0690833448971427,0.0115577211004857,0.055221717947316
LEGACY_N1,8.5,0,CF,39.8107170553497,0.0697304073591681,0.0114205281177801,0.055221717947316
LEGACY_N1,8.5,0,CF,42.1696503428582,0.0703602253416976,0.0112497031018632,0.055221717947316
LEGACY_N1,8.5,0,CF,44.6683592150963,0.0709694900083307,0.0110478335796462,0.055221717947316
LEGACY_N1,8.5,0,CF,47.315125896148,0.0715553665976406,0.0108178564177865,0.055221717947316
LEGACY_N1,8.5,0,CF,50.1187233627273,0.0721155299354202,0.0105629606065978,0.055221717947316
LEGACY_N1,8.5,0,CF,53.0884444230988,0.0726481783714878,0.0102864895181789,0.055221717947316
LEGACY_N1,8.5,0,CF,56.2341325190349,0.0731520278285994,0.00999184754285049,0.055221717947316
LEGACY_N1,8.5,0,CF,59.566214352901,0.0736262887096334,0.00968241508010225,0.055221717947316
LEGACY_N1,8.5,0,CF,63.0957344480193,0.0740706290827192,0.00936147475483677,0.055221717947316
LEGACY_N1,8.5,0,CF,66.8343917568615,0.0744851278547981,0.00903215058669986,0.055221717947316
LEGACY_N1,8.5,0,CF,70.7945784384138,0.0748702215987144,0.00869736077585072,0.055221717947316
LEGACY_N1,8.5,0,CF,74.9894209332456,0.0752266483916295,0.0083597838645845,0.055221717947316
LEGACY_N1,8.5,0,CF,79.4328234724281,0.0755553915389664,0.0080218373360561,0.055221717947316
LEGACY_N1,8.5,0,CF,84.1395141645195,0.0758576254813654,0.00768566723128802,0.055221717947316
LEGACY_N1,8.5,0,CF,89.1250938133746,0.0761346655834133,0.00735314709047066,0.055221717947316
LEGACY_N1,8.5,0,CF,94.4060876285924,0.0763879229362664,0.00702588442437274,0.055221717947316
LEGACY_N1,8.5,0,CF,100,0.0766188648075995,0.00670523295821772,0.055221717947316
LEGACY_N1,8.5,1,PP,0.1,0.0552218148479137,4.71247680756793e-05,0.055221717947316
LEGACY_N1,8.5,1,PP,0.105925372517729,0.0552218266715188,4.99170603793196e-05,0.055221717947316
LEGACY_N1,8.5,1,PP,0.112201845430196,0.0552218399378073,5.28748015492778e-05,0.055221717947316
LEGACY_N1,8.5,1,PP,0.118850222743702,0.0552218548228096,5.60077941321447e-05,0.055221717947316
LEGACY_N1,8.5,1,PP,0.125892541179417,0.0552218715240338,5.93264213394251e-05,0.055221717947316
LEGACY_N1,8.5,1,PP,0.133352143216332,0.0552218902630867,6.28416814215836e-05,0.055221717947316
LEGACY_N1,8.5,1,PP,0.141253754462275,0.0552219112886133,6.65652240727523e-05,0.055221717947316
LEGACY_N1,8.5,1,PP,0.149623565609443,0.0552219348795962,7.05093889852705e-05,0.055221717947316
LEGACY_N1,8.5,1,PP,0.158489319246111,0.0552219613490566,7.46872466800672e-05,0.055221717947316
LEGACY_N1,8.5,1,PP,0.167880401812256,0.0552219910482069,7.91126417461087e-05,0.055221717947316
LEGACY_N1,8.5,1,PP,0.177827941003892,0.0552220243711099,8.38002386297179e-05,0.055221717947316
LEGACY_N1,8.5,1,PP,0.18836490894898,0.0552220617599067,8.87655701225503e-05,0.055221717947316
LEGACY_N1,8.5,1,PP,0.199526231496888,0.0552221037106814,9.40250887053939e-05,0.055221717947316
LEGACY_N1,8.5,1,PP,0.211348903983665,0.055222150780042,9.95962209137564e-05,0.055221717947316
LEGACY_N1,8.5,1,PP,0.223872113856834,0.055222203592503,0.000105497424900424,0.055221717947316
LEGACY_N1,8.5,1,PP,0.237137370566166,0.0552222628487691,0.000111748251379828,0.055221717947316
LEGACY_N1,8.5,1,PP,0.251188643150958,0.0552223293350285,0.000118369408149142,0.055221717947316
LEGACY_N1,8.5,1,PP,0.266072505979881,0.0552224039333791,0.000125382828391552,0.055221717947316
LEGACY_N1,8.5,1,PP,0.281838293126445,0.0552224876335271,0.000132811742978088,0.055221717947316
LEGACY_N1,8.5,1,PP,0.298538261891796,0.0552225815459099,0.000140680756995796,0.055221717947316
LEGACY_N1,8.5,1,PP,0.316227766016838,0.0552226869164202,0.000149015930741754,0.055221717947316
LEGACY_N1,8.5,1,PP,0.334965439157828,0.0552228051429238,0.000157844865434636,0.055221717947316
LEGACY_N1,8.5,1,PP,0.354813389233576,0.0552229377937904,0.00016719679390795,0.055221717947316
LEGACY_N1,8.5,1,PP,0.375837404288444,0.0552230866286825,0.000177102676561855,0.055221717947316
LEGACY_N1,8.5,1,PP,0.398107170553497,0.0552232536218767,0.000187595302863447,0.055221717947316
LEGACY_N1,8.5,1,PP,0.421696503428582,0.055223440988425,0.000198709398698436,0.055221717947316
LEGACY_N1,8.5,1,PP,0.446683592150963,0.0552236512135025,0.000210481739890305,0.055221717947316
LEGACY_N1,8.5,1,PP,0.473151258961481,0.0552238870853273,0.000222951272215922,0.055221717947316
LEGACY_N1,8.5,1,PP,0.501187233627272,0.0552241517320872,0.000236159238259288,0.055221717947316
LEGACY_N1,8.5,1,PP,0.530884444230988,0.0552244486633588,0.000250149311457149,0.055221717947316
LEGACY_N1,8.5,1,PP,0.562341325190349,0.0552247818165645,0.000264967737701533,0.055221717947316
LEGACY_N1,8.5,1,PP,0.59566214352901,0.0552251556090774,0.000280663484874396,0.055221717947316
LEGACY_N1,8.5,1,PP,0.630957344480193,0.0552255749966575,0.000297288400698178,0.055221717947316
LEGACY_N1,8.5,1,PP,0.668343917568615,0.0552260455389868,0.000314897379292587,0.055221717947316
LEGACY_N1,8.5,1,PP,0.707945784384138,0.055226573473158,0.000333548536831871,0.055221717947316
LEGACY_N1,8.5,1,PP,0.749894209332456,0.0552271657960802,0.00035330339669737,0.055221717947316
LEGACY_N1,8.5,1,PP,0.794328234724281,0.0552278303568737,0.000374227084516419,0.055221717947316
LEGACY_N1,8.5,1,PP,0.841395141645195,0.0552285759604563,0.000396388533469745,0.055221717947316
LEGACY_N1,8.5,1,PP,0.891250938133745,0.0552294124836671,0.000419860700234001,0.055221717947316
LEGACY_N1,8.5,1,PP,0.944060876285923,0.0552303510054287,0.000444720791902532,0.055221717947316
LEGACY_N1,8.5,1,PP,1,0.0552314039526295,0.000471050504194194,0.055221717947316
LEGACY_N1,8.5,1,PP,1.05925372517729,0.0552325852635996,0.00049893627121476,0.055221717947316
LEGACY_N1,8.5,1,PP,1.12201845430196,0.0552339105712769,0.000528469526975743,0.055221717947316
LEGACY_N1,8.5,1,PP,1.18850222743702,0.0552353974083966,0.00055974697879823,0.055221717947316
LEGACY_N1,8.5,1,PP,1.25892541179417,0.0552370654373089,0.000592870892631097,0.055221717947316
LEGACY_N1,8.5,1,PP,1.33352143216332,0.0552389367073255,0.000627949390189393,0.055221717947316
LEGACY_N1,8.5,1,PP,1.41253754462275,0.0552410359428189,0.000665096757664826,0.055221717947316
LEGACY_N1,8.5,1,PP,1.49623565609443,0.0552433908656622,0.000704433765570235,0.055221717947316
LEGACY_N1,8.5,1,PP,1.58489319246111,0.0552460325559905,0.000746087999046647,0.055221717947316
LEGACY_N1,8.5,1,PP,1.67880401812256,0.0552489958556951,0.000790194197676858,0.055221717947316
LEGACY_N1,8.5,1,PP,1.77827941003892,0.0552523198195365,0.000836894603503822,0.055221717947316
LEGACY_N1,8.5,1,PP,1.8836490894898,0.0552560482192701,0.000886339315534094,0.055221717947316
LEGACY_N1,8.5,1,PP,1.99526231496888,0.055260230106733,0.000938686648503112,0.055221717947316
LEGACY_N1,8.5,1,PP,2.11348903983665,0.0552649204424336,0.000994103493074768,0.055221717947316
LEGACY_N1,8.5,1,PP,2.23872113856834,0.0552701807968157,0.0010527656739247,0.055221717947316
LEGACY_N1,8.5,1,PP,2.37137370566166,0.0552760801320373,0.00111485830129449,0.055221717947316
LEGACY_N1,8.5,1,PP,2.51188643150958,0.0552826956728014,0.00118057611057851,0.055221717947316
LEGACY_N1,8.5,1,PP,2.66072505979881,0.0552901138754903,0.00125012378328988,0.055221717947316
LEGACY_N1,8.5,1,PP,2.81838293126445,0.0552984315055803,0.00132371624131486,0.055221717947316
LEGACY_N1,8.5,1,PP,2.98538261891796,0.0553077568340211,0.00140157890467237,0.055221717947316
LEGACY_N1,8.5,1,PP,3.16227766016838,0.0553182109639427,0.00148394790100659,0.055221717947316
LEGACY_N1,8.5,1,PP,3.34965439157828,0.055329929299646,0.00157107021271319,0.055221717947316
LEGACY_N1,8.5,1,PP,3.54813389233576,0.0553430631703245,0.00166320374488541,0.055221717947316
LEGACY_N1,8.5,1,PP,3.75837404288444,0.0553577816212685,0.00176061729411358,0.055221717947316
LEGACY_N1,8.5,1,PP,3.98107170553497,0.0553742733853628,0.00186359039452775,0.055221717947316
LEGACY_N1,8.5,1,PP,4.21696503428582,0.055392749047405,0.00197241301328043,0.055221717947316
LEGACY_N1,8.5,1,PP,4.46683592150963,0.055413443413016,0.00208738506287404,0.055221717947316
LEGACY_N1,8.5,1,PP,4.73151258961481,0.0554366180925562,0.00220881569229382,0.055221717947316
LEGACY_N1,8.5,1,PP,5.01187233627272,0.0554625643082976,0.00233702231277427,0.055221717947316
LEGACY_N1,8.5,1,PP,5.30884444230988,0.0554916059299286,0.00247232930718334,0.055221717947316
LEGACY_N1,8.5,1,PP,5.62341325190349,0.0555241027390011,0.00261506636445822,0.055221717947316
LEGACY_N1,8.5,1,PP,5.9566214352901,0.0555604539168629,0.00276556637231464,0.055221717947316
LEGACY_N1,8.5,1,PP,6.30957344480193,0.0556011017425618,0.00292416279267931,0.055221717947316
LEGACY_N1,8.5,1,PP,6.68343917568615,0.0556465354767424,0.0030911864351414,0.055221717947316
LEGACY_N1,8.5,1,PP,7.07945784384138,0.0556972953941816,0.00326696153446815,0.055221717947316
LEGACY_N1,8.5,1,PP,7.49894209332456,0.0557539769107903,0.00345180102930382,0.055221717947316
LEGACY_N1,8.5,1,PP,7.94328234724281,0.0558172347300683,0.00364600093117043,0.055221717947316
LEGACY_N1,8.5,1,PP,8.41395141645195,0.0558877869085591,0.00384983366663495,0.055221717947316
LEGACY_N1,8.5,1,PP,8.91250938133745,0.0559664187092618,0.00406354027209795,0.055221717947316
LEGACY_N1,8.5,1,PP,9.44060876285924,0.0560539860757752,0.00428732132151497,0.055221717947316
LEGACY_N1,8.5,1,PP,10,0.0561514185179288,0.00452132647428124,0.055221717947316
LEGACY_N1,8.5,1,PP,10.5925372517729,0.056259721151867,0.00476564254570506,0.055221717947316
LEGACY_N1,8.5,1,PP,11.2201845430196,0.0563799755845645,0.00502028002860348,0.055221717947316
LEGACY_N1,8.5,1,PP,11.8850222743702,0.0565133392758348,0.00528515803461976,0.055221717947316
LEGACY_N1,8.5,1,PP,12.5892541179417,0.0566610429522694,0.00556008768123778,0.055221717947316
LEGACY_N1,8.5,1,PP,13.3352143216332,0.0568243855906979,0.00584475402863901,0.055221717947316
LEGACY_N1,8.5,1,PP,14.1253754462275,0.0570047264386969,0.0061386967728115,0.055221717947316
LEGACY_N1,8.5,1,PP,14.9623565609443,0.0572034735032584,0.00644129003032358,0.055221717947316
LEGACY_N1,8.5,1,PP,15.8489319246111,0.0574220679247964,0.00675172170723678,0.055221717947316
LEGACY_N1,8.5,1,PP,16.7880401812256,0.0576619636731169,0.00706897312887359,0.055221717947316
LEGACY_N1,8.5,1,PP,17.7827941003892,0.057924602067412,0.00739179981442466,0.055221717947316
LEGACY_N1,8.5,1,PP,18.836490894898,0.0582113807474105,0.00771871450205809,0.055221717947316
LEGACY_N1,8.5,1,PP,19.9526231496888,0.0585236169209011,0.00804797375200979,0.055221717947316
LEGACY_N1,8.5,1,PP,21.1348903983665,0.0588625049950633,0.00837756965622692,0.055221717947316
LEGACY_N1,8.5,1,PP,22.3872113856834,0.0592290690715295,0.0087052283357047,0.055221717947316
LEGACY_N1,8.5,1,PP,23.7137370566166,0.0596241112456669,0.00902841697661194,0.055221717947316
LEGACY_N1,8.5,1,PP,25.1188643150958,0.0600481571850319,0.00934436110539642,0.055221717947316
LEGACY_N1,8.5,1,PP,26.6072505979881,0.0605014010407636,0.00965007359287645,0.055221717947316
LEGACY_N1,8.5,1,PP,28.1838293126445,0.0609836523218125,0.00994239647526291,0.055221717947316
LEGACY_N1,8.5,1,PP,29.8538261891796,0.0614942878709365,0.0102180560670952,0.055221717947316
LEGACY_N1,8.5,1,PP,31.6227766016838,0.0620322124451858,0.0104737310203864,0.055221717947316
LEGACY_N1,8.5,1,PP,33.4965439157828,0.0625958315381229,0.0107061319891442,0.055221717947316
LEGACY_N1,8.5,1,PP,35.4813389233575,0.0631830399086278,0.0109120904572946,0.055221717947316
LEGACY_N1,8.5,1,PP,37.5837404288444,0.0637912287460153,0.011088653184212,0.055221717947316
LEGACY_N1,8.5,1,PP,39.8107170553497,0.0644173134857256,0.0112331777462349,0.055221717947316
LEGACY_N1,8.5,1,PP,42.1696503428582,0.0650577830280059,0.0113434239471866,0.055221717947316
LEGACY_N1,8.5,1,PP,44.6683592150963,0.0657087695957721,0.0114176355679501,0.055221717947316
LEGACY_N1,8.5,1,PP,47.315125896148,0.0663661368430069,0.0114546071203402,0.055221717947316
LEGACY_N1,8.5,1,PP,50.1187233627273,0.0670255822748856,0.0114537310001541,0.055221717947316
LEGACY_N1,8.5,1,PP,53.0884444230988,0.0676827487590383,0.0114150216602147,0.055221717947316
LEGACY_N1,8.5,1,PP,56.2341325190349,0.0683333390652917,0.0113391150322317,0.055221717947316
LEGACY_N1,8.5,1,PP,59.566214352901,0.0689732270861305,0.0112272432401436,0.055221717947316
LEGACY_N1,8.5,1,PP,63.0957344480193,0.0695985597024765,0.0110811864564338,0.055221717947316
LEGACY_N1,8.5,1,PP,66.8343917568615,0.0702058441248608,0.0109032053467802,0.055221717947316
LEGACY_N1,8.5,1,PP,70.7945784384138,0.0707920168383082,0.0106959587533642,0.055221717947316
LEGACY_N1,8.5,1,PP,74.9894209332456,0.0713544918371724,0.0104624119723677,0.055221717947316
LEGACY_N1,8.5,1,PP,79.4328234724281,0.0718911874598159,0.010205741152047,0.055221717947316
LEGACY_N1,8.5,1,PP,84.1395141645195,0.0724005326403466,0.009929239013733,0.055221717947316
LEGACY_N1,8.5,1,PP,89.1250938133746,0.0728814546420511,0.00963622637718305,0.055221717947316
LEGACY_N1,8.5,1,PP,94.4060876285924,0.073333351235383,0.00932997298684838,0.055221717947316
LEGACY_N1,8.5,1,PP,100,0.0737560508009928,0.00901363002920749,0.055221717947316
LEGACY_N1,8.5,1,CF,0.1,0.0552219548022709,7.36759779198355e-05,0.055221717947316
LEGACY_N1,8.5,1,CF,0.105925372517729,0.0552219837026113,7.80414556530674e-05,0.055221717947316
LEGACY_N1,8.5,1,CF,0.112201845430196,0.0552220161292397,8.26655856531139e-05,0.055221717947316
LEGACY_N1,8.5,1,CF,0.118850222743702,0.055222052512406,8.75636905334979e-05,0.055221717947316
LEGACY_N1,8.5,1,CF,0.125892541179417,0.0552220933348525,9.27520001705512e-05,0.055221717947316
LEGACY_N1,8.5,1,CF,0.133352143216332,0.0552221391382177,9.8247705337881e-05,0.055221717947316
LEGACY_N1,8.5,1,CF,0.141253754462275,0.0552221905302207,0.000104069014495464,0.055221717947316
LEGACY_N1,8.5,1,CF,0.149623565609443,0.0552222481927221,0.000110235213915881,0.055221717947316
LEGACY_N1,8.5,1,CF,0.158489319246111,0.0552223128907673,0.000116766731340177,0.055221717947316
LEGACY_N1,8.5,1,CF,0.167880401812256,0.0552223854827332,0.000123685203366277,0.055221717947316
LEGACY_N1,8.5,1,CF,0.177827941003892,0.055222466931711,0.000131013546783699,0.055221717947316
LEGACY_N1,8.5,1,CF,0.18836490894898,0.055222558318278,0.000138776034079611,0.055221717947316
LEGACY_N1,8.5,1,CF,0.199526231496888,0.055222660854825,0.000146998373352934,0.055221717947316
LEGACY_N1,8.5,1,CF,0.211348903983665,0.0552227759016307,0.000155707792885264,0.055221717947316
LEGACY_N1,8.5,1,CF,0.223872113856834,0.0552229049848946,0.000164933130629769,0.055221717947316
LEGACY_N1,8.5,1,CF,0.237137370566166,0.0552230498169678,0.000174704928891932,0.055221717947316
LEGACY_N1,8.5,1,CF,0.251188643150958,0.0552232123190473,0.000185055534488916,0.055221717947316
LEGACY_N1,8.5,1,CF,0.266072505979881,0.0552233946466358,0.000196019204687404,0.055221717947316
LEGACY_N1,8.5,1,CF,0.281838293126445,0.055223599218101,0.00020763221923288,0.055221717947316
LEGACY_N1,8.5,1,CF,0.298538261891796,0.0552238287467121,0.000219932998796301,0.055221717947316
LEGACY_N1,8.5,1,CF,0.316227766016838,0.0552240862765758,0.000232962230176856,0.055221717947316
LEGACY_N1,8.5,1,CF,0.334965439157828,0.0552243752229448,0.000246762998611776,0.055221717947316
LEGACY_N1,8.5,1,CF,0.354813389233576,0.0552246994174285,0.000261380927555637,0.055221717947316
LEGACY_N1,8.5,1,CF,0.375837404288444,0.0552250631587018,0.000276864326302082,0.055221717947316
LEGACY_N1,8.5,1,CF,0.398107170553497,0.055225471269376,0.000293264345829874,0.055221717947316
LEGACY_N1,8.5,1,CF,0.421696503428582,0.0552259291597783,0.000310635143262284,0.055221717947316
LEGACY_N1,8.5,1,CF,0.446683592150963,0.0552264428994746,0.000329034055333412,0.055221717947316
LEGACY_N1,8.5,1,CF,0.473151258961481,0.0552270192974705,0.000348521781256436,0.055221717947316
LEGACY_N1,8.5,1,CF,0.501187233627272,0.0552276659921369,0.000369162575386204,0.055221717947316
LEGACY_N1,8.5,1,CF,0.530884444230988,0.0552283915520298,0.000391024450060955,0.055221717947316
LEGACY_N1,8.5,1,CF,0.562341325190349,0.0552292055889152,0.000414179388994127,0.055221717947316
LEGACY_N1,8.5,1,CF,0.59566214352901,0.0552301188844624,0.00043870357156578,0.055221717947316
LEGACY_N1,8.5,1,CF,0.630957344480193,0.0552311435322401,0.000464677608332287,0.055221717947316
LEGACY_N1,8.5,1,CF,0.668343917568615,0.0552322930968466,0.000492186788030784,0.055221717947316
LEGACY_N1,8.5,1,CF,0.707945784384138,0.0552335827922097,0.000521321336298799,0.055221717947316
LEGACY_N1,8.5,1,CF,0.749894209332456,0.0552350296813364,0.000552176686256701,0.055221717947316
LEGACY_N1,8.5,1,CF,0.794328234724281,0.0552366529000473,0.00058485376100773,0.055221717947316
LEGACY_N1,8.5,1,CF,0.841395141645195,0.0552384739075246,0.000619459267993182,0.055221717947316
LEGACY_N1,8.5,1,CF,0.891250938133745,0.0552405167668181,0.000656106004994176,0.055221717947316
LEGACY_N1,8.5,1,CF,0.944060876285923,0.0552428084588081,0.000694913177390505,0.055221717947316
LEGACY_N1,8.5,1,CF,1,0.0552453792335089,0.000736006726064737,0.055221717947316
LEGACY_N1,8.5,1,CF,1.05925372517729,0.0552482630030199,0.000779519665068065,0.055221717947316
LEGACY_N1,8.5,1,CF,1.12201845430196,0.055251497780893,0.000825592427834111,0.055221717947316
LEGACY_N1,8.5,1,CF,1.18850222743702,0.0552551261731872,0.000874373220327162,0.055221717947316
LEGACY_N1,8.5,1,CF,1.25892541179417,0.055259195927024,0.000926018379029328,0.055221717947316
LEGACY_N1,8.5,1,CF,1.33352143216332,0.0552637605430395,0.00098069273109224,0.055221717947316
LEGACY_N1,8.5,1,CF,1.41253754462275,0.0552688799587545,0.00103856995328571,0.055221717947316
LEGACY_N1,8.5,1,CF,1.49623565609443,0.0552746213105403,0.00109983292554849,0.055221717947316
LEGACY_N1,8.5,1,CF,1.58489319246111,0.05528105978255,0.00116467407396199,0.055221717947316
LEGACY_N1,8.5,1,CF,1.67880401812256,0.0552882795516978,0.00123329569679976,0.055221717947316
LEGACY_N1,8.5,1,CF,1.77827941003892,0.0552963748384895,0.00130591026592443,0.055221717947316
LEGACY_N1,8.5,1,CF,1.8836490894898,0.0553054510742269,0.00138274069417466,0.055221717947316
LEGACY_N1,8.5,1,CF,1.99526231496888,0.0553156261957882,0.00146402055747015,0.055221717947316
LEGACY_N1,8.5,1,CF,2.11348903983665,0.0553270320798141,0.00154999425811939,0.055221717947316
LEGACY_N1,8.5,1,CF,2.23872113856834,0.0553398161286403,0.00164091711319686,0.055221717947316
LEGACY_N1,8.5,1,CF,2.37137370566166,0.0553541430206766,0.00173705534881253,0.055221717947316
LEGACY_N1,8.5,1,CF,2.51188643150958,0.0553701966380578,0.00183868597757335,0.055221717947316
LEGACY_N1,8.5,1,CF,2.66072505979881,0.0553881821841951,0.00194609653247936,0.055221717947316
LEGACY_N1,8.5,1,CF,2.81838293126445,0.0554083285032315,0.00205958462585088,0.055221717947316
LEGACY_N1,8.5,1,CF,2.98538261891796,0.0554308906121972,0.00217945729659786,0.055221717947316
LEGACY_N1,8.5,1,CF,3.16227766016838,0.0554561524547129,0.00230603010317578,0.055221717947316
LEGACY_N1,8.5,1,CF,3.34965439157828,0.0554844298821739,0.00243962591289748,0.055221717947316
LEGACY_N1,8.5,1,CF,3.54813389233576,0.0555160738642153,0.0025805733308853,0.055221717947316
LEGACY_N1,8.5,1,CF,3.75837404288444,0.0555514739246018,0.00272920470388573,0.055221717947316
LEGACY_N1,8.5,1,CF,3.98107170553497,0.055591061791138,0.00288585362551632,0.055221717947316
LEGACY_N1,8.5,1,CF,4.21696503428582,0.055635315238342,0.00305085186042996,0.055221717947316
LEGACY_N1,8.5,1,CF,4.46683592150963,0.0556847620889869,0.00322452559562152,0.055221717947316
LEGACY_N1,8.5,1,CF,4.73151258961481,0.055739984324661,0.00340719091805189,0.055221717947316
LEGACY_N1,8.5,1,CF,5.01187233627272,0.0558016222356654,0.00359914840947956,0.055221717947316
LEGACY_N1,8.5,1,CF,5.30884444230988,0.0558703785162653,0.00380067674263431,0.055221717947316
LEGACY_N1,8.5,1,CF,5.62341325190349,0.0559470221819882,0.00401202515866877,0.055221717947316
LEGACY_N1,8.5,1,CF,5.9566214352901,0.0560323921508362,0.00423340470552196,0.055221717947316
LEGACY_N1,8.5,1,CF,6.30957344480193,0.0561274002896484,0.00446497812212842,0.055221717947316
LEGACY_N1,8.5,1,CF,6.68343917568615,0.0562330336803991,0.00470684826641845,0.055221717947316
LEGACY_N1,8.5,1,CF,7.07945784384138,0.0563503558093738,0.0049590450083186,0.055221717947316
LEGACY_N1,8.5,1,CF,7.49894209332456,0.0564805063260208,0.00522151054542714,0.055221717947316
LEGACY_N1,8.5,1,CF,7.94328234724281,0.0566246989597911,0.00549408315200243,0.055221717947316
LEGACY_N1,8.5,1,CF,8.41395141645195,0.0567842171256215,0.0057764794448355,0.055221717947316
LEGACY_N1,8.5,1,CF,8.91250938133745,0.0569604066965007,0.00606827534586378,0.055221717947316
LEGACY_N1,8.5,1,CF,9.44060876285924,0.0571546653811831,0.00636888604387168,0.055221717947316
LEGACY_N1,8.5,1,CF,10,0.0573684281249506,0.00667754540802188,0.055221717947316
LEGACY_N1,8.5,1,CF,10.5925372517729,0.0576031479617812,0.00699328548399977,0.055221717947316
LEGACY_N1,8.5,1,CF,11.2201845430196,0.0578602717996114,0.00731491690596094,0.055221717947316
LEGACY_N1,8.5,1,CF,11.8850222743702,0.0581412107300883,0.00764101127679845,0.055221717947316
LEGACY_N1,8.5,1,CF,12.5892541179417,0.0584473046338654,0.00796988679265794,0.055221717947316
LEGACY_N1,8.5,1,CF,13.3352143216332,0.0587797811140026,0.00829959859588583,0.055221717947316
LEGACY_N1,8.5,1,CF,14.1253754462275,0.0591397091409646,0.00862793550752437,0.055221717947316
LEGACY_N1,8.5,1,CF,14.9623565609443,0.0595279482332001,0.00895242488333999,0.055221717947316
LEGACY_N1,8.5,1,CF,15.8489319246111,0.0599450945162893,0.00927034731863905,0.055221717947316
LEGACY_N1,8.5,1,CF,16.7880401812256,0.0603914255755427,0.00957876275794122,0.055221717947316
LEGACY_N1,8.5,1,CF,17.7827941003892,0.0608668465989038,0.00987454921132472,0.055221717947316
LEGACY_N1,8.5,1,CF,18.836490894898,0.0613708408385766,0.0101544547169249,0.055221717947316
LEGACY_N1,8.5,1,CF,19.9526231496888,0.061902427825535,0.0104151624158009,0.055221717947316
LEGACY_N1,8.5,1,CF,21.1348903983665,0.0624601329673828,0.0106533676467372,0.055221717947316
LEGACY_N1,8.5,1,CF,22.3872113856834,0.0630419720664509,0.0108658648844091,0.055221717947316
LEGACY_N1,8.5,1,CF,23.7137370566166,0.0636454538490735,0.0110496412301684,0.055221717947316
LEGACY_N1,8.5,1,CF,25.1188643150958,0.0642676027706139,0.0112019721458031,0.055221717947316
LEGACY_N1,8.5,1,CF,26.6072505979881,0.0649050031748679,0.0113205143384863,0.055221717947316
LEGACY_N1,8.5,1,CF,28.1838293126445,0.0655538644191393,0.0114033902964427,0.055221717947316
LEGACY_N1,8.5,1,CF,29.8538261891796,0.0662101049616273,0.0114492590462451,0.055221717947316
LEGACY_N1,8.5,1,CF,31.6227766016838,0.0668694518222831,0.0114573683062711,0.055221717947316
LEGACY_N1,8.5,1,CF,33.4965439157828,0.067527550466077,0.0114275843268361,0.055221717947316
LEGACY_N1,8.5,1,CF,35.4813389233575,0.0681800791983409,0.0113603972390387,0.055221717947316
LEGACY_N1,8.5,1,CF,37.5837404288444,0.0688228617380722,0.0112569015177507,0.055221717947316
LEGACY_N1,8.5,1,CF,39.8107170553497,0.0694519718068165,0.011118752993823,0.055221717947316
LEGACY_N1,8.5,1,CF,42.1696503428582,0.0700638243135656,0.0109481055129362,0.055221717947316
LEGACY_N1,8.5,1,CF,44.6683592150963,0.0706552489260224,0.010747531648296,0.055221717947316
LEGACY_N1,8.5,1,CF,47.315125896148,0.0712235433323167,0.0105199327039762,0.055221717947316
LEGACY_N1,8.5,1,CF,50.1187233627273,0.0717665051227358,0.0102684435421373,0.055221717947316
LEGACY_N1,8.5,1,CF,53.0884444230988,0.0722824427706666,0.00999633755349494,0.055221717947316
LEGACY_N1,8.5,1,CF,56.2341325190349,0.0727701675111574,0.00970693645233986,0.055221717947316
LEGACY_N1,8.5,1,CF,59.566214352901,0.0732289689013808,0.00940352864213914,0.055221717947316
LEGACY_N1,8.5,1,CF,63.0957344480193,0.073658577454972,0.00908929880761957,0.055221717947316
LEGACY_N1,8.5,1,CF,66.8343917568615,0.0740591179804152,0.00876727027862276,0.055221717947316
LEGACY_N1,8.5,1,CF,70.7945784384138,0.0744310571720866,0.00844026068928946,0.055221717947316
LEGACY_N1,8.5,1,CF,74.9894209332456,0.0747751486760021,0.00811085059858657,0.055221717947316
LEGACY_N1,8.5,1,CF,79.4328234724281,0.0750923783646263,0.00778136408455836,0.055221717947316
LEGACY_N1,8.5,1,CF,84.1395141645195,0.0753839119862968,0.00745385988332275,0.055221717947316
LEGACY_N1,8.5,1,CF,89.1250938133746,0.0756510467723358,0.00713013139928268,0.055221717947316
LEGACY_N1,8.5,1,CF,94.4060876285924,0.0758951680392038,0.00681171383463286,0.055221717947316
LEGACY_N1,8.5,1,CF,100,0.0761177113468779,0.0064998967361792,0.055221717947316
LEGACY_N1,10,-1,PP,0.1,0.0535664931530414,4.21566854053427e-05,0.0535664111401294
LEGACY_N1,10,-1,PP,0.105925372517729,0.0535665031600877,4.46546054351684e-05,0.0535664111401294
LEGACY_N1,10,-1,PP,0.112201845430196,0.0535665143881673,4.73005326447687e-05,0.0535664111401294
LEGACY_N1,10,-1,PP,0.118850222743702,0.0535665269862659,5.01032362781629e-05,0.0535664111401294
LEGACY_N1,10,-1,PP,0.125892541179417,0.0535665411215476,5.30720050516256e-05,0.0535664111401294
LEGACY_N1,10,-1,PP,0.133352143216332,0.0535665569815726,5.62166779083182e-05,0.0535664111401294
LEGACY_N1,10,-1,PP,0.141253754462275,0.0535665747767857,5.95476765903396e-05,0.0535664111401294
LEGACY_N1,10,-1,PP,0.149623565609443,0.0535665947433084,6.30760401349592e-05,0.0535664111401294
LEGACY_N1,10,-1,PP,0.158489319246111,0.0535666171460715,6.68134614079494e-05,0.0535664111401294
LEGACY_N1,10,-1,PP,0.167880401812256,0.05356664228233,7.07723257934157e-05,0.0535664111401294
LEGACY_N1,10,-1,PP,0.177827941003892,0.0535666704856065,7.4965752166353e-05,0.0535664111401294
LEGACY_N1,10,-1,PP,0.18836490894898,0.0535667021301158,7.94076362813423e-05,0.0535664111401294
LEGACY_N1,10,-1,PP,0.199526231496888,0.0535667376357291,8.41126967183607e-05,0.0535664111401294
LEGACY_N1,10,-1,PP,0.211348903983665,0.0535667774735441,8.90965235346163e-05,0.0535664111401294
LEGACY_N1,10,-1,PP,0.223872113856834,0.0535668221721332,9.43756297796539e-05,0.0535664111401294
LEGACY_N1,10,-1,PP,0.237137370566166,0.0535668723245556,9.99675060397083e-05,0.0535664111401294
LEGACY_N1,10,-1,PP,0.251188643150958,0.0535669285962227,0.000105890678186427,0.0535664111401294
LEGACY_N1,10,-1,PP,0.266072505979881,0.0535669917337236,0.000112164768514633,0.0535664111401294
LEGACY_N1,10,-1,PP,0.281838293126445,0.0535670625747269,0.000118810560463761,0.0535664111401294
LEGACY_N1,10,-1,PP,0.298538261891796,0.0535671420590885,0.000125850067127983,0.0535664111401294
LEGACY_N1,10,-1,PP,0.316227766016838,0.0535672312413148,0.000133306603770768,0.0535664111401294
LEGACY_N1,10,-1,PP,0.334965439157828,0.0535673313045446,0.000141204864570816,0.0535664111401294
LEGACY_N1,10,-1,PP,0.354813389233576,0.0535674435762349,0.000149571003837747,0.0535664111401294
LEGACY_N1,10,-1,PP,0.375837404288444,0.0535675695457583,0.000158432721947765,0.0535664111401294
LEGACY_N1,10,-1,PP,0.398107170553497,0.0535677108841446,0.000167819356261579,0.0535664111401294
LEGACY_N1,10,-1,PP,0.421696503428582,0.0535678694662273,0.000177761977299111,0.0535664111401294
LEGACY_N1,10,-1,PP,0.446683592150963,0.0535680473954874,0.000188293490457938,0.0535664111401294
LEGACY_N1,10,-1,PP,0.473151258961481,0.053568247031922,0.000199448743574748,0.0535664111401294
LEGACY_N1,10,-1,PP,0.501187233627272,0.0535684710233065,0.000211264640641364,0.0535664111401294
LEGACY_N1,10,-1,PP,0.530884444230988,0.0535687223402605,0.000223780261998817,0.0535664111401294
LEGACY_N1,10,-1,PP,0.562341325190349,0.0535690043155805,0.000237036991344381,0.0535664111401294
LEGACY_N1,10,-1,PP,0.59566214352901,0.0535693206883563,0.000251078649897096,0.0535664111401294
LEGACY_N1,10,-1,PP,0.630957344480193,0.0535696756534504,0.000265951638076892,0.0535664111401294
LEGACY_N1,10,-1,PP,0.668343917568615,0.0535700739169909,0.000281705085060462,0.0535664111401294
LEGACY_N1,10,-1,PP,0.707945784384138,0.0535705207586031,0.000298391006583143,0.0535664111401294
LEGACY_N1,10,-1,PP,0.749894209332456,0.0535710221011966,0.000316064471359679,0.0535664111401294
LEGACY_N1,10,-1,PP,0.794328234724281,0.0535715845892176,0.000334783776497081,0.0535664111401294
LEGACY_N1,10,-1,PP,0.841395141645195,0.0535722156763876,0.000354610632269163,0.0535664111401294
LEGACY_N1,10,-1,PP,0.891250938133745,0.0535729237240698,0.000375610356613633,0.0535664111401294
LEGACY_N1,10,-1,PP,0.944060876285923,0.0535737181115394,0.000397852079697732,0.0535664111401294
LEGACY_N1,10,-1,PP,1,0.0535746093595858,0.000421408958875829,0.0535664111401294
LEGACY_N1,10,-1,PP,1.05925372517729,0.0535756092690399,0.00044635840433053,0.0535664111401294
LEGACY_N1,10,-1,PP,1.12201845430196,0.0535767310760096,0.000472782315645568,0.0535664111401294
LEGACY_N1,10,-1,PP,1.18850222743702,0.0535779896258094,0.000500767329501719,0.0535664111401294
LEGACY_N1,10,-1,PP,1.25892541179417,0.0535794015678035,0.000530405078613309,0.0535664111401294
LEGACY_N1,10,-1,PP,1.33352143216332,0.0535809855736326,0.000561792461929119,0.0535664111401294
LEGACY_N1,10,-1,PP,1.41253754462275,0.0535827625815786,0.000595031926003727,0.0535664111401294
LEGACY_N1,10,-1,PP,1.49623565609443,0.053584756070129,0.000630231757298628,0.0535664111401294
LEGACY_N1,10,-1,PP,1.58489319246111,0.0535869923641456,0.000667506384991368,0.0535664111401294
LEGACY_N1,10,-1,PP,1.67880401812256,0.0535895009774161,0.000706976693648706,0.0535664111401294
LEGACY_N1,10,-1,PP,1.77827941003892,0.0535923149957774,0.000748770344848633,0.0535664111401294
LEGACY_N1,10,-1,PP,1.8836490894898,0.0535954715054456,0.000793022106506897,0.0535664111401294
LEGACY_N1,10,-1,PP,1.99526231496888,0.0535990120716732,0.000839874188265611,0.0535664111401294
LEGACY_N1,10,-1,PP,2.11348903983665,0.0536029832733794,0.000889476580822203,0.0535664111401294
LEGACY_N1,10,-1,PP,2.23872113856834,0.0536074372999567,0.000941987396501595,0.0535664111401294
LEGACY_N1,10,-1,PP,2.37137370566166,0.0536124326170631,0.000997573207686358,0.0535664111401294
LEGACY_N1,10,-1,PP,2.51188643150958,0.0536180347088334,0.00105640937889885,0.0535664111401294
LEGACY_N1,10,-1,PP,2.66072505979881,0.0536243169046095,0.00111868038735366,0.0535664111401294
LEGACY_N1,10,-1,PP,2.81838293126445,0.0536313612989611,0.0011845801256419,0.0535664111401294
LEGACY_N1,10,-1,PP,2.98538261891796,0.0536392597744576,0.0012543121788422,0.0535664111401294
LEGACY_N1,10,-1,PP,3.16227766016838,0.0536481151373175,0.00132809006674227,0.0535664111401294
LEGACY_N1,10,-1,PP,3.34965439157828,0.0536580423767016,0.00140613743996376,0.0535664111401294
LEGACY_N1,10,-1,PP,3.54813389233576,0.0536691700589758,0.00148868821656942,0.0535664111401294
LEGACY_N1,10,-1,PP,3.75837404288444,0.0536816418687256,0.00157598664315024,0.0535664111401294
LEGACY_N1,10,-1,PP,3.98107170553497,0.0536956183085876,0.00166828726139327,0.0535664111401294
LEGACY_N1,10,-1,PP,4.21696503428582,0.0537112785700071,0.00176585475766611,0.0535664111401294
LEGACY_N1,10,-1,PP,4.46683592150963,0.0537288225867483,0.00186896366917024,0.0535664111401294
LEGACY_N1,10,-1,PP,4.73151258961481,0.0537484732822509,0.00197789791566074,0.0535664111401294
LEGACY_N1,10,-1,PP,5.01187233627272,0.0537704790206178,0.00209295012055948,0.0535664111401294
LEGACY_N1,10,-1,PP,5.30884444230988,0.0537951162689414,0.00221442067946469,0.0535664111401294
LEGACY_N1,10,-1,PP,5.62341325190349,0.0538226924756314,0.00234261652756358,0.0535664111401294
LEGACY_N1,10,-1,PP,5.9566214352901,0.053853549165139,0.00247784955029088,0.0535664111401294
LEGACY_N1,10,-1,PP,6.30957344480193,0.0538880652436637,0.00262043457378965,0.0535664111401294
LEGACY_N1,10,-1,PP,6.68343917568615,0.0539266605027397,0.00277068686341883,0.0535664111401294
LEGACY_N1,10,-1,PP,7.07945784384138,0.0539697992976075,0.00292891904988795,0.0535664111401294
LEGACY_N1,10,-1,PP,7.49894209332456,0.0540179943645141,0.00309543739385578,0.0535664111401294
LEGACY_N1,10,-1,PP,7.94328234724281,0.0540718107250537,0.00327053729141139,0.0535664111401294
LEGACY_N1,10,-1,PP,8.41395141645195,0.0541318696058,0.00345449791533757,0.0535664111401294
LEGACY_N1,10,-1,PP,8.91250938133745,0.0541988522772524,0.00364757588122366,0.0535664111401294
LEGACY_N1,10,-1,PP,9.44060876285924,0.054273503687004,0.00384999782439646,0.0535664111401294
LEGACY_N1,10,-1,PP,10,0.054356635727623,0.00406195177462881,0.0535664111401294
LEGACY_N1,10,-1,PP,10.5925372517729,0.0544491299397988,0.00428357722238242,0.0535664111401294
LEGACY_N1,10,-1,PP,11.2201845430196,0.0545519394059196,0.00451495378504741,0.0535664111401294
LEGACY_N1,10,-1,PP,11.8850222743702,0.0546660895389833,0.00475608840676978,0.0535664111401294
LEGACY_N1,10,-1,PP,12.5892541179417,0.0547926774178167,0.00500690106389635,0.0535664111401294
LEGACY_N1,10,-1,PP,13.3352143216332,0.0549328692641485,0.00526720900299744,0.0535664111401294
LEGACY_N1,10,-1,PP,14.1253754462275,0.0550878956034676,0.00553670961314046,0.0535664111401294
LEGACY_N1,10,-1,PP,14.9623565609443,0.0552590436046277,0.00581496213169258,0.0535664111401294
LEGACY_N1,10,-1,PP,15.8489319246111,0.0554476460593503,0.00610136850589099,0.0535664111401294
LEGACY_N1,10,-1,PP,16.7880401812256,0.0556550664506002,0.00639515388192301,0.0535664111401294
LEGACY_N1,10,-1,PP,17.7827941003892,0.0558826795785997,0.00669534736837637,0.0535664111401294
LEGACY_N1,10,-1,PP,18.836490894898,0.056131847276999,0.00700076391758892,0.0535664111401294
LEGACY_N1,10,-1,PP,19.9526231496888,0.0564038888723542,0.00730998837831773,0.0535664111401294
LEGACY_N1,10,-1,PP,21.1348903983665,0.056700046230174,0.00762136298254412,0.0535664111401294
LEGACY_N1,10,-1,PP,22.3872113856834,0.0570214435007823,0.00793297971816549,0.0535664111401294
LEGACY_N1,10,-1,PP,23.7137370566166,0.0573690420336728,0.00824267918126583,0.0535664111401294
LEGACY_N1,10,-1,PP,25.1188643150958,0.0577435913674583,0.0085480575641804,0.0535664111401294
LEGACY_N1,10,-1,PP,26.6072505979881,0.0581455777100498,0.00884648338242556,0.0535664111401294
LEGACY_N1,10,-1,PP,28.1838293126445,0.0585751718718081,0.00913512533851716,0.0535664111401294
LEGACY_N1,10,-1,PP,29.8538261891796,0.0590321791579751,0.00941099233326916,0.0535664111401294
LEGACY_N1,10,-1,PP,31.6227766016838,0.0595159942042473,0.0096709860480018,0.0535664111401294
LEGACY_N1,10,-1,PP,33.4965439157828,0.0600255640766287,0.00991196573813983,0.0535664111401294
LEGACY_N1,10,-1,PP,35.4813389233575,0.0605593630742522,0.0101308239326025,0.0535664111401294
LEGACY_N1,10,-1,PP,37.5837404288444,0.0611153824987442,0.010324570690167,0.0535664111401294
LEGACY_N1,10,-1,PP,39.8107170553497,0.0616911381342615,0.0104904230224685,0.0535664111401294
LEGACY_N1,10,-1,PP,42.1696503428582,0.0622836973035109,0.010625895177777,0.0535664111401294
LEGACY_N1,10,-1,PP,44.6683592150963,0.0628897261609947,0.0107288848249219,0.0535664111401294
LEGACY_N1,10,-1,PP,47.315125896148,0.0635055564444494,0.0107977499065972,0.0535664111401294
LEGACY_N1,10,-1,PP,50.1187233627273,0.0641272693684744,0.0108313711346077,0.0535664111401294
LEGACY_N1,10,-1,PP,53.0884444230988,0.0647507928848573,0.0108291958082491,0.0535664111401294
LEGACY_N1,10,-1,PP,56.2341325190349,0.065372007335053,0.0107912598121142,0.0535664111401294
LEGACY_N1,10,-1,PP,59.566214352901,0.0659868537422303,0.0107181861806715,0.0535664111401294
LEGACY_N1,10,-1,PP,63.0957344480193,0.0665914387417465,0.0106111603355344,0.0535664111401294
LEGACY_N1,10,-1,PP,66.8343917568615,0.0671821304651377,0.0104718838074975,0.0535664111401294
LEGACY_N1,10,-1,PP,70.7945784384138,0.0677556405288666,0.0103025097513331,0.0535664111401294
LEGACY_N1,10,-1,PP,74.9894209332456,0.0683090885189998,0.0101055646844033,0.0535664111401294
LEGACY_N1,10,-1,PP,79.4328234724281,0.0688400468417305,0.00988386152810222,0.0535664111401294
LEGACY_N1,10,-1,PP,84.1395141645195,0.069346565343699,0.0096404091740485,0.0535664111401294
LEGACY_N1,10,-1,PP,89.1250938133746,0.0698271765242363,0.0093783234745177,0.0535664111401294
LEGACY_N1,10,-1,PP,94.4060876285924,0.0702808833299206,0.00910074386317231,0.0535664111401294
LEGACY_N1,10,-1,PP,100,0.0707071323578335,0.00881075887419607,0.0535664111401294
LEGACY_N1,10,-1,CF,0.1,0.053566611605116,6.59088020881629e-05,0.0535664111401294
LEGACY_N1,10,-1,CF,0.105925372517729,0.0535666360652899,6.98140653286999e-05,0.0535664111401294
LEGACY_N1,10,-1,CF,0.112201845430196,0.0535666635099907,7.39507151093129e-05,0.0535664111401294
LEGACY_N1,10,-1,CF,0.118850222743702,0.0535666943033686,7.83324591443837e-05,0.0535664111401294
LEGACY_N1,10,-1,CF,0.125892541179417,0.0535667288540028,8.29738168536396e-05,0.0535664111401294
LEGACY_N1,10,-1,CF,0.133352143216332,0.0535667676203208,8.78901673592366e-05,0.0535664111401294
LEGACY_N1,10,-1,CF,0.141253754462275,0.0535668111166799,9.30978003080992e-05,0.0535664111401294
LEGACY_N1,10,-1,CF,0.149623565609443,0.0535668599201896,9.86139696833888e-05,0.0535664111401294
LEGACY_N1,10,-1,CF,0.158489319246111,0.0535669146783664,0.000104456950778021,0.0535664111401294
LEGACY_N1,10,-1,CF,0.167880401812256,0.0535669761177219,0.0001106461005126,0.0535664111401294
LEGACY_N1,10,-1,CF,0.177827941003892,0.0535670450533978,0.000117201921290019,0.0535664111401294
LEGACY_N1,10,-1,CF,0.18836490894898,0.0535671223999761,0.000124146128589221,0.0535664111401294
LEGACY_N1,10,-1,CF,0.199526231496888,0.053567209183607,0.000131501722511327,0.0535664111401294
LEGACY_N1,10,-1,CF,0.211348903983665,0.053567306555615,0.000139293063502352,0.0535664111401294
LEGACY_N1,10,-1,CF,0.223872113856834,0.053567415807763,0.000147545952488175,0.0535664111401294
LEGACY_N1,10,-1,CF,0.237137370566166,0.0535675383893777,0.000156287715669133,0.0535664111401294
LEGACY_N1,10,-1,CF,0.251188643150958,0.0535676759265605,0.000165547294233661,0.0535664111401294
LEGACY_N1,10,-1,CF,0.266072505979881,0.0535678302437393,0.000175355339262593,0.0535664111401294
LEGACY_N1,10,-1,CF,0.281838293126445,0.053568003387845,0.000185744312108103,0.0535664111401294
LEGACY_N1,10,-1,CF,0.298538261891796,0.0535681976554328,0.000196748590543683,0.0535664111401294
LEGACY_N1,10,-1,CF,0.316227766016838,0.0535684156231044,0.000208404580993807,0.0535664111401294
LEGACY_N1,10,-1,CF,0.334965439157828,0.053568660181634,0.000220750837163979,0.0535664111401294
LEGACY_N1,10,-1,CF,0.354813389233576,0.0535689345742453,0.000233828185403431,0.0535664111401294
LEGACY_N1,10,-1,CF,0.375837404288444,0.0535692424395455,0.000247679857143568,0.0535664111401294
LEGACY_N1,10,-1,CF,0.398107170553497,0.0535695878596788,0.000262351628765132,0.0535664111401294
LEGACY_N1,10,-1,CF,0.421696503428582,0.0535699754143316,0.000277891969255462,0.0535664111401294
LEGACY_N1,10,-1,CF,0.446683592150963,0.0535704102412991,0.000294352196023903,0.0535664111401294
LEGACY_N1,10,-1,CF,0.473151258961481,0.0535708981044036,0.000311786639247608,0.0535664111401294
LEGACY_N1,10,-1,CF,0.501187233627272,0.0535714454696546,0.00033025281512122,0.0535664111401294
LEGACY_N1,10,-1,CF,0.530884444230988,0.0535720595906422,0.000349811608381288,0.0535664111401294
LEGACY_N1,10,-1,CF,0.562341325190349,0.0535727486042766,0.000370527464468864,0.0535664111401294
LEGACY_N1,10,-1,CF,0.59566214352901,0.0535735216381162,0.000392468591680429,0.0535664111401294
LEGACY_N1,10,-1,CF,0.630957344480193,0.0535743889306745,0.000415707173636696,0.0535664111401294
LEGACY_N1,10,-1,CF,0.668343917568615,0.0535753619662595,0.000440319592369323,0.0535664111401294
LEGACY_N1,10,-1,CF,0.707945784384138,0.0535764536260806,0.000466386662285202,0.0535664111401294
LEGACY_N1,10,-1,CF,0.749894209332456,0.0535776783575592,0.000493993875214486,0.0535664111401294
LEGACY_N1,10,-1,CF,0.794328234724281,0.0535790523640058,0.000523231656679004,0.0535664111401294
LEGACY_N1,10,-1,CF,0.841395141645195,0.0535805938170706,0.000554195633429141,0.0535664111401294
LEGACY_N1,10,-1,CF,0.891250938133745,0.053582323094654,0.000586986912185467,0.0535664111401294
LEGACY_N1,10,-1,CF,0.944060876285923,0.0535842630472607,0.000621712369382153,0.0535664111401294
LEGACY_N1,10,-1,CF,1,0.0535864392961203,0.000658484951536696,0.0535664111401294
LEGACY_N1,10,-1,CF,1.05925372517729,0.0535888805667595,0.000697423985658742,0.0535664111401294
LEGACY_N1,10,-1,CF,1.12201845430196,0.0535916190621155,0.000738655498851913,0.0535664111401294
LEGACY_N1,10,-1,CF,1.18850222743702,0.0535946908797159,0.000782312545948062,0.0535664111401294
LEGACY_N1,10,-1,CF,1.25892541179417,0.0535981364779271,0.000828535543632643,0.0535664111401294
LEGACY_N1,10,-1,CF,1.33352143216332,0.0536020011967888,0.000877472609061054,0.0535664111401294
LEGACY_N1,10,-1,CF,1.41253754462275,0.0536063358395046,0.000929279900414662,0.0535664111401294
LEGACY_N1,10,-1,CF,1.49623565609443,0.0536111973212474,0.000984121956185388,0.0535664111401294
LEGACY_N1,10,-1,CF,1.58489319246111,0.0536166493925669,0.00104217202919037,0.0535664111401294
LEGACY_N1,10,-1,CF,1.67880401812256,0.0536227634453351,0.00110361241038142,0.0535664111401294
LEGACY_N1,10,-1,CF,1.77827941003892,0.0536296194098448,0.00116863473640264,0.0535664111401294
LEGACY_N1,10,-1,CF,1.8836490894898,0.053637306752356,0.00123744027353539,0.0535664111401294
LEGACY_N1,10,-1,CF,1.99526231496888,0.0536459255830636,0.00131024016911996,0.0535664111401294
LEGACY_N1,10,-1,CF,2.11348903983665,0.0536555878851034,0.00138725565972205,0.0535664111401294
LEGACY_N1,10,-1,CF,2.23872113856834,0.0536664188758013,0.00146871822317879,0.0535664111401294
LEGACY_N1,10,-1,CF,2.37137370566166,0.0536785585118496,0.00155486965916904,0.0535664111401294
LEGACY_N1,10,-1,CF,2.51188643150958,0.0536921631504289,0.00164596208005873,0.0535664111401294
LEGACY_N1,10,-1,CF,2.66072505979881,0.0537074073784007,0.00174225779042279,0.0535664111401294
LEGACY_N1,10,-1,CF,2.81838293126445,0.0537244860214977,0.00184402902978894,0.0535664111401294
LEGACY_N1,10,-1,CF,2.98538261891796,0.0537436163448295,0.00195155754873378,0.0535664111401294
LEGACY_N1,10,-1,CF,3.16227766016838,0.0537650404548563,0.00206513398344046,0.0535664111401294
LEGACY_N1,10,-1,CF,3.34965439157828,0.0537890279111112,0.00218505698816074,0.0535664111401294
LEGACY_N1,10,-1,CF,3.54813389233576,0.0538158785531564,0.00231163207868748,0.0535664111401294
LEGACY_N1,10,-1,CF,3.75837404288444,0.0538459255443035,0.00244517013293573,0.0535664111401294
LEGACY_N1,10,-1,CF,3.98107170553497,0.0538795386282166,0.00258598548708511,0.0535664111401294
LEGACY_N1,10,-1,CF,4.21696503428582,0.0539171275873089,0.00273439355753588,0.0535664111401294
LEGACY_N1,10,-1,CF,4.46683592150963,0.0539591458824355,0.00289070791033061,0.0535664111401294
LEGACY_N1,10,-1,CF,4.73151258961481,0.0540060944413243,0.0030552366909368,0.0535664111401294
LEGACY_N1,10,-1,CF,5.01187233627272,0.0540585255479801,0.00322827831874605,0.0535664111401294
LEGACY_N1,10,-1,CF,5.30884444230988,0.0541170467663888,0.00341011634285107,0.0535664111401294
LEGACY_N1,10,-1,CF,5.62341325190349,0.0541823248087082,0.00360101334934578,0.0535664111401294
LEGACY_N1,10,-1,CF,5.9566214352901,0.0542550892302118,0.00380120380653721,0.0535664111401294
LEGACY_N1,10,-1,CF,6.30957344480193,0.0543361358001251,0.00401088573433987,0.0535664111401294
LEGACY_N1,10,-1,CF,6.68343917568615,0.0544263293588638,0.00423021108936944,0.0535664111401294
LEGACY_N1,10,-1,CF,7.07945784384138,0.0545266059280627,0.00445927476987417,0.0535664111401294
LEGACY_N1,10,-1,CF,7.49894209332456,0.054637973790589,0.00469810216705418,0.0535664111401294
LEGACY_N1,10,-1,CF,7.94328234724281,0.0547615132045207,0.0049466352243269,0.0535664111401294
LEGACY_N1,10,-1,CF,8.41395141645195,0.0548983743597437,0.00520471701682418,0.0535664111401294
LEGACY_N1,10,-1,CF,8.91250938133745,0.0550497731314044,0.00547207493314076,0.0535664111401294
LEGACY_N1,10,-1,CF,9.44060876285924,0.0552169841353839,0.00574830263328176,0.0535664111401294
LEGACY_N1,10,-1,CF,10,0.0554013305533482,0.00603284107354473,0.0535664111401294
LEGACY_N1,10,-1,CF,10.5925372517729,0.0556041701767565,0.00632495903227955,0.0535664111401294
LEGACY_N1,10,-1,CF,11.2201845430196,0.0558268771304039,0.00662373373975309,0.0535664111401294
LEGACY_N1,10,-1,CF,11.8850222743702,0.0560708187882656,0.00692803240748591,0.0535664111401294
LEGACY_N1,10,-1,CF,12.5892541179417,0.0563373275003936,0.0072364956602091,0.0535664111401294
LEGACY_N1,10,-1,CF,13.3352143216332,0.0566276669222163,0.00754752408466437,0.0535664111401294
LEGACY_N1,10,-1,CF,14.1253754462275,0.0569429929879291,0.00785926930540585,0.0535664111401294
LEGACY_N1,10,-1,CF,14.9623565609443,0.0572843099047194,0.00816963115356575,0.0535664111401294
LEGACY_N1,10,-1,CF,15.8489319246111,0.0576524219641191,0.00847626257905974,0.0535664111401294
LEGACY_N1,10,-1,CF,16.7880401812256,0.0580478824599266,0.00877658393431269,0.0535664111401294
LEGACY_N1,10,-1,CF,17.7827941003892,0.0584709415440857,0.00906780809159219,0.0535664111401294
LEGACY_N1,10,-1,CF,18.836490894898,0.0589214954015226,0.00934697751398849,0.0535664111401294
LEGACY_N1,10,-1,CF,19.9526231496888,0.0593990396244615,0.00961101386078871,0.0535664111401294
LEGACY_N1,10,-1,CF,21.1348903983665,0.0599026300443843,0.00985677996963509,0.0535664111401294
LEGACY_N1,10,-1,CF,22.3872113856834,0.0604308544564492,0.0100811531457268,0.0535664111401294
LEGACY_N1,10,-1,CF,23.7137370566166,0.060981818571098,0.0102811076603367,0.0535664111401294
LEGACY_N1,10,-1,CF,25.1188643150958,0.0615531490926494,0.010453803308516,0.0535664111401294
LEGACY_N1,10,-1,CF,26.6072505979881,0.0621420160298695,0.0105966759184005,0.0535664111401294
LEGACY_N1,10,-1,CF,28.1838293126445,0.0627451752104804,0.0107075249760135,0.0535664111401294
LEGACY_N1,10,-1,CF,29.8538261891796,0.0633590305763325,0.0107845931585046,0.0535664111401294
LEGACY_N1,10,-1,CF,31.6227766016838,0.0639797143070786,0.0108266326546555,0.0535664111401294
LEGACY_N1,10,-1,CF,33.4965439157828,0.0646031813256548,0.0108329537412023,0.0535664111401294
LEGACY_N1,10,-1,CF,35.4813389233575,0.0652253134622685,0.0108034521555839,0.0535664111401294
LEGACY_N1,10,-1,CF,37.5837404288444,0.0658420276636754,0.0107386132659031,0.0535664111401294
LEGACY_N1,10,-1,CF,39.8107170553497,0.0664493822544255,0.0106394927304616,0.0535664111401294
LEGACY_N1,10,-1,CF,42.1696503428582,0.0670436754403281,0.010507675066865,0.0535664111401294
LEGACY_N1,10,-1,CF,44.6683592150963,0.0676215309655359,0.0103452131128975,0.0535664111401294
LEGACY_N1,10,-1,CF,47.315125896148,0.0681799669925012,0.0101545525845276,0.0535664111401294
LEGACY_N1,10,-1,CF,50.1187233627273,0.0687164457126682,0.00993844670234129,0.0535664111401294
LEGACY_N1,10,-1,CF,53.0884444230988,0.0692289027331055,0.00969986611905422,0.0535664111401294
LEGACY_N1,10,-1,CF,56.2341325190349,0.0697157567437132,0.00944190916170088,0.0535664111401294
LEGACY_N1,10,-1,CF,59.566214352901,0.0701759012065899,0.00916771678589633,0.0535664111401294
LEGACY_N1,10,-1,CF,63.0957344480193,0.0706086807283251,0.00888039574728636,0.0535664111401294
LEGACY_N1,10,-1,CF,66.8343917568615,0.0710138553370276,0.00858295246163134,0.0535664111401294
LEGACY_N1,10,-1,CF,70.7945784384138,0.0713915560987307,0.00827823897631568,0.0535664111401294
LEGACY_N1,10,-1,CF,74.9894209332456,0.0717422354206211,0.00796891151474473,0.0535664111401294
LEGACY_N1,10,-1,CF,79.4328234724281,0.0720666150726017,0.00765740125101484,0.0535664111401294
LEGACY_N1,10,-1,CF,84.1395141645195,0.0723656344933728,0.00734589636176599,0.0535664111401294
LEGACY_N1,10,-1,CF,89.1250938133746,0.0726404014078545,0.00703633399216878,0.0535664111401294
LEGACY_N1,10,-1,CF,94.4060876285924,0.0728921462325562,0.00673040054825167,0.0535664111401294
LEGACY_N1,10,-1,CF,100,0.0731221812315192,0.00642953865887668,0.0535664111401294
LEGACY_N1,10,0,PP,0.1,0.0535664966259079,4.53153757422454e-05,0.0535664111401294
LEGACY_N1,10,0,PP,0.105925372517729,0.0535665070567087,4.80004597195079e-05,0.0535664111401294
LEGACY_N1,10,0,PP,0.112201845430196,0.0535665187602491,5.08446409958562e-05,0.0535664111401294
LEGACY_N1,10,0,PP,0.118850222743702,0.0535665318918237,5.38573459383128e-05,0.0535664111401294
LEGACY_N1,10,0,PP,0.125892541179417,0.0535665466256757,5.70485593216564e-05,0.0535664111401294
LEGACY_N1,10,0,PP,0.133352143216332,0.053566563157308,6.04288573898463e-05,0.0535664111401294
LEGACY_N1,10,0,PP,0.141253754462275,0.0535665817060775,6.40094428715e-05,0.0535664111401294
LEGACY_N1,10,0,PP,0.149623565609443,0.053566602518105,6.78021820642727e-05,0.0535664111401294
LEGACY_N1,10,0,PP,0.158489319246111,0.053566625869541,7.18196441096178e-05,0.0535664111401294
LEGACY_N1,10,0,PP,0.167880401812256,0.0535666520702291,7.60751425863982e-05,0.0535664111401294
LEGACY_N1,10,0,PP,0.177827941003892,0.0535666814678166,8.05827795591759e-05,0.0535664111401294
LEGACY_N1,10,0,PP,0.18836490894898,0.0535667144523667,8.53574922247671e-05,0.0535664111401294
LEGACY_N1,10,0,PP,0.199526231496888,0.0535667514615327,9.04151023088015e-05,0.0535664111401294
LEGACY_N1,10,0,PP,0.211348903983665,0.0535667929863642,9.57723683725992e-05,0.0535664111401294
LEGACY_N1,10,0,PP,0.223872113856834,0.0535668395778206,0.000101447041199682,0.0535664111401294
LEGACY_N1,10,0,PP,0.237137370566166,0.0535668918540792,0.00010745792244068,0.0535664111401294
LEGACY_N1,10,0,PP,0.251188643150958,0.0535669505087353,0.000113824926705278,0.0535664111401294
LEGACY_N1,10,0,PP,0.266072505979881,0.0535670163200008,0.00012056914730021,0.0535664111401294
LEGACY_N1,10,0,PP,0.281838293126445,0.053567090161026,0.000127712925823077,0.0535664111401294
LEGACY_N1,10,0,PP,0.298538261891796,0.0535671730114784,0.000135279925833066,0.0535664111401294
LEGACY_N1,10,0,PP,0.316227766016838,0.0535672659705346,0.0001432952108313,0.0535664111401294
LEGACY_N1,10,0,PP,0.334965439157828,0.0535673702714547,0.000151785326795713,0.0535664111401294
LEGACY_N1,10,0,PP,0.354813389233576,0.0535674872979334,0.000160778389527862,0.0535664111401294
LEGACY_N1,10,0,PP,0.375837404288444,0.0535676186024448,0.000170304177082013,0.0535664111401294
LEGACY_N1,10,0,PP,0.398107170553497,0.0535677659268207,0.000180394227560043,0.0535664111401294
LEGACY_N1,10,0,PP,0.421696503428582,0.0535679312253379,0.000191081942569222,0.0535664111401294
LEGACY_N1,10,0,PP,0.446683592150963,0.0535681166906162,0.000202402696653579,0.0535664111401294
LEGACY_N1,10,0,PP,0.473151258961481,0.0535683247826716,0.000214393953023315,0.0535664111401294
LEGACY_N1,10,0,PP,0.501187233627272,0.0535685582615056,0.000227095385920394,0.0535664111401294
LEGACY_N1,10,0,PP,0.530884444230988,0.0535688202236626,0.000240549009971868,0.0535664111401294
LEGACY_N1,10,0,PP,0.562341325190349,0.0535691141432347,0.00025479931689552,0.0535664111401294
LEGACY_N1,10,0,PP,0.59566214352901,0.0535694439178552,0.000269893419934678,0.0535664111401294
LEGACY_N1,10,0,PP,0.630957344480193,0.0535698139202851,0.000285881206410354,0.0535664111401294
LEGACY_N1,10,0,PP,0.668343917568615,0.0535702290562687,0.000302815498788734,0.0535664111401294
LEGACY_N1,10,0,PP,0.707945784384138,0.0535706948294195,0.000320752224670036,0.0535664111401294
LEGACY_N1,10,0,PP,0.749894209332456,0.0535712174139843,0.000339750596110325,0.0535664111401294
LEGACY_N1,10,0,PP,0.794328234724281,0.0535718037364373,0.000359873298690298,0.0535664111401294
LEGACY_N1,10,0,PP,0.841395141645195,0.0535724615669698,0.000381186690743496,0.0535664111401294
LEGACY_N1,10,0,PP,0.891250938133745,0.0535731996220667,0.000403761013149925,0.0535664111401294
LEGACY_N1,10,0,PP,0.944060876285923,0.053574027679502,0.000427670610088384,0.0535664111401294
LEGACY_N1,10,0,PP,1,0.0535749567072463,0.000452994161120565,0.0535664111401294
LEGACY_N1,10,0,PP,1.05925372517729,0.053575999007949,0.000479814924950408,0.0535664111401294
LEGACY_N1,10,0,PP,1.12201845430196,0.053577168380859,0.000508220995161318,0.0535664111401294
LEGACY_N1,10,0,PP,1.18850222743702,0.0535784803032607,0.000538305568179105,0.0535664111401294
LEGACY_N1,10,0,PP,1.25892541179417,0.0535799521337449,0.000570167223637165,0.0535664111401294
LEGACY_N1,10,0,PP,1.33352143216332,0.0535816033398998,0.000603910217228878,0.0535664111401294
LEGACY_N1,10,0,PP,1.41253754462275,0.053583455753304,0.0006396447860165,0.0535664111401294
LEGACY_N1,10,0,PP,1.49623565609443,0.0535855338550274,0.000677487466021036,0.0535664111401294
LEGACY_N1,10,0,PP,1.58489319246111,0.0535878650952091,0.000717561421738105,0.0535664111401294
LEGACY_N1,10,0,PP,1.67880401812256,0.053590480250672,0.000759996787003771,0.0535664111401294
LEGACY_N1,10,0,PP,1.77827941003892,0.0535934138249709,0.000804931016363933,0.0535664111401294
LEGACY_N1,10,0,PP,1.8836490894898,0.0535967044957418,0.000852509245771666,0.0535664111401294
LEGACY_N1,10,0,PP,1.99526231496888,0.0536003956147361,0.000902884661038082,0.0535664111401294
LEGACY_N1,10,0,PP,2.11348903983665,0.0536045357664806,0.000956218871980946,0.0535664111401294
LEGACY_N1,10,0,PP,2.23872113856834,0.0536091793921052,0.00101268228963657,0.0535664111401294
LEGACY_N1,10,0,PP,2.37137370566166,0.0536143874855221,0.00107245450320704,0.0535664111401294
LEGACY_N1,10,0,PP,2.51188643150958,0.0536202283698222,0.00113572465258648,0.0535664111401294
LEGACY_N1,10,0,PP,2.66072505979881,0.0536267785624698,0.00120269179132375,0.0535664111401294
LEGACY_N1,10,0,PP,2.81838293126445,0.0536341237386189,0.00127356523370754,0.0535664111401294
LEGACY_N1,10,0,PP,2.98538261891796,0.0536423598026304,0.00134856487827396,0.0535664111401294
LEGACY_N1,10,0,PP,3.16227766016838,0.0536515940786242,0.00142792149840005,0.0535664111401294
LEGACY_N1,10,0,PP,3.34965439157828,0.0536619466316289,0.00151187698872219,0.0535664111401294
LEGACY_N1,10,0,PP,3.54813389233576,0.0536735517315634,0.00160068455386134,0.0535664111401294
LEGACY_N1,10,0,PP,3.75837404288444,0.0536865594728618,0.00169460882329982,0.0535664111401294
LEGACY_N1,10,0,PP,3.98107170553497,0.0537011375629737,0.00179392587318584,0.0535664111401294
LEGACY_N1,10,0,PP,4.21696503428582,0.0537174732931773,0.0018989231322852,0.0535664111401294
LEGACY_N1,10,0,PP,4.46683592150963,0.0537357757050345,0.00200989914519848,0.0535664111401294
LEGACY_N1,10,0,PP,4.73151258961481,0.0537562779652908,0.00212716316125834,0.0535664111401294
LEGACY_N1,10,0,PP,5.01187233627272,0.0537792399609335,0.00225103451216061,0.0535664111401294
LEGACY_N1,10,0,PP,5.30884444230988,0.0538049511243007,0.00238184173531841,0.0535664111401294
LEGACY_N1,10,0,PP,5.62341325190349,0.0538337334953667,0.0025199213931267,0.0535664111401294
LEGACY_N1,10,0,PP,5.9566214352901,0.0538659450243574,0.00266561653077627,0.0535664111401294
LEGACY_N1,10,0,PP,6.30957344480193,0.0539019831123725,0.00281927470698435,0.0535664111401294
LEGACY_N1,10,0,PP,6.68343917568615,0.0539422883803341,0.00298124552308847,0.0535664111401294
LEGACY_N1,10,0,PP,7.07945784384138,0.0539873486469289,0.00315187756652509,0.0535664111401294
LEGACY_N1,10,0,PP,7.49894209332456,0.0540377030837771,0.00333151467502287,0.0535664111401294
LEGACY_N1,10,0,PP,7.94328234724281,0.0540939465002973,0.00352049141825037,0.0535664111401294
LEGACY_N1,10,0,PP,8.41395141645195,0.0541567336910699,0.00371912768469697,0.0535664111401294
LEGACY_N1,10,0,PP,8.91250938133745,0.0542267837543036,0.00392772225397658,0.0535664111401294
LEGACY_N1,10,0,PP,9.44060876285924,0.0543048842607005,0.00414654522952408,0.0535664111401294
LEGACY_N1,10,0,PP,10,0.0543918951170512,0.00437582920511884,0.0535664111401294
LEGACY_N1,10,0,PP,10.5925372517729,0.0544887519279058,0.00461575904250098,0.0535664111401294
LEGACY_N1,10,0,PP,11.2201845430196,0.0545964686115455,0.00486646014864241,0.0535664111401294
LEGACY_N1,10,0,PP,11.8850222743702,0.0547161389735327,0.00512798516253927,0.0535664111401294
LEGACY_N1,10,0,PP,12.5892541179417,0.0548489368832894,0.0054002989956925,0.0535664111401294
LEGACY_N1,10,0,PP,13.3352143216332,0.0549961146382243,0.00568326222110752,0.0535664111401294
LEGACY_N1,10,0,PP,14.1253754462275,0.0551589990388749,0.005976612876289,0.0535664111401294
LEGACY_N1,10,0,PP,14.9623565609443,0.055338984641746,0.00627994683993638,0.0535664111401294
LEGACY_N1,10,0,PP,15.8489319246111,0.0555375236102221,0.0065926970630492,0.0535664111401294
LEGACY_N1,10,0,PP,16.7880401812256,0.0557561115563135,0.0069141120851015,0.0535664111401294
LEGACY_N1,10,0,PP,17.7827941003892,0.0559962687674354,0.00724323444519722,0.0535664111401294
LEGACY_N1,10,0,PP,18.836490894898,0.0562595162552973,0.00757887980417408,0.0535664111401294
LEGACY_N1,10,0,PP,19.9526231496888,0.0565473461621849,0.00791961781994151,0.0535664111401294
LEGACY_N1,10,0,PP,21.1348903983665,0.0568611862278342,0.00826375605304733,0.0535664111401294
LEGACY_N1,10,0,PP,22.3872113856834,0.057202358270856,0.00860932840423356,0.0535664111401294
LEGACY_N1,10,0,PP,23.7137370566166,0.0575720309817077,0.00895408977502984,0.0535664111401294
LEGACY_N1,10,0,PP,25.1188643150958,0.0579711677620436,0.00929551876361847,0.0535664111401294
LEGACY_N1,10,0,PP,26.6072505979881,0.0584004708697563,0.00963083022297429,0.0535664111401294
LEGACY_N1,10,0,PP,28.1838293126445,0.0588603237175883,0.00995699937580042,0.0535664111401294
LEGACY_N1,10,0,PP,29.8538261891796,0.0593507337858046,0.010270798862932,0.0535664111401294
LEGACY_N1,10,0,PP,31.6227766016838,0.05987127918741,0.0105688495705499,0.0535664111401294
LEGACY_N1,10,0,PP,33.4965439157828,0.0604210623922591,0.0108476853273654,0.0535664111401294
LEGACY_N1,10,0,PP,35.4813389233575,0.0609986748878219,0.0111038306041914,0.0535664111401294
LEGACY_N1,10,0,PP,37.5837404288444,0.0616021765427518,0.0113338892380517,0.0535664111401294
LEGACY_N1,10,0,PP,39.8107170553497,0.0622290930727172,0.0115346410317841,0.0535664111401294
LEGACY_N1,10,0,PP,42.1696503428582,0.0628764342457963,0.0117031419722069,0.0535664111401294
LEGACY_N1,10,0,PP,44.6683592150963,0.063540734314404,0.0118368229110658,0.0535664111401294
LEGACY_N1,10,0,PP,47.315125896148,0.0642181146882074,0.0119335810101948,0.0535664111401294
LEGACY_N1,10,0,PP,50.1187233627273,0.0649043671938954,0.0119918581881761,0.0535664111401294
LEGACY_N1,10,0,PP,53.0884444230988,0.0655950545784822,0.0120107012919727,0.0535664111401294
LEGACY_N1,10,0,PP,56.2341325190349,0.0662856234047233,0.0119897997534932,0.0535664111401294
LEGACY_N1,10,0,PP,59.566214352901,0.0669715233558706,0.0119294979969609,0.0535664111401294
LEGACY_N1,10,0,PP,63.0957344480193,0.0676483263672031,0.0118307816830516,0.0535664111401294
LEGACY_N1,10,0,PP,66.8343917568615,0.0683118390181124,0.0116952388027879,0.0535664111401294
LEGACY_N1,10,0,PP,70.7945784384138,0.0689582022486527,0.0115249984427504,0.0535664111401294
LEGACY_N1,10,0,PP,74.9894209332456,0.0695839736196624,0.0113226515279779,0.0535664111401294
LEGACY_N1,10,0,PP,79.4328234724281,0.0701861888580623,0.0110911588581646,0.0535664111401294
LEGACY_N1,10,0,PP,84.1395141645195,0.0707624011219146,0.0108337522097269,0.0535664111401294
LEGACY_N1,10,0,PP,89.1250938133746,0.0713106980822098,0.0105538341850401,0.0535664111401294
LEGACY_N1,10,0,PP,94.4060876285924,0.0718296983767632,0.0102548819255508,0.0535664111401294
LEGACY_N1,10,0,PP,100,0.072318530122885,0.00994035889207655,0.0535664111401294
LEGACY_N1,10,0,CF,0.1,0.0535666200939466,7.08471996159283e-05,0.0535664111401294
LEGACY_N1,10,0,CF,0.105925372517729,0.0535666455899195,7.50450804590879e-05,0.0535664111401294
LEGACY_N1,10,0,CF,0.112201845430196,0.0535666741968072,7.94916863656016e-05,0.0535664111401294
LEGACY_N1,10,0,CF,0.118850222743702,0.0535667062941821,8.42017523918312e-05,0.0535664111401294
LEGACY_N1,10,0,CF,0.125892541179417,0.0535667423079269,8.91908861676461e-05,0.0535664111401294
LEGACY_N1,10,0,CF,0.133352143216332,0.0535667827158845,9.44756194991004e-05,0.0535664111401294
LEGACY_N1,10,0,CF,0.141253754462275,0.0535668280541969,0.000100073463009811,0.0535664111401294
LEGACY_N1,10,0,CF,0.149623565609443,0.0535668789244164,0.000106002963997516,0.0535664111401294
LEGACY_N1,10,0,CF,0.158489319246111,0.0535669360014849,0.00011228376769208,0.0535664111401294
LEGACY_N1,10,0,CF,0.167880401812256,0.0535670000426861,0.000118936682111459,0.0535664111401294
LEGACY_N1,10,0,CF,0.177827941003892,0.0535670718976893,0.000125983746722808,0.0535664111401294
LEGACY_N1,10,0,CF,0.18836490894898,0.053567152519817,0.000133448305127086,0.0535664111401294
LEGACY_N1,10,0,CF,0.199526231496888,0.053567242978688,0.000141355081997108,0.0535664111401294
LEGACY_N1,10,0,CF,0.211348903983665,0.0535673444743994,0.000149730264510987,0.0535664111401294
LEGACY_N1,10,0,CF,0.223872113856834,0.0535674583534396,0.000158601588535421,0.0535664111401294
LEGACY_N1,10,0,CF,0.237137370566166,0.0535675861265388,0.000167998429826024,0.0535664111401294
LEGACY_N1,10,0,CF,0.251188643150958,0.0535677294886959,0.000177951900525127,0.0535664111401294
LEGACY_N1,10,0,CF,0.266072505979881,0.0535678903416445,0.00018849495125087,0.0535664111401294
LEGACY_N1,10,0,CF,0.281838293126445,0.0535680708190567,0.000199662479085054,0.0535664111401294
LEGACY_N1,10,0,CF,0.298538261891796,0.053568273314815,0.000211491441780966,0.0535664111401294
LEGACY_N1,10,0,CF,0.316227766016838,0.0535685005147283,0.000224020978526061,0.0535664111401294
LEGACY_N1,10,0,CF,0.334965439157828,0.0535687554321071,0.00023729253760794,0.0535664111401294
LEGACY_N1,10,0,CF,0.354813389233576,0.0535690414476689,0.000251350011345156,0.0535664111401294
LEGACY_N1,10,0,CF,0.375837404288444,0.0535693623542986,0.000266239878656876,0.0535664111401294
LEGACY_N1,10,0,CF,0.398107170553497,0.053569722407251,0.000282011355656995,0.0535664111401294
LEGACY_N1,10,0,CF,0.421696503428582,0.0535701263804574,0.000298716554668534,0.0535664111401294
LEGACY_N1,10,0,CF,0.446683592150963,0.0535705796296726,0.000316410652062646,0.0535664111401294
LEGACY_N1,10,0,CF,0.473151258961481,0.0535710881632916,0.000335152065332758,0.0535664111401294
LEGACY_N1,10,0,CF,0.501187233627272,0.0535716587217604,0.00035500263981761,0.0535664111401294
LEGACY_N1,10,0,CF,0.530884444230988,0.0535722988666199,0.000376027845486419,0.0535664111401294
LEGACY_N1,10,0,CF,0.562341325190349,0.0535730170803411,0.000398296984194208,0.0535664111401294
LEGACY_N1,10,0,CF,0.59566214352901,0.0535738228782518,0.00042188340780421,0.0535664111401294
LEGACY_N1,10,0,CF,0.630957344480193,0.0535747269340047,0.000446864747555988,0.0535664111401294
LEGACY_N1,10,0,CF,0.668343917568615,0.0535757412202111,0.000473323155030712,0.0535664111401294
LEGACY_N1,10,0,CF,0.707945784384138,0.0535768791660525,0.000501345555027,0.0535664111401294
LEGACY_N1,10,0,CF,0.749894209332456,0.0535781558338942,0.000531023910609571,0.0535664111401294
LEGACY_N1,10,0,CF,0.794328234724281,0.0535795881171621,0.000562455500525794,0.0535664111401294
LEGACY_N1,10,0,CF,0.841395141645195,0.0535811949620015,0.000595743209098808,0.0535664111401294
LEGACY_N1,10,0,CF,0.891250938133745,0.0535829976155269,0.000630995828596319,0.0535664111401294
LEGACY_N1,10,0,CF,0.944060876285923,0.0535850199037896,0.000668328373936787,0.0535664111401294
LEGACY_N1,10,0,CF,1,0.0535872885429427,0.00070786240942396,0.0535664111401294
LEGACY_N1,10,0,CF,1.05925372517729,0.053589833487467,0.000749726386990261,0.0535664111401294
LEGACY_N1,10,0,CF,1.12201845430196,0.0535926883197479,0.000794055995171573,0.0535664111401294
LEGACY_N1,10,0,CF,1.18850222743702,0.0535958906857562,0.000840994517721638,0.0535664111401294
LEGACY_N1,10,0,CF,1.25892541179417,0.0535994827820896,0.000890693200393048,0.0535664111401294
LEGACY_N1,10,0,CF,1.33352143216332,0.0536035119001805,0.00094331162395124,0.0535664111401294
LEGACY_N1,10,0,CF,1.41253754462275,0.0536080310340654,0.000999018080933785,0.0535664111401294
LEGACY_N1,10,0,CF,1.49623565609443,0.053613099558745,0.00105798995300262,0.0535664111401294
LEGACY_N1,10,0,CF,1.58489319246111,0.0536187839868342,0.00112041408494249,0.0535664111401294
LEGACY_N1,10,0,CF,1.67880401812256,0.0536251588119128,0.00118648715041216,0.0535664111401294
LEGACY_N1,10,0,CF,1.77827941003892,0.0536323074477212,0.00125641600343019,0.0535664111401294
LEGACY_N1,10,0,CF,1.8836490894898,0.0536403232731016,0.00133041800824459,0.0535664111401294
LEGACY_N1,10,0,CF,1.99526231496888,0.0536493107933414,0.00140872133866209,0.0535664111401294
LEGACY_N1,10,0,CF,2.11348903983665,0.0536593869293115,0.0014915652360601,0.0535664111401294
LEGACY_N1,10,0,CF,2.23872113856834,0.0536706824464834,0.00157920021313013,0.0535664111401294
LEGACY_N1,10,0,CF,2.37137370566166,0.0536833435365109,0.0016718881878593,0.0535664111401294
LEGACY_N1,10,0,CF,2.51188643150958,0.0536975335645244,0.00176990252929439,0.0535664111401294
LEGACY_N1,10,0,CF,2.66072505979881,0.0537134349955534,0.00187352799319768,0.0535664111401294
LEGACY_N1,10,0,CF,2.81838293126445,0.0537312515134638,0.00198306052173611,0.0535664111401294
LEGACY_N1,10,0,CF,2.98538261891796,0.0537512103453823,0.00209880687679004,0.0535664111401294
LEGACY_N1,10,0,CF,3.16227766016838,0.0537735648036398,0.00222108407126684,0.0535664111401294
LEGACY_N1,10,0,CF,3.34965439157828,0.0537985970556337,0.00235021855691034,0.0535664111401294
LEGACY_N1,10,0,CF,3.54813389233576,0.0538266211294881,0.00248654512047221,0.0535664111401294
LEGACY_N1,10,0,CF,3.75837404288444,0.0538579861597306,0.00263040543273867,0.0535664111401294
LEGACY_N1,10,0,CF,3.98107170553497,0.0538930798721148,0.00278214618680118,0.0535664111401294
LEGACY_N1,10,0,CF,4.21696503428582,0.0539323322998401,0.00294211675318276,0.0535664111401294
LEGACY_N1,10,0,CF,4.46683592150963,0.0539762197143564,0.00311066627010811,0.0535664111401294
LEGACY_N1,10,0,CF,4.73151258961481,0.0540252687422085,0.00328814007754993,0.0535664111401294
LEGACY_N1,10,0,CF,5.01187233627272,0.0540800606244564,0.00347487539402803,0.0535664111401294
LEGACY_N1,10,0,CF,5.30884444230988,0.0541412355565149,0.00367119612596987,0.0535664111401294
LEGACY_N1,10,0,CF,5.62341325190349,0.0542094970231909,0.00387740669144737,0.0535664111401294
LEGACY_N1,10,0,CF,5.9566214352901,0.0542856160156459,0.00409378473421752,0.0535664111401294
LEGACY_N1,10,0,CF,6.30957344480193,0.0543704349834308,0.00432057260144926,0.0535664111401294
LEGACY_N1,10,0,CF,6.68343917568615,0.0544648713352008,0.0045579674609056,0.0535664111401294
LEGACY_N1,10,0,CF,7.07945784384138,0.0545699202560402,0.00480610994266536,0.0535664111401294
LEGACY_N1,10,0,CF,7.49894209332456,0.0546866565577054,0.00506507120914968,0.0535664111401294
LEGACY_N1,10,0,CF,7.94328234724281,0.0548162352212905,0.00533483838814893,0.0535664111401294
LEGACY_N1,10,0,CF,8.41395141645195,0.054959890231414,0.00561529835001336,0.0535664111401294
LEGACY_N1,10,0,CF,8.91250938133745,0.0551189312396529,0.00590621987575278,0.0535664111401294
LEGACY_N1,10,0,CF,9.44060876285924,0.0552947375366728,0.0062072343511225,0.0535664111401294
LEGACY_N1,10,0,CF,10,0.0554887487630476,0.00651781523618936,0.0535664111401294
LEGACY_N1,10,0,CF,10.5925372517729,0.0557024517558659,0.006837256702852,0.0535664111401294
LEGACY_N1,10,0,CF,11.2201845430196,0.0559373629217291,0.00716465200520246,0.0535664111401294
LEGACY_N1,10,0,CF,11.8850222743702,0.0561950055585973,0.00749887234774468,0.0535664111401294
LEGACY_N1,10,0,CF,12.5892541179417,0.0564768816327414,0.00783854723885788,0.0535664111401294
LEGACY_N1,10,0,CF,13.3352143216332,0.0567844376671943,0.00818204755101461,0.0535664111401294
LEGACY_N1,10,0,CF,14.1253754462275,0.0571190246281978,0.00852747273841749,0.0535664111401294
LEGACY_N1,10,0,CF,14.9623565609443,0.0574818520167841,0.00887264386310433,0.0535664111401294
LEGACY_N1,10,0,CF,15.8489319246111,0.0578739367882845,0.00921510422117374,0.0535664111401294
LEGACY_N1,10,0,CF,16.7880401812256,0.0582960482279704,0.0095521294044213,0.0535664111401294
LEGACY_N1,10,0,CF,17.7827941003892,0.0587486504873425,0.00988074853871852,0.0535664111401294
LEGACY_N1,10,0,CF,18.836490894898,0.0592318450971209,0.010197778169567,0.0535664111401294
LEGACY_N1,10,0,CF,19.9526231496888,0.059745316365434,0.0104998697861839,0.0535664111401294
LEGACY_N1,10,0,CF,21.1348903983665,0.0602882830711933,0.0107835712735875,0.0535664111401294
LEGACY_N1,10,0,CF,22.3872113856834,0.0608594601886077,0.0110454016684376,0.0535664111401294
LEGACY_N1,10,0,CF,23.7137370566166,0.0614570344415299,0.0112819375132136,0.0535664111401294
LEGACY_N1,10,0,CF,25.1188643150958,0.0620786572088467,0.0114899079364336,0.0535664111401294
LEGACY_N1,10,0,CF,26.6072505979881,0.0627214576349727,0.0116662944510945,0.0535664111401294
LEGACY_N1,10,0,CF,28.1838293126445,0.0633820777374359,0.0118084305015224,0.0535664111401294
LEGACY_N1,10,0,CF,29.8538261891796,0.0640567298980909,0.0119140951492739,0.0535664111401294
LEGACY_N1,10,0,CF,31.6227766016838,0.0647412754880334,0.0119815951024473,0.0535664111401294
LEGACY_N1,10,0,CF,33.4965439157828,0.0654313216742451,0.0120098296456934,0.0535664111401294
LEGACY_N1,10,0,CF,35.4813389233575,0.066122331886531,0.0119983339386583,0.0535664111401294
LEGACY_N1,10,0,CF,37.5837404288444,0.066809744186668,0.0119472975568446,0.0535664111401294
LEGACY_N1,10,0,CF,39.8107170553497,0.0674890910453613,0.0118575569118532,0.0535664111401294
LEGACY_N1,10,0,CF,42.1696503428582,0.0681561138998774,0.0117305621099773,0.0535664111401294
LEGACY_N1,10,0,CF,44.6683592150963,0.0688068663549629,0.0115683206646673,0.0535664111401294
LEGACY_N1,10,0,CF,47.315125896148,0.0694378009326121,0.0113733220560411,0.0535664111401294
LEGACY_N1,10,0,CF,50.1187233627273,0.0700458357286548,0.0111484482624258,0.0535664111401294
LEGACY_N1,10,0,CF,53.0884444230988,0.0706283990053215,0.0108968759792611,0.0535664111401294
LEGACY_N1,10,0,CF,56.2341325190349,0.0711834514357306,0.0106219762748443,0.0535664111401294
LEGACY_N1,10,0,CF,59.566214352901,0.0717094872362215,0.0103272169700734,0.0535664111401294
LEGACY_N1,10,0,CF,63.0957344480193,0.0722055166391889,0.0100160721856324,0.0535664111401294
LEGACY_N1,10,0,CF,66.8343917568615,0.0726710329952285,0.00969194241950065,0.0535664111401294
LEGACY_N1,10,0,CF,70.7945784384138,0.0731059682314154,0.00935808734796323,0.0535664111401294
LEGACY_N1,10,0,CF,74.9894209332456,0.0735106404651003,0.00901757241383573,0.0535664111401294
LEGACY_N1,10,0,CF,79.4328234724281,0.0738856973472342,0.00867322927373451,0.0535664111401294
LEGACY_N1,10,0,CF,84.1395141645195,0.0742320582710166,0.00832762938186996,0.0535664111401294
LEGACY_N1,10,0,CF,89.1250938133746,0.0745508580179196,0.00798306941528965,0.0535664111401294
LEGACY_N1,10,0,CF,94.4060876285924,0.0748433938019604,0.00764156688984776,0.0535664111401294
LEGACY_N1,10,0,CF,100,0.0751110770765102,0.0073048641520934,0.0535664111401294
LEGACY_N1,10,1,PP,0.1,0.0535664915446776,4.07980352963296e-05,0.0535664111401294
LEGACY_N1,10,1,PP,0.105925372517729,0.0535665013554735,4.32154503868134e-05,0.0535664111401294
LEGACY_N1,10,1,PP,0.112201845430196,0.0535665123633565,4.57761024660678e-05,0.0535664111401294
LEGACY_N1,10,1,PP,0.118850222743702,0.0535665247143904,4.84884781315296e-05,0.0535664111401294
LEGACY_N1,10,1,PP,0.125892541179417,0.0535665385724609,5.13615667059713e-05,0.0535664111401294
LEGACY_N1,10,1,PP,0.133352143216332,0.0535665541214496,5.44048899999937e-05,0.0535664111401294
LEGACY_N1,10,1,PP,0.141253754462275,0.0535665715676741,5.76285338331811e-05,0.0535664111401294
LEGACY_N1,10,1,PP,0.149623565609443,0.0535665911426249,6.10431814172128e-05,0.0535664111401294
LEGACY_N1,10,1,PP,0.158489319246111,0.0535666131060369,6.46601487101611e-05,0.0535664111401294
LEGACY_N1,10,1,PP,0.167880401812256,0.053566637749335,6.84914218574839e-05,0.0535664111401294
LEGACY_N1,10,1,PP,0.177827941003892,0.0535666653995004,7.25496968418102e-05,0.0535664111401294
LEGACY_N1,10,1,PP,0.18836490894898,0.0535666964234083,7.68484214705678e-05,0.0535664111401294
LEGACY_N1,10,1,PP,0.199526231496888,0.0535667312326948,8.14018398377993e-05,0.0535664111401294
LEGACY_N1,10,1,PP,0.211348903983665,0.0535667702892172,8.62250394041839e-05,0.0535664111401294
LEGACY_N1,10,1,PP,0.223872113856834,0.0535668141111807,9.13340008473275e-05,0.0535664111401294
LEGACY_N1,10,1,PP,0.237137370566166,0.0535668632800116,9.67456508428123e-05,0.0535664111401294
LEGACY_N1,10,1,PP,0.251188643150958,0.0535669184480692,0.000102477917945323,0.0535664111401294
LEGACY_N1,10,1,PP,0.266072505979881,0.0535669803472978,0.000108549791748373,0.0535664111401294
LEGACY_N1,10,1,PP,0.281838293126445,0.053567049798934,0.000114981385510772,0.0535664111401294
LEGACY_N1,10,1,PP,0.298538261891796,0.0535671277243966,0.000121794002447951,0.0535664111401294
LEGACY_N1,10,1,PP,0.316227766016838,0.0535672151575053,0.000129010205896644,0.0535664111401294
LEGACY_N1,10,1,PP,0.334965439157828,0.0535673132581876,0.000136653893572136,0.0535664111401294
LEGACY_N1,10,1,PP,0.354813389233576,0.0535674233278565,0.000144750376148348,0.0535664111401294
LEGACY_N1,10,1,PP,0.375837404288444,0.0535675468266629,0.000153326460402354,0.0535664111401294
LEGACY_N1,10,1,PP,0.398107170553497,0.0535676853928485,0.000162410537176517,0.0535664111401294
LEGACY_N1,10,1,PP,0.421696503428582,0.0535678408644574,0.000172032674423181,0.0535664111401294
LEGACY_N1,10,1,PP,0.446683592150963,0.0535680153036915,0.000182224715608681,0.0535664111401294
LEGACY_N1,10,1,PP,0.473151258961481,0.0535682110242314,0.000193020383765243,0.0535664111401294
LEGACY_N1,10,1,PP,0.501187233627272,0.0535684306218829,0.000204455391491009,0.0535664111401294
LEGACY_N1,10,1,PP,0.530884444230988,0.0535686770089537,0.000216567557209712,0.0535664111401294
LEGACY_N1,10,1,PP,0.562341325190349,0.0535689534528114,0.0002293969280123,0.0535664111401294
LEGACY_N1,10,1,PP,0.59566214352901,0.053569263619131,0.000242985909412781,0.0535664111401294
LEGACY_N1,10,1,PP,0.630957344480193,0.0535696116203997,0.000257379402359379,0.0535664111401294
LEGACY_N1,10,1,PP,0.668343917568615,0.0535700020703148,0.000272624947849429,0.0535664111401294
LEGACY_N1,10,1,PP,0.707945784384138,0.0535704401447888,0.000288772879501771,0.0535664111401294
LEGACY_N1,10,1,PP,0.749894209332456,0.0535709316503574,0.000305876484443225,0.0535664111401294
LEGACY_N1,10,1,PP,0.794328234724281,0.0535714831008864,0.000323992172865273,0.0535664111401294
LEGACY_N1,10,1,PP,0.841395141645195,0.0535721018035746,0.0003431796566026,0.0535664111401294
LEGACY_N1,10,1,PP,0.891250938133745,0.0535727959553727,0.000363502137075603,0.0535664111401294
LEGACY_N1,10,1,PP,0.944060876285923,0.0535735747510682,0.000385026502923241,0.0535664111401294
LEGACY_N1,10,1,PP,1,0.0535744485044336,0.000407823537629184,0.0535664111401294
LEGACY_N1,10,1,PP,1.05925372517729,0.0535754287840012,0.000431968137411488,0.0535664111401294
LEGACY_N1,10,1,PP,1.12201845430196,0.0535765285652072,0.000457539539601973,0.0535664111401294
LEGACY_N1,10,1,PP,1.18850222743702,0.0535777624008525,0.000484621561683647,0.0535664111401294
LEGACY_N1,10,1,PP,1.25892541179417,0.0535791466120511,0.000513302851080123,0.0535664111401294
LEGACY_N1,10,1,PP,1.33352143216332,0.0535806995020852,0.000543677145696628,0.0535664111401294
LEGACY_N1,10,1,PP,1.41253754462275,0.0535824415958618,0.000575843545093868,0.0535664111401294
LEGACY_N1,10,1,PP,1.49623565609443,0.0535843959079663,0.000609906792029011,0.0535664111401294
LEGACY_N1,10,1,PP,1.58489319246111,0.0535865882426431,0.000645977563916751,0.0535664111401294
LEGACY_N1,10,1,PP,1.67880401812256,0.0535890475293997,0.00068417277354133,0.0535664111401294
LEGACY_N1,10,1,PP,1.77827941003892,0.0535918061983258,0.000724615878079635,0.0535664111401294
LEGACY_N1,10,1,PP,1.8836490894898,0.0535949005996597,0.000767437195167191,0.0535664111401294
LEGACY_N1,10,1,PP,1.99526231496888,0.0535983714726009,0.000812774224342212,0.0535664111401294
LEGACY_N1,10,1,PP,2.11348903983665,0.05360226446888,0.000860771971725615,0.0535664111401294
LEGACY_N1,10,1,PP,2.23872113856834,0.0536066307371402,0.000911583275222515,0.0535664111401294
LEGACY_N1,10,1,PP,2.37137370566166,0.0536115275747655,0.000965369126846514,0.0535664111401294
LEGACY_N1,10,1,PP,2.51188643150958,0.0536170191543991,0.00102229898795275,0.0535664111401294
LEGACY_N1,10,1,PP,2.66072505979881,0.0536231773330325,0.00108255109219689,0.0535664111401294
LEGACY_N1,10,1,PP,2.81838293126445,0.0536300825521939,0.00114631272988968,0.0535664111401294
LEGACY_N1,10,1,PP,2.98538261891796,0.0536378248384182,0.0012137805060613,0.0535664111401294
LEGACY_N1,10,1,PP,3.16227766016838,0.053646504913814,0.00128516056295391,0.0535664111401294
LEGACY_N1,10,1,PP,3.34965439157828,0.0536562354271399,0.00136066875578845,0.0535664111401294
LEGACY_N1,10,1,PP,3.54813389233576,0.0536671423163201,0.00144053076846148,0.0535664111401294
LEGACY_N1,10,1,PP,3.75837404288444,0.0536793663137307,0.00152498215327708,0.0535664111401294
LEGACY_N1,10,1,PP,3.98107170553497,0.053693064605816,0.00161426827585932,0.0535664111401294
LEGACY_N1,10,1,PP,4.21696503428582,0.0537084126585719,0.00170864414297366,0.0535664111401294
LEGACY_N1,10,1,PP,4.46683592150963,0.0537256062200794,0.00180837408706129,0.0535664111401294
LEGACY_N1,10,1,PP,4.73151258961481,0.053744863510459,0.00191373127681073,0.0535664111401294
LEGACY_N1,10,1,PP,5.01187233627272,0.0537664276082155,0.00202499701801314,0.0535664111401294
LEGACY_N1,10,1,PP,5.30884444230988,0.0537905690397719,0.002142459803241,0.0535664111401294
LEGACY_N1,10,1,PP,5.62341325190349,0.0538175885758416,0.00226641406253811,0.0535664111401294
LEGACY_N1,10,1,PP,5.9566214352901,0.0538478202339047,0.00239715856032671,0.0535664111401294
LEGACY_N1,10,1,PP,6.30957344480193,0.0538816344801358,0.00253499437617494,0.0535664111401294
LEGACY_N1,10,1,PP,6.68343917568615,0.0539194416163241,0.00268022239903502,0.0535664111401294
LEGACY_N1,10,1,PP,7.07945784384138,0.0539616953272258,0.00283314025624131,0.0535664111401294
LEGACY_N1,10,1,PP,7.49894209332456,0.0540088963509415,0.0029940385902356,0.0535664111401294
LEGACY_N1,10,1,PP,7.94328234724281,0.0540615962188152,0.00316319658808426,0.0535664111401294
LEGACY_N1,10,1,PP,8.41395141645195,0.0541204009914864,0.00334087666195735,0.0535664111401294
LEGACY_N1,10,1,PP,8.91250938133745,0.0541859748935708,0.00352731817365909,0.0535664111401294
LEGACY_N1,10,1,PP,9.44060876285924,0.0542590437205217,0.00372273009409306,0.0535664111401294
LEGACY_N1,10,1,PP,10,0.0543403978571672,0.00392728249058506,0.0535664111401294
LEGACY_N1,10,1,PP,10.5925372517729,0.054430894708074,0.00414109674299046,0.0535664111401294
LEGACY_N1,10,1,PP,11.2201845430196,0.0545314602954161,0.00436423440557972,0.0535664111401294
LEGACY_N1,10,1,PP,11.8850222743702,0.0546430897310896,0.00459668465831021,0.0535664111401294
LEGACY_N1,10,1,PP,12.5892541179417,0.0547668462177622,0.00483835033108662,0.0535664111401294
LEGACY_N1,10,1,PP,13.3352143216332,0.0549038581806572,0.00508903254106741,0.0535664111401294
LEGACY_N1,10,1,PP,14.1253754462275,0.0550553140816299,0.00534841405912561,0.0535664111401294
LEGACY_N1,10,1,PP,14.9623565609443,0.0552224544244372,0.00561604162009329,0.0535664111401294
LEGACY_N1,10,1,PP,15.8489319246111,0.0554065604316909,0.00589130751455061,0.0535664111401294
LEGACY_N1,10,1,PP,16.7880401812256,0.0556089388682935,0.00617343094841726,0.0535664111401294
LEGACY_N1,10,1,PP,17.7827941003892,0.0558309025134715,0.00646143982899626,0.0535664111401294
LEGACY_N1,10,1,PP,18.836490894898,0.0560737458555638,0.0067541538277044,0.0535664111401294
LEGACY_N1,10,1,PP,19.9526231496888,0.0563387157128919,0.00705016977147386,0.0535664111401294
LEGACY_N1,10,1,PP,21.1348903983665,0.05662697668208,0.00734785061233831,0.0535664111401294
LEGACY_N1,10,1,PP,22.3872113856834,0.0569395715912413,0.00764531939753475,0.0535664111401294
LEGACY_N1,10,1,PP,23.7137370566166,0.0572773774933733,0.00794045978385274,0.0535664111401294
LEGACY_N1,10,1,PP,25.1188643150958,0.0576410581706123,0.00823092467791616,0.0535664111401294
LEGACY_N1,10,1,PP,26.6072505979881,0.0580310146164944,0.00851415450358145,0.0535664111401294
LEGACY_N1,10,1,PP,28.1838293126445,0.0584473354903465,0.00878740636475536,0.0535664111401294
LEGACY_N1,10,1,PP,29.8538261891796,0.0588897500486545,0.0090477949597249,0.0535664111401294
LEGACY_N1,10,1,PP,31.6227766016838,0.0593575864908176,0.0092923454988731,0.0535664111401294
LEGACY_N1,10,1,PP,33.4965439157828,0.0598497389382734,0.00951805809081089,0.0535664111401294
LEGACY_N1,10,1,PP,35.4813389233575,0.0603646463209444,0.00972198213060543,0.0535664111401294
LEGACY_N1,10,1,PP,37.5837404288444,0.0609002862069358,0.00990129821828315,0.0535664111401294
LEGACY_N1,10,1,PP,39.8107170553497,0.0614541860376583,0.0100534041569064,0.0535664111401294
LEGACY_N1,10,1,PP,42.1696503428582,0.0620234533163989,0.0101760007497525,0.0535664111401294
LEGACY_N1,10,1,PP,44.6683592150963,0.0626048250880429,0.0102671725638,0.0535664111401294
LEGACY_N1,10,1,PP,47.315125896148,0.0631947356378307,0.0103254586646883,0.0535664111401294
LEGACY_N1,10,1,PP,50.1187233627273,0.0637893998701407,0.010349908630798,0.0535664111401294
LEGACY_N1,10,1,PP,53.0884444230988,0.0643849084750437,0.0103401199371051,0.0535664111401294
LEGACY_N1,10,1,PP,56.2341325190349,0.0649773299233845,0.0102962540100497,0.0535664111401294
LEGACY_N1,10,1,PP,59.566214352901,0.0655628136949162,0.0102190297731823,0.0535664111401294
LEGACY_N1,10,1,PP,63.0957344480193,0.0661376890277592,0.010109695159575,0.0535664111401294
LEGACY_N1,10,1,PP,66.8343917568615,0.066698553897723,0.0099699786674568,0.0535664111401294
LEGACY_N1,10,1,PP,70.7945784384138,0.0672423498333678,0.00980202439625066,0.0535664111401294
LEGACY_N1,10,1,PP,74.9894209332456,0.0677664194234044,0.00960831497707428,0.0535664111401294
LEGACY_N1,10,1,PP,79.4328234724281,0.0682685448128921,0.00939158732219299,0.0535664111401294
LEGACY_N1,10,1,PP,84.1395141645195,0.068746966938589,0.00915474614893976,0.0535664111401294
LEGACY_N1,10,1,PP,89.1250938133746,0.0692003865644371,0.00890077983652044,0.0535664111401294
LEGACY_N1,10,1,PP,94.4060876285924,0.0696279492277739,0.00863268244794803,0.0535664111401294
LEGACY_N1,10,1,PP,100,0.070029216928641,0.00835338481861409,0.0535664111401294
LEGACY_N1,10,1,CF,0.1,0.0535666076737478,6.3784645835188e-05,0.0535664111401294
LEGACY_N1,10,1,CF,0.105925372517729,0.0535666316542207,6.75640454430807e-05,0.0535664111401294
LEGACY_N1,10,1,CF,0.112201845430196,0.0535666585606877,7.15673738034077e-05,0.0535664111401294
LEGACY_N1,10,1,CF,0.118850222743702,0.0535666887501569,7.58078967479776e-05,0.0535664111401294
LEGACY_N1,10,1,CF,0.125892541179417,0.0535667226231937,8.0299665634362e-05,0.0535664111401294
LEGACY_N1,10,1,CF,0.133352143216332,0.0535667606292341,8.50575637924206e-05,0.0535664111401294
LEGACY_N1,10,1,CF,0.141253754462275,0.0535668032725466,9.00973557043344e-05,0.0535664111401294
LEGACY_N1,10,1,CF,0.149623565609443,0.0535668511189211,9.54357390766088e-05,0.0535664111401294
LEGACY_N1,10,1,CF,0.158489319246111,0.053566904803173,0.000101090399971234,0.0535664111401294
LEGACY_N1,10,1,CF,0.167880401812256,0.0535669650375628,0.000107080071172317,0.0535664111401294
LEGACY_N1,10,1,CF,0.177827941003892,0.0535670326212425,0.000113424593974003,0.0535664111401294
LEGACY_N1,10,1,CF,0.18836490894898,0.0535671084508529,0.000120144983585417,0.0535664111401294
LEGACY_N1,10,1,CF,0.199526231496888,0.0535671935324138,0.000127263498358628,0.0535664111401294
LEGACY_N1,10,1,CF,0.211348903983665,0.0535672889946627,0.000134803713056274,0.0535664111401294
LEGACY_N1,10,1,CF,0.223872113856834,0.0535673961040195,0.000142790596386479,0.0535664111401294
LEGACY_N1,10,1,CF,0.237137370566166,0.0535675162813749,0.000151250593043944,0.0535664111401294
LEGACY_N1,10,1,CF,0.251188643150958,0.0535676511209243,0.000160211710507643,0.0535664111401294
LEGACY_N1,10,1,CF,0.266072505979881,0.0535678024112959,0.00016970361085726,0.0535664111401294
LEGACY_N1,10,1,CF,0.281838293126445,0.0535679721592521,0.000179757707882329,0.0535664111401294
LEGACY_N1,10,1,CF,0.298538261891796,0.0535681626162773,0.000190407269769861,0.0535664111401294
LEGACY_N1,10,1,CF,0.316227766016838,0.053568376308402,0.000201687527667959,0.0535664111401294
LEGACY_N1,10,1,CF,0.334965439157828,0.0535686160696571,0.000213635790434303,0.0535664111401294
LEGACY_N1,10,1,CF,0.354813389233576,0.0535688850795978,0.000226291565889323,0.0535664111401294
LEGACY_N1,10,1,CF,0.375837404288444,0.0535691869053917,0.000239696688904053,0.0535664111401294
LEGACY_N1,10,1,CF,0.398107170553497,0.0535695255490238,0.0002538954566618,0.0535664111401294
LEGACY_N1,10,1,CF,0.421696503428582,0.0535699055002372,0.000268934771440453,0.0535664111401294
LEGACY_N1,10,1,CF,0.446683592150963,0.0535703317959045,0.000284864291268173,0.0535664111401294
LEGACY_N1,10,1,CF,0.473151258961481,0.053570810086606,0.000301736588808607,0.0535664111401294
LEGACY_N1,10,1,CF,0.501187233627272,0.0535713467112845,0.000319607318832217,0.0535664111401294
LEGACY_N1,10,1,CF,0.530884444230988,0.0535719487809506,0.000338535394626836,0.0535664111401294
LEGACY_N1,10,1,CF,0.562341325190349,0.0535726242725272,0.000358583173692353,0.0535664111401294
LEGACY_N1,10,1,CF,0.59566214352901,0.0535733821340502,0.000379816653050234,0.0535664111401294
LEGACY_N1,10,1,CF,0.630957344480193,0.0535742324025892,0.000402305674477185,0.0535664111401294
LEGACY_N1,10,1,CF,0.668343917568615,0.0535751863364069,0.000426124139941867,0.0535664111401294
LEGACY_N1,10,1,CF,0.707945784384138,0.0535762565630592,0.000451350237482412,0.0535664111401294
LEGACY_N1,10,1,CF,0.749894209332456,0.0535774572453301,0.000478066677708178,0.0535664111401294
LEGACY_N1,10,1,CF,0.794328234724281,0.0535788042671196,0.000506360941038962,0.0535664111401294
LEGACY_N1,10,1,CF,0.841395141645195,0.0535803154416409,0.000536325535705643,0.0535664111401294
LEGACY_N1,10,1,CF,0.891250938133745,0.0535820107445549,0.000568058266423916,0.0535664111401294
LEGACY_N1,10,1,CF,0.944060876285923,0.0535839125749629,0.00060166251351309,0.0535664111401294
LEGACY_N1,10,1,CF,1,0.0535860460475069,0.000637247522059281,0.0535664111401294
LEGACY_N1,10,1,CF,1.05925372517729,0.0535884393191824,0.000674928700510519,0.0535664111401294
LEGACY_N1,10,1,CF,1.12201845430196,0.0535911239548589,0.000714827927832915,0.0535664111401294
LEGACY_N1,10,1,CF,1.18850222743702,0.0535941353359342,0.000757073868043139,0.0535664111401294
LEGACY_N1,10,1,CF,1.25892541179417,0.0535975131170056,0.000801802290553168,0.0535664111401294
LEGACY_N1,10,1,CF,1.33352143216332,0.0536013017359454,0.000849156394306206,0.0535664111401294
LEGACY_N1,10,1,CF,1.41253754462275,0.0536055509833036,0.000899287133134328,0.0535664111401294
LEGACY_N1,10,1,CF,1.49623565609443,0.0536103166375309,0.000952353539112263,0.0535664111401294
LEGACY_N1,10,1,CF,1.58489319246111,0.0536156611731207,0.00100852303989937,0.0535664111401294
LEGACY_N1,10,1,CF,1.67880401812256,0.0536216545493965,0.00106797176513162,0.0535664111401294
LEGACY_N1,10,1,CF,1.77827941003892,0.0536283750883209,0.00113088483582248,0.0535664111401294
LEGACY_N1,10,1,CF,1.8836490894898,0.0536359104503511,0.00119745662942858,0.0535664111401294
LEGACY_N1,10,1,CF,1.99526231496888,0.0536443587180132,0.00126789101169996,0.0535664111401294
LEGACY_N1,10,1,CF,2.11348903983665,0.0536538295974683,0.0013424015246314,0.0535664111401294
LEGACY_N1,10,1,CF,2.23872113856834,0.0536644457488886,0.00142121151772055,0.0535664111401294
LEGACY_N1,10,1,CF,2.37137370566166,0.0536763442568919,0.00150455420727675,0.0535664111401294
LEGACY_N1,10,1,CF,2.51188643150958,0.0536896782525602,0.00159267264566672,0.0535664111401294
LEGACY_N1,10,1,CF,2.66072505979881,0.0537046186986114,0.00168581957907851,0.0535664111401294
LEGACY_N1,10,1,CF,2.81838293126445,0.0537213563490265,0.00178425716858582,0.0535664111401294
LEGACY_N1,10,1,CF,2.98538261891796,0.0537401038937434,0.00188825654495026,0.0535664111401294
LEGACY_N1,10,1,CF,3.16227766016838,0.0537610982977818,0.00199809716266666,0.0535664111401294
LEGACY_N1,10,1,CF,3.34965439157828,0.0537846033421914,0.00211406591320059,0.0535664111401294
LEGACY_N1,10,1,CF,3.54813389233576,0.0538109123713188,0.00223645595116846,0.0535664111401294
LEGACY_N1,10,1,CF,3.75837404288444,0.0538403512468264,0.00236556518037434,0.0535664111401294
LEGACY_N1,10,1,CF,3.98107170553497,0.0538732815033649,0.00250169433918592,0.0535664111401294
LEGACY_N1,10,1,CF,4.21696503428582,0.0539101036934848,0.00264514461679629,0.0535664111401294
LEGACY_N1,10,1,CF,4.46683592150963,0.0539512608998458,0.00279621472364418,0.0535664111401294
LEGACY_N1,10,1,CF,4.73151258961481,0.0539972423806365,0.00295519733091131,0.0535664111401294
LEGACY_N1,10,1,CF,5.01187233627272,0.0540485872988319,0.00312237478596677,0.0535664111401294
LEGACY_N1,10,1,CF,5.30884444230988,0.0541058884669949,0.0032980140034316,0.0535664111401294
LEGACY_N1,10,1,CF,5.62341325190349,0.0541697960162321,0.00348236042594053,0.0535664111401294
LEGACY_N1,10,1,CF,5.9566214352901,0.0542410208701576,0.00367563094567951,0.0535664111401294
LEGACY_N1,10,1,CF,6.30957344480193,0.0543203378719039,0.00387800567867017,0.0535664111401294
LEGACY_N1,10,1,CF,6.68343917568615,0.0544085883741229,0.00408961849018837,0.0535664111401294
LEGACY_N1,10,1,CF,7.07945784384138,0.0545066820586262,0.00431054618365102,0.0535664111401294
LEGACY_N1,10,1,CF,7.49894209332456,0.0546155977043405,0.00454079628917777,0.0535664111401294
LEGACY_N1,10,1,CF,7.94328234724281,0.054736382570773,0.00478029342458818,0.0535664111401294
LEGACY_N1,10,1,CF,8.41395141645195,0.0548701500112234,0.00502886425386593,0.0535664111401294
LEGACY_N1,10,1,CF,8.91250938133745,0.0550180748787255,0.00528622113925627,0.0535664111401294
LEGACY_N1,10,1,CF,9.44060876285924,0.0551813862427108,0.00555194467613187,0.0535664111401294
LEGACY_N1,10,1,CF,10,0.0553613569019069,0.00582546541693315,0.0535664111401294
LEGACY_N1,10,1,CF,10.5925372517729,0.0555592891670448,0.00610604523301375,0.0535664111401294
LEGACY_N1,10,1,CF,11.2201845430196,0.0557764964054338,0.00639275893024129,0.0535664111401294
LEGACY_N1,10,1,CF,11.8850222743702,0.0560142798998021,0.00668447692187964,0.0535664111401294
LEGACY_N1,10,1,CF,12.5892541179417,0.0562739006883238,0.00697984996270648,0.0535664111401294
LEGACY_N1,10,1,CF,13.3352143216332,0.0565565462335283,0.00727729714846509,0.0535664111401294
LEGACY_N1,10,1,CF,14.1253754462275,0.0568632920247615,0.00757499856560732,0.0535664111401294
LEGACY_N1,10,1,CF,14.9623565609443,0.0571950585574482,0.00787089411258415,0.0535664111401294
LEGACY_N1,10,1,CF,15.8489319246111,0.0575525645503597,0.00816269007476328,0.0535664111401294
LEGACY_N1,10,1,CF,16.7880401812256,0.0579362777462925,0.00844787498579409,0.0535664111401294
LEGACY_N1,10,1,CF,17.7827941003892,0.0583463651649434,0.00872374611425489,0.0535664111401294
LEGACY_N1,10,1,CF,18.836490894898,0.0587826451964064,0.00898744754648248,0.0535664111401294
LEGACY_N1,10,1,CF,19.9526231496888,0.0592445443810723,0.00923602027783645,0.0535664111401294
LEGACY_N1,10,1,CF,21.1348903983665,0.0597310620459432,0.00946646397877172,0.0535664111401294
LEGACY_N1,10,1,CF,22.3872113856834,0.0602407460825766,0.00967580919982472,0.0535664111401294
LEGACY_N1,10,1,CF,23.7137370566166,0.0607716829882326,0.00986119778361559,0.0535664111401294
LEGACY_N1,10,1,CF,25.1188643150958,0.0613215047996088,0.0100199682563136,0.0535664111401294
LEGACY_N1,10,1,CF,26.6072505979881,0.0618874147129586,0.0101497420942307,0.0535664111401294
LEGACY_N1,10,1,CF,28.1838293126445,0.062466232037403,0.0102485061320202,0.0535664111401294
LEGACY_N1,10,1,CF,29.8538261891796,0.0630544557542918,0.0103146861159733,0.0535664111401294
LEGACY_N1,10,1,CF,31.6227766016838,0.0636483444873453,0.0103472065945063,0.0535664111401294
LEGACY_N1,10,1,CF,33.4965439157828,0.0642440092921259,0.0103455330092795,0.0535664111401294
LEGACY_N1,10,1,CF,35.4813389233575,0.0648375145240131,0.0103096929682105,0.0535664111401294
LEGACY_N1,10,1,CF,37.5837404288444,0.0654249812951082,0.0102402751411203,0.0535664111401294
LEGACY_N1,10,1,CF,39.8107170553497,0.0660026877867271,0.0101384058595023,0.0535664111401294
LEGACY_N1,10,1,CF,42.1696503428582,0.0665671609799725,0.0100057051331043,0.0535664111401294
LEGACY_N1,10,1,CF,44.6683592150963,0.0671152551603337,0.00984422522845627,0.0535664111401294
LEGACY_N1,10,1,CF,47.315125896148,0.0676442137330935,0.00965637603226241,0.0535664111401294
LEGACY_N1,10,1,CF,50.1187233627273,0.0681517122973086,0.00944484204724228,0.0535664111401294
LEGACY_N1,10,1,CF,53.0884444230988,0.068635882392006,0.00921249601012261,0.0535664111401294
LEGACY_N1,10,1,CF,56.2341325190349,0.069095316685178,0.00896231381826106,0.0535664111401294
LEGACY_N1,10,1,CF,59.566214352901,0.0695290574956042,0.0086972947924532,0.0535664111401294
LEGACY_N1,10,1,CF,63.0957344480193,0.0699365713401709,0.00842039040943489,0.0535664111401294
LEGACY_N1,10,1,CF,66.8343917568615,0.0703177126581354,0.00813444363698988,0.0535664111401294
LEGACY_N1,10,1,CF,70.7945784384138,0.0706726799975677,0.00784214001405325,0.0535664111401294
LEGACY_N1,10,1,CF,74.9894209332456,0.0710019678103098,0.0075459707289745,0.0535664111401294
LEGACY_N1,10,1,CF,79.4328234724281,0.0713063166612239,0.00724820722063762,0.0535664111401294
LEGACY_N1,10,1,CF,84.1395141645195,0.0715866641911004,0.00695088628734409,0.0535664111401294
LEGACY_N1,10,1,CF,89.1250938133746,0.0718440986502455,0.00665580433841651,0.0535664111401294
LEGACY_N1,10,1,CF,94.4060876285924,0.0720798162985908,0.00636451924505225,0.0535664111401294
LEGACY_N1,10,1,CF,100,0.0722950834894837,0.00607835821001048,0.0535664111401294
