theta0_deg,memory,time_s,V4_CT,OFF_CT,V4_non_eq_CT,OFF_non_eq_CT
7,PP,0,0.010104,0.010104,0,0
7,PP,0.002,0.010104,0.010104,0,0
7,PP,0.004,0.010104,0.010104,0,0
7,PP,0.006,0.010104,0.010104,0,0
7,PP,0.008,0.010104,0.010104,0,0
7,PP,0.01,0.010104,0.010104,0,0
7,PP,0.012,0.010104,0.010104,0,0
7,PP,0.014,0.010104,0.010104,0,0
7,PP,0.016,0.010104,0.010104,0,0
7,PP,0.018,0.010104,0.010104,0,0
7,PP,0.02,0.010104,0.010104,0,0
7,PP,0.022,0.010104,0.010104,0,0
7,PP,0.024,0.010104,0.010104,0,0
7,PP,0.026,0.010104,0.010104,0,0
7,PP,0.028,0.010104,0.010104,0,0
7,PP,0.03,0.010104,0.010104,0,0
7,PP,0.032,0.010104,0.010104,0,0
7,PP,0.034,0.010104,0.010104,0,0
7,PP,0.036,0.010104,0.010104,0,0
7,PP,0.038,0.010104,0.010104,0,0
7,PP,0.04,0.010104,0.010104,0,0
7,PP,0.042,0.010104,0.010104,0,0
7,PP,0.044,0.010104,0.010104,0,0
7,PP,0.046,0.010104,0.010104,0,0
7,PP,0.048,0.010104,0.010104,0,0
7,PP,0.05,0.010104,0.010104,0,0
7,PP,0.052,0.010104,0.010104,0,0
7,PP,0.054,0.010104,0.010104,0,0
7,PP,0.056,0.010104,0.010104,0,0
7,PP,0.058,0.010104,0.010104,0,0
7,PP,0.06,0.010104,0.010104,0,0
7,PP,0.062,0.010104,0.010104,0,0
7,PP,0.064,0.010104,0.010104,0,0
7,PP,0.066,0.010104,0.010104,0,0
7,PP,0.068,0.010104,0.010104,0,0
7,PP,0.07,0.010104,0.010104,0,0
7,PP,0.072,0.010104,0.010104,0,0
7,PP,0.074,0.010104,0.010104,0,0
7,PP,0.076,0.010104,0.010104,0,0
7,PP,0.078,0.010104,0.010104,0,0
7,PP,0.08,0.010104,0.010104,0,0
7,PP,0.082,0.010104,0.010104,0,0
7,PP,0.084,0.010104,0.010104,0,0
7,PP,0.086,0.010104,0.010104,0,0
7,PP,0.088,0.010104,0.010104,0,0
7,PP,0.09,0.010104,0.010104,0,0
7,PP,0.092,0.010104,0.010104,0,0
7,PP,0.094,0.010104,0.010104,0,0
7,PP,0.096,0.010104,0.010104,0,0
7,PP,0.098,0.010104,0.010104,0,0
7,PP,0.1,0.010104,0.010104,0,0
7,PP,0.102,0.010104,0.010104,0,0
7,PP,0.104,0.010104,0.010104,0,0
7,PP,0.106,0.010104,0.010104,0,0
7,PP,0.108,0.010104,0.010104,0,0
7,PP,0.11,0.010104,0.010104,0,0
7,PP,0.112,0.010104,0.010104,0,0
7,PP,0.114,0.010104,0.010104,0,0
7,PP,0.116,0.010104,0.010104,0,0
7,PP,0.118,0.010104,0.010104,0,0
7,PP,0.12,0.010104,0.010104,0,0
7,PP,0.122,0.010104,0.010104,0,0
7,PP,0.124,0.010104,0.010104,0,0
7,PP,0.126,0.010104,0.010104,0,0
7,PP,0.128,0.010104,0.010104,0,0
7,PP,0.13,0.010104,0.010104,0,0
7,PP,0.132,0.010104,0.010104,0,0
7,PP,0.134,0.010104,0.010104,0,0
7,PP,0.136,0.010104,0.010104,0,0
7,PP,0.138,0.010104,0.010104,0,0
7,PP,0.14,0.010104,0.010104,0,0
7,PP,0.142,0.010104,0.010104,0,0
7,PP,0.144,0.010104,0.010104,0,0
7,PP,0.146,0.010104,0.010104,0,0
7,PP,0.148,0.010104,0.010104,0,0
7,PP,0.15,0.010104,0.010104,0,0
7,PP,0.152,0.010104,0.010104,0,0
7,PP,0.154,0.010104,0.010104,0,0
7,PP,0.156,0.010104,0.010104,0,0
7,PP,0.158,0.010104,0.010104,0,0
7,PP,0.16,0.010104,0.010104,0,0
7,PP,0.162,0.010104,0.010104,0,0
7,PP,0.164,0.010104,0.010104,0,0
7,PP,0.166,0.010104,0.010104,0,0
7,PP,0.168,0.010104,0.010104,0,0
7,PP,0.17,0.010104,0.010104,0,0
7,PP,0.172,0.010104,0.010104,0,0
7,PP,0.174,0.010104,0.010104,0,0
7,PP,0.176,0.010104,0.010104,0,0
7,PP,0.178,0.010104,0.010104,0,0
7,PP,0.18,0.010104,0.010104,0,0
7,PP,0.182,0.010104,0.010104,0,0
7,PP,0.184,0.010104,0.010104,0,0
7,PP,0.186,0.010104,0.010104,0,0
7,PP,0.188,0.010104,0.010104,0,0
7,PP,0.19,0.010104,0.010104,0,0
7,PP,0.192,0.010104,0.010104,0,0
7,PP,0.194,0.010104,0.010104,0,0
7,PP,0.196,0.010104,0.010104,0,0
7,PP,0.198,0.010104,0.010104,0,0
7,PP,0.2,0.0105189759634094,0.010509467574222,0.000132470468811811,0.000122962079624377
7,PP,0.202,0.0105069907650288,0.010498586264552,0.000120485270431243,0.000112080769954431
7,PP,0.204,0.010496086612676,0.0104886637408823,0.000109581118078433,0.000102158246284737
7,PP,0.206,0.0104861653613673,0.0104796160438717,9.96598667696788e-05,9.31105492741162e-05
7,PP,0.208,0.0104771345580159,0.0104713639987223,9.06290634183141e-05,8.48585041247352e-05
7,PP,0.21,0.0104689107830877,0.0104638323852371,8.24052884901109e-05,7.73268906395681e-05
7,PP,0.212,0.0104614317383679,0.0104569678387597,7.49262437703575e-05,7.04623441621158e-05
7,PP,0.214,0.0104546278503594,0.0104507102942287,6.81223557617815e-05,6.42047996310853e-05
7,PP,0.216,0.0104484379728957,0.0104450038681067,6.19324782980928e-05,5.84983735090992e-05
7,PP,0.218,0.0104428097405508,0.010439803625479,5.63042459532405e-05,5.32981308813858e-05
7,PP,0.22,0.0104376924994333,0.0104350651472479,5.11870048357614e-05,4.8559652650354e-05
7,PP,0.222,0.0104330398615226,0.0104307476702301,4.65343669250017e-05,4.42421756324876e-05
7,PP,0.224,0.0104288096511434,0.0104268134946648,4.23041565458249e-05,4.03080000672615e-05
7,PP,0.226,0.0104249638938213,0.0104232290793781,3.84583992237147e-05,3.67235847805666e-05
7,PP,0.228,0.0104214675368369,0.0104199631775085,3.49620422393088e-05,3.34576829109055e-05
7,PP,0.23,0.0104182873103427,0.0104169876983649,3.1781815745098e-05,3.04822037672861e-05
7,PP,0.232,0.0104153920490504,0.0104142718995015,2.88865544527776e-05,2.77664049039041e-05
7,PP,0.234,0.0104127608404249,0.0104117979500354,2.62553458272724e-05,2.52924554378191e-05
7,PP,0.236,0.0104103698099786,0.010409544795387,2.38643153810114e-05,2.30393007894097e-05
7,PP,0.238,0.0104081964422325,0.0104074925086036,2.16909476348885e-05,2.09870140060082e-05
7,PP,0.24,0.0104062200702199,0.0104056226048282,1.971457562229e-05,1.9117110230657e-05
7,PP,0.242,0.0104044234905874,0.0104039186861348,1.79179959898142e-05,1.74131915371828e-05
7,PP,0.244,0.0104027895965933,0.0104023662523279,1.62841019957297e-05,1.58607577303502e-05
7,PP,0.246,0.0104013043887801,0.0104009515248824,1.47988941824988e-05,1.44460302848211e-05
7,PP,0.248,0.010399954742018,0.0103996628301375,1.34492474204266e-05,1.31573355399428e-05
7,PP,0.25,0.0103987281420193,0.0103984890717438,1.22226474217613e-05,1.19835771462025e-05
7,PP,0.252,0.0103976133357636,0.0103974199587471,1.11078411660533e-05,1.09144641495286e-05
7,PP,0.254,0.0103966001809112,0.0103964461767782,1.00946863136261e-05,9.94068218062444e-06
7,PP,0.256,0.0103956794143178,0.0103955592608913,9.17391972017623e-06,9.05376629374219e-06
7,PP,0.258,0.010394842590205,0.010394751446547,8.3370956073768e-06,8.24595194944336e-06
7,PP,0.26,0.0103940820790173,0.0103940156696738,7.57658441969539e-06,7.51017507624741e-06
7,PP,0.262,0.0103933909373438,0.0103933455409202,6.88544274617467e-06,6.84004632259608e-06
7,PP,0.264,0.0103927628179977,0.0103927351986504,6.25732340009399e-06,6.2297040528507e-06
7,PP,0.266,0.0103921919761534,0.0103921792858338,5.68648155581733e-06,5.67379123626172e-06
7,PP,0.268,0.0103916732214945,0.0103916729766769,5.16772689689027e-06,5.16748207932127e-06
7,PP,0.27,0.0103912017807558,0.0103912118557612,4.69628615821366e-06,4.70636116366163e-06
7,PP,0.272,0.0103907733207759,0.0103907918645154,4.26782617836755e-06,4.28636991781431e-06
7,PP,0.274,0.0103903839597668,0.0103904093334567,3.87846516925958e-06,3.90383885908591e-06
7,PP,0.276,0.0103900301393652,0.0103900609562907,3.52464476763639e-06,3.55546169314783e-06
7,PP,0.278,0.0103897085869308,0.0103897436786621,3.20309233319341e-06,3.23818406451279e-06
7,PP,0.28,0.0103894163526028,0.0103894546975596,2.9108580052381e-06,2.94920296202775e-06
7,PP,0.282,0.0103891507885099,0.0103891914973533,2.64529391234142e-06,2.68600275573835e-06
7,PP,0.284,0.0103889094628874,0.0103889517961528,2.40396828984565e-06,2.44630155521799e-06
7,PP,0.286,0.0103886901421817,0.0103887334923576,2.18464758414832e-06,2.22799775999316e-06
7,PP,0.288,0.0103884908044937,0.0103885346555982,1.98530989616377e-06,2.0291610006648e-06
7,PP,0.29,0.0103883096536274,0.0103883535458776,1.80415902985981e-06,1.84805128002757e-06
7,PP,0.292,0.0103881450428984,0.0103881886012575,1.63954830083302e-06,1.68310665993668e-06
7,PP,0.294,0.0103879954451112,0.0103880383868021,1.48995051362996e-06,1.53289220455877e-06
7,PP,0.296,0.0103878594894527,0.0103879015717191,1.35399485511403e-06,1.39607712149742e-06
7,PP,0.298,0.0103877359425251,0.0103877769639262,1.23044792755059e-06,1.27146932860089e-06
7,PP,0.3,0.00997073799143801,0.00998027213160194,-0.000133262008561993,-0.000123727868398061
7,PP,0.302,0.00998291371917554,0.00999133154018883,-0.000121086280824457,-0.000112668459811175
7,PP,0.304,0.00999396779716955,0.0100013937367135,-0.000110032202830452,-0.000102606263286516
7,PP,0.306,0.0100040010915703,0.0100105468668063,-9.99989084296948e-05,-9.34531331936699e-05
7,PP,0.308,0.010013115190965,0.0100188798985337,-9.08848090349548e-05,-8.51201014663312e-05
7,PP,0.31,0.0100213954624994,0.0100264669759287,-8.26045375006499e-05,-7.75330240712722e-05
7,PP,0.312,0.0100289195300729,0.0100333765507465,-7.50804699270833e-05,-7.06234492534874e-05
7,PP,0.314,0.0100357559756868,0.0100396672437022,-6.82440243131837e-05,-6.43327562978302e-05
7,PP,0.316,0.0100419695641023,0.0100453969926418,-6.20304358977374e-05,-5.86030073582346e-05
7,PP,0.318,0.0100476173584189,0.0100506160495808,-5.63826415811066e-05,-5.3383950419152e-05
7,PP,0.32,0.0100527491602123,0.0100553708859631,-5.12508397876969e-05,-4.86291140368595e-05
7,PP,0.322,0.0100574059748488,0.0100596938432526,-4.65940251512063e-05,-4.43061567474406e-05
7,PP,0.324,0.0100616377764974,0.0100636307444877,-4.23622235025765e-05,-4.03692555123163e-05
7,PP,0.326,0.0100654848613067,0.0100672173376788,-3.85151386933218e-05,-3.67826623212004e-05
7,PP,0.328,0.010068982261193,0.0100704849216867,-3.50177388070087e-05,-3.35150783132687e-05
7,PP,0.33,0.0100721626791673,0.0100734626107259,-3.18373208326658e-05,-3.05373892740875e-05
7,PP,0.332,0.0100750538937784,0.0100761757440927,-2.89461062215994e-05,-2.7824255907331e-05
7,PP,0.334,0.010077682199917,0.0100786474147673,-2.631780008297e-05,-2.53525852327435e-05
7,PP,0.336,0.0100800714315101,0.0100808994467177,-2.39285684899004e-05,-2.31005532823243e-05
7,PP,0.338,0.0100822424981713,0.010082950336032,-2.17575018287321e-05,-2.10496639679991e-05
7,PP,0.34,0.0100842167314069,0.0100848188124277,-1.97832685930755e-05,-1.91811875723431e-05
7,PP,0.342,0.0100860118246668,0.0100865213596732,-1.79881753331699e-05,-1.74786403267773e-05
7,PP,0.344,0.0100876439346032,0.0100880726830224,-1.6356065396848e-05,-1.59273169776427e-05
7,PP,0.346,0.0100891279245752,0.0100894862578416,-1.48720754248027e-05,-1.45137421584101e-05
7,PP,0.348,0.0100904772142061,0.010090774342648,-1.35227857938642e-05,-1.32256573519823e-05
7,PP,0.35,0.0100917040326051,0.0100919480468115,-1.22959673949392e-05,-1.20519531885462e-05
7,PP,0.352,0.0100928195492492,0.0100930175642705,-1.11804507508164e-05,-1.09824357295146e-05
7,PP,0.354,0.0100938338325648,0.0100939921638586,-1.01661674352122e-05,-1.0007836141428e-05
7,PP,0.356,0.0100947560683164,0.0100948802364232,-9.24393168363728e-06,-9.11976357678528e-06
7,PP,0.358,0.0100955946556878,0.0100956894888663,-8.40534431224664e-06,-8.31051113366413e-06
7,PP,0.36,0.0100963571594225,0.0100964269442664,-7.64284057751426e-06,-7.5730557335639e-06
7,PP,0.362,0.010097050468864,0.0100970989384115,-6.94953113603708e-06,-6.90106158849658e-06
7,PP,0.364,0.0100976809003008,0.0100977112896912,-6.31909969923093e-06,-6.28871030881363e-06
7,PP,0.366,0.0100982541551008,0.0100982693257352,-5.74584489915035e-06,-5.73067426482346e-06
7,PP,0.368,0.010098775389751,0.0100987778435388,-5.22461024898314e-06,-5.22215646122509e-06
7,PP,0.37,0.0100992493066015,0.0100992412231798,-4.75069339847707e-06,-4.75877682020419e-06
7,PP,0.372,0.0100996802179861,0.0100996634528323,-4.31978201391285e-06,-4.33654716773361e-06
7,PP,0.374,0.0101000720129514,0.0101000482089218,-3.92798704858081e-06,-3.95179107818069e-06
7,PP,0.376,0.0101004282429456,0.0101003987984363,-3.5717570544061e-06,-3.60120156374204e-06
7,PP,0.378,0.0101007521703656,0.0101007182617885,-3.24782963435563e-06,-3.28173821153264e-06
7,PP,0.38,0.0101010467637436,0.0101010093986283,-2.95323625635474e-06,-2.99060137167427e-06
7,PP,0.382,0.0101013145930813,0.0101012747369269,-2.68540691868158e-06,-2.72526307310353e-06
7,PP,0.384,0.0101015581178535,0.0101015164992836,-2.44188214647972e-06,-2.48350071637565e-06
7,PP,0.386,0.0101017795694101,0.0101017368024912,-2.22043058988562e-06,-2.2631975088467e-06
7,PP,0.388,0.0101019809492663,0.0101019375744709,-2.01905073371651e-06,-2.06242552912121e-06
7,PP,0.39,0.010102164013865,0.0101021205451066,-1.83598613503512e-06,-1.87945489338315e-06
7,PP,0.392,0.01010233045805,0.0101022872389742,-1.66954195002407e-06,-1.71276102582316e-06
7,PP,0.394,0.0101024818169694,0.010102439127606,-1.51818303055842e-06,-1.56087239398285e-06
7,PP,0.396,0.0101026194676254,0.0101025775499476,-1.38053237457546e-06,-1.42245005238344e-06
7,PP,0.398,0.0101027446294811,0.0101027037097251,-1.25537051893707e-06,-1.29629027487838e-06
7,PP,0.4,0.0101028584315608,0.0101028186735936,-1.14156843917905e-06,-1.18132640643601e-06
7,PP,0.402,0.0101029619144858,0.0101029234304446,-1.0380855142416e-06,-1.07656955537772e-06
7,PP,0.404,0.0101030560294108,0.0101030188937241,-9.43970589188659e-07,-9.81106275891458e-07
7,PP,0.406,0.0101031416164784,0.0101031059022576,-8.583835216288e-07,-8.94097742393588e-07
7,PP,0.408,0.0101032194347817,0.0101031852012627,-7.80565218259921e-07,-8.14798737279465e-07
7,PP,0.41,0.010103290187635,0.0101032574605096,-7.09812364952864e-07,-7.42539490424313e-07
7,PP,0.412,0.0101033545272703,0.0101033233016225,-6.45472729656274e-07,-6.7669837752922e-07
7,PP,0.414,0.0101034130480563,0.0101033833017008,-5.86951943744654e-07,-6.16698299238036e-07
7,PP,0.416,0.0101034662668685,0.0101034379918329,-5.33733131490022e-07,-5.62008167136197e-07
7,PP,0.418,0.0101035146530903,0.0101034878390013,-4.85346909729831e-07,-5.12160998727626e-07
7,PP,0.42,0.010103558644284,0.0101035332603704,-4.41355715976102e-07,-4.66739629620752e-07
7,PP,0.422,0.0101035986462284,0.0101035746454114,-4.01353771628879e-07,-4.25354588553042e-07
7,PP,0.424,0.0101036350320807,0.0101036123565311,-3.64967919296022e-07,-3.87643468885077e-07
7,PP,0.426,0.0101036681270204,0.0101036467290706,-3.31872979592376e-07,-3.53270929414132e-07
7,PP,0.428,0.0101036982173468,0.0101036780637531,-3.01782653203825e-07,-3.2193624693172e-07
7,PP,0.43,0.0101037255719079,0.0101037066193953,-2.7442809212401e-07,-2.93380604702437e-07
7,PP,0.432,0.0101037504411865,0.0101037326361476,-2.49558813461559e-07,-2.6736385236141e-07
7,PP,0.434,0.0101037730576738,0.0101037563393155,-2.26942326188306e-07,-2.4366068449716e-07
7,PP,0.436,0.0101037936339613,0.0101037779386059,-2.06366038674188e-07,-2.22061394095779e-07
7,PP,0.438,0.0101038123497066,0.0101037976284113,-1.8765029343587e-07,-2.02371588684663e-07
7,PP,0.44,0.0101038293654317,0.010103815580538,-1.70634568282327e-07,-1.84419461974131e-07
7,PP,0.442,0.0101038448322093,0.0101038319409473,-1.55167790715297e-07,-1.68059052672517e-07
7,PP,0.444,0.0101038588917216,0.0101038468458008,-1.4110827841092e-07,-1.53154199176997e-07
7,PP,0.446,0.0101038716762607,0.0101038604232538,-1.28323739303007e-07,-1.39576746235534e-07
7,PP,0.448,0.010103883308478,0.0101038727934551,-1.16691521999043e-07,-1.27206544934741e-07
7,PP,0.45,0.0101038938933405,0.0101038840685473,-1.06106659547231e-07,-1.15931452727633e-07
7,PP,0.452,0.0101039035188343,0.0101038943513172,-9.64811657493819e-08,-1.05648682758794e-07
7,PP,0.454,0.0101039122677332,0.0101039037264925,-8.77322668488972e-08,-9.62735074942073e-08
7,PP,0.456,0.0101039202182197,0.0101039122689633,-7.9781780336699e-08,-8.77310366974998e-08
7,PP,0.458,0.0101039274441561,0.0101039200497557,-7.25558438694623e-08,-7.99502443016992e-08
7,PP,0.46,0.0101039340149343,0.0101039271359513,-6.5985065716978e-08,-7.28640486766241e-08
7,PP,0.462,0.0101039399952678,0.0101039335910282,-6.00047322073249e-08,-6.64089718476618e-08
7,PP,0.464,0.0101039454397448,0.0101039394745586,-5.45602552182861e-08,-6.05254413584694e-08
7,PP,0.466,0.0101039503919714,0.0101039448418726,-4.96080286398193e-08,-5.51581273971341e-08
7,PP,0.468,0.0101039548930503,0.0101039497381167,-4.51069496528594e-08,-5.02618833168184e-08
7,PP,0.47,0.010103958982218,0.0101039542007059,-4.10177819817198e-08,-4.57992941071961e-08
7,PP,0.472,0.0101039626968442,0.0101039582652825,-3.7303155760518e-08,-4.17347174666571e-08
7,PP,0.474,0.0101039660724324,0.0101039619658934,-3.39275676494027e-08,-3.8034106582957e-08
7,PP,0.476,0.0101039691426192,0.0101039653349899,-3.08573807634299e-08,-3.4665010126278e-08
7,PP,0.478,0.0101039719390153,0.0101039684034278,-2.80609847060076e-08,-3.15965721937178e-08
7,PP,0.48,0.0101039744867873,0.0101039712004677,-2.55132126762009e-08,-2.8799532333576e-08
7,PP,0.482,0.0101039768050462,0.010103973753616,-2.31949537597698e-08,-2.62463840175475e-08
7,PP,0.484,0.0101039789120654,0.0101039760846902,-2.10879346294185e-08,-2.39153097793959e-08
7,PP,0.486,0.0101039808255034,0.0101039782103718,-1.91744966293594e-08,-2.17896281590885e-08
7,PP,0.488,0.0101039825624044,0.0101039801466456,-1.74375956452089e-08,-1.98533543858265e-08
7,PP,0.49,0.0101039841391978,0.0101039819089694,-1.58608022115397e-08,-1.80910306093324e-08
7,PP,0.492,0.0101039855716985,0.0101039835122741,-1.44283014598401e-08,-1.64877259449525e-08
7,PP,0.494,0.0101039868751069,0.0101039849709636,-1.31248931480032e-08,-1.50290364337585e-08
7,PP,0.496,0.0101039880638764,0.010103986298915,-1.19361236294163e-08,-1.37010850460167e-08
7,PP,0.498,0.0101039891482827,0.0101039875094783,-1.08517172608957e-08,-1.24905217037397e-08
7,PP,0.5,0.0101039901356252,0.0101039886154572,-9.86437480830771e-09,-1.13845427859166e-08
7,PP,0.502,0.0101039910331914,0.010103989626601,-8.9668085751643e-09,-1.0373398974875e-08
7,PP,0.504,0.0101039918481101,0.0101039905493705,-8.15188987320081e-09,-9.45062949252173e-09
7,PP,0.506,0.0101039925873508,0.0101039913902779,-7.4126491837051e-09,-8.60972212794742e-09
7,PP,0.508,0.0101039932577239,0.010103992155678,-6.7422760725161e-09,-7.84432202700913e-09
7,PP,0.51,0.0101039938658808,0.0101039928517683,-6.13411924206553e-09,-7.14823170967771e-09
7,PP,0.512,0.0101039944183135,0.0101039934845889,-5.58168647413204e-09,-6.51541108391551e-09
7,PP,0.514,0.0101039949213553,0.0101039940600226,-5.07864467320929e-09,-5.93997739883889e-09
7,PP,0.516,0.0101039953810535,0.0101039945837947,-4.61894654642248e-09,-5.41620529502518e-09
7,PP,0.518,0.0101039958006883,0.0101039950614732,-4.19931166055487e-09,-4.93852679410434e-09
7,PP,0.52,0.0101039961827622,0.0101039954984526,-3.81723777066745e-09,-4.50154738658448e-09
7,PP,0.522,0.0101039965300952,0.0101039958982676,-3.46990475241782e-09,-4.10173240338041e-09
7,PP,0.524,0.010103996845446,0.0101039962631386,-3.15455399475806e-09,-3.7368613932387e-09
7,PP,0.526,0.0101039971315115,0.0101039965956407,-2.86848851442645e-09,-3.40435934477468e-09
7,PP,0.528,0.0101039973909272,0.0101039968982865,-2.60907284839462e-09,-3.10171351276811e-09
7,PP,0.53,0.0101039976262669,0.0101039971735266,-2.37373314060374e-09,-2.82647335397845e-09
7,PP,0.532,0.0101039978400429,0.0101039974237494,-2.15995708124916e-09,-2.57625058265598e-09
7,PP,0.534,0.0101039980347061,0.0101039976512809,-1.96529393627076e-09,-2.34871908727508e-09
7,PP,0.536,0.0101039982125964,0.010103997858385,-1.78740359492446e-09,-2.14161504155652e-09
7,PP,0.538,0.0101039983749834,0.0101039980472632,-1.62501659697889e-09,-1.95273678824104e-09
7,PP,0.54,0.0101039985228353,0.0101039982200487,-1.47716466662728e-09,-1.77995131307729e-09
7,PP,0.542,0.0101039986572435,0.010103998378139,-1.34275647545312e-09,-1.6218609805857e-09
7,PP,0.544,0.0101039987792755,0.0101039985224122,-1.2207245197321e-09,-1.47758779343865e-09
7,PP,0.546,0.0101039988899748,0.0101039986538864,-1.11002515339187e-09,-1.34611357997805e-09
7,PP,0.548,0.0101039989903615,0.0101039987735552,-1.00963852209257e-09,-1.22644476692468e-09
7,PP,0.55,0.0101039990814314,0.0101039988823876,-9.18568618737958e-10,-1.11761240192965e-09
7,PP,0.552,0.0101039991641568,0.0101039989813279,-8.35843233168432e-10,-1.01867212755347e-09
7,PP,0.554,0.010103999239486,0.0101039990712958,-7.60514030223591e-10,-9.28704174327222e-10
7,PP,0.556,0.0101039993083246,0.0101039991531866,-6.91675414860038e-10,-8.46813419733139e-10
7,PP,0.558,0.0101039993711638,0.0101039992278707,-6.28836181043591e-10,-7.72129299733693e-10
7,PP,0.56,0.0101039994283784,0.0101039992961916,-5.71621588604798e-10,-7.03808403917927e-10
7,PP,0.562,0.0101039994803906,0.0101039993587019,-5.19609374624586e-10,-6.41298094489207e-10
7,PP,0.564,0.0101039995276136,0.0101039994157488,-4.72386399094638e-10,-5.84251213381348e-10
7,PP,0.566,0.0101039995704512,0.0101039994677348,-4.29548830532811e-10,-5.32265150357536e-10
7,PP,0.568,0.010103999609298,0.0101039995150529,-3.90702000266363e-10,-4.84947053000506e-10
7,PP,0.57,0.0101039996445395,0.0101039995580862,-3.55460478759784e-10,-4.41913776405567e-10
7,PP,0.572,0.0101039996765519,0.0101039995972081,-3.23448061737008e-10,-4.02791928283408e-10
7,PP,0.574,0.0101039997057023,0.0101039996327822,-2.94297745895289e-10,-3.67217803040609e-10
7,PP,0.576,0.0101039997323409,0.0101039996651625,-2.67659127500819e-10,-3.34837482393602e-10
7,PP,0.578,0.0101039997566579,0.0101039996946933,-2.43342087799525e-10,-3.05306719142195e-10
7,PP,0.58,0.0101039997787984,0.010103999721708,-2.21201638603286e-10,-2.78292042188433e-10
7,PP,0.582,0.0101039997989256,0.0101039997464251,-2.01074355082875e-10,-2.53574912803534e-10
7,PP,0.584,0.0101039998171996,0.0101039997689819,-1.828003911436e-10,-2.31018079666079e-10
7,PP,0.586,0.0101039998337766,0.0101039997895377,-1.66223439526658e-10,-2.10462324651273e-10
7,PP,0.588,0.0101039998488092,0.0101039998082477,-1.51190794259182e-10,-1.91752337966311e-10
7,PP,0.59,0.0101039998624467,0.0101039998252634,-1.3755330034726e-10,-1.74736596719738e-10
7,PP,0.592,0.0101039998748346,0.0101039998407325,-1.25165393674576e-10,-1.59267469004853e-10
7,PP,0.594,0.010103999886115,0.0101039998547988,-1.13885038552364e-10,-1.45201154919117e-10
7,PP,0.596,0.0101039998964234,0.0101039998676023,-1.03576624707613e-10,-1.32397681359975e-10
7,PP,0.598,0.0101039999058334,0.010103999879279,-9.4166610273283e-11,-1.20720973148525e-10
7,PP,0.6,0.0101039999144011,0.0101039998899609,-8.55988752102022e-11,-1.10039127115824e-10
7,PP,0.602,0.0101039999221898,0.0101039998997342,-7.78101680309895e-11,-1.00265754032769e-10
7,PP,0.604,0.0101039999292614,0.0101039999086534,-7.07386493131734e-11,-9.13465796059665e-11
7,PP,0.606,0.0101039999356762,0.0101039999167813,-6.43238396574874e-11,-8.3218652455197e-11
7,PP,0.608,0.0101039999414934,0.0101039999241794,-5.85066214225938e-11,-7.58205616346874e-11
7,PP,0.61,0.0101039999467707,0.0101039999309076,-5.32292942362345e-11,-6.9092391530301e-11
7,PP,0.612,0.0101039999515645,0.0101039999370242,-4.84355194840802e-11,-6.29757669623476e-11
7,PP,0.614,0.0101039999559297,0.0101039999425862,-4.40703307180712e-11,-5.74138132869439e-11
7,PP,0.616,0.0101039999599187,0.0101039999476488,-4.00812646961235e-11,-5.23512119071645e-11
7,PP,0.618,0.0101039999635601,0.0101039999522659,-3.64398528712728e-11,-4.77341326188263e-11
7,PP,0.62,0.0101039999668756,0.0101039999564896,-3.31243765056e-11,-4.35104331036884e-11
7,PP,0.622,0.0101039999698896,0.010103999960354,-3.01103655897528e-11,-3.96459618606793e-11
7,PP,0.624,0.0101039999726261,0.0101039999638808,-2.73738722661454e-11,-3.61192430131663e-11
7,PP,0.626,0.0101039999751085,0.0101039999670946,-2.4891524605386e-11,-3.29053867487161e-11
7,PP,0.628,0.0101039999773596,0.0101039999700199,-2.26404277270387e-11,-2.99801138775591e-11
7,PP,0.63,0.0101039999794017,0.0101039999726803,-2.05982505357971e-11,-2.73197402200775e-11
7,PP,0.632,0.0101039999812568,0.0101039999750988,-1.87431858228448e-11,-2.49011731373594e-11
7,PP,0.634,0.010103999982946,0.0101039999772981,-1.7053990164495e-11,-2.27019358173264e-11
7,PP,0.636,0.0101039999844897,0.0101039999792999,-1.55103326016093e-11,-2.07001308455412e-11
7,PP,0.638,0.0101039999858988,0.0101039999811255,-1.4101201109562e-11,-1.88744905121885e-11
7,PP,0.64,0.0101039999871818,0.0101039999827956,-1.28182048309e-11,-1.720440456765e-11
7,PP,0.642,0.0101039999883481,0.0101039999843236,-1.16518739101679e-11,-1.5676366454942e-11
7,PP,0.644,0.0101039999894071,0.0101039999857181,-1.05929206378752e-11,-1.42818673554146e-11
7,PP,0.646,0.0101039999903677,0.0101039999869889,-9.6323279213939e-12,-1.30110869994704e-11
7,PP,0.648,0.0101039999912388,0.0101039999881456,-8.76120877235653e-12,-1.18544063454351e-11
7,PP,0.65,0.0101039999920291,0.0101039999891975,-7.97094161508749e-12,-1.08024613559854e-11
7,PP,0.652,0.0101039999927469,0.0101039999901539,-7.25308875459962e-12,-9.84614126342542e-12
7,PP,0.654,0.0101039999934006,0.0101039999910235,-6.59941719327595e-12,-8.97654346687649e-12
7,PP,0.656,0.0101039999939979,0.010103999991815,-6.00206863377029e-12,-8.18501690036388e-12
7,PP,0.658,0.0101039999945432,0.0101039999925369,-5.45676698271436e-12,-7.46314468558218e-12
7,PP,0.66,0.0101039999950397,0.0101039999931972,-4.96028738916632e-12,-6.80277535691776e-12
7,PP,0.662,0.0101039999954911,0.0101039999938014,-4.50894356573972e-12,-6.19857117023503e-12
7,PP,0.664,0.0101039999959008,0.0101039999943528,-4.09916718624448e-12,-5.647175435608e-12
7,PP,0.666,0.0101039999962726,0.0101039999948553,-3.72744023147131e-12,-5.14469890300351e-12
7,PP,0.668,0.0101039999966097,0.0101039999953127,-3.3903418267256e-12,-4.68733558911527e-12
7,PP,0.67,0.0101039999969155,0.0101039999957286,-3.08452222097522e-12,-4.2713801245986e-12
7,PP,0.672,0.0101039999971933,0.0101039999961068,-2.8067374813201e-12,-3.89324510130518e-12
7,PP,0.674,0.0101039999974462,0.0101039999964506,-2.55379224711749e-12,-3.54939862223791e-12
7,PP,0.676,0.0101039999976774,0.0101039999967636,-2.32262299670882e-12,-3.23642675159608e-12
7,PP,0.678,0.0101039999978884,0.010103999997049,-2.11161817198491e-12,-2.95099882030581e-12
7,PP,0.68,0.0101039999980805,0.0101039999973101,-1.91948540395614e-12,-2.68987783436092e-12
7,PP,0.682,0.0101039999982552,0.010103999997549,-1.74483517911828e-12,-2.45096651307897e-12
7,PP,0.684,0.0101039999984137,0.0101039999977671,-1.58625716728533e-12,-2.23294126244777e-12
7,PP,0.686,0.0101039999985576,0.0101039999979657,-1.44240348831648e-12,-2.03425297440329e-12
7,PP,0.688,0.010103999998688,0.0101039999981466,-1.31196616071083e-12,-1.85341672565009e-12
7,PP,0.69,0.0101039999988064,0.0101039999983111,-1.19361985573274e-12,-1.68893891927535e-12
7,PP,0.692,0.0101039999989139,0.0101039999984606,-1.08612945026731e-12,-1.53941963343396e-12
7,PP,0.694,0.0101039999990118,0.0101039999985965,-9.88239004517943e-13,-1.40346415045123e-12
7,PP,0.696,0.0101039999991012,0.0101039999987203,-8.98784519032247e-13,-1.27971418184547e-12
7,PP,0.698,0.0101039999991829,0.0101039999988332,-8.17125880847591e-13,-1.16684613360452e-12
7,PP,0.7,0.0101039999992572,0.0101039999989364,-7.42786041008081e-13,-1.06360406593176e-12
7,PP,0.702,0.0101039999993248,0.0101039999990309,-6.75190806043169e-13,-9.69139699047439e-13
7,PP,0.704,0.0101039999993862,0.0101039999991171,-6.13826697803965e-13,-8.82922207567916e-13
7,PP,0.706,0.0101039999994418,0.0101039999991956,-5.58162890906821e-13,-8.04365254958306e-13
7,PP,0.708,0.0101039999994923,0.0101039999992671,-5.076893766498e-13,-7.32851279661162e-13
7,PP,0.71,0.0101039999995381,0.0101039999993322,-4.61890942160537e-13,-6.67823435440695e-13
7,PP,0.712,0.0101039999995797,0.0101039999993913,-4.20297477377041e-13,-6.08705794102882e-13
7,PP,0.714,0.0101039999996176,0.0101039999994451,-3.82418055555611e-13,-5.5494671358236e-13
7,PP,0.716,0.0101039999996522,0.010103999999494,-3.47796444422066e-13,-5.06001490707675e-13
7,PP,0.718,0.0101039999996838,0.0101039999995386,-3.16203660477576e-13,-4.61382668182075e-13
7,PP,0.72,0.0101039999997126,0.0101039999995794,-2.87433271628501e-13,-4.20554216451485e-13
7,PP,0.722,0.0101039999997387,0.0101039999996168,-2.61275376334247e-13,-3.83205620013705e-13
7,PP,0.724,0.0101039999997625,0.0101039999996509,-2.37523542501172e-13,-3.49111364816856e-13
7,PP,0.726,0.010103999999784,0.0101039999996819,-2.15992154717348e-13,-3.1805634514992e-13
7,PP,0.728,0.0101039999998036,0.0101039999997102,-1.96448760036994e-13,-2.8977514832107e-13
7,PP,0.73,0.0101039999998213,0.0101039999997359,-1.78733763900318e-13,-2.64063076960142e-13
7,PP,0.732,0.0101039999998374,0.0101039999997593,-1.62633795319778e-13,-2.40673800333546e-13
7,PP,0.734,0.010103999999852,0.0101039999997806,-1.47980586118202e-13,-2.19419968305878e-13
7,PP,0.736,0.0101039999998654,0.0101039999997999,-1.34579847266281e-13,-2.00083005719165e-13
7,PP,0.738,0.0101039999998776,0.0101039999998176,-1.22358720378024e-13,-1.82433929074577e-13
7,PP,0.74,0.0101039999998888,0.0101039999998337,-1.11218326215301e-13,-1.66292327130613e-13
7,PP,0.742,0.0101039999998989,0.0101039999998485,-1.01097949456452e-13,-1.51526360903098e-13
7,PP,0.744,0.0101039999999081,0.010103999999862,-9.19073844807272e-14,-1.38044090047806e-13
7,PP,0.746,0.0101039999999164,0.0101039999998742,-8.35789770725626e-14,-1.25760513114415e-13
7,PP,0.748,0.010103999999924,0.0101039999998854,-7.60173174407797e-14,-1.14575016141316e-13
7,PP,0.75,0.0101039999999308,0.0101039999998956,-6.91547513698154e-14,-1.0440606712514e-13
7,PP,0.752,0.0101039999999371,0.0101039999999048,-6.29270940910587e-14,-9.51721340625156e-14
7,PP,0.754,0.0101039999999427,0.0101039999999132,-5.72597524950424e-14,-8.676219465098e-14
7,PP,0.756,0.0101039999999479,0.0101039999999209,-5.20746640253478e-14,-7.91155335688742e-14
7,PP,0.758,0.0101039999999527,0.0101039999999279,-4.73388689359311e-14,-7.21367410250195e-14
7,PP,0.76,0.010103999999957,0.0101039999999343,-4.30332852685567e-14,-6.5747754462997e-14
7,PP,0.762,0.0101039999999609,0.0101039999999401,-3.9121483830229e-14,-5.9910409966335e-14
7,PP,0.764,0.0101039999999644,0.0101039999999454,-3.55600965340486e-14,-5.45865436185622e-14
7,PP,0.766,0.0101039999999677,0.0101039999999503,-3.23265719748278e-14,-4.97293178858271e-14
7,PP,0.768,0.0101039999999706,0.0101039999999547,-2.94087670882348e-14,-4.53057730220863e-14
7,PP,0.77,0.0101039999999732,0.0101039999999587,-2.67633137873702e-14,-4.1284684004772e-14
7,PP,0.772,0.0101039999999757,0.0101039999999624,-2.43468439853345e-14,-3.76382952582688e-14
7,PP,0.774,0.0101039999999778,0.0101039999999657,-2.21558882351758e-14,-3.43076261843933e-14
7,PP,0.776,0.0101039999999798,0.0101039999999687,-2.01522826204226e-14,-3.12840031657657e-14
7,PP,0.778,0.0101039999999817,0.0101039999999715,-1.83100062889352e-14,-2.85257928389626e-14
7,PP,0.78,0.0101039999999834,0.010103999999974,-1.66429370285215e-14,-2.59983007344644e-14
7,PP,0.782,0.0101039999999849,0.0101039999999763,-1.51319928809457e-14,-2.36980574053192e-14
7,PP,0.784,0.0101039999999862,0.0101039999999784,-1.37546224410201e-14,-2.15764905941995e-14
7,PP,0.786,0.0101039999999875,0.0101039999999803,-1.25073562617928e-14,-1.9673498941053e-14
7,PP,0.788,0.0101039999999886,0.0101039999999821,-1.13745818319799e-14,-1.79127546129365e-14
7,PP,0.79,0.0101039999999896,0.0101039999999837,-1.03510949811536e-14,-1.63254826324177e-14
7,PP,0.792,0.0101039999999906,0.0101039999999851,-9.41781375107809e-15,-1.4885662147357e-14
7,PP,0.794,0.0101039999999914,0.0101039999999864,-8.56779924784945e-15,-1.35638028586627e-14
7,PP,0.796,0.0101039999999922,0.0101039999999876,-7.78370423670793e-15,-1.23633742132867e-14
7,PP,0.798,0.0101039999999929,0.0101039999999887,-7.0828759524133e-15,-1.12739678703733e-14
7,PP,0.8,0.0101039999999936,0.0101039999999897,-6.43408937239798e-15,-1.02747671482106e-14
7,PP,0.802,0.0101039999999942,0.0101039999999906,-5.84428339056586e-15,-9.36577204679878e-15
7,PP,0.804,0.0101039999999947,0.0101039999999915,-5.30651911301305e-15,-8.53830894875784e-15
7,PP,0.806,0.0101039999999952,0.0101039999999922,-4.83467432754736e-15,-7.77329589585207e-15
7,PP,0.808,0.0101039999999956,0.0101039999999929,-4.39405456464925e-15,-7.08981484631721e-15
7,PP,0.81,0.010103999999996,0.0101039999999935,-3.99853761212654e-15,-6.46011022453763e-15
7,PP,0.812,0.0101039999999964,0.0101039999999941,-3.63424568217141e-15,-5.88071258356138e-15
7,PP,0.814,0.0101039999999967,0.0101039999999946,-3.31158711563972e-15,-5.36376498772029e-15
7,PP,0.816,0.010103999999997,0.0101039999999951,-3.00280633691585e-15,-4.88671603182667e-15
7,PP,0.818,0.0101039999999973,0.0101039999999955,-2.74086309204336e-15,-4.45997405673637e-15
7,PP,0.82,0.0101039999999975,0.0101039999999959,-2.48932818802672e-15,-4.06619182768964e-15
7,PP,0.822,0.0101039999999977,0.0101039999999963,-2.2516710718179e-15,-3.69843045078255e-15
7,PP,0.824,0.0101039999999979,0.0101039999999966,-2.05217787208056e-15,-3.37056771382294e-15
7,PP,0.826,0.0101039999999981,0.0101039999999969,-1.86829718362702e-15,-3.07219527595493e-15
7,PP,0.828,0.0101039999999983,0.0101039999999972,-1.70349845340922e-15,-2.79810896675059e-15
7,PP,0.83,0.0101039999999985,0.0101039999999974,-1.53176082928752e-15,-2.55524768011384e-15
7,PP,0.832,0.0101039999999986,0.0101039999999977,-1.40686073901719e-15,-2.3262641812849e-15
7,PP,0.834,0.0101039999999987,0.0101039999999979,-1.27328703136698e-15,-2.11809736416768e-15
7,PP,0.836,0.0101039999999988,0.0101039999999981,-1.15706055847653e-15,-1.92727778181023e-15
7,PP,0.838,0.0101039999999989,0.0101039999999982,-1.06685493772574e-15,-1.76421377506841e-15
7,PP,0.84,0.010103999999999,0.0101039999999984,-9.66240976119082e-16,-1.61849700308636e-15
7,PP,0.842,0.0101039999999991,0.0101039999999985,-8.77770078844264e-16,-1.45890244329649e-15
7,PP,0.844,0.0101039999999992,0.0101039999999987,-7.85829734617494e-16,-1.33053290607421e-15
7,PP,0.846,0.0101039999999993,0.0101039999999988,-7.16440795578421e-16,-1.20563281580388e-15
7,PP,0.848,0.0101039999999993,0.0101039999999989,-6.53990750443256e-16,-1.10848830114918e-15
7,PP,0.85,0.0101039999999994,0.010103999999999,-5.91540705308091e-16,-1.00787433954252e-15
7,PP,0.852,0.0101039999999995,0.0101039999999991,-5.29090660172926e-16,-9.24607612695638e-16
7,PP,0.854,0.0101039999999995,0.0101039999999992,-4.80518402845576e-16,-8.43075609324728e-16
7,PP,0.856,0.0101039999999996,0.0101039999999992,-4.38885039422132e-16,-7.65013052905772e-16
7,PP,0.858,0.0101039999999996,0.0101039999999993,-3.93782229046735e-16,-6.956241138667e-16
7,PP,0.86,0.0101039999999996,0.0101039999999994,-3.72965547335014e-16,-6.36643515683488e-16
7,PP,0.862,0.0101039999999997,0.0101039999999994,-3.38271077815477e-16,-5.759281940243e-16
7,PP,0.864,0.0101039999999997,0.0101039999999995,-3.07046055247895e-16,-5.16947595841089e-16
7,PP,0.866,0.0101039999999997,0.0101039999999995,-2.75821032680312e-16,-4.70110061989715e-16
7,PP,0.868,0.0101039999999998,0.0101039999999996,-2.46330733588707e-16,-4.33680868994202e-16
7,PP,0.87,0.0101039999999998,0.0101039999999996,-2.23779328401008e-16,-4.00721122950642e-16
7,PP,0.872,0.0101039999999998,0.0101039999999996,-2.02962646689286e-16,-3.59087759527199e-16
7,PP,0.874,0.0101039999999998,0.0101039999999997,-1.83880688453542e-16,-3.3133218391157e-16
7,PP,0.876,0.0101039999999998,0.0101039999999997,-1.6306400674182e-16,-2.96637714392034e-16
7,PP,0.878,0.0101039999999999,0.0101039999999997,-1.47451495458029e-16,-2.65412691824451e-16
7,PP,0.88,0.0101039999999999,0.0101039999999998,-1.37043154602168e-16,-2.48065457064683e-16
7,PP,0.882,0.0101039999999999,0.0101039999999998,-1.2490009027033e-16,-2.28983498828939e-16
7,PP,0.884,0.0101039999999999,0.0101039999999998,-1.12757025938492e-16,-2.09901540593194e-16
7,PP,0.886,0.0101039999999999,0.0101039999999998,-9.8879238130678e-17,-1.90819582357449e-16
7,PP,0.888,0.0101039999999999,0.0101039999999998,-9.36750677027476e-17,-1.71737624121704e-16
7,PP,0.89,0.0101039999999999,0.0101039999999998,-8.50014503228635e-17,-1.59594559789866e-16
7,PP,0.892,0.0101039999999999,0.0101039999999999,-7.80625564189563e-17,-1.47451495458029e-16
7,PP,0.894,0.0101039999999999,0.0101039999999999,-7.28583859910259e-17,-1.37043154602168e-16
7,PP,0.896,0.0101039999999999,0.0101039999999999,-6.76542155630955e-17,-1.23165366794353e-16
7,PP,0.898,0.0101039999999999,0.0101039999999999,-6.41847686111419e-17,-1.12757025938492e-16
7,PP,0.9,0.0101039999999999,0.0101039999999999,-6.07153216591882e-17,-1.00613961606655e-16
7,PP,0.902,0.0101039999999999,0.0101039999999999,-5.72458747072346e-17,-9.54097911787244e-17
7,PP,0.904,0.0101039999999999,0.0101039999999999,-5.03069808033274e-17,-8.67361737988404e-17
7,PP,0.906,0.010104,0.0101039999999999,-4.68375338513738e-17,-8.15320033709099e-17
7,PP,0.908,0.010104,0.0101039999999999,-4.16333634234434e-17,-7.80625564189563e-17
7,PP,0.91,0.010104,0.0101039999999999,-3.81639164714898e-17,-6.76542155630955e-17
7,PP,0.912,0.010104,0.0101039999999999,-3.29597460435593e-17,-6.59194920871187e-17
7,PP,0.914,0.010104,0.0101039999999999,-3.12250225675825e-17,-6.07153216591882e-17
7,PP,0.916,0.010104,0.0101039999999999,-2.94902990916057e-17,-5.3776427755281e-17
7,PP,0.918,0.010104,0.010104,-2.60208521396521e-17,-4.68375338513738e-17
7,PP,0.92,0.010104,0.010104,-2.42861286636753e-17,-4.33680868994202e-17
7,PP,0.922,0.010104,0.010104,-2.25514051876985e-17,-3.64291929955129e-17
7,PP,0.924,0.010104,0.010104,-2.25514051876985e-17,-3.29597460435593e-17
7,PP,0.926,0.010104,0.010104,-1.90819582357449e-17,-2.94902990916057e-17
7,PP,0.928,0.010104,0.010104,-1.73472347597681e-17,-2.77555756156289e-17
7,PP,0.93,0.010104,0.010104,-1.73472347597681e-17,-2.25514051876985e-17
7,PP,0.932,0.010104,0.010104,-1.21430643318376e-17,-2.25514051876985e-17
7,PP,0.934,0.010104,0.010104,-1.21430643318376e-17,-2.25514051876985e-17
7,PP,0.936,0.010104,0.010104,-8.67361737988404e-18,-2.08166817117217e-17
7,PP,0.938,0.010104,0.010104,-6.93889390390723e-18,-1.90819582357449e-17
7,PP,0.94,0.010104,0.010104,-6.93889390390723e-18,-1.90819582357449e-17
7,PP,0.942,0.010104,0.010104,-6.93889390390723e-18,-1.56125112837913e-17
7,PP,0.944,0.010104,0.010104,-5.20417042793042e-18,-1.56125112837913e-17
7,PP,0.946,0.010104,0.010104,-5.20417042793042e-18,-1.56125112837913e-17
7,PP,0.948,0.010104,0.010104,-5.20417042793042e-18,-1.38777878078145e-17
7,PP,0.95,0.010104,0.010104,-1.73472347597681e-18,-1.38777878078145e-17
7,PP,0.952,0.010104,0.010104,-1.73472347597681e-18,-1.04083408558608e-17
7,PP,0.954,0.010104,0.010104,-1.73472347597681e-18,-8.67361737988404e-18
7,PP,0.956,0.010104,0.010104,-1.73472347597681e-18,-8.67361737988404e-18
7,PP,0.958,0.010104,0.010104,-1.73472347597681e-18,-6.93889390390723e-18
7,PP,0.96,0.010104,0.010104,-1.73472347597681e-18,-6.93889390390723e-18
7,PP,0.962,0.010104,0.010104,-1.73472347597681e-18,-6.93889390390723e-18
7,PP,0.964,0.010104,0.010104,0,-3.46944695195361e-18
7,PP,0.966,0.010104,0.010104,0,-3.46944695195361e-18
7,PP,0.968,0.010104,0.010104,0,-3.46944695195361e-18
7,PP,0.97,0.010104,0.010104,0,-3.46944695195361e-18
7,PP,0.972,0.010104,0.010104,0,-3.46944695195361e-18
7,PP,0.974,0.010104,0.010104,0,-3.46944695195361e-18
7,PP,0.976,0.010104,0.010104,0,-1.73472347597681e-18
7,PP,0.978,0.010104,0.010104,0,-1.73472347597681e-18
7,PP,0.98,0.010104,0.010104,0,-1.73472347597681e-18
7,PP,0.982,0.010104,0.010104,0,-1.73472347597681e-18
7,PP,0.984,0.010104,0.010104,0,-1.73472347597681e-18
7,PP,0.986,0.010104,0.010104,0,-1.73472347597681e-18
7,PP,0.988,0.010104,0.010104,0,-1.73472347597681e-18
7,PP,0.99,0.010104,0.010104,0,-1.73472347597681e-18
7,PP,0.992,0.010104,0.010104,0,-1.73472347597681e-18
7,PP,0.994,0.010104,0.010104,0,-1.73472347597681e-18
7,PP,0.996,0.010104,0.010104,0,-1.73472347597681e-18
7,PP,0.998,0.010104,0.010104,0,-1.73472347597681e-18
7,PP,1,0.010104,0.010104,0,-1.73472347597681e-18
7,PP,1.002,0.010104,0.010104,0,-1.73472347597681e-18
7,PP,1.004,0.010104,0.010104,0,-1.73472347597681e-18
7,PP,1.006,0.010104,0.010104,0,-1.73472347597681e-18
7,PP,1.008,0.010104,0.010104,0,-1.73472347597681e-18
7,PP,1.01,0.010104,0.010104,0,-1.73472347597681e-18
7,PP,1.012,0.010104,0.010104,0,-1.73472347597681e-18
7,PP,1.014,0.010104,0.010104,0,-1.73472347597681e-18
7,PP,1.016,0.010104,0.010104,0,-1.73472347597681e-18
7,PP,1.018,0.010104,0.010104,0,-1.73472347597681e-18
7,PP,1.02,0.010104,0.010104,0,-1.73472347597681e-18
7,PP,1.022,0.010104,0.010104,0,-1.73472347597681e-18
7,PP,1.024,0.010104,0.010104,0,-1.73472347597681e-18
7,PP,1.026,0.010104,0.010104,0,-1.73472347597681e-18
7,PP,1.028,0.010104,0.010104,0,-1.73472347597681e-18
7,PP,1.03,0.010104,0.010104,0,-1.73472347597681e-18
7,PP,1.032,0.010104,0.010104,0,-1.73472347597681e-18
7,PP,1.034,0.010104,0.010104,0,-1.73472347597681e-18
7,PP,1.036,0.010104,0.010104,0,-1.73472347597681e-18
7,PP,1.038,0.010104,0.010104,0,-1.73472347597681e-18
7,PP,1.04,0.010104,0.010104,0,-1.73472347597681e-18
7,PP,1.042,0.010104,0.010104,0,-1.73472347597681e-18
7,PP,1.044,0.010104,0.010104,0,-1.73472347597681e-18
7,PP,1.046,0.010104,0.010104,0,-1.73472347597681e-18
7,PP,1.048,0.010104,0.010104,0,-1.73472347597681e-18
7,PP,1.05,0.010104,0.010104,0,-1.73472347597681e-18
7,PP,1.052,0.010104,0.010104,0,-1.73472347597681e-18
7,PP,1.054,0.010104,0.010104,0,-1.73472347597681e-18
7,PP,1.056,0.010104,0.010104,0,-1.73472347597681e-18
7,PP,1.058,0.010104,0.010104,0,-1.73472347597681e-18
7,PP,1.06,0.010104,0.010104,0,-1.73472347597681e-18
7,PP,1.062,0.010104,0.010104,0,-1.73472347597681e-18
7,PP,1.064,0.010104,0.010104,0,-1.73472347597681e-18
7,PP,1.066,0.010104,0.010104,0,-1.73472347597681e-18
7,PP,1.068,0.010104,0.010104,0,-1.73472347597681e-18
7,PP,1.07,0.010104,0.010104,0,-1.73472347597681e-18
7,PP,1.072,0.010104,0.010104,0,-1.73472347597681e-18
7,PP,1.074,0.010104,0.010104,0,-1.73472347597681e-18
7,PP,1.076,0.010104,0.010104,0,-1.73472347597681e-18
7,PP,1.078,0.010104,0.010104,0,-1.73472347597681e-18
7,PP,1.08,0.010104,0.010104,0,-1.73472347597681e-18
7,PP,1.082,0.010104,0.010104,0,-1.73472347597681e-18
7,PP,1.084,0.010104,0.010104,0,-1.73472347597681e-18
7,PP,1.086,0.010104,0.010104,0,-1.73472347597681e-18
7,PP,1.088,0.010104,0.010104,0,-1.73472347597681e-18
7,PP,1.09,0.010104,0.010104,0,-1.73472347597681e-18
7,PP,1.092,0.010104,0.010104,0,-1.73472347597681e-18
7,PP,1.094,0.010104,0.010104,0,-1.73472347597681e-18
7,PP,1.096,0.010104,0.010104,0,-1.73472347597681e-18
7,PP,1.098,0.010104,0.010104,0,-1.73472347597681e-18
7,PP,1.1,0.010104,0.010104,0,-1.73472347597681e-18
7,CF,0,0.010104,0.010104,0,0
7,CF,0.002,0.010104,0.010104,0,0
7,CF,0.004,0.010104,0.010104,0,0
7,CF,0.006,0.010104,0.010104,0,0
7,CF,0.008,0.010104,0.010104,0,0
7,CF,0.01,0.010104,0.010104,0,0
7,CF,0.012,0.010104,0.010104,0,0
7,CF,0.014,0.010104,0.010104,0,0
7,CF,0.016,0.010104,0.010104,0,0
7,CF,0.018,0.010104,0.010104,0,0
7,CF,0.02,0.010104,0.010104,0,0
7,CF,0.022,0.010104,0.010104,0,0
7,CF,0.024,0.010104,0.010104,0,0
7,CF,0.026,0.010104,0.010104,0,0
7,CF,0.028,0.010104,0.010104,0,0
7,CF,0.03,0.010104,0.010104,0,0
7,CF,0.032,0.010104,0.010104,0,0
7,CF,0.034,0.010104,0.010104,0,0
7,CF,0.036,0.010104,0.010104,0,0
7,CF,0.038,0.010104,0.010104,0,0
7,CF,0.04,0.010104,0.010104,0,0
7,CF,0.042,0.010104,0.010104,0,0
7,CF,0.044,0.010104,0.010104,0,0
7,CF,0.046,0.010104,0.010104,0,0
7,CF,0.048,0.010104,0.010104,0,0
7,CF,0.05,0.010104,0.010104,0,0
7,CF,0.052,0.010104,0.010104,0,0
7,CF,0.054,0.010104,0.010104,0,0
7,CF,0.056,0.010104,0.010104,0,0
7,CF,0.058,0.010104,0.010104,0,0
7,CF,0.06,0.010104,0.010104,0,0
7,CF,0.062,0.010104,0.010104,0,0
7,CF,0.064,0.010104,0.010104,0,0
7,CF,0.066,0.010104,0.010104,0,0
7,CF,0.068,0.010104,0.010104,0,0
7,CF,0.07,0.010104,0.010104,0,0
7,CF,0.072,0.010104,0.010104,0,0
7,CF,0.074,0.010104,0.010104,0,0
7,CF,0.076,0.010104,0.010104,0,0
7,CF,0.078,0.010104,0.010104,0,0
7,CF,0.08,0.010104,0.010104,0,0
7,CF,0.082,0.010104,0.010104,0,0
7,CF,0.084,0.010104,0.010104,0,0
7,CF,0.086,0.010104,0.010104,0,0
7,CF,0.088,0.010104,0.010104,0,0
7,CF,0.09,0.010104,0.010104,0,0
7,CF,0.092,0.010104,0.010104,0,0
7,CF,0.094,0.010104,0.010104,0,0
7,CF,0.096,0.010104,0.010104,0,0
7,CF,0.098,0.010104,0.010104,0,0
7,CF,0.1,0.010104,0.010104,0,0
7,CF,0.102,0.010104,0.010104,0,0
7,CF,0.104,0.010104,0.010104,0,0
7,CF,0.106,0.010104,0.010104,0,0
7,CF,0.108,0.010104,0.010104,0,0
7,CF,0.11,0.010104,0.010104,0,0
7,CF,0.112,0.010104,0.010104,0,0
7,CF,0.114,0.010104,0.010104,0,0
7,CF,0.116,0.010104,0.010104,0,0
7,CF,0.118,0.010104,0.010104,0,0
7,CF,0.12,0.010104,0.010104,0,0
7,CF,0.122,0.010104,0.010104,0,0
7,CF,0.124,0.010104,0.010104,0,0
7,CF,0.126,0.010104,0.010104,0,0
7,CF,0.128,0.010104,0.010104,0,0
7,CF,0.13,0.010104,0.010104,0,0
7,CF,0.132,0.010104,0.010104,0,0
7,CF,0.134,0.010104,0.010104,0,0
7,CF,0.136,0.010104,0.010104,0,0
7,CF,0.138,0.010104,0.010104,0,0
7,CF,0.14,0.010104,0.010104,0,0
7,CF,0.142,0.010104,0.010104,0,0
7,CF,0.144,0.010104,0.010104,0,0
7,CF,0.146,0.010104,0.010104,0,0
7,CF,0.148,0.010104,0.010104,0,0
7,CF,0.15,0.010104,0.010104,0,0
7,CF,0.152,0.010104,0.010104,0,0
7,CF,0.154,0.010104,0.010104,0,0
7,CF,0.156,0.010104,0.010104,0,0
7,CF,0.158,0.010104,0.010104,0,0
7,CF,0.16,0.010104,0.010104,0,0
7,CF,0.162,0.010104,0.010104,0,0
7,CF,0.164,0.010104,0.010104,0,0
7,CF,0.166,0.010104,0.010104,0,0
7,CF,0.168,0.010104,0.010104,0,0
7,CF,0.17,0.010104,0.010104,0,0
7,CF,0.172,0.010104,0.010104,0,0
7,CF,0.174,0.010104,0.010104,0,0
7,CF,0.176,0.010104,0.010104,0,0
7,CF,0.178,0.010104,0.010104,0,0
7,CF,0.18,0.010104,0.010104,0,0
7,CF,0.182,0.010104,0.010104,0,0
7,CF,0.184,0.010104,0.010104,0,0
7,CF,0.186,0.010104,0.010104,0,0
7,CF,0.188,0.010104,0.010104,0,0
7,CF,0.19,0.010104,0.010104,0,0
7,CF,0.192,0.010104,0.010104,0,0
7,CF,0.194,0.010104,0.010104,0,0
7,CF,0.196,0.010104,0.010104,0,0
7,CF,0.198,0.010104,0.010104,0,0
7,CF,0.2,0.0105189759634094,0.010509467574222,0.000132470468811811,0.000122962079624377
7,CF,0.202,0.0105111800979158,0.0105023925438993,0.000124674603318258,0.000115887049301752
7,CF,0.204,0.0105038418106433,0.0104957229170034,0.000117336316045744,0.000109217422405831
7,CF,0.206,0.0104969337424285,0.0104894353849519,0.000110428247830897,0.000102929890354327
7,CF,0.208,0.0104904303032848,0.0104835078453059,0.000103924808687202,9.70023507083362e-05
7,CF,0.21,0.0104843091500871,0.0104779210582048,9.78036554895277e-05,9.14155636072382e-05
7,CF,0.212,0.0104785442491011,0.0104726534553466,9.20387545035178e-05,8.6147960749048e-05
7,CF,0.214,0.0104731117691565,0.0104676819024912,8.66062745588925e-05,8.11764078936413e-05
7,CF,0.216,0.010467999105073,0.0104629963997737,8.14936104754221e-05,7.64909051761443e-05
7,CF,0.218,0.0104631876590259,0.0104585809042627,7.66821644283197e-05,7.20754096650983e-05
7,CF,0.22,0.0104586596717385,0.0104544200445071,7.2154177140904e-05,6.79145499095334e-05
7,CF,0.222,0.0104543960426274,0.0104504968127395,6.78905480297858e-05,6.39913181418837e-05
7,CF,0.224,0.0104503829865671,0.0104467984272667,6.38774919694968e-05,6.02929326691155e-05
7,CF,0.226,0.0104466067916708,0.0104433131853736,6.01012970732687e-05,5.68076907760014e-05
7,CF,0.228,0.0104430535688438,0.0104400291574574,5.6548074246196e-05,5.35236628598709e-05
7,CF,0.23,0.0104397101734027,0.0104369347511107,5.3204678805107e-05,5.04292565131521e-05
7,CF,0.232,0.0104365644918809,0.0104340190795934,5.00589972832789e-05,4.75135849958529e-05
7,CF,0.234,0.0104336042798402,0.0104312719468876,4.70987852426268e-05,4.47664522899953e-05
7,CF,0.236,0.0104308189330988,0.0104286832507017,4.43134385012499e-05,4.2177756104142e-05
7,CF,0.238,0.0104281982837205,0.0104262441916646,4.16927891229123e-05,3.97386970670127e-05
7,CF,0.24,0.0104257326100147,0.0104239461557116,3.92271154171023e-05,3.74406611139966e-05
7,CF,0.242,0.0104234125923434,0.0104217809344276,3.69070977457898e-05,3.52754398300417e-05
7,CF,0.244,0.0104212297770017,0.0104197408339585,3.47242824041416e-05,3.32353393609139e-05
7,CF,0.246,0.0104191760666322,0.0104178187028324,3.26705720346196e-05,3.13132082348649e-05
7,CF,0.248,0.0104172398939625,0.0104160062126663,3.07343993649102e-05,2.95007180687035e-05
7,CF,0.25,0.0104154184207784,0.0104142966712136,2.89129261807977e-05,2.77911766159954e-05
7,CF,0.252,0.0104137050226537,0.0104126863595414,2.71995280561703e-05,2.61808649438637e-05
7,CF,0.254,0.0104120933633167,0.0104111693429466,2.55878687190902e-05,2.46638483489929e-05
7,CF,0.256,0.010410577380493,0.0104097405782023,2.40718858954374e-05,2.32350836047064e-05
7,CF,0.258,0.0104091511997536,0.010408394602921,2.26457051560637e-05,2.18891083233787e-05
7,CF,0.26,0.0104078093283254,0.0104071265827951,2.13038337278301e-05,2.06210881975345e-05
7,CF,0.262,0.0104065464502395,0.0104059317175312,2.00409556418805e-05,1.94262229336155e-05
7,CF,0.264,0.0104053582925271,0.0104048057417653,1.88527979295e-05,1.83002471677365e-05
7,CF,0.266,0.0104042405684253,0.0104037449867754,1.77350738277092e-05,1.72394921778632e-05
7,CF,0.268,0.010403188374265,0.0104027455726134,1.66828796674609e-05,1.62400780157994e-05
7,CF,0.27,0.0104021984434062,0.0104018036102344,1.56929488085746e-05,1.52981156368096e-05
7,CF,0.272,0.0104012672839429,0.0104009161350083,1.47617893453689e-05,1.44106404107516e-05
7,CF,0.274,0.0104003914338195,0.0104000801076657,1.38859392219207e-05,1.35746130681368e-05
7,CF,0.276,0.0103995675358322,0.0103992925722524,1.30620412346141e-05,1.27870776548272e-05
7,CF,0.278,0.0103987924821479,0.0103985507122068,1.22869875503299e-05,1.20452176092141e-05
7,CF,0.28,0.0103980633839513,0.0103978518540507,1.15578893536868e-05,1.1346359453112e-05
7,CF,0.282,0.0103973775426083,0.0103971935159046,1.08720480106982e-05,1.0688021307062e-05
7,CF,0.284,0.0103967323971664,0.0103965733697637,1.02269025688273e-05,1.00678751660983e-05
7,CF,0.286,0.0103961255143403,0.0103959892040383,9.62001974272667e-06,9.48370944067745e-06
7,CF,0.288,0.0103955546226697,0.0103954389158447,9.0491280721125e-06,8.93342124708846e-06
7,CF,0.29,0.0103950175929645,0.0103949205367346,8.51209836687239e-06,8.41504213706587e-06
7,CF,0.292,0.0103945124343881,0.010394432217773,8.00693979048292e-06,7.92672317538948e-06
7,CF,0.294,0.0103940372543212,0.0103939722357496,7.53175972358772e-06,7.46674115199158e-06
7,CF,0.296,0.0103935902653353,0.010393538950069,7.08477073775235e-06,7.03345547143144e-06
7,CF,0.298,0.0103931697911011,0.0103931308043821,6.66429650355779e-06,6.62530978449982e-06
7,CF,0.3,0.00997595746847586,0.0099854299559896,-0.000128042531524141,-0.000118570044010398
7,CF,0.302,0.00998356913849183,0.00999232263322572,-0.000120430861508173,-0.000111677366774279
7,CF,0.304,0.00999072435948481,0.00999881053462692,-0.000113275640515189,-0.000105189465373082
7,CF,0.306,0.00999744561676831,0.0100049141213078,-0.000106554383231693,-9.9085878692182e-05
7,CF,0.308,0.0100037665015482,0.010010662127215,-0.000100233498451804,-9.33378727849647e-05
7,CF,0.31,0.0100097108534784,0.0100160754359583,-9.42891465216256e-05,-8.79245640417001e-05
7,CF,0.312,0.010015300219136,0.0100211725888194,-8.86997808639527e-05,-8.28274111806231e-05
7,CF,0.314,0.0100205576562011,0.0100259736952124,-8.34423437988899e-05,-7.80263047875773e-05
7,CF,0.316,0.010025503667412,0.0100304966440864,-7.84963325879528e-05,-7.35033559136431e-05
7,CF,0.318,0.0100301533805426,0.0100347551842357,-7.38466194574166e-05,-6.92448157642873e-05
7,CF,0.32,0.0100345280147204,0.0100387662886343,-6.94719852796268e-05,-6.52337113657038e-05
7,CF,0.322,0.0100386432434441,0.0100425447534866,-6.5356756555902e-05,-6.14552465134036e-05
7,CF,0.324,0.0100425145040777,0.0100461041557557,-6.14854959223084e-05,-5.78958442443017e-05
7,CF,0.326,0.0100461562868335,0.0100494572363242,-5.7843713166519e-05,-5.45427636758373e-05
7,CF,0.328,0.0100495830592867,0.0100526165517775,-5.4416940713271e-05,-5.13834482225497e-05
7,CF,0.33,0.0100528042423264,0.0100555922967869,-5.11957576736066e-05,-4.84077032130714e-05
7,CF,0.332,0.0100558307567735,0.0100583909518361,-4.81692432264692e-05,-4.56090481639158e-05
7,CF,0.334,0.0100586772557787,0.0100610268717024,-4.53227442212822e-05,-4.29731282976225e-05
7,CF,0.336,0.0100613550743126,0.0100635098452606,-4.2644925687365e-05,-4.04901547394355e-05
7,CF,0.338,0.0100638745202463,0.010065849205898,-4.01254797536849e-05,-3.81507941020209e-05
7,CF,0.34,0.0100662449665082,0.0100680532756928,-3.77550334917601e-05,-3.59467243071787e-05
7,CF,0.342,0.0100684752094215,0.0100701298604985,-3.55247905785144e-05,-3.38701395014573e-05
7,CF,0.344,0.010070574120656,0.0100720866030041,-3.34258793439537e-05,-3.19133969959254e-05
7,CF,0.346,0.0100725490218483,0.0100739305169648,-3.14509781516783e-05,-3.00694830351732e-05
7,CF,0.348,0.0100744070945904,0.0100756678351617,-2.95929054095808e-05,-2.83321648382653e-05
7,CF,0.35,0.0100761551509303,0.0100773045630001,-2.78448490697251e-05,-2.66954369999121e-05
7,CF,0.352,0.0100777998919168,0.0100788466386533,-2.62001080831766e-05,-2.51533613467251e-05
7,CF,0.354,0.0100793474523919,0.0100802996015012,-2.46525476081446e-05,-2.37003984988292e-05
7,CF,0.356,0.010080802740935,0.0100816683868692,-2.3197259064996e-05,-2.23316131307879e-05
7,CF,0.358,0.0100821719051208,0.0100829574985355,-2.18280948791703e-05,-2.10425014644678e-05
7,CF,0.36,0.0100834603236329,0.0100841721327715,-2.05396763670682e-05,-1.98278672284714e-05
7,CF,0.362,0.0100846727759995,0.0100853166138806,-1.93272240005381e-05,-1.86833861194353e-05
7,CF,0.364,0.010085813621568,0.0100863950118528,-1.81863784320408e-05,-1.76049881471605e-05
7,CF,0.366,0.0100868870777475,0.0100874111281592,-1.71129222525414e-05,-1.65888718408249e-05
7,CF,0.368,0.0100878971361262,0.0100883685541715,-1.61028638737907e-05,-1.56314458284942e-05
7,CF,0.37,0.0100888475633505,0.0100892706917542,-1.51524366494658e-05,-1.47293082458401e-05
7,CF,0.372,0.0100897418854362,0.0100901207535421,-1.42581145638355e-05,-1.38792464579266e-05
7,CF,0.374,0.0100905833957686,0.010090921746131,-1.34166042314015e-05,-1.30782538689568e-05
7,CF,0.376,0.0100913752127744,0.0100916764865259,-1.26247872256399e-05,-1.23235134741068e-05
7,CF,0.378,0.0100921202849442,0.0100923876465642,-1.18797150557622e-05,-1.16123534358095e-05
7,CF,0.38,0.0100928213897622,0.0100930577552456,-1.11786102377533e-05,-1.09422447544267e-05
7,CF,0.382,0.0100934811124989,0.0100936891978008,-1.05188875010789e-05,-1.03108021992267e-05
7,CF,0.384,0.0100941018825779,0.0100942841969967,-9.8981174221028e-06,-9.71580300328061e-06
7,CF,0.386,0.0100946860029123,0.010094844844467,-9.31399708773741e-06,-9.15515553299474e-06
7,CF,0.388,0.0100952356501656,0.0100953731255801,-8.7643498344319e-06,-8.62687441987274e-06
7,CF,0.39,0.0100957528725027,0.0100958709196379,-8.2471274972986e-06,-8.12908036208586e-06
7,CF,0.392,0.0100962395708142,0.0100963399988979,-7.76042918583172e-06,-7.66000110208158e-06
7,CF,0.394,0.0100966975357949,0.0100967820117312,-7.30246420511081e-06,-7.21798826875016e-06
7,CF,0.396,0.0100971284658931,0.0100971985089058,-6.87153410693607e-06,-6.80149109415565e-06
7,CF,0.398,0.0100975339673162,0.0100975909636108,-6.46603268378287e-06,-6.40903638915273e-06
7,CF,0.4,0.0100979155531327,0.0100979607715815,-6.08444686727404e-06,-6.03922841851783e-06
7,CF,0.402,0.01009827462622,0.0100983092512003,-5.72537377997902e-06,-5.69074879972452e-06
7,CF,0.404,0.0100986125030148,0.0100986376312356,-5.38749698518297e-06,-5.36236876438542e-06
7,CF,0.406,0.0100989304314121,0.0100989470588164,-5.06956858790757e-06,-5.0529411836208e-06
7,CF,0.408,0.0100992295678562,0.0100992386245314,-4.77043214380628e-06,-4.76137546863951e-06
7,CF,0.41,0.0100995110463917,0.0100995133398041,-4.48895360834721e-06,-4.48666019594278e-06
7,CF,0.412,0.0100997759157176,0.0100997721948035,-4.22408428237854e-06,-4.22780519648315e-06
7,CF,0.414,0.0101000251462718,0.010100016115979,-3.97485372818224e-06,-3.98388402104814e-06
7,CF,0.416,0.0101002596563827,0.01010024595876,-3.74034361727733e-06,-3.75404123995754e-06
7,CF,0.418,0.0101004803198474,0.0101004625302872,-3.51968015263431e-06,-3.53746971277526e-06
7,CF,0.42,0.0101006879604452,0.0101006665957398,-3.31203955482307e-06,-3.33340426023412e-06
7,CF,0.422,0.0101008833842243,0.010100858881965,-3.11661577572127e-06,-3.141118034981e-06
7,CF,0.424,0.0101010672774655,0.0101010400916623,-2.9327225344513e-06,-2.95990833768314e-06
7,CF,0.426,0.0101012403034729,0.0101012108680335,-2.75969652710657e-06,-2.78913196652929e-06
7,CF,0.428,0.0101014031126326,0.0101013717743549,-2.59688736735375e-06,-2.62822564507138e-06
7,CF,0.43,0.0101015563096019,0.0101015233929198,-2.44369039811669e-06,-2.47660708020681e-06
7,CF,0.432,0.0101017004679127,0.0101016662573233,-2.2995320873246e-06,-2.33374267671893e-06
7,CF,0.434,0.0101018361295501,0.0101018008750268,-2.1638704498974e-06,-2.19912497316684e-06
7,CF,0.436,0.0101019637951104,0.0101019277301397,-2.03620488956231e-06,-2.07226986027008e-06
7,CF,0.438,0.0101020839104962,0.0101020472751223,-1.9160895037805e-06,-1.95272487766261e-06
7,CF,0.44,0.0101021969187398,0.010102159929317,-1.80308126017381e-06,-1.84007068299887e-06
7,CF,0.442,0.0101023032557109,0.0101022660530439,-1.69674428910152e-06,-1.73394695611277e-06
7,CF,0.444,0.0101024033177816,0.0101023660501145,-1.5966822184011e-06,-1.63394988552702e-06
7,CF,0.446,0.0101024974796727,0.0101024602752048,-1.50252032732161e-06,-1.53972479522563e-06
7,CF,0.448,0.0101025860967697,0.0101025490635365,-1.41390323026534e-06,-1.45093646349535e-06
7,CF,0.45,0.0101026694905505,0.0101026327342746,-1.33050944954409e-06,-1.36726572538826e-06
7,CF,0.452,0.0101027479632175,0.0101027115874809,-1.25203678250953e-06,-1.28841251912683e-06
7,CF,0.454,0.0101028218023919,0.0101027858949366,-1.17819760806805e-06,-1.21410506338966e-06
7,CF,0.456,0.010102891281694,0.0101028559144791,-1.10871830603758e-06,-1.14408552089745e-06
7,CF,0.458,0.0101029566611067,0.0101029218911428,-1.04333889329629e-06,-1.07810885722169e-06
7,CF,0.46,0.0101030181865592,0.0101029840585546,-9.81813440830911e-07,-1.01594144541299e-06
7,CF,0.462,0.0101030760899843,0.010103042638934,-9.23910015738008e-07,-9.57361065992424e-07
7,CF,0.464,0.0101031305836304,0.010103097842533,-8.69416369555717e-07,-9.02157466960152e-07
7,CF,0.466,0.0101031818625445,0.0101031498685959,-8.18137455517107e-07,-8.50131404115176e-07
7,CF,0.468,0.0101032301131682,0.0101031988991753,-7.6988683183829e-07,-8.01100824740844e-07
7,CF,0.47,0.0101032755125699,0.010103245101683,-7.24487430140211e-07,-7.54898317020108e-07
7,CF,0.472,0.0101033182311596,0.0101032886363002,-6.81768840367011e-07,-7.11363699754802e-07
7,CF,0.474,0.0101033584301004,0.0101033296553153,-6.41569899564182e-07,-6.70344684710819e-07
7,CF,0.476,0.0101033962620058,0.0101033683056604,-6.03737994169309e-07,-6.31694339557273e-07
7,CF,0.478,0.0101034318696484,0.0101034047263165,-5.68130351605647e-07,-5.952736834864e-07
7,CF,0.48,0.0101034653802747,0.0101034390491974,-5.34619725276256e-07,-5.60950802629481e-07
7,CF,0.482,0.0101034969133186,0.0101034713986741,-5.03086681421377e-07,-5.28601325941805e-07
7,CF,0.484,0.0101035265832072,0.0101035018863985,-4.73416792781678e-07,-4.98113601492614e-07
7,CF,0.486,0.0101035544993612,0.0101035306156293,-4.45500638763044e-07,-4.69384370678852e-07
7,CF,0.488,0.0101035807661947,0.0101035576854141,-4.19233805280458e-07,-4.42314585936965e-07
7,CF,0.49,0.0101036054831151,0.0101035831906225,-3.94516884867288e-07,-4.1680937753856e-07
7,CF,0.492,0.0101036287445234,0.0101036072219464,-3.71255476644058e-07,-3.92778053576529e-07
7,CF,0.494,0.0101036506395387,0.0101036298659,-3.49360461301615e-07,-3.70134099965044e-07
7,CF,0.496,0.0101036712475742,0.0101036512048195,-3.28752425836007e-07,-3.48795180488137e-07
7,CF,0.498,0.0101036906403233,0.0101036713168707,-3.09359676669077e-07,-3.28683129316096e-07
7,CF,0.5,0.0101037088873969,0.0101036902741069,-2.91112603101676e-07,-3.09725893108195e-07
7,CF,0.502,0.0101037260552125,0.0101037081397291,-2.73944787521074e-07,-2.91860270880059e-07
7,CF,0.504,0.0101037422073679,0.0101037249741617,-2.57792632145717e-07,-2.75025838275197e-07
7,CF,0.506,0.0101037574046606,0.0101037408354195,-2.42595339374277e-07,-2.59164580516599e-07
7,CF,0.508,0.0101037717050881,0.010103755779084,-2.28294911856775e-07,-2.44220915988566e-07
7,CF,0.51,0.0101037851638476,0.0101037698584045,-2.14836152355805e-07,-2.30141595471828e-07
7,CF,0.512,0.0101037978331894,0.0101037831242979,-2.02166810627305e-07,-2.16875702103644e-07
7,CF,0.514,0.010103809759316,0.0101037956253485,-1.90240683957746e-07,-2.04374651454134e-07
7,CF,0.516,0.0101038209832049,0.0101038074078085,-1.79016795080408e-07,-1.92592191463822e-07
7,CF,0.518,0.0101038315442142,0.0101038185148835,-1.68455785810179e-07,-1.81485116473173e-07
7,CF,0.52,0.0101038414802323,0.0101038289838781,-1.58519767704673e-07,-1.71016121939052e-07
7,CF,0.522,0.010103850827678,0.0101038388494199,-1.49172321961891e-07,-1.61150580119812e-07
7,CF,0.524,0.0101038596215005,0.01010384814488,-1.40378499458374e-07,-1.51855120041067e-07
7,CF,0.526,0.0101038678951793,0.0101038569023734,-1.32104820723192e-07,-1.43097626623123e-07
7,CF,0.528,0.010103875680724,0.0101038651527592,-1.24319275962223e-07,-1.34847240783331e-07
7,CF,0.53,0.0101038830086749,0.0101038729256406,-1.1699132507377e-07,-1.27074359373633e-07
7,CF,0.532,0.0101038899077743,0.0101038802493648,-1.10092225721198e-07,-1.19750635159746e-07
7,CF,0.534,0.0101038964022961,0.0101038871510231,-1.0359770386513e-07,-1.12848976942595e-07
7,CF,0.536,0.0101039025144079,0.0101038936564506,-9.74855921456047e-08,-1.06343549379634e-07
7,CF,0.538,0.0101039082655424,0.0101038997894423,-9.17344575770279e-08,-1.00210557680072e-07
7,CF,0.54,0.0101039136763325,0.0101039055701141,-8.63236675110318e-08,-9.44298859280324e-08
7,CF,0.542,0.0101039187665346,0.0101039110175789,-8.12334653727681e-08,-8.89824210651563e-08
7,CF,0.544,0.0101039235552254,0.0101039161502634,-7.64447745955216e-08,-8.3849736640107e-08
7,CF,0.546,0.0101039280606737,0.0101039209859003,-7.19393262790108e-08,-7.90140997145028e-08
7,CF,0.548,0.0101039323003104,0.0101039255414436,-6.76996896181725e-08,-7.44585564264183e-08
7,CF,0.55,0.0101039362907658,0.0101039298333226,-6.37092341538442e-08,-7.0166677357264e-08
7,CF,0.552,0.0101039400476916,0.010103933877197,-5.99523084388737e-08,-6.61228029882194e-08
7,CF,0.554,0.0101039435843058,0.0101039376880252,-5.64156942429311e-08,-6.23119747796691e-08
7,CF,0.556,0.0101039469126793,0.0101039412800723,-5.30873207182231e-08,-5.87199276737282e-08
7,CF,0.558,0.0101039500444831,0.0101039446664767,-4.99555169227589e-08,-5.53335232772456e-08
7,CF,0.56,0.0101039529909523,0.0101039478583454,-4.70090477083102e-08,-5.21416546311188e-08
7,CF,0.562,0.0101039557628863,0.0101039508662314,-4.42371136683689e-08,-4.91337686179399e-08
7,CF,0.564,0.0101039583706488,0.0101039537003088,-4.16293512439658e-08,-4.62996912180963e-08
7,CF,0.566,0.0101039608241674,0.0101039563703687,-3.91758326421382e-08,-4.36296312637113e-08
7,CF,0.568,0.0101039631329341,0.0101039588858195,-3.68670658550119e-08,-4.11141805236465e-08
7,CF,0.57,0.0101039653060053,0.0101039612556864,-3.46939946962305e-08,-3.87443136410509e-08
7,CF,0.572,0.010103967351904,0.0101039634886118,-3.26480960061853e-08,-3.6511388162852e-08
7,CF,0.574,0.0101039692778285,0.0101039655928555,-3.07221715272615e-08,-3.44071445449595e-08
7,CF,0.576,0.0101039710903521,0.0101039675762939,-2.89096479342416e-08,-3.24237061331833e-08
7,CF,0.578,0.0101039727958304,0.0101039694461817,-2.72041696149083e-08,-3.05538182965998e-08
7,CF,0.58,0.0101039744003817,0.0101039712086519,-2.55996183019108e-08,-2.87913480591373e-08
7,CF,0.582,0.0101039759098869,0.0101039728695317,-2.40901130588861e-08,-2.71304682625956e-08
7,CF,0.584,0.0101039773299898,0.0101039744344389,-2.26700102041316e-08,-2.55655611004074e-08
7,CF,0.586,0.0101039786660966,0.0101039759087798,-2.1333903444179e-08,-2.40912201594085e-08
7,CF,0.588,0.0101039799233763,0.0101039772977495,-2.00766237194033e-08,-2.27022504649399e-08
7,CF,0.59,0.0101039811067606,0.0101039786063315,-1.8893239377496e-08,-2.13936684635013e-08
7,CF,0.592,0.010103982220891,0.010103979839298,-1.77791089784468e-08,-2.01607020348937e-08
7,CF,0.594,0.0101039832696874,0.0101039810012095,-1.67303126161894e-08,-1.89987904714028e-08
7,CF,0.596,0.0101039842567294,0.0101039820964155,-1.57432706385241e-08,-1.79035844968811e-08
7,CF,0.598,0.010103985185478,0.0101039831289217,-1.48145220344592e-08,-1.68710783121639e-08
7,CF,0.6,0.010103986059265,0.0101039841021146,-1.39407349813297e-08,-1.58978854126329e-08
7,CF,0.602,0.0101039868812931,0.0101039850192118,-1.3118706903778e-08,-1.49807882210418e-08
7,CF,0.604,0.0101039876546355,0.0101039858833153,-1.23453644858967e-08,-1.41166847187485e-08
7,CF,0.606,0.0101039883822364,0.0101039866974104,-1.16177635966358e-08,-1.33025896270622e-08
7,CF,0.608,0.0101039890669106,0.0101039874643656,-1.09330893626608e-08,-1.25356344211208e-08
7,CF,0.61,0.0101039897113439,0.0101039881869327,-1.02886561440668e-08,-1.18130673021355e-08
7,CF,0.612,0.0101039903180636,0.0101039888677468,-9.68193640364656e-09,-1.11322532320851e-08
7,CF,0.614,0.0101039908892045,0.0101039895093261,-9.11079545660998e-09,-1.04906739111649e-08
7,CF,0.616,0.010103991426716,0.0101039901140722,-8.57328396643153e-09,-9.88592776564323e-09
7,CF,0.618,0.0101039919324828,0.0101039906841971,-8.06751715258514e-09,-9.31580289471878e-09
7,CF,0.62,0.0101039924083193,0.0101039912215706,-7.59168065217475e-09,-8.77842938097617e-09
7,CF,0.622,0.0101039928559696,0.0101039917279695,-7.14403041064682e-09,-8.27203053103964e-09
7,CF,0.624,0.0101039932771072,0.0101039922051065,-6.72289280669036e-09,-7.79489349803097e-09
7,CF,0.626,0.0101039936733354,0.0101039926546301,-6.32666457590914e-09,-7.34536988351853e-09
7,CF,0.628,0.0101039940461872,0.0101039930781242,-5.95381283337304e-09,-6.92187575486447e-09
7,CF,0.63,0.0101039943971249,0.0101039934771083,-5.60287505106671e-09,-6.52289167124565e-09
7,CF,0.632,0.0101039947275252,0.0101039938530374,-5.27247481611759e-09,-6.1469625761007e-09
7,CF,0.634,0.0101039950385503,0.010103994207302,-4.9614496521605e-09,-5.79269796192883e-09
7,CF,0.636,0.010103995331262,0.0101039945412283,-4.66873802291989e-09,-5.45877173151188e-09
7,CF,0.638,0.0101039956066865,0.0101039948560375,-4.39331352027061e-09,-5.14396253890881e-09
7,CF,0.64,0.0101039958658119,0.0101039951527622,-4.13418810123189e-09,-4.84723782813445e-09
7,CF,0.642,0.010103996109588,0.0101039954323834,-3.89041203939511e-09,-4.56761659051175e-09
7,CF,0.644,0.0101039963389261,0.010103995695847,-3.66107390410708e-09,-4.30415301837239e-09
7,CF,0.646,0.0101039965546994,0.0101039959440631,-3.44530060904236e-09,-4.05593690057382e-09
7,CF,0.648,0.0101039967577426,0.0101039961779064,-3.24225740873374e-09,-3.82209364678532e-09
7,CF,0.65,0.0101039969488521,0.0101039963982158,-3.05114785520422e-09,-3.60178422677271e-09
7,CF,0.652,0.0101039971287776,0.0101039966057948,-2.87122239005233e-09,-3.39420522937894e-09
7,CF,0.654,0.010103997298152,0.0101039968014112,-2.7018479831914e-09,-3.19858882609492e-09
7,CF,0.656,0.0101039974575535,0.0101039969857972,-2.54244652761471e-09,-3.01420279187614e-09
7,CF,0.658,0.0101039976075409,0.0101039971596273,-2.39245910409192e-09,-2.84037270960324e-09
7,CF,0.66,0.0101039977486524,0.0101039973234715,-2.25134763089108e-09,-2.67652846587529e-09
7,CF,0.662,0.0101039978814051,0.0101039974778717,-2.11859491928978e-09,-2.52212834297993e-09
7,CF,0.664,0.0101039980062953,0.0101039976233499,-1.99370465796267e-09,-2.37665008506749e-09
7,CF,0.666,0.0101039981237986,0.0101039977604089,-1.87620138349109e-09,-2.23959111152194e-09
7,CF,0.668,0.0101039982343695,0.0101039978895315,-1.76563049771039e-09,-2.11046847532759e-09
7,CF,0.67,0.0101039983384417,0.0101039980111811,-1.66155830240433e-09,-1.9888189064371e-09
7,CF,0.672,0.0101039984364234,0.0101039981258012,-1.56357661020012e-09,-1.87419877013817e-09
7,CF,0.674,0.0101039985286593,0.0101039982338159,-1.47134068990973e-09,-1.76618408440077e-09
7,CF,0.676,0.0101039986154643,0.0101039983356295,-1.38453571697783e-09,-1.66437053548962e-09
7,CF,0.678,0.0101039986971427,0.0101039984316142,-1.30285732202751e-09,-1.56838575113283e-09
7,CF,0.68,0.0101039987739875,0.0101039985220851,-1.22601248771226e-09,-1.47791487728477e-09
7,CF,0.682,0.0101039988462804,0.0101039986073412,-1.15371957994104e-09,-1.39265883720985e-09
7,CF,0.684,0.0101039989142917,0.0101039986876708,-1.08570832012267e-09,-1.31232922098712e-09
7,CF,0.686,0.0101039989782802,0.0101039987633514,-1.02171976087972e-09,-1.23664855439243e-09
7,CF,0.688,0.0101039990384936,0.0101039988346499,-9.61506355437458e-10,-1.16535013063024e-09
7,CF,0.69,0.0101039990951681,0.0101039989018218,-9.0483193854185e-10,-1.09817815084623e-09
7,CF,0.692,0.0101039991485258,0.0101039989651123,-8.51474226196136e-10,-1.03488765647308e-09
7,CF,0.694,0.0101039991987545,0.0101039990247555,-8.01245471013234e-10,-9.7524453963882e-10
7,CF,0.696,0.0101039992460258,0.0101039990809745,-7.53974235476185e-10,-9.1902553969736e-10
7,CF,0.698,0.0101039992905052,0.010103999133975,-7.09494765022134e-10,-8.66025043344543e-10
7,CF,0.7,0.0101039993323525,0.0101039991839308,-6.6764751886772e-10,-8.16069196593605e-10
7,CF,0.702,0.0101039993717209,0.0101039992310072,-6.28279090211792e-10,-7.68992848565464e-10
7,CF,0.704,0.0101039994087577,0.0101039992753632,-5.91242310318818e-10,-7.24636763788089e-10
7,CF,0.706,0.0101039994436038,0.0101039993171523,-5.56396166986883e-10,-6.82847700259059e-10
7,CF,0.708,0.0101039994763941,0.0101039993565216,-5.23605863528287e-10,-6.43478433731692e-10
7,CF,0.71,0.0101039995072572,0.0101039993936123,-4.92742784075073e-10,-6.0638767097887e-10
7,CF,0.712,0.0101039995363141,0.0101039994285598,-4.63685858806406e-10,-5.71440181632021e-10
7,CF,0.714,0.0101039995636671,0.0101039994614933,-4.36332877815082e-10,-5.38506681954654e-10
7,CF,0.716,0.0101039995894096,0.0101039994925361,-4.1059043665026e-10,-5.07463892088222e-10
7,CF,0.718,0.0101039996136316,0.0101039995218017,-3.86368355712041e-10,-4.78198288259013e-10
7,CF,0.72,0.0101039996364203,0.0101039995493861,-3.63579654230617e-10,-4.50613870869865e-10
7,CF,0.722,0.0101039996578591,0.0101039995753806,-3.42140869455387e-10,-4.24619438568752e-10
7,CF,0.724,0.0101039996780282,0.0101039995998729,-3.21971812058952e-10,-4.00127072100465e-10
7,CF,0.726,0.0101039996970043,0.0101039996229478,-3.02995703180264e-10,-3.77052151653845e-10
7,CF,0.728,0.0101039997148609,0.0101039996446866,-2.85139146669056e-10,-3.55313374209021e-10
7,CF,0.73,0.0101039997316679,0.0101039996651672,-2.68332092656642e-10,-3.34832753537406e-10
7,CF,0.732,0.0101039997474914,0.0101039996844644,-2.52508606038426e-10,-3.15535575098891e-10
7,CF,0.734,0.010103999762387,0.0101039997026495,-2.37613049028362e-10,-2.97350496655802e-10
7,CF,0.736,0.0101039997764055,0.0101039997197906,-2.2359453698273e-10,-2.80209407760301e-10
7,CF,0.738,0.0101039997895961,0.0101039997359504,-2.10403949471583e-10,-2.64049644996267e-10
7,CF,0.74,0.0101039998020061,0.0101039997511818,-1.97993945891262e-10,-2.48818190010103e-10
7,CF,0.742,0.0101039998136809,0.0101039997655353,-1.86319059139461e-10,-2.34464687248748e-10
7,CF,0.744,0.0101039998246644,0.0101039997790594,-1.75335629695739e-10,-2.20940588741003e-10
7,CF,0.746,0.0101039998349981,0.0101039997918008,-1.65001862867387e-10,-2.0819916797532e-10
7,CF,0.748,0.0101039998447223,0.0101039998038045,-1.55277736849091e-10,-1.96195540716482e-10
7,CF,0.75,0.0101039998538749,0.0101039998151134,-1.46125139766085e-10,-1.84886633780579e-10
7,CF,0.752,0.0101039998624918,0.0101039998257688,-1.37508176720202e-10,-1.742311989128e-10
7,CF,0.754,0.0101039998706035,0.0101039998358102,-1.29396523010361e-10,-1.64189828399941e-10
7,CF,0.756,0.0101039998782375,0.0101039998452751,-1.21762494184607e-10,-1.54724930784278e-10
7,CF,0.758,0.0101039998854207,0.0101039998541981,-1.14579313051366e-10,-1.45801893128295e-10
7,CF,0.76,0.0101039998921788,0.0101039998626086,-1.07821232844807e-10,-1.37391443708057e-10
7,CF,0.762,0.0101039998985365,0.0101039998705342,-1.01463457427564e-10,-1.29465785314586e-10
7,CF,0.764,0.0101039999045178,0.0101039998780019,-9.54822280269108e-11,-1.21998099122944e-10
7,CF,0.766,0.0101039999101452,0.0101039998850374,-8.98547729277777e-11,-1.14962600203383e-10
7,CF,0.768,0.0101039999154407,0.0101039998916655,-8.45593230852648e-11,-1.08334488949091e-10
7,CF,0.77,0.0101039999204249,0.01010399989791,-7.95751260024291e-11,-1.02089971892871e-10
7,CF,0.772,0.0101039999251174,0.0101039999037937,-7.48825949165033e-11,-9.62062911974426e-11
7,CF,0.774,0.0101039999295348,0.0101039999093383,-7.04652464850186e-11,-9.06616899609691e-11
7,CF,0.776,0.010103999933692,0.0101039999145646,-6.6307995552628e-11,-8.54354000739965e-11
7,CF,0.778,0.0101039999376037,0.0101039999194917,-6.23962617685159e-11,-8.05083135574369e-11
7,CF,0.78,0.010103999941284,0.0101039999241357,-5.8716016423932e-11,-7.58642627884942e-11
7,CF,0.782,0.0101039999447462,0.0101039999285121,-5.52537737785741e-11,-7.14879110769173e-11
7,CF,0.784,0.0101039999480034,0.0101039999326356,-5.19965927953114e-11,-6.73644386800509e-11
7,CF,0.786,0.0101039999510679,0.0101039999365204,-4.89320580582264e-11,-6.34796000487103e-11
7,CF,0.788,0.0101039999539517,0.0101039999401803,-4.60483196712547e-11,-5.98197047452231e-11
7,CF,0.79,0.0101039999566659,0.0101039999436284,-4.33340828498441e-11,-5.6371631321217e-11
7,CF,0.792,0.0101039999592213,0.0101039999468772,-4.0778670371e-11,-5.31228134398321e-11
7,CF,0.794,0.0101039999616269,0.0101039999499388,-3.83731223879691e-11,-5.00612103854214e-11
7,CF,0.796,0.0101039999638908,0.0101039999528246,-3.61092215156456e-11,-4.71753799219377e-11
7,CF,0.798,0.010103999966021,0.0101039999555452,-3.39790313941268e-11,-4.44547627875824e-11
7,CF,0.8,0.0101039999680251,0.0101039999581096,-3.19748776067552e-11,-4.18904286259014e-11
7,CF,0.802,0.0101039999699105,0.0101039999605261,-3.00894569676968e-11,-3.94739102516084e-11
7,CF,0.804,0.0101039999716843,0.010103999962803,-2.83156848662758e-11,-3.71970249740672e-11
7,CF,0.806,0.0101039999733532,0.0101039999649481,-2.66468427184696e-11,-3.50519144959316e-11
7,CF,0.808,0.0101039999749236,0.010103999966969,-2.50764495973721e-11,-3.30310102186759e-11
7,CF,0.81,0.0101039999764016,0.0101039999688729,-2.35983680513252e-11,-3.1127073141235e-11
7,CF,0.812,0.0101039999777932,0.0101039999706669,-2.22067746136201e-11,-2.93331383488526e-11
7,CF,0.814,0.0101039999791032,0.0101039999723574,-2.08967895071188e-11,-2.76426017492559e-11
7,CF,0.816,0.0101039999803361,0.0101039999739509,-1.96639388799769e-11,-2.60491229281401e-11
7,CF,0.818,0.0101039999814961,0.0101039999754531,-1.85038876582277e-11,-2.45468541326677e-11
7,CF,0.82,0.0101039999825875,0.0101039999768691,-1.74124933222108e-11,-2.31308930342955e-11
7,CF,0.822,0.0101039999836142,0.0101039999782035,-1.63857625384844e-11,-2.17965472060211e-11
7,CF,0.824,0.0101039999845802,0.0101039999794607,-1.54198199348032e-11,-2.05393098362538e-11
7,CF,0.826,0.010103999985489,0.0101039999806452,-1.45110191224207e-11,-1.93548285037926e-11
7,CF,0.828,0.0101039999863442,0.0101039999817611,-1.36558334085102e-11,-1.82389225250601e-11
7,CF,0.83,0.0101039999871491,0.0101039999828124,-1.2850914776763e-11,-1.71876193832965e-11
7,CF,0.832,0.0101039999879069,0.0101039999838029,-1.20930956221121e-11,-1.61970645229381e-11
7,CF,0.834,0.0101039999886203,0.0101039999847364,-1.13797079398514e-11,-1.52635837996629e-11
7,CF,0.836,0.0101039999892917,0.0101039999856163,-1.07083491379667e-11,-1.4383693888731e-11
7,CF,0.838,0.0101039999899234,0.0101039999864458,-1.0076628767508e-11,-1.35541890211588e-11
7,CF,0.84,0.0101039999905177,0.0101039999872277,-9.48229515740362e-12,-1.27723265991309e-11
7,CF,0.842,0.0101039999910768,0.0101039999879645,-8.92316255607373e-12,-1.20355322930088e-11
7,CF,0.844,0.0101039999916028,0.0101039999886587,-8.39715449951761e-12,-1.13413115704342e-11
7,CF,0.846,0.0101039999920978,0.0101039999893127,-7.902232687651e-12,-1.06872618393927e-11
7,CF,0.848,0.0101039999925635,0.0101039999899289,-7.43653576218417e-12,-1.00711054079605e-11
7,CF,0.85,0.0101039999930018,0.0101039999905094,-6.99819889538045e-12,-9.49059407451269e-12
7,CF,0.852,0.0101039999934145,0.0101039999910564,-6.58551685406294e-12,-8.94362708891983e-12
7,CF,0.854,0.010103999993803,0.0101039999915718,-6.19703073578837e-12,-8.42818523305588e-12
7,CF,0.856,0.0101039999941686,0.0101039999920577,-5.83142562016192e-12,-7.94232908607473e-12
7,CF,0.858,0.0101039999945126,0.0101039999925157,-5.48740393402358e-12,-7.48429616892476e-12
7,CF,0.86,0.0101039999948362,0.0101039999929474,-5.16375657511059e-12,-7.05257206801146e-12
7,CF,0.862,0.0101039999951407,0.0101039999933543,-4.85927097171324e-12,-6.64573084063758e-12
7,CF,0.864,0.0101039999954272,0.0101039999937376,-4.57280567578433e-12,-6.26239164691622e-12
7,CF,0.866,0.0101039999956967,0.0101039999940987,-4.30329903655657e-12,-5.90125691368737e-12
7,CF,0.868,0.0101039999959503,0.010103999994439,-4.04968246436876e-12,-5.56102212889709e-12
7,CF,0.87,0.010103999996189,0.0101039999947595,-3.81099839186216e-12,-5.24047125138871e-12
7,CF,0.872,0.0101039999964137,0.0101039999950615,-3.58625629193199e-12,-4.93845415949767e-12
7,CF,0.874,0.0101039999966253,0.0101039999953462,-3.37470502931314e-12,-4.65383981351764e-12
7,CF,0.876,0.0101039999968244,0.0101039999956144,-3.17559346874052e-12,-4.38556135851087e-12
7,CF,0.878,0.0101039999970117,0.0101039999958673,-2.98826935418717e-12,-4.13265428822474e-12
7,CF,0.88,0.010103999997188,0.0101039999961057,-2.81200583651664e-12,-3.8942616492621e-12
7,CF,0.882,0.0101039999973538,0.0101039999963304,-2.64619402778887e-12,-3.66961322439963e-12
7,CF,0.884,0.0101039999975098,0.0101039999965421,-2.49020422338209e-12,-3.45794747003136e-12
7,CF,0.886,0.0101039999976566,0.0101039999967415,-2.34343620897359e-12,-3.25853233285045e-12
7,CF,0.888,0.0101039999977947,0.0101039999969293,-2.2053331383276e-12,-3.07066004567869e-12
7,CF,0.89,0.0101039999979247,0.0101039999971063,-2.07533469576138e-12,-2.89367314831868e-12
7,CF,0.892,0.010103999998047,0.0101039999972731,-1.95296209759555e-12,-2.72689509861479e-12
7,CF,0.894,0.0101039999981623,0.0101039999974303,-1.83774696849159e-12,-2.56974129475562e-12
7,CF,0.896,0.0101039999982707,0.0101039999975784,-1.72933369013695e-12,-2.42160458352458e-12
7,CF,0.898,0.0101039999983727,0.0101039999977181,-1.62730072472694e-12,-2.28194720064412e-12
7,CF,0.9,0.0101039999984687,0.0101039999978497,-1.531328883142e-12,-2.15030770966962e-12
7,CF,0.902,0.010103999998559,0.0101039999979737,-1.44102958732351e-12,-2.02627151169033e-12
7,CF,0.904,0.0101039999986439,0.0101039999980906,-1.35607150508754e-12,-1.90939278277291e-12
7,CF,0.906,0.0101039999987238,0.0101039999982007,-1.27615452927277e-12,-1.79928121013528e-12
7,CF,0.908,0.0101039999987991,0.0101039999983045,-1.20094732769527e-12,-1.69554127682492e-12
7,CF,0.91,0.0101039999988698,0.0101039999984022,-1.13016714042846e-12,-1.59781042563534e-12
7,CF,0.912,0.0101039999989365,0.0101039999984943,-1.06351386031101e-12,-1.50572956880701e-12
7,CF,0.914,0.0101039999989992,0.010103999998581,-1.00077238163188e-12,-1.41895349636822e-12
7,CF,0.916,0.0101039999990583,0.0101039999986629,-9.41724129233101e-13,-1.33714740668811e-12
7,CF,0.918,0.0101039999991138,0.01010399999874,-8.86164405744516e-13,-1.26003374401051e-12
7,CF,0.92,0.0101039999991661,0.0101039999988126,-8.33907595754191e-13,-1.18735403453751e-12
7,CF,0.922,0.0101039999992153,0.0101039999988812,-7.847316546572e-13,-1.11884806974771e-12
7,CF,0.924,0.0101039999992615,0.0101039999989457,-7.38485661511135e-13,-1.05431809116485e-12
7,CF,0.926,0.010103999999305,0.0101039999990065,-6.94956245328449e-13,-9.93517768055341e-13
7,CF,0.928,0.010103999999346,0.0101039999990638,-6.53995954613684e-13,-9.36244137772491e-13
7,CF,0.93,0.0101039999993846,0.0101039999991177,-6.15439990636624e-13,-8.82271686264424e-13
7,CF,0.932,0.0101039999994208,0.0101039999991686,-5.79153044966141e-13,-8.31426941183544e-13
7,CF,0.934,0.010103999999455,0.0101039999992165,-5.4499113555373e-13,-7.83505205159685e-13
7,CF,0.936,0.0101039999994872,0.0101039999992617,-5.12838035926499e-13,-7.38348618356532e-13
7,CF,0.938,0.0101039999995174,0.0101039999993042,-4.82574050164608e-13,-6.95762891744778e-13
7,CF,0.94,0.0101039999995459,0.0101039999993444,-4.54107237923829e-13,-6.5562312523415e-13
7,CF,0.942,0.0101039999995727,0.0101039999993822,-4.27333515795603e-13,-6.17797479840476e-13
7,CF,0.944,0.0101039999995979,0.0101039999994178,-4.02141861477467e-13,-5.82167994367389e-13
7,CF,0.946,0.0101039999996216,0.0101039999994514,-3.784472735191e-13,-5.48597625660285e-13
7,CF,0.948,0.0101039999996439,0.010103999999483,-3.56138729618038e-13,-5.16963208352372e-13
7,CF,0.95,0.0101039999996649,0.0101039999995128,-3.35143371388291e-13,-4.87174536822899e-13
7,CF,0.952,0.0101039999996846,0.0101039999995409,-3.15384870996915e-13,-4.59087629023358e-13
7,CF,0.954,0.0101039999997032,0.0101039999995674,-2.96776492270112e-13,-4.32634830738188e-13
7,CF,0.956,0.0101039999997207,0.0101039999995923,-2.79274867120982e-13,-4.07699915494497e-13
7,CF,0.958,0.0101039999997372,0.0101039999996158,-2.62794994099202e-13,-3.84180534607204e-13
7,CF,0.96,0.0101039999997527,0.010103999999638,-2.4728656622397e-13,-3.62022911648552e-13
7,CF,0.962,0.0101039999997673,0.0101039999996589,-2.32707950131861e-13,-3.41133371550839e-13
7,CF,0.964,0.010103999999781,0.0101039999996785,-2.18989756883836e-13,-3.2145813788631e-13
7,CF,0.966,0.0101039999997939,0.0101039999996971,-2.06083414222569e-13,-3.02915678651594e-13
7,CF,0.968,0.0101039999998061,0.0101039999997145,-1.93936880443779e-13,-2.85453952142412e-13
7,CF,0.97,0.0101039999998175,0.010103999999731,-1.82505052737092e-13,-2.69001834696247e-13
7,CF,0.972,0.0101039999998283,0.0101039999997465,-1.71742828292132e-13,-2.53495141544491e-13
7,CF,0.974,0.0101039999998384,0.0101039999997611,-1.61605104298523e-13,-2.38890504600242e-13
7,CF,0.976,0.0101039999998479,0.0101039999997749,-1.52074533521507e-13,-2.2511506547751e-13
7,CF,0.978,0.0101039999998569,0.0101039999997879,-1.43100808980279e-13,-2.12134129706776e-13
7,CF,0.98,0.0101039999998653,0.0101039999998001,-1.346579098227e-13,-1.99897390307235e-13
7,CF,0.982,0.0101039999998733,0.0101039999998116,-1.26716345749678e-13,-1.88364948638942e-13
7,CF,0.984,0.0101039999998808,0.0101039999998225,-1.19250095909074e-13,-1.77507314402803e-13
7,CF,0.986,0.0101039999998878,0.0101039999998327,-1.12220996384416e-13,-1.67262037553684e-13
7,CF,0.988,0.0101039999998944,0.0101039999998424,-1.05609965217468e-13,-1.57622179197681e-13
7,CF,0.99,0.0101039999999006,0.0101039999998515,-9.93840426621873e-14,-1.48540901800942e-13
7,CF,0.992,0.0101039999999065,0.01010399999986,-9.35137384194817e-14,-1.39969633106141e-13
7,CF,0.994,0.010103999999912,0.0101039999998681,-8.79921135954476e-14,-1.31911842560228e-13
7,CF,0.996,0.0101039999999172,0.0101039999998757,-8.28174334666087e-14,-1.24301610671118e-13
7,CF,0.998,0.0101039999999221,0.0101039999998829,-7.79255132643542e-14,-1.17126794374478e-13
7,CF,1,0.0101039999999267,0.0101039999998896,-7.33371696703955e-14,-1.1038218949988e-13
7,CF,1.002,0.010103999999931,0.010103999999896,-6.90020957039295e-14,-1.04008815449141e-13
7,CF,1.004,0.0101039999999351,0.010103999999902,-6.49306997058119e-14,-9.80170805631175e-14
7,CF,1.006,0.0101039999999389,0.0101039999999076,-6.11160427821389e-14,-9.23618820314331e-14
7,CF,1.008,0.0101039999999425,0.010103999999913,-5.75078179521071e-14,-8.70293420662804e-14
7,CF,1.01,0.0101039999999459,0.010103999999918,-5.41077599391926e-14,-8.20159912207075e-14
7,CF,1.012,0.0101039999999491,0.0101039999999227,-5.09262770842511e-14,-7.72940739190986e-14
7,CF,1.014,0.0101039999999521,0.0101039999999272,-4.79165318534314e-14,-7.28410387562661e-14
7,CF,1.016,0.0101039999999549,0.0101039999999314,-4.50941367580171e-14,-6.86325996035464e-14
7,CF,1.018,0.0101039999999576,0.0101039999999353,-4.24330709458687e-14,-6.46843689722232e-14
7,CF,1.02,0.0101039999999601,0.0101039999999391,-3.9938538587414e-14,-6.09495093284451e-14
7,CF,1.022,0.0101039999999624,0.0101039999999426,-3.75723757661817e-14,-5.74314901191642e-14
7,CF,1.024,0.0101039999999646,0.0101039999999459,-3.53588686108353e-14,-5.41268418974283e-14
7,CF,1.026,0.0101039999999667,0.010103999999949,-3.32702615457592e-14,-5.09939312998142e-14
7,CF,1.028,0.0101039999999687,0.0101039999999519,-3.13169629118093e-14,-4.80570444549855e-14
7,CF,1.03,0.0101039999999705,0.0101039999999547,-2.94642782394661e-14,-4.52884257873265e-14
7,CF,1.032,0.0101039999999723,0.0101039999999573,-2.77278200400133e-14,-4.26863405733613e-14
7,CF,1.034,0.0101039999999739,0.0101039999999598,-2.6102384143023e-14,-4.02160943435703e-14
7,CF,1.036,0.0101039999999754,0.0101039999999621,-2.45567455259277e-14,-3.79071773970452e-14
7,CF,1.038,0.0101039999999769,0.0101039999999643,-2.30943736356792e-14,-3.57179563703625e-14
7,CF,1.04,0.0101039999999783,0.0101039999999663,-2.17378198774654e-14,-3.36536354339501e-14
7,CF,1.042,0.0101039999999795,0.0101039999999683,-2.04645328460984e-14,-3.1712479864332e-14
7,CF,1.044,0.0101039999999807,0.0101039999999701,-1.92502264129146e-14,-2.98806118737005e-14
7,CF,1.046,0.0101039999999819,0.0101039999999718,-1.81139825361498e-14,-2.81632356324835e-14
7,CF,1.048,0.010103999999983,0.0101039999999735,-1.70436581514721e-14,-2.65377997354932e-14
7,CF,1.05,0.010103999999984,0.010103999999975,-1.60409879823575e-14,-2.50025694592537e-14
7,CF,1.052,0.0101039999999849,0.0101039999999764,-1.50938289644742e-14,-2.35644836976689e-14
7,CF,1.054,0.0101039999999858,0.0101039999999778,-1.41987116508702e-14,-2.22079299394551e-14
7,CF,1.056,0.0101039999999866,0.0101039999999791,-1.33712485528292e-14,-2.09242345672322e-14
7,CF,1.058,0.0101039999999874,0.0101039999999803,-1.25836840947358e-14,-1.97290100922842e-14
7,CF,1.06,0.0101039999999882,0.0101039999999814,-1.18325488296378e-14,-1.85702148103317e-14
7,CF,1.062,0.0101039999999889,0.0101039999999825,-1.11369247157711e-14,-1.75120334899859e-14
7,CF,1.064,0.0101039999999895,0.0101039999999835,-1.0472525624472e-14,-1.64989549800154e-14
7,CF,1.066,0.0101039999999901,0.0101039999999845,-9.85669879050022e-15,-1.55448570682282e-14
7,CF,1.068,0.0101039999999907,0.0101039999999853,-9.27556642604799e-15,-1.46514744781001e-14
7,CF,1.07,0.0101039999999913,0.0101039999999862,-8.73086325459127e-15,-1.37979905279195e-14
7,CF,1.072,0.0101039999999918,0.010103999999987,-8.22258927613007e-15,-1.30069566228741e-14
7,CF,1.074,0.0101039999999923,0.0101039999999877,-7.72472363852472e-15,-1.22592908047281e-14
7,CF,1.076,0.0101039999999927,0.0101039999999885,-7.27889970519868e-15,-1.15497889030536e-14
7,CF,1.078,0.0101039999999932,0.0101039999999891,-6.84521883620448e-15,-1.08853898117545e-14
7,CF,1.08,0.0101039999999936,0.0101039999999897,-6.43755881934993e-15,-1.02591546369268e-14
7,CF,1.082,0.0101039999999939,0.0101039999999903,-6.05591965463503e-15,-9.66934865509472e-15
7,CF,1.084,0.0101039999999943,0.0101039999999909,-5.70897495943967e-15,-9.10903297235421e-15
7,CF,1.086,0.0101039999999946,0.0101039999999914,-5.35682609381638e-15,-8.58861592956117e-15
7,CF,1.088,0.010103999999995,0.0101039999999919,-5.04978003856849e-15,-8.0855461215279e-15
7,CF,1.09,0.0101039999999952,0.0101039999999924,-4.75834649460438e-15,-7.62410967691807e-15
7,CF,1.092,0.0101039999999955,0.0101039999999928,-4.46691295064028e-15,-7.18348991401996e-15
7,CF,1.094,0.0101039999999958,0.0101039999999932,-4.20150025881583e-15,-6.77929934411736e-15
7,CF,1.096,0.010103999999996,0.0101039999999936,-3.9569042487031e-15,-6.37857822116672e-15
7,CF,1.098,0.0101039999999963,0.010103999999994,-3.71924713249427e-15,-6.01428629121159e-15
7,CF,1.1,0.0101039999999965,0.0101039999999943,-3.50414142147315e-15,-5.66387214906428e-15
8.5,PP,0,0.0115432644584667,0.0115432644584667,0,1.73472347597681e-18
8.5,PP,0.002,0.0115432644584667,0.0115432644584667,0,1.73472347597681e-18
8.5,PP,0.004,0.0115432644584667,0.0115432644584667,0,1.73472347597681e-18
8.5,PP,0.006,0.0115432644584667,0.0115432644584667,0,1.73472347597681e-18
8.5,PP,0.008,0.0115432644584667,0.0115432644584667,0,1.73472347597681e-18
8.5,PP,0.01,0.0115432644584667,0.0115432644584667,0,1.73472347597681e-18
8.5,PP,0.012,0.0115432644584667,0.0115432644584667,0,1.73472347597681e-18
8.5,PP,0.014,0.0115432644584667,0.0115432644584667,0,1.73472347597681e-18
8.5,PP,0.016,0.0115432644584667,0.0115432644584667,0,1.73472347597681e-18
8.5,PP,0.018,0.0115432644584667,0.0115432644584667,0,1.73472347597681e-18
8.5,PP,0.02,0.0115432644584667,0.0115432644584667,0,1.73472347597681e-18
8.5,PP,0.022,0.0115432644584667,0.0115432644584667,0,1.73472347597681e-18
8.5,PP,0.024,0.0115432644584667,0.0115432644584667,0,1.73472347597681e-18
8.5,PP,0.026,0.0115432644584667,0.0115432644584667,0,1.73472347597681e-18
8.5,PP,0.028,0.0115432644584667,0.0115432644584667,0,1.73472347597681e-18
8.5,PP,0.03,0.0115432644584667,0.0115432644584667,0,1.73472347597681e-18
8.5,PP,0.032,0.0115432644584667,0.0115432644584667,0,1.73472347597681e-18
8.5,PP,0.034,0.0115432644584667,0.0115432644584667,0,1.73472347597681e-18
8.5,PP,0.036,0.0115432644584667,0.0115432644584667,0,1.73472347597681e-18
8.5,PP,0.038,0.0115432644584667,0.0115432644584667,0,1.73472347597681e-18
8.5,PP,0.04,0.0115432644584667,0.0115432644584667,0,1.73472347597681e-18
8.5,PP,0.042,0.0115432644584667,0.0115432644584667,0,1.73472347597681e-18
8.5,PP,0.044,0.0115432644584667,0.0115432644584667,0,1.73472347597681e-18
8.5,PP,0.046,0.0115432644584667,0.0115432644584667,0,1.73472347597681e-18
8.5,PP,0.048,0.0115432644584667,0.0115432644584667,0,1.73472347597681e-18
8.5,PP,0.05,0.0115432644584667,0.0115432644584667,0,1.73472347597681e-18
8.5,PP,0.052,0.0115432644584667,0.0115432644584667,0,1.73472347597681e-18
8.5,PP,0.054,0.0115432644584667,0.0115432644584667,0,1.73472347597681e-18
8.5,PP,0.056,0.0115432644584667,0.0115432644584667,0,1.73472347597681e-18
8.5,PP,0.058,0.0115432644584667,0.0115432644584667,0,1.73472347597681e-18
8.5,PP,0.06,0.0115432644584667,0.0115432644584667,0,1.73472347597681e-18
8.5,PP,0.062,0.0115432644584667,0.0115432644584667,0,1.73472347597681e-18
8.5,PP,0.064,0.0115432644584667,0.0115432644584667,0,1.73472347597681e-18
8.5,PP,0.066,0.0115432644584667,0.0115432644584667,0,1.73472347597681e-18
8.5,PP,0.068,0.0115432644584667,0.0115432644584667,0,1.73472347597681e-18
8.5,PP,0.07,0.0115432644584667,0.0115432644584667,0,1.73472347597681e-18
8.5,PP,0.072,0.0115432644584667,0.0115432644584667,0,1.73472347597681e-18
8.5,PP,0.074,0.0115432644584667,0.0115432644584667,0,1.73472347597681e-18
8.5,PP,0.076,0.0115432644584667,0.0115432644584667,0,1.73472347597681e-18
8.5,PP,0.078,0.0115432644584667,0.0115432644584667,0,1.73472347597681e-18
8.5,PP,0.08,0.0115432644584667,0.0115432644584667,0,1.73472347597681e-18
8.5,PP,0.082,0.0115432644584667,0.0115432644584667,0,1.73472347597681e-18
8.5,PP,0.084,0.0115432644584667,0.0115432644584667,0,1.73472347597681e-18
8.5,PP,0.086,0.0115432644584667,0.0115432644584667,0,1.73472347597681e-18
8.5,PP,0.088,0.0115432644584667,0.0115432644584667,0,1.73472347597681e-18
8.5,PP,0.09,0.0115432644584667,0.0115432644584667,0,1.73472347597681e-18
8.5,PP,0.092,0.0115432644584667,0.0115432644584667,0,1.73472347597681e-18
8.5,PP,0.094,0.0115432644584667,0.0115432644584667,0,1.73472347597681e-18
8.5,PP,0.096,0.0115432644584667,0.0115432644584667,0,1.73472347597681e-18
8.5,PP,0.098,0.0115432644584667,0.0115432644584667,0,1.73472347597681e-18
8.5,PP,0.1,0.0115432644584667,0.0115432644584667,0,1.73472347597681e-18
8.5,PP,0.102,0.0115432644584667,0.0115432644584667,0,1.73472347597681e-18
8.5,PP,0.104,0.0115432644584667,0.0115432644584667,0,1.73472347597681e-18
8.5,PP,0.106,0.0115432644584667,0.0115432644584667,0,1.73472347597681e-18
8.5,PP,0.108,0.0115432644584667,0.0115432644584667,0,1.73472347597681e-18
8.5,PP,0.11,0.0115432644584667,0.0115432644584667,0,1.73472347597681e-18
8.5,PP,0.112,0.0115432644584667,0.0115432644584667,0,1.73472347597681e-18
8.5,PP,0.114,0.0115432644584667,0.0115432644584667,0,1.73472347597681e-18
8.5,PP,0.116,0.0115432644584667,0.0115432644584667,0,1.73472347597681e-18
8.5,PP,0.118,0.0115432644584667,0.0115432644584667,0,1.73472347597681e-18
8.5,PP,0.12,0.0115432644584667,0.0115432644584667,0,1.73472347597681e-18
8.5,PP,0.122,0.0115432644584667,0.0115432644584667,0,1.73472347597681e-18
8.5,PP,0.124,0.0115432644584667,0.0115432644584667,0,1.73472347597681e-18
8.5,PP,0.126,0.0115432644584667,0.0115432644584667,0,1.73472347597681e-18
8.5,PP,0.128,0.0115432644584667,0.0115432644584667,0,1.73472347597681e-18
8.5,PP,0.13,0.0115432644584667,0.0115432644584667,0,1.73472347597681e-18
8.5,PP,0.132,0.0115432644584667,0.0115432644584667,0,1.73472347597681e-18
8.5,PP,0.134,0.0115432644584667,0.0115432644584667,0,1.73472347597681e-18
8.5,PP,0.136,0.0115432644584667,0.0115432644584667,0,1.73472347597681e-18
8.5,PP,0.138,0.0115432644584667,0.0115432644584667,0,1.73472347597681e-18
8.5,PP,0.14,0.0115432644584667,0.0115432644584667,0,1.73472347597681e-18
8.5,PP,0.142,0.0115432644584667,0.0115432644584667,0,1.73472347597681e-18
8.5,PP,0.144,0.0115432644584667,0.0115432644584667,0,1.73472347597681e-18
8.5,PP,0.146,0.0115432644584667,0.0115432644584667,0,1.73472347597681e-18
8.5,PP,0.148,0.0115432644584667,0.0115432644584667,0,1.73472347597681e-18
8.5,PP,0.15,0.0115432644584667,0.0115432644584667,0,1.73472347597681e-18
8.5,PP,0.152,0.0115432644584667,0.0115432644584667,0,1.73472347597681e-18
8.5,PP,0.154,0.0115432644584667,0.0115432644584667,0,1.73472347597681e-18
8.5,PP,0.156,0.0115432644584667,0.0115432644584667,0,1.73472347597681e-18
8.5,PP,0.158,0.0115432644584667,0.0115432644584667,0,1.73472347597681e-18
8.5,PP,0.16,0.0115432644584667,0.0115432644584667,0,1.73472347597681e-18
8.5,PP,0.162,0.0115432644584667,0.0115432644584667,0,1.73472347597681e-18
8.5,PP,0.164,0.0115432644584667,0.0115432644584667,0,1.73472347597681e-18
8.5,PP,0.166,0.0115432644584667,0.0115432644584667,0,1.73472347597681e-18
8.5,PP,0.168,0.0115432644584667,0.0115432644584667,0,1.73472347597681e-18
8.5,PP,0.17,0.0115432644584667,0.0115432644584667,0,1.73472347597681e-18
8.5,PP,0.172,0.0115432644584667,0.0115432644584667,0,1.73472347597681e-18
8.5,PP,0.174,0.0115432644584667,0.0115432644584667,0,1.73472347597681e-18
8.5,PP,0.176,0.0115432644584667,0.0115432644584667,0,1.73472347597681e-18
8.5,PP,0.178,0.0115432644584667,0.0115432644584667,0,1.73472347597681e-18
8.5,PP,0.18,0.0115432644584667,0.0115432644584667,0,1.73472347597681e-18
8.5,PP,0.182,0.0115432644584667,0.0115432644584667,0,1.73472347597681e-18
8.5,PP,0.184,0.0115432644584667,0.0115432644584667,0,1.73472347597681e-18
8.5,PP,0.186,0.0115432644584667,0.0115432644584667,0,1.73472347597681e-18
8.5,PP,0.188,0.0115432644584667,0.0115432644584667,0,1.73472347597681e-18
8.5,PP,0.19,0.0115432644584667,0.0115432644584667,0,1.73472347597681e-18
8.5,PP,0.192,0.0115432644584667,0.0115432644584667,0,1.73472347597681e-18
8.5,PP,0.194,0.0115432644584667,0.0115432644584667,0,1.73472347597681e-18
8.5,PP,0.196,0.0115432644584667,0.0115432644584667,0,1.73472347597681e-18
8.5,PP,0.198,0.0115432644584667,0.0115432644584667,0,1.73472347597681e-18
8.5,PP,0.2,0.0119584630092928,0.0119487786033016,0.000123108002890832,0.000113423596899552
8.5,PP,0.202,0.011946947815812,0.0119384053810071,0.000111592809410027,0.000103050374605049
8.5,PP,0.204,0.0119365046885159,0.0119289766698821,0.000101149682113858,9.36216634801201e-05
8.5,PP,0.206,0.0119270328477858,0.0119204052375896,9.16778413838065e-05,8.50502311875376e-05
8.5,PP,0.208,0.0119184474819105,0.0119126179492421,8.30924755084467e-05,7.7262942840127e-05
8.5,PP,0.21,0.0119106629118485,0.0119055413321393,7.53079054464523e-05,7.01863257372634e-05
8.5,PP,0.212,0.011903604823652,0.0118991101222204,6.8249817249998e-05,6.3755115818357e-05
8.5,PP,0.214,0.0118972049848701,0.0118932650084095,6.18499784680714e-05,5.79100020074927e-05
8.5,PP,0.216,0.0118914022602367,0.0118879526471145,5.6047253834705e-05,5.25976407124637e-05
8.5,PP,0.218,0.0118861428455195,0.0118831265565039,5.07878391175307e-05,4.7771550101855e-05
8.5,PP,0.22,0.0118813760033564,0.0118787425090197,4.60209969543376e-05,4.33875026176478e-05
8.5,PP,0.222,0.0118770556840778,0.0118747599417164,4.17006776758325e-05,3.94049353143466e-05
8.5,PP,0.224,0.011873139798567,0.0118711420688479,3.77847921650114e-05,3.57870624458634e-05
8.5,PP,0.226,0.0118695911449951,0.0118678557462956,3.42361385930589e-05,3.25007398936025e-05
8.5,PP,0.228,0.0118663757357364,0.0118648709972647,3.10207293343339e-05,2.95159908626635e-05
8.5,PP,0.23,0.0118634623291314,0.0118621605928364,2.81073227294173e-05,2.68055864344197e-05
8.5,PP,0.232,0.011860821998186,0.0118596986396945,2.54669917840161e-05,2.43436332924701e-05
8.5,PP,0.234,0.0118584295235574,0.0118574625928996,2.3074517155339e-05,2.210758649758e-05
8.5,PP,0.236,0.0118562617134896,0.0118554318362423,2.09067070876239e-05,2.00768298402529e-05
8.5,PP,0.238,0.0118542975453717,0.011853587602725,1.89425389697084e-05,1.82325963229701e-05
8.5,PP,0.24,0.0118525177756908,0.0118519127599106,1.71627692887918e-05,1.65577535085441e-05
8.5,PP,0.242,0.0118509053262564,0.0118503915920967,1.55503198543908e-05,1.50365856946763e-05
8.5,PP,0.244,0.0118494444899212,0.0118490101894002,1.40894835192074e-05,1.36551829981527e-05
8.5,PP,0.246,0.0118481206710595,0.0118477557020669,1.27656646574641e-05,1.24006956648756e-05
8.5,PP,0.248,0.0118469209196387,0.0118466160560804,1.1565913236691e-05,1.1261049678371e-05
8.5,PP,0.25,0.0118458335945099,0.0118455810946207,1.04785881078779e-05,1.02260882186601e-05
8.5,PP,0.252,0.0118448478709483,0.0118446406249693,9.49286454628336e-06,9.28561856728197e-06
8.5,PP,0.254,0.0118439548548408,0.0118437864414078,8.59984843882243e-06,8.43143500581928e-06
8.5,PP,0.256,0.0118431458250725,0.0118430108238197,7.79081867051216e-06,7.65581741767052e-06
8.5,PP,0.258,0.0118424128492682,0.0118423065210128,7.05784286614448e-06,6.95151461079305e-06
8.5,PP,0.26,0.0118417488198852,0.0118416669696124,6.39381348319958e-06,6.31196321039876e-06
8.5,PP,0.262,0.0118411472583503,0.0118410862551565,5.79225194832257e-06,5.73124875450498e-06
8.5,PP,0.264,0.0118406023543754,0.011840558952547,5.24734797342601e-06,5.20394614502914e-06
8.5,PP,0.266,0.0118401087520944,0.0118400802497561,4.75374569237387e-06,4.72524335404234e-06
8.5,PP,0.268,0.0118396615949838,0.0118396455975122,4.3065885817848e-06,4.29059111015095e-06
8.5,PP,0.27,0.011839256489187,0.0118392509361423,3.90148278498446e-06,3.89592974028158e-06
8.5,PP,0.272,0.0118388894650033,0.0118388925605543,3.53445860130745e-06,3.53755415231569e-06
8.5,PP,0.274,0.011838556976121,0.0118385671326113,3.20196971897134e-06,3.21212620932321e-06
8.5,PP,0.276,0.011838255774056,0.0118382716525399,2.90076765399432e-06,2.91664613792653e-06
8.5,PP,0.278,0.0118379828868627,0.0118380033583923,2.62788046065908e-06,2.64835199029895e-06
8.5,PP,0.28,0.0118377356605605,0.0118377597245135,2.38065415845458e-06,2.40471811143936e-06
8.5,PP,0.282,0.0118375117067184,0.0118375384979567,2.15670031641045e-06,2.18349155468173e-06
8.5,PP,0.284,0.0118373088275045,0.0118373376363691,1.95382110250962e-06,1.98262996713161e-06
8.5,PP,0.286,0.0118371250155315,0.0118371552567651,1.77000912946097e-06,1.80025036305639e-06
8.5,PP,0.288,0.0118369584885857,0.0118369896375442,1.60348218366212e-06,1.63463114218054e-06
8.5,PP,0.29,0.0118368076415254,0.0118368392491066,1.45263512340947e-06,1.48424270454695e-06
8.5,PP,0.292,0.0118366709938153,0.0118367027079076,1.31598741329002e-06,1.34770150559196e-06
8.5,PP,0.294,0.0118365471907576,0.011836578735251,1.19218435560252e-06,1.22372884898275e-06
8.5,PP,0.296,0.0118364350295539,0.0118364661590253,1.08002315191667e-06,1.1111526232524e-06
8.5,PP,0.298,0.0118363334247673,0.011836363936133,9.78418365311581e-07,1.00892973098343e-06
8.5,PP,0.3,0.011419161984282,0.0114288249730195,-0.000124102474184672,-0.00011443948544715
8.5,PP,0.302,0.0114308813728664,0.0114393946847335,-0.000112383085600215,-0.000103869773733124
8.5,PP,0.304,0.0114414715657243,0.0114489672808962,-0.000101792892742342,-9.42971775704984e-05
8.5,PP,0.306,0.0114510582843175,0.0114576523742026,-9.22061741491648e-05,-8.56120842640546e-05
8.5,PP,0.308,0.0114597359600554,0.01146553244371,-8.35284984112977e-05,-7.77320147566634e-05
8.5,PP,0.31,0.0114675937733079,0.0114726842099128,-7.56706851587872e-05,-7.05802485538604e-05
8.5,PP,0.312,0.011474715067236,0.0114791800221328,-6.85493912306531e-05,-6.40844363338864e-05
8.5,PP,0.314,0.0114811628692452,0.0114850761785819,-6.21015892214132e-05,-5.8188279884774e-05
8.5,PP,0.316,0.0114870021220045,0.0114904272328035,-5.6262336462113e-05,-5.28372256631913e-05
8.5,PP,0.318,0.0114922829669276,0.0114952790425533,-5.09814915390615e-05,-4.79854159133371e-05
8.5,PP,0.32,0.0114970656682679,0.011499681862539,-4.61987901987128e-05,-4.35825959276496e-05
8.5,PP,0.322,0.0115013978582908,0.0115036788526101,-4.18666001758619e-05,-3.95856058565385e-05
8.5,PP,0.324,0.011505322895618,0.0115073083129594,-3.79415628487013e-05,-3.59561455072887e-05
8.5,PP,0.326,0.0115088795845012,0.0115106046639359,-3.43848739654158e-05,-3.2659794530732e-05
8.5,PP,0.328,0.0115121023966942,0.0115135984039149,-3.11620617724391e-05,-2.9666054551793e-05
8.5,PP,0.33,0.0115150220927749,0.0115163170043828,-2.82423656917871e-05,-2.69474540838723e-05
8.5,PP,0.332,0.0115176678619346,0.0115187859781867,-2.55965965321042e-05,-2.44784802799509e-05
8.5,PP,0.334,0.0115200655723222,0.0115210285131513,-2.31988861444862e-05,-2.2235945315344e-05
8.5,PP,0.336,0.0115222391896508,0.0115230658549134,-2.10252688158385e-05,-2.01986035532706e-05
8.5,PP,0.338,0.0115242090353356,0.0115249166183714,-1.9055423131048e-05,-1.83478400952921e-05
8.5,PP,0.34,0.0115259942665256,0.0115265977385741,-1.72701919410531e-05,-1.66667198925486e-05
8.5,PP,0.342,0.0115276119624902,0.0115281246836277,-1.56524959764974e-05,-1.51397748389109e-05
8.5,PP,0.344,0.0115290780507232,0.0115295115381292,-1.41864077434321e-05,-1.37529203374457e-05
8.5,PP,0.346,0.011530406869266,0.0115307713696768,-1.28575892006204e-05,-1.24930887898441e-05
8.5,PP,0.348,0.0115316113293733,0.011531915910537,-1.16531290933544e-05,-1.13485479296353e-05
8.5,PP,0.35,0.0115327024287363,0.0115329553778322,-1.0562029730387e-05,-1.0309080634428e-05
8.5,PP,0.352,0.0115336913792773,0.0115338994304327,-9.57307918932407e-06,-9.36502803394225e-06
8.5,PP,0.354,0.0115345877039013,0.0115347570347341,-8.67675456535724e-06,-8.5074237325556e-06
8.5,PP,0.356,0.0115354000935339,0.0115355360785989,-7.86436493271578e-06,-7.72837986771739e-06
8.5,PP,0.358,0.0115361364507021,0.0115362437955318,-7.12800776458619e-06,-7.0206629349031e-06
8.5,PP,0.36,0.0115368038455809,0.011536886726865,-6.46061288575583e-06,-6.37773160167866e-06
8.5,PP,0.362,0.0115374087337422,0.0115374707597625,-5.85572472441842e-06,-5.79369870415576e-06
8.5,PP,0.364,0.0115379570151046,0.0115380013118155,-5.30744336206881e-06,-5.26314665111501e-06
8.5,PP,0.366,0.0115384539713853,0.0115384833122911,-4.81048708135881e-06,-4.78114617556875e-06
8.5,PP,0.368,0.0115389043858337,0.0115389211750155,-4.36007263300217e-06,-4.34328345114664e-06
8.5,PP,0.37,0.0115393127194925,0.0115393189356564,-3.95173897418249e-06,-3.94552281027423e-06
8.5,PP,0.372,0.0115396828559954,0.011539680294978,-3.58160247126635e-06,-3.58416348861419e-06
8.5,PP,0.374,0.0115400183062496,0.0115400085861709,-3.24615221702559e-06,-3.25587229575187e-06
8.5,PP,0.376,0.011540322246426,0.0115403067737416,-2.94221204061654e-06,-2.95768472505405e-06
8.5,PP,0.378,0.0115405977547812,0.0115405775870127,-2.66670368545899e-06,-2.68687145391598e-06
8.5,PP,0.38,0.0115408474870977,0.0115408236301645,-2.4169713689591e-06,-2.44082830217103e-06
8.5,PP,0.382,0.0115410738299419,0.0115410471585006,-2.19062852471752e-06,-2.2172999660456e-06
8.5,PP,0.384,0.0115412789538033,0.0115412502130864,-1.98550466337655e-06,-2.01424538027496e-06
8.5,PP,0.386,0.0115414648897192,0.0115414346543015,-1.79956874750073e-06,-1.82980416516855e-06
8.5,PP,0.388,0.0115416334326805,0.011541602225344,-1.63102578612864e-06,-1.66223312270293e-06
8.5,PP,0.39,0.0115417861858596,0.0115417544666437,-1.47827260702296e-06,-1.50999182298682e-06
8.5,PP,0.392,0.0115419246343242,0.0115418927601618,-1.33982414247599e-06,-1.37169830481156e-06
8.5,PP,0.394,0.011542050137314,0.0115420183887472,-1.21432115267675e-06,-1.24606971946099e-06
8.5,PP,0.396,0.0115421639094105,0.0115421325291245,-1.10054905615858e-06,-1.13192934219665e-06
8.5,PP,0.398,0.0115422670248654,0.0115422362373144,-9.97433601272052e-07,-1.02822115224423e-06
8.5,PP,0.4,0.011542360477747,0.0115423304470965,-9.03980719630521e-07,-9.34011370126372e-07
8.5,PP,0.402,0.0115424450500721,0.0115424160232141,-8.19408394549942e-07,-8.48435252538346e-07
8.5,PP,0.404,0.0115425216848916,0.0115424936762094,-7.42773575018035e-07,-7.70782257278682e-07
8.5,PP,0.406,0.0115425911563175,0.0115425641734058,-6.73302149131749e-07,-7.0028506086485e-07
8.5,PP,0.408,0.0115426541209009,0.0115426282291833,-6.10337565796343e-07,-6.36229283397863e-07
8.5,PP,0.41,0.0115427111880932,0.0115426864187823,-5.53270373505194e-07,-5.78039684390533e-07
8.5,PP,0.412,0.0115427629202999,0.0115427392773382,-5.01538166726434e-07,-5.25181128420774e-07
8.5,PP,0.414,0.0115428098285218,0.0115427873002421,-4.54629944874468e-07,-4.77158224517285e-07
8.5,PP,0.416,0.0115428523528777,0.0115428309419601,-4.12105588928208e-07,-4.33516506597245e-07
8.5,PP,0.418,0.0115428908925604,0.0115428705989563,-3.73565906288537e-07,-3.93859510313191e-07
8.5,PP,0.42,0.0115429258195557,0.0115429066238301,-3.38638910909322e-07,-3.57834636527735e-07
8.5,PP,0.422,0.0115429574786574,0.011542939345696,-3.06979809294727e-07,-3.25112770678884e-07
8.5,PP,0.424,0.0115429861868025,0.0115429690706831,-2.78271664159307e-07,-2.95387783530096e-07
8.5,PP,0.426,0.011543012218493,0.0115429960819384,-2.52239973620033e-07,-2.68376528235123e-07
8.5,PP,0.428,0.0115430358127243,0.011543020633208,-2.28645742360312e-07,-2.43825258606709e-07
8.5,PP,0.43,0.011543057192896,0.0115430429399022,-2.07265570671689e-07,-2.21518564493331e-07
8.5,PP,0.432,0.01154307656765,0.0115430632007622,-1.87890816683023e-07,-2.01257704489713e-07
8.5,PP,0.434,0.0115430941308704,0.0115430816020463,-1.70327596294567e-07,-1.82856420316221e-07
8.5,PP,0.436,0.0115431100606854,0.0115430983175298,-1.54397781278875e-07,-1.66140936825807e-07
8.5,PP,0.438,0.011543124507231,0.0115431135085034,-1.39951235628155e-07,-1.50949963211369e-07
8.5,PP,0.44,0.011543137600792,0.011543127319046,-1.2685767464618e-07,-1.37139420616425e-07
8.5,PP,0.442,0.0115431494639988,0.0115431398683803,-1.1499446787161e-07,-1.24590086339818e-07
8.5,PP,0.444,0.0115431602121062,0.0115431512662503,-1.04246360443233e-07,-1.13192216355182e-07
8.5,PP,0.446,0.0115431699529935,0.0115431616161554,-9.45054731589512e-08,-1.02842311231269e-07
8.5,PP,0.448,0.0115431787871601,0.0115431710153505,-8.56713065940096e-08,-9.34431161631749e-08
8.5,PP,0.45,0.0115431868034458,0.0115431795548457,-7.76550208650417e-08,-8.4903620923768e-08
8.5,PP,0.452,0.0115431940724984,0.0115431873191707,-7.038596828296e-08,-7.7139295987308e-08
8.5,PP,0.454,0.0115432006592036,0.011543194379595,-6.37992630912743e-08,-7.00788716345019e-08
8.5,PP,0.456,0.0115432066251593,0.0115432007948402,-5.78333073271431e-08,-6.36636264764873e-08
8.5,PP,0.458,0.0115432120286758,0.0115432066203121,-5.24297908699456e-08,-5.78381545730117e-08
8.5,PP,0.46,0.0115432169247753,0.0115432119086292,-4.7533691382301e-08,-5.25498374415873e-08
8.5,PP,0.462,0.0115432213651923,0.0115432167096227,-4.30932743794576e-08,-4.77488439256518e-08
8.5,PP,0.464,0.0115432253969943,0.0115432210703364,-3.90614723656812e-08,-4.33881302813049e-08
8.5,PP,0.466,0.0115432290557162,0.0115432250350264,-3.54027504534393e-08,-3.94234402432275e-08
8.5,PP,0.468,0.0115432323720587,0.0115432286431376,-3.20864079160488e-08,-3.58153290167668e-08
8.5,PP,0.47,0.0115432353754957,0.0115432319241355,-2.90829709516383e-08,-3.25343311544796e-08
8.5,PP,0.472,0.0115432380942757,0.0115432349045062,-2.63641909727108e-08,-2.95539604091427e-08
8.5,PP,0.474,0.0115432405554219,0.0115432376096957,-2.39030447692079e-08,-2.68487710033266e-08
8.5,PP,0.476,0.0115432427847322,0.0115432400641082,-2.1673734435651e-08,-2.43943584273681e-08
8.5,PP,0.478,0.0115432448067793,0.0115432422911073,-1.96516873988972e-08,-2.216735931794e-08
8.5,PP,0.48,0.0115432466445131,0.0115432443130151,-1.7813953551854e-08,-2.01454515864202e-08
8.5,PP,0.482,0.0115432483145092,0.0115432461511124,-1.61439574729305e-08,-1.83073543044004e-08
8.5,PP,0.484,0.0115432498294516,0.0115432478253261,-1.46290150514206e-08,-1.66331405680037e-08
8.5,PP,0.486,0.0115432512016953,0.0115432493501567,-1.32567713889697e-08,-1.51083099971666e-08
8.5,PP,0.488,0.0115432524432793,0.0115432507366397,-1.20151873693464e-08,-1.3721826971555e-08
8.5,PP,0.49,0.0115432535659269,0.011543251995524,-1.08925397312998e-08,-1.24629426275641e-08
8.5,PP,0.492,0.0115432545810456,0.0115432531372885,-9.87742101304923e-09,-1.13211781494621e-08
8.5,PP,0.494,0.011543255499727,0.0115432541721421,-8.95873960779503e-09,-1.02863245785706e-08
8.5,PP,0.496,0.0115432563327469,0.0115432551100237,-8.12571974637133e-09,-9.34844294510351e-09
8.5,PP,0.498,0.0115432570905627,0.0115432559606024,-7.36790396402287e-09,-8.49786423347265e-09
8.5,PP,0.5,0.0115432577808204,0.0115432567332773,-6.67764621029021e-09,-7.72518933718491e-09
8.5,PP,0.502,0.0115432584077842,0.0115432574371775,-6.0506824238471e-09,-7.02128912823119e-09
8.5,PP,0.504,0.0115432589761863,0.0115432580798876,-5.48228040395116e-09,-6.37857902087424e-09
8.5,PP,0.506,0.0115432594906751,0.0115432586651509,-4.96779160516492e-09,-5.79331576287812e-09
8.5,PP,0.508,0.0115432599558156,0.0115432591971385,-4.5026511061308e-09,-5.26132820123648e-09
8.5,PP,0.51,0.011543260376089,0.0115432596799789,-4.08237768589892e-09,-4.77848774611822e-09
8.5,PP,0.512,0.0115432607558929,0.0115432601177143,-3.70257376147709e-09,-4.34075238427145e-09
8.5,PP,0.514,0.0115432610995412,0.0115432605143,-3.35892544681138e-09,-3.94416668249298e-09
8.5,PP,0.516,0.0115432614112642,0.0115432608736048,-3.04720244176382e-09,-3.58486182232276e-09
8.5,PP,0.518,0.011543261695207,0.0115432611994111,-2.76325964887469e-09,-3.25905554106332e-09
8.5,PP,0.52,0.0115432619540813,0.0115432614954145,-2.50438533452857e-09,-2.96305218035198e-09
8.5,PP,0.522,0.0115432621892179,0.011543261765224,-2.26924878540813e-09,-2.69324263411919e-09
8.5,PP,0.524,0.0115432624023914,0.0115432620117509,-2.05607523715012e-09,-2.44671577269429e-09
8.5,PP,0.526,0.0115432625953454,0.011543262236248,-1.86312130306954e-09,-2.22221865041339e-09
8.5,PP,0.528,0.0115432627697917,0.0115432624403095,-1.68867495681235e-09,-2.01815717783271e-09
8.5,PP,0.53,0.0115432629274111,0.011543262625519,-1.53105555664168e-09,-1.83294770160491e-09
8.5,PP,0.532,0.0115432630698528,0.0115432627934269,-1.3886138558461e-09,-1.66503977792887e-09
8.5,PP,0.534,0.0115432631987347,0.0115432629455505,-1.25973194028961e-09,-1.51291617254967e-09
8.5,PP,0.536,0.0115432633156434,0.0115432630833738,-1.14282329433113e-09,-1.37509286769755e-09
8.5,PP,0.538,0.0115432634221333,0.0115432632083476,-1.036333355936e-09,-1.25011904821004e-09
8.5,PP,0.54,0.0115432635192216,0.0115432633218895,-9.39245087955287e-10,-1.1365771362265e-09
8.5,PP,0.542,0.0115432636074072,0.0115432634253839,-8.51059441669966e-10,-1.03308272179914e-09
8.5,PP,0.544,0.0115432636873558,0.0115432635199475,-7.71110817560094e-10,-9.38519156487572e-10
8.5,PP,0.546,0.0115432637597213,0.0115432636060608,-6.98745342836427e-10,-8.52405814336099e-10
8.5,PP,0.548,0.0115432638251457,0.0115432636843354,-6.33320947768246e-10,-7.74131267769484e-10
8.5,PP,0.55,0.0115432638842593,0.0115432637553786,-5.74207362213919e-10,-7.03088013156994e-10
8.5,PP,0.552,0.0115432639376807,0.0115432638197853,-5.20785983781913e-10,-6.38681359535487e-10
8.5,PP,0.554,0.0115432639860166,0.0115432638781374,-4.72450096405952e-10,-5.80329300239879e-10
8.5,PP,0.556,0.011543264029862,0.0115432639310041,-4.28604651769859e-10,-5.27462582292082e-10
8.5,PP,0.558,0.0115432640698,0.0115432639789419,-3.88666650946723e-10,-4.7952472027879e-10
8.5,PP,0.56,0.011543264106212,0.0115432640224947,-3.52254652530304e-10,-4.3597195124867e-10
8.5,PP,0.562,0.0115432641392852,0.0115432640621934,-3.19181483326991e-10,-3.96273231242916e-10
8.5,PP,0.564,0.0115432641692691,0.0115432640984664,-2.89197533975827e-10,-3.60000218871392e-10
8.5,PP,0.566,0.0115432641964091,0.0115432641314981,-2.620575804968e-10,-3.26968599764776e-10
8.5,PP,0.568,0.0115432642209459,0.0115432641615229,-2.37520805107527e-10,-2.96943780328518e-10
8.5,PP,0.57,0.0115432642431158,0.0115432641887739,-2.15350834387174e-10,-2.69692801077581e-10
8.5,PP,0.572,0.011543264263151,0.0115432642134792,-1.95315683765296e-10,-2.44987469547042e-10
8.5,PP,0.574,0.0115432642812789,0.0115432642358621,-1.77187771399634e-10,-2.22604596214482e-10
8.5,PP,0.576,0.0115432642977227,0.0115432642561408,-1.60743973687261e-10,-2.0232580714985e-10
8.5,PP,0.578,0.011543264312701,0.011543264274529,-1.45765618325688e-10,-1.83937651568322e-10
8.5,PP,0.58,0.011543264326357,0.0115432642912351,-1.32109639200406e-10,-1.67231539380253e-10
8.5,PP,0.582,0.0115432643387608,0.0115432643064629,-1.19705887563493e-10,-1.52003772416198e-10
8.5,PP,0.584,0.011543264350006,0.0115432643203766,-1.08460702225033e-10,-1.38090055015749e-10
8.5,PP,0.586,0.0115432643601845,0.011543264333047,-9.8282128963012e-11,-1.25419676380578e-10
8.5,PP,0.588,0.0115432643693868,0.011543264344564,-8.90798546038241e-11,-1.1390266334288e-10
8.5,PP,0.59,0.0115432643777014,0.011543264355017,-8.07652174306117e-11,-1.03449636010278e-10
8.5,PP,0.592,0.0115432643852154,0.0115432643644936,-7.32512245305017e-11,-9.397308799175e-11
8.5,PP,0.594,0.0115432643920141,0.0115432643730793,-6.64525344473699e-11,-8.53874002754162e-11
8.5,PP,0.596,0.0115432643981812,0.0115432643808579,-6.02854537123942e-11,-7.76087961257277e-11
8.5,PP,0.598,0.0115432644037987,0.0115432643879113,-5.46679611301837e-11,-7.05554000640651e-11
8.5,PP,0.6,0.0115432644089202,0.0115432643943194,-4.95464329286488e-11,-6.41472135826104e-11
8.5,PP,0.602,0.0115432644135721,0.0115432644001606,-4.48945221276364e-11,-5.83061047360056e-11
8.5,PP,0.604,0.0115432644177895,0.0115432644054976,-4.06771248628868e-11,-5.29690302036867e-11
8.5,PP,0.606,0.0115432644216069,0.0115432644103578,-3.68597513622504e-11,-4.81088797271711e-11
8.5,PP,0.608,0.0115432644250581,0.0115432644147755,-3.34085259456884e-11,-4.36911531259687e-11
8.5,PP,0.61,0.0115432644281765,0.0115432644187851,-3.02902043725073e-11,-3.96815514475124e-11
8.5,PP,0.612,0.0115432644309945,0.0115432644224202,-2.74721599635708e-11,-3.60464973842012e-11
8.5,PP,0.614,0.0115432644335443,0.0115432644257135,-2.49223731929593e-11,-3.27531734373165e-11
8.5,PP,0.616,0.0115432644358572,0.0115432644286972,-2.26094663824394e-11,-2.97694351808486e-11
8.5,PP,0.618,0.011543264437964,0.0115432644314028,-2.0502689823676e-11,-2.70638667726475e-11
8.5,PP,0.62,0.0115432644398848,0.0115432644338609,-1.85819033771129e-11,-2.46057948322109e-11
8.5,PP,0.622,0.0115432644416294,0.0115432644361014,-1.68372468745126e-11,-2.23652398684271e-11
8.5,PP,0.624,0.0115432644432111,0.0115432644381486,-1.52555502952456e-11,-2.03180337138287e-11
8.5,PP,0.626,0.0115432644446428,0.0115432644400129,-1.38238899494159e-11,-1.8453754149772e-11
8.5,PP,0.628,0.0115432644459371,0.0115432644417075,-1.25295433750505e-11,-1.67591860528171e-11
8.5,PP,0.63,0.0115432644471066,0.0115432644432455,-1.13600552575921e-11,-1.52211663412283e-11
8.5,PP,0.632,0.0115432644481635,0.0115432644446398,-1.03031576326185e-11,-1.38268337751546e-11
8.5,PP,0.634,0.0115432644491198,0.0115432644459031,-9.34689131648625e-12,-1.25635665065849e-11
8.5,PP,0.636,0.0115432644499872,0.0115432644470476,-8.47945672011186e-12,-1.14190479988396e-11
8.5,PP,0.638,0.0115432644507773,0.0115432644480854,-7.68933181016784e-12,-1.03812462098896e-11
8.5,PP,0.64,0.0115432644514977,0.0115432644490283,-6.96896013119286e-12,-9.43836848954493e-12
8.5,PP,0.642,0.011543264452152,0.0115432644498877,-6.31465019163002e-12,-8.57892749894784e-12
8.5,PP,0.644,0.0115432644527452,0.011543264450673,-5.7214510906789e-12,-7.79364940639571e-12
8.5,PP,0.646,0.0115432644532821,0.0115432644513881,-5.1845160109476e-12,-7.07854781734074e-12
8.5,PP,0.648,0.0115432644537676,0.0115432644520381,-4.69909181011197e-12,-6.42854693089223e-12
8.5,PP,0.65,0.0115432644542062,0.0115432644526281,-4.26047044865818e-12,-5.83858829339423e-12
8.5,PP,0.652,0.0115432644546026,0.0115432644531629,-3.86410348163224e-12,-5.30373488183411e-12
8.5,PP,0.654,0.0115432644549612,0.0115432644536475,-3.5054667502088e-12,-4.8191676343956e-12
8.5,PP,0.656,0.0115432644552865,0.0115432644540865,-3.18014711786496e-12,-4.3801576948832e-12
8.5,PP,0.658,0.0115432644555828,0.0115432644544846,-2.88381124535775e-12,-3.98206641272214e-12
8.5,PP,0.66,0.011543264455853,0.0115432644548463,-2.61364194176217e-12,-3.62039738466269e-12
8.5,PP,0.662,0.0115432644560984,0.0115432644551759,-2.36825489774439e-12,-3.29073747418196e-12
8.5,PP,0.664,0.0115432644563209,0.0115432644554771,-2.14576967305646e-12,-2.98950968147249e-12
8.5,PP,0.666,0.0115432644565223,0.0115432644557514,-1.94439950251812e-12,-2.71521173600409e-12
8.5,PP,0.668,0.0115432644567043,0.0115432644560008,-1.76235068205521e-12,-2.46587646135499e-12
8.5,PP,0.67,0.0115432644568688,0.0115432644562271,-1.59784685482833e-12,-2.23958525336077e-12
8.5,PP,0.672,0.0115432644570175,0.0115432644564322,-1.44919146127798e-12,-2.03442644675089e-12
8.5,PP,0.674,0.011543264457152,0.0115432644566181,-1.31468794184464e-12,-1.84856470408779e-12
8.5,PP,0.676,0.011543264457274,0.0115432644567865,-1.19268830922614e-12,-1.6801473406991e-12
8.5,PP,0.678,0.0115432644573851,0.0115432644569392,-1.08154804556726e-12,-1.52745351089667e-12
8.5,PP,0.68,0.0115432644574864,0.0115432644570779,-9.80222847335455e-13,-1.38871726618195e-12
8.5,PP,0.682,0.0115432644575785,0.0115432644572044,-8.88185358594029e-13,-1.26226980257105e-12
8.5,PP,0.684,0.0115432644576619,0.0115432644573199,-8.04752098293449e-13,-1.14671640238928e-12
8.5,PP,0.686,0.0115432644577374,0.0115432644574251,-7.29232646490274e-13,-1.04150889301824e-12
8.5,PP,0.688,0.0115432644578057,0.0115432644575208,-6.60946991581923e-13,-9.45870118340686e-13
8.5,PP,0.69,0.0115432644578674,0.0115432644576076,-5.9926369422314e-13,-8.59068025049758e-13
8.5,PP,0.692,0.0115432644579231,0.0115432644576863,-5.43509681705245e-13,-7.80367090391643e-13
8.5,PP,0.694,0.0115432644579736,0.0115432644577576,-4.93067392470792e-13,-7.09073424975948e-13
8.5,PP,0.696,0.0115432644580194,0.0115432644578222,-4.47305387174524e-13,-6.4446885328362e-13
8.5,PP,0.698,0.011543264458061,0.0115432644578808,-4.05623451493753e-13,-5.85901119287691e-13
8.5,PP,0.7,0.011543264458099,0.011543264457934,-3.67629537922909e-13,-5.32686741938626e-13
8.5,PP,0.702,0.0115432644581335,0.0115432644579825,-3.33112010197922e-13,-4.84183873550315e-13
8.5,PP,0.704,0.0115432644581648,0.0115432644580268,-3.01824537585205e-13,-4.39861688739107e-13
8.5,PP,0.706,0.0115432644581932,0.0115432644580672,-2.73493033775551e-13,-3.99498142900079e-13
8.5,PP,0.708,0.0115432644582188,0.0115432644581038,-2.47885045823182e-13,-3.62819149724025e-13
8.5,PP,0.71,0.0115432644582419,0.0115432644581371,-2.24747304100603e-13,-3.29515928432222e-13
8.5,PP,0.712,0.0115432644582628,0.0115432644581673,-2.03847355662035e-13,-2.99335209397178e-13
8.5,PP,0.714,0.0115432644582817,0.0115432644581947,-1.84918053092176e-13,-2.71982089627976e-13
8.5,PP,0.716,0.0115432644582989,0.0115432644582194,-1.67758168467813e-13,-2.47206768944075e-13
8.5,PP,0.718,0.0115432644583145,0.0115432644582419,-1.52121371055358e-13,-2.24749038824079e-13
8.5,PP,0.72,0.0115432644583288,0.0115432644582623,-1.37872352423685e-13,-2.0432787406488e-13
8.5,PP,0.722,0.0115432644583417,0.0115432644582809,-1.24931315292898e-13,-1.85721230061553e-13
8.5,PP,0.724,0.0115432644583535,0.0115432644582979,-1.13204584595294e-13,-1.6872093999698e-13
8.5,PP,0.726,0.0115432644583641,0.0115432644583134,-1.02574199134509e-13,-1.53243737144315e-13
8.5,PP,0.728,0.0115432644583737,0.0115432644583275,-9.2974239418453e-14,-1.39175129754143e-13
8.5,PP,0.73,0.0115432644583824,0.0115432644583403,-8.42867442507611e-14,-1.2640062607705e-13
8.5,PP,0.732,0.0115432644583902,0.0115432644583518,-7.64562024802018e-14,-1.14819612151429e-13
8.5,PP,0.734,0.0115432644583973,0.0115432644583623,-6.93577140165047e-14,-1.04321065674817e-13
8.5,PP,0.736,0.0115432644584037,0.0115432644583718,-6.29114815797749e-14,-9.48217199203683e-14
8.5,PP,0.738,0.0115432644584096,0.0115432644583805,-5.70619940187811e-14,-8.62036136917155e-14
8.5,PP,0.74,0.0115432644584149,0.0115432644583883,-5.17121068188686e-14,-7.83765413681081e-14
8.5,PP,0.742,0.0115432644584198,0.0115432644583954,-4.68514116391816e-14,-7.12329500940356e-14
8.5,PP,0.744,0.0115432644584242,0.0115432644584019,-4.24521529041044e-14,-6.47138592713148e-14
8.5,PP,0.746,0.0115432644584282,0.0115432644584079,-3.84657583563097e-14,-5.87776355365222e-14
8.5,PP,0.748,0.0115432644584318,0.0115432644584133,-3.48714113140858e-14,-5.33757066323304e-14
8.5,PP,0.75,0.011543264458435,0.0115432644584182,-3.16205395201052e-14,-4.84803169831238e-14
8.5,PP,0.752,0.011543264458438,0.0115432644584226,-2.86784485048486e-14,-4.40428943315752e-14
8.5,PP,0.754,0.0115432644584406,0.0115432644584266,-2.60139132457482e-14,-4.0014866420357e-14
8.5,PP,0.756,0.0115432644584431,0.0115432644584303,-2.35957087202365e-14,-3.63719471208057e-14
8.5,PP,0.758,0.0115432644584453,0.0115432644584336,-2.14030182466018e-14,-3.30725030694978e-14
8.5,PP,0.76,0.0115432644584473,0.0115432644584366,-1.93976779083727e-14,-3.00540842212982e-14
8.5,PP,0.762,0.0115432644584491,0.0115432644584393,-1.75727488116451e-14,-2.73270989170626e-14
8.5,PP,0.764,0.0115432644584507,0.0115432644584418,-1.5928230956419e-14,-2.4829097111656e-14
8.5,PP,0.766,0.0115432644584522,0.0115432644584441,-1.44259604262231e-14,-2.25496704642225e-14
8.5,PP,0.768,0.0115432644584536,0.0115432644584462,-1.3090223349721e-14,-2.04645328460984e-14
8.5,PP,0.77,0.0115432644584548,0.0115432644584481,-1.18585696817775e-14,-1.86049092798513e-14
8.5,PP,0.772,0.0115432644584559,0.0115432644584498,-1.07518161041043e-14,-1.68840635916823e-14
8.5,PP,0.774,0.0115432644584569,0.0115432644584513,-9.75955427584552e-15,-1.53470985919668e-14
8.5,PP,0.776,0.0115432644584578,0.0115432644584527,-8.85055917443367e-15,-1.39523809172815e-14
8.5,PP,0.778,0.0115432644584586,0.011543264458454,-8.02483079986871e-15,-1.26825633328664e-14
8.5,PP,0.78,0.0115432644584594,0.0115432644584551,-7.28236915215064e-15,-1.15272374978659e-14
8.5,PP,0.782,0.0115432644584601,0.0115432644584562,-6.59194920871187e-15,-1.04829339653278e-14
8.5,PP,0.784,0.0115432644584607,0.0115432644584571,-5.97091820431217e-15,-9.52536660658865e-15
8.5,PP,0.786,0.0115432644584612,0.011543264458458,-5.41927613895155e-15,-8.64412708079243e-15
8.5,PP,0.788,0.0115432644584617,0.0115432644584588,-4.90926743701436e-15,-7.84962372879505e-15
8.5,PP,0.79,0.0115432644584622,0.0115432644584595,-4.44783099240453e-15,-7.13491765669261e-15
8.5,PP,0.792,0.0115432644584626,0.0115432644584602,-4.04537514597791e-15,-6.47572273582142e-15
8.5,PP,0.794,0.011543264458463,0.0115432644584608,-3.66026653431106e-15,-5.89632509484517e-15
8.5,PP,0.796,0.0115432644584633,0.0115432644584613,-3.32373017997156e-15,-5.34468302948454e-15
8.5,PP,0.798,0.0115432644584636,0.0115432644584618,-3.00801050734378e-15,-4.85202156230713e-15
8.5,PP,0.8,0.0115432644584639,0.0115432644584622,-2.72351585728359e-15,-4.42527958721683e-15
8.5,PP,0.802,0.0115432644584642,0.0115432644584626,-2.47024622979097e-15,-4.01241539993435e-15
8.5,PP,0.804,0.0115432644584644,0.011543264458463,-2.23779328401008e-15,-3.65159291693118e-15
8.5,PP,0.806,0.0115432644584646,0.0115432644584633,-2.03656536079677e-15,-3.31852600954363e-15
8.5,PP,0.808,0.0115432644584648,0.0115432644584636,-1.84574577843932e-15,-3.01321467777171e-15
8.5,PP,0.81,0.011543264458465,0.0115432644584639,-1.6757428777936e-15,-2.72872002771152e-15
8.5,PP,0.812,0.0115432644584651,0.0115432644584642,-1.51614831800373e-15,-2.48585874107476e-15
8.5,PP,0.814,0.0115432644584653,0.0115432644584644,-1.37390099297363e-15,-2.26034468919778e-15
8.5,PP,0.816,0.0115432644584654,0.0115432644584646,-1.2490009027033e-15,-2.05217787208056e-15
8.5,PP,0.818,0.0115432644584655,0.0115432644584648,-1.13103970633688e-15,-1.86135828972311e-15
8.5,PP,0.82,0.0115432644584656,0.011543264458465,-1.02348685082632e-15,-1.68788594212543e-15
8.5,PP,0.822,0.0115432644584657,0.0115432644584651,-9.36750677027476e-16,-1.54216917014338e-15
8.5,PP,0.824,0.0115432644584658,0.0115432644584653,-8.39606162372775e-16,-1.39992184511328e-15
8.5,PP,0.826,0.0115432644584659,0.0115432644584654,-7.66747776381749e-16,-1.25767452008319e-15
8.5,PP,0.828,0.011543264458466,0.0115432644584655,-6.93889390390723e-16,-1.14665221762067e-15
8.5,PP,0.83,0.011543264458466,0.0115432644584656,-6.27969898303604e-16,-1.04603825601401e-15
8.5,PP,0.832,0.0115432644584661,0.0115432644584657,-5.62050406216485e-16,-9.48893741359313e-16
8.5,PP,0.834,0.0115432644584661,0.0115432644584658,-5.16947595841089e-16,-8.6909646146438e-16
8.5,PP,0.836,0.0115432644584662,0.0115432644584659,-4.68375338513738e-16,-7.89299181569447e-16
8.5,PP,0.838,0.0115432644584662,0.0115432644584659,-4.23272528138341e-16,-7.16440795578421e-16
8.5,PP,0.84,0.0115432644584663,0.011543264458466,-3.92047505570758e-16,-6.47051856539349e-16
8.5,PP,0.842,0.0115432644584663,0.0115432644584661,-3.50414142147315e-16,-5.91540705308091e-16
8.5,PP,0.844,0.0115432644584663,0.0115432644584661,-3.19189119579733e-16,-5.29090660172926e-16
8.5,PP,0.846,0.0115432644584664,0.0115432644584662,-2.84494650060196e-16,-4.83987849797529e-16
8.5,PP,0.848,0.0115432644584664,0.0115432644584662,-2.63677968348475e-16,-4.38885039422132e-16
8.5,PP,0.85,0.0115432644584664,0.0115432644584663,-2.39391839684799e-16,-3.93782229046735e-16
8.5,PP,0.852,0.0115432644584664,0.0115432644584663,-2.18575157973078e-16,-3.59087759527199e-16
8.5,PP,0.854,0.0115432644584665,0.0115432644584663,-1.94289029309402e-16,-3.3133218391157e-16
8.5,PP,0.856,0.0115432644584665,0.0115432644584664,-1.76941794549634e-16,-3.03576608295941e-16
8.5,PP,0.858,0.0115432644584665,0.0115432644584664,-1.70002900645727e-16,-2.72351585728359e-16
8.5,PP,0.86,0.0115432644584665,0.0115432644584664,-1.49186218934005e-16,-2.51534904016637e-16
8.5,PP,0.862,0.0115432644584665,0.0115432644584664,-1.35308431126191e-16,-2.30718222304915e-16
8.5,PP,0.864,0.0115432644584665,0.0115432644584665,-1.21430643318376e-16,-2.02962646689286e-16
8.5,PP,0.866,0.0115432644584665,0.0115432644584665,-1.11022302462516e-16,-1.82145964977565e-16
8.5,PP,0.868,0.0115432644584666,0.0115432644584665,-1.00613961606655e-16,-1.61329283265843e-16
8.5,PP,0.87,0.0115432644584666,0.0115432644584665,-9.36750677027476e-17,-1.50920942409982e-16
8.5,PP,0.872,0.0115432644584666,0.0115432644584665,-8.32667268468867e-17,-1.40512601554121e-16
8.5,PP,0.874,0.0115432644584666,0.0115432644584665,-7.97972798949331e-17,-1.30104260698261e-16
8.5,PP,0.876,0.0115432644584666,0.0115432644584665,-6.59194920871187e-17,-1.23165366794353e-16
8.5,PP,0.878,0.0115432644584666,0.0115432644584666,-6.24500451351651e-17,-1.05818132034585e-16
8.5,PP,0.88,0.0115432644584666,0.0115432644584666,-5.89805981832114e-17,-9.54097911787244e-17
8.5,PP,0.882,0.0115432644584666,0.0115432644584666,-5.20417042793042e-17,-8.50014503228635e-17
8.5,PP,0.884,0.0115432644584666,0.0115432644584666,-5.20417042793042e-17,-7.80625564189563e-17
8.5,PP,0.886,0.0115432644584666,0.0115432644584666,-4.5102810375397e-17,-7.11236625150491e-17
8.5,PP,0.888,0.0115432644584666,0.0115432644584666,-4.5102810375397e-17,-5.72458747072346e-17
8.5,PP,0.89,0.0115432644584666,0.0115432644584666,-3.46944695195361e-17,-5.3776427755281e-17
8.5,PP,0.892,0.0115432644584666,0.0115432644584666,-3.12250225675825e-17,-4.68375338513738e-17
8.5,PP,0.894,0.0115432644584666,0.0115432644584666,-3.12250225675825e-17,-4.33680868994202e-17
8.5,PP,0.896,0.0115432644584666,0.0115432644584666,-2.77555756156289e-17,-3.98986399474666e-17
8.5,PP,0.898,0.0115432644584666,0.0115432644584666,-2.77555756156289e-17,-3.29597460435593e-17
8.5,PP,0.9,0.0115432644584666,0.0115432644584666,-2.42861286636753e-17,-3.29597460435593e-17
8.5,PP,0.902,0.0115432644584666,0.0115432644584666,-2.42861286636753e-17,-2.94902990916057e-17
8.5,PP,0.904,0.0115432644584666,0.0115432644584666,-2.08166817117217e-17,-2.60208521396521e-17
8.5,PP,0.906,0.0115432644584666,0.0115432644584666,-2.08166817117217e-17,-2.60208521396521e-17
8.5,PP,0.908,0.0115432644584666,0.0115432644584666,-1.73472347597681e-17,-2.25514051876985e-17
8.5,PP,0.91,0.0115432644584666,0.0115432644584666,-1.73472347597681e-17,-1.90819582357449e-17
8.5,PP,0.912,0.0115432644584666,0.0115432644584666,-1.04083408558608e-17,-1.56125112837913e-17
8.5,PP,0.914,0.0115432644584666,0.0115432644584666,-1.04083408558608e-17,-1.56125112837913e-17
8.5,PP,0.916,0.0115432644584666,0.0115432644584666,-1.04083408558608e-17,-1.21430643318376e-17
8.5,PP,0.918,0.0115432644584666,0.0115432644584666,-6.93889390390723e-18,-1.21430643318376e-17
8.5,PP,0.92,0.0115432644584666,0.0115432644584666,-6.93889390390723e-18,-1.21430643318376e-17
8.5,PP,0.922,0.0115432644584666,0.0115432644584666,-6.93889390390723e-18,-1.21430643318376e-17
8.5,PP,0.924,0.0115432644584666,0.0115432644584666,-6.93889390390723e-18,-8.67361737988404e-18
8.5,PP,0.926,0.0115432644584666,0.0115432644584666,-6.93889390390723e-18,-8.67361737988404e-18
8.5,PP,0.928,0.0115432644584667,0.0115432644584666,0,-8.67361737988404e-18
8.5,PP,0.93,0.0115432644584667,0.0115432644584667,0,-5.20417042793042e-18
8.5,PP,0.932,0.0115432644584667,0.0115432644584667,0,-5.20417042793042e-18
8.5,PP,0.934,0.0115432644584667,0.0115432644584667,0,-5.20417042793042e-18
8.5,PP,0.936,0.0115432644584667,0.0115432644584667,0,-5.20417042793042e-18
8.5,PP,0.938,0.0115432644584667,0.0115432644584667,0,-5.20417042793042e-18
8.5,PP,0.94,0.0115432644584667,0.0115432644584667,0,-1.73472347597681e-18
8.5,PP,0.942,0.0115432644584667,0.0115432644584667,0,-1.73472347597681e-18
8.5,PP,0.944,0.0115432644584667,0.0115432644584667,0,-1.73472347597681e-18
8.5,PP,0.946,0.0115432644584667,0.0115432644584667,0,-1.73472347597681e-18
8.5,PP,0.948,0.0115432644584667,0.0115432644584667,0,-1.73472347597681e-18
8.5,PP,0.95,0.0115432644584667,0.0115432644584667,0,-1.73472347597681e-18
8.5,PP,0.952,0.0115432644584667,0.0115432644584667,0,-1.73472347597681e-18
8.5,PP,0.954,0.0115432644584667,0.0115432644584667,0,-1.73472347597681e-18
8.5,PP,0.956,0.0115432644584667,0.0115432644584667,0,-1.73472347597681e-18
8.5,PP,0.958,0.0115432644584667,0.0115432644584667,0,-1.73472347597681e-18
8.5,PP,0.96,0.0115432644584667,0.0115432644584667,0,-1.73472347597681e-18
8.5,PP,0.962,0.0115432644584667,0.0115432644584667,0,-1.73472347597681e-18
8.5,PP,0.964,0.0115432644584667,0.0115432644584667,0,-1.73472347597681e-18
8.5,PP,0.966,0.0115432644584667,0.0115432644584667,0,-1.73472347597681e-18
8.5,PP,0.968,0.0115432644584667,0.0115432644584667,0,-1.73472347597681e-18
8.5,PP,0.97,0.0115432644584667,0.0115432644584667,0,-1.73472347597681e-18
8.5,PP,0.972,0.0115432644584667,0.0115432644584667,0,-1.73472347597681e-18
8.5,PP,0.974,0.0115432644584667,0.0115432644584667,0,-1.73472347597681e-18
8.5,PP,0.976,0.0115432644584667,0.0115432644584667,0,-1.73472347597681e-18
8.5,PP,0.978,0.0115432644584667,0.0115432644584667,0,-1.73472347597681e-18
8.5,PP,0.98,0.0115432644584667,0.0115432644584667,0,-1.73472347597681e-18
8.5,PP,0.982,0.0115432644584667,0.0115432644584667,0,-1.73472347597681e-18
8.5,PP,0.984,0.0115432644584667,0.0115432644584667,0,-1.73472347597681e-18
8.5,PP,0.986,0.0115432644584667,0.0115432644584667,0,-1.73472347597681e-18
8.5,PP,0.988,0.0115432644584667,0.0115432644584667,0,-1.73472347597681e-18
8.5,PP,0.99,0.0115432644584667,0.0115432644584667,0,-1.73472347597681e-18
8.5,PP,0.992,0.0115432644584667,0.0115432644584667,0,-1.73472347597681e-18
8.5,PP,0.994,0.0115432644584667,0.0115432644584667,0,-1.73472347597681e-18
8.5,PP,0.996,0.0115432644584667,0.0115432644584667,0,-1.73472347597681e-18
8.5,PP,0.998,0.0115432644584667,0.0115432644584667,0,-1.73472347597681e-18
8.5,PP,1,0.0115432644584667,0.0115432644584667,0,-1.73472347597681e-18
8.5,PP,1.002,0.0115432644584667,0.0115432644584667,0,-1.73472347597681e-18
8.5,PP,1.004,0.0115432644584667,0.0115432644584667,0,-1.73472347597681e-18
8.5,PP,1.006,0.0115432644584667,0.0115432644584667,0,-1.73472347597681e-18
8.5,PP,1.008,0.0115432644584667,0.0115432644584667,0,-1.73472347597681e-18
8.5,PP,1.01,0.0115432644584667,0.0115432644584667,0,-1.73472347597681e-18
8.5,PP,1.012,0.0115432644584667,0.0115432644584667,0,-1.73472347597681e-18
8.5,PP,1.014,0.0115432644584667,0.0115432644584667,0,-1.73472347597681e-18
8.5,PP,1.016,0.0115432644584667,0.0115432644584667,0,-1.73472347597681e-18
8.5,PP,1.018,0.0115432644584667,0.0115432644584667,0,-1.73472347597681e-18
8.5,PP,1.02,0.0115432644584667,0.0115432644584667,0,-1.73472347597681e-18
8.5,PP,1.022,0.0115432644584667,0.0115432644584667,0,-1.73472347597681e-18
8.5,PP,1.024,0.0115432644584667,0.0115432644584667,0,-1.73472347597681e-18
8.5,PP,1.026,0.0115432644584667,0.0115432644584667,0,-1.73472347597681e-18
8.5,PP,1.028,0.0115432644584667,0.0115432644584667,0,-1.73472347597681e-18
8.5,PP,1.03,0.0115432644584667,0.0115432644584667,0,-1.73472347597681e-18
8.5,PP,1.032,0.0115432644584667,0.0115432644584667,0,-1.73472347597681e-18
8.5,PP,1.034,0.0115432644584667,0.0115432644584667,0,-1.73472347597681e-18
8.5,PP,1.036,0.0115432644584667,0.0115432644584667,0,-1.73472347597681e-18
8.5,PP,1.038,0.0115432644584667,0.0115432644584667,0,-1.73472347597681e-18
8.5,PP,1.04,0.0115432644584667,0.0115432644584667,0,-1.73472347597681e-18
8.5,PP,1.042,0.0115432644584667,0.0115432644584667,0,-1.73472347597681e-18
8.5,PP,1.044,0.0115432644584667,0.0115432644584667,0,-1.73472347597681e-18
8.5,PP,1.046,0.0115432644584667,0.0115432644584667,0,-1.73472347597681e-18
8.5,PP,1.048,0.0115432644584667,0.0115432644584667,0,-1.73472347597681e-18
8.5,PP,1.05,0.0115432644584667,0.0115432644584667,0,-1.73472347597681e-18
8.5,PP,1.052,0.0115432644584667,0.0115432644584667,0,-1.73472347597681e-18
8.5,PP,1.054,0.0115432644584667,0.0115432644584667,0,-1.73472347597681e-18
8.5,PP,1.056,0.0115432644584667,0.0115432644584667,0,-1.73472347597681e-18
8.5,PP,1.058,0.0115432644584667,0.0115432644584667,0,-1.73472347597681e-18
8.5,PP,1.06,0.0115432644584667,0.0115432644584667,0,-1.73472347597681e-18
8.5,PP,1.062,0.0115432644584667,0.0115432644584667,0,-1.73472347597681e-18
8.5,PP,1.064,0.0115432644584667,0.0115432644584667,0,-1.73472347597681e-18
8.5,PP,1.066,0.0115432644584667,0.0115432644584667,0,-1.73472347597681e-18
8.5,PP,1.068,0.0115432644584667,0.0115432644584667,0,-1.73472347597681e-18
8.5,PP,1.07,0.0115432644584667,0.0115432644584667,0,-1.73472347597681e-18
8.5,PP,1.072,0.0115432644584667,0.0115432644584667,0,-1.73472347597681e-18
8.5,PP,1.074,0.0115432644584667,0.0115432644584667,0,-1.73472347597681e-18
8.5,PP,1.076,0.0115432644584667,0.0115432644584667,0,-1.73472347597681e-18
8.5,PP,1.078,0.0115432644584667,0.0115432644584667,0,-1.73472347597681e-18
8.5,PP,1.08,0.0115432644584667,0.0115432644584667,0,-1.73472347597681e-18
8.5,PP,1.082,0.0115432644584667,0.0115432644584667,0,-1.73472347597681e-18
8.5,PP,1.084,0.0115432644584667,0.0115432644584667,0,-1.73472347597681e-18
8.5,PP,1.086,0.0115432644584667,0.0115432644584667,0,-1.73472347597681e-18
8.5,PP,1.088,0.0115432644584667,0.0115432644584667,0,-1.73472347597681e-18
8.5,PP,1.09,0.0115432644584667,0.0115432644584667,0,-1.73472347597681e-18
8.5,PP,1.092,0.0115432644584667,0.0115432644584667,0,-1.73472347597681e-18
8.5,PP,1.094,0.0115432644584667,0.0115432644584667,0,-1.73472347597681e-18
8.5,PP,1.096,0.0115432644584667,0.0115432644584667,0,-1.73472347597681e-18
8.5,PP,1.098,0.0115432644584667,0.0115432644584667,0,-1.73472347597681e-18
8.5,PP,1.1,0.0115432644584667,0.0115432644584667,0,-1.73472347597681e-18
8.5,CF,0,0.0115432644584667,0.0115432644584667,0,1.73472347597681e-18
8.5,CF,0.002,0.0115432644584667,0.0115432644584667,0,1.73472347597681e-18
8.5,CF,0.004,0.0115432644584667,0.0115432644584667,0,1.73472347597681e-18
8.5,CF,0.006,0.0115432644584667,0.0115432644584667,0,1.73472347597681e-18
8.5,CF,0.008,0.0115432644584667,0.0115432644584667,0,1.73472347597681e-18
8.5,CF,0.01,0.0115432644584667,0.0115432644584667,0,1.73472347597681e-18
8.5,CF,0.012,0.0115432644584667,0.0115432644584667,0,1.73472347597681e-18
8.5,CF,0.014,0.0115432644584667,0.0115432644584667,0,1.73472347597681e-18
8.5,CF,0.016,0.0115432644584667,0.0115432644584667,0,1.73472347597681e-18
8.5,CF,0.018,0.0115432644584667,0.0115432644584667,0,1.73472347597681e-18
8.5,CF,0.02,0.0115432644584667,0.0115432644584667,0,1.73472347597681e-18
8.5,CF,0.022,0.0115432644584667,0.0115432644584667,0,1.73472347597681e-18
8.5,CF,0.024,0.0115432644584667,0.0115432644584667,0,1.73472347597681e-18
8.5,CF,0.026,0.0115432644584667,0.0115432644584667,0,1.73472347597681e-18
8.5,CF,0.028,0.0115432644584667,0.0115432644584667,0,1.73472347597681e-18
8.5,CF,0.03,0.0115432644584667,0.0115432644584667,0,1.73472347597681e-18
8.5,CF,0.032,0.0115432644584667,0.0115432644584667,0,1.73472347597681e-18
8.5,CF,0.034,0.0115432644584667,0.0115432644584667,0,1.73472347597681e-18
8.5,CF,0.036,0.0115432644584667,0.0115432644584667,0,1.73472347597681e-18
8.5,CF,0.038,0.0115432644584667,0.0115432644584667,0,1.73472347597681e-18
8.5,CF,0.04,0.0115432644584667,0.0115432644584667,0,1.73472347597681e-18
8.5,CF,0.042,0.0115432644584667,0.0115432644584667,0,1.73472347597681e-18
8.5,CF,0.044,0.0115432644584667,0.0115432644584667,0,1.73472347597681e-18
8.5,CF,0.046,0.0115432644584667,0.0115432644584667,0,1.73472347597681e-18
8.5,CF,0.048,0.0115432644584667,0.0115432644584667,0,1.73472347597681e-18
8.5,CF,0.05,0.0115432644584667,0.0115432644584667,0,1.73472347597681e-18
8.5,CF,0.052,0.0115432644584667,0.0115432644584667,0,1.73472347597681e-18
8.5,CF,0.054,0.0115432644584667,0.0115432644584667,0,1.73472347597681e-18
8.5,CF,0.056,0.0115432644584667,0.0115432644584667,0,1.73472347597681e-18
8.5,CF,0.058,0.0115432644584667,0.0115432644584667,0,1.73472347597681e-18
8.5,CF,0.06,0.0115432644584667,0.0115432644584667,0,1.73472347597681e-18
8.5,CF,0.062,0.0115432644584667,0.0115432644584667,0,1.73472347597681e-18
8.5,CF,0.064,0.0115432644584667,0.0115432644584667,0,1.73472347597681e-18
8.5,CF,0.066,0.0115432644584667,0.0115432644584667,0,1.73472347597681e-18
8.5,CF,0.068,0.0115432644584667,0.0115432644584667,0,1.73472347597681e-18
8.5,CF,0.07,0.0115432644584667,0.0115432644584667,0,1.73472347597681e-18
8.5,CF,0.072,0.0115432644584667,0.0115432644584667,0,1.73472347597681e-18
8.5,CF,0.074,0.0115432644584667,0.0115432644584667,0,1.73472347597681e-18
8.5,CF,0.076,0.0115432644584667,0.0115432644584667,0,1.73472347597681e-18
8.5,CF,0.078,0.0115432644584667,0.0115432644584667,0,1.73472347597681e-18
8.5,CF,0.08,0.0115432644584667,0.0115432644584667,0,1.73472347597681e-18
8.5,CF,0.082,0.0115432644584667,0.0115432644584667,0,1.73472347597681e-18
8.5,CF,0.084,0.0115432644584667,0.0115432644584667,0,1.73472347597681e-18
8.5,CF,0.086,0.0115432644584667,0.0115432644584667,0,1.73472347597681e-18
8.5,CF,0.088,0.0115432644584667,0.0115432644584667,0,1.73472347597681e-18
8.5,CF,0.09,0.0115432644584667,0.0115432644584667,0,1.73472347597681e-18
8.5,CF,0.092,0.0115432644584667,0.0115432644584667,0,1.73472347597681e-18
8.5,CF,0.094,0.0115432644584667,0.0115432644584667,0,1.73472347597681e-18
8.5,CF,0.096,0.0115432644584667,0.0115432644584667,0,1.73472347597681e-18
8.5,CF,0.098,0.0115432644584667,0.0115432644584667,0,1.73472347597681e-18
8.5,CF,0.1,0.0115432644584667,0.0115432644584667,0,1.73472347597681e-18
8.5,CF,0.102,0.0115432644584667,0.0115432644584667,0,1.73472347597681e-18
8.5,CF,0.104,0.0115432644584667,0.0115432644584667,0,1.73472347597681e-18
8.5,CF,0.106,0.0115432644584667,0.0115432644584667,0,1.73472347597681e-18
8.5,CF,0.108,0.0115432644584667,0.0115432644584667,0,1.73472347597681e-18
8.5,CF,0.11,0.0115432644584667,0.0115432644584667,0,1.73472347597681e-18
8.5,CF,0.112,0.0115432644584667,0.0115432644584667,0,1.73472347597681e-18
8.5,CF,0.114,0.0115432644584667,0.0115432644584667,0,1.73472347597681e-18
8.5,CF,0.116,0.0115432644584667,0.0115432644584667,0,1.73472347597681e-18
8.5,CF,0.118,0.0115432644584667,0.0115432644584667,0,1.73472347597681e-18
8.5,CF,0.12,0.0115432644584667,0.0115432644584667,0,1.73472347597681e-18
8.5,CF,0.122,0.0115432644584667,0.0115432644584667,0,1.73472347597681e-18
8.5,CF,0.124,0.0115432644584667,0.0115432644584667,0,1.73472347597681e-18
8.5,CF,0.126,0.0115432644584667,0.0115432644584667,0,1.73472347597681e-18
8.5,CF,0.128,0.0115432644584667,0.0115432644584667,0,1.73472347597681e-18
8.5,CF,0.13,0.0115432644584667,0.0115432644584667,0,1.73472347597681e-18
8.5,CF,0.132,0.0115432644584667,0.0115432644584667,0,1.73472347597681e-18
8.5,CF,0.134,0.0115432644584667,0.0115432644584667,0,1.73472347597681e-18
8.5,CF,0.136,0.0115432644584667,0.0115432644584667,0,1.73472347597681e-18
8.5,CF,0.138,0.0115432644584667,0.0115432644584667,0,1.73472347597681e-18
8.5,CF,0.14,0.0115432644584667,0.0115432644584667,0,1.73472347597681e-18
8.5,CF,0.142,0.0115432644584667,0.0115432644584667,0,1.73472347597681e-18
8.5,CF,0.144,0.0115432644584667,0.0115432644584667,0,1.73472347597681e-18
8.5,CF,0.146,0.0115432644584667,0.0115432644584667,0,1.73472347597681e-18
8.5,CF,0.148,0.0115432644584667,0.0115432644584667,0,1.73472347597681e-18
8.5,CF,0.15,0.0115432644584667,0.0115432644584667,0,1.73472347597681e-18
8.5,CF,0.152,0.0115432644584667,0.0115432644584667,0,1.73472347597681e-18
8.5,CF,0.154,0.0115432644584667,0.0115432644584667,0,1.73472347597681e-18
8.5,CF,0.156,0.0115432644584667,0.0115432644584667,0,1.73472347597681e-18
8.5,CF,0.158,0.0115432644584667,0.0115432644584667,0,1.73472347597681e-18
8.5,CF,0.16,0.0115432644584667,0.0115432644584667,0,1.73472347597681e-18
8.5,CF,0.162,0.0115432644584667,0.0115432644584667,0,1.73472347597681e-18
8.5,CF,0.164,0.0115432644584667,0.0115432644584667,0,1.73472347597681e-18
8.5,CF,0.166,0.0115432644584667,0.0115432644584667,0,1.73472347597681e-18
8.5,CF,0.168,0.0115432644584667,0.0115432644584667,0,1.73472347597681e-18
8.5,CF,0.17,0.0115432644584667,0.0115432644584667,0,1.73472347597681e-18
8.5,CF,0.172,0.0115432644584667,0.0115432644584667,0,1.73472347597681e-18
8.5,CF,0.174,0.0115432644584667,0.0115432644584667,0,1.73472347597681e-18
8.5,CF,0.176,0.0115432644584667,0.0115432644584667,0,1.73472347597681e-18
8.5,CF,0.178,0.0115432644584667,0.0115432644584667,0,1.73472347597681e-18
8.5,CF,0.18,0.0115432644584667,0.0115432644584667,0,1.73472347597681e-18
8.5,CF,0.182,0.0115432644584667,0.0115432644584667,0,1.73472347597681e-18
8.5,CF,0.184,0.0115432644584667,0.0115432644584667,0,1.73472347597681e-18
8.5,CF,0.186,0.0115432644584667,0.0115432644584667,0,1.73472347597681e-18
8.5,CF,0.188,0.0115432644584667,0.0115432644584667,0,1.73472347597681e-18
8.5,CF,0.19,0.0115432644584667,0.0115432644584667,0,1.73472347597681e-18
8.5,CF,0.192,0.0115432644584667,0.0115432644584667,0,1.73472347597681e-18
8.5,CF,0.194,0.0115432644584667,0.0115432644584667,0,1.73472347597681e-18
8.5,CF,0.196,0.0115432644584667,0.0115432644584667,0,1.73472347597681e-18
8.5,CF,0.198,0.0115432644584667,0.0115432644584667,0,1.73472347597681e-18
8.5,CF,0.2,0.0119584630092928,0.0119487786033016,0.000123108002890832,0.000113423596899552
8.5,CF,0.202,0.0119509689487155,0.011942030438972,0.000115613942313497,0.00010667543256998
8.5,CF,0.204,0.0119439283395763,0.0119356812815547,0.000108573333174293,0.000100326275152683
8.5,CF,0.206,0.0119373148119503,0.0119297088876705,0.000101959805548326,9.43538812684386e-05
8.5,CF,0.208,0.0119311007535677,0.0119240888624125,9.57457471656414e-05,8.87338560105234e-05
8.5,CF,0.21,0.0119252645475439,0.0119188026574568,8.99095411418995e-05,8.34476510547626e-05
8.5,CF,0.212,0.0119197842081261,0.0119138315902756,8.44292017241049e-05,7.84765838736136e-05
8.5,CF,0.214,0.0119146368291705,0.0119091558564649,7.92818227684598e-05,7.38008500628523e-05
8.5,CF,0.216,0.0119098013429543,0.0119047570876941,7.44463365522693e-05,6.94020812920561e-05
8.5,CF,0.218,0.0119052595250972,0.0119006194923191,6.99045186951849e-05,6.52644859170937e-05
8.5,CF,0.22,0.011900995013122,0.0118967279033506,6.56400067199549e-05,6.13728969486235e-05
8.5,CF,0.222,0.0118969872611062,0.0118930659089944,6.16322547041647e-05,5.7710902592413e-05
8.5,CF,0.224,0.0118932236923875,0.0118896215192451,5.7868685985495e-05,5.42665128431194e-05
8.5,CF,0.226,0.011889689238401,0.0118863819583283,5.43342319989874e-05,5.10269519262731e-05
8.5,CF,0.228,0.0118863703142266,0.0118833355287187,5.10153078246128e-05,4.79805223167137e-05
8.5,CF,0.23,0.0118832537999861,0.0118804706566829,4.78987935841179e-05,4.51156502809316e-05
8.5,CF,0.232,0.0118803270992428,0.0118777764286801,4.49720928408105e-05,4.24214222780397e-05
8.5,CF,0.234,0.0118775789805393,0.011875242831718,4.22239741373325e-05,3.98878253159429e-05
8.5,CF,0.236,0.011874998261284,0.0118728601962352,3.96432548819426e-05,3.75051898332118e-05
8.5,CF,0.238,0.0118725748697262,0.011870619407731,3.72198633242001e-05,3.52644013289632e-05
8.5,CF,0.24,0.011870299498281,0.0118685123455687,3.49444918789684e-05,3.31573391666729e-05
8.5,CF,0.242,0.0118681630867117,0.0118665310844073,3.28080803097004e-05,3.11760780052871e-05
8.5,CF,0.244,0.0118661574603129,0.0118646681521889,3.08024539108862e-05,2.93131457868891e-05
8.5,CF,0.246,0.0118642744571284,0.0118629166988527,2.89194507263595e-05,2.75616924506408e-05
8.5,CF,0.248,0.0118625062361234,0.0118612697786246,2.71512297213682e-05,2.59147722226141e-05
8.5,CF,0.25,0.0118608460067726,0.0118597210572274,2.54910003705793e-05,2.43660508254286e-05
8.5,CF,0.252,0.0118592871948533,0.0118582647923864,2.39321884513196e-05,2.29097859843382e-05
8.5,CF,0.254,0.0118578236692768,0.011856895511429,2.24686628747511e-05,2.15405050269825e-05
8.5,CF,0.256,0.0118564496302657,0.0118556080551352,2.1094623863677e-05,2.0253048733182e-05
8.5,CF,0.258,0.0118551596003948,0.0118543975435466,1.98045939927959e-05,1.9042537144548e-05
8.5,CF,0.26,0.0118539484282063,0.0118532593677522,1.85934218043023e-05,1.79043613502267e-05
8.5,CF,0.262,0.0118528112699255,0.0118521891977684,1.74562635235232e-05,1.68341913663675e-05
8.5,CF,0.264,0.0118517436308097,0.0118511829321389,1.63886244076514e-05,1.58279257369172e-05
8.5,CF,0.266,0.0118507414510426,0.0118502367820284,1.5386444640603e-05,1.48817756263422e-05
8.5,CF,0.268,0.0118498005510035,0.0118493471957952,1.44455446014959e-05,1.39921893932207e-05
8.5,CF,0.27,0.011848917188599,0.0118485107773377,1.35621821970282e-05,1.31557709356564e-05
8.5,CF,0.272,0.0118480876377904,0.0118477243627319,1.27326313884273e-05,1.23693563298423e-05
8.5,CF,0.274,0.0118473087034066,0.0118469847245698,1.19536970046279e-05,1.16297181677744e-05
8.5,CF,0.276,0.0118465774228228,0.0118462892513261,1.12224164207485e-05,1.09342449241163e-05
8.5,CF,0.278,0.0118458905664858,0.011845635366034,1.05355600838204e-05,1.02803596320027e-05
8.5,CF,0.28,0.0118452454296574,0.0118450202756444,9.89042325533727e-06,9.66526924243288e-06
8.5,CF,0.282,0.0118446397922416,0.0118444417596479,9.28478583959481e-06,9.08675324584607e-06
8.5,CF,0.284,0.0118440712334364,0.0118438978663826,8.71622703438497e-06,8.54285998063212e-06
8.5,CF,0.286,0.0118435374694091,0.0118433865207891,8.18246300711943e-06,8.03151438705241e-06
8.5,CF,0.288,0.0118430363645852,0.0118429057629991,7.68135818319908e-06,7.55075659709253e-06
8.5,CF,0.29,0.0118425659401875,0.0118424537583755,7.21093378547831e-06,7.09875197348747e-06
8.5,CF,0.292,0.0118421243259673,0.0118420288043832,6.76931956523734e-06,6.67379798122841e-06
8.5,CF,0.294,0.0118417097529436,0.0118416292894968,6.35474654157343e-06,6.27428309478428e-06
8.5,CF,0.296,0.0118413205540302,0.0118412536873213,5.96554762817732e-06,5.89868091925572e-06
8.5,CF,0.298,0.0118409551790479,0.0118409005568136,5.60017264592504e-06,5.54555041154536e-06
8.5,CF,0.3,0.0114236139217819,0.0114332090585014,-0.000119650536684755,-0.000110055399965248
8.5,CF,0.302,0.0114309672170835,0.0114398216005808,-0.000112297241383126,-0.00010344285788585
8.5,CF,0.304,0.0114378573800558,0.0114460257133893,-0.000105407078410825,-9.72387450773795e-05
8.5,CF,0.306,0.0114443202810877,0.0114518540585733,-9.89441773789623e-05,-9.14103998933078e-05
8.5,CF,0.308,0.0114503861105806,0.011457332297559,-9.28783478860856e-05,-8.59321609076955e-05
8.5,CF,0.31,0.0114560770076283,0.011462479694783,-8.71874508383483e-05,-8.0784763683674e-05
8.5,CF,0.312,0.0114614174639629,0.0114673171481813,-8.18469945037988e-05,-7.59473102853198e-05
8.5,CF,0.314,0.0114664291699207,0.011471863632802,-7.68352885459934e-05,-7.14008256646557e-05
8.5,CF,0.316,0.0114711353095715,0.0114761388253651,-7.21291488952024e-05,-6.71256331015464e-05
8.5,CF,0.318,0.0114755545212033,0.0114801592933345,-6.77099372633841e-05,-6.31051651321952e-05
8.5,CF,0.32,0.0114797002752814,0.0114839372804606,-6.35641831852225e-05,-5.93271780060436e-05
8.5,CF,0.322,0.0114835908720837,0.0114874875361385,-5.96735863829488e-05,-5.57769223281084e-05
8.5,CF,0.324,0.0114872433284642,0.0114908249032176,-5.60211300024253e-05,-5.24395552490235e-05
8.5,CF,0.326,0.0114906660829319,0.0114939584119266,-5.25983755347952e-05,-4.93060465400989e-05
8.5,CF,0.328,0.0114938785521512,0.0114969022955283,-4.93859063154418e-05,-4.63621629383185e-05
8.5,CF,0.33,0.0114968940934739,0.0114996699905366,-4.63703649927309e-05,-4.35944679300308e-05
8.5,CF,0.332,0.0114997246267156,0.0115022714235927,-4.35398317510903e-05,-4.09930348739419e-05
8.5,CF,0.334,0.0115023818641636,0.0115047172636748,-4.08825943030988e-05,-3.85471947918301e-05
8.5,CF,0.336,0.0115048766329506,0.0115070167880957,-3.83878255160973e-05,-3.62476703709095e-05
8.5,CF,0.338,0.0115072190362367,0.0115091790028785,-3.60454222299265e-05,-3.40854555881762e-05
8.5,CF,0.34,0.0115094183064831,0.0115112120958129,-3.38461519835721e-05,-3.2052362653778e-05
8.5,CF,0.342,0.0115114832289046,0.0115131237216341,-3.17812295620688e-05,-3.01407368325079e-05
8.5,CF,0.344,0.0115134216790797,0.0115149211361316,-2.98427793869738e-05,-2.83433223350494e-05
8.5,CF,0.346,0.0115152415482302,0.0115166108955016,-2.80229102364166e-05,-2.66535629650563e-05
8.5,CF,0.348,0.011516950324834,0.011518199812081,-2.63141336327051e-05,-2.50646463856984e-05
8.5,CF,0.35,0.0115185547881926,0.0115196938943586,-2.4709670274025e-05,-2.35705641080542e-05
8.5,CF,0.352,0.0115200613608854,0.0115210988363338,-2.32030975812411e-05,-2.21656221328827e-05
8.5,CF,0.354,0.0115214764512649,0.0115224201569475,-2.1788007201741e-05,-2.08443015191438e-05
8.5,CF,0.356,0.0115228051778333,0.0115236628887283,-2.04592806333191e-05,-1.96015697383565e-05
8.5,CF,0.358,0.0115240528332064,0.0115248314764887,-1.92116252603e-05,-1.84329819779231e-05
8.5,CF,0.36,0.0115252243773255,0.0115259303666809,-1.80400811411741e-05,-1.73340917857655e-05
8.5,CF,0.362,0.0115263244497241,0.011526963714459,-1.6940008742531e-05,-1.6300744007618e-05
8.5,CF,0.364,0.0115273572467963,0.0115279353951525,-1.590721167034e-05,-1.53290633141141e-05
8.5,CF,0.366,0.0115283270464047,0.0115288490354047,-1.49374120619952e-05,-1.44154230620006e-05
8.5,CF,0.368,0.0115292377316111,0.0115297082004548,-1.40267268555483e-05,-1.35562580119031e-05
8.5,CF,0.37,0.0115300929091097,0.0115305161686509,-1.31715493569065e-05,-1.27482898157841e-05
8.5,CF,0.372,0.0115308960553769,0.0115312759918578,-1.23684030897721e-05,-1.19884666088758e-05
8.5,CF,0.374,0.011531650163786,0.0115319906521061,-1.16142946806792e-05,-1.12738063605174e-05
8.5,CF,0.376,0.0115323579874878,0.0115326625697624,-1.09064709788755e-05,-1.06018887042533e-05
8.5,CF,0.378,0.0115330226735912,0.0115332942436578,-1.02417848754886e-05,-9.97021480883022e-06
8.5,CF,0.38,0.0115336468594069,0.0115338882833501,-9.61759905975662e-06,-9.37617511656032e-06
8.5,CF,0.382,0.0115342329936808,0.0115344469393404,-9.03146478583097e-06,-8.81751912626579e-06
8.5,CF,0.384,0.0115347833915505,0.0115349723027745,-8.4810669162029e-06,-8.29215569217966e-06
8.5,CF,0.386,0.0115353002441423,0.0115354663525502,-7.96421432436648e-06,-7.79810591649242e-06
8.5,CF,0.388,0.0115357856116589,0.0115359309640561,-7.4788468078027e-06,-7.33349441052293e-06
8.5,CF,0.39,0.0115362414102001,0.0115363679042648,-7.02304826655578e-06,-6.89655420182435e-06
8.5,CF,0.392,0.0115366694207533,0.0115367788248821,-6.59503771333406e-06,-6.48563358457595e-06
8.5,CF,0.394,0.0115370713329098,0.0115371652575882,-6.19312555689283e-06,-6.0992008784639e-06
8.5,CF,0.396,0.0115374487500816,0.011537528655081,-5.81570838506171e-06,-5.73580338562342e-06
8.5,CF,0.398,0.0115378031784559,0.0115378703990226,-5.46128001077673e-06,-5.39405944405442e-06
8.5,CF,0.4,0.0115381360215755,0.0115381917900834,-5.12843689117262e-06,-5.07266838325506e-06
8.5,CF,0.402,0.0115384485793808,0.0115384940490309,-4.81587908585795e-06,-4.77040943578332e-06
8.5,CF,0.404,0.0115387420826723,0.011538778303414,-4.52237579435036e-06,-4.48615505268569e-06
8.5,CF,0.406,0.0115390177123067,0.0115390456176607,-4.24674615991452e-06,-4.21884080598241e-06
8.5,CF,0.408,0.0115392765912558,0.0115392970019783,-3.98786721087993e-06,-3.96745648832166e-06
8.5,CF,0.41,0.0115395197089398,0.0115395334123533,-3.74474952689885e-06,-3.73104611339249e-06
8.5,CF,0.412,0.0115397480157518,0.0115397557505842,-3.51644271486332e-06,-3.50870788248282e-06
8.5,CF,0.414,0.0115399624032793,0.0115399648540469,-3.30205518736526e-06,-3.29960441973649e-06
8.5,CF,0.416,0.0115401636434328,0.0115401614998715,-3.10081503385531e-06,-3.10295859519243e-06
8.5,CF,0.418,0.0115403526204668,0.0115403463754819,-2.91183799989644e-06,-2.91808298476769e-06
8.5,CF,0.42,0.0115405300909594,0.0115405202165343,-2.7343675072164e-06,-2.74424193239149e-06
8.5,CF,0.422,0.0115406967612225,0.0115406837055852,-2.56769724414629e-06,-2.58075288150396e-06
8.5,CF,0.424,0.0115408532782464,0.0115408374675011,-2.41118022026657e-06,-2.42699096553341e-06
8.5,CF,0.426,0.0115410002536249,0.0115409820796039,-2.26420484178771e-06,-2.28237886271306e-06
8.5,CF,0.428,0.0115411382647065,0.0115411180771639,-2.12619376019352e-06,-2.14638130278423e-06
8.5,CF,0.43,0.0115412678480479,0.0115412459694809,-1.99661041875784e-06,-2.01848898570729e-06
8.5,CF,0.432,0.0115413895413432,0.0115413662285553,-1.87491712349414e-06,-1.89822991133494e-06
8.5,CF,0.434,0.0115415038323054,0.0115414793193126,-1.7606261612825e-06,-1.78513915402058e-06
8.5,CF,0.436,0.0115416111640433,0.0115415856818161,-1.65329442338921e-06,-1.67877665056305e-06
8.5,CF,0.438,0.0115417119512273,0.0115416857195493,-1.5525072393531e-06,-1.57873891734085e-06
8.5,CF,0.44,0.011541806592377,0.0115417798003792,-1.45786608966511e-06,-1.48465808743302e-06
8.5,CF,0.442,0.0115418954641384,0.0115418682733481,-1.36899432821511e-06,-1.39618511857571e-06
8.5,CF,0.444,0.0115419789228647,0.0115419514725273,-1.28553560199696e-06,-1.31298593936645e-06
8.5,CF,0.446,0.0115420573049038,0.0115420297141608,-1.20715356285647e-06,-1.23474430589222e-06
8.5,CF,0.448,0.0115421309207541,0.0115421032978761,-1.1335377125242e-06,-1.1611605905907e-06
8.5,CF,0.45,0.0115422000524471,0.0115421725067333,-1.06440601953597e-06,-1.09195173333097e-06
8.5,CF,0.452,0.0115422649682284,0.0115422376014793,-9.99490238257766e-07,-1.02685698733125e-06
8.5,CF,0.454,0.0115423259239909,0.011542298820043,-9.38534475736913e-07,-9.65638423630275e-07
8.5,CF,0.456,0.0115423831626093,0.0115423563892347,-8.81295857318998e-07,-9.08069231990785e-07
8.5,CF,0.458,0.0115424367982965,0.0115424105255906,-8.2766017014263e-07,-8.53932876047556e-07
8.5,CF,0.46,0.0115424871746759,0.0115424614128991,-7.77283790782957e-07,-8.03045567506974e-07
8.5,CF,0.462,0.0115425344923652,0.011542509190834,-7.29966101474522e-07,-7.55267632638126e-07
8.5,CF,0.464,0.0115425789312446,0.0115425541299168,-6.85527222068355e-07,-7.10328549822017e-07
8.5,CF,0.466,0.0115426206621175,0.0115425964019819,-6.43796349144438e-07,-6.6805648480002e-07
8.5,CF,0.468,0.0115426598480913,0.0115426361606517,-6.04610375307124e-07,-6.28297814912401e-07
8.5,CF,0.47,0.0115426966445774,0.0115426735513013,-5.67813889237184e-07,-5.90907165318524e-07
8.5,CF,0.472,0.0115427311992909,0.0115427087129637,-5.3325917570915e-07,-5.55745502938201e-07
8.5,CF,0.474,0.0115427636522511,0.0115427417783301,-5.00806215528865e-07,-5.22680136583534e-07
8.5,CF,0.476,0.0115427941356682,0.0115427728737498,-4.7032279849174e-07,-4.91584716834012e-07
8.5,CF,0.478,0.0115428227690582,0.0115428021192305,-4.41689408499368e-07,-4.62339236119783e-07
8.5,CF,0.48,0.0115428496601084,0.0115428296284521,-4.14798358275986e-07,-4.34830014517731e-07
8.5,CF,0.482,0.0115428749117149,0.0115428555065636,-3.89546751744518e-07,-4.0895190309663e-07
8.5,CF,0.484,0.0115428986223364,0.011542879846705,-3.65836130215846e-07,-3.8461176162137e-07
8.5,CF,0.486,0.0115429208859942,0.0115429027370657,-3.43572472413095e-07,-3.61721400983159e-07
8.5,CF,0.488,0.0115429417922721,0.0115429242621857,-3.22666194520205e-07,-3.40196280918317e-07
8.5,CF,0.49,0.0115429614263165,0.0115429445029566,-3.03032150109073e-07,-3.1995551002563e-07
8.5,CF,0.492,0.0115429798688396,0.0115429635366209,-2.84589627069093e-07,-3.00921845780219e-07
8.5,CF,0.494,0.0115429971945199,0.0115429814367722,-2.67263946761992e-07,-2.83021694484978e-07
8.5,CF,0.496,0.0115430134681481,0.0115429982733553,-2.50990318553107e-07,-2.66185111336484e-07
8.5,CF,0.498,0.0115430287505672,0.0115430141125498,-2.35707899424314e-07,-2.50345916901276e-07
8.5,CF,0.5,0.0115430431002195,0.0115430290134232,-2.21358247138453e-07,-2.35445043477236e-07
8.5,CF,0.502,0.0115430565731466,0.0115430430285771,-2.07885320051976e-07,-2.21429889509309e-07
8.5,CF,0.504,0.0115430692229894,0.0115430562084443,-1.95235477260663e-07,-2.08250022384546e-07
8.5,CF,0.506,0.0115430811009882,0.0115430686014886,-1.83357478481666e-07,-1.95856978088896e-07
8.5,CF,0.508,0.0115430922559825,0.0115430802542054,-1.72202484178402e-07,-1.84204261286999e-07
8.5,CF,0.51,0.0115431027344112,0.0115430912111214,-1.61724055459944e-07,-1.73247345259739e-07
8.5,CF,0.512,0.0115431125795817,0.0115431015147947,-1.51878884933898e-07,-1.62943671966689e-07
8.5,CF,0.514,0.0115431218283255,0.0115431112058147,-1.42630141145711e-07,-1.53252651983668e-07
8.5,CF,0.516,0.0115431305144771,0.0115431203228019,-1.33943989566454e-07,-1.44135664745595e-07
8.5,CF,0.518,0.0115431386706336,0.011543128901093,-1.25787833100965e-07,-1.35557373688935e-07
8.5,CF,0.52,0.0115431463281566,0.0115431369707672,-1.18130310033937e-07,-1.27487699447607e-07
8.5,CF,0.522,0.0115431535171728,0.0115431445602501,-1.10941293905015e-07,-1.19898216589462e-07
8.5,CF,0.524,0.0115431602665731,0.0115431516969245,-1.04191893540023e-07,-1.12761542167897e-07
8.5,CF,0.526,0.0115431666040135,0.011543158407131,-9.78544531099468e-08,-1.06051335645521e-07
8.5,CF,0.528,0.0115431725559146,0.0115431647161677,-9.19025520719485e-08,-9.97422989080371e-08
8.5,CF,0.53,0.0115431781474615,0.0115431706482904,-8.631100517284e-08,-9.38101762885252e-08
8.5,CF,0.532,0.0115431834017325,0.0115431762267121,-8.10567341753832e-08,-8.82317545535666e-08
8.5,CF,0.534,0.0115431883377132,0.0115431814736038,-7.61207534366592e-08,-8.29848628928348e-08
8.5,CF,0.536,0.0115431929734443,0.0115431864100934,-7.14850223425267e-08,-7.80483732417542e-08
8.5,CF,0.538,0.0115431973263224,0.0115431910551622,-6.71321442984041e-08,-7.34033044885035e-08
8.5,CF,0.54,0.0115432014130847,0.0115431954248207,-6.30453819948362e-08,-6.90336459750057e-08
8.5,CF,0.542,0.0115432052498093,0.0115431995344608,-5.92086573693307e-08,-6.4924005822517e-08
8.5,CF,0.544,0.0115432088519151,0.0115432033989101,-5.56065516028881e-08,-6.10595565515154e-08
8.5,CF,0.546,0.0115432122341615,0.0115432070324315,-5.22243051269411e-08,-5.74260351372119e-08
8.5,CF,0.548,0.011543215410649,0.0115432104487236,-4.904781765111e-08,-5.40097430650616e-08
8.5,CF,0.55,0.0115432183948186,0.0115432136609204,-4.60636480938137e-08,-5.07975462232108e-08
8.5,CF,0.552,0.0115432211989868,0.0115432166815917,-4.32594798975561e-08,-4.77768749545388e-08
8.5,CF,0.554,0.0115432238332861,0.0115432195227426,-4.06251805841473e-08,-4.4935724074005e-08
8.5,CF,0.556,0.0115432263073446,0.0115432221958136,-3.815112209829e-08,-4.2262653014366e-08
8.5,CF,0.558,0.0115432286304466,0.0115432247110829,-3.58280200264682e-08,-3.97473837090295e-08
8.5,CF,0.56,0.0115432308115248,0.01154322707722,-3.36469418542318e-08,-3.73812466068074e-08
8.5,CF,0.562,0.0115432328591598,0.0115432293025595,-3.15993068898679e-08,-3.51559071316149e-08
8.5,CF,0.564,0.0115432347815804,0.0115432313951302,-2.96768862401153e-08,-3.30633364072769e-08
8.5,CF,0.566,0.0115432365866638,0.0115432333626555,-2.78718028726144e-08,-3.10958111291587e-08
8.5,CF,0.568,0.0115432382819351,0.0115432352125529,-2.61765315916207e-08,-2.924591372723e-08
8.5,CF,0.57,0.0115432398745676,0.0115432369519345,-2.45838990380054e-08,-2.7506532199531e-08
8.5,CF,0.572,0.0115432413711347,0.0115432385876064,-2.30873319351232e-08,-2.58708602197261e-08
8.5,CF,0.574,0.011543242777044,0.0115432401260696,-2.1681422702341e-08,-2.43323971058779e-08
8.5,CF,0.576,0.0115432440974338,0.0115432415735188,-2.03610328666781e-08,-2.28849478863674e-08
8.5,CF,0.578,0.0115432453372592,0.0115432429355196,-1.91212074611424e-08,-2.15229470999084e-08
8.5,CF,0.58,0.0115432465012874,0.0115432442167664,-1.79571792574551e-08,-2.02417002412997e-08
8.5,CF,0.582,0.0115432475940978,0.0115432454217724,-1.68643688111536e-08,-1.90366942331294e-08
8.5,CF,0.584,0.0115432486200822,0.0115432465548852,-1.58383844130194e-08,-1.79035814940748e-08
8.5,CF,0.586,0.0115432495834445,0.0115432476202867,-1.48750221758143e-08,-1.683817995278e-08
8.5,CF,0.588,0.0115432504882007,0.0115432486219936,-1.3970265933666e-08,-1.58364730235699e-08
8.5,CF,0.59,0.0115432513381793,0.011543249563857,-1.31202873322744e-08,-1.48946096307362e-08
8.5,CF,0.592,0.0115432521368884,0.0115432504495625,-1.23215782715791e-08,-1.40089041981289e-08
8.5,CF,0.594,0.0115432528872139,0.01154325128263,-1.15712527302969e-08,-1.31758366803819e-08
8.5,CF,0.596,0.0115432535918983,0.0115432520664141,-1.08665683777598e-08,-1.23920525386262e-08
8.5,CF,0.598,0.0115432542535859,0.0115432528039285,-1.02048807529287e-08,-1.16545381279726e-08
8.5,CF,0.6,0.011543254874821,0.0115432534977153,-9.58364563402592e-09,-1.0960751405456e-08
8.5,CF,0.602,0.0115432554580477,0.0115432541502181,-9.0004189864934e-09,-1.03082485550937e-08
8.5,CF,0.604,0.0115432560056096,0.0115432547637912,-8.45285702891219e-09,-9.69467542528968e-09
8.5,CF,0.606,0.0115432565197505,0.0115432553406992,-7.93871611157182e-09,-9.11776743862946e-09
8.5,CF,0.608,0.0115432570026138,0.011543255883117,-7.45585288300377e-09,-8.57534966126894e-09
8.5,CF,0.61,0.0115432574562425,0.0115432563931299,-7.00222413385632e-09,-8.06533672660648e-09
8.5,CF,0.612,0.011543257882509,0.0115432568727337,-6.57595764647079e-09,-7.58573297406084e-09
8.5,CF,0.614,0.0115432582829535,0.0115432573238344,-6.17551316681175e-09,-7.13463228947664e-09
8.5,CF,0.616,0.0115432586590395,0.0115432577482484,-5.79942711909087e-09,-6.71021822308548e-09
8.5,CF,0.618,0.0115432590121785,0.0115432581476077,-5.44628816004367e-09,-6.31085890663574e-09
8.5,CF,0.62,0.0115432593437282,0.0115432585232888,-5.11473849038047e-09,-5.93517783704922e-09
8.5,CF,0.622,0.0115432596549929,0.0115432588766149,-4.80347370906964e-09,-5.58185171868619e-09
8.5,CF,0.624,0.0115432599472237,0.0115432592088609,-4.51124295905436e-09,-5.24960579346978e-09
8.5,CF,0.626,0.0115432602216178,0.0115432595212529,-4.23684884051645e-09,-4.93721379231371e-09
8.5,CF,0.628,0.0115432604793192,0.0115432598149686,-3.97914743169303e-09,-4.64349801145014e-09
8.5,CF,0.63,0.0115432607214183,0.0115432600911374,-3.73704831663213e-09,-4.36732926038796e-09
8.5,CF,0.632,0.0115432609489144,0.0115432603508398,-3.50955226685601e-09,-4.10762684456556e-09
8.5,CF,0.634,0.0115432611626294,0.011543260595108,-3.29583728017613e-09,-3.86335869718979e-09
8.5,CF,0.636,0.0115432613633444,0.0115432608249255,-3.09512225571407e-09,-3.63354117106918e-09
8.5,CF,0.638,0.0115432615518127,0.011543261041176,-2.90665395918932e-09,-3.41729062582063e-09
8.5,CF,0.64,0.0115432617287589,0.011543261244605,-2.72970774109482e-09,-3.21386169586935e-09
8.5,CF,0.642,0.0115432618948792,0.0115432614359288,-2.56358746383856e-09,-3.02253783286688e-09
8.5,CF,0.644,0.0115432620508411,0.0115432616158379,-2.40762551909079e-09,-2.84262875217822e-09
8.5,CF,0.646,0.0115432621972837,0.0115432617849962,-2.26118290758137e-09,-2.67347044675958e-09
8.5,CF,0.648,0.0115432623348176,0.0115432619440415,-2.12364909338292e-09,-2.51442520103617e-09
8.5,CF,0.65,0.0115432624640245,0.0115432620935851,-1.99444213921929e-09,-2.36488154579939e-09
8.5,CF,0.652,0.0115432625854379,0.0115432622342123,-1.87302875293005e-09,-2.22425433800411e-09
8.5,CF,0.654,0.0115432626994964,0.011543262366482,-1.75897024723426e-09,-2.09198466709359e-09
8.5,CF,0.656,0.0115432628066169,0.0115432624909268,-1.65184974726396e-09,-1.96753990010234e-09
8.5,CF,0.658,0.0115432629072014,0.0115432626080251,-1.55126525860916e-09,-1.85044158294845e-09
8.5,CF,0.66,0.0115432630016366,0.0115432627181806,-1.45683003160979e-09,-1.74028609058186e-09
8.5,CF,0.662,0.0115432630902941,0.0115432628217812,-1.36817256135568e-09,-1.63668540699435e-09
8.5,CF,0.664,0.0115432631735301,0.0115432629192009,-1.28493652870598e-09,-1.5392657756047e-09
8.5,CF,0.666,0.0115432632516858,0.011543263010799,-1.20678090090309e-09,-1.44766761252246e-09
8.5,CF,0.668,0.0115432633250868,0.011543263096921,-1.1333798725921e-09,-1.36154560716195e-09
8.5,CF,0.67,0.0115432633940438,0.011543263177898,-1.06442282765684e-09,-1.28056865285331e-09
8.5,CF,0.672,0.0115432634588415,0.0115432632540468,-9.99625167363849e-10,-1.20441989194531e-09
8.5,CF,0.674,0.0115432635197139,0.01154326332567,-9.38752773432805e-10,-1.13279668111088e-09
8.5,CF,0.676,0.0115432635768835,0.011543263393056,-8.81583157169574e-10,-1.0654106191027e-09
8.5,CF,0.678,0.0115432636305649,0.011543263456464,-8.27901764505201e-10,-1.00200262150019e-09
8.5,CF,0.68,0.0115432636809645,0.0115432635161126,-7.77502204979408e-10,-9.4235410273702e-10
8.5,CF,0.682,0.0115432637282805,0.0115432635722117,-7.30186192759996e-10,-8.86254987800261e-10
8.5,CF,0.684,0.0115432637727031,0.0115432636249638,-6.85763577867871e-10,-8.3350286221584e-10
8.5,CF,0.686,0.0115432638144143,0.0115432636745636,-6.44052360054825e-10,-7.83903020620813e-10
8.5,CF,0.688,0.011543263853588,0.0115432637211982,-6.048786263535e-10,-7.37268487580045e-10
8.5,CF,0.69,0.01154326389039,0.0115432637650467,-5.68076630874659e-10,-6.93419965544506e-10
8.5,CF,0.692,0.0115432639249722,0.0115432638062808,-5.33494477761298e-10,-6.52185893831869e-10
8.5,CF,0.694,0.0115432639574594,0.0115432638450643,-5.01007221820338e-10,-6.13402382707018e-10
8.5,CF,0.696,0.0115432639879705,0.0115432638815534,-4.70496114290953e-10,-5.76913234198728e-10
8.5,CF,0.698,0.01154326401662,0.0115432639158885,-4.41846646076494e-10,-5.42578199383414e-10
8.5,CF,0.7,0.011543264043518,0.0115432639481878,-4.14948665705683e-10,-5.10278897261629e-10
8.5,CF,0.702,0.0115432640687703,0.0115432639785651,-3.89696372393722e-10,-4.79901578545605e-10
8.5,CF,0.704,0.0115432640924784,0.01154326400713,-3.65988274408924e-10,-4.51336629528343e-10
8.5,CF,0.706,0.0115432641147394,0.011543264033988,-3.43727216828293e-10,-4.2447862759476e-10
8.5,CF,0.708,0.0115432641356462,0.0115432640592403,-3.22820416231995e-10,-3.99226313466117e-10
8.5,CF,0.71,0.0115432641552873,0.011543264082984,-3.03179394783859e-10,-3.75482618955592e-10
8.5,CF,0.712,0.0115432641737436,0.011543264105312,-2.8472308191696e-10,-3.53154614926576e-10
8.5,CF,0.714,0.0115432641910818,0.0115432641263131,-2.6738481914701e-10,-3.32153577212169e-10
8.5,CF,0.716,0.0115432642073655,0.0115432641460717,-2.51101198861514e-10,-3.12394944981809e-10
8.5,CF,0.718,0.0115432642226555,0.0115432641646639,-2.35811134507991e-10,-2.93802733877802e-10
8.5,CF,0.72,0.0115432642370108,0.0115432641821538,-2.21455836307838e-10,-2.76312863214945e-10
8.5,CF,0.722,0.0115432642504878,0.0115432641986029,-2.07978825134125e-10,-2.59863719084819e-10
8.5,CF,0.724,0.0115432642631407,0.0115432642140707,-1.95325942919933e-10,-2.44395984352885e-10
8.5,CF,0.726,0.0115432642750213,0.0115432642286141,-1.83445338780563e-10,-2.29852541513975e-10
8.5,CF,0.728,0.0115432642861792,0.0115432642422881,-1.72287489830225e-10,-2.16178566367353e-10
8.5,CF,0.73,0.0115432642966615,0.0115432642551451,-1.61805194243136e-10,-2.03321507200038e-10
8.5,CF,0.732,0.0115432643065115,0.0115432642672356,-1.51955153321337e-10,-1.91231032745098e-10
8.5,CF,0.734,0.0115432643157648,0.0115432642786076,-1.42701812172463e-10,-1.79859098101143e-10
8.5,CF,0.736,0.0115432643244553,0.0115432642893067,-1.34011329810946e-10,-1.6915992391564e-10
8.5,CF,0.738,0.0115432643326155,0.0115432642993743,-1.25851114252118e-10,-1.59092352139401e-10
8.5,CF,0.74,0.0115432643402769,0.011543264308845,-1.18189777409405e-10,-1.49621705650138e-10
8.5,CF,0.742,0.0115432643474695,0.0115432643177521,-1.10997166319349e-10,-1.40714591020941e-10
8.5,CF,0.744,0.0115432643542223,0.0115432643261278,-1.04244387427732e-10,-1.32338905459162e-10
8.5,CF,0.746,0.0115432643605629,0.0115432643340029,-9.79037788340076e-11,-1.24463722314672e-10
8.5,CF,0.748,0.0115432643665178,0.0115432643414073,-9.19488964135073e-11,-1.17059356999349e-10
8.5,CF,0.75,0.0115432643721121,0.0115432643483693,-8.63545519813602e-11,-1.10097332292614e-10
8.5,CF,0.752,0.011543264377369,0.0115432643549162,-8.10976320819723e-11,-1.03550409566444e-10
8.5,CF,0.754,0.0115432643823075,0.0115432643610741,-7.61591796571981e-11,-9.73925853159363e-11
8.5,CF,0.756,0.0115432643869455,0.0115432643668676,-7.15211188884179e-11,-9.15990495259367e-11
8.5,CF,0.758,0.0115432643913006,0.0115432643723191,-6.71660643769556e-11,-8.61475179386728e-11
8.5,CF,0.76,0.0115432643953894,0.0115432643774474,-6.30772309384575e-11,-8.10192173766877e-11
8.5,CF,0.762,0.0115432643992281,0.0115432643822706,-5.92385793196648e-11,-7.61960685519147e-11
8.5,CF,0.764,0.011543264402832,0.011543264386806,-5.56346704816413e-11,-7.16606930045716e-11
8.5,CF,0.766,0.0115432644062159,0.0115432643910703,-5.22507107025838e-11,-6.73963437142211e-11
8.5,CF,0.768,0.011543264409394,0.0115432643950797,-4.90726174973144e-11,-6.33869120386654e-11
8.5,CF,0.77,0.0115432644123797,0.0115432643988496,-4.60869502283412e-11,-5.96170248584604e-11
8.5,CF,0.772,0.0115432644151853,0.0115432644023947,-4.32813680728561e-11,-5.60719162073786e-11
8.5,CF,0.774,0.0115432644178209,0.0115432644057292,-4.06457437152064e-11,-5.27374827835603e-11
8.5,CF,0.776,0.0115432644202962,0.0115432644088663,-3.81704251539716e-11,-4.96003186439831e-11
8.5,CF,0.778,0.0115432644226205,0.0115432644118183,-3.58461489657902e-11,-4.66483397049133e-11
8.5,CF,0.78,0.0115432644248027,0.0115432644145953,-3.36639813247608e-11,-4.38714047729105e-11
8.5,CF,0.782,0.0115432644268513,0.011543264417207,-3.16153110635486e-11,-4.12596987825475e-11
8.5,CF,0.784,0.0115432644287747,0.0115432644196628,-2.96919260012185e-11,-3.88038230020316e-11
8.5,CF,0.786,0.0115432644305807,0.011543264421972,-2.78859192681669e-11,-3.64946909497954e-11
8.5,CF,0.788,0.0115432644322769,0.011543264424143,-2.61897933895305e-11,-3.43236186001183e-11
8.5,CF,0.79,0.0115432644338703,0.0115432644261844,-2.45963492628842e-11,-3.22822515247401e-11
8.5,CF,0.792,0.0115432644353676,0.0115432644281041,-2.30990331029357e-11,-3.03625891789894e-11
8.5,CF,0.794,0.0115432644367742,0.0115432644299096,-2.16924152252052e-11,-2.85570195962537e-11
8.5,CF,0.796,0.0115432644380953,0.0115432644316084,-2.03713469704159e-11,-2.68582638768278e-11
8.5,CF,0.798,0.0115432644393358,0.0115432644332069,-1.91308982544491e-11,-2.52597890521011e-11
8.5,CF,0.8,0.0115432644405004,0.0115432644347106,-1.79662777710643e-11,-2.37560960486549e-11
8.5,CF,0.802,0.0115432644415937,0.0115432644361248,-1.68729162586256e-11,-2.23418696737587e-11
8.5,CF,0.804,0.0115432644426202,0.0115432644374546,-1.58464075195042e-11,-2.1012027187628e-11
8.5,CF,0.806,0.0115432644435841,0.011543264438705,-1.4882553522888e-11,-1.97616489144847e-11
8.5,CF,0.808,0.0115432644444893,0.0115432644398806,-1.39773609353355e-11,-1.85860302842622e-11
8.5,CF,0.81,0.0115432644453397,0.011543264440986,-1.31269405068135e-11,-1.74806367297942e-11
8.5,CF,0.812,0.0115432644461388,0.0115432644420255,-1.2327826259817e-11,-1.64411487896254e-11
8.5,CF,0.814,0.0115432644468895,0.0115432644430032,-1.1577124675588e-11,-1.54634482302241e-11
8.5,CF,0.816,0.0115432644475946,0.0115432644439231,-1.08720775437998e-11,-1.45435729431709e-11
8.5,CF,0.818,0.0115432644482566,0.0115432644447886,-1.02100584931097e-11,-1.36780153175975e-11
8.5,CF,0.82,0.0115432644488781,0.0115432644456029,-9.58851401056116e-12,-1.28637812207844e-11
8.5,CF,0.822,0.0115432644494617,0.0115432644463687,-9.00498772771208e-12,-1.20979875423144e-11
8.5,CF,0.824,0.0115432644500095,0.0115432644470888,-8.45715164565775e-12,-1.13778864802017e-11
8.5,CF,0.826,0.0115432644505239,0.0115432644477658,-7.94274715443244e-12,-1.07008065602932e-11
8.5,CF,0.828,0.011543264451007,0.0115432644484024,-7.45964054416071e-12,-1.00642185557609e-11
8.5,CF,0.83,0.0115432644514609,0.011543264449001,-7.00577790224699e-12,-9.46566262871595e-12
8.5,CF,0.832,0.0115432644518874,0.0115432644495639,-6.57929613567809e-12,-8.9027864941249e-12
8.5,CF,0.834,0.011543264452288,0.0115432644500933,-6.17865481000734e-12,-8.37336276704459e-12
8.5,CF,0.836,0.0115432644526643,0.0115432644505914,-5.80237247138626e-12,-7.87525773759956e-12
8.5,CF,0.838,0.0115432644530176,0.0115432644510601,-5.44905787158712e-12,-7.40655627107234e-12
8.5,CF,0.84,0.0115432644533493,0.011543264451501,-5.11734057906388e-12,-6.96565895241807e-12
8.5,CF,0.842,0.0115432644536607,0.0115432644519157,-4.80591261231567e-12,-6.55098024437972e-12
8.5,CF,0.844,0.0115432644539531,0.0115432644523056,-4.51353190933368e-12,-6.1610456320027e-12
8.5,CF,0.846,0.0115432644542277,0.0115432644526722,-4.23899804147254e-12,-5.79442223369586e-12
8.5,CF,0.848,0.0115432644544855,0.011543264453017,-3.98116609123811e-12,-5.44969798454975e-12
8.5,CF,0.85,0.0115432644547277,0.0115432644533411,-3.73894665228747e-12,-5.12558918919215e-12
8.5,CF,0.852,0.0115432644549553,0.0115432644536459,-3.5113370544515e-12,-4.82079827446302e-12
8.5,CF,0.854,0.0115432644551691,0.0115432644539325,-3.2975150388026e-12,-4.53412828116395e-12
8.5,CF,0.856,0.01154326445537,0.0115432644542022,-3.09669304088267e-12,-4.26441000567213e-12
8.5,CF,0.858,0.0115432644555585,0.0115432644544561,-2.90812859904399e-12,-4.01060608334891e-12
8.5,CF,0.86,0.0115432644557356,0.0115432644546948,-2.73109312942665e-12,-3.77185956079717e-12
8.5,CF,0.862,0.0115432644559018,0.0115432644549193,-2.56489621208722e-12,-3.54732042351369e-12
8.5,CF,0.864,0.0115432644560578,0.0115432644551305,-2.40885436597615e-12,-3.33616641257084e-12
8.5,CF,0.866,0.0115432644562043,0.011543264455329,-2.26233962119515e-12,-3.13763771908615e-12
8.5,CF,0.868,0.0115432644563419,0.0115432644555157,-2.12473441618677e-12,-2.95097106473019e-12
8.5,CF,0.87,0.0115432644564712,0.0115432644556912,-1.99546629220393e-12,-2.77548296845342e-12
8.5,CF,0.872,0.0115432644565927,0.0115432644558562,-1.87398360718127e-12,-2.61042749916118e-12
8.5,CF,0.874,0.0115432644567068,0.0115432644560115,-1.75986655803761e-12,-2.45519750363687e-12
8.5,CF,0.876,0.011543264456814,0.0115432644561575,-1.65268146390396e-12,-2.30914766474744e-12
8.5,CF,0.878,0.0115432644569146,0.0115432644562949,-1.5520605634034e-12,-2.17171593208665e-12
8.5,CF,0.88,0.0115432644570091,0.0115432644564242,-1.4575736451139e-12,-2.042433930316e-12
8.5,CF,0.882,0.0115432644570978,0.0115432644565458,-1.36887376434025e-12,-1.92085063133174e-12
8.5,CF,0.884,0.0115432644571811,0.0115432644566601,-1.2855896902586e-12,-1.80651153758316e-12
8.5,CF,0.886,0.0115432644572593,0.0115432644567676,-1.20739876430243e-12,-1.69901072377687e-12
8.5,CF,0.888,0.0115432644573327,0.0115432644568687,-1.13395404177652e-12,-1.59793879517256e-12
8.5,CF,0.89,0.0115432644574017,0.0115432644569637,-1.06497102803083e-12,-1.50291064315855e-12
8.5,CF,0.892,0.0115432644574665,0.0115432644570531,-1.00013053394576e-12,-1.41353422022927e-12
8.5,CF,0.894,0.0115432644575274,0.0115432644571372,-9.39234801045075e-13,-1.32947645947734e-12
8.5,CF,0.896,0.0115432644575846,0.0115432644572163,-8.82034029148215e-13,-1.25039041620756e-12
8.5,CF,0.898,0.0115432644576383,0.0115432644572907,-8.28333929225877e-13,-1.1759673096412e-12
8.5,CF,0.9,0.0115432644576888,0.0115432644573607,-7.7790204833228e-13,-1.10596427849163e-12
8.5,CF,0.902,0.0115432644577361,0.0115432644574265,-7.30561444672873e-13,-1.04012111423746e-12
8.5,CF,0.904,0.0115432644577805,0.0115432644574885,-6.86114359771395e-13,-9.78205363932894e-13
8.5,CF,0.906,0.0115432644578223,0.0115432644575467,-6.44390790727201e-13,-9.19998452419968e-13
8.5,CF,0.908,0.0115432644578615,0.0115432644576014,-6.05179101276221e-13,-8.65274865646803e-13
8.5,CF,0.91,0.0115432644578983,0.0115432644576528,-5.68361330222089e-13,-8.13809089561524e-13
8.5,CF,0.912,0.0115432644579329,0.0115432644577012,-5.3376747466416e-13,-7.65417243475675e-13
8.5,CF,0.914,0.0115432644579654,0.0115432644577467,-5.0126916506521e-13,-7.19908507806899e-13
8.5,CF,0.916,0.0115432644579959,0.0115432644577896,-4.70738031888018e-13,-6.77064307397224e-13
8.5,CF,0.918,0.0115432644580246,0.0115432644578299,-4.42073461170978e-13,-6.36790967178946e-13
8.5,CF,0.92,0.0115432644580515,0.0115432644578678,-4.15164430611625e-13,-5.98876850887997e-13
8.5,CF,0.922,0.0115432644580768,0.0115432644579034,-3.89903387354451e-13,-5.63217875115818e-13
8.5,CF,0.924,0.0115432644581005,0.011543264457937,-3.66189717437848e-13,-5.29699548112994e-13
8.5,CF,0.926,0.0115432644581227,0.0115432644579685,-3.43908929112402e-13,-4.98179622554495e-13
8.5,CF,0.928,0.0115432644581437,0.0115432644579981,-3.22991633439074e-13,-4.68536667797004e-13
8.5,CF,0.93,0.0115432644581633,0.011543264458026,-3.03330277562353e-13,-4.40677008772816e-13
8.5,CF,0.932,0.0115432644581818,0.0115432644580522,-2.84872819777959e-13,-4.14475745391663e-13
8.5,CF,0.934,0.0115432644581991,0.0115432644580768,-2.67525585018191e-13,-3.8982185535108e-13
8.5,CF,0.936,0.0115432644582154,0.0115432644581,-2.51233062131817e-13,-3.66625133030318e-13
8.5,CF,0.938,0.0115432644582307,0.0115432644581218,-2.3592933162675e-13,-3.44816189490338e-13
8.5,CF,0.94,0.0115432644582451,0.0115432644581424,-2.21572760139566e-13,-3.24284002428676e-13
8.5,CF,0.942,0.0115432644582586,0.0115432644581617,-2.08080080943418e-13,-3.04979999588006e-13
8.5,CF,0.944,0.0115432644582712,0.0115432644581798,-1.95427007909643e-13,-2.86827853135385e-13
8.5,CF,0.946,0.0115432644582831,0.0115432644581969,-1.83537213205298e-13,-2.69758174131773e-13
8.5,CF,0.948,0.0115432644582943,0.0115432644582129,-1.72372532913911e-13,-2.53708512532036e-13
8.5,CF,0.95,0.0115432644583048,0.011543264458228,-1.6189133367206e-13,-2.38612948844086e-13
8.5,CF,0.952,0.0115432644583146,0.0115432644582422,-1.52041573775463e-13,-2.24426380257547e-13
8.5,CF,0.954,0.0115432644583239,0.0115432644582556,-1.42778150413747e-13,-2.11082887280334e-13
8.5,CF,0.956,0.0115432644583326,0.0115432644582681,-1.34080246905199e-13,-1.9852001986731e-13
8.5,CF,0.958,0.0115432644583407,0.0115432644582799,-1.25916638227253e-13,-1.86713491889812e-13
8.5,CF,0.96,0.0115432644583484,0.0115432644582911,-1.18259568804291e-13,-1.75590444961848e-13
8.5,CF,0.962,0.0115432644583556,0.0115432644583015,-1.11056996932035e-13,-1.6513353184866e-13
8.5,CF,0.964,0.0115432644583623,0.0115432644583113,-1.04308922610485e-13,-1.55321935868535e-13
8.5,CF,0.966,0.0115432644583687,0.0115432644583206,-9.79528957945064e-14,-1.46068920847675e-13
8.5,CF,0.968,0.0115432644583747,0.0115432644583293,-9.19923859310501e-14,-1.37391834020839e-13
8.5,CF,0.97,0.0115432644583802,0.0115432644583375,-8.64100457853567e-14,-1.29203939214229e-13
8.5,CF,0.972,0.0115432644583855,0.0115432644583451,-8.11434253122911e-14,-1.21522583662603e-13
8.5,CF,0.974,0.0115432644583905,0.0115432644583524,-7.61994634057572e-14,-1.1430613400254e-13
8.5,CF,0.976,0.0115432644583951,0.0115432644583592,-7.15642822779472e-14,-1.07502548529759e-13
8.5,CF,0.978,0.0115432644583994,0.0115432644583656,-6.72101263532454e-14,-1.01101418903404e-13
8.5,CF,0.98,0.0115432644584036,0.0115432644583716,-6.31057706090843e-14,-9.50819284417648e-14
8.5,CF,0.982,0.0115432644584074,0.0115432644583772,-5.92616233863197e-14,-8.94163215692245e-14
8.5,CF,0.984,0.011543264458411,0.0115432644583826,-5.56672763440957e-14,-8.41011288388316e-14
8.5,CF,0.986,0.0115432644584144,0.0115432644583876,-5.2284565565941e-14,-7.90912474402106e-14
8.5,CF,0.988,0.0115432644584176,0.0115432644583923,-4.91030827109995e-14,-7.43901468203134e-14
8.5,CF,0.99,0.0115432644584205,0.0115432644583967,-4.61262972262233e-14,-6.99596630626687e-14
8.5,CF,0.992,0.0115432644584234,0.0115432644584009,-4.33021674073331e-14,-6.58032656142282e-14
8.5,CF,0.994,0.011543264458426,0.0115432644584048,-4.06688571708003e-14,-6.18966683463285e-14
8.5,CF,0.996,0.0115432644584285,0.0115432644584085,-3.81951414940573e-14,-5.82051767894498e-14
8.5,CF,0.998,0.0115432644584308,0.0115432644584119,-3.58706120362484e-14,-5.47461381783521e-14
8.5,CF,1,0.011543264458433,0.0115432644584152,-3.36917993504215e-14,-5.14883274904676e-14
8.5,CF,1.002,0.011543264458435,0.0115432644584182,-3.16309478609611e-14,-4.84143974910367e-14
8.5,CF,1.004,0.0115432644584369,0.0115432644584211,-2.97158131434827e-14,-4.55416954148191e-14
8.5,CF,1.006,0.0115432644584388,0.0115432644584238,-2.79047618345629e-14,-4.28285878983914e-14
8.5,CF,1.008,0.0115432644584404,0.0115432644584264,-2.62082022750576e-14,-4.02750749417535e-14
8.5,CF,1.01,0.011543264458442,0.0115432644584288,-2.46122566771589e-14,-3.78811565449055e-14
8.5,CF,1.012,0.0115432644584435,0.011543264458431,-2.3109986146963e-14,-3.56260160261357e-14
8.5,CF,1.014,0.0115432644584449,0.0115432644584331,-2.17083295783738e-14,-3.3509653385444e-14
8.5,CF,1.016,0.0115432644584463,0.0115432644584351,-2.03830008427275e-14,-3.15112519411187e-14
8.5,CF,1.018,0.0115432644584475,0.011543264458437,-1.91409388339281e-14,-2.96446894809677e-14
8.5,CF,1.02,0.0115432644584487,0.0115432644584388,-1.79786741050236e-14,-2.78752715354713e-14
8.5,CF,1.022,0.0115432644584498,0.0115432644584404,-1.68857983151582e-14,-2.62168758924375e-14
8.5,CF,1.024,0.0115432644584508,0.011543264458442,-1.58519031234761e-14,-2.46382775292986e-14
8.5,CF,1.026,0.0115432644584518,0.0115432644584435,-1.48943357647369e-14,-2.318457925643e-14
8.5,CF,1.028,0.0115432644584527,0.0115432644584449,-1.39992184511328e-14,-2.18037393695525e-14
8.5,CF,1.03,0.0115432644584535,0.0115432644584461,-1.31457345009522e-14,-2.05131051034257e-14
8.5,CF,1.032,0.0115432644584543,0.0115432644584474,-1.23338839141951e-14,-1.92883903293861e-14
8.5,CF,1.034,0.0115432644584551,0.0115432644584485,-1.1591422266477e-14,-1.81504117291453e-14
8.5,CF,1.036,0.0115432644584558,0.0115432644584496,-1.08836550882785e-14,-1.70644748331839e-14
8.5,CF,1.038,0.0115432644584564,0.0115432644584506,-1.02175212735034e-14,-1.60444574293095e-14
8.5,CF,1.04,0.0115432644584571,0.0115432644584516,-9.6034291630076e-15,-1.50938289644742e-14
8.5,CF,1.042,0.0115432644584576,0.0115432644584525,-9.01709262812744e-15,-1.41917727569663e-14
8.5,CF,1.044,0.0115432644584582,0.0115432644584533,-8.46198111581487e-15,-1.33486971476415e-14
8.5,CF,1.046,0.0115432644584587,0.0115432644584541,-7.95544186082964e-15,-1.25576632425961e-14
8.5,CF,1.048,0.0115432644584592,0.0115432644584549,-7.46624984060418e-15,-1.18047932540222e-14
8.5,CF,1.05,0.0115432644584596,0.0115432644584555,-7.02216063075412e-15,-1.11074344166795e-14
8.5,CF,1.052,0.0115432644584601,0.0115432644584562,-6.58501031480796e-15,-1.04447700488564e-14
8.5,CF,1.054,0.0115432644584605,0.0115432644584568,-6.18949336228525e-15,-9.82720849140861e-15
8.5,CF,1.056,0.0115432644584608,0.0115432644584574,-5.80785419757035e-15,-9.24087195652845e-15
8.5,CF,1.058,0.0115432644584612,0.011543264458458,-5.46090950237499e-15,-8.69269933811978e-15
8.5,CF,1.06,0.0115432644584615,0.0115432644584585,-5.11743425413158e-15,-8.16881284837478e-15
8.5,CF,1.062,0.0115432644584618,0.011543264458459,-4.80865347540771e-15,-7.68655972205323e-15
8.5,CF,1.064,0.0115432644584621,0.0115432644584594,-4.52068937839556e-15,-7.22859272439536e-15
8.5,CF,1.066,0.0115432644584624,0.0115432644584599,-4.24313362223927e-15,-6.79491185540115e-15
8.5,CF,1.068,0.0115432644584627,0.0115432644584603,-3.9863945477947e-15,-6.39245600897453e-15
8.5,CF,1.07,0.0115432644584629,0.0115432644584606,-3.7470027081099e-15,-6.01081684425964e-15
8.5,CF,1.072,0.0115432644584631,0.011543264458461,-3.51454976232901e-15,-5.64999436125646e-15
8.5,CF,1.074,0.0115432644584633,0.0115432644584613,-3.30638294521179e-15,-5.31692745386891e-15
8.5,CF,1.076,0.0115432644584636,0.0115432644584617,-3.09821612809458e-15,-5.00467722819309e-15
8.5,CF,1.078,0.0115432644584637,0.0115432644584619,-2.91780488659299e-15,-4.70630479032508e-15
8.5,CF,1.08,0.0115432644584639,0.0115432644584622,-2.73045475118749e-15,-4.42874903416879e-15
8.5,CF,1.082,0.0115432644584641,0.0115432644584625,-2.57779908530154e-15,-4.15813217191641e-15
8.5,CF,1.084,0.0115432644584642,0.0115432644584628,-2.41473507855972e-15,-3.90486254442379e-15
8.5,CF,1.086,0.0115432644584644,0.011543264458463,-2.26901830657766e-15,-3.67934849254681e-15
8.5,CF,1.088,0.0115432644584645,0.0115432644584632,-2.13024042849952e-15,-3.45730388762178e-15
8.5,CF,1.09,0.0115432644584647,0.0115432644584634,-2.00187089127724e-15,-3.24566762355261e-15
8.5,CF,1.092,0.0115432644584648,0.0115432644584636,-1.88044024795886e-15,-3.05484804119516e-15
8.5,CF,1.094,0.0115432644584649,0.0115432644584638,-1.76594849854439e-15,-2.87790624664552e-15
8.5,CF,1.096,0.011543264458465,0.0115432644584639,-1.66186508998578e-15,-2.7079033459998e-15
8.5,CF,1.098,0.0115432644584651,0.0115432644584641,-1.55778168142717e-15,-2.54483933925798e-15
8.5,CF,1.1,0.0115432644584652,0.0115432644584643,-1.47104550762833e-15,-2.39218367337202e-15
10,PP,0,0.013089,0.013089,1.73472347597681e-18,0
10,PP,0.002,0.013089,0.013089,1.73472347597681e-18,0
10,PP,0.004,0.013089,0.013089,1.73472347597681e-18,0
10,PP,0.006,0.013089,0.013089,1.73472347597681e-18,0
10,PP,0.008,0.013089,0.013089,1.73472347597681e-18,0
10,PP,0.01,0.013089,0.013089,1.73472347597681e-18,0
10,PP,0.012,0.013089,0.013089,1.73472347597681e-18,0
10,PP,0.014,0.013089,0.013089,1.73472347597681e-18,0
10,PP,0.016,0.013089,0.013089,1.73472347597681e-18,0
10,PP,0.018,0.013089,0.013089,1.73472347597681e-18,0
10,PP,0.02,0.013089,0.013089,1.73472347597681e-18,0
10,PP,0.022,0.013089,0.013089,1.73472347597681e-18,0
10,PP,0.024,0.013089,0.013089,1.73472347597681e-18,0
10,PP,0.026,0.013089,0.013089,1.73472347597681e-18,0
10,PP,0.028,0.013089,0.013089,1.73472347597681e-18,0
10,PP,0.03,0.013089,0.013089,1.73472347597681e-18,0
10,PP,0.032,0.013089,0.013089,1.73472347597681e-18,0
10,PP,0.034,0.013089,0.013089,1.73472347597681e-18,0
10,PP,0.036,0.013089,0.013089,1.73472347597681e-18,0
10,PP,0.038,0.013089,0.013089,1.73472347597681e-18,0
10,PP,0.04,0.013089,0.013089,1.73472347597681e-18,0
10,PP,0.042,0.013089,0.013089,1.73472347597681e-18,0
10,PP,0.044,0.013089,0.013089,1.73472347597681e-18,0
10,PP,0.046,0.013089,0.013089,1.73472347597681e-18,0
10,PP,0.048,0.013089,0.013089,1.73472347597681e-18,0
10,PP,0.05,0.013089,0.013089,1.73472347597681e-18,0
10,PP,0.052,0.013089,0.013089,1.73472347597681e-18,0
10,PP,0.054,0.013089,0.013089,1.73472347597681e-18,0
10,PP,0.056,0.013089,0.013089,1.73472347597681e-18,0
10,PP,0.058,0.013089,0.013089,1.73472347597681e-18,0
10,PP,0.06,0.013089,0.013089,1.73472347597681e-18,0
10,PP,0.062,0.013089,0.013089,1.73472347597681e-18,0
10,PP,0.064,0.013089,0.013089,1.73472347597681e-18,0
10,PP,0.066,0.013089,0.013089,1.73472347597681e-18,0
10,PP,0.068,0.013089,0.013089,1.73472347597681e-18,0
10,PP,0.07,0.013089,0.013089,1.73472347597681e-18,0
10,PP,0.072,0.013089,0.013089,1.73472347597681e-18,0
10,PP,0.074,0.013089,0.013089,1.73472347597681e-18,0
10,PP,0.076,0.013089,0.013089,1.73472347597681e-18,0
10,PP,0.078,0.013089,0.013089,1.73472347597681e-18,0
10,PP,0.08,0.013089,0.013089,1.73472347597681e-18,0
10,PP,0.082,0.013089,0.013089,1.73472347597681e-18,0
10,PP,0.084,0.013089,0.013089,1.73472347597681e-18,0
10,PP,0.086,0.013089,0.013089,1.73472347597681e-18,0
10,PP,0.088,0.013089,0.013089,1.73472347597681e-18,0
10,PP,0.09,0.013089,0.013089,1.73472347597681e-18,0
10,PP,0.092,0.013089,0.013089,1.73472347597681e-18,0
10,PP,0.094,0.013089,0.013089,1.73472347597681e-18,0
10,PP,0.096,0.013089,0.013089,1.73472347597681e-18,0
10,PP,0.098,0.013089,0.013089,1.73472347597681e-18,0
10,PP,0.1,0.013089,0.013089,1.73472347597681e-18,0
10,PP,0.102,0.013089,0.013089,1.73472347597681e-18,0
10,PP,0.104,0.013089,0.013089,1.73472347597681e-18,0
10,PP,0.106,0.013089,0.013089,1.73472347597681e-18,0
10,PP,0.108,0.013089,0.013089,1.73472347597681e-18,0
10,PP,0.11,0.013089,0.013089,1.73472347597681e-18,0
10,PP,0.112,0.013089,0.013089,1.73472347597681e-18,0
10,PP,0.114,0.013089,0.013089,1.73472347597681e-18,0
10,PP,0.116,0.013089,0.013089,1.73472347597681e-18,0
10,PP,0.118,0.013089,0.013089,1.73472347597681e-18,0
10,PP,0.12,0.013089,0.013089,1.73472347597681e-18,0
10,PP,0.122,0.013089,0.013089,1.73472347597681e-18,0
10,PP,0.124,0.013089,0.013089,1.73472347597681e-18,0
10,PP,0.126,0.013089,0.013089,1.73472347597681e-18,0
10,PP,0.128,0.013089,0.013089,1.73472347597681e-18,0
10,PP,0.13,0.013089,0.013089,1.73472347597681e-18,0
10,PP,0.132,0.013089,0.013089,1.73472347597681e-18,0
10,PP,0.134,0.013089,0.013089,1.73472347597681e-18,0
10,PP,0.136,0.013089,0.013089,1.73472347597681e-18,0
10,PP,0.138,0.013089,0.013089,1.73472347597681e-18,0
10,PP,0.14,0.013089,0.013089,1.73472347597681e-18,0
10,PP,0.142,0.013089,0.013089,1.73472347597681e-18,0
10,PP,0.144,0.013089,0.013089,1.73472347597681e-18,0
10,PP,0.146,0.013089,0.013089,1.73472347597681e-18,0
10,PP,0.148,0.013089,0.013089,1.73472347597681e-18,0
10,PP,0.15,0.013089,0.013089,1.73472347597681e-18,0
10,PP,0.152,0.013089,0.013089,1.73472347597681e-18,0
10,PP,0.154,0.013089,0.013089,1.73472347597681e-18,0
10,PP,0.156,0.013089,0.013089,1.73472347597681e-18,0
10,PP,0.158,0.013089,0.013089,1.73472347597681e-18,0
10,PP,0.16,0.013089,0.013089,1.73472347597681e-18,0
10,PP,0.162,0.013089,0.013089,1.73472347597681e-18,0
10,PP,0.164,0.013089,0.013089,1.73472347597681e-18,0
10,PP,0.166,0.013089,0.013089,1.73472347597681e-18,0
10,PP,0.168,0.013089,0.013089,1.73472347597681e-18,0
10,PP,0.17,0.013089,0.013089,1.73472347597681e-18,0
10,PP,0.172,0.013089,0.013089,1.73472347597681e-18,0
10,PP,0.174,0.013089,0.013089,1.73472347597681e-18,0
10,PP,0.176,0.013089,0.013089,1.73472347597681e-18,0
10,PP,0.178,0.013089,0.013089,1.73472347597681e-18,0
10,PP,0.18,0.013089,0.013089,1.73472347597681e-18,0
10,PP,0.182,0.013089,0.013089,1.73472347597681e-18,0
10,PP,0.184,0.013089,0.013089,1.73472347597681e-18,0
10,PP,0.186,0.013089,0.013089,1.73472347597681e-18,0
10,PP,0.188,0.013089,0.013089,1.73472347597681e-18,0
10,PP,0.19,0.013089,0.013089,1.73472347597681e-18,0
10,PP,0.192,0.013089,0.013089,1.73472347597681e-18,0
10,PP,0.194,0.013089,0.013089,1.73472347597681e-18,0
10,PP,0.196,0.013089,0.013089,1.73472347597681e-18,0
10,PP,0.198,0.013089,0.013089,1.73472347597681e-18,0
10,PP,0.2,0.0134685009830195,0.0134590011430144,0.000106808177317284,9.73083373121998e-05
10,PP,0.202,0.0134581181330317,0.013449766160322,9.64253273295097e-05,8.80733546197721e-05
10,PP,0.204,0.013448742454374,0.013441405761186,8.70496486717939e-05,7.97129554837329e-05
10,PP,0.206,0.0134402748028958,0.0134338360629382,7.85819971935772e-05,7.21432572359411e-05
10,PP,0.208,0.0134326266986133,0.0134269811846025,7.09338929110372e-05,6.52883789003175e-05
10,PP,0.21,0.01342571694916,0.0134207730263622,6.40241434577745e-05,5.90802206599898e-05
10,PP,0.212,0.0134194787857719,0.0134151532932065,5.77859800696325e-05,5.34604875043164e-05
10,PP,0.214,0.0134138472207192,0.0134100671365865,5.21544150169622e-05,4.83743308843133e-05
10,PP,0.216,0.0134087638613135,0.0134054642834113,4.70710556113221e-05,4.37714777091307e-05
10,PP,0.218,0.0134041757995557,0.0134012992312623,4.24829938534873e-05,3.9606425560116e-05
10,PP,0.22,0.0134000339300005,0.0133975296662888,3.83411242982894e-05,3.58368605865404e-05
10,PP,0.222,0.013396295624287,0.0133941185449685,3.46028185848214e-05,3.24257392663035e-05
10,PP,0.224,0.0133929214250166,0.0133910318196559,3.12286193143562e-05,2.93390139536956e-05
10,PP,0.226,0.0133898757495835,0.0133882384733029,2.81829438812404e-05,2.65456676007102e-05
10,PP,0.228,0.0133871260732419,0.0133857104729001,2.54332675397265e-05,2.4017667197878e-05
10,PP,0.23,0.0133846442757598,0.013383422544232,2.29514700575504e-05,2.17297385298118e-05
10,PP,0.232,0.0133824045434627,0.0133813523959201,2.07117377604964e-05,1.96595902179179e-05
10,PP,0.234,0.0133803833256867,0.0133794794260411,1.86905199845207e-05,1.77866203388485e-05
10,PP,0.236,0.0133785592989354,0.0133777848241181,1.6866493233186e-05,1.60920184158753e-05
10,PP,0.238,0.0133769131710818,0.0133762516644325,1.52203653796309e-05,1.45588587303208e-05
10,PP,0.24,0.0133754265424144,0.013374863910648,1.37337367121983e-05,1.31711049457944e-05
10,PP,0.242,0.0133740850466724,0.0133736079667507,1.23922409701344e-05,1.19151610484571e-05
10,PP,0.244,0.0133728746728804,0.0133724717992857,1.11818671782015e-05,1.0778993583465e-05
10,PP,0.246,0.0133717824534159,0.0133714439871567,1.00896477136913e-05,9.75118145444751e-06
10,PP,0.248,0.013370796956485,0.0133705141242207,9.10415078281789e-06,8.82131851844686e-06
10,PP,0.25,0.0133699078787837,0.0133696730576276,8.21507308148249e-06,7.98025192542962e-06
10,PP,0.252,0.0133691055903885,0.0133689122315457,7.41278468625699e-06,7.21942584347782e-06
10,PP,0.254,0.0133683816587438,0.0133682239136954,6.68885304159518e-06,6.53110799321566e-06
10,PP,0.256,0.0133677284458585,0.0133676012386671,6.0356401563235e-06,5.90843296491284e-06
10,PP,0.258,0.0133671389766084,0.0133670379291587,5.44617090616865e-06,5.34512345651966e-06
10,PP,0.26,0.0133666070295552,0.0133665282847026,4.91422385295003e-06,4.83547900035144e-06
10,PP,0.262,0.0133661270062843,0.0133660671913778,4.43420058206419e-06,4.37438567561094e-06
10,PP,0.264,0.0133656938483165,0.0133656500564139,4.00104261427496e-06,3.95725071171069e-06
10,PP,0.266,0.0133653029313129,0.0133652726592712,3.61012561063932e-06,3.5798535690211e-06
10,PP,0.268,0.0133649502230059,0.0133649312105133,3.25741730371719e-06,3.23840481103801e-06
10,PP,0.27,0.0133646319795064,0.0133646223437276,2.93917380421969e-06,2.92953802534524e-06
10,PP,0.272,0.0133643448025066,0.0133643429349651,2.65199680436236e-06,2.65012926283295e-06
10,PP,0.274,0.0133640856833797,0.0133640901520329,2.39287767750916e-06,2.39734633068062e-06
10,PP,0.276,0.0133638518983159,0.0133638614842694,2.15909261372903e-06,2.16867856717151e-06
10,PP,0.278,0.0133636409524007,0.0133636546413746,1.94814669847616e-06,1.96183567236288e-06
10,PP,0.28,0.0133634505938536,0.0133634675225915,1.75778815140158e-06,1.77471688930786e-06
10,PP,0.282,0.0133632788404413,0.0133632982319471,1.58603473913131e-06,1.60542624489182e-06
10,PP,0.284,0.0133631238838581,0.013363145095175,1.43107815591022e-06,1.45228947282319e-06
10,PP,0.286,0.0133629840657978,0.0133630065785172,1.29126009563128e-06,1.3137728150231e-06
10,PP,0.288,0.0133628578884087,0.013362881272668,1.16508270649011e-06,1.18846696578814e-06
10,PP,0.29,0.0133627440420588,0.0133627679008759,1.05123635662889e-06,1.07509517364296e-06
10,PP,0.292,0.0133626413338052,0.0133626653442286,9.48528102935262e-07,9.72538526430172e-07
10,PP,0.294,0.0133625486656462,0.0133625725825539,8.55859943997214e-07,8.79776851658159e-07
10,PP,0.296,0.0133624650410092,0.0133624886745042,7.72235307000893e-07,7.95868801962279e-07
10,PP,0.298,0.0133623895862285,0.0133624127613113,6.96780526261362e-07,7.19955609115863e-07
10,PP,0.3,0.0129821175865249,0.0129915470271701,-0.000106882413475102,-9.74529728299256e-05
10,PP,0.302,0.01299255303669,0.0130008394354449,-9.64469633100169e-05,-8.81605645551391e-05
10,PP,0.304,0.0130019635134404,0.0130092403417921,-8.70364865596367e-05,-7.97596582079348e-05
10,PP,0.306,0.0130104507546298,0.013016836158928,-7.8549245370171e-05,-7.21638410720073e-05
10,PP,0.308,0.013018104855608,0.0130237034773019,-7.08951443919876e-05,-6.52965226980648e-05
10,PP,0.31,0.013025011193317,0.0130299154399194,-6.3988806683039e-05,-5.90845600805627e-05
10,PP,0.312,0.0130312434763194,0.0130355352376214,-5.7756523680624e-05,-5.34647623785939e-05
10,PP,0.314,0.0130368673984003,0.013040618968833,-5.21326015997161e-05,-4.83810311669546e-05
10,PP,0.316,0.0130419443876052,0.0130452198293637,-4.70556123947762e-05,-4.37801706363455e-05
10,PP,0.318,0.0130465263873512,0.0130493826608713,-4.24736126487611e-05,-3.96173391287447e-05
10,PP,0.32,0.0130506603708285,0.0130531484771644,-3.83396291715032e-05,-3.58515228355942e-05
10,PP,0.322,0.0130543906165432,0.0130565547337588,-3.46093834567556e-05,-3.24452662412364e-05
10,PP,0.324,0.0130577573496371,0.0130596366651454,-3.12426503628668e-05,-2.93633348546138e-05
10,PP,0.326,0.0130607964198916,0.013062425691472,-2.82035801083703e-05,-2.6574308527965e-05
10,PP,0.328,0.0130635399786621,0.013064950037537,-2.54600213378513e-05,-2.40499624629929e-05
10,PP,0.33,0.0130660149112163,0.0130672332812582,-2.29850887837318e-05,-2.17667187417982e-05
10,PP,0.332,0.0130682487883254,0.0130692991162306,-2.07512116745922e-05,-1.97008837694128e-05
10,PP,0.334,0.0130702655058573,0.0130711686029883,-1.8734494142655e-05,-1.7831397011718e-05
10,PP,0.336,0.0130720860830838,0.013072860611764,-1.69139169162429e-05,-1.61393882359556e-05
10,PP,0.338,0.0130737296116598,0.0130743919299746,-1.5270388340179e-05,-1.46080700254292e-05
10,PP,0.34,0.0130752133884386,0.013075777880876,-1.3786611561371e-05,-1.32221191240026e-05
10,PP,0.342,0.0130765529361666,0.0130770323108611,-1.24470638334009e-05,-1.19676891388622e-05
10,PP,0.344,0.0130777622590519,0.0130781676609881,-1.12377409481005e-05,-1.08323390118972e-05
10,PP,0.346,0.0130788540772861,0.0130791952692698,-1.01459227138615e-05,-9.80473073021806e-06
10,PP,0.348,0.013079839779128,0.0130801253857208,-9.16022087204919e-06,-8.87461427923411e-06
10,PP,0.35,0.0130807296739392,0.0130809672219819,-8.27032606084098e-06,-8.03277801813412e-06
10,PP,0.352,0.0130815331250677,0.0130817291860388,-7.46687493226837e-06,-7.27081396123888e-06
10,PP,0.354,0.0130822584417534,0.0130824188809415,-6.74155824660107e-06,-6.58111905853589e-06
10,PP,0.356,0.0130829132594825,0.0130830430536646,-6.08674051750559e-06,-5.95694633540034e-06
10,PP,0.358,0.0130835045045732,0.0130836080054475,-5.49549542678239e-06,-5.3919945524894e-06
10,PP,0.36,0.0130840383107125,0.0130841193912085,-4.96168928753975e-06,-4.88060879152291e-06
10,PP,0.362,0.0130845202348176,0.0130845822569385,-4.47976518244513e-06,-4.41774306151124e-06
10,PP,0.364,0.0130849553511509,0.0130850012026647,-4.04464884910631e-06,-3.99879733528966e-06
10,PP,0.366,0.0130853482172663,0.0130853804286556,-3.65178273368551e-06,-3.61957134435709e-06
10,PP,0.368,0.0130857029003058,0.0130857236931198,-3.29709969418106e-06,-3.276306880233e-06
10,PP,0.37,0.0130860231200503,0.0130860343816623,-2.9768799497381e-06,-2.96561833770109e-06
10,PP,0.372,0.0130863122572878,0.0130863156002695,-2.68774271224535e-06,-2.68439973051884e-06
10,PP,0.374,0.0130865733093047,0.013086570169141,-2.42669069525255e-06,-2.42983085899096e-06
10,PP,0.376,0.013086808985306,0.0130868005900027,-2.19101469402759e-06,-2.1994099972597e-06
10,PP,0.378,0.0130870217686559,0.0130870091420034,-1.97823134409462e-06,-1.99085799661158e-06
10,PP,0.38,0.0130872139061387,0.0130871979173497,-1.78609386125746e-06,-1.80208265028112e-06
10,PP,0.382,0.01308738737104,0.0130873688092368,-1.61262895997764e-06,-1.63119076316415e-06
10,PP,0.384,0.0130875439685638,0.0130875234847962,-1.4560314361891e-06,-1.47651520376532e-06
10,PP,0.386,0.0130876853554057,0.0130876634754589,-1.31464459432983e-06,-1.33652454106792e-06
10,PP,0.388,0.0130878130297438,0.0130877901897946,-1.18697025624885e-06,-1.20981020535621e-06
10,PP,0.39,0.0130879283030061,0.0130879049051523,-1.07169699386893e-06,-1.09509484767789e-06
10,PP,0.392,0.0130880323801855,0.013088008742558,-9.67619814469869e-07,-9.91257442010951e-07
10,PP,0.394,0.0130881263522826,0.0130881027302186,-8.73647717445844e-07,-8.9726978135321e-07
10,PP,0.396,0.0130882112104268,0.013088187810426,-7.88789573191381e-07,-8.1218957400514e-07
10,PP,0.398,0.0130882878364224,0.013088264832047,-7.12163577621869e-07,-7.35167952972682e-07
10,PP,0.4,0.0130883570105831,0.0130883345609025,-6.42989416885578e-07,-6.65439097536497e-07
10,PP,0.402,0.0130884194545021,0.0130883976708159,-5.80545497943716e-07,-6.02329184116318e-07
10,PP,0.404,0.0130884758328648,0.0130884547851531,-5.24167135229278e-07,-5.45214846922604e-07
10,PP,0.406,0.0130885267501201,0.0130885064799775,-4.73249879928347e-07,-4.93520022494531e-07
10,PP,0.408,0.0130885727268177,0.0130885532832646,-4.27273182277907e-07,-4.46716735446467e-07
10,PP,0.41,0.0130886142294016,0.0130885956566636,-3.857705983875e-07,-4.04343336393026e-07
10,PP,0.412,0.0130886516898968,0.0130886340063991,-3.48310103223323e-07,-3.65993600936337e-07
10,PP,0.414,0.013088685509659,0.0130886687097922,-3.14490340961801e-07,-3.3129020775638e-07
10,PP,0.416,0.0130887160560951,0.0130887001162737,-2.83943904924935e-07,-2.99883726323502e-07
10,PP,0.418,0.0130887436435581,0.0130887285506444,-2.56356441864433e-07,-2.71449355562781e-07
10,PP,0.42,0.0130887685470087,0.0130887542993835,-2.31452991257194e-07,-2.45700616536421e-07
10,PP,0.422,0.0130887910230413,0.0130887776058952,-2.08976958739407e-07,-2.22394104760354e-07
10,PP,0.424,0.0130888113104648,0.013088798695357,-1.88689535154593e-07,-2.01304642968858e-07
10,PP,0.426,0.0130888296303033,0.0130888177781352,-1.70369696709735e-07,-1.82221864819532e-07
10,PP,0.428,0.0130888461820862,0.0130888350497851,-1.53817913841822e-07,-1.64950214910642e-07
10,PP,0.43,0.0130888611301591,0.0130888506907871,-1.38869840878367e-07,-1.49309212927468e-07
10,PP,0.432,0.0130888746220115,0.0130888648566847,-1.25377988545103e-07,-1.35143315319747e-07
10,PP,0.434,0.0130888867964415,0.0130888776786533,-1.13203558469929e-07,-1.2232134672524e-07
10,PP,0.436,0.0130888977833847,0.0130888892793441,-1.022166152536e-07,-1.10720655890212e-07
10,PP,0.438,0.0130889077039135,0.0130888997740783,-9.22960865044203e-08,-1.00225921697422e-07
10,PP,0.44,0.0130889166692667,0.013088909270786,-8.3330733270312e-08,-9.07292140341076e-08
10,PP,0.442,0.0130889247700625,0.0130889178700062,-7.52299374722626e-08,-8.21299937711628e-08
10,PP,0.444,0.013088932083118,0.0130889256619626,-6.79168820332671e-08,-7.4338037364674e-08
10,PP,0.446,0.0130889386811235,0.0130889327181865,-6.13188764573419e-08,-6.72818135302733e-08
10,PP,0.448,0.0130889446328352,0.013088939103154,-5.53671647644111e-08,-6.0896846031111e-08
10,PP,0.45,0.0130889500030744,0.0130889448780536,-4.99969255839811e-08,-5.51219463823527e-08
10,PP,0.452,0.0130889548527279,0.0130889501007862,-4.51472721065688e-08,-4.98992137783205e-08
10,PP,0.454,0.0130889592380734,0.0130889548259649,-4.07619265962306e-08,-4.51740351445351e-08
10,PP,0.456,0.0130889632029676,0.0130889591049149,-3.67970323777306e-08,-4.08950850613876e-08
10,PP,0.458,0.0130889667831509,0.0130889629844937,-3.32168491098267e-08,-3.7015506288568e-08
10,PP,0.46,0.013088970012823,0.0130889665002054,-2.9987177014093e-08,-3.34997945564131e-08
10,PP,0.462,0.0130889729245999,0.0130889696823807,-2.70754001285151e-08,-3.0317619293535e-08
10,PP,0.464,0.0130889755497215,0.0130889725601432,-2.44502784598616e-08,-2.74398568138323e-08
10,PP,0.466,0.0130889779179724,0.0130889751612999,-2.20820275623895e-08,-2.48387000759132e-08
10,PP,0.468,0.0130889800576815,0.0130889775124971,-1.9942318530905e-08,-2.24875029257443e-08
10,PP,0.47,0.0130889819950651,0.0130889796391602,-1.8004934888502e-08,-2.0360839774608e-08
10,PP,0.472,0.0130889837485392,0.0130889815654944,-1.625146080729e-08,-1.84345055574686e-08
10,PP,0.474,0.0130889853325802,0.0130889833139589,-1.46674198186342e-08,-1.66860410974468e-08
10,PP,0.476,0.0130889867613059,0.0130889849004325,-1.32386941392032e-08,-1.5099567540755e-08
10,PP,0.478,0.0130889880484655,0.0130889863373522,-1.19515344860349e-08,-1.36626478013102e-08
10,PP,0.48,0.01308898920744,0.0130889876368499,-1.0792559996739e-08,-1.23631501043608e-08
10,PP,0.482,0.0130889902512417,0.0130889888107456,-9.74875834051925e-09,-1.11892543563918e-08
10,PP,0.484,0.0130889911925144,0.0130889898705478,-8.8074855793957e-09,-1.01294522041051e-08
10,PP,0.486,0.0130889920435337,0.013088990827453,-7.95646626187974e-09,-9.17254702401116e-09
10,PP,0.488,0.0130889928158302,0.0130889916923462,-7.18416984409054e-09,-8.30765384610133e-09
10,PP,0.49,0.0130889935160424,0.0130889924758005,-6.48395755316333e-09,-7.52419949262562e-09
10,PP,0.492,0.0130889941491791,0.013088993188003,-5.85082092323386e-09,-6.81199699426038e-09
10,PP,0.494,0.0130889947204361,0.0130889938355874,-5.27956393707452e-09,-6.16441255332778e-09
10,PP,0.496,0.0130889952349489,0.0130889944228022,-4.76505108114311e-09,-5.57719784591293e-09
10,PP,0.498,0.0130889956977927,0.0130889949542271,-4.30220726925501e-09,-5.04577293142239e-09
10,PP,0.5,0.0130889961139821,0.0130889954343704,-3.88601794666654e-09,-4.56562957579232e-09
10,PP,0.502,0.013088996488471,0.0130889958676688,-3.51152897558327e-09,-4.13233117516065e-09
10,PP,0.504,0.0130889968261533,0.0130889962584872,-3.17384672536558e-09,-3.74151279403101e-09
10,PP,0.506,0.013088997131862,0.0130889966111189,-2.86813804477315e-09,-3.3888810993532e-09
10,PP,0.508,0.0130889974100904,0.0130889969297855,-2.58990957673066e-09,-3.0702144611372e-09
10,PP,0.51,0.0130889976625185,0.0130889972186371,-2.33748149135182e-09,-2.78136288653363e-09
10,PP,0.512,0.0130889978907657,0.0130889974817037,-2.10923432365784e-09,-2.51829631106593e-09
10,PP,0.514,0.0130889980967051,0.0130889977211062,-1.90329490189212e-09,-2.27889378548451e-09
10,PP,0.516,0.0130889982821882,0.0130889979381909,-1.71781184936382e-09,-2.06180906375808e-09
10,PP,0.518,0.0130889984490444,0.013088998134651,-1.55095560179508e-09,-1.86534900720181e-09
10,PP,0.52,0.0130889985990816,0.013088998312153,-1.40091840038215e-09,-1.68784700105284e-09
10,PP,0.522,0.0130889987340857,0.0130889984723371,-1.265914281387e-09,-1.52766288161188e-09
10,PP,0.524,0.0130889988558209,0.013088998616817,-1.14417906225961e-09,-1.38318301257101e-09
10,PP,0.526,0.0130889989660296,0.0130889987471798,-1.0339703798018e-09,-1.25282020868589e-09
10,PP,0.528,0.0130889990663316,0.0130889988649862,-9.33668370048379e-10,-1.1350137774091e-09
10,PP,0.53,0.0130889991573325,0.0130889989717705,-8.42667482667259e-10,-1.02822954317627e-09
10,PP,0.532,0.0130889992396162,0.0130889990690224,-7.60383847900337e-10,-9.30977645668962e-10
10,PP,0.534,0.0130889993138578,0.013088999157526,-6.86142217695695e-10,-8.42474010692706e-10
10,PP,0.536,0.0130889993807248,0.0130889992377791,-6.19275150257059e-10,-7.62220939143354e-10
10,PP,0.538,0.0130889994408769,0.0130889993104075,-5.59123079432733e-10,-6.89592504626857e-10
10,PP,0.54,0.0130889994949657,0.0130889993760274,-5.05034339001731e-10,-6.23972585406252e-10
10,PP,0.542,0.013088999543635,0.0130889994352452,-4.56365041243134e-10,-5.64754840115533e-10
10,PP,0.544,0.0130889995875208,0.0130889994886573,-4.12479215713968e-10,-5.11342725106889e-10
10,PP,0.546,0.0130889996272513,0.0130889995368505,-3.72748712104687e-10,-4.63149484042358e-10
10,PP,0.548,0.0130889996634104,0.0130889995804018,-3.36589601676596e-10,-4.19598151363276e-10
10,PP,0.55,0.0130889996962164,0.0130889996198784,-3.03783579888584e-10,-3.80121566168068e-10
10,PP,0.552,0.0130889997258799,0.013088999655831,-2.74120148455181e-10,-3.44168950283663e-10
10,PP,0.554,0.0130889997526441,0.0130889996885496,-2.47355863222665e-10,-3.1145043835612e-10
10,PP,0.556,0.0130889997767499,0.013088999718218,-2.23250131922703e-10,-2.8178204214413e-10
10,PP,0.558,0.0130889997984348,0.0130889997450676,-2.01565165600104e-10,-2.54932377291572e-10
10,PP,0.56,0.0130889998179339,0.0130889997693264,-1.82066054940644e-10,-2.30673636442136e-10
10,PP,0.562,0.0130889998354793,0.0130889997912183,-1.64520666187662e-10,-2.08781689853277e-10
10,PP,0.564,0.0130889998513003,0.013088999810964,-1.48699703592103e-10,-1.89036005598942e-10
10,PP,0.566,0.0130889998656232,0.0130889998287803,-1.34376771862565e-10,-1.71219656508459e-10
10,PP,0.568,0.0130889998786586,0.0130889998448806,-1.21341351896898e-10,-1.55119354861011e-10
10,PP,0.57,0.0130889998904853,0.0130889998594746,-1.09514683779843e-10,-1.40525438507844e-10
10,PP,0.572,0.013088999901179,0.0130889998727657,-9.88209600955026e-11,-1.27234278668453e-10
10,PP,0.574,0.0130889999108276,0.0130889998848613,-8.91723691415214e-11,-1.15138718004282e-10
10,PP,0.576,0.0130889999195178,0.0130889998958293,-8.04821747441009e-11,-1.0417074494673e-10
10,PP,0.578,0.0130889999273353,0.0130889999057552,-7.26647162579974e-11,-9.42448064034096e-11
10,PP,0.58,0.0130889999343648,0.0130889999147233,-6.56352316247277e-11,-8.52766988967968e-11
10,PP,0.582,0.0130889999406899,0.0130889999228164,-5.93100724782802e-11,-7.7183565094785e-11
10,PP,0.584,0.0130889999463934,0.0130889999301161,-5.36065965922594e-11,-6.98838764634502e-11
10,PP,0.586,0.0130889999515569,0.0130889999367026,-4.84431366548632e-11,-6.32974297976041e-11
10,PP,0.588,0.0130889999562562,0.0130889999426546,-4.37438297390402e-11,-5.73453819152636e-11
10,PP,0.59,0.0130889999605197,0.0130889999480498,-3.94802992381704e-11,-5.1950228840969e-11
10,PP,0.592,0.0130889999643748,0.0130889999529633,-3.56251816241437e-11,-4.70366696980751e-11
10,PP,0.594,0.0130889999678532,0.0130889999574349,-3.21468494185462e-11,-4.25651146274131e-11
10,PP,0.596,0.013088999970986,0.0130889999614896,-2.90140012709772e-11,-3.85104205469222e-11
10,PP,0.598,0.0130889999738042,0.0130889999651591,-2.61957833896931e-11,-3.48409356920598e-11
10,PP,0.6,0.0130889999763383,0.0130889999684744,-2.36616611720697e-11,-3.15255703486894e-11
10,PP,0.602,0.0130889999786186,0.0130889999714664,-2.13814122657086e-11,-2.85336407279679e-11
10,PP,0.604,0.0130889999806747,0.0130889999741649,-1.93253069796784e-11,-2.5835059785928e-11
10,PP,0.606,0.0130889999825361,0.0130889999765999,-1.74638550148876e-11,-2.34001498733427e-11
10,PP,0.608,0.0130889999842302,0.0130889999788002,-1.5769765701612e-11,-2.11997676358155e-11
10,PP,0.61,0.0130889999857673,0.0130889999807947,-1.42327347824045e-11,-1.92052589109704e-11
10,PP,0.612,0.013088999987157,0.0130889999826112,-1.28429610696257e-11,-1.73887779175708e-11
10,PP,0.614,0.013088999988411,0.0130889999842643,-1.1589005796675e-11,-1.57357113450551e-11
10,PP,0.616,0.0130889999895404,0.0130889999857633,-1.04596106081933e-11,-1.42367402589105e-11
10,PP,0.618,0.0130889999905564,0.0130889999871198,-9.44364551835886e-12,-1.28801934395906e-11
10,PP,0.62,0.0130889999914699,0.0130889999883455,-8.53007074697043e-12,-1.16545453843209e-11
10,PP,0.622,0.013088999992292,0.0130889999894515,-7.7080442723032e-12,-1.05484752876972e-11
10,PP,0.624,0.0130889999930332,0.0130889999904491,-6.96680733935917e-12,-9.55085663334465e-12
10,PP,0.626,0.0130889999937042,0.0130889999913493,-6.29576078770011e-12,-8.65069127442553e-12
10,PP,0.628,0.013088999994315,0.0130889999921628,-5.68503404074772e-12,-7.83724474207048e-12
10,PP,0.63,0.0130889999948691,0.0130889999929001,-5.13093907639206e-12,-7.09989705915959e-12
10,PP,0.632,0.0130889999953701,0.0130889999935716,-4.62991277261349e-12,-6.42838560160897e-12
10,PP,0.634,0.0130889999958221,0.0130889999941827,-4.17786465145564e-12,-5.817266807151e-12
10,PP,0.636,0.0130889999962293,0.0130889999947369,-3.77071464330303e-12,-5.26311633164411e-12
10,PP,0.638,0.0130889999965956,0.0130889999952384,-3.40444859803224e-12,-4.76162859142093e-12
10,PP,0.64,0.0130889999969249,0.0130889999956915,-3.07511134611804e-12,-4.30851881949579e-12
10,PP,0.642,0.0130889999972212,0.0130889999961004,-2.77876853471692e-12,-3.89962714897329e-12
10,PP,0.644,0.0130889999974884,0.0130889999964692,-2.51155173047746e-12,-3.53081452963977e-12
10,PP,0.646,0.0130889999977304,0.013088999996802,-2.26964801119944e-12,-3.19804599469009e-12
10,PP,0.648,0.0130889999979505,0.0130889999971027,-2.04946302984066e-12,-2.89731433289475e-12
10,PP,0.65,0.0130889999981503,0.0130889999973753,-1.84972349936974e-12,-2.62473376366756e-12
10,PP,0.652,0.0130889999983309,0.0130889999976235,-1.66909715215713e-12,-2.37647401757357e-12
10,PP,0.654,0.0130889999984939,0.0130889999978494,-1.50613375937692e-12,-2.15055057095626e-12
10,PP,0.656,0.0130889999986407,0.0130889999980543,-1.35934145883976e-12,-1.94570401457206e-12
10,PP,0.658,0.0130889999987727,0.0130889999982397,-1.22730818563621e-12,-1.76031064724746e-12
10,PP,0.66,0.0130889999988914,0.0130889999984072,-1.10856983315255e-12,-1.59279534006629e-12
10,PP,0.662,0.0130889999989983,0.0130889999985584,-1.00174209205495e-12,-1.44163847526357e-12
10,PP,0.664,0.0130889999990946,0.0130889999986947,-9.05419836327859e-13,-1.3052892100518e-12
10,PP,0.666,0.0130889999991818,0.0130889999988177,-8.18215287190505e-13,-1.18228343781723e-12
10,PP,0.668,0.0130889999992612,0.0130889999989289,-7.38834340929806e-13,-1.07109807134798e-12
10,PP,0.67,0.0130889999993332,0.0130889999990297,-6.66812091654201e-13,-9.70338392969339e-13
10,PP,0.672,0.0130889999993983,0.0130889999991214,-6.01704450153839e-13,-8.78554173855406e-13
10,PP,0.674,0.013088999999457,0.013088999999205,-5.42959774363361e-13,-7.95037646827979e-13
10,PP,0.676,0.0130889999995099,0.0130889999992807,-4.9005417779302e-13,-7.19303089313783e-13
10,PP,0.678,0.0130889999995576,0.0130889999993492,-4.42439487824409e-13,-6.50753756437084e-13
10,PP,0.68,0.0130889999996004,0.0130889999994112,-3.99643859672061e-13,-5.88834536685567e-13
10,PP,0.682,0.0130889999996389,0.013088999999467,-3.61119120717568e-13,-5.32952154630451e-13
10,PP,0.684,0.0130889999996736,0.0130889999995175,-3.2640383451632e-13,-4.82537620971613e-13
10,PP,0.686,0.013088999999705,0.0130889999995629,-2.94953297896861e-13,-4.37084396454068e-13
10,PP,0.688,0.0130889999997337,0.013088999999604,-2.66340768884099e-13,-3.95971450073418e-13
10,PP,0.69,0.0130889999997596,0.0130889999996413,-2.40389305683486e-13,-3.58719998150292e-13
10,PP,0.692,0.0130889999997831,0.0130889999996752,-2.16915027606568e-13,-3.24788806960186e-13
10,PP,0.694,0.0130889999998043,0.0130889999997061,-1.95737523411843e-13,-2.93910729087798e-13
10,PP,0.696,0.0130889999998233,0.0130889999997341,-1.76665973516954e-13,-2.65912292185533e-13
10,PP,0.698,0.0130889999998405,0.0130889999997594,-1.59478333316976e-13,-2.40581859989319e-13
10,PP,0.7,0.0130889999998559,0.0130889999997823,-1.4407051940335e-13,-2.17686979553378e-13
10,PP,0.702,0.0130889999998698,0.013088999999803,-1.30185792701631e-13,-1.97016014613638e-13
10,PP,0.704,0.0130889999998823,0.0130889999998216,-1.17664558652031e-13,-1.78395492822503e-13
10,PP,0.706,0.0130889999998937,0.0130889999998384,-1.06343753247806e-13,-1.6157214455248e-13
10,PP,0.708,0.013088999999904,0.0130889999998536,-9.60221485657442e-14,-1.46382905796827e-13
10,PP,0.71,0.0130889999999133,0.0130889999998674,-8.66685195832773e-14,-1.32609201397571e-13
10,PP,0.712,0.0130889999999218,0.0130889999998799,-7.81926606796546e-14,-1.20070620113211e-13
10,PP,0.714,0.0130889999999294,0.0130889999998913,-7.05598773853566e-14,-1.08656139641283e-13
10,PP,0.716,0.0130889999999363,0.0130889999999017,-6.36799640796326e-14,-9.83033099366537e-14
10,PP,0.718,0.0130889999999425,0.0130889999999111,-5.74904707173474e-14,-8.89392726133309e-14
10,PP,0.72,0.0130889999999481,0.0130889999999195,-5.19428250411735e-14,-8.0477291497516e-14
10,PP,0.722,0.0130889999999531,0.0130889999999272,-4.69329436425525e-14,-7.28375693093142e-14
10,PP,0.724,0.0130889999999576,0.013088999999934,-4.2412254264157e-14,-6.59541865566382e-14
10,PP,0.726,0.0130889999999617,0.0130889999999403,-3.83287152017076e-14,-5.97369376187373e-14
10,PP,0.728,0.0130889999999654,0.0130889999999459,-3.45955902814055e-14,-5.41199030035244e-14
10,PP,0.73,0.0130889999999687,0.013088999999951,-3.12579823136261e-14,-4.90232854311046e-14
10,PP,0.732,0.0130889999999718,0.0130889999999556,-2.81909912080991e-14,-4.43881043032945e-14
10,PP,0.734,0.0130889999999746,0.0130889999999598,-2.54431892221518e-14,-4.0165787362767e-14
10,PP,0.736,0.013088999999977,0.0130889999999637,-2.2959065204553e-14,-3.63459262686661e-14
10,PP,0.738,0.0130889999999793,0.0130889999999671,-2.07247413674949e-14,-3.28834182106164e-14
10,PP,0.74,0.0130889999999813,0.0130889999999702,-1.87263399231696e-14,-2.97574465069061e-14
10,PP,0.742,0.0130889999999831,0.0130889999999731,-1.69222275081538e-14,-2.6929847241064e-14
10,PP,0.744,0.0130889999999847,0.0130889999999756,-1.53054652285434e-14,-2.43763342844261e-14
10,PP,0.746,0.0130889999999862,0.0130889999999779,-1.38274808270111e-14,-2.20934381900406e-14
10,PP,0.748,0.0130889999999875,0.01308899999998,-1.2488274303557e-14,-2.00152394658204e-14
10,PP,0.75,0.0130889999999887,0.0130889999999819,-1.12600900825655e-14,-1.81243908770057e-14
10,PP,0.752,0.0130889999999899,0.0130889999999836,-1.01498670579403e-14,-1.64174229766445e-14
10,PP,0.754,0.0130889999999908,0.0130889999999852,-9.17495246444133e-15,-1.48492329543615e-14
10,PP,0.756,0.0130889999999917,0.0130889999999866,-8.27636570388535e-15,-1.34336985979644e-14
10,PP,0.758,0.0130889999999925,0.0130889999999878,-7.46104567017625e-15,-1.21638810135494e-14
10,PP,0.76,0.0130889999999932,0.013088999999989,-6.75674793892966e-15,-1.0994677390741e-14
10,PP,0.762,0.0130889999999939,0.01308899999999,-6.10449191196238e-15,-9.95384330515492e-15
10,PP,0.764,0.0130889999999945,0.013088999999991,-5.51468593013027e-15,-9.01362318117549e-15
10,PP,0.766,0.013088999999995,0.0130889999999918,-4.98732999343332e-15,-8.16707812489881e-15
10,PP,0.768,0.0130889999999955,0.0130889999999926,-4.49813797320786e-15,-7.39339145461315e-15
10,PP,0.77,0.0130889999999959,0.0130889999999933,-4.06445710421366e-15,-6.69950206422243e-15
10,PP,0.772,0.0130889999999963,0.0130889999999939,-3.66200125778704e-15,-6.07153216591882e-15
10,PP,0.774,0.0130889999999967,0.0130889999999945,-3.30117877478386e-15,-5.49560397189452e-15
10,PP,0.776,0.013088999999997,0.013088999999995,-2.97505076130022e-15,-4.97171748214953e-15
10,PP,0.778,0.0130889999999973,0.0130889999999955,-2.69055611124003e-15,-4.49640324973188e-15
10,PP,0.78,0.0130889999999976,0.0130889999999959,-2.43381703679546e-15,-4.07313072159354e-15
10,PP,0.782,0.0130889999999978,0.0130889999999963,-2.20483353796652e-15,-3.68108321602278e-15
10,PP,0.784,0.013088999999998,0.0130889999999967,-1.9966667208493e-15,-3.33760796777938e-15
10,PP,0.786,0.0130889999999982,0.013088999999997,-1.795438797636e-15,-3.01841884819964e-15
10,PP,0.788,0.0130889999999984,0.0130889999999973,-1.62196645003831e-15,-2.7373936450914e-15
10,PP,0.79,0.0130889999999985,0.0130889999999975,-1.45890244329649e-15,-2.48065457064683e-15
10,PP,0.792,0.0130889999999987,0.0130889999999978,-1.30971622436249e-15,-2.23779328401008e-15
10,PP,0.794,0.0130889999999988,0.013088999999998,-1.19175502799607e-15,-2.02615701994091e-15
10,PP,0.796,0.0130889999999989,0.0130889999999982,-1.0772632785816e-15,-1.84574577843932e-15
10,PP,0.798,0.013088999999999,0.0130889999999983,-9.69710423071035e-16,-1.65839564303383e-15
10,PP,0.8,0.0130889999999991,0.0130889999999985,-8.76035355368288e-16,-1.50227053019591e-15
10,PP,0.802,0.0130889999999992,0.0130889999999986,-7.85829734617494e-16,-1.36349265211777e-15
10,PP,0.804,0.0130889999999993,0.0130889999999988,-7.16440795578421e-16,-1.23859256184744e-15
10,PP,0.806,0.0130889999999994,0.0130889999999989,-6.43582409587395e-16,-1.11716191852906e-15
10,PP,0.808,0.0130889999999994,0.013088999999999,-5.8113236445223e-16,-1.00613961606655e-15
10,PP,0.81,0.0130889999999995,0.0130889999999991,-5.39499001028787e-16,-9.19403442267708e-16
10,PP,0.812,0.0130889999999995,0.0130889999999992,-4.77048955893622e-16,-8.2572837456496e-16
10,PP,0.814,0.0130889999999996,0.0130889999999992,-4.25007251614318e-16,-7.52869988573934e-16
10,PP,0.816,0.0130889999999996,0.0130889999999993,-3.86843335142828e-16,-6.80011602582908e-16
10,PP,0.818,0.0130889999999997,0.0130889999999994,-3.41740524767431e-16,-6.1409211049579e-16
10,PP,0.82,0.0130889999999997,0.0130889999999994,-3.13984949151802e-16,-5.55111512312578e-16
10,PP,0.822,0.0130889999999997,0.0130889999999995,-2.8275992658422e-16,-5.03069808033274e-16
10,PP,0.824,0.0130889999999997,0.0130889999999995,-2.58473797920544e-16,-4.61436444609831e-16
10,PP,0.826,0.0130889999999998,0.0130889999999996,-2.30718222304915e-16,-4.16333634234434e-16
10,PP,0.828,0.0130889999999998,0.0130889999999996,-2.13370987545147e-16,-3.78169717762944e-16
10,PP,0.83,0.0130889999999998,0.0130889999999997,-1.89084858881472e-16,-3.40005801291454e-16
10,PP,0.832,0.0130889999999998,0.0130889999999997,-1.64798730217797e-16,-3.05311331771918e-16
10,PP,0.834,0.0130889999999998,0.0130889999999997,-1.54390389361936e-16,-2.74086309204336e-16
10,PP,0.836,0.0130889999999999,0.0130889999999998,-1.33573707650214e-16,-2.46330733588707e-16
10,PP,0.838,0.0130889999999999,0.0130889999999998,-1.23165366794353e-16,-2.22044604925031e-16
10,PP,0.84,0.0130889999999999,0.0130889999999998,-1.09287578986539e-16,-1.97758476261356e-16
10,PP,0.842,0.0130889999999999,0.0130889999999998,-9.8879238130678e-17,-1.87350135405495e-16
10,PP,0.844,0.0130889999999999,0.0130889999999998,-9.54097911787244e-17,-1.73472347597681e-16
10,PP,0.846,0.0130889999999999,0.0130889999999998,-8.50014503228635e-17,-1.56125112837913e-16
10,PP,0.848,0.0130889999999999,0.0130889999999999,-7.80625564189563e-17,-1.42247325030098e-16
10,PP,0.85,0.0130889999999999,0.0130889999999999,-7.45931094670027e-17,-1.31838984174237e-16
10,PP,0.852,0.0130889999999999,0.0130889999999999,-6.76542155630955e-17,-1.17961196366423e-16
10,PP,0.854,0.0130889999999999,0.0130889999999999,-6.07153216591882e-17,-1.14491749414469e-16
10,PP,0.856,0.0130889999999999,0.0130889999999999,-5.72458747072346e-17,-9.71445146547012e-17
10,PP,0.858,0.013089,0.0130889999999999,-4.68375338513738e-17,-8.67361737988404e-17
10,PP,0.86,0.013089,0.0130889999999999,-4.33680868994202e-17,-8.32667268468867e-17
10,PP,0.862,0.013089,0.0130889999999999,-3.98986399474666e-17,-7.63278329429795e-17
10,PP,0.864,0.013089,0.0130889999999999,-3.29597460435593e-17,-6.59194920871187e-17
10,PP,0.866,0.013089,0.0130889999999999,-3.29597460435593e-17,-6.24500451351651e-17
10,PP,0.868,0.013089,0.0130889999999999,-2.94902990916057e-17,-5.55111512312578e-17
10,PP,0.87,0.013089,0.0130889999999999,-2.60208521396521e-17,-5.20417042793042e-17
10,PP,0.872,0.013089,0.013089,-1.90819582357449e-17,-4.5102810375397e-17
10,PP,0.874,0.013089,0.013089,-1.90819582357449e-17,-4.16333634234434e-17
10,PP,0.876,0.013089,0.013089,-1.21430643318376e-17,-4.16333634234434e-17
10,PP,0.878,0.013089,0.013089,-1.21430643318376e-17,-3.81639164714898e-17
10,PP,0.88,0.013089,0.013089,-1.21430643318376e-17,-3.46944695195361e-17
10,PP,0.882,0.013089,0.013089,-1.21430643318376e-17,-3.46944695195361e-17
10,PP,0.884,0.013089,0.013089,-1.21430643318376e-17,-3.12250225675825e-17
10,PP,0.886,0.013089,0.013089,-8.67361737988404e-18,-2.77555756156289e-17
10,PP,0.888,0.013089,0.013089,-8.67361737988404e-18,-2.77555756156289e-17
10,PP,0.89,0.013089,0.013089,-5.20417042793042e-18,-2.77555756156289e-17
10,PP,0.892,0.013089,0.013089,-5.20417042793042e-18,-2.08166817117217e-17
10,PP,0.894,0.013089,0.013089,-5.20417042793042e-18,-1.73472347597681e-17
10,PP,0.896,0.013089,0.013089,-5.20417042793042e-18,-1.73472347597681e-17
10,PP,0.898,0.013089,0.013089,-5.20417042793042e-18,-1.38777878078145e-17
10,PP,0.9,0.013089,0.013089,-5.20417042793042e-18,-1.38777878078145e-17
10,PP,0.902,0.013089,0.013089,-5.20417042793042e-18,-1.38777878078145e-17
10,PP,0.904,0.013089,0.013089,-5.20417042793042e-18,-1.38777878078145e-17
10,PP,0.906,0.013089,0.013089,-1.73472347597681e-18,-1.38777878078145e-17
10,PP,0.908,0.013089,0.013089,-1.73472347597681e-18,-1.38777878078145e-17
10,PP,0.91,0.013089,0.013089,-1.73472347597681e-18,-1.04083408558608e-17
10,PP,0.912,0.013089,0.013089,-1.73472347597681e-18,-1.04083408558608e-17
10,PP,0.914,0.013089,0.013089,-1.73472347597681e-18,-1.04083408558608e-17
10,PP,0.916,0.013089,0.013089,1.73472347597681e-18,-6.93889390390723e-18
10,PP,0.918,0.013089,0.013089,1.73472347597681e-18,-6.93889390390723e-18
10,PP,0.92,0.013089,0.013089,1.73472347597681e-18,-6.93889390390723e-18
10,PP,0.922,0.013089,0.013089,1.73472347597681e-18,-3.46944695195361e-18
10,PP,0.924,0.013089,0.013089,1.73472347597681e-18,-3.46944695195361e-18
10,PP,0.926,0.013089,0.013089,1.73472347597681e-18,-3.46944695195361e-18
10,PP,0.928,0.013089,0.013089,1.73472347597681e-18,-3.46944695195361e-18
10,PP,0.93,0.013089,0.013089,1.73472347597681e-18,-3.46944695195361e-18
10,PP,0.932,0.013089,0.013089,1.73472347597681e-18,-3.46944695195361e-18
10,PP,0.934,0.013089,0.013089,1.73472347597681e-18,-3.46944695195361e-18
10,PP,0.936,0.013089,0.013089,1.73472347597681e-18,-3.46944695195361e-18
10,PP,0.938,0.013089,0.013089,1.73472347597681e-18,-3.46944695195361e-18
10,PP,0.94,0.013089,0.013089,1.73472347597681e-18,-3.46944695195361e-18
10,PP,0.942,0.013089,0.013089,1.73472347597681e-18,0
10,PP,0.944,0.013089,0.013089,1.73472347597681e-18,0
10,PP,0.946,0.013089,0.013089,1.73472347597681e-18,0
10,PP,0.948,0.013089,0.013089,1.73472347597681e-18,0
10,PP,0.95,0.013089,0.013089,1.73472347597681e-18,0
10,PP,0.952,0.013089,0.013089,1.73472347597681e-18,0
10,PP,0.954,0.013089,0.013089,1.73472347597681e-18,0
10,PP,0.956,0.013089,0.013089,1.73472347597681e-18,0
10,PP,0.958,0.013089,0.013089,1.73472347597681e-18,0
10,PP,0.96,0.013089,0.013089,1.73472347597681e-18,0
10,PP,0.962,0.013089,0.013089,1.73472347597681e-18,0
10,PP,0.964,0.013089,0.013089,1.73472347597681e-18,0
10,PP,0.966,0.013089,0.013089,1.73472347597681e-18,0
10,PP,0.968,0.013089,0.013089,1.73472347597681e-18,0
10,PP,0.97,0.013089,0.013089,1.73472347597681e-18,0
10,PP,0.972,0.013089,0.013089,1.73472347597681e-18,0
10,PP,0.974,0.013089,0.013089,1.73472347597681e-18,0
10,PP,0.976,0.013089,0.013089,1.73472347597681e-18,0
10,PP,0.978,0.013089,0.013089,1.73472347597681e-18,0
10,PP,0.98,0.013089,0.013089,1.73472347597681e-18,0
10,PP,0.982,0.013089,0.013089,1.73472347597681e-18,0
10,PP,0.984,0.013089,0.013089,1.73472347597681e-18,0
10,PP,0.986,0.013089,0.013089,1.73472347597681e-18,0
10,PP,0.988,0.013089,0.013089,1.73472347597681e-18,0
10,PP,0.99,0.013089,0.013089,1.73472347597681e-18,0
10,PP,0.992,0.013089,0.013089,1.73472347597681e-18,0
10,PP,0.994,0.013089,0.013089,1.73472347597681e-18,0
10,PP,0.996,0.013089,0.013089,1.73472347597681e-18,0
10,PP,0.998,0.013089,0.013089,1.73472347597681e-18,0
10,PP,1,0.013089,0.013089,1.73472347597681e-18,0
10,PP,1.002,0.013089,0.013089,1.73472347597681e-18,0
10,PP,1.004,0.013089,0.013089,1.73472347597681e-18,0
10,PP,1.006,0.013089,0.013089,1.73472347597681e-18,0
10,PP,1.008,0.013089,0.013089,1.73472347597681e-18,0
10,PP,1.01,0.013089,0.013089,1.73472347597681e-18,0
10,PP,1.012,0.013089,0.013089,1.73472347597681e-18,0
10,PP,1.014,0.013089,0.013089,1.73472347597681e-18,0
10,PP,1.016,0.013089,0.013089,1.73472347597681e-18,0
10,PP,1.018,0.013089,0.013089,1.73472347597681e-18,0
10,PP,1.02,0.013089,0.013089,1.73472347597681e-18,0
10,PP,1.022,0.013089,0.013089,1.73472347597681e-18,0
10,PP,1.024,0.013089,0.013089,1.73472347597681e-18,0
10,PP,1.026,0.013089,0.013089,1.73472347597681e-18,0
10,PP,1.028,0.013089,0.013089,1.73472347597681e-18,0
10,PP,1.03,0.013089,0.013089,1.73472347597681e-18,0
10,PP,1.032,0.013089,0.013089,1.73472347597681e-18,0
10,PP,1.034,0.013089,0.013089,1.73472347597681e-18,0
10,PP,1.036,0.013089,0.013089,1.73472347597681e-18,0
10,PP,1.038,0.013089,0.013089,1.73472347597681e-18,0
10,PP,1.04,0.013089,0.013089,1.73472347597681e-18,0
10,PP,1.042,0.013089,0.013089,1.73472347597681e-18,0
10,PP,1.044,0.013089,0.013089,1.73472347597681e-18,0
10,PP,1.046,0.013089,0.013089,1.73472347597681e-18,0
10,PP,1.048,0.013089,0.013089,1.73472347597681e-18,0
10,PP,1.05,0.013089,0.013089,1.73472347597681e-18,0
10,PP,1.052,0.013089,0.013089,1.73472347597681e-18,0
10,PP,1.054,0.013089,0.013089,1.73472347597681e-18,0
10,PP,1.056,0.013089,0.013089,1.73472347597681e-18,0
10,PP,1.058,0.013089,0.013089,1.73472347597681e-18,0
10,PP,1.06,0.013089,0.013089,1.73472347597681e-18,0
10,PP,1.062,0.013089,0.013089,1.73472347597681e-18,0
10,PP,1.064,0.013089,0.013089,1.73472347597681e-18,0
10,PP,1.066,0.013089,0.013089,1.73472347597681e-18,0
10,PP,1.068,0.013089,0.013089,1.73472347597681e-18,0
10,PP,1.07,0.013089,0.013089,1.73472347597681e-18,0
10,PP,1.072,0.013089,0.013089,1.73472347597681e-18,0
10,PP,1.074,0.013089,0.013089,1.73472347597681e-18,0
10,PP,1.076,0.013089,0.013089,1.73472347597681e-18,0
10,PP,1.078,0.013089,0.013089,1.73472347597681e-18,0
10,PP,1.08,0.013089,0.013089,1.73472347597681e-18,0
10,PP,1.082,0.013089,0.013089,1.73472347597681e-18,0
10,PP,1.084,0.013089,0.013089,1.73472347597681e-18,0
10,PP,1.086,0.013089,0.013089,1.73472347597681e-18,0
10,PP,1.088,0.013089,0.013089,1.73472347597681e-18,0
10,PP,1.09,0.013089,0.013089,1.73472347597681e-18,0
10,PP,1.092,0.013089,0.013089,1.73472347597681e-18,0
10,PP,1.094,0.013089,0.013089,1.73472347597681e-18,0
10,PP,1.096,0.013089,0.013089,1.73472347597681e-18,0
10,PP,1.098,0.013089,0.013089,1.73472347597681e-18,0
10,PP,1.1,0.013089,0.013089,1.73472347597681e-18,0
10,CF,0,0.013089,0.013089,1.73472347597681e-18,0
10,CF,0.002,0.013089,0.013089,1.73472347597681e-18,0
10,CF,0.004,0.013089,0.013089,1.73472347597681e-18,0
10,CF,0.006,0.013089,0.013089,1.73472347597681e-18,0
10,CF,0.008,0.013089,0.013089,1.73472347597681e-18,0
10,CF,0.01,0.013089,0.013089,1.73472347597681e-18,0
10,CF,0.012,0.013089,0.013089,1.73472347597681e-18,0
10,CF,0.014,0.013089,0.013089,1.73472347597681e-18,0
10,CF,0.016,0.013089,0.013089,1.73472347597681e-18,0
10,CF,0.018,0.013089,0.013089,1.73472347597681e-18,0
10,CF,0.02,0.013089,0.013089,1.73472347597681e-18,0
10,CF,0.022,0.013089,0.013089,1.73472347597681e-18,0
10,CF,0.024,0.013089,0.013089,1.73472347597681e-18,0
10,CF,0.026,0.013089,0.013089,1.73472347597681e-18,0
10,CF,0.028,0.013089,0.013089,1.73472347597681e-18,0
10,CF,0.03,0.013089,0.013089,1.73472347597681e-18,0
10,CF,0.032,0.013089,0.013089,1.73472347597681e-18,0
10,CF,0.034,0.013089,0.013089,1.73472347597681e-18,0
10,CF,0.036,0.013089,0.013089,1.73472347597681e-18,0
10,CF,0.038,0.013089,0.013089,1.73472347597681e-18,0
10,CF,0.04,0.013089,0.013089,1.73472347597681e-18,0
10,CF,0.042,0.013089,0.013089,1.73472347597681e-18,0
10,CF,0.044,0.013089,0.013089,1.73472347597681e-18,0
10,CF,0.046,0.013089,0.013089,1.73472347597681e-18,0
10,CF,0.048,0.013089,0.013089,1.73472347597681e-18,0
10,CF,0.05,0.013089,0.013089,1.73472347597681e-18,0
10,CF,0.052,0.013089,0.013089,1.73472347597681e-18,0
10,CF,0.054,0.013089,0.013089,1.73472347597681e-18,0
10,CF,0.056,0.013089,0.013089,1.73472347597681e-18,0
10,CF,0.058,0.013089,0.013089,1.73472347597681e-18,0
10,CF,0.06,0.013089,0.013089,1.73472347597681e-18,0
10,CF,0.062,0.013089,0.013089,1.73472347597681e-18,0
10,CF,0.064,0.013089,0.013089,1.73472347597681e-18,0
10,CF,0.066,0.013089,0.013089,1.73472347597681e-18,0
10,CF,0.068,0.013089,0.013089,1.73472347597681e-18,0
10,CF,0.07,0.013089,0.013089,1.73472347597681e-18,0
10,CF,0.072,0.013089,0.013089,1.73472347597681e-18,0
10,CF,0.074,0.013089,0.013089,1.73472347597681e-18,0
10,CF,0.076,0.013089,0.013089,1.73472347597681e-18,0
10,CF,0.078,0.013089,0.013089,1.73472347597681e-18,0
10,CF,0.08,0.013089,0.013089,1.73472347597681e-18,0
10,CF,0.082,0.013089,0.013089,1.73472347597681e-18,0
10,CF,0.084,0.013089,0.013089,1.73472347597681e-18,0
10,CF,0.086,0.013089,0.013089,1.73472347597681e-18,0
10,CF,0.088,0.013089,0.013089,1.73472347597681e-18,0
10,CF,0.09,0.013089,0.013089,1.73472347597681e-18,0
10,CF,0.092,0.013089,0.013089,1.73472347597681e-18,0
10,CF,0.094,0.013089,0.013089,1.73472347597681e-18,0
10,CF,0.096,0.013089,0.013089,1.73472347597681e-18,0
10,CF,0.098,0.013089,0.013089,1.73472347597681e-18,0
10,CF,0.1,0.013089,0.013089,1.73472347597681e-18,0
10,CF,0.102,0.013089,0.013089,1.73472347597681e-18,0
10,CF,0.104,0.013089,0.013089,1.73472347597681e-18,0
10,CF,0.106,0.013089,0.013089,1.73472347597681e-18,0
10,CF,0.108,0.013089,0.013089,1.73472347597681e-18,0
10,CF,0.11,0.013089,0.013089,1.73472347597681e-18,0
10,CF,0.112,0.013089,0.013089,1.73472347597681e-18,0
10,CF,0.114,0.013089,0.013089,1.73472347597681e-18,0
10,CF,0.116,0.013089,0.013089,1.73472347597681e-18,0
10,CF,0.118,0.013089,0.013089,1.73472347597681e-18,0
10,CF,0.12,0.013089,0.013089,1.73472347597681e-18,0
10,CF,0.122,0.013089,0.013089,1.73472347597681e-18,0
10,CF,0.124,0.013089,0.013089,1.73472347597681e-18,0
10,CF,0.126,0.013089,0.013089,1.73472347597681e-18,0
10,CF,0.128,0.013089,0.013089,1.73472347597681e-18,0
10,CF,0.13,0.013089,0.013089,1.73472347597681e-18,0
10,CF,0.132,0.013089,0.013089,1.73472347597681e-18,0
10,CF,0.134,0.013089,0.013089,1.73472347597681e-18,0
10,CF,0.136,0.013089,0.013089,1.73472347597681e-18,0
10,CF,0.138,0.013089,0.013089,1.73472347597681e-18,0
10,CF,0.14,0.013089,0.013089,1.73472347597681e-18,0
10,CF,0.142,0.013089,0.013089,1.73472347597681e-18,0
10,CF,0.144,0.013089,0.013089,1.73472347597681e-18,0
10,CF,0.146,0.013089,0.013089,1.73472347597681e-18,0
10,CF,0.148,0.013089,0.013089,1.73472347597681e-18,0
10,CF,0.15,0.013089,0.013089,1.73472347597681e-18,0
10,CF,0.152,0.013089,0.013089,1.73472347597681e-18,0
10,CF,0.154,0.013089,0.013089,1.73472347597681e-18,0
10,CF,0.156,0.013089,0.013089,1.73472347597681e-18,0
10,CF,0.158,0.013089,0.013089,1.73472347597681e-18,0
10,CF,0.16,0.013089,0.013089,1.73472347597681e-18,0
10,CF,0.162,0.013089,0.013089,1.73472347597681e-18,0
10,CF,0.164,0.013089,0.013089,1.73472347597681e-18,0
10,CF,0.166,0.013089,0.013089,1.73472347597681e-18,0
10,CF,0.168,0.013089,0.013089,1.73472347597681e-18,0
10,CF,0.17,0.013089,0.013089,1.73472347597681e-18,0
10,CF,0.172,0.013089,0.013089,1.73472347597681e-18,0
10,CF,0.174,0.013089,0.013089,1.73472347597681e-18,0
10,CF,0.176,0.013089,0.013089,1.73472347597681e-18,0
10,CF,0.178,0.013089,0.013089,1.73472347597681e-18,0
10,CF,0.18,0.013089,0.013089,1.73472347597681e-18,0
10,CF,0.182,0.013089,0.013089,1.73472347597681e-18,0
10,CF,0.184,0.013089,0.013089,1.73472347597681e-18,0
10,CF,0.186,0.013089,0.013089,1.73472347597681e-18,0
10,CF,0.188,0.013089,0.013089,1.73472347597681e-18,0
10,CF,0.19,0.013089,0.013089,1.73472347597681e-18,0
10,CF,0.192,0.013089,0.013089,1.73472347597681e-18,0
10,CF,0.194,0.013089,0.013089,1.73472347597681e-18,0
10,CF,0.196,0.013089,0.013089,1.73472347597681e-18,0
10,CF,0.198,0.013089,0.013089,1.73472347597681e-18,0
10,CF,0.2,0.0134685009830195,0.0134590011430144,0.000106808177317284,9.73083373121998e-05
10,CF,0.202,0.0134617386897004,0.0134529891210567,0.000100045883998206,9.12963153545249e-05
10,CF,0.204,0.0134554030573184,0.0134473472816926,9.37102516161744e-05,8.56544759904217e-05
10,CF,0.206,0.0134494680784242,0.0134420535827016,8.77752727219874e-05,8.03607769993622e-05
10,CF,0.208,0.0134439082779385,0.0134370864776962,8.22154722362866e-05,7.53936719940229e-05
10,CF,0.21,0.0134386970658923,0.0134324233855918,7.70042601900677e-05,7.07305798895372e-05
10,CF,0.212,0.0134338153973623,0.0134280477652385,7.21225916600326e-05,6.63549595363126e-05
10,CF,0.214,0.0134292408903954,0.0134239413816022,6.75480846931368e-05,6.22485759000195e-05
10,CF,0.216,0.0134249538780914,0.0134200863780316,6.32610723891504e-05,5.83935723293648e-05
10,CF,0.218,0.0134209392455147,0.013416470155936,5.92464398124753e-05,5.47773502337368e-05
10,CF,0.22,0.0134171784668191,0.0134130773294939,5.54856611168619e-05,5.13845237916574e-05
10,CF,0.222,0.013413656120799,0.013409894315877,5.19633150967754e-05,4.82015101747821e-05
10,CF,0.224,0.0134103571074479,0.0134069082085879,4.86643017456653e-05,4.52154028856358e-05
10,CF,0.226,0.0134072674185846,0.0134041069010402,4.5574612882392e-05,4.24140953379885e-05
10,CF,0.228,0.0134043738863096,0.0134014792420099,4.26810806074245e-05,3.97864363076428e-05
10,CF,0.23,0.0134016634046151,0.0133990138643175,3.99705989128415e-05,3.73210586152826e-05
10,CF,0.232,0.0133991249389844,0.0133967010259299,3.7432133282193e-05,3.50082202277141e-05
10,CF,0.234,0.0133967476103701,0.0133945314381761,3.50548046678858e-05,3.28386324739034e-05
10,CF,0.236,0.0133945210654234,0.0133924961847997,3.28282597211859e-05,3.08033790974438e-05
10,CF,0.238,0.0133924357575981,0.0133905869119647,3.0742951895835e-05,2.88941062624622e-05
10,CF,0.24,0.0133904826923773,0.0133887957613749,2.87898866750558e-05,2.71029556726497e-05
10,CF,0.242,0.0133886534051596,0.0133871156131272,2.69605994573357e-05,2.54228074250025e-05
10,CF,0.244,0.0133869397932565,0.0133855389530395,2.52469875542932e-05,2.38461473372927e-05
10,CF,0.246,0.0133853350222737,0.0133840599310238,2.36422165714508e-05,2.2367125321613e-05
10,CF,0.248,0.0133838321941631,0.0133826725549421,2.21393884608911e-05,2.09797492398758e-05
10,CF,0.25,0.0133824248705851,0.0133813712075182,2.07320648829053e-05,1.96784018159576e-05
10,CF,0.252,0.0133811069634329,0.0133801505522507,1.94141577306694e-05,1.84577465484718e-05
10,CF,0.254,0.0133798728099787,0.0133790055741237,1.81800042765284e-05,1.73127684214465e-05
10,CF,0.256,0.013378717117176,0.0133779316106438,1.70243114738077e-05,1.62388049416255e-05
10,CF,0.258,0.0133776348940247,0.0133769242728981,1.59420883224775e-05,1.52314671958802e-05
10,CF,0.26,0.0133766210803266,0.0133759794198477,1.4928274624423e-05,1.42866141454624e-05
10,CF,0.262,0.0133756712588444,0.0133750926767241,1.39784531422039e-05,1.33998710218908e-05
10,CF,0.264,0.0133747818529206,0.0133742607302756,1.30890472184019e-05,1.25679245734193e-05
10,CF,0.266,0.0133739490306117,0.0133734804221831,1.22562249094665e-05,1.1787616480869e-05
10,CF,0.268,0.0133731692408605,0.0133727485651035,1.14764351582652e-05,1.10557594012392e-05
10,CF,0.27,0.0133724390279437,0.0133720621708961,1.07462222414586e-05,1.03693651939303e-05
10,CF,0.272,0.013371755266337,0.0133714183609541,1.00624606347768e-05,9.72555525192986e-06
10,CF,0.274,0.0133711150106992,0.013370814516298,9.42220499698838e-06,9.12171059582953e-06
10,CF,0.276,0.0133705156187708,0.0133702481622033,8.82281306856074e-06,8.55535650103739e-06
10,CF,0.278,0.0133699543530535,0.0133697170843332,8.26154735128308e-06,8.02427863100599e-06
10,CF,0.28,0.0133694287807333,0.0133692189628312,7.73597503107674e-06,7.5261571289599e-06
10,CF,0.282,0.0133689366517392,0.0133687517525813,7.2438460370066e-06,7.05894687911754e-06
10,CF,0.284,0.0133684758400262,0.0133683135523047,6.7830343239584e-06,6.62074660245579e-06
10,CF,0.286,0.0133680443423207,0.0133679025627475,6.35153661849956e-06,6.20975704530499e-06
10,CF,0.288,0.0133676402769096,0.013367517085819,5.94747120737614e-06,5.82428011673339e-06
10,CF,0.29,0.0133672618973657,0.0133671555230676,5.56909166343593e-06,5.46271736536624e-06
10,CF,0.292,0.0133669076011415,0.0133668163812978,5.21479543929941e-06,5.12357559561902e-06
10,CF,0.294,0.0133665758011287,0.0133664983031899,4.88299542644559e-06,4.80549748772471e-06
10,CF,0.296,0.0133662650987901,0.0133661999536895,4.57229308784522e-06,4.50714798724827e-06
10,CF,0.298,0.0133659741575663,0.0133659201144905,4.28135186410043e-06,4.22730878830643e-06
10,CF,0.3,0.0129855198140939,0.012994888541057,-0.000103480185906052,-9.41114589429679e-05
10,CF,0.302,0.0129921008500095,0.0130007311672516,-9.68991499905366e-05,-8.82688327484074e-05
10,CF,0.304,0.0129982616668376,0.0130062093900626,-9.07383331624056e-05,-8.27906099373846e-05
10,CF,0.306,0.013004025773449,0.0130113433775363,-8.49742265509722e-05,-7.76566224636593e-05
10,CF,0.308,0.0130094238002338,0.0130161589329953,-7.95761997662136e-05,-7.28410670046767e-05
10,CF,0.31,0.0130144750005117,0.0130206723600159,-7.45249994883092e-05,-6.83276399841351e-05
10,CF,0.312,0.0130192048033711,0.0130249055106669,-6.97951966289172e-05,-6.40944893331302e-05
10,CF,0.314,0.0130236336350654,0.0130288755473887,-6.53663649346058e-05,-6.01244526112696e-05
10,CF,0.316,0.0130277810004493,0.0130325991944403,-6.12189995506923e-05,-5.64008055597386e-05
10,CF,0.318,0.0130316644661711,0.0130360916278754,-5.73355338288738e-05,-5.29083721245785e-05
10,CF,0.32,0.0130353008803723,0.0130393671170669,-5.36991196276645e-05,-4.96328829331164e-05
10,CF,0.322,0.0130387072097416,0.0130424400355043,-5.02927902583574e-05,-4.65599644956516e-05
10,CF,0.324,0.0130418974225838,0.0130453227216561,-4.71025774161724e-05,-4.36772783439197e-05
10,CF,0.326,0.0130448850125451,0.013048026744395,-4.41149874549056e-05,-4.09732556049883e-05
10,CF,0.328,0.0130476829411484,0.0130505631722941,-4.13170588515564e-05,-3.84368277059413e-05
10,CF,0.33,0.0130503019993377,0.0130529416917444,-3.86980006622639e-05,-3.60583082556452e-05
10,CF,0.332,0.0130527546232854,0.0130551723916054,-3.62453767146342e-05,-3.38276083946473e-05
10,CF,0.334,0.0130550513803863,0.0130572646212781,-3.39486196136943e-05,-3.1735378721913e-05
10,CF,0.336,0.0130572024457558,0.0130592272355147,-3.17975542441836e-05,-2.97727644853335e-05
10,CF,0.338,0.0130592171590132,0.0130610684209944,-2.9782840986833e-05,-2.79315790055815e-05
10,CF,0.34,0.0130611041940821,0.0130627956861771,-2.78958059178862e-05,-2.62043138228724e-05
10,CF,0.342,0.0130628719866451,0.0130644163263857,-2.6128013354906e-05,-2.45836736142528e-05
10,CF,0.344,0.013064526553739,0.0130659363713944,-2.447344626102e-05,-2.3063628605647e-05
10,CF,0.346,0.0130660760774875,0.013067361736671,-2.29239225124581e-05,-2.16382633289602e-05
10,CF,0.348,0.0130675272365514,0.0130686988072731,-2.14727634485889e-05,-2.03011927268591e-05
10,CF,0.35,0.0130688864955642,0.0130699530754888,-2.01135044357505e-05,-1.9046924511202e-05
10,CF,0.352,0.0130701597013747,0.0130711298044809,-1.88402986252608e-05,-1.78701955190902e-05
10,CF,0.354,0.0130713522454048,0.0130722338161048,-1.76477545951615e-05,-1.67661838951956e-05
10,CF,0.356,0.0130724692357198,0.0130732695465135,-1.65307642802284e-05,-1.57304534865316e-05
10,CF,0.358,0.0130735154787179,0.013074241247045,-1.54845212820606e-05,-1.47587529550144e-05
10,CF,0.36,0.0130744954790193,0.0130751528876126,-1.45045209807206e-05,-1.38471123874231e-05
10,CF,0.362,0.0130754134481238,0.0130760082035403,-1.35865518761779e-05,-1.29917964597458e-05
10,CF,0.364,0.0130762732902787,0.0130768106765225,-1.27267097212985e-05,-1.21893234775426e-05
10,CF,0.366,0.0130770786810495,0.0130775635528972,-1.19213189504596e-05,-1.14364471028132e-05
10,CF,0.368,0.0130778330836799,0.0130782698997884,-1.11669163200944e-05,-1.0730100211586e-05
10,CF,0.37,0.0130785397477908,0.0130789326085374,-1.04602522092104e-05,-1.00673914626356e-05
10,CF,0.372,0.0130792016827981,0.0130795543908428,-9.79831720191414e-06,-9.44560915722842e-06
10,CF,0.374,0.0130798217054128,0.0130801377583977,-9.17829458719523e-06,-8.86224160234067e-06
10,CF,0.376,0.0130804024737743,0.0130806850756192,-8.59752622567843e-06,-8.31492438081727e-06
10,CF,0.378,0.0130809464895576,0.0130811985763498,-8.0535104424375e-06,-7.80142365015141e-06
10,CF,0.38,0.0130814560909488,0.0130816803649925,-7.54390905116469e-06,-7.31963500754176e-06
10,CF,0.382,0.0130819334222898,0.0130821324078392,-7.06657771020781e-06,-6.86759216080371e-06
10,CF,0.384,0.013082380486932,0.0130825565126891,-6.61951306799545e-06,-6.4434873108532e-06
10,CF,0.386,0.0130827992714883,0.0130829543767372,-6.20072851167768e-06,-6.04562326284724e-06
10,CF,0.388,0.013083191577277,0.0130833276625831,-5.80842272297592e-06,-5.67233741686005e-06
10,CF,0.39,0.0130835590723519,0.0130836779011795,-5.44092764807012e-06,-5.3220988204955e-06
10,CF,0.392,0.0130839033092743,0.0130840065227249,-5.09669072568629e-06,-4.99347727508578e-06
10,CF,0.394,0.0130842257523511,0.0130843148471788,-4.77424764894034e-06,-4.68515282119747e-06
10,CF,0.396,0.0130845277853634,0.0130846041211601,-4.47221463662113e-06,-4.39587883992523e-06
10,CF,0.398,0.0130848107115717,0.0130848755245908,-4.1892884282916e-06,-4.12447540919583e-06
10,CF,0.4,0.0130850757503461,0.0130851301706955,-3.92424965388848e-06,-3.86982930452445e-06
10,CF,0.402,0.0130853240205211,0.0130853691044747,-3.67597947890409e-06,-3.63089552528686e-06
10,CF,0.404,0.0130855565730674,0.0130855932873164,-3.44342693259052e-06,-3.4067126835971e-06
10,CF,0.406,0.0130857744030525,0.0130858036198543,-3.22559694749917e-06,-3.19638014573131e-06
10,CF,0.408,0.0130859784496401,0.0130860009563698,-3.02155035987288e-06,-2.99904363019327e-06
10,CF,0.41,0.0130861695961506,0.0130861861048301,-2.83040384941972e-06,-2.81389516989389e-06
10,CF,0.412,0.0130863486588054,0.0130863598269743,-2.65134119459449e-06,-2.64017302571001e-06
10,CF,0.414,0.0130865163890581,0.0130865228332934,-2.48361094187279e-06,-2.47716670656248e-06
10,CF,0.416,0.0130866734988138,0.0130866757745298,-2.32650118622661e-06,-2.32422547015443e-06
10,CF,0.418,0.0130868206621631,0.0130868192655383,-2.17933783691442e-06,-2.18073446170766e-06
10,CF,0.42,0.0130869585153824,0.0130869538898364,-2.0414846176476e-06,-2.04611016360601e-06
10,CF,0.422,0.0130870876568233,0.0130870801996045,-1.91234317672116e-06,-1.91980039550982e-06
10,CF,0.424,0.0130872086362395,0.0130871987157247,-1.79136376050014e-06,-1.80128427534551e-06
10,CF,0.426,0.0130873219568965,0.0130873099243276,-1.67804310350662e-06,-1.69007567236285e-06
10,CF,0.428,0.0130874280981454,0.0130874142679426,-1.57190185460891e-06,-1.58573205737839e-06
10,CF,0.43,0.0130875275181898,0.0130875121601189,-1.47248181024857e-06,-1.48783988114173e-06
10,CF,0.432,0.0130876206471982,0.0130876040013859,-1.37935280180961e-06,-1.39599861406769e-06
10,CF,0.434,0.0130877078905524,0.0130876901685019,-1.29210944761586e-06,-1.30983149813912e-06
10,CF,0.436,0.0130877896245831,0.0130877710171323,-1.21037541689177e-06,-1.22898286765427e-06
10,CF,0.438,0.013087866189218,0.0130878468821409,-1.13381078195411e-06,-1.15311785909081e-06
10,CF,0.44,0.0130879379053144,0.0130879180693791,-1.06209468557668e-06,-1.08193062089978e-06
10,CF,0.442,0.013088005085785,0.0130879848600343,-9.94914215011675e-07,-1.01513996567104e-06
10,CF,0.444,0.0130880680200879,0.0130880475218788,-9.31979912075984e-07,-9.52478121155759e-07
10,CF,0.446,0.0130881269730883,0.0130881063203835,-8.73026911660593e-07,-8.93679616545406e-07
10,CF,0.448,0.0130881822028367,0.0130881614896446,-8.17797163344194e-07,-8.3851035543106e-07
10,CF,0.45,0.0130882339464813,0.0130882132542927,-7.66053518680074e-07,-7.86745707338776e-07
10,CF,0.452,0.0130882824173357,0.0130882618297925,-7.17582664252689e-07,-7.38170207542632e-07
10,CF,0.454,0.0130883278177268,0.0130883074118051,-6.72182273188035e-07,-6.92588194923377e-07
10,CF,0.456,0.0130883703404223,0.0130883501789756,-6.29659577663574e-07,-6.49821024389236e-07
10,CF,0.458,0.0130884101686311,0.0130883903017014,-5.8983136888395e-07,-6.09698298632833e-07
10,CF,0.46,0.0130884474760028,0.0130884279424479,-5.52523997157314e-07,-5.72057552133964e-07
10,CF,0.462,0.0130884824266281,0.0130884632557488,-5.17573371909205e-07,-5.3674425121511e-07
10,CF,0.464,0.0130885151737922,0.0130884963882059,-4.84826207762176e-07,-5.03611794072656e-07
10,CF,0.466,0.0130885458529951,0.0130885274784896,-4.54147004903468e-07,-4.72521510391788e-07
10,CF,0.468,0.0130885745899916,0.0130885566559681,-4.2541000838496e-07,-4.43344031861304e-07
10,CF,0.47,0.013088601505015,0.0130885840349722,-3.98494984970091e-07,-4.15965027773108e-07
10,CF,0.472,0.01308862671278,0.0130886097223198,-3.73287220039112e-07,-3.90277680221984e-07
10,CF,0.474,0.0130886503211439,0.0130886338202468,-3.49678856098254e-07,-3.66179753248652e-07
10,CF,0.476,0.0130886724350894,0.0130886564264072,-3.27564910590147e-07,-3.43573592801599e-07
10,CF,0.478,0.0130886931528952,0.0130886776328508,-3.06847104785887e-07,-3.223671491831e-07
10,CF,0.48,0.0130887125664242,0.0130886975288682,-2.87433575813997e-07,-3.02471131752302e-07
10,CF,0.482,0.013088730755758,0.0130887161986663,-2.69244242004016e-07,-2.83801333739175e-07
10,CF,0.484,0.013088747794223,0.0130887337211889,-2.52205776983191e-07,-2.6627881106675e-07
10,CF,0.486,0.0130887637521366,0.0130887501658871,-2.36247863447461e-07,-2.4983411286289e-07
10,CF,0.488,0.0130887786968258,0.0130887655956292,-2.21303174218271e-07,-2.34404370823282e-07
10,CF,0.49,0.0130887926926277,0.0130887800707307,-2.07307372287677e-07,-2.19929269257985e-07
10,CF,0.492,0.0130888058008892,0.0130887936490227,-1.94199110783652e-07,-2.06350977260267e-07
10,CF,0.494,0.013088818079967,0.0130888063858515,-1.81920033004782e-07,-1.93614148512322e-07
10,CF,0.496,0.0130888295852276,0.0130888183340785,-1.70414772409852e-07,-1.81665921451801e-07
10,CF,0.498,0.0130888403680354,0.0130888295440808,-1.59631964648591e-07,-1.70455919164259e-07
10,CF,0.5,0.0130888504718567,0.0130888400637506,-1.49528143327318e-07,-1.59936249445602e-07
10,CF,0.502,0.013088859936649,0.0130888499382541,-1.40063351026717e-07,-1.50061745914781e-07
10,CF,0.504,0.0130888688008478,0.0130888592067468,-1.31199152193437e-07,-1.40793253198407e-07
10,CF,0.506,0.0130888771014493,0.0130888679039692,-1.22898550695624e-07,-1.3209603084291e-07
10,CF,0.508,0.0130888848739586,0.0130888760632027,-1.15126041434419e-07,-1.23936797290225e-07
10,CF,0.51,0.0130888921523896,0.0130888837165414,-1.07847610389053e-07,-1.1628345857051e-07
10,CF,0.512,0.0130888989692654,0.013088890894825,-1.01030734582161e-07,-1.09105174998791e-07
10,CF,0.514,0.0130889053556178,0.0130888976276389,-9.46443821561033e-08,-1.02372361147213e-07
10,CF,0.516,0.0130889113409785,0.0130889039433141,-8.86590215080224e-08,-9.60566858762557e-08
10,CF,0.518,0.0130889169512794,0.0130889098689276,-8.30487205862734e-08,-9.01310723833149e-08
10,CF,0.52,0.0130889222081187,0.0130889154303019,-7.77918813307105e-08,-8.45696980777966e-08
10,CF,0.522,0.0130889271323081,0.0130889206515586,-7.28676918925614e-08,-7.93484413799672e-08
10,CF,0.524,0.0130889317438914,0.0130889255524834,-6.82561085898342e-08,-7.44475166063185e-08
10,CF,0.526,0.0130889360621441,0.0130889301513041,-6.39378559281339e-08,-6.98486958966571e-08
10,CF,0.528,0.0130889401055735,0.0130889344656542,-5.98944265416818e-08,-6.55343458319524e-08
10,CF,0.53,0.0130889438919187,0.0130889385125038,-5.61080812661735e-08,-6.14874962161227e-08
10,CF,0.532,0.0130889474381509,0.0130889423081599,-5.25618490589824e-08,-5.76918401246074e-08
10,CF,0.534,0.0130889507604729,0.0130889458682662,-4.92395270512008e-08,-5.41317338176306e-08
10,CF,0.536,0.0130889538743136,0.0130889492078032,-4.61256863797804e-08,-5.07921968269376e-08
10,CF,0.538,0.0130889567931009,0.0130889523410881,-4.32068990811191e-08,-4.76589119141613e-08
10,CF,0.54,0.0130889595279986,0.0130889552817749,-4.04720014220844e-08,-4.47182250708222e-08
10,CF,0.542,0.0130889620898337,0.0130889580426183,-3.79101662822262e-08,-4.19573816835828e-08
10,CF,0.544,0.0130889644890339,0.0130889606340804,-3.55109660548497e-08,-3.9365919649037e-08
10,CF,0.546,0.0130889667356461,0.0130889630657992,-3.32643538738381e-08,-3.69342008157969e-08
10,CF,0.548,0.0130889688393195,0.0130889653470987,-3.11606805063896e-08,-3.46529012811014e-08
10,CF,0.55,0.0130889708092393,0.0130889674869521,-2.91907606819047e-08,-3.25130478859292e-08
10,CF,0.552,0.0130889726542351,0.0130889694939927,-2.73457649285075e-08,-3.05060072862406e-08
10,CF,0.554,0.0130889743827366,0.0130889713765149,-2.56172634303248e-08,-2.86234850752076e-08
10,CF,0.556,0.013088976002771,0.0130889731424037,-2.39972290285578e-08,-2.68575963031925e-08
10,CF,0.558,0.0130889775213245,0.0130889747992296,-2.24786755442102e-08,-2.52007703767376e-08
10,CF,0.56,0.0130889789442053,0.0130889763542127,-2.10557947032813e-08,-2.36457873316331e-08
10,CF,0.562,0.0130889802770467,0.0130889778140972,-1.97229533208804e-08,-2.21859028405602e-08
10,CF,0.564,0.0130889815252739,0.0130889791844154,-1.84747260979085e-08,-2.08155846101454e-08
10,CF,0.566,0.0130889826941043,0.0130889804702639,-1.73058956869782e-08,-1.95297360713886e-08
10,CF,0.568,0.0130889837885474,0.0130889816765731,-1.62114525917995e-08,-1.83234268591459e-08
10,CF,0.57,0.0130889848134047,0.013088982808088,-1.51865953198355e-08,-1.71919120224573e-08
10,CF,0.572,0.0130889857732697,0.0130889838693679,-1.42267302643412e-08,-1.61306320592414e-08
10,CF,0.574,0.0130889866725283,0.0130889848647871,-1.33274716870163e-08,-1.51352129232341e-08
10,CF,0.576,0.0130889875153566,0.013088985798534,-1.24846434041564e-08,-1.42014659997025e-08
10,CF,0.578,0.0130889883053892,0.0130889866746119,-1.16946108474208e-08,-1.33253881297313e-08
10,CF,0.58,0.0130889890456477,0.0130889874968384,-1.09543522985173e-08,-1.250316156165e-08
10,CF,0.582,0.013088989739063,0.0130889882687799,-1.02609370149914e-08,-1.17312200509367e-08
10,CF,0.584,0.0130889903884575,0.0130889889933616,-9.61154253235896e-09,-1.10066383923746e-08
10,CF,0.586,0.0130889909965455,0.0130889896732784,-9.00345448022477e-09,-1.03267216236547e-08
10,CF,0.588,0.0130889915659333,0.0130889903111373,-8.43406668636637e-09,-9.68886273641778e-09
10,CF,0.59,0.0130889920991189,0.0130889909094472,-7.90088111428389e-09,-9.09055279663118e-09
10,CF,0.592,0.013088992598492,0.0130889914706192,-7.40150795340566e-09,-8.52938083703569e-09
10,CF,0.594,0.0130889930663345,0.013088991996966,-6.93366553582153e-09,-8.00303402714864e-09
10,CF,0.596,0.0130889935048189,0.0130889924907024,-6.49518112037784e-09,-7.50929756571095e-09
10,CF,0.598,0.0130889939158361,0.0130889929539453,-6.08416390705802e-09,-7.04605468762609e-09
10,CF,0.6,0.0130889943009582,0.0130889933887133,-5.69904175413971e-09,-6.61128670559341e-09
10,CF,0.602,0.01308899466171,0.0130889937968921,-5.33828998887376e-09,-6.20310790580558e-09
10,CF,0.604,0.0130889949995598,0.0130889941800285,-5.00044018518497e-09,-5.81997150472802e-09
10,CF,0.606,0.0130889953159198,0.0130889945395475,-4.68408020530553e-09,-5.46045251376137e-09
10,CF,0.608,0.0130889956121459,0.0130889948768276,-4.3878541373249e-09,-5.12317243836491e-09
10,CF,0.61,0.0130889958895376,0.0130889951931954,-4.11046242355939e-09,-4.80680459324923e-09
10,CF,0.612,0.0130889961493383,0.0130889954899258,-3.85066173912152e-09,-4.51007418217353e-09
10,CF,0.614,0.013088996392735,0.0130889957682418,-3.60726501967557e-09,-4.23175822161781e-09
10,CF,0.616,0.0130889966208581,0.0130889960293144,-3.37914191593514e-09,-3.97068560670233e-09
10,CF,0.618,0.0130889968346913,0.013088996274263,-3.16530870785037e-09,-3.72573704526813e-09
10,CF,0.62,0.0130889970350525,0.0130889965041549,-2.96494751840515e-09,-3.49584512726597e-09
10,CF,0.622,0.0130889972227349,0.0130889967199872,-2.77726509324838e-09,-3.28001275445855e-09
10,CF,0.624,0.0130889973985025,0.013088996922578,-2.60149750179461e-09,-3.07742202901307e-09
10,CF,0.626,0.0130889975630899,0.0130889971126806,-2.43691007477398e-09,-2.88731944603215e-09
10,CF,0.628,0.0130889977172026,0.0130889972910239,-2.28279737300718e-09,-2.70897612675292e-09
10,CF,0.63,0.0130889978615167,0.0130889974583094,-2.13848329842781e-09,-2.54169055247111e-09
10,CF,0.632,0.013088997996679,0.0130889976152114,-2.00332104551004e-09,-2.38478864433844e-09
10,CF,0.634,0.013088998123307,0.0130889977623763,-1.87669301453253e-09,-2.23762371825975e-09
10,CF,0.636,0.0130889982419889,0.0130889979004234,-1.75801110995077e-09,-2.09957655775139e-09
10,CF,0.638,0.0130889983532364,0.0130889980299447,-1.6467636195644e-09,-1.97005529598004e-09
10,CF,0.64,0.013088998457475,0.0130889981515045,-1.54252495672413e-09,-1.84849551637667e-09
10,CF,0.642,0.0130889985551175,0.01308899826563,-1.44488248275676e-09,-1.73436999137411e-09
10,CF,0.644,0.0130889986465613,0.0130889983727537,-1.3534387482278e-09,-1.62724625094035e-09
10,CF,0.646,0.0130889987321885,0.0130889984732741,-1.267811527636e-09,-1.52672586031799e-09
10,CF,0.648,0.0130889988123662,0.0130889985675766,-1.18763381941334e-09,-1.43242338823679e-09
10,CF,0.65,0.0130889988874461,0.0130889986560321,-1.11255390837506e-09,-1.34396790918423e-09
10,CF,0.652,0.0130889989577648,0.013088998738997,-1.0422352338807e-09,-1.26100300340548e-09
10,CF,0.654,0.0130889990236435,0.0130889988168133,-9.76356525142497e-10,-1.18318671527007e-09
10,CF,0.656,0.0130889990853882,0.0130889988898084,-9.14611835919898e-10,-1.1101916157219e-09
10,CF,0.658,0.0130889991432651,0.0130889989582952,-8.56734913914914e-10,-1.04170475023757e-09
10,CF,0.66,0.0130889991974957,0.0130889990225723,-8.02504339023069e-10,-9.77427680459719e-10
10,CF,0.662,0.0130889992482945,0.0130889990829184,-7.51705480847575e-10,-9.1708159816184e-10
10,CF,0.664,0.0130889992958684,0.0130889991395621,-7.04131560350096e-10,-8.60437856381457e-10
10,CF,0.666,0.0130889993404163,0.0130889991927142,-6.5958367066743e-10,-8.07285759074627e-10
10,CF,0.668,0.0130889993821291,0.0130889992425785,-6.17870933236619e-10,-7.57421514396839e-10
10,CF,0.67,0.0130889994211897,0.013088999289351,-5.78810310444822e-10,-7.10648977164663e-10
10,CF,0.672,0.0130889994577732,0.0130889993332203,-5.4222676869331e-10,-6.66779680080776e-10
10,CF,0.674,0.0130889994920469,0.0130889993743672,-5.07953129211258e-10,-6.25632816386723e-10
10,CF,0.676,0.0130889995241698,0.0130889994129648,-4.75830206833616e-10,-5.87035243332368e-10
10,CF,0.678,0.0130889995542805,0.0130889994491785,-4.45719522054744e-10,-5.50821496053677e-10
10,CF,0.68,0.0130889995824941,0.0130889994831663,-4.17505892705283e-10,-5.16833749408807e-10
10,CF,0.682,0.0130889996089224,0.0130889995150754,-3.91077585246147e-10,-4.84924603944004e-10
10,CF,0.684,0.0130889996336729,0.0130889995450269,-3.66327078046846e-10,-4.54973128616309e-10
10,CF,0.686,0.0130889996568491,0.0130889995731321,-3.43150867096464e-10,-4.26867933361885e-10
10,CF,0.688,0.0130889996785503,0.0130889995994988,-3.21449656823236e-10,-4.00501246750062e-10
10,CF,0.69,0.0130889996988718,0.0130889996242306,-3.01128228255565e-10,-3.75769360072553e-10
10,CF,0.692,0.0130889997179045,0.0130889996474274,-2.82095491063727e-10,-3.5257262734345e-10
10,CF,0.694,0.0130889997357355,0.0130889996691846,-2.64264504376555e-10,-3.30815437543652e-10
10,CF,0.696,0.0130889997524475,0.0130889996895938,-2.47552452495303e-10,-3.10406221559756e-10
10,CF,0.698,0.0130889997681127,0.0130889997087425,-2.31887257659547e-10,-2.91257504225761e-10
10,CF,0.7,0.013088999782791,0.0130889997267142,-2.17209005989871e-10,-2.73285831464687e-10
10,CF,0.702,0.0130889997965404,0.0130889997435867,-2.03459577310938e-10,-2.56413255211863e-10
10,CF,0.704,0.013088999809417,0.0130889997594242,-1.90583026790647e-10,-2.40575830090517e-10
10,CF,0.706,0.0130889998214745,0.0130889997742853,-1.78525512081751e-10,-2.25714665708088e-10
10,CF,0.708,0.0130889998327646,0.0130889997882272,-1.67235380058028e-10,-2.11772772928942e-10
10,CF,0.71,0.0130889998433369,0.0130889998013047,-1.56663083547559e-10,-1.98695306735663e-10
10,CF,0.712,0.0130889998532388,0.0130889998135704,-1.46761226435532e-10,-1.86429587045733e-10
10,CF,0.714,0.0130889998625154,0.013088999825075,-1.37484598358717e-10,-1.74925046669827e-10
10,CF,0.716,0.0130889998712099,0.0130889998358667,-1.28790087969288e-10,-1.64133290292412e-10
10,CF,0.718,0.0130889998793598,0.013088999845992,-1.20640197484589e-10,-1.54008028552255e-10
10,CF,0.72,0.0130889998869962,0.0130889998554948,-1.13003792087674e-10,-1.4450516130915e-10
10,CF,0.722,0.0130889998941494,0.0130889998644165,-1.05850597384438e-10,-1.35583457655519e-10
10,CF,0.724,0.0130889999008485,0.0130889998727909,-9.91515255316378e-11,-1.27209114769711e-10
10,CF,0.726,0.0130889999071214,0.013088999880649,-9.28785607451355e-11,-1.19350987426436e-10
10,CF,0.728,0.0130889999129952,0.0130889998880211,-8.70048252193945e-11,-1.11978946948366e-10
10,CF,0.73,0.0130889999184954,0.013088999894936,-8.15045652496904e-11,-1.05063985289533e-10
10,CF,0.732,0.0130889999236469,0.0130889999014217,-7.63530679653845e-11,-9.85782531992552e-11
10,CF,0.734,0.0130889999284731,0.013088999907505,-7.15268833745286e-11,-9.24949977720857e-11
10,CF,0.736,0.0130889999329965,0.0130889999132114,-6.70035121136392e-11,-8.67886457145417e-11
10,CF,0.738,0.0130889999372365,0.0130889999185653,-6.27635148714445e-11,-8.14347200783772e-11
10,CF,0.74,0.0130889999412094,0.0130889999235901,-5.87906442278685e-11,-7.64098957717341e-11
10,CF,0.742,0.0130889999449308,0.0130889999283076,-5.50691662409841e-11,-7.16923811983072e-11
10,CF,0.744,0.013088999948416,0.0130889999327357,-5.15839541220808e-11,-6.72642774812715e-11
10,CF,0.746,0.0130889999516796,0.0130889999368909,-4.83204292550665e-11,-6.31091394420746e-11
10,CF,0.748,0.0130889999547354,0.013088999940789,-4.52645681353614e-11,-5.92110249719724e-11
10,CF,0.75,0.013088999957597,0.0130889999444454,-4.24030480866699e-11,-5.55546129932249e-11
10,CF,0.752,0.013088999960277,0.0130889999478748,-3.97229662357779e-11,-5.21251548868396e-11
10,CF,0.754,0.0130889999627879,0.0130889999510915,-3.7212127476649e-11,-4.89085161259339e-11
10,CF,0.756,0.0130889999651412,0.0130889999541088,-3.48588363036084e-11,-4.58911762757364e-11
10,CF,0.758,0.013088999967347,0.0130889999569398,-3.26529619315563e-11,-4.30601838907751e-11
10,CF,0.76,0.0130889999694139,0.0130889999595968,-3.05860597266117e-11,-4.040321202603e-11
10,CF,0.762,0.0130889999713501,0.0130889999620913,-2.864992791618e-11,-3.79087213009388e-11
10,CF,0.764,0.0130889999731633,0.0130889999644327,-2.683672555015e-11,-3.55672782892391e-11
10,CF,0.766,0.0130889999748611,0.0130889999666298,-2.51388649480377e-11,-3.33701781485285e-11
10,CF,0.768,0.0130889999764509,0.013088999968691,-2.35490776184788e-11,-3.13089762449259e-11
10,CF,0.77,0.0130889999779397,0.0130889999706244,-2.20603379313955e-11,-2.93755852975863e-11
10,CF,0.772,0.013088999979334,0.0130889999724378,-2.06660192431096e-11,-2.7562188642527e-11
10,CF,0.774,0.0130889999806403,0.0130889999741387,-1.93597343017826e-11,-2.58613234993543e-11
10,CF,0.776,0.0130889999818646,0.0130889999757342,-1.81354323919303e-11,-2.42658393379003e-11
10,CF,0.778,0.0130889999830122,0.0130889999772311,-1.69878191375039e-11,-2.27689013476695e-11
10,CF,0.78,0.0130889999840875,0.013088999978636,-1.59124987492154e-11,-2.13639800294985e-11
10,CF,0.782,0.0130889999850948,0.013088999979955,-1.49052315628895e-11,-2.00449691567517e-11
10,CF,0.784,0.0130889999860381,0.0130889999811931,-1.39619201616759e-11,-1.88068900730531e-11
10,CF,0.786,0.0130889999869214,0.0130889999823549,-1.30785781510268e-11,-1.76451353528506e-11
10,CF,0.788,0.0130889999877485,0.0130889999834448,-1.22515036310444e-11,-1.65552224706822e-11
10,CF,0.79,0.013088999988523,0.0130889999844671,-1.14769877629373e-11,-1.55329048234787e-11
10,CF,0.792,0.0130889999892484,0.013088999985426,-1.07515715080941e-11,-1.45740433610264e-11
10,CF,0.794,0.013088999989928,0.0130889999863253,-1.00719762391455e-11,-1.36746725054593e-11
10,CF,0.796,0.013088999990565,0.013088999987169,-9.43503435102411e-12,-1.28310383151753e-11
10,CF,0.798,0.013088999991162,0.0130889999879605,-8.83797028616851e-12,-1.20395013403218e-11
10,CF,0.8,0.0130889999917215,0.0130889999887034,-8.27852890405989e-12,-1.12966233589695e-11
10,CF,0.802,0.0130889999922455,0.0130889999894008,-7.75450016698986e-12,-1.05991673771122e-11
10,CF,0.804,0.0130889999927363,0.0130889999900555,-7.26373995674212e-12,-9.94451049285416e-12
10,CF,0.806,0.0130889999931958,0.0130889999906698,-6.8041804829333e-12,-9.33020674609431e-12
10,CF,0.808,0.0130889999936261,0.0130889999912461,-6.3738788552703e-12,-8.75390038235224e-12
10,CF,0.81,0.0130889999940291,0.0130889999917867,-5.9709303473765e-12,-8.21333279166225e-12
10,CF,0.812,0.0130889999944065,0.0130889999922937,-5.5935377857308e-12,-7.70630781410375e-12
10,CF,0.814,0.01308899999476,0.0130889999927692,-5.23997338575111e-12,-7.23075072039947e-12
10,CF,0.816,0.0130889999950914,0.0130889999932153,-4.90861344626392e-12,-6.78465963965813e-12
10,CF,0.818,0.013088999995402,0.0130889999936339,-4.59799386065551e-12,-6.3661090288214e-12
10,CF,0.82,0.0130889999956931,0.0130889999940267,-4.30692807806832e-12,-5.97329824492121e-12
10,CF,0.822,0.0130889999959657,0.0130889999943955,-4.03431975326551e-12,-5.60450991171635e-12
10,CF,0.824,0.013088999996221,0.0130889999947416,-3.77898927428344e-12,-5.25835625042603e-12
10,CF,0.826,0.0130889999964601,0.0130889999950665,-3.53989233758956e-12,-4.93352581010242e-12
10,CF,0.828,0.013088999996684,0.0130889999953712,-3.3160297424617e-12,-4.62879734541843e-12
10,CF,0.83,0.0130889999968936,0.013088999995657,-3.10640228817771e-12,-4.34295308049393e-12
10,CF,0.832,0.0130889999970899,0.0130889999959251,-2.91006628516666e-12,-4.07486544506952e-12
10,CF,0.834,0.0130889999972739,0.0130889999961766,-2.72612314666798e-12,-3.82341033833278e-12
10,CF,0.836,0.0130889999974463,0.0130889999964125,-2.5537124498376e-12,-3.5875261095164e-12
10,CF,0.838,0.0130889999976079,0.0130889999966338,-2.3921125497095e-12,-3.36621008845128e-12
10,CF,0.84,0.0130889999977593,0.0130889999968415,-2.24070588472625e-12,-3.15849776888477e-12
10,CF,0.842,0.0130889999979011,0.0130889999970365,-2.09886795443648e-12,-2.96350097239717e-12
10,CF,0.844,0.013088999998034,0.0130889999972196,-1.96602283064617e-12,-2.78044948176515e-12
10,CF,0.846,0.0130889999981584,0.0130889999973913,-1.84163621852473e-12,-2.60869451040868e-12
10,CF,0.848,0.0130889999982748,0.0130889999975524,-1.72518076213546e-12,-2.4475629856191e-12
10,CF,0.85,0.0130889999983839,0.0130889999977036,-1.61610828885994e-12,-2.29641305971029e-12
10,CF,0.852,0.013088999998486,0.0130889999978453,-1.51397470948833e-12,-2.15465492670042e-12
10,CF,0.854,0.0130889999985817,0.0130889999979783,-1.41826654587174e-12,-2.02169184171375e-12
10,CF,0.856,0.0130889999986714,0.013088999998103,-1.32859521995154e-12,-1.89696869323797e-12
10,CF,0.858,0.0130889999987555,0.01308899999822,-1.24451317307095e-12,-1.77995118644247e-12
10,CF,0.86,0.0130889999988343,0.0130889999983299,-1.16573244113294e-12,-1.67011196539057e-12
10,CF,0.862,0.0130889999989081,0.013088999998433,-1.09194771280574e-12,-1.56700347142547e-12
10,CF,0.864,0.0130889999989772,0.0130889999985298,-1.02282592118197e-12,-1.47022324870072e-12
10,CF,0.866,0.0130889999990419,0.0130889999986206,-9.58120735528034e-13,-1.37940353583943e-12
10,CF,0.868,0.0130889999991025,0.0130889999987058,-8.97533783406068e-13,-1.2941973881464e-12
10,CF,0.87,0.0130889999991592,0.0130889999987857,-8.40780570166011e-13,-1.21427867760815e-12
10,CF,0.872,0.0130889999992123,0.0130889999988607,-7.87659867884649e-13,-1.13932474565814e-12
10,CF,0.874,0.0130889999992621,0.013088999998931,-7.37855956889355e-13,-1.0690094642829e-12
10,CF,0.876,0.0130889999993088,0.0130889999989969,-6.91195364832531e-13,-1.00306221662017e-12
10,CF,0.878,0.0130889999993525,0.0130889999990588,-6.474525776623e-13,-9.41177691338169e-13
10,CF,0.88,0.0130889999993935,0.0130889999991169,-6.06468000818872e-13,-8.83113027150273e-13
10,CF,0.882,0.0130889999994319,0.0130889999991714,-5.68078570295505e-13,-8.28594137747274e-13
10,CF,0.884,0.0130889999994679,0.0130889999992226,-5.32131630426314e-13,-7.77412856312054e-13
10,CF,0.886,0.0130889999995015,0.0130889999992706,-4.98477994992363e-13,-7.29388771603112e-13
10,CF,0.888,0.013088999999533,0.0130889999993157,-4.66951130539961e-13,-6.84334533485043e-13
10,CF,0.89,0.0130889999995626,0.0130889999993579,-4.37419198084932e-13,-6.4206279182244e-13
10,CF,0.892,0.0130889999995902,0.0130889999993976,-4.09781583665669e-13,-6.02438238184178e-13
10,CF,0.894,0.0130889999996161,0.0130889999994347,-3.83878692722384e-13,-5.65263114093995e-13
10,CF,0.896,0.0130889999996404,0.0130889999994696,-3.59585625164804e-13,-5.30391702779909e-13
10,CF,0.898,0.0130889999996632,0.0130889999995023,-3.36839930947797e-13,-4.97671348576034e-13
10,CF,0.9,0.0130889999996845,0.013088999999533,-3.1551670998109e-13,-4.66973681945149e-13
10,CF,0.902,0.0130889999997044,0.0130889999995619,-2.95553512219549e-13,-4.38128699986606e-13
10,CF,0.904,0.0130889999997232,0.0130889999995889,-2.76839315360711e-13,-4.11060074867464e-13
10,CF,0.906,0.0130889999997407,0.0130889999996143,-2.59325547147249e-13,-3.85677600966972e-13
10,CF,0.908,0.0130889999997571,0.0130889999996381,-2.4291853251146e-13,-3.61856378194858e-13
10,CF,0.91,0.0130889999997724,0.0130889999996605,-2.27566229749065e-13,-3.39513139824277e-13
10,CF,0.912,0.0130889999997868,0.0130889999996815,-2.13178433239314e-13,-3.18547271893621e-13
10,CF,0.914,0.0130889999998003,0.0130889999997011,-1.9971004017183e-13,-2.98892854910804e-13
10,CF,0.916,0.0130889999998129,0.0130889999997195,-1.87084722713671e-13,-2.80456213808122e-13
10,CF,0.918,0.0130889999998247,0.0130889999997368,-1.75253908607509e-13,-2.6315408185873e-13
10,CF,0.92,0.0130889999998359,0.0130889999997531,-1.64144739467353e-13,-2.46913600676635e-13
10,CF,0.922,0.0130889999998463,0.0130889999997683,-1.53743337505396e-13,-2.31675789663655e-13
10,CF,0.924,0.013088999999856,0.0130889999997826,-1.44015008252119e-13,-2.17364320986846e-13
10,CF,0.926,0.0130889999998651,0.0130889999997961,-1.34918118344096e-13,-2.03941030729737e-13
10,CF,0.928,0.0130889999998736,0.0130889999998087,-1.2638327884229e-13,-1.91339999400242e-13
10,CF,0.93,0.0130889999998816,0.0130889999998205,-1.18400081405845e-13,-1.79523063081888e-13
10,CF,0.932,0.0130889999998891,0.0130889999998316,-1.10916484330481e-13,-1.68441649517348e-13
10,CF,0.934,0.0130889999998961,0.013088999999842,-1.03887384805823e-13,-1.58047186449295e-13
10,CF,0.936,0.0130889999999027,0.0130889999998517,-9.73231911727268e-14,-1.48304979408209e-13
10,CF,0.938,0.0130889999999088,0.0130889999998609,-9.11822700677689e-14,-1.39145639455052e-13
10,CF,0.94,0.0130889999999146,0.0130889999998694,-8.54125797866701e-14,-1.30569166589822e-13
10,CF,0.942,0.01308899999992,0.0130889999998775,-7.99967730946705e-14,-1.22499232979578e-13
10,CF,0.944,0.0130889999999251,0.0130889999998851,-7.49313805448182e-14,-1.14939308071271e-13
10,CF,0.946,0.0130889999999298,0.0130889999998922,-7.01921160084495e-14,-1.0783388071367e-13
10,CF,0.948,0.0130889999999343,0.0130889999998988,-6.57373461221411e-14,-1.01179481459823e-13
10,CF,0.95,0.0130889999999384,0.0130889999999051,-6.15948264615085e-14,-9.49310074993548e-14
10,CF,0.952,0.0130889999999423,0.0130889999999109,-5.77021069814165e-14,-8.90607032566493e-14
10,CF,0.954,0.0130889999999459,0.0130889999999164,-5.40522487879613e-14,-8.35755076256106e-14
10,CF,0.956,0.0130889999999494,0.0130889999999216,-5.0634843540287e-14,-7.84164400080556e-14
10,CF,0.958,0.0130889999999526,0.0130889999999264,-4.74325440036338e-14,-7.35835004039842e-14
10,CF,0.96,0.0130889999999556,0.013088999999931,-4.4428002943242e-14,-6.90454637908289e-14
10,CF,0.962,0.0130889999999584,0.0130889999999352,-4.16108120182557e-14,-6.4774574592974e-14
10,CF,0.964,0.013088999999961,0.0130889999999392,-3.89740323347709e-14,-6.07777717043234e-14
10,CF,0.966,0.0130889999999635,0.013088999999943,-3.65072555519319e-14,-5.70168912084057e-14
10,CF,0.968,0.0130889999999658,0.0130889999999465,-3.42035427758347e-14,-5.34954025521728e-14
10,CF,0.97,0.013088999999968,0.0130889999999498,-3.20281995369598e-14,-5.02028973947688e-14
10,CF,0.972,0.01308899999997,0.0130889999999529,-3.00159203048267e-14,-4.70977423727703e-14
10,CF,0.974,0.0130889999999719,0.0130889999999558,-2.812160226906e-14,-4.41903458270332e-14
10,CF,0.976,0.0130889999999737,0.0130889999999585,-2.63452454296598e-14,-4.14668299697496e-14
10,CF,0.978,0.0130889999999753,0.0130889999999611,-2.46729719988181e-14,-3.89063781192078e-14
10,CF,0.98,0.0130889999999769,0.0130889999999635,-2.3111720870439e-14,-3.6502051381504e-14
10,CF,0.982,0.0130889999999783,0.0130889999999657,-2.16510837036665e-14,-3.4253849756638e-14
10,CF,0.984,0.0130889999999797,0.0130889999999679,-2.02806521576449e-14,-3.21409565628983e-14
10,CF,0.986,0.013088999999981,0.0130889999999699,-1.89934873384701e-14,-3.01494940124769e-14
10,CF,0.988,0.0130889999999822,0.0130889999999717,-1.77895892461422e-14,-2.82829315523259e-14
10,CF,0.99,0.0130889999999833,0.0130889999999735,-1.6679366221517e-14,-2.65412691824451e-14
10,CF,0.992,0.0130889999999844,0.0130889999999751,-1.56107765603153e-14,-2.4903690221123e-14
10,CF,0.994,0.0130889999999854,0.0130889999999766,-1.46254536259605e-14,-2.33701946683595e-14
10,CF,0.996,0.0130889999999863,0.0130889999999781,-1.36956418428369e-14,-2.19269047363468e-14
10,CF,0.998,0.0130889999999872,0.0130889999999794,-1.28386884457043e-14,-2.05738204250849e-14
10,CF,1,0.013088999999988,0.0130889999999807,-1.20303073058992e-14,-1.93040028406699e-14
10,CF,1.002,0.0130889999999887,0.0130889999999819,-1.12600900825655e-14,-1.81105130891979e-14
10,CF,1.004,0.0130889999999895,0.013088999999983,-1.05384451165591e-14,-1.69933511706688e-14
10,CF,1.006,0.0130889999999901,0.0130889999999841,-9.87925019568792e-15,-1.59386392972749e-14
10,CF,1.008,0.0130889999999907,0.013088999999985,-9.27556642604799e-15,-1.4960255256824e-14
10,CF,1.01,0.0130889999999913,0.013088999999986,-8.67188265640806e-15,-1.40304434737004e-14
10,CF,1.012,0.0130889999999919,0.0130889999999868,-8.12371003799939e-15,-1.3166551182664e-14
10,CF,1.014,0.0130889999999924,0.0130889999999876,-7.61717078301416e-15,-1.23581700428588e-14
10,CF,1.016,0.0130889999999929,0.0130889999999884,-7.13144820974065e-15,-1.16018306073329e-14
10,CF,1.018,0.0130889999999933,0.0130889999999891,-6.68042010598668e-15,-1.08871245352304e-14
10,CF,1.02,0.0130889999999937,0.0130889999999898,-6.25020868394444e-15,-1.02105823795995e-14
10,CF,1.022,0.0130889999999942,0.0130889999999904,-5.84428339056586e-15,-9.58608192824784e-15
10,CF,1.024,0.0130889999999945,0.013088999999991,-5.48693035451464e-15,-8.98586760555986e-15
10,CF,1.026,0.0130889999999949,0.0130889999999916,-5.14692455322319e-15,-8.43075609324728e-15
10,CF,1.028,0.0130889999999952,0.0130889999999921,-4.80691875193173e-15,-7.91033905045424e-15
10,CF,1.03,0.0130889999999955,0.0130889999999926,-4.50507686711177e-15,-7.42114703022878e-15
10,CF,1.032,0.0130889999999958,0.013088999999993,-4.21711277009962e-15,-6.96664947952286e-15
10,CF,1.034,0.013088999999996,0.0130889999999935,-3.95343480175114e-15,-6.53296861052866e-15
10,CF,1.036,0.0130889999999963,0.0130889999999939,-3.71057351511439e-15,-6.1409211049579e-15
10,CF,1.038,0.0130889999999965,0.0130889999999943,-3.47465112238154e-15,-5.74540415243519e-15
10,CF,1.04,0.0130889999999968,0.0130889999999946,-3.24913707050456e-15,-5.39845945723982e-15
10,CF,1.042,0.0130889999999969,0.0130889999999949,-3.0513785942432e-15,-5.06192310290032e-15
10,CF,1.044,0.0130889999999972,0.0130889999999952,-2.84321177712599e-15,-4.75314232417645e-15
10,CF,1.046,0.0130889999999973,0.0130889999999955,-2.66626998257635e-15,-4.45823933326039e-15
10,CF,1.048,0.0130889999999975,0.0130889999999958,-2.51014486973844e-15,-4.19109191795997e-15
10,CF,1.05,0.0130889999999977,0.0130889999999961,-2.33667252214076e-15,-3.93088339656344e-15
10,CF,1.052,0.0130889999999978,0.0130889999999963,-2.20483353796652e-15,-3.68108321602278e-15
10,CF,1.054,0.0130889999999979,0.0130889999999965,-2.06605565988838e-15,-3.45903861109775e-15
10,CF,1.056,0.0130889999999981,0.0130889999999968,-1.93421667571414e-15,-3.24393290007663e-15
10,CF,1.058,0.0130889999999982,0.013088999999997,-1.80931658544381e-15,-3.04270497686332e-15
10,CF,1.06,0.0130889999999983,0.0130889999999971,-1.69135538907739e-15,-2.85882428840978e-15
10,CF,1.062,0.0130889999999984,0.0130889999999973,-1.58727198051878e-15,-2.6853519408121e-15
10,CF,1.064,0.0130889999999985,0.0130889999999975,-1.47971912500822e-15,-2.52228793407028e-15
10,CF,1.066,0.0130889999999986,0.0130889999999976,-1.38604405730547e-15,-2.35922392732846e-15
10,CF,1.068,0.0130889999999987,0.0130889999999978,-1.29583843655467e-15,-2.21350715534641e-15
10,CF,1.07,0.0130889999999988,0.0130889999999979,-1.2195106036117e-15,-2.07125983031631e-15
10,CF,1.072,0.0130889999999989,0.013088999999998,-1.14665221762067e-15,-1.95329863394988e-15
10,CF,1.074,0.0130889999999989,0.0130889999999982,-1.07032438467769e-15,-1.83880688453542e-15
10,CF,1.076,0.013088999999999,0.0130889999999983,-9.97465998686664e-16,-1.71043734731313e-15
10,CF,1.078,0.0130889999999991,0.0130889999999984,-9.41954847455406e-16,-1.60288449180257e-15
10,CF,1.08,0.0130889999999991,0.0130889999999985,-8.79504802320241e-16,-1.51267887105178e-15
10,CF,1.082,0.0130889999999992,0.0130889999999986,-8.17054757185076e-16,-1.41900380334903e-15
10,CF,1.084,0.0130889999999992,0.0130889999999987,-7.65013052905772e-16,-1.33226762955019e-15
10,CF,1.086,0.0130889999999993,0.0130889999999987,-7.19910242530375e-16,-1.25247034965525e-15
10,CF,1.088,0.0130889999999993,0.0130889999999988,-6.71337985203024e-16,-1.17267306976032e-15
10,CF,1.09,0.0130889999999994,0.0130889999999989,-6.33174068731535e-16,-1.0998146837693e-15
10,CF,1.092,0.0130889999999994,0.013088999999999,-5.91540705308091e-16,-1.03042574473022e-15
10,CF,1.094,0.0130889999999994,0.013088999999999,-5.60315682740509e-16,-9.67975699595058e-16
10,CF,1.096,0.0130889999999995,0.0130889999999991,-5.29090660172926e-16,-9.08995101411847e-16
10,CF,1.098,0.0130889999999995,0.0130889999999991,-4.87457296749483e-16,-8.50014503228635e-16
10,CF,1.1,0.0130889999999995,0.0130889999999992,-4.562322741819e-16,-7.97972798949331e-16
