law,reduction,omega_rad_s,fullReal,fullImag,reducedReal,reducedImag
pp_mean,algebraic_coning,0.1,-8.94895165253699,-26.2923580178607,-8.93589075754855,-26.2855388346888
pp_mean,algebraic_coning,0.10174193661806,-9.22922517269273,-26.6524723763757,-9.21554242948301,-26.6453864205775
pp_mean,algebraic_coning,0.103514216667934,-9.51717598509287,-27.0144274041331,-9.50284078871354,-27.0070677832265
pp_mean,algebraic_coning,0.105317368712972,-9.81294505568745,-27.378079550883,-9.79792535918432,-27.3704395148363
pp_mean,algebraic_coning,0.107151930523761,-10.1166715325853,-27.7432777788579,-10.1009337913955,-27.7353507580196
pp_mean,algebraic_coning,0.109018449238513,-10.4284924075336,-28.1098634468093,-10.4120015230732,-28.1016430930923
pp_mean,algebraic_coning,0.11091748152624,-10.7485421619381,-28.4776702069134,-10.7312614245063,-28.4691504383899
pp_mean,algebraic_coning,0.112849593752776,-11.0769523976221,-28.8465239158579,-11.0588434287661,-28.837698964922
pp_mean,algebraic_coning,0.114815362149688,-11.4138514526161,-29.2162425614626,-11.3948741471136,-29.2071070267115
pp_mean,algebraic_coning,0.116815372986132,-11.75936400237,-29.5866362062145,-11.7394764700044,-29.5771851082006
pp_mean,algebraic_coning,0.118850222743702,-12.113610646885,-29.9575069491298,-12.0927691542053,-29.9477357901245
pp_mean,algebraic_coning,0.120920518294321,-12.476707484378,-30.3286489073691,-12.454866396651,-30.3185537352778
pp_mean,algebraic_coning,0.123026877081238,-12.8487656722072,-30.6998482190487,-12.8258773957892,-30.6894256956048
pp_mean,algebraic_coning,0.125169927303173,-13.2298909759147,-31.0708830686904,-13.2059059012869,-31.0601305420465
pp_mean,algebraic_coning,0.127350308101666,-13.6201833073735,-31.4415237367479,-13.5950497531017,-31.430439318571
pp_mean,algebraic_coning,0.129568669751702,-14.0197362531567,-31.8115326746285,-13.9934004110566,-31.8001153217925
pp_mean,algebraic_coning,0.131825673855641,-14.4286365943924,-32.1806646066035,-14.4010424761954,-32.1689142075543
pp_mean,algebraic_coning,0.134121993540537,-14.8469638195038,-32.548666659957,-14.8180532053388,-32.5365841258103
pp_mean,algebraic_coning,0.136458313658892,-15.2747896313836,-32.9152785246721,-15.2445020204028,-32.9028658850812
pp_mean,algebraic_coning,0.138835330992905,-15.7121774506937,-33.2802326438833,-15.6804500141895,-33.2674931476939
pp_mean,algebraic_coning,0.141253754462275,-16.1591819171303,-33.6432544362442,-16.1259494545013,-33.6301926569278
pp_mean,algebraic_coning,0.143714305335639,-16.6158483906364,-34.0040625512638,-16.5810432885746,-33.9906844970941
pp_mean,algebraic_coning,0.146217717445672,-17.0822124546865,-34.3623691585476,-17.0457646499699,-34.3486823874571
pp_mean,algebraic_coning,0.14876473740795,-17.5582994239058,-34.7178802717586,-17.5201363701869,-34.7038940107788
pp_mean,algebraic_coning,0.151356124843621,-18.0441238584167,-35.0702961079619,-18.0041704974078,-35.0560213771213
pp_mean,algebraic_coning,0.153992652605949,-18.5396890874298,-35.4193114828629,-18.4978678248878,-35.4047612233781
pp_mean,algebraic_coning,0.156675107010815,-19.0449867447108,-35.7646162422661,-19.0012174316266,-35.7498054488279
pp_mean,algebraic_coning,0.159404288071222,-19.5599963186549,-36.1058957298965,-19.5141962380525,-36.0908415868127
pp_mean,algebraic_coning,0.162181009735893,-20.0846847197953,-36.4428312915116,-20.0367685795387,-36.4275533124296
pp_mean,algebraic_coning,0.165006100132023,-20.6190058686382,-36.7751008150163,-20.568885800637,-36.7596209859068
pp_mean,algebraic_coning,0.167880401812256,-21.162900306781,-37.1023793060531,-21.1104858729749,-37.0867222310979
pp_mean,algebraic_coning,0.170804772005971,-21.7162948343031,-37.424339498298,-21.6614930397867,-37.408532548278
pp_mean,algebraic_coning,0.173780082874938,-22.279102176438,-37.7406524974305,-22.2218174900685,-37.7247259601739
pp_mean,algebraic_coning,0.176807221773432,-22.8512206825275,-38.0509884574824,-22.7913550653337,-38.0349756898871
pp_mean,algebraic_coning,0.179887091512879,-23.4325340602297,-38.3550172879954,-23.3699870019094,-38.3389548691017
pp_mean,algebraic_coning,0.183020610631106,-24.0229111478962,-38.6524093901418,-23.9575797116579,-38.6363372746906
pp_mean,algebraic_coning,0.186208713666287,-24.6222057279508,-38.9428364196784,-24.5539846039152,-38.9267980915546
pp_mean,algebraic_coning,0.189452351435659,-25.2302563839913,-39.2259720743303,-25.159037951326,-39.2100146992527
pp_mean,algebraic_coning,0.192752491319094,-25.8468864041968,-39.5014929029194,-25.7725608021107,-39.4856674797099
pp_mean,algebraic_coning,0.196110117547605,-26.4719037334556,-39.7690791332877,-26.3943589411261,-39.75344064302
pp_mean,algebraic_coning,0.199526231496888,-27.1051009764284,-40.0284155158023,-27.0242229018818,-40.0130230681085
pp_mean,algebraic_coning,0.203001851985968,-27.746255453541,-40.2791921789857,-27.6619280314435,-40.2641091547756
pp_mean,algebraic_coning,0.206538015581053,-28.3951293116406,-40.5211054935804,-28.3072346098978,-40.5063996834155
pp_mean,algebraic_coning,0.210135776904675,-29.0514696907752,-40.7538589411498,-28.9598880257691,-40.7396026785018
pp_mean,algebraic_coning,0.213796208950223,-29.7150089482448,-40.9771639831267,-29.6196190084718,-40.9634342717461
pp_mean,algebraic_coning,0.217520403401952,-30.3854649407454,-41.1907409260587,-30.2861439185465,-41.1776195606828
pp_mean,algebraic_coning,0.221309470960564,-31.0625413650787,-41.3943197786679,-30.959165096082,-41.3818934583036
pp_mean,algebraic_coning,0.225164541674462,-31.7459281575257,-41.5876410962388,-31.6383712673506,-41.5760015292734
pp_mean,algebraic_coning,0.229086765276777,-32.4353019516045,-41.7704568077824,-32.3234380093026,-41.7597008081955
pp_mean,algebraic_coning,0.233077311528264,-33.1303265935328,-41.9425310213928,-33.0140282711712,-41.932760595374
pp_mean,algebraic_coning,0.237137370566166,-33.8306537143115,-42.1036408032178,-33.7097929520344,-42.0949632255324
pp_mean,algebraic_coning,0.241268153259163,-34.5359233569408,-42.2535769255167,-34.4103715327764,-42.246104805002
pp_mean,algebraic_coning,0.245470891568503,-35.245764656869,-42.3921445793576,-35.115392760487,-42.3859959129885
pp_mean,algebraic_coning,0.249746838915414,-35.9597965733718,-42.5191640476428,-35.8244753829364,-42.5144622626584
pp_mean,algebraic_coning,0.254097270554931,-36.6776286691682,-42.6344713343119,-36.5372289303755,-42.631345317963
pp_mean,algebraic_coning,0.258523483956219,-37.3988619351953,-42.7379187457861,-37.2532545415353,-42.7365028623298
pp_mean,algebraic_coning,0.263026799189538,-38.1230896571034,-42.8293754209606,-37.9721458303439,-42.8298095156073
pp_mean,algebraic_coning,0.267608559319933,-38.8498983196948,-42.908727806339,-38.6934897895469,-42.9111571959345
pp_mean,algebraic_coning,0.272270130807791,-39.578868545212,-42.9758800732217,-39.4168677271101,-42.9804555235326
pp_mean,algebraic_coning,0.277012903916373,-40.309576061105,-43.0307544742102,-40.1418562310104,-43.0376321637684
pp_mean,algebraic_coning,0.281838293126445,-41.0415926926507,-43.0732916366717,-40.8680281577792,-43.0826331072225
pp_mean,algebraic_coning,0.286747737558132,-41.7744873755956,-43.1034507912099,-41.5949536399608,-43.1154228849014
pp_mean,algebraic_coning,0.291742701400117,-42.5078271838131,-43.1212099336156,-42.3222011074871,-43.135984717157
pp_mean,algebraic_coning,0.296824674346324,-43.2411783668451,-43.1265659192119,-43.0493383178468,-43.1443205953203
pp_mean,algebraic_coning,0.301995172040202,-43.9741073921083,-43.119534488962,-43.775933389857,-43.140451295509
pp_mean,algebraic_coning,0.307255736526745,-44.7061819865082,-43.1001502271693,-44.5015558358084,-43.124416324523
pp_mean,algebraic_coning,0.312607936712396,-45.43697217221,-43.0684664510594,-45.2257775867725,-43.0962737982048
pp_mean,algebraic_coning,0.318053368832952,-46.1660512913657,-43.024555032996,-45.9481740059203,-43.0561002530954
pp_mean,algebraic_coning,0.323593656929628,-46.8929970146948,-42.9685061565307,-46.6683248848033,-43.0039903926605
pp_mean,algebraic_coning,0.329230453333406,-47.6173923289557,-42.900428007926,-47.3858154176956,-42.9400567697971
pp_mean,algebraic_coning,0.334965439157828,-48.3388264985269,-42.8204464052129,-48.1002371492851,-42.8644294077413
pp_mean,algebraic_coning,0.340800324800365,-49.0568959965378,-42.7287043672384,-48.8111888912272,-42.7772553618923
pp_mean,algebraic_coning,0.346736850452532,-49.7712054012484,-42.6253616255363,-49.5182776033385,-42.6786982254291
pp_mean,algebraic_coning,0.352776786618874,-50.4813682536662,-42.5105940821937,-50.2211192355001,-42.5689375819351
pp_mean,algebraic_coning,0.358921934645005,-51.1870078727122,-42.3845932171968,-50.9193395266682,-42.4481684085444
pp_mean,algebraic_coning,0.365174127254838,-51.8877581245904,-42.2475654490159,-51.6125747577324,-42.3166004333901
pp_mean,algebraic_coning,0.371535229097173,-52.5832641433882,-42.0997314524238,-52.3004724553364,-42.1744574513653
pp_mean,algebraic_coning,0.378007137301811,-53.2731830003133,-41.9413254377432,-52.9826920441547,-42.0219766023956
pp_mean,algebraic_coning,0.384591782045354,-53.9571843193763,-41.7725943958733,-53.6589054455205,-41.8594076165695
pp_mean,algebraic_coning,0.391291127126853,-54.6349508377283,-41.5937973135645,-54.3287976206991,-41.6870120305845
pp_mean,algebraic_coning,0.398107170553497,-55.3061789092749,-41.4052043634871,-54.9920670575093,-41.5050623800339
pp_mean,algebraic_coning,0.405041945136493,-55.9705789505925,-41.2070960736733,-55.6484261993985,-41.3138413720856
pp_mean,algebraic_coning,0.41209751909733,-56.6278758285788,-40.9997624809104,-56.2976018164753,-41.1136410430985
pp_mean,algebraic_coning,0.419275996684605,-57.27780918966,-40.7835022726234,-56.9393353183934,-40.9047619056691
pp_mean,algebraic_coning,0.426579518801593,-57.9201337307598,-40.5586219217041,-57.5733830093537,-40.6875120895236
pp_mean,algebraic_coning,0.434010263644744,-58.5546194125984,-40.3254348186394,-58.1995162858527,-40.4622064805514
pp_mean,algebraic_coning,0.441570447353313,-59.1810516162376,-40.0842604051451,-58.8175217781423,-40.2291658621326
pp_mean,algebraic_coning,0.449262324670293,-59.7992312441091,-39.8354233133441,-59.4272014366846,-39.9887160627375
pp_mean,algebraic_coning,0.457088189614875,-60.4089747670655,-39.5792525143359,-60.0283725651787,-39.7411871135796
pp_mean,algebraic_coning,0.465050376166606,-61.0101142192654,-39.3160804797806,-60.6208678020004,-39.486912419884
pp_mean,algebraic_coning,0.473151258961481,-61.602497142953,-39.0462423598949,-61.2045350521416,-39.2262279490969
pp_mean,algebraic_coning,0.481393254000145,-62.1859864854095,-38.7700751809979,-61.7792373719412,-38.9594714391112
pp_mean,algebraic_coning,0.489778819368446,-62.7604604505446,-38.4879170654892,-62.3448528090865,-38.6869816293184
pp_mean,algebraic_coning,0.49831045597053,-63.3258123077572,-38.2001064768638,-62.9012742005191,-38.4090975170288
pp_mean,algebraic_coning,0.506990708274704,-63.8819501608261,-37.9069814920966,-63.4484089309995,-38.1261576415233
pp_mean,algebraic_coning,0.515822165072306,-64.4287966796959,-37.6088791034465,-63.9861786551905,-37.8384993977249
pp_mean,algebraic_coning,0.524807460249773,-64.9662887980986,-37.3061345514487,-64.5145189861815,-37.5464583811967
pp_mean,algebraic_coning,0.533949273574177,-65.4943773800019,-36.9990806905916,-65.0333791534256,-37.2503677659031
pp_mean,algebraic_coning,0.543250331492433,-66.0130268578978,-36.6880473888972,-65.542721633079,-36.9505577158985
pp_mean,algebraic_coning,0.552713407944435,-66.5222148459482,-36.3733609623644,-66.0425217537264,-36.6473548318491
pp_mean,algebraic_coning,0.562341325190349,-67.0219317309781,-36.0553436449744,-66.5327672804527,-36.3410816330417
pp_mean,algebraic_coning,0.572136954652326,-67.5121802442704,-35.7343130947185,-67.0134579801739,-36.0320560752914
pp_mean,algebraic_coning,0.582103217770871,-67.9929750170485,-35.410581935872,-67.4846051710757,-35.7205911049347
pp_mean,algebraic_coning,0.592243086876131,-68.4643421224615,-35.0844573375235,-67.9462312589295,-35.4069942488804
pp_mean,algebraic_coning,0.602559586074358,-68.9263186067904,-34.7562406281622,-68.3983692629588,-35.0915672404893
pp_mean,algebraic_coning,0.613055792149821,-69.3789520124892,-34.4262269459406,-68.841062333823,-34.7746056808727
pp_mean,algebraic_coning,0.623734835482419,-69.8222998955601,-34.0947049240547,-69.2743632661689,-34.456398735029
pp_mean,algebraic_coning,0.634599900981287,-70.2564293396339,-33.7619564105288,-69.6983340080707,-34.1372288620876
pp_mean,algebraic_coning,0.645654229034656,-70.6814164689969,-33.4282562215515,-70.1130451695502,-33.8173715787908
pp_mean,algebraic_coning,0.656901116476266,-71.0973459626658,-33.0938719273854,-70.5185755322273,-33.4970952552267
pp_mean,algebraic_coning,0.668343917568615,-71.50431057147,-32.759063669762,-70.9150115620102,-33.176660941718
pp_mean,algebraic_coning,0.679986045003322,-71.9024106399584,-32.4240840095845,-71.3024469265911,-32.8563222256856
pp_mean,algebraic_coning,0.691830970918936,-72.2917536347997,-32.0891778036787,-71.6809820193672,-32.5363251172287
pp_mean,algebraic_coning,0.703882227936457,-72.6724536812012,-31.754582109269,-72.0507234912627,-32.2169079621026
pp_mean,algebraic_coning,0.716143410212902,-73.04463110873,-31.4205261148091,-72.4117837917867,-31.8983013807281
pp_mean,algebraic_coning,0.728618174513228,-73.4084120077746,-31.0872310957532,-72.7642807205191,-31.5807282318322
pp_mean,algebraic_coning,0.741310241300917,-73.7639277977523,-30.7549103938333,-73.1083369900823,-31.2644035992945
pp_mean,algebraic_coning,0.754223395847571,-74.1113148080318,-30.4237694183902,-73.4440798015231,-30.9495348007635
pp_mean,algebraic_coning,0.767361489361819,-74.4507138724118,-30.0940056683016,-73.7716404329046,-30.6363214166027
pp_mean,algebraic_coning,0.780728440137907,-74.7822699378763,-29.7658087730554,-74.0911538417825,-30.3249553377345
pp_mean,algebraic_coning,0.794328234724281,-75.1061316882261,-29.4393605515308,-74.4027582821274,-30.0156208309637
pp_mean,algebraic_coning,0.808164929112537,-75.4224511830807,-29.1148350870675,-74.7065949361456,-29.7084946203849
pp_mean,algebraic_coning,0.822242649947071,-75.7313835126342,-28.7923988174326,-75.0028075613461,-29.4037459835067
pp_mean,algebraic_coning,0.83656559575581,-76.0330864684594,-28.4722106383287,-75.2915421531067,-29.1015368607609
pp_mean,algebraic_coning,0.851138038202377,-76.3277202305558,-28.1544220191204,-75.5729466229028,-28.8020219771017
pp_mean,algebraic_coning,0.865964323360065,-76.6154470707587,-27.8391771295046,-75.8471704922803,-28.5053489744454
pp_mean,algebraic_coning,0.881048873008014,-76.8964310725502,-27.5266129758907,-76.1143646025758,-28.2116585537471
pp_mean,algebraic_coning,0.89639618594995,-77.1708378672377,-27.2168595463085,-76.3746808403226,-27.9210846255596
pp_mean,algebraic_coning,0.91201083935591,-77.4388343864079,-26.9100399627109,-76.6282718782124,-27.6337544679723
pp_mean,algebraic_coning,0.927897490127331,-77.7005886305041,-26.6062706395913,-76.8752909314325,-27.3497888908799
pp_mean,algebraic_coning,0.944060876285923,-77.9562694533237,-26.3056614478897,-77.1158915291423,-27.0693024055851
pp_mean,algebraic_coning,0.960505818386731,-78.2060463621886,-26.0083158832141,-77.3502273008116,-26.7924033987946
pp_mean,algebraic_coning,0.977237220955811,-78.4500893335026,-25.7143312374594,-77.5784517771039,-26.5191943101222
pp_mean,algebraic_coning,0.994260073952957,-78.6885686433738,-25.4237987729589,-77.8007182049528,-26.2497718122653
pp_mean,algebraic_coning,1.0115794542599,-78.9216547129533,-25.136803898358,-78.0171793764507,-25.9842269930786
pp_mean,algebraic_coning,1.02920052719443,-79.1495179681164,-24.8534263454495,-78.2279874711471,-25.7226455388181
pp_mean,algebraic_coning,1.0471285480509,-79.3723287130934,-24.5737403462642,-78.4332939113316,-25.4651079178815
pp_mean,algebraic_coning,1.06536886366756,-79.5902570176403,-24.2978148097583,-78.6332492298602,-25.2116895644227
pp_mean,algebraic_coning,1.0839269140212,-79.8034726173312,-24.0257134974859,-78.8280029500747,-24.9624610612639
pp_mean,algebraic_coning,1.10280823384955,-80.0121448265418,-23.7574951976952,-79.0177034773525,-24.7174883215778
pp_mean,algebraic_coning,1.12201845430196,-80.2164424636931,-23.4932138973254,-79.2024980018209,-24.4768327688579
pp_mean,algebraic_coning,1.14156330461885,-80.4165337883189,-23.2329189514297,-79.3825324117648,-24.2405515147348
pp_mean,algebraic_coning,1.16144861384034,-80.6125864495231,-22.976655249584,-79.5579512172601,-24.0086975342423
pp_mean,algebraic_coning,1.18168031254478,-80.8047674453978,-22.724463378883,-79.728897483562,-23.781319838171
pp_mean,algebraic_coning,1.20226443461741,-80.9932430929735,-22.4763797831593,-79.8955127737859,-23.5584636421875
pp_mean,algebraic_coning,1.22320711904993,-81.1781790082863,-22.2324369180934,-80.0579371004216,-23.3401705324314
pp_mean,algebraic_coning,1.24451461177139,-81.3597400961509,-21.9926634019154,-80.2163088852297,-23.1264786273329
pp_mean,algebraic_coning,1.26619326751094,-81.5380905492416,-21.7570841614274,-80.3707649270775,-22.917422735427
pp_mean,algebraic_coning,1.28824955169313,-81.7133938560944,-21.5257205731002,-80.5214403772819,-22.7130345089668
pp_mean,algebraic_coning,1.31069004236608,-81.8858128176552,-21.2985905990258,-80.6684687220366,-22.5133425931671
pp_mean,algebraic_coning,1.33352143216332,-82.0555095720141,-21.0757089175258,-80.8119817715136,-22.3183727709296
pp_mean,algebraic_coning,1.35675053029986,-82.2226456269805,-20.8570870482384,-80.9521096552392,-22.1281481029305
pp_mean,algebraic_coning,1.38038426460288,-82.3873819001672,-20.6427334715216,-81.0889808233604,-21.9426890629642
pp_mean,algebraic_coning,1.40442968357795,-82.5498787662685,-20.4326537420305,-81.2227220534266,-21.7620136684621
pp_mean,algebraic_coning,1.4288939585111,-82.7102961112335,-20.2268505963358,-81.3534584623281,-21.5861376061197
pp_mean,algebraic_coning,1.45378438560766,-82.8687933930513,-20.0253240544654,-81.4813135230441,-21.415074352581
pp_mean,algebraic_coning,1.47910838816821,-83.0255297088807,-19.8280715152605,-81.6064090858674,-21.2488352901443
pp_mean,algebraic_coning,1.50487351880251,-83.1806638682752,-19.6350878454458,-81.7288654037844,-21.0874298174658
pp_mean,algebraic_coning,1.53108746168203,-83.3343544722687,-19.4463654623196,-81.8488011617048,-20.9308654552482
pp_mean,algebraic_coning,1.5577580348316,-83.4867599981043,-19.2618944099751,-81.9663335092457,-20.7791479469118
pp_mean,algebraic_coning,1.58489319246111,-83.6380388894048,-19.0816624289674,-82.0815780967882,-20.6322813542558
pp_mean,algebraic_coning,1.61250102733774,-83.7883496515999,-18.9056550193421,-82.1946491145379,-20.4902681481216
pp_mean,algebraic_coning,1.64058977319954,-83.9378509524393,-18.7338554969408,-82.3056593343291,-20.3531092940806
pp_mean,algebraic_coning,1.66916780721106,-84.086701727438,-18.5662450429002,-82.4147201539295,-20.220804333172
pp_mean,algebraic_coning,1.69824365246174,-84.2350612901143,-18.4028027462543,-82.5219416436059,-20.0933514577215
pp_mean,algebraic_coning,1.72782598050786,-84.383089446896,-18.2435056395497,-82.627432594728,-19.9707475822758
pp_mean,algebraic_coning,1.75792361395869,-84.5309466165829,-18.0883287273744,-82.7313005701942,-19.8529884096901
pp_mean,algebraic_coning,1.78854552910777,-84.6787939542722,-17.9372450076963,-82.833651956471,-19.7400684924107
pp_mean,algebraic_coning,1.81970085860998,-84.8267934796603,-17.790225485897,-82.9345920170514,-19.6319812889916
pp_mean,algebraic_coning,1.85139889420527,-84.9751082096526,-17.6472391813794,-83.0342249471385,-19.5287192158917
pp_mean,algebraic_coning,1.8836490894898,-85.1239022952241,-17.5082531266136,-83.1326539293759,-19.4302736945932
pp_mean,algebraic_coning,1.91646106273539,-85.2733411624832,-17.373232358476,-83.2299811904457,-19.3366351940884
pp_mean,algebraic_coning,1.94984459975805,-85.423591657907,-17.2421399017196,-83.3263080583664,-19.2477932687754
pp_mean,algebraic_coning,1.98380965683651,-85.5748221977222,-17.1149367444031,-83.4217350203267,-19.1637365918096
pp_mean,algebraic_coning,2.01836636368156,-85.7272029214213,-16.991581805084,-83.5163617808952,-19.0844529839504
pp_mean,algebraic_coning,2.05352502645715,-85.8809058494091,-16.8720318915682,-83.6102873204517,-19.0099294379467
pp_mean,algebraic_coning,2.08929613085404,-86.0361050447866,-16.7562416509862,-83.7036099536887,-18.9401521385016
pp_mean,algebraic_coning,2.12569034521711,-86.1929767792882,-16.6441635109467,-83.7964273880348,-18.875106477854
pp_mean,algebraic_coning,2.16271852372702,-86.3516997033933,-16.535747611494,-83.8888367818537,-18.8147770670162
pp_mean,algebraic_coning,2.2003917096374,-86.5124550206447,-16.4309417275748,-83.9809348022757,-18.7591477427032
pp_mean,algebraic_coning,2.23872113856834,-86.6754266662102,-16.3296911816914,-84.0728176825172,-18.7082015699895
pp_mean,algebraic_coning,2.27771824185732,-86.8408014897311,-16.2319387463911,-84.1645812785461,-18.6619208407254
pp_mean,algebraic_coning,2.31739464996848,-87.0087694425062,-16.1376245362147,-84.2563211249513,-18.6202870677472
pp_mean,algebraic_coning,2.35776219596125,-87.1795237690653,-16.046685888693,-84.3481324898716,-18.5832809749119
pp_mean,algebraic_coning,2.39883291901949,-87.3532612031885,-15.9590572339473,-84.4401104288409,-18.550882482987
pp_mean,algebraic_coning,2.44061906804198,-87.5301821684323,-15.8746699524156,-84.5323498374012,-18.5230706914256
pp_mean,algebraic_coning,2.48313310529557,-87.7104909832239,-15.7934522201878,-84.6249455023377,-18.4998238560573
pp_mean,algebraic_coning,2.5263877101319,-87.8943960705871,-15.7153288413905,-84.7179921513816,-18.481119362724
pp_mean,algebraic_coning,2.57039578276886,-88.0821101725626,-15.6402210670231,-84.8115845012272,-18.4669336968925
pp_mean,algebraic_coning,2.615170448138,-88.2738505693839,-15.5680463995966,-84.9058173037046,-18.457242409274
pp_mean,algebraic_coning,2.66072505979881,-88.4698393034682,-15.4987183828809,-85.0007853899441,-18.4520200774842
pp_mean,algebraic_coning,2.70707320392136,-88.6703034082772,-15.4321463760115,-85.0965837123657,-18.45124026378
pp_mean,algebraic_coning,2.75422870333817,-88.8754751420954,-15.3682353111528,-85.1933073843193,-18.4548754689087
pp_mean,algebraic_coning,2.80220562166675,-89.0855922267697,-15.3068854338535,-85.2910517171994,-18.462897082112
pp_mean,algebraic_coning,2.85101826750391,-89.3008980914415,-15.2479920251685,-85.3899122548478,-18.4752753273293
pp_mean,algebraic_coning,2.90068119869315,-89.5216421212925,-15.1914451045509,-85.4899848050561,-18.4919792056505
pp_mean,algebraic_coning,2.95120922666639,-89.7480799113113,-15.1371291124473,-85.5913654679704,-18.512976434072
pp_mean,algebraic_coning,3.00261742086127,-89.9804735250706,-15.0849225714511,-85.6941506611958,-18.5382333806199
pp_mean,algebraic_coning,3.05492111321551,-90.2190917584883,-15.0346977247839,-85.7984371413902,-18.5677149959067
pp_mean,algebraic_coning,3.10813590273948,-90.464210408519,-14.9863201507898,-85.9043220221325,-18.6013847412006
pp_mean,algebraic_coning,3.16227766016838,-90.7161125466986,-14.9396483520268,-86.0119027878414,-18.6392045130922
pp_mean,algebraic_coning,3.2173625326956,-90.9750887974335,-14.8945333174434,-86.1212773035147,-18.6811345648561
pp_mean,algebraic_coning,3.27340694878838,-91.241437620893,-14.8508180560123,-86.2325438200545,-18.727133424615
pp_mean,algebraic_coning,3.33042762308746,-91.5154656003171,-14.8083371000834,-86.3458009749352,-18.7771578104264
pp_mean,algebraic_coning,3.38844156139203,-91.7974877335143,-14.7669159765846,-86.4611477879655,-18.831162542426
pp_mean,algebraic_coning,3.44746606573149,-92.0878277282643,-14.7263706440703,-86.5786836518931,-18.8891004521765
pp_mean,algebraic_coning,3.50751873952568,-92.3868183012849,-14.6865068934683,-86.6985083175904,-18.9509222893875
pp_mean,algebraic_coning,3.56861749283481,-92.6948014803527,-14.6471197102217,-86.8207218735619,-19.0165766261873
pp_mean,algebraic_coning,3.63078054770101,-93.0121289090888,-14.6079925953561,-86.9454247195044,-19.0860097591481
pp_mean,algebraic_coning,3.69402644358283,-93.3391621538373,-14.5688968428205,-87.0727175336526,-19.1591656092851
pp_mean,algebraic_coning,3.75837404288444,-93.6762730119584,-14.5295907702592,-87.2027012336398,-19.2359856202718
pp_mean,algebraic_coning,3.82384253658113,-94.0238438207514,-14.4898189001643,-87.3354769306028,-19.316408655134
pp_mean,algebraic_coning,3.89045144994281,-94.3822677660911,-14.4493110881341,-87.4711458762616,-19.4003708917124
pp_mean,algebraic_coning,3.95822064835722,-94.7519491897207,-14.4077815947254,-87.6098094027069,-19.4878057172046
pp_mean,algebraic_coning,4.02717034325459,-95.1333038939751,-14.3649280971291,-87.7515688546336,-19.5786436221259
pp_mean,algebraic_coning,4.09732109813542,-95.5267594425317,-14.3204306366203,-87.8965255137617,-19.6728120940553
pp_mean,algebraic_coning,4.16869383470335,-95.9327554555701,-14.2739504974412,-88.0447805151986,-19.7702355115587
pp_mean,algebraic_coning,4.24130983910488,-96.3517438974903,-14.2251290124497,-88.1964347555032,-19.8708350387149
pp_mean,algebraic_coning,4.31519076827765,-96.7841893550701,-14.1735862905303,-88.3515887922266,-19.9745285206943
pp_mean,algebraic_coning,4.39035865640945,-97.2305693036425,-14.1189198603897,-88.5103427347204,-20.0812303808766
pp_mean,algebraic_coning,4.46683592150963,-97.6913743585317,-14.0607032249701,-88.6727961260195,-20.1908515200188
pp_mean,algebraic_coning,4.54464537209509,-98.1671085086017,-13.9984843202849,-88.8390478156296,-20.3032992180227
pp_mean,algebraic_coning,4.6238102139926,-98.6582893283349,-13.9317838720334,-89.0091958230723,-20.4184770388758
pp_mean,algebraic_coning,4.70435405725976,-99.1654481643676,-13.8600936428602,-89.1833371920692,-20.5362847393761
pp_mean,algebraic_coning,4.78630092322638,-99.6891302918495,-13.7828745626119,-89.3615678352768,-20.6566181822801
pp_mean,algebraic_coning,4.86967525165863,-100.229895035367,-13.6995547333861,-89.5439823695175,-20.7793692545432
pp_mean,algebraic_coning,4.9545019080479,-100.788315848455,-13.6095273005813,-89.730673941494,-20.9044257913516
pp_mean,algebraic_coning,5.04080619102669,-101.364980344919,-13.5121481805261,-89.9217340440108,-21.0316715066727
pp_mean,algebraic_coning,5.12861383991365,-101.960490274274,-13.4067336346041,-90.1172523227781,-21.1609859310769
pp_mean,algebraic_coning,5.21795104239002,-102.57546143258,-13.2925576790855,-90.3173163739194,-21.292244357608
pp_mean,algebraic_coning,5.30884444230988,-103.210523498772,-13.1688493191336,-90.5220115323599,-21.4253177965008
pp_mean,algebraic_coning,5.40132114764635,-103.866319785287,-13.0347895946786,-90.7314206513306,-21.5600729395616
pp_mean,algebraic_coning,5.49540873857624,-104.543506890264,-12.8895084250318,-90.9456238732837,-21.696372135046
pp_mean,algebraic_coning,5.5911352757056,-105.242754236923,-12.7320812382716,-91.1646983925821,-21.8340733738739
pp_mean,algebraic_coning,5.68852930843841,-105.964743483793,-12.5615253705549,-91.3887182103922,-21.9730302880334
pp_mean,algebraic_coning,5.78761988349121,-106.710167787307,-12.3767962196158,-91.6177538822862,-22.1130921620235
pp_mean,algebraic_coning,5.88843655355589,-107.479730895803,-12.1767831358073,-91.8518722591304,-22.254103958182
pp_mean,algebraic_coning,5.99100938611354,-108.274146051216,-11.9603050331387,-92.0911362219192,-22.3959063567363
pp_mean,algebraic_coning,6.09536897240169,-109.094134671567,-11.726105701875,-92.3356044112913,-22.5383358113963
pp_mean,algebraic_coning,6.20154643653785,-109.940424783814,-11.4728488034186,-92.5853309525516,-22.6812246212865
pp_mean,algebraic_coning,6.30957344480193,-110.813749172595,-11.1991125274129,-92.8403651771012,-22.8244010199819
pp_mean,algebraic_coning,6.41948221508036,-111.714843205839,-10.9033838903277,-93.1007513412676,-22.9676892823742
pp_mean,algebraic_coning,6.53130552647472,-112.64444229306,-10.5840526542494,-93.3665283436093,-23.1109098500461
pp_mean,algebraic_coning,6.6450767290778,-113.603278926349,-10.239404844261,-93.6377294418524,-23.2538794757761
pp_mean,algebraic_coning,6.76082975391982,-114.592079247498,-9.86761584272181,-93.9143819707018,-23.3964113877309
pp_mean,algebraic_coning,6.87859912308807,-115.611559077301,-9.46674303903096,-94.1965070618479,-23.538315473827
pp_mean,algebraic_coning,6.99841996002273,-116.662419334708,-9.03471801418096,-94.484119367566,-23.6793984866603
pp_mean,algebraic_coning,7.12032799999203,-117.745340764175,-8.56933824070642,-94.7772267893788,-23.8194642693091
pp_mean,algebraic_coning,7.2443596007499,-118.860977878936,-8.06825828065877,-95.0758302133189,-23.9583140022123
pp_mean,algebraic_coning,7.37055175337934,-120.009952016183,-7.52898046718179,-95.3799232533862,-24.0957464712141
pp_mean,algebraic_coning,7.49894209332456,-121.19284338684,-6.9488450593474,-95.6894920048516,-24.2315583567456
pp_mean,algebraic_coning,7.62956891161533,-122.410181987891,-6.32501986541573,-96.0045148090959,-24.3655445439842
pp_mean,algebraic_coning,7.76247116628692,-123.66243722879,-5.65448933693817,-96.324962031713,-24.4974984536965
pp_mean,algebraic_coning,7.89768849399886,-124.950006105233,-4.93404314553044,-96.6507958556219,-24.6272123933233
pp_mean,algebraic_coning,8.03526122185617,-126.273199733483,-4.16026426618003,-96.9819700909481,-24.754477927721
pp_mean,algebraic_coning,8.1752303794365,-127.63222803632,-3.32951660619661,-97.3184300034281,-24.8790862688107
pp_mean,algebraic_coning,8.31763771102671,-129.027182347566,-2.43793223804769,-97.6601121630759,-25.0008286832357
pp_mean,algebraic_coning,8.46252568807269,-130.458015675995,-1.48139831815171,-98.0069443148161,-25.119496916958
pp_mean,algebraic_coning,8.60993752184601,-131.924520341365,-0.455543803183208,-98.3588452727438,-25.2348836355671
pp_mean,algebraic_coning,8.75991717633117,-133.42630266555,0.644273888301239,-98.7157248396036,-25.3467828789085
pp_mean,algebraic_coning,8.91250938133745,-134.962754370636,1.82298207678218,-99.0774837530039,-25.4549905284782
pp_mean,algebraic_coning,9.06775964583905,-136.53302030399,3.08580563920377,-99.4440136597808,-25.5593047858736
pp_mean,algebraic_coning,9.22571427154763,-138.135962078558,4.43827913166811,-99.8151971198163,-25.6595266604378
pp_mean,algebraic_coning,9.38642036672135,-139.770117186255,5.88625782770849,-100.19090764048,-25.7554604640914
pp_mean,algebraic_coning,9.54992586021436,-141.433653114956,7.43592718858797,-100.571009742722,-25.846914311209
pp_mean,algebraic_coning,9.71627951577106,-143.124315977649,9.09381017040557,-100.955359059671,-25.9337006212758
pp_mean,algebraic_coning,9.88553094656939,-144.839373148796,10.8667716407996,-101.343802468432,-26.0156366219482
pp_mean,algebraic_coning,10.0577306300174,-146.575549401993,12.7620190230838,-101.736178255565,-26.092544850047
pp_mean,algebraic_coning,10.2329299228075,-148.328956059766,14.7870981051665,-102.132316316542,-26.1642536479328
pp_mean,algebraic_coning,10.4111810762334,-150.095012707543,16.9498827422575,-102.532038389244,-26.2305976526535
pp_mean,algebraic_coning,10.5925372517729,-151.868361097826,19.2585569443698,-102.935158321359,-26.2914182752128
pp_mean,algebraic_coning,10.7770525369432,-153.642770987744,21.7215875711444,-103.341482371302,-26.3465641672894
pp_mean,algebraic_coning,10.9647819614319,-155.411037826221,24.347685558255,-103.750809542021,-26.3958916727396
pp_mean,algebraic_coning,11.1557815135085,-157.164872451087,27.1457532746066,-104.162931946863,-26.4392652612423
pp_mean,algebraic_coning,11.3501081567232,-158.894783289451,30.1248152640237,-104.577635206384,-26.4765579414924
pp_mean,algebraic_coning,11.5478198468946,-160.589951997095,33.2939292700933,-104.994698874787,-26.5076516514262
pp_mean,algebraic_coning,11.7489755493953,-162.238104047053,36.6620740954228,-105.413896894432,-26.5324376230542
pp_mean,algebraic_coning,11.9536352567372,-163.825376508257,40.2380105321084,-105.834998076634,-26.5508167196013
pp_mean,algebraic_coning,12.1618600064637,-165.336186165932,44.0301113543504,-106.257766606749,-26.5626997427935
pp_mean,algebraic_coning,12.3737118993535,-166.753102247984,48.0461562352986,-106.681962571381,-26.5680077082993
pp_mean,algebraic_coning,12.5892541179417,-168.056729351076,52.2930875018197,-107.107342505306,-26.5666720875131
pp_mean,algebraic_coning,12.8085509453628,-169.225607710244,56.7767229534346,-107.533659955597,-26.5586350140782
pp_mean,algebraic_coning,13.031667784523,-170.236139711967,61.5014226434831,-107.960666060252,-26.5438494537608
pp_mean,algebraic_coning,13.2586711776056,-171.062553470087,66.4697076668514,-108.388110138514,-26.5222793365275
pp_mean,algebraic_coning,13.4896288259165,-171.676916285579,71.6818307474634,-108.815740289976,-26.4938996499215
pp_mean,algebraic_coning,13.7246096100756,-172.049212762513,77.1353009025505,-109.243303999485,-26.458696493093
pp_mean,algebraic_coning,13.9636836105594,-172.147504057314,82.8243678015918,-109.670548744798,-26.4166670911013
pp_mean,algebraic_coning,14.2069221286018,-171.938185926128,88.739475725016,-110.097222603931,-26.3678197693762
pp_mean,algebraic_coning,14.4543977074593,-171.386363555839,94.8667022864554,-110.523074859146,-26.312173888493
pp_mean,algebraic_coning,14.7061841540456,-170.456360194569,101.187203233557,-110.947856594529,-26.2497597396868
pp_mean,algebraic_coning,14.9623565609443,-169.112373861911,107.676691456181,-111.371321284199,-26.1806184017916
pp_mean,algebraic_coning,15.2229913288042,-167.319291435253,114.304985378841,-111.793225368229,-26.1048015605476
pp_mean,algebraic_coning,15.4881661891248,-165.04366176019,121.03566853039,-112.213328813508,-26.0223712914647
pp_mean,algebraic_coning,15.7579602274392,-162.254818873056,127.825907349035,-112.631395656866,-25.9333998076634
pp_mean,algebraic_coning,16.0324539069004,-158.926133002611,134.626477047618,-113.047194527942,-25.8379691743329
pp_mean,algebraic_coning,16.3117290922784,-155.036351221692,141.382044345217,-113.460499149466,-25.736170991646
pp_mean,algebraic_coning,16.5958690743756,-150.57097248902,148.031749799592,-113.871088812768,-25.6281060481523
pp_mean,algebraic_coning,16.8849585948675,-145.523585013276,154.51012034507,-114.278748826578,-25.5138839468348
pp_mean,algebraic_coning,17.1790838715759,-139.897079614069,160.748324004208,-114.683270937354,-25.3936227061498
pp_mean,algebraic_coning,17.4783326241822,-133.704643655333,166.675754016495,-115.08445371962,-25.2674483384917
pp_mean,algebraic_coning,17.7827941003892,-126.970438814413,172.221900336352,-115.482102935019,-25.1354944086143
pp_mean,algebraic_coning,18.0925591025382,-119.729874572488,177.318435305066,-115.876031859035,-24.99790157461
pp_mean,algebraic_coning,18.4077200146896,-112.029408968499,181.901411027079,-116.266061574547,-24.8548171140957
pp_mean,algebraic_coning,18.7283708301755,-103.925838397889,185.913442876777,-116.652021231652,-24.7063944382745
pp_mean,algebraic_coning,19.0546071796325,-95.4850767760196,189.305740777547,-117.0337482734,-24.5527925965419
pp_mean,algebraic_coning,19.3865263595221,-86.7804671891378,192.039850584839,-117.411088627324,-24.3941757742848
pp_mean,algebraic_coning,19.7242273611485,-77.8907109395013,194.088983441376,-117.783896862878,-24.2307127864741
pp_mean,algebraic_coning,20.0678109001819,-68.8975339963902,195.43884044551,-118.152036315096,-24.0625765695922
pp_mean,algebraic_coning,20.4173794466953,-59.8832343200366,196.087880154377,-118.51537917499,-23.8899436743521
pp_mean,algebraic_coning,20.7730372557256,-50.9282620420111,196.047022271876,-118.873806547399,-23.7129937615709
pp_mean,algebraic_coning,21.1348903983665,-42.1089771166973,195.338826373343,-119.227208477177,-23.5319091034422
pp_mean,algebraic_coning,21.5030467934026,-33.4957073476849,193.996223929489,-119.575483944758,-23.3468740923331
pp_mean,algebraic_coning,21.8776162394955,-25.1511972799196,192.060910700087,-119.918540832294,-23.1580747590892
pp_mean,algebraic_coning,22.2587104479301,-17.1295002576949,189.581522225361,-120.256295861679,-22.9656983026879
pp_mean,algebraic_coning,22.6464430759306,-9.47532719244699,186.611717301517,-120.58867450589,-22.7699326329298
pp_mean,algebraic_coning,23.0409297605584,-2.22383083754092,183.208284600361,-120.915610875173,-22.5709659276944
pp_mean,algebraic_coning,23.4422881531992,4.59922308775334,179.429368973835,-121.237047579663,-22.368986206131
pp_mean,algebraic_coning,23.8506379546511,10.9769650434794,175.332890106755,-121.552935570117,-22.1641809189888
pp_mean,algebraic_coning,24.2661009508241,16.9006874811244,170.975200620322,-121.863233958453,-21.9567365571281
pp_mean,algebraic_coning,24.6888010490621,22.3689448280404,166.410006475753,-122.16790981984,-21.7468382790943
pp_mean,algebraic_coning,25.1188643150958,27.3865598470866,161.687551695778,-122.466937978086,-21.5346695584757
pp_mean,algebraic_coning,25.5564190106414,31.9635989271754,156.854053184711,-122.760300776081,-21.320411851614
pp_mean,algebraic_coning,26.0015956316527,36.1143668709946,151.951360121161,-123.047987833029,-21.104244286085
pp_mean,algebraic_coning,26.4545269472405,39.8564591101462,147.016805723428,-123.329995790188,-20.8863433702283
pp_mean,algebraic_coning,26.9153480392692,43.2098972634145,142.083216446846,-123.606328046798,-20.666882723864
pp_mean,algebraic_coning,27.3841963426436,46.1963633831676,137.17904397692,-123.876994487828,-20.4460328302137
pp_mean,algebraic_coning,27.8612116862977,48.8385395339414,132.328587821833,-124.142011205133,-20.2239608089167
pp_mean,algebraic_coning,28.3465363348967,51.1595526307442,127.552280060349,-124.401400213525,-20.0008302099301
pp_mean,algebraic_coning,28.8403150312661,53.1825196303428,122.867008191155,-124.655189163233,-19.776800827994
pp_mean,algebraic_coning,29.3426950395597,54.9301849840085,118.286456548437,-124.903411050103,-19.5520285372549
pp_mean,algebraic_coning,29.8538261891796,56.4246404313636,113.821451045988,-125.146103924866,-19.3266651455589
pp_mean,algebraic_coning,30.373860919461,57.6871164379219,109.480295873859,-125.38331060268,-19.1008582678509
pp_mean,algebraic_coning,30.9029543251359,58.7378345710594,105.269094089847,-125.615078374091,-18.874751218055
pp_mean,algebraic_coning,31.441264202588,59.5959106269362,101.192046792521,-125.841458718455,-18.6484829187547
pp_mean,algebraic_coning,31.988951096914,60.2792991665213,97.2517277542147,-126.062507020815,-18.4221878279477
pp_mean,algebraic_coning,32.5461783498046,60.8047711398939,93.4493320838824,-126.278282293081,-18.1959958821113
pp_mean,algebraic_coning,33.1131121482591,61.1879173627838,89.7848987482287,-126.488846900353,-17.9700324547851
pp_mean,algebraic_coning,33.6899215741491,61.4431716806084,86.2575076773074,-126.694266293065,-17.7444183298543
pp_mean,algebraic_coning,34.276778654645,61.5838486632146,82.8654527872666,-126.894608745622,-17.5192696887062
pp_mean,algebraic_coning,34.8738584135218,61.6221915891952,79.6063926311449,-127.089945102056,-17.2946981104171
pp_mean,algebraic_coning,35.4813389233575,61.5694272882519,76.477480593065,-127.280348529215,-17.0708105841307
pp_mean,algebraic_coning,36.0994013586417,61.4358251104435,73.4754766173948,-127.465894277868,-16.8477095327875
pp_mean,algebraic_coning,36.7282300498085,61.2307578859882,70.5968424493052,-127.646659452092,-16.625492847375
pp_mean,algebraic_coning,37.3680125382116,60.9627632364708,67.8378222858099,-127.822722787192,-16.4042539308793
pp_mean,algebraic_coning,38.0189396320561,60.6396040079254,65.194510619244,-127.994164436405,-16.1840817511356
pp_mean,algebraic_coning,38.6812054633052,60.2683269292225,62.6629089150705,-128.161065766505,-15.9650609017947
pp_mean,algebraic_coning,39.3550075455778,59.8553188663384,60.2389726152147,-128.323509162448,-15.7472716706447
pp_mean,algebraic_coning,40.0405468330546,59.4063602546205,57.918649805571,-128.481577841095,-15.5307901145523
pp_mean,algebraic_coning,40.7380277804113,58.9266754563662,55.697912737831,-128.635355674027,-15.3156881403162
pp_mean,algebraic_coning,41.4476584037939,58.4209799181093,53.5727832552465,-128.784927019421,-15.1020335907526
pp_mean,algebraic_coning,42.1696503428582,57.8935240980457,51.5393530416245,-128.930376562917,-14.8898903353634
pp_mean,algebraic_coning,42.9042189238885,57.3481342050952,49.593799493935,-129.071789167376,-14.6793183649705
pp_mean,algebraic_coning,43.6515832240166,56.7882498422481,47.7323979117597,-129.209249731385,-14.4703738897288
pp_mean,algebraic_coning,44.4119661365589,56.2169586823158,45.9515306012307,-129.342843056362,-14.2631094399649
pp_mean,algebraic_coning,45.1855944374922,55.6370283274418,44.2476934065696,-129.472653722072,-14.0575739693205
pp_mean,algebraic_coning,45.9726988530872,55.0509355175542,42.6175001080999,-129.598765970337,-13.8538129597102
pp_mean,algebraic_coning,46.7735141287198,54.4608928596229,41.0576850607819,-129.721263596737,-13.6518685276388
pp_mean,algebraic_coning,47.5882790988817,53.8688732509294,39.5651043910239,-129.840229850056,-13.4517795314507
pp_mean,algebraic_coning,48.4172367584099,53.2766321670123,38.1367360208462,-129.955747339211,-13.2535816791183
pp_mean,algebraic_coning,49.2606343349577,52.6857279796337,36.7696787465331,-130.067897947432,-13.0573076362036
pp_mean,algebraic_coning,50.1187233627273,52.097540462915,35.4611505629257,-130.176762753398,-12.8629871336591
pp_mean,algebraic_coning,50.991759757487,51.5132876373682,34.2084863936994,-130.282421959075,-12.6706470751601
pp_mean,algebraic_coning,51.8800038928961,50.9340410924409,33.0091353616912,-130.384954823974,-12.4803116436886
pp_mean,algebraic_coning,52.7837206781577,50.3607399187691,31.8606577109737,-130.484439605543,-12.2920024071154
pp_mean,algebraic_coning,53.7031796370253,49.7942033718816,30.7607214733797,-130.580953505432,-12.1057384225505
pp_mean,algebraic_coning,54.6386549881854,49.2351423798298,29.7070989560928,-130.674572621338,-11.9215363392579
pp_mean,algebraic_coning,55.5904257270404,48.6841699982741,28.6976631133263,-130.765371904158,-11.7394104999505
pp_mean,algebraic_coning,56.5587757089154,48.1418109080277,27.730383853642,-130.853425120186,-11.5593730403039
pp_mean,algebraic_coning,57.5439937337157,47.6085100420169,26.8033243248171,-130.938804818074,-11.3814339865479
pp_mean,algebraic_coning,58.5463736320577,47.0846404210831,25.9146372100625,-131.021582300304,-11.2056013510124
pp_mean,algebraic_coning,59.566214352901,46.5705102710458,25.0625610626169,-131.101827598913,-11.0318812255223
pp_mean,algebraic_coning,60.6038200527067,46.0663694869587,24.2454167000674,-131.179609455213,-10.8602778725527
pp_mean,algebraic_coning,61.6595001861482,45.5724155045217,23.4616036750296,-131.254995303275,-10.6907938140711
pp_mean,algebraic_coning,62.7335695984038,45.0887986331219,22.7095968348941,-131.328051256927,-10.5234299180058
pp_mean,algebraic_coning,63.8263486190549,44.6156268999612,21.9879429800979,-131.398842100055,-10.3581854822969
pp_mean,algebraic_coning,64.9381631576211,44.1529704501424,21.2952576277005,-131.467431279971,-10.1950583164921
pp_mean,algebraic_coning,66.0693448007596,43.7008655434116,20.6302218848399,-131.533880903644,-10.0340448208672
pp_mean,algebraic_coning,67.2202309111567,43.2593181844556,19.9915794348489,-131.598251736591,-9.87514006305616
pp_mean,algebraic_coning,68.3911647281429,42.8283074202062,19.3781336373436,-131.660603204229,-9.71833785218786
pp_mean,algebraic_coning,69.5824954700605,42.407788334473,18.7887447424189,-131.720993395508,-9.56363081053404
pp_mean,algebraic_coning,70.7945784384138,41.9976947673913,18.2223272181409,-131.779479068636,-9.41101044268007
pp_mean,algebraic_coning,72.0277751238341,41.5979417846034,17.6778471897749,-131.836115658742,-9.26046720223791
pp_mean,algebraic_coning,73.2824533138904,41.2084279187697,17.1543199886044,-131.890957287294,-9.11199055612597
pp_mean,algebraic_coning,74.5589872027782,40.8290372038999,16.6508078077451,-131.94405677314,-8.96556904644648
pp_mean,algebraic_coning,75.8577575029184,40.4596410210962,16.1664174620218,-131.995465645016,-8.82119034999551
pp_mean,algebraic_coning,77.1791515585013,40.1000997725797,15.7002982487272,-132.045234155379,-8.67884133544497
pp_mean,algebraic_coning,78.5235634610072,39.7502643993144,15.2516399059144,-132.093411295446,-8.53850811823981
pp_mean,algebraic_coning,79.8913941667404,39.4099777561408,14.8196706647655,-132.140044811306,-8.40017611325645
pp_mean,algebraic_coning,81.2830516164099,39.0790758570553,14.4036553925201,-132.185181220998,-8.26383008527148
pp_mean,algebraic_coning,82.6989508567932,38.757389002126,14.002893822431,-132.228865832432,-8.12945419729171
pp_mean,algebraic_coning,84.1395141645195,38.4447427964894,13.616718867229,-132.271142762079,-7.99703205679842
pp_mean,algebraic_coning,85.6051711720095,38.1409590709347,13.2444950126194,-132.312054954291,-7.86654675996052
pp_mean,algebraic_coning,87.0963589956081,37.8458567127295,12.8856167873954,-132.351644201212,-7.73798093387197
pp_mean,algebraic_coning,88.6135223659499,37.5592524145636,12.5395073068262,-132.38995116315,-7.61131677687006
pp_mean,algebraic_coning,90.1571137605957,37.2809613487942,12.2056168860713,-132.427015389362,-7.48653609699144
pp_mean,algebraic_coning,91.7275935389779,37.0107977735351,11.8834217204653,-132.462875339173,-7.3636203486234
pp_mean,algebraic_coning,93.3254300796991,36.7485755765614,11.5724226296221,-132.497568403347,-7.24255066740749
pp_mean,algebraic_coning,94.9510999202198,36.494108762475,11.2721438624146,-132.531130925673,-7.12330790345308
pp_mean,algebraic_coning,96.6050878989813,36.2472118881039,10.9821319599943,-132.563598224681,-7.00587265291762
pp_mean,algebraic_coning,98.2878873000033,36.007700450676,10.7019546741272,-132.595004615453,-6.89022528801021
pp_mean,algebraic_coning,100,35.7753912329176,10.4311999382285,-132.625383431478,-6.77634598547438
pp_mean,quasisteady,0.1,-8.94895165253699,-26.2923580178607,-8.71338677232848,-26.4993374391112
pp_mean,quasisteady,0.10174193661806,-9.22922517269273,-26.6524723763757,-8.98877309176009,-26.8688105297857
pp_mean,quasisteady,0.103514216667934,-9.51717598509287,-27.0144274041331,-9.27186164713812,-27.2404931719076
pp_mean,quasisteady,0.105317368712972,-9.81294505568745,-27.378079550883,-9.56280413998887,-27.6142520315976
pp_mean,quasisteady,0.107151930523761,-10.1166715325853,-27.7432777788579,-9.86175117726916,-27.9899462192792
pp_mean,quasisteady,0.109018449238513,-10.4284924075336,-28.1098634468093,-10.1688519558313,-28.36742713849
pp_mean,quasisteady,0.11091748152624,-10.7485421619381,-28.4776702069134,-10.4842539304382,-28.7465383449492
pp_mean,quasisteady,0.112849593752776,-11.0769523976221,-28.8465239158579,-10.8081024653202,-29.1271154171454
pp_mean,quasisteady,0.114815362149688,-11.4138514526161,-29.2162425614626,-11.1405404693464,-29.508985839758
pp_mean,quasisteady,0.116815372986132,-11.75936400237,-29.5866362062145,-11.4817080149696,-29.8919689012741
pp_mean,quasisteady,0.118850222743702,-12.113610646885,-29.9575069491298,-11.8317419411979,-30.2758756072034
pp_mean,quasisteady,0.120920518294321,-12.476707484378,-30.3286489073691,-12.1907754409475,-30.6605086103321
pp_mean,quasisteady,0.123026877081238,-12.8487656722072,-30.6998482190487,-12.5589376332413,-31.0456621594864
pp_mean,quasisteady,0.125169927303173,-13.2298909759147,-31.0708830686904,-12.9363531208312,-31.4311220683044
pp_mean,quasisteady,0.127350308101666,-13.6201833073735,-31.4415237367479,-13.323141533945,-31.8166657055276
pp_mean,quasisteady,0.129568669751702,-14.0197362531567,-31.8115326746285,-13.7194170609889,-32.2020620083333
pp_mean,quasisteady,0.131825673855641,-14.4286365943924,-32.1806646066035,-14.1252879671678,-32.5870715202303
pp_mean,quasisteady,0.134121993540537,-14.8469638195038,-32.548666659957,-14.5408561021297,-32.9714464550229
pp_mean,quasisteady,0.136458313658892,-15.2747896313836,-32.9152785246721,-14.9662163978803,-33.3549307883303
pp_mean,quasisteady,0.138835330992905,-15.7121774506937,-33.2802326438833,-15.4014563583661,-33.737260378109
pp_mean,quasisteady,0.141253754462275,-16.1591819171303,-33.6432544362442,-15.8466555422742,-34.1181631155794
pp_mean,quasisteady,0.143714305335639,-16.6158483906364,-34.0040625512638,-16.3018850407483,-34.4973591078916
pp_mean,quasisteady,0.146217717445672,-17.0822124546865,-34.3623691585476,-16.7672069518783,-34.874560893792
pp_mean,quasisteady,0.14876473740795,-17.5582994239058,-34.7178802717586,-17.2426738539696,-35.2494736934535
pp_mean,quasisteady,0.151356124843621,-18.0441238584167,-35.0702961079619,-17.7283282797534,-35.6217956935279
pp_mean,quasisteady,0.153992652605949,-18.5396890874298,-35.4193114828629,-18.224202193842,-35.9912183683483
pp_mean,quasisteady,0.156675107010815,-19.0449867447108,-35.7646162422661,-18.7303164758814,-36.3574268380701
pp_mean,quasisteady,0.159404288071222,-19.5599963186549,-36.1058957298965,-19.2466804119816,-36.7201002643768
pp_mean,quasisteady,0.162181009735893,-20.0846847197953,-36.4428312915116,-19.7732911971358,-37.0789122842014
pp_mean,quasisteady,0.165006100132023,-20.6190058686382,-36.7751008150163,-20.310133451453,-37.4335314817197
pp_mean,quasisteady,0.167880401812256,-21.162900306781,-37.1023793060531,-20.8571787531296,-37.7836218986624
pp_mean,quasisteady,0.170804772005971,-21.7162948343031,-37.424339498298,-21.4143851911729,-38.1288435827672
pp_mean,quasisteady,0.173780082874938,-22.279102176438,-37.7406524974305,-21.9816969409612,-38.4688531739522
pp_mean,quasisteady,0.176807221773432,-22.8512206825275,-38.0509884574824,-22.5590438657715,-38.8033045275371
pp_mean,quasisteady,0.179887091512879,-23.4325340602297,-38.3550172879954,-23.1463411474402,-39.1318493735748
pp_mean,quasisteady,0.183020610631106,-24.0229111478962,-38.6524093901418,-23.7434889493251,-39.4541380110781
pp_mean,quasisteady,0.186208713666287,-24.6222057279508,-38.9428364196784,-24.3503721147213,-39.7698200356436
pp_mean,quasisteady,0.189452351435659,-25.2302563839913,-39.2259720743303,-24.9668599038382,-40.0785450986814
pp_mean,quasisteady,0.192752491319094,-25.8468864041968,-39.5014929029194,-25.5928057723726,-40.3799636961683
pp_mean,quasisteady,0.196110117547605,-26.4719037334556,-39.7690791332877,-26.2280471946133,-40.6737279845453
pp_mean,quasisteady,0.199526231496888,-27.1051009764284,-40.0284155158023,-26.872405533879,-40.9594926210858
pp_mean,quasisteady,0.203001851985968,-27.746255453541,-40.2791921789857,-27.5256859629353,-41.2369156257755
pp_mean,quasisteady,0.206538015581053,-28.3951293116406,-40.5211054935804,-28.1876774368394,-41.5056592614637
pp_mean,quasisteady,0.210135776904675,-29.0514696907752,-40.7538589411498,-28.8581527204427,-41.7653909287773
pp_mean,quasisteady,0.213796208950223,-29.7150089482448,-40.9771639831267,-29.5368684725299,-42.0157840720376
pp_mean,quasisteady,0.217520403401952,-30.3854649407454,-41.1907409260587,-30.2235653882884,-42.2565190921851
pp_mean,quasisteady,0.221309470960564,-31.0625413650787,-41.3943197786679,-30.9179684014987,-42.4872842625061
pp_mean,quasisteady,0.225164541674462,-31.7459281575257,-41.5876410962388,-31.6197869474976,-42.7077766427687
pp_mean,quasisteady,0.229086765276777,-32.4353019516045,-41.7704568077824,-32.3287152876099,-42.9177029872182
pp_mean,quasisteady,0.233077311528264,-33.1303265935328,-41.9425310213928,-33.0444328953662,-43.1167806417572
pp_mean,quasisteady,0.237137370566166,-33.8306537143115,-42.1036408032178,-33.7666049044243,-43.3047384255445
pp_mean,quasisteady,0.241268153259163,-34.5359233569408,-42.2535769255167,-34.4948826177057,-43.4813174921929
pp_mean,quasisteady,0.245470891568503,-35.245764656869,-42.3921445793576,-35.22890407683,-43.6462721657316
pp_mean,quasisteady,0.249746838915414,-35.9597965733718,-42.5191640476428,-35.9682946905083,-43.7993707465268
pp_mean,quasisteady,0.254097270554931,-36.6776286691682,-42.6344713343119,-36.7126679201202,-43.9403962824213
pp_mean,quasisteady,0.258523483956219,-37.3988619351953,-42.7379187457861,-37.4616260202748,-44.069147300465
pp_mean,quasisteady,0.263026799189538,-38.1230896571034,-42.8293754209606,-38.2147608317326,-44.1854384947652
pp_mean,quasisteady,0.267608559319933,-38.8498983196948,-42.908727806339,-38.9716546236554,-44.2891013661797
pp_mean,quasisteady,0.272270130807791,-39.578868545212,-42.9758800732217,-39.7318809817611,-44.3799848098183
pp_mean,quasisteady,0.277012903916373,-40.309576061105,-43.0307544742102,-40.4950057385854,-44.4579556465921
pp_mean,quasisteady,0.281838293126445,-41.0415926926507,-43.0732916366717,-41.2605879417085,-44.5228990953738
pp_mean,quasisteady,0.286747737558132,-41.7744873755956,-43.1034507912099,-42.0281808554885,-44.5747191826782
pp_mean,quasisteady,0.291742701400117,-42.5078271838131,-43.1212099336156,-42.7973329915614,-44.6133390871607
pp_mean,quasisteady,0.296824674346324,-43.2411783668451,-43.1265659192119,-43.5675891631241,-44.6387014166434
pp_mean,quasisteady,0.301995172040202,-43.9741073921083,-43.119534488962,-44.3384915578117,-44.6507684158155
pp_mean,quasisteady,0.307255736526745,-44.7061819865082,-43.1001502271693,-45.1095808238222,-44.649522103212
pp_mean,quasisteady,0.312607936712396,-45.43697217221,-43.0684664510594,-45.8803971638269,-44.6349643365477
pp_mean,quasisteady,0.318053368832952,-46.1660512913657,-43.024555032996,-46.6504814311355,-44.6071168059643
pp_mean,quasisteady,0.323593656929628,-46.8929970146948,-42.9685061565307,-47.4193762225686,-44.566020955237
pp_mean,quasisteady,0.329230453333406,-47.6173923289557,-42.900428007926,-48.1866269625151,-44.5117378314726
pp_mean,quasisteady,0.334965439157828,-48.3388264985269,-42.8204464052129,-48.9517829727316,-44.4443478643112
pp_mean,quasisteady,0.340800324800365,-49.0568959965378,-42.7287043672384,-49.7143985225622,-44.3639505761157
pp_mean,quasisteady,0.346736850452532,-49.7712054012484,-42.6253616255363,-50.474033854426,-44.270664225084
pp_mean,quasisteady,0.352776786618874,-50.4813682536662,-42.5105940821937,-51.230256179631,-44.1646253836557
pp_mean,quasisteady,0.358921934645005,-51.1870078727122,-42.3845932171968,-51.9826406398243,-44.0459884549882
pp_mean,quasisteady,0.365174127254838,-51.8877581245904,-42.2475654490159,-52.7307712296761,-43.9149251306615
pp_mean,quasisteady,0.371535229097173,-52.5832641433882,-42.0997314524238,-53.4742416767199,-43.7716237931126
pp_mean,quasisteady,0.378007137301811,-53.2731830003133,-41.9413254377432,-54.2126562746173,-43.6162888666121
pp_mean,quasisteady,0.384591782045354,-53.9571843193763,-41.7725943958733,-54.9456306664968,-43.4491401208688
pp_mean,quasisteady,0.391291127126853,-54.6349508377283,-41.5937973135645,-55.6727925754093,-43.2704119315757
pp_mean,quasisteady,0.398107170553497,-55.3061789092749,-41.4052043634871,-56.3937824793551,-43.0803525024045
pp_mean,quasisteady,0.405041945136493,-55.9705789505925,-41.2070960736733,-57.1082542287623,-42.8792230530975
pp_mean,quasisteady,0.41209751909733,-56.6278758285788,-40.9997624809104,-57.8158756047234,-42.6672969784149
pp_mean,quasisteady,0.419275996684605,-57.27780918966,-40.7835022726234,-58.5163288167291,-42.4448589827493
pp_mean,quasisteady,0.426579518801593,-57.9201337307598,-40.5586219217041,-59.2093109390641,-42.2122041952453
pp_mean,quasisteady,0.434010263644744,-58.5546194125984,-40.3254348186394,-59.8945342854529,-41.9696372702342
pp_mean,quasisteady,0.441570447353313,-59.1810516162376,-40.0842604051451,-60.571726721949,-41.7174714777368
pp_mean,quasisteady,0.449262324670293,-59.7992312441091,-39.8354233133441,-61.2406319184584,-41.4560277886877
pp_mean,quasisteady,0.457088189614875,-60.4089747670655,-39.5792525143359,-61.9010095396592,-41.1856339594046
pp_mean,quasisteady,0.465050376166606,-61.0101142192654,-39.3160804797806,-62.5526353764375,-40.906623619661
pp_mean,quasisteady,0.473151258961481,-61.602497142953,-39.0462423598949,-63.195301419286,-40.6193353685323
pp_mean,quasisteady,0.481393254000145,-62.1859864854095,-38.7700751809979,-63.8288158754169,-40.3241118819662
pp_mean,quasisteady,0.489778819368446,-62.7604604505446,-38.4879170654892,-64.453003131616,-40.0212990357929
pp_mean,quasisteady,0.49831045597053,-63.3258123077572,-38.2001064768638,-65.0677036651104,-39.7112450476341
pp_mean,quasisteady,0.506990708274704,-63.8819501608261,-37.9069814920966,-65.6727739049405,-39.3942996408982
pp_mean,quasisteady,0.515822165072306,-64.4287966796959,-37.6088791034465,-66.2680860465104,-39.0708132337704
pp_mean,quasisteady,0.524807460249773,-64.9662887980986,-37.3061345514487,-66.853527822148,-38.7411361558134
pp_mean,quasisteady,0.533949273574177,-65.4943773800019,-36.9990806905916,-67.4290022306301,-38.4056178945045
pp_mean,quasisteady,0.543250331492433,-66.0130268578978,-36.6880473888972,-67.9944272287233,-38.0646063737364
pp_mean,quasisteady,0.552713407944435,-66.5222148459482,-36.3733609623644,-68.5497353878591,-37.7184472660173
pp_mean,quasisteady,0.562341325190349,-67.0219317309781,-36.0553436449744,-69.0948735190991,-37.3674833398144
pp_mean,quasisteady,0.572136954652326,-67.5121802442704,-35.7343130947185,-69.6298022695628,-37.0120538432054
pp_mean,quasisteady,0.582103217770871,-67.9929750170485,-35.410581935872,-70.1544956934745,-36.6524939247222
pp_mean,quasisteady,0.592243086876131,-68.4643421224615,-35.0844573375235,-70.6689408009573,-36.2891340920145
pp_mean,quasisteady,0.602559586074358,-68.9263186067904,-34.7562406281622,-71.1731370876447,-35.9222997087035
pp_mean,quasisteady,0.613055792149821,-69.3789520124892,-34.4262269459406,-71.6670960481068,-35.5523105295639
pp_mean,quasisteady,0.623734835482419,-69.8222998955601,-34.0947049240547,-72.1508406760016,-35.1794802739433
pp_mean,quasisteady,0.634599900981287,-70.2564293396339,-33.7619564105288,-72.6244049537534,-34.8041162371289
pp_mean,quasisteady,0.645654229034656,-70.6814164689969,-33.4282562215515,-73.0878333344453,-34.4265189391733
pp_mean,quasisteady,0.656901116476266,-71.0973459626658,-33.0938719273854,-73.5411802184862,-34.0469818105243
pp_mean,quasisteady,0.668343917568615,-71.50431057147,-32.759063669762,-73.9845094274729,-33.6657909136398
pp_mean,quasisteady,0.679986045003322,-71.9024106399584,-32.4240840095845,-74.4178936775287,-33.2832246996375
pp_mean,quasisteady,0.691830970918936,-72.2917536347997,-32.0891778036787,-74.8414140542482,-32.899553798897
pp_mean,quasisteady,0.703882227936457,-72.6724536812012,-31.754582109269,-75.2551594912291,-32.5150408444338
pp_mean,quasisteady,0.716143410212902,-73.04463110873,-31.4205261148091,-75.6592262540164,-32.1299403267682
pp_mean,quasisteady,0.728618174513228,-73.4084120077746,-31.0872310957532,-76.0537174311324,-31.7444984789399
pp_mean,quasisteady,0.741310241300917,-73.7639277977523,-30.7549103938333,-76.4387424337105,-31.3589531902588
pp_mean,quasisteady,0.754223395847571,-74.1113148080318,-30.4237694183902,-76.8144165051039,-30.973533947334
pp_mean,quasisteady,0.767361489361819,-74.4507138724118,-30.0940056683016,-77.180860241688,-30.588461800892
pp_mean,quasisteady,0.780728440137907,-74.7822699378763,-29.7658087730554,-77.5381991259351,-30.2039493568729
pp_mean,quasisteady,0.794328234724281,-75.1061316882261,-29.4393605515308,-77.8865630726999,-29.8202007902827
pp_mean,quasisteady,0.808164929112537,-75.4224511830807,-29.1148350870675,-78.2260859895208,-29.4374118802824
pp_mean,quasisteady,0.822242649947071,-75.7313835126342,-28.7923988174326,-78.5569053516144,-29.0557700650015
pp_mean,quasisteady,0.83656559575581,-76.0330864684594,-28.4722106383287,-78.8791617921208,-28.6754545145856
pp_mean,quasisteady,0.851138038202377,-76.3277202305558,-28.1544220191204,-79.1929987080411,-28.2966362210095
pp_mean,quasisteady,0.865964323360065,-76.6154470707587,-27.8391771295046,-79.4985618822032,-27.9194781032233
pp_mean,quasisteady,0.881048873008014,-76.8964310725502,-27.5266129758907,-79.7959991214915,-27.5441351262354
pp_mean,quasisteady,0.89639618594995,-77.1708378672377,-27.2168595463085,-80.0854599114815,-27.17075443278
pp_mean,quasisteady,0.91201083935591,-77.4388343864079,-26.9100399627109,-80.3670950875369,-26.7994754862639
pp_mean,quasisteady,0.927897490127331,-77.7005886305041,-26.6062706395913,-80.6410565223472,-26.4304302237388
pp_mean,quasisteady,0.944060876285923,-77.9562694533237,-26.3056614478897,-80.9074968298117,-26.0637432176989
pp_mean,quasisteady,0.960505818386731,-78.2060463621886,-26.0083158832141,-81.1665690851121,-25.6995318455586
pp_mean,quasisteady,0.977237220955811,-78.4500893335026,-25.7143312374594,-81.418426560757,-25.337906465722
pp_mean,quasisteady,0.994260073952957,-78.6885686433738,-25.4237987729589,-81.6632224783298,-24.9789705992162
pp_mean,quasisteady,1.0115794542599,-78.9216547129533,-25.136803898358,-81.9011097756271,-24.6228211159161
pp_mean,quasisteady,1.02920052719443,-79.1495179681164,-24.8534263454495,-82.1322408888324,-24.2695484244489
pp_mean,quasisteady,1.0471285480509,-79.3723287130934,-24.5737403462642,-82.356767549338,-23.9192366649238
pp_mean,quasisteady,1.06536886366756,-79.5902570176403,-24.2978148097583,-82.5748405947979,-23.5719639036912
pp_mean,quasisteady,1.0839269140212,-79.8034726173312,-24.0257134974859,-82.7866097939688,-23.2278023293889
pp_mean,quasisteady,1.10280823384955,-80.0121448265418,-23.7574951976952,-82.9922236848792,-22.8868184495933
pp_mean,quasisteady,1.12201845430196,-80.2164424636931,-23.4932138973254,-83.191829425849,-22.5490732874416
pp_mean,quasisteady,1.14156330461885,-80.4165337883189,-23.2329189514297,-83.3855726588693,-22.2146225776462
pp_mean,quasisteady,1.16144861384034,-80.6125864495231,-22.976655249584,-83.5735973848484,-21.883516961373
pp_mean,quasisteady,1.18168031254478,-80.8047674453978,-22.724463378883,-83.7560458502181,-21.5558021794999
pp_mean,quasisteady,1.20226443461741,-80.9932430929735,-22.4763797831593,-83.9330584443998,-21.2315192638223
pp_mean,quasisteady,1.22320711904993,-81.1781790082863,-22.2324369180934,-84.1047736076241,-20.9107047258128
pp_mean,quasisteady,1.24451461177139,-81.3597400961509,-21.9926634019154,-84.271327748605,-20.5933907425856
pp_mean,quasisteady,1.26619326751094,-81.5380905492416,-21.7570841614274,-84.4328551715724,-20.279605339755
pp_mean,quasisteady,1.28824955169313,-81.7133938560944,-21.5257205731002,-84.5894880121753,-19.969372570915
pp_mean,quasisteady,1.31069004236608,-81.8858128176552,-21.2985905990258,-84.7413561817745,-19.662712693502
pp_mean,quasisteady,1.33352143216332,-82.0555095720141,-21.0757089175258,-84.8885873196561,-19.3596423408345
pp_mean,quasisteady,1.35675053029986,-82.2226456269805,-20.8570870482384,-85.0313067527067,-19.0601746901566
pp_mean,quasisteady,1.38038426460288,-82.3873819001672,-20.6427334715216,-85.1696374621037,-18.7643196265375
pp_mean,quasisteady,1.40442968357795,-82.5498787662685,-20.4326537420305,-85.3037000565874,-18.4720839025096
pp_mean,quasisteady,1.4288939585111,-82.7102961112335,-20.2268505963358,-85.4336127518955,-18.1834712933487
pp_mean,quasisteady,1.45378438560766,-82.8687933930513,-20.0253240544654,-85.5594913559545,-17.8984827479255
pp_mean,quasisteady,1.47910838816821,-83.0255297088807,-19.8280715152605,-85.6814492594375,-17.6171165350766
pp_mean,quasisteady,1.50487351880251,-83.1806638682752,-19.6350878454458,-85.7995974313129,-17.3393683854625
pp_mean,quasisteady,1.53108746168203,-83.3343544722687,-19.4463654623196,-85.9140444190234,-17.0652316288998
pp_mean,quasisteady,1.5577580348316,-83.4867599981043,-19.2618944099751,-86.0248963529506,-16.7946973271665
pp_mean,quasisteady,1.58489319246111,-83.6380388894048,-19.0816624289674,-86.1322569548346,-16.5277544022982
pp_mean,quasisteady,1.61250102733774,-83.7883496515999,-18.9056550193421,-86.2362275498347,-16.2643897604027
pp_mean,quasisteady,1.64058977319954,-83.9378509524393,-18.7338554969408,-86.336907081931,-16.0045884110339
pp_mean,quasisteady,1.66916780721106,-84.086701727438,-18.5662450429002,-86.4343921323822,-15.7483335821751
pp_mean,quasisteady,1.69824365246174,-84.2350612901143,-18.4028027462543,-86.5287769409687,-15.4956068308923
pp_mean,quasisteady,1.72782598050786,-84.383089446896,-18.2435056395497,-86.620153429766,-15.2463881497251
pp_mean,quasisteady,1.75792361395869,-84.5309466165829,-18.0883287273744,-86.7086112292049,-15.00065606889
pp_mean,quasisteady,1.78854552910777,-84.6787939542722,-17.9372450076963,-86.7942377061906,-14.7583877543782
pp_mean,quasisteady,1.81970085860998,-84.8267934796603,-17.790225485897,-86.877117994065,-14.5195591020329
pp_mean,quasisteady,1.85139889420527,-84.9751082096526,-17.6472391813794,-86.9573350242082,-14.2841448276989
pp_mean,quasisteady,1.8836490894898,-85.1239022952241,-17.5082531266136,-87.0349695590907,-14.0521185535369
pp_mean,quasisteady,1.91646106273539,-85.2733411624832,-17.373232358476,-87.1101002265949,-13.8234528906018
pp_mean,quasisteady,1.94984459975805,-85.423591657907,-17.2421399017196,-87.1828035554403,-13.5981195177838
pp_mean,quasisteady,1.98380965683651,-85.5748221977222,-17.1149367444031,-87.253154011555,-13.3760892572143
pp_mean,quasisteady,2.01836636368156,-85.7272029214213,-16.991581805084,-87.3212240352468,-13.1573321462399
pp_mean,quasisteady,2.05352502645715,-85.8809058494091,-16.8720318915682,-87.3870840790394,-12.9418175060675
pp_mean,quasisteady,2.08929613085404,-86.0361050447866,-16.7562416509862,-87.4508026460447,-12.7295140071846
pp_mean,quasisteady,2.12569034521711,-86.1929767792882,-16.6441635109467,-87.5124463287559,-12.5203897316598
pp_mean,quasisteady,2.16271852372702,-86.3516997033933,-16.535747611494,-87.5720798481504,-12.3144122324253
pp_mean,quasisteady,2.2003917096374,-86.5124550206447,-16.4309417275748,-87.6297660930036,-12.1115485896461
pp_mean,quasisteady,2.23872113856834,-86.6754266662102,-16.3296911816914,-87.6855661593191,-11.9117654642768
pp_mean,quasisteady,2.27771824185732,-86.8408014897311,-16.2319387463911,-87.7395393897907,-11.7150291489062
pp_mean,quasisteady,2.31739464996848,-87.0087694425062,-16.1376245362147,-87.791743413217,-11.5213056159904
pp_mean,quasisteady,2.35776219596125,-87.1795237690653,-16.046685888693,-87.8422341837969,-11.3305605635711
pp_mean,quasisteady,2.39883291901949,-87.3532612031885,-15.9590572339473,-87.8910660202399,-11.1427594585743
pp_mean,quasisteady,2.44061906804198,-87.5301821684323,-15.8746699524156,-87.9382916446315,-10.9578675777846
pp_mean,quasisteady,2.48313310529557,-87.7104909832239,-15.7934522201878,-87.9839622209993,-10.7758500465862
pp_mean,quasisteady,2.5263877101319,-87.8943960705871,-15.7153288413905,-88.0281273935297,-10.5966718755607
pp_mean,quasisteady,2.57039578276886,-88.0821101725626,-15.6402210670231,-88.0708353243916,-10.4202979950279
pp_mean,quasisteady,2.615170448138,-88.2738505693839,-15.5680463995966,-88.1121327311274,-10.2466932876172
pp_mean,quasisteady,2.66072505979881,-88.4698393034682,-15.4987183828809,-88.1520649235744,-10.0758226189506
pp_mean,quasisteady,2.70707320392136,-88.6703034082772,-15.4321463760115,-88.1906758402862,-9.90765086651743
pp_mean,quasisteady,2.75422870333817,-88.8754751420954,-15.3682353111528,-88.2280080844254,-9.74214294682156
pp_mean,quasisteady,2.80220562166675,-89.0855922267697,-15.3068854338535,-88.2641029591035,-9.5792638408737
pp_mean,quasisteady,2.85101826750391,-89.3008980914415,-15.2479920251685,-88.2990005021463,-9.41897861810427
pp_mean,quasisteady,2.90068119869315,-89.5216421212925,-15.1914451045509,-88.3327395202671,-9.2612524587669
pp_mean,quasisteady,2.95120922666639,-89.7480799113113,-15.1371291124473,-88.365357622631,-9.10605067490129
pp_mean,quasisteady,3.00261742086127,-89.9804735250706,-15.0849225714511,-88.3968912537993,-8.95333872992176
pp_mean,quasisteady,3.05492111321551,-90.2190917584883,-15.0346977247839,-88.4273757260412,-8.8030822568953
pp_mean,quasisteady,3.10813590273948,-90.464210408519,-14.9863201507898,-88.4568452510064,-8.65524707557069
pp_mean,quasisteady,3.16227766016838,-90.7161125466986,-14.9396483520268,-88.4853329707501,-8.50979920821813
pp_mean,quasisteady,3.2173625326956,-90.9750887974335,-14.8945333174434,-88.5128709881084,-8.36670489433652
pp_mean,quasisteady,3.27340694878838,-91.241437620893,-14.8508180560123,-88.5394903964196,-8.22593060428322
pp_mean,quasisteady,3.33042762308746,-91.5154656003171,-14.8083371000834,-88.5652213085899,-8.08744305187924
pp_mean,quasisteady,3.38844156139203,-91.7974877335143,-14.7669159765846,-88.5900928855056,-7.9512092060407
pp_mean,quasisteady,3.44746606573149,-92.0878277282643,-14.7263706440703,-88.6141333637917,-7.81719630148507
pp_mean,quasisteady,3.50751873952568,-92.3868183012849,-14.6865068934683,-88.6373700829192,-7.68537184855925
pp_mean,quasisteady,3.56861749283481,-92.6948014803527,-14.6471197102217,-88.6598295116677,-7.55570364223406
pp_mean,quasisteady,3.63078054770101,-93.0121289090888,-14.6079925953561,-88.6815372739439,-7.42815977030845
pp_mean,quasisteady,3.69402644358283,-93.3391621538373,-14.5688968428205,-88.7025181739661,-7.30270862086436
pp_mean,quasisteady,3.75837404288444,-93.6762730119584,-14.5295907702592,-88.7227962208169,-7.1793188890118
pp_mean,quasisteady,3.82384253658113,-94.0238438207514,-14.4898189001643,-88.7423946523749,-7.05795958296192
pp_mean,quasisteady,3.89045144994281,-94.3822677660911,-14.4493110881341,-88.7613359586308,-6.93860002946415
pp_mean,quasisteady,3.95822064835722,-94.7519491897207,-14.4077815947254,-88.7796419043973,-6.82120987864185
pp_mean,quasisteady,4.02717034325459,-95.1333038939751,-14.3649280971291,-88.7973335514208,-6.7057591082597
pp_mean,quasisteady,4.09732109813542,-95.5267594425317,-14.3204306366203,-88.8144312799058,-6.59221802745409
pp_mean,quasisteady,4.16869383470335,-95.9327554555701,-14.2739504974412,-88.8309548094592,-6.48055727995675
pp_mean,quasisteady,4.24130983910488,-96.3517438974903,-14.2251290124497,-88.8469232194673,-6.37074784684043
pp_mean,quasisteady,4.31519076827765,-96.7841893550701,-14.1735862905303,-88.8623549689126,-6.26276104881377
pp_mean,quasisteady,4.39035865640945,-97.2305693036425,-14.1189198603897,-88.8772679156436,-6.15656854809183
pp_mean,quasisteady,4.46683592150963,-97.6913743585317,-14.0607032249701,-88.8916793351068,-6.05214234986692
pp_mean,quasisteady,4.54464537209509,-98.1671085086017,-13.9984843202849,-88.9056059385515,-5.94945480340363
pp_mean,quasisteady,4.6238102139926,-98.6582893283349,-13.9317838720334,-88.919063890719,-5.8484786027807
pp_mean,quasisteady,4.70435405725976,-99.1654481643676,-13.8600936428602,-88.9320688270271,-5.74918678730105
pp_mean,quasisteady,4.78630092322638,-99.6891302918495,-13.7828745626119,-88.9446358702596,-5.65155274159076
pp_mean,quasisteady,4.86967525165863,-100.229895035367,-13.6995547333861,-88.9567796467743,-5.55555019540628
pp_mean,quasisteady,4.9545019080479,-100.788315848455,-13.6095273005813,-88.9685143022375,-5.46115322316852
pp_mean,quasisteady,5.04080619102669,-101.364980344919,-13.5121481805261,-88.9798535168984,-5.36833624324147
pp_mean,quasisteady,5.12861383991365,-101.960490274274,-13.4067336346041,-88.990810520413,-5.27707401697191
pp_mean,quasisteady,5.21795104239002,-102.57546143258,-13.2925576790855,-89.0013981062287,-5.18734164750649
pp_mean,quasisteady,5.30884444230988,-103.210523498772,-13.1688493191336,-89.0116286455407,-5.09911457840098
pp_mean,quasisteady,5.40132114764635,-103.866319785287,-13.0347895946786,-89.0215141008301,-5.01236859203613
pp_mean,quasisteady,5.49540873857624,-104.543506890264,-12.8895084250318,-89.0310660389948,-4.92707980785382
pp_mean,quasisteady,5.5911352757056,-105.242754236923,-12.7320812382716,-89.0402956440839,-4.84322468042646
pp_mean,quasisteady,5.68852930843841,-105.964743483793,-12.5615253705549,-89.0492137296447,-4.76077999737162
pp_mean,quasisteady,5.78761988349121,-106.710167787307,-12.3767962196158,-89.0578307506944,-4.67972287712389
pp_mean,quasisteady,5.88843655355589,-107.479730895803,-12.1767831358073,-89.0661568153238,-4.60003076657463
pp_mean,quasisteady,5.99100938611354,-108.274146051216,-11.9603050331387,-89.0742016959459,-4.52168143859023
pp_mean,quasisteady,6.09536897240169,-109.094134671567,-11.726105701875,-89.0819748401968,-4.44465298941868
pp_mean,quasisteady,6.20154643653785,-109.940424783814,-11.4728488034186,-89.0894853814985,-4.36892383599378
pp_mean,quasisteady,6.30957344480193,-110.813749172595,-11.1991125274129,-89.0967421492953,-4.29447271314578
pp_mean,quasisteady,6.41948221508036,-111.714843205839,-10.9033838903277,-89.1037536789692,-4.22127867072691
pp_mean,quasisteady,6.53130552647472,-112.64444229306,-10.5840526542494,-89.1105282214466,-4.14932107065957
pp_mean,quasisteady,6.6450767290778,-113.603278926349,-10.239404844261,-89.1170737525035,-4.07857958391468
pp_mean,quasisteady,6.76082975391982,-114.592079247498,-9.86761584272181,-89.1233979817773,-4.00903418742727
pp_mean,quasisteady,6.87859912308807,-115.611559077301,-9.46674303903096,-89.1295083614957,-3.94066516095584
pp_mean,quasisteady,6.99841996002273,-116.662419334708,-9.03471801418096,-89.1354120949281,-3.87345308389186
pp_mean,quasisteady,7.12032799999203,-117.745340764175,-8.56933824070642,-89.1411161445701,-3.80737883202529
pp_mean,quasisteady,7.2443596007499,-118.860977878936,-8.06825828065877,-89.1466272400672,-3.74242357427161
pp_mean,quasisteady,7.37055175337934,-120.009952016183,-7.52898046718179,-89.1519518858866,-3.67856876936571
pp_mean,quasisteady,7.49894209332456,-121.19284338684,-6.9488450593474,-89.1570963687433,-3.61579616252746
pp_mean,quasisteady,7.62956891161533,-122.410181987891,-6.32501986541573,-89.1620667647893,-3.55408778210374
pp_mean,quasisteady,7.76247116628692,-123.66243722879,-5.65448933693817,-89.1668689465717,-3.49342593619112
pp_mean,quasisteady,7.89768849399886,-124.950006105233,-4.93404314553044,-89.171508589767,-3.4337932092434
pp_mean,quasisteady,8.03526122185617,-126.273199733483,-4.16026426618003,-89.1759911796993,-3.37517245866785
pp_mean,quasisteady,8.1752303794365,-127.63222803632,-3.32951660619661,-89.1803220176475,-3.31754681141368
pp_mean,quasisteady,8.31763771102671,-129.027182347566,-2.43793223804769,-89.1845062269489,-3.26089966055621
pp_mean,quasisteady,8.46252568807269,-130.458015675995,-1.48139831815171,-89.188548758905,-3.20521466187982
pp_mean,quasisteady,8.60993752184601,-131.924520341365,-0.455543803183208,-89.1924543984962,-3.15047573046274
pp_mean,quasisteady,8.75991717633117,-133.42630266555,0.644273888301239,-89.1962277699105,-3.09666703726632
pp_mean,quasisteady,8.91250938133745,-134.962754370636,1.82298207678218,-89.1998733418919,-3.04377300573148
pp_mean,quasisteady,9.06775964583905,-136.53302030399,3.08580563920377,-89.2033954329158,-2.99177830838471
pp_mean,quasisteady,9.22571427154763,-138.135962078558,4.43827913166811,-89.2067982161938,-2.94066786345579
pp_mean,quasisteady,9.38642036672135,-139.770117186255,5.88625782770849,-89.2100857245166,-2.89042683150952
pp_mean,quasisteady,9.54992586021436,-141.433653114956,7.43592718858797,-89.213261854937,-2.8410406120931
pp_mean,quasisteady,9.71627951577106,-143.124315977649,9.09381017040557,-89.2163303733007,-2.7924948404013
pp_mean,quasisteady,9.88553094656939,-144.839373148796,10.8667716407996,-89.2192949186276,-2.74477538396082
pp_mean,quasisteady,10.0577306300174,-146.575549401993,12.7620190230838,-89.2221590073493,-2.69786833933551
pp_mean,quasisteady,10.2329299228075,-148.328956059766,14.7870981051665,-89.2249260374078,-2.65176002885387
pp_mean,quasisteady,10.4111810762334,-150.095012707543,16.9498827422575,-89.2275992922188,-2.60643699736016
pp_mean,quasisteady,10.5925372517729,-151.868361097826,19.2585569443698,-89.230181944504,-2.5618860089902
pp_mean,quasisteady,10.7770525369432,-153.642770987744,21.7215875711444,-89.2326770599984,-2.5180940439732
pp_mean,quasisteady,10.9647819614319,-155.411037826221,24.347685558255,-89.2350876010333,-2.47504829546039
pp_mean,quasisteady,11.1557815135085,-157.164872451087,27.1457532746066,-89.2374164300022,-2.43273616638156
pp_mean,quasisteady,11.3501081567232,-158.894783289451,30.1248152640237,-89.2396663127118,-2.39114526633022
pp_mean,quasisteady,11.5478198468946,-160.589951997095,33.2939292700933,-89.2418399216212,-2.35026340847829
pp_mean,quasisteady,11.7489755493953,-162.238104047053,36.6620740954228,-89.2439398389751,-2.3100786065208
pp_mean,quasisteady,11.9536352567372,-163.825376508257,40.2380105321084,-89.2459685598321,-2.27057907165143
pp_mean,quasisteady,12.1618600064637,-165.336186165932,44.0301113543504,-89.2479284949923,-2.23175320956927
pp_mean,quasisteady,12.3737118993535,-166.753102247984,48.0461562352986,-89.2498219738287,-2.19358961751746
pp_mean,quasisteady,12.5892541179417,-168.056729351076,52.2930875018197,-89.2516512470232,-2.1560770813539
pp_mean,quasisteady,12.8085509453628,-169.225607710244,56.7767229534346,-89.2534184892127,-2.11920457265466
pp_mean,quasisteady,13.031667784523,-170.236139711967,61.5014226434831,-89.2551258015462,-2.08296124585022
pp_mean,quasisteady,13.2586711776056,-171.062553470087,66.4697076668514,-89.2567752141569,-2.04733643539493
pp_mean,quasisteady,13.4896288259165,-171.676916285579,71.6818307474634,-89.2583686885525,-2.01231965296979
pp_mean,quasisteady,13.7246096100756,-172.049212762513,77.1353009025505,-89.2599081199251,-1.97790058471892
pp_mean,quasisteady,13.9636836105594,-172.147504057314,82.8243678015918,-89.2613953393839,-1.94406908851965
pp_mean,quasisteady,14.2069221286018,-171.938185926128,88.739475725016,-89.2628321161141,-1.91081519128648
pp_mean,quasisteady,14.4543977074593,-171.386363555839,94.8667022864554,-89.2642201594627,-1.8781290863089
pp_mean,quasisteady,14.7061841540456,-170.456360194569,101.187203233557,-89.2655611209552,-1.8460011306232
pp_mean,quasisteady,14.9623565609443,-169.112373861911,107.676691456181,-89.2668565962447,-1.81442184241812
pp_mean,quasisteady,15.2229913288042,-167.319291435253,114.304985378841,-89.2681081269957,-1.78338189847446
pp_mean,quasisteady,15.4881661891248,-165.04366176019,121.03566853039,-89.2693172027045,-1.75287213163852
pp_mean,quasisteady,15.7579602274392,-162.254818873056,127.825907349035,-89.2704852624594,-1.72288352832931
pp_mean,quasisteady,16.0324539069004,-158.926133002611,134.626477047618,-89.2716136966411,-1.69340722607941
pp_mean,quasisteady,16.3117290922784,-155.036351221692,141.382044345217,-89.2727038485664,-1.66443451110942
pp_mean,quasisteady,16.5958690743756,-150.57097248902,148.031749799592,-89.273757016077,-1.63595681593575
pp_mean,quasisteady,16.8849585948675,-145.523585013276,154.51012034507,-89.2747744530743,-1.60796571701168
pp_mean,quasisteady,17.1790838715759,-139.897079614069,160.748324004208,-89.2757573710036,-1.58045293240147
pp_mean,quasisteady,17.4783326241822,-133.704643655333,166.675754016495,-89.2767069402876,-1.5534103194873
pp_mean,quasisteady,17.7827941003892,-126.970438814413,172.221900336352,-89.2776242917122,-1.52682987270886
pp_mean,quasisteady,18.0925591025382,-119.729874572488,177.318435305066,-89.2785105177655,-1.50070372133542
pp_mean,quasisteady,18.4077200146896,-112.029408968499,181.901411027079,-89.2793666739321,-1.47502412726995
pp_mean,quasisteady,18.7283708301755,-103.925838397889,185.913442876777,-89.2801937799434,-1.44978348288528
pp_mean,quasisteady,19.0546071796325,-95.4850767760196,189.305740777547,-89.2809928209862,-1.42497430889186
pp_mean,quasisteady,19.3865263595221,-86.7804671891378,192.039850584839,-89.2817647488705,-1.40058925223695
pp_mean,quasisteady,19.7242273611485,-77.8907109395013,194.088983441376,-89.282510483158,-1.37662108403489
pp_mean,quasisteady,20.0678109001819,-68.8975339963902,195.43884044551,-89.2832309122524,-1.35306269752818
pp_mean,quasisteady,20.4173794466953,-59.8832343200366,196.087880154377,-89.2839268944535,-1.32990710607917
pp_mean,quasisteady,20.7730372557256,-50.9282620420111,196.047022271876,-89.2845992589751,-1.30714744119188
pp_mean,quasisteady,21.1348903983665,-42.1089771166973,195.338826373343,-89.285248806929,-1.28477695056376
pp_mean,quasisteady,21.5030467934026,-33.4957073476849,193.996223929489,-89.285876312276,-1.26278899616711
pp_mean,quasisteady,21.8776162394955,-25.1511972799196,192.060910700087,-89.2864825227444,-1.24117705235971
pp_mean,quasisteady,22.2587104479301,-17.1295002576949,189.581522225361,-89.2870681607176,-1.21993470402446
pp_mean,quasisteady,22.6464430759306,-9.47532719244699,186.611717301517,-89.2876339240921,-1.19905564473764
pp_mean,quasisteady,23.0409297605584,-2.22383083754092,183.208284600361,-89.2881804871063,-1.17853367496547
pp_mean,quasisteady,23.4422881531992,4.59922308775334,179.429368973835,-89.2887085011412,-1.15836270028868
pp_mean,quasisteady,23.8506379546511,10.9769650434794,175.332890106755,-89.2892185954943,-1.13853672965468
pp_mean,quasisteady,24.2661009508241,16.9006874811244,170.975200620322,-89.2897113781272,-1.1190498736571
pp_mean,quasisteady,24.6888010490621,22.3689448280404,166.410006475753,-89.2901874363883,-1.09989634284222
pp_mean,quasisteady,25.1188643150958,27.3865598470866,161.687551695778,-89.2906473377107,-1.08107044604212
pp_mean,quasisteady,25.5564190106414,31.9635989271754,156.854053184711,-89.2910916302865,-1.06256658873411
pp_mean,quasisteady,26.0015956316527,36.1143668709946,151.951360121161,-89.2915208437188,-1.04437927142604
pp_mean,quasisteady,26.4545269472405,39.8564591101462,147.016805723428,-89.2919354896509,-1.02650308806737
pp_mean,quasisteady,26.9153480392692,43.2098972634145,142.083216446846,-89.2923360623752,-1.00893272448545
pp_mean,quasisteady,27.3841963426436,46.1963633831676,137.17904397692,-89.2927230394207,-0.991662956846727
pp_mean,quasisteady,27.8612116862977,48.8385395339414,132.328587821833,-89.293096882121,-0.97468865014263
pp_mean,quasisteady,28.3465363348967,51.1595526307442,127.552280060349,-89.293458036163,-0.958004756699705
pp_mean,quasisteady,28.8403150312661,53.1825196303428,122.867008191155,-89.2938069321171,-0.941606314713705
pp_mean,quasisteady,29.3426950395597,54.9301849840085,118.286456548437,-89.2941439859494,-0.925488446807291
pp_mean,quasisteady,29.8538261891796,56.4246404313636,113.821451045988,-89.2944695995168,-0.909646358611027
pp_mean,quasisteady,30.373860919461,57.6871164379219,109.480295873859,-89.294784161045,-0.894075337367335
pp_mean,quasisteady,30.9029543251359,58.7378345710594,105.269094089847,-89.2950880455904,-0.87877075055708
pp_mean,quasisteady,31.441264202588,59.5959106269362,101.192046792521,-89.2953816154868,-0.863728044548468
pp_mean,quasisteady,31.988951096914,60.2792991665213,97.2517277542147,-89.2956652207765,-0.84894274326793
pp_mean,quasisteady,32.5461783498046,60.8047711398939,93.4493320838824,-89.2959391996266,-0.834410446892677
pp_mean,quasisteady,33.1131121482591,61.1879173627838,89.7848987482287,-89.2962038787322,-0.82012683056462
pp_mean,quasisteady,33.6899215741491,61.4431716806084,86.2575076773074,-89.2964595737049,-0.806087643125308
pp_mean,quasisteady,34.276778654645,61.5838486632146,82.8654527872666,-89.2967065894486,-0.79228870587161
pp_mean,quasisteady,34.8738584135218,61.6221915891952,79.6063926311449,-89.2969452205227,-0.778725911331827
pp_mean,quasisteady,35.4813389233575,61.5694272882519,76.477480593065,-89.2971757514929,-0.765395222061894
pp_mean,quasisteady,36.0994013586417,61.4358251104435,73.4754766173948,-89.2973984572696,-0.752292669461418
pp_mean,quasisteady,36.7282300498085,61.2307578859882,70.5968424493052,-89.2976136034358,-0.739414352609231
pp_mean,quasisteady,37.3680125382116,60.9627632364708,67.8378222858099,-89.2978214465634,-0.726756437118141
pp_mean,quasisteady,38.0189396320561,60.6396040079254,65.194510619244,-89.2980222345182,-0.714315154008635
pp_mean,quasisteady,38.6812054633052,60.2683269292225,62.6629089150705,-89.298216206756,-0.702086798601201
pp_mean,quasisteady,39.3550075455778,59.8553188663384,60.2389726152147,-89.2984035946071,-0.690067729427009
pp_mean,quasisteady,40.0405468330546,59.4063602546205,57.918649805571,-89.2985846215522,-0.678254367156652
pp_mean,quasisteady,40.7380277804113,58.9266754563662,55.697912737831,-89.2987595034886,-0.66664319354668
pp_mean,quasisteady,41.4476584037939,58.4209799181093,53.5727832552465,-89.2989284489875,-0.655230750403642
pp_mean,quasisteady,42.1696503428582,57.8935240980457,51.5393530416245,-89.2990916595423,-0.644013638565364
pp_mean,quasisteady,42.9042189238885,57.3481342050952,49.593799493935,-89.2992493298088,-0.632988516899194
pp_mean,quasisteady,43.6515832240166,56.7882498422481,47.7323979117597,-89.2994016478371,-0.622152101316951
pp_mean,quasisteady,44.4119661365589,56.2169586823158,45.9515306012307,-89.2995487952956,-0.611501163806311
pp_mean,quasisteady,45.1855944374922,55.6370283274418,44.2476934065696,-89.2996909476878,-0.601032531478361
pp_mean,quasisteady,45.9726988530872,55.0509355175542,42.6175001080999,-89.2998282745611,-0.590743085631091
pp_mean,quasisteady,46.7735141287198,54.4608928596229,41.0576850607819,-89.2999609397088,-0.580629760828541
pp_mean,quasisteady,47.5882790988817,53.8688732509294,39.5651043910239,-89.3000891013656,-0.570689543995366
pp_mean,quasisteady,48.4172367584099,53.2766321670123,38.1367360208462,-89.3002129123963,-0.560919473526586
pp_mean,quasisteady,49.2606343349577,52.6857279796337,36.7696787465331,-89.3003325204773,-0.551316638412245
pp_mean,quasisteady,50.1187233627273,52.097540462915,35.4611505629257,-89.3004480682733,-0.541878177376777
pp_mean,quasisteady,50.991759757487,51.5132876373682,34.2084863936994,-89.3005596936072,-0.532601278032815
pp_mean,quasisteady,51.8800038928961,50.9340410924409,33.0091353616912,-89.3006675296242,-0.523483176049217
pp_mean,quasisteady,52.7837206781577,50.3607399187691,31.8606577109737,-89.3007717049505,-0.514521154333091
pp_mean,quasisteady,53.7031796370253,49.7942033718816,30.7607214733797,-89.3008723438468,-0.505712542225572
pp_mean,quasisteady,54.6386549881854,49.2351423798298,29.7070989560928,-89.3009695663565,-0.497054714711148
pp_mean,quasisteady,55.5904257270404,48.6841699982741,28.6976631133263,-89.3010634884485,-0.488545091640296
pp_mean,quasisteady,56.5587757089154,48.1418109080277,27.730383853642,-89.3011542221556,-0.480181136965228
pp_mean,quasisteady,57.5439937337157,47.6085100420169,26.8033243248171,-89.3012418757083,-0.471960357988517
pp_mean,quasisteady,58.5463736320577,47.0846404210831,25.9146372100625,-89.3013265536632,-0.463880304624409
pp_mean,quasisteady,59.566214352901,46.5705102710458,25.0625610626169,-89.3014083570286,-0.455938568672602
pp_mean,quasisteady,60.6038200527067,46.0663694869587,24.2454167000674,-89.3014873833839,-0.448132783104283
pp_mean,quasisteady,61.6595001861482,45.5724155045217,23.4616036750296,-89.3015637269967,-0.440460621360241
pp_mean,quasisteady,62.7335695984038,45.0887986331219,22.7095968348941,-89.301637478935,-0.432919796660835
pp_mean,quasisteady,63.8263486190549,44.6156268999612,21.9879429800979,-89.3017087271754,-0.425508061327637
pp_mean,quasisteady,64.9381631576211,44.1529704501424,21.2952576277005,-89.3017775567087,-0.418223206116554
pp_mean,quasisteady,66.0693448007596,43.7008655434116,20.6302218848399,-89.3018440496406,-0.411063059562232
pp_mean,quasisteady,67.2202309111567,43.2593181844556,19.9915794348489,-89.3019082852899,-0.404025487333564
pp_mean,quasisteady,68.3911647281429,42.8283074202062,19.3781336373436,-89.3019703402832,-0.397108391600117
pp_mean,quasisteady,69.5824954700605,42.407788334473,18.7887447424189,-89.3020302886459,-0.390309710409293
pp_mean,quasisteady,70.7945784384138,41.9976947673913,18.2223272181409,-89.3020882018908,-0.383627417074046
pp_mean,quasisteady,72.0277751238341,41.5979417846034,17.6778471897749,-89.3021441491032,-0.377059519570988
pp_mean,quasisteady,73.2824533138904,41.2084279187697,17.1543199886044,-89.3021981970236,-0.370604059948698
pp_mean,quasisteady,74.5589872027782,40.8290372038999,16.6508078077451,-89.3022504101267,-0.364259113746074
pp_mean,quasisteady,75.8577575029184,40.4596410210962,16.1664174620218,-89.3023008506988,-0.358022789420557
pp_mean,quasisteady,77.1791515585013,40.1000997725797,15.7002982487272,-89.302349578912,-0.351893227786066
pp_mean,quasisteady,78.5235634610072,39.7502643993144,15.2516399059144,-89.3023966528956,-0.345868601460472
pp_mean,quasisteady,79.8913941667404,39.4099777561408,14.8196706647655,-89.302442128806,-0.339947114322464
pp_mean,quasisteady,81.2830516164099,39.0790758570553,14.4036553925201,-89.3024860608932,-0.334127000977641
pp_mean,quasisteady,82.6989508567932,38.757389002126,14.002893822431,-89.3025285015657,-0.328406526233684
pp_mean,quasisteady,84.1395141645195,38.4447427964894,13.616718867229,-89.302569501453,-0.322783984584441
pp_mean,quasisteady,85.6051711720095,38.1409590709347,13.2444950126194,-89.3026091094659,-0.317257699702796
pp_mean,quasisteady,87.0963589956081,37.8458567127295,12.8856167873954,-89.302647372855,-0.311826023942158
pp_mean,quasisteady,88.6135223659499,37.5592524145636,12.5395073068262,-89.3026843372667,-0.306487337846428
pp_mean,quasisteady,90.1571137605957,37.2809613487942,12.2056168860713,-89.3027200467983,-0.301240049668314
pp_mean,quasisteady,91.7275935389779,37.0107977735351,11.8834217204653,-89.3027545440497,-0.296082594895838
pp_mean,quasisteady,93.3254300796991,36.7485755765614,11.5724226296221,-89.3027878701751,-0.291013435786901
pp_mean,quasisteady,94.9510999202198,36.494108762475,11.2721438624146,-89.3028200649315,-0.286031060911785
pp_mean,quasisteady,96.6050878989813,36.2472118881039,10.9821319599943,-89.3028511667262,-0.281133984703427
pp_mean,quasisteady,98.2878873000033,36.007700450676,10.7019546741272,-89.3028812126629,-0.276320747015373
pp_mean,quasisteady,100,35.7753912329176,10.4311999382285,-89.3029102385856,-0.271589912687251
cf_mean,algebraic_coning,0.1,-9.06911173277971,-26.1687654507005,-9.05605797611909,-26.1620104585876
cf_mean,algebraic_coning,0.10174193661806,-9.35148776803678,-26.5233919103404,-9.33781438585603,-26.5163745895617
cf_mean,algebraic_coning,0.103514216667934,-9.64149446074878,-26.8796509846554,-9.62717114500352,-26.8723646987521
cf_mean,algebraic_coning,0.105317368712972,-9.939265335929,-27.2373940640598,-9.92426036698386,-27.2298323275322
cf_mean,algebraic_coning,0.107151930523761,-10.2449316597823,-27.5964651608157,-10.2292118533302,-27.5886216764967
cf_mean,algebraic_coning,0.109018449238513,-10.558622090053,-27.9567008170891,-10.5421527433779,-27.948569516623
cf_mean,algebraic_coning,0.11091748152624,-10.8804623117833,-28.3179300274133,-10.8632071494966,-28.3095051149782
cf_mean,algebraic_coning,0.112849593752776,-11.2105746588169,-28.6799741768808,-11.1924957782118,-28.6712501762913
cf_mean,algebraic_coning,0.114815362149688,-11.5490777214807,-29.042646996416,-11.5301355376631,-29.0336188017383
cf_mean,algebraic_coning,0.116815372986132,-11.896085940985,-29.4057545364986,-11.8762391319568,-29.3964174663067
cf_mean,algebraic_coning,0.118850222743702,-12.2517091911935,-29.7690951607285,-12.2309146430763,-29.7594450161201
cf_mean,algebraic_coning,0.120920518294321,-12.6160523485359,-30.1324595606234,-12.5942651011425,-30.1224926871093
cf_mean,algebraic_coning,0.123026877081238,-12.9892148509553,-30.4956307930425,-12.9663880439287,-30.4853441464118
cf_mean,algebraic_coning,0.125169927303173,-13.3712902469148,-30.8583843416177,-13.347375066673,-30.84777555787
cf_mean,algebraic_coning,0.127350308101666,-13.7623657356178,-31.2204882035483,-13.7373113633564,-31.2095556729704
cf_mean,algebraic_coning,0.129568669751702,-14.1625216997343,-31.5817030030854,-14.1362752607556,-31.5704459485366
cf_mean,algebraic_coning,0.131825673855641,-14.571831232064,-31.9417821329837,-14.5443377467144,-31.930200692435
cf_mean,algebraic_coning,0.134121993540537,-14.9903596577061,-32.3004719251411,-14.9615619942197,-32.288567238495
cf_mean,algebraic_coning,0.136458313658892,-15.4181640534491,-32.6575118515719,-15.3880028830061,-32.6452861517712
cf_mean,algebraic_coning,0.138835330992905,-15.855292766232,-33.0126347567758,-15.8237065205548,-33.0000914651824
cf_mean,algebraic_coning,0.141253754462275,-16.3017849326672,-33.3655671224597,-16.2687097644866,-33.3527109484654
cf_mean,algebraic_coning,0.143714305335639,-16.7576700017512,-33.7160293654566,-16.7230397484835,-33.702866410255
cf_mean,algebraic_coning,0.146217717445672,-17.2229672630173,-34.0637361695489,-17.1867134140015,-34.0502740339754
cf_mean,algebraic_coning,0.14876473740795,-17.697685382508,-34.4083968517604,-17.6597370501572,-34.3946447480717
cf_mean,algebraic_coning,0.151356124843621,-18.181821949061,-34.749715763515,-18.1421058442841,-34.735684630951
cf_mean,algebraic_coning,0.153992652605949,-18.6753630335041,-35.0873927268826,-18.6338034457548,-35.0730953508185
cf_mean,algebraic_coning,0.156675107010815,-19.1782827634496,-35.4211235059381,-19.1348015457565,-35.4065746404011
cf_mean,algebraic_coning,0.159404288071222,-19.690542916456,-35.750600313054,-19.6450594757818,-35.7358168063418
cf_mean,algebraic_coning,0.162181009735893,-20.2120925343861,-36.0755123497232,-20.1645238276558,-36.0605132728268
cf_mean,algebraic_coning,0.165006100132023,-20.7428675618383,-36.3955463812779,-20.6931280979623,-36.3803531587711
cf_mean,algebraic_coning,0.167880401812256,-21.2827905115519,-36.7103873446227,-21.2307923597541,-36.6950238876483
cf_mean,algebraic_coning,0.170804772005971,-21.8317701596908,-37.0197189878517,-21.7774229644324,-37.0042118287908
cf_mean,algebraic_coning,0.173780082874938,-22.3897012738935,-37.3232245403512,-22.3329122766579,-37.3076029687317
cf_mean,algebraic_coning,0.176807221773432,-22.9564643769335,-37.6205874117308,-22.8971384451102,-37.60488361089
cf_mean,algebraic_coning,0.179887091512879,-23.5319255487662,-37.911491917648,-23.4699652118395,-37.8957411016349
cf_mean,algebraic_coning,0.183020610631106,-24.1159362696447,-38.1956240303286,-24.0512417628563,-38.1798645804941
cf_mean,algebraic_coning,0.186208713666287,-24.7083333068642,-38.4726721513101,-24.6408026224781,-38.4569457520066
cf_mean,algebraic_coning,0.189452351435659,-25.308938647545,-38.7423279036765,-25.2384675937998,-38.7266796764603
cf_mean,algebraic_coning,0.192752491319094,-25.9175594796877,-39.0042869407959,-25.8440417474722,-38.988765576499
cf_mean,algebraic_coning,0.196110117547605,-26.5339882235272,-39.2582497683265,-26.4573154607647,-39.2429076563481
cf_mean,algebraic_coning,0.199526231496888,-27.1580026149789,-39.5039225760286,-27.07806450865,-39.4888159301767
cf_mean,algebraic_coning,0.203001851985968,-27.7893658427143,-39.7410180757062,-27.7060502083915,-39.7262070559103
cf_mean,algebraic_coning,0.206538015581053,-28.4278267401141,-39.9692563414092,-28.3410196188191,-39.9548051706168
cf_mean,algebraic_coning,0.210135776904675,-29.0731200330424,-40.1883656478602,-28.9827057951776,-40.1743427234297
cf_mean,algebraic_coning,0.213796208950223,-29.7249666440539,-40.398083302925,-29.630828100095,-40.3845613018329
cf_mean,algebraic_coning,0.217520403401952,-30.3830740532993,-40.5981564698386,-30.2850925708702,-40.5852124470256
cf_mean,algebraic_coning,0.221309470960564,-31.0471367160278,-40.7883429748108,-30.9451923429162,-40.7760584540143
cf_mean,algebraic_coning,0.225164541674462,-31.7168365362079,-40.9684120955967,-31.6108081288153,-40.9568731520339
cf_mean,algebraic_coning,0.229086765276777,-32.3918433954033,-41.1381453266006,-32.2816087520579,-41.1274426609005
cf_mean,algebraic_coning,0.233077311528264,-33.0718157356437,-41.297337116114,-32.9572517341465,-41.2875661189312
cf_mean,algebraic_coning,0.237137370566166,-33.756401194639,-41.4457955713515,-33.6373839333518,-41.4370563781352
cf_mean,algebraic_coning,0.241268153259163,-34.4452372912931,-41.5833431270544,-34.3216422330223,-41.5757406624979
cf_mean,algebraic_coning,0.245470891568503,-35.1379521590857,-41.7098171735772,-35.0096542769641,-41.7034611853248
cf_mean,algebraic_coning,0.249746838915414,-35.8341653245209,-41.8250706405559,-35.7010392490418,-41.8200757218041
cf_mean,algebraic_coning,0.254097270554931,-36.5334885274782,-41.9289725324772,-36.3954086937958,-41.9254581331736
cf_mean,algebraic_coning,0.258523483956219,-37.2355265799674,-42.0214084127281,-37.0923673745389,-42.0194988391393
cf_mean,algebraic_coning,0.263026799189538,-37.9398782594709,-42.1022808329982,-37.7915141650872,-42.1021052354921
cf_mean,algebraic_coning,0.267608559319933,-38.6461372327713,-42.1715097052307,-38.4924429710009,-42.173202054194
cf_mean,algebraic_coning,0.272270130807791,-39.3538930059075,-42.2290326136745,-39.1947436759611,-42.232731663568
cf_mean,algebraic_coning,0.277012903916373,-40.0627318956804,-42.2748050649694,-39.8980031086968,-42.2806543066008
cf_mean,algebraic_coning,0.281838293126445,-40.772238017948,-42.3088006745978,-40.6018060256995,-42.3169482757764
cf_mean,algebraic_coning,0.286747737558132,-41.4819942878041,-42.3310112884573,-41.3057361048295,-42.3416100232762
cf_mean,algebraic_coning,0.291742701400117,-42.1915834266362,-42.3414470387421,-42.0093769448236,-42.3546542058139
cf_mean,algebraic_coning,0.296824674346324,-42.900588970998,-42.3401363337627,-42.7123130656614,-42.356113663814
cf_mean,algebraic_coning,0.301995172040202,-43.6085962782187,-42.3271257817803,-43.4141309047455,-42.3460393350877
cf_mean,algebraic_coning,0.307255736526745,-44.315193523701,-42.3024800493758,-44.114419803883,-42.3245001036013
cf_mean,algebraic_coning,0.312607936712396,-45.0199726849321,-42.2662816553176,-44.8127729821398,-42.2915825843659
cf_mean,algebraic_coning,0.318053368832952,-45.7225305073524,-42.2186307013149,-45.5087884897601,-42.247390845906
cf_mean,algebraic_coning,0.323593656929628,-46.4224694473775,-42.1596445414643,-46.2020701385077,-42.192046072168
cf_mean,algebraic_coning,0.329230453333406,-47.1193985880731,-42.0894573925869,-46.8922284039875,-42.1256861661241
cf_mean,algebraic_coning,0.334965439157828,-47.8129345232101,-42.0082198880293,-47.5788812957431,-42.0484652976861
cf_mean,algebraic_coning,0.340800324800365,-48.5027022056993,-41.9160985778429,-48.2616551911979,-41.9605533988872
cf_mean,algebraic_coning,0.346736850452532,-49.1883357566963,-41.8132753785721,-48.9401856298071,-41.8621356095922
cf_mean,algebraic_coning,0.352776786618874,-49.8694792319976,-41.6999469761631,-49.614118064112,-41.7534116772722
cf_mean,algebraic_coning,0.358921934645005,-50.5457873426903,-41.5763241857503,-50.2831085647396,-41.6345953146178
cf_mean,algebraic_coning,0.365174127254838,-51.2169261273846,-41.4426312722863,-50.9468244767501,-41.5059135189656
cf_mean,algebraic_coning,0.371535229097173,-51.8825735737373,-41.2991052361506,-51.604945025119,-41.3676058576746
cf_mean,algebraic_coning,0.378007137301811,-52.5424201873606,-41.1459950680049,-52.2571618675219,-41.2199237237136
cf_mean,algebraic_coning,0.384591782045354,-53.1961695066084,-40.9835609772525,-52.903179592986,-41.0631295658039
cf_mean,algebraic_coning,0.391291127126853,-53.8435385621214,-40.8120735985126,-53.5427161653621,-40.8974960975071
cf_mean,algebraic_coning,0.398107170553497,-54.4842582804094,-40.6318131805336,-54.1755033109596,-40.7233054896564
cf_mean,algebraic_coning,0.405041945136493,-55.1180738311316,-40.4430687619463,-54.8012868500673,-40.5408485504985
cf_mean,algebraic_coning,0.41209751909733,-55.7447449181059,-40.2461373382009,-55.4198269724523,-40.3504238978512
cf_mean,algebraic_coning,0.419275996684605,-56.3640460144465,-40.0413230239352,-56.0308984572843,-40.152337127483
cf_mean,algebraic_coning,0.426579518801593,-56.9757665425639,-39.8289362149048,-56.6342908382675,-39.9468999817949
cf_mean,algebraic_coning,0.434010263644744,-57.5797110000863,-39.6092927534463,-57.2298085150842,-39.7344295227282
cf_mean,algebraic_coning,0.441570447353313,-58.175699033065,-39.3827131012744,-57.8172708125411,-39.5152473126419
cf_mean,algebraic_coning,0.449262324670293,-58.7635654580988,-39.1495215232096,-58.3965119890882,-39.2896786067024
cf_mean,algebraic_coning,0.457088189614875,-59.3431602352647,-38.9100452852132,-58.9673811966163,-39.0580515601049
cf_mean,algebraic_coning,0.465050376166606,-59.9143483939674,-38.6646138698743,-59.5297423936629,-38.8206964532101
cf_mean,algebraic_coning,0.473151258961481,-60.4770099140125,-38.4135582122396,-60.0834742143434,-38.5779449374317
cf_mean,algebraic_coning,0.481393254000145,-61.0310395643824,-38.1572099586214,-60.628469795487,-38.3301293044493
cf_mean,algebraic_coning,0.489778819368446,-61.5763467023285,-37.8959007507517,-61.1646365645912,-38.0775817810569
cf_mean,algebraic_coning,0.49831045597053,-62.1128550355094,-37.6299615373802,-61.691895991318,-37.8206338516915
cf_mean,algebraic_coning,0.506990708274704,-62.6405023499908,-37.359721915144,-62.2101833053304,-37.5596156104124
cf_mean,algebraic_coning,0.515822165072306,-63.1592402069787,-37.0855095002664,-62.7194471833283,-37.294855143838
cf_mean,algebraic_coning,0.524807460249773,-63.6690336111974,-36.8076493323784,-63.2196494081671,-37.0266779462849
cf_mean,algebraic_coning,0.533949273574177,-64.1698606538284,-36.5264633114929,-63.7107645029531,-36.755406368094
cf_mean,algebraic_coning,0.543250331492433,-64.6617121329207,-36.242269668917,-64.1927793429911,-36.4813590978839
cf_mean,algebraic_coning,0.552713407944435,-65.1445911541464,-35.95538247264,-64.6656927484266,-36.2048506792337
cf_mean,algebraic_coning,0.562341325190349,-65.6185127147281,-35.6661111675088,-65.129515060369,-35.9261910620693
cf_mean,algebraic_coning,0.572136954652326,-66.0835032732925,-35.3747601502843,-65.5842677032142,-35.6456851888148
cf_mean,algebraic_coning,0.582103217770871,-66.539600308328,-35.0816283794668,-66.0299827357956,-35.3636326151728
cf_mean,algebraic_coning,0.592243086876131,-66.9868518678205,-34.7870090195929,-66.4667023939001,-35.0803271652098
cf_mean,algebraic_coning,0.602559586074358,-67.4253161125396,-34.4911891195284,-66.89447862657,-34.7960566202531
cf_mean,algebraic_coning,0.613055792149821,-67.8550608553278,-34.1944493241261,-67.3133726284998,-34.511102440952
cf_mean,algebraic_coning,0.623734835482419,-68.2761630986192,-33.8970636184715,-67.7234543707047,-34.2257395217166
cf_mean,algebraic_coning,0.634599900981287,-68.6887085722862,-33.5992991038138,-68.1248021315114,-33.9402359766219
cf_mean,algebraic_coning,0.645654229034656,-69.0927912737742,-33.3014158041659,-68.5175020297821,-33.6548529557579
cf_mean,algebraic_coning,0.656901116476266,-69.4885130123461,-33.0036665024596,-68.9016475621459,-33.3698444909124
cf_mean,algebraic_coning,0.668343917568615,-69.8759829591205,-32.7062966050601,-69.2773391458709,-33.0854573693927
cf_mean,algebraic_coning,0.679986045003322,-70.2553172044438,-32.4095440333749,-69.6446836688714,-32.8019310347278
cf_mean,algebraic_coning,0.691830970918936,-70.6266383239996,-32.113639141236,-70.0037940482044,-32.5194975129396
cf_mean,algebraic_coning,0.703882227936457,-70.9900749549198,-31.8188046566915,-70.3547887982731,-32.2383813630327
cf_mean,algebraic_coning,0.716143410212902,-71.3457613830277,-31.5252556468131,-70.6977916098225,-31.9587996503224
cf_mean,algebraic_coning,0.728618174513228,-71.6938371422129,-31.2331995041037,-71.0329309406807,-31.6809619412051
cf_mean,algebraic_coning,0.741310241300917,-72.0344466268102,-30.9428359530815,-71.3603396190742,-31.4050703179661
cf_mean,algebraic_coning,0.754223395847571,-72.3677387177351,-30.6543570756159,-71.6801544602275,-31.1313194122235
cf_mean,algebraic_coning,0.767361489361819,-72.6938664230113,-30.367947353598,-71.9925158968375,-30.8598964556146
cf_mean,algebraic_coning,0.780728440137907,-73.0129865332157,-30.0837837275445,-72.2975676239105,-30.5909813463522
cf_mean,algebraic_coning,0.794328234724281,-73.3252592922637,-29.8020356697568,-72.5954562583413,-30.3247467302974
cf_mean,algebraic_coning,0.808164929112537,-73.6308480838596,-29.5228652706845,-72.8863310135209,-30.0613580952323
cf_mean,algebraic_coning,0.822242649947071,-73.9299191338453,-29.2464273371764,-73.1703433891684,-29.8009738770442
cf_mean,algebraic_coning,0.83656559575581,-74.2226412285979,-28.9728695013398,-73.4476468764976,-29.5437455765766
cf_mean,algebraic_coning,0.851138038202377,-74.5091854495478,-28.7023323387704,-73.7183966787563,-29.2898178859443
cf_mean,algebraic_coning,0.865964323360065,-74.7897249238185,-28.4349494949606,-73.9827494470989,-29.0393288231554
cf_mean,algebraic_coning,0.881048873008014,-75.0644345909234,-28.1708478187382,-74.2408630316964,-28.7924098739303
cf_mean,algebraic_coning,0.89639618594995,-75.3334909853984,-27.9101475016389,-74.492896247923,-28.5491861396603
cf_mean,algebraic_coning,0.91201083935591,-75.5970720351933,-27.6529622221652,-74.7390086574102,-28.3097764904967
cf_mean,algebraic_coning,0.927897490127331,-75.8553568756011,-27.3993992939324,-74.9793603637116,-28.0742937226143
cf_mean,algebraic_coning,0.944060876285923,-76.1085256784621,-27.1495598167563,-75.2141118222803,-27.8428447187469
cf_mean,algebraic_coning,0.960505818386731,-76.3567594963416,-26.9035388297869,-75.4434236644233,-27.61553061114
cf_mean,algebraic_coning,0.977237220955811,-76.6002401213529,-26.6614254658398,-75.6674565348704,-27.3924469461236
cf_mean,algebraic_coning,0.994260073952957,-76.8391499582659,-26.4233031061311,-75.886370942562,-27.1736838495522
cf_mean,algebraic_coning,1.0115794542599,-77.0736719115242,-26.1892495346652,-76.100327124244,-26.9593261924145
cf_mean,algebraic_coning,1.02920052719443,-77.3039892857726,-25.9593370915738,-76.3094849204342,-26.7494537559606
cf_mean,algebraic_coning,1.0471285480509,-77.5302856994814,-25.7336328247498,-76.5140036633144,-26.5441413957421
cf_mean,algebraic_coning,1.06536886366756,-77.7527450112476,-25.5121986391625,-76.7140420760865,-26.3434592040059
cf_mean,algebraic_coning,1.0839269140212,-77.9715512583405,-25.2950914432808,-76.9097581833248,-26.1474726699286
cf_mean,algebraic_coning,1.10280823384955,-78.1868886070557,-25.0823632920747,-77.1013092318514,-25.9562428372153
cf_mean,algebraic_coning,1.12201845430196,-78.3989413144412,-24.874061526097,-77.2888516216549,-25.7698264586319
cf_mean,algebraic_coning,1.14156330461885,-78.6078937009547,-24.6702289061872,-77.4725408463759,-25.5882761470747
cf_mean,algebraic_coning,1.16144861384034,-78.8139301336169,-24.4709037433714,-77.6525314428799,-25.4116405228187
cf_mean,algebraic_coning,1.18168031254478,-79.0172350192283,-24.27612002356,-77.8289769494414,-25.2399643566188
cf_mean,algebraic_coning,1.20226443461741,-79.217992807219,-24.0859075266776,-78.0020298720697,-25.073288708372
cf_mean,algebraic_coning,1.22320711904993,-79.416388001713,-23.9002919398839,-78.1718416585072,-24.9116510610771
cf_mean,algebraic_coning,1.24451461177139,-79.612605182389,-23.7192949645672,-78.3385626794416,-24.7550854498574
cf_mean,algebraic_coning,1.26619326751094,-79.8068290337353,-23.5429344168168,-78.5023422164778,-24.6036225858384
cf_mean,algebraic_coning,1.28824955169313,-79.999244382299,-23.3712243210976,-78.6633284564239,-24.4572899746977
cf_mean,algebraic_coning,1.31069004236608,-80.1900362415432,-23.2041749968702,-78.8216684914543,-24.3161120297235
cf_mean,algebraic_coning,1.33352143216332,-80.379389863934,-23.0417931379128,-78.9775083247207,-24.1801101792459
cf_mean,algebraic_coning,1.35675053029986,-80.5674907998894,-22.8840818841173,-79.1309928809905,-24.0493029683171
cf_mean,algebraic_coning,1.38038426460288,-80.7545249632331,-22.7310408855412,-79.2822660219036,-23.9237061545408
cf_mean,algebraic_coning,1.40442968357795,-80.9406787028045,-22.5826663585092,-79.4314705654421,-23.8033327979643
cf_mean,algebraic_coning,1.4288939585111,-81.1261388798872,-22.4389511335628,-79.5787483092227,-23.6881933449627
cf_mean,algebraic_coning,1.45378438560766,-81.3110929511281,-22.2998846950675,-79.7242400572257,-23.5782957060603
cf_mean,algebraic_coning,1.47910838816821,-81.4957290566269,-22.1654532122849,-79.8680856495832,-23.4736453276442
cf_mean,algebraic_coning,1.50487351880251,-81.6802361128847,-22.0356395617273,-80.01042399506,-23.3742452575414
cf_mean,algebraic_coning,1.53108746168203,-81.8648039103094,-21.9104233406078,-80.1513931058649,-23.280096204436
cf_mean,algebraic_coning,1.5577580348316,-82.0496232149813,-21.7897808712021,-80.2911301344387,-23.1911965911195
cf_mean,algebraic_coning,1.58489319246111,-82.2348858743896,-21.6736851959361,-80.4297714118713,-23.1075426015716
cf_mean,algebraic_coning,1.61250102733774,-82.4207849268549,-21.5621060630099,-80.5674524876071,-23.0291282218811
cf_mean,algebraic_coning,1.64058977319954,-82.6075147143595,-21.4550099023658,-80.7043081701023,-22.9559452750232
cf_mean,algebraic_coning,1.66916780721106,-82.7952709985084,-21.3523597918019,-80.8404725681028,-22.8879834495174
cf_mean,algebraic_coning,1.69824365246174,-82.9842510793482,-21.2541154130274,-80.9760791322155,-22.8252303219994
cf_mean,algebraic_coning,1.72782598050786,-83.1746539167721,-21.1602329974475,-81.1112606964502,-22.7676713737457
cf_mean,algebraic_coning,1.75792361395869,-83.3666802542386,-21.0706652614584,-81.2461495194107,-22.7152900011986
cf_mean,algebraic_coning,1.78854552910777,-83.5605327445323,-20.9853613310218,-81.3808773248173,-22.6680675205466
cf_mean,algebraic_coning,1.81970085860998,-83.7564160772906,-20.904266655282,-81.5155753410447,-22.6259831664193
cf_mean,algebraic_coning,1.85139889420527,-83.9545371080189,-20.8273229089719,-81.6503743393588,-22.5890140847705
cf_mean,algebraic_coning,1.8836490894898,-84.1551049883096,-20.7544678833488,-81.785404670539,-22.5571353200222
cf_mean,algebraic_coning,1.91646106273539,-84.358331296976,-20.6856353653829,-81.9207962995704,-22.5303197965576
cf_mean,algebraic_coning,1.94984459975805,-84.5644301718021,-20.6207550049133,-82.0566788380914,-22.5085382946566
cf_mean,algebraic_coning,1.98380965683651,-84.7736184416012,-20.559752169467,-82.193181574282,-22.491759420976
cf_mean,algebraic_coning,2.01836636368156,-84.9861157582639,-20.502547786429,-82.3304334998734,-22.4799495736877
cf_mean,algebraic_coning,2.05352502645715,-85.2021447284656,-20.4490581722299,-82.4685633339644,-22.4730729023992
cf_mean,algebraic_coning,2.08929613085404,-85.421931044685,-20.399194848207,-82.6076995433209,-22.4710912629897
cf_mean,algebraic_coning,2.12569034521711,-85.6457036151728,-20.3528643427778,-82.747970358841,-22.4739641675091
cf_mean,algebraic_coning,2.16271852372702,-85.8736946924893,-20.309967979549,-82.8895037878581,-22.4816487292996
cf_mean,algebraic_coning,2.2003917096374,-86.1061400002093,-20.2704016509661,-83.0324276219612,-22.4940996035139
cf_mean,algebraic_coning,2.23872113856834,-86.3432788573731,-20.234055577097,-83.1768694400024,-22.5112689232184
cf_mean,algebraic_coning,2.27771824185732,-86.5853543002333,-20.2008140491204,-83.3229566059656,-22.5331062312865
cf_mean,algebraic_coning,2.31739464996848,-86.8326132008267,-20.1705551570775,-83.470816261367,-22.5595584083048
cf_mean,algebraic_coning,2.35776219596125,-87.0853063818675,-20.1431505014274,-83.6205753118579,-22.5905695967319
cf_mean,algebraic_coning,2.39883291901949,-87.3436887274288,-20.1184648879286,-83.772360407701,-22.6260811215721
cf_mean,algebraic_coning,2.44061906804198,-87.6080192888455,-20.0963560053544,-83.9262979177932,-22.6660314078433
cf_mean,algebraic_coning,2.48313310529557,-87.8785613852389,-20.0766740855311,-84.082513896907,-22.7103558951449
cf_mean,algebraic_coning,2.5263877101319,-88.1555826980186,-20.0592615451734,-84.2411340458307,-22.7589869496514
cf_mean,algebraic_coning,2.57039578276886,-88.4393553586845,-20.0439526089739,-84.4022836640866,-22.811853773885
cf_mean,algebraic_coning,2.615170448138,-88.7301560292014,-20.0305729133881,-84.5660875949172,-22.8688823146429
cf_mean,algebraic_coning,2.66072505979881,-89.0282659741746,-20.0189390905403,-84.7326701622336,-22.9299951694871
cf_mean,algebraic_coning,2.70707320392136,-89.3339711240071,-20.0088583316618,-84.9021550992322,-22.9951114922272
cf_mean,algebraic_coning,2.75422870333817,-89.6475621281633,-20.0001279294562,-85.0746654683958,-23.0641468978596
cf_mean,algebraic_coning,2.80220562166675,-89.9693343976089,-19.9925347987743,-85.2503235726098,-23.1370133674559
cf_mean,algebraic_coning,2.85101826750391,-90.2995881354409,-19.9858549749665,-85.429250857141,-23.2136191535224
cf_mean,algebraic_coning,2.90068119869315,-90.6386283546523,-19.9798530892679,-85.6115678022445,-23.2938686863866
cf_mean,algebraic_coning,2.95120922666639,-90.9867648819169,-19.9742818205602,-85.7973938061863,-23.3776624821971
cf_mean,algebraic_coning,3.00261742086127,-91.3443123462029,-19.9688813228408,-85.9868470584954,-23.4648970531554
cf_mean,algebraic_coning,3.05492111321551,-91.7115901509552,-19.9633786277231,-86.1800444032855,-23.5554648206318
cf_mean,algebraic_coning,3.10813590273948,-92.0889224285023,-19.9574870212773,-86.377101192519,-23.649254031847
cf_mean,algebraic_coning,3.16227766016838,-92.4766379752659,-19.9509053945182,-86.5781311291229,-23.7461486808365
cf_mean,algebraic_coning,3.2173625326956,-92.8750701662597,-19.9433175668341,-86.7832460999002,-23.846028434441
cf_mean,algebraic_coning,3.27340694878838,-93.2845568472708,-19.9343915816476,-86.9925559982306,-23.9487685640997
cf_mean,algebraic_coning,3.33042762308746,-93.7054402030243,-19.923778973594,-87.2061685365943,-24.054239884248
cf_mean,algebraic_coning,3.38844156139203,-94.1380665995194,-19.9111140064958,-87.4241890490071,-24.1623086981499
cf_mean,algebraic_coning,3.44746606573149,-94.5827863986229,-19.8960128814143,-87.6467202835112,-24.2728367520174
cf_mean,algebraic_coning,3.50751873952568,-95.0399537428854,-19.8780729140528,-87.8738621849216,-24.3856811982903
cf_mean,algebraic_coning,3.56861749283481,-95.5099263084228,-19.8568716807897,-88.1057116680941,-24.500694568967
cf_mean,algebraic_coning,3.63078054770101,-95.9930650235753,-19.831966132619,-88.3423623820478,-24.6177247598931
cf_mean,algebraic_coning,3.69402644358283,-96.4897337509156,-19.8028916762789,-88.5839044653453,-24.7366150269183
cf_mean,algebraic_coning,3.75837404288444,-97.0002989300318,-19.7691612218562,-88.8304242932094,-24.8572039948437
cf_mean,algebraic_coning,3.82384253658113,-97.5251291783492,-19.7302641961545,-89.0820042169335,-24.9793256800741
cf_mean,algebraic_coning,3.89045144994281,-98.0645948470892,-19.6856655211298,-89.3387222962233,-25.1028095278868
cf_mean,algebraic_coning,3.95822064835722,-98.6190675292825,-19.6348045566996,-89.6006520251937,-25.2274804652138
cf_mean,algebraic_coning,4.02717034325459,-99.1889195165581,-19.5770940072477,-89.867862052829,-25.3531589698122
cf_mean,algebraic_coning,4.09732109813542,-99.7745232012246,-19.5119187911608,-90.1404158988046,-25.4796611566723
cf_mean,algebraic_coning,4.16869383470335,-100.376250419935,-19.4386348727473,-90.4183716656571,-25.6067988824731
cf_mean,algebraic_coning,4.24130983910488,-100.994471734985,-19.3565680559102,-90.7017817483795,-25.7343798688524
cf_mean,algebraic_coning,4.31519076827765,-101.629555649034,-19.26501273897,-90.9906925426087,-25.8622078452044
cf_mean,algebraic_coning,4.39035865640945,-102.281867748755,-19.1632306300589,-91.2851441526613,-25.990082711653
cf_mean,algebraic_coning,4.46683592150963,-102.951769772612,-19.0504494225402,-91.5851701007577,-26.1178007227788
cf_mean,algebraic_coning,4.54464537209509,-103.639618597635,-18.925861429947,-91.8907970388632,-26.2451546925925
cf_mean,algebraic_coning,4.6238102139926,-104.345765139685,-18.7886221799759,-92.2020444646497,-26.3719342211572
cf_mean,algebraic_coning,4.70435405725976,-105.070553161321,-18.6378489671302,-92.5189244431581,-26.4979259431582
cf_mean,algebraic_coning,4.78630092322638,-105.81431798093,-18.4726193636672,-92.8414413358111,-26.6229137986079
cf_mean,algebraic_coning,4.86967525165863,-106.577385076316,-18.2919696885848,-93.1695915384849,-26.7466793257509
cf_mean,algebraic_coning,4.9545019080479,-107.360068575409,-18.0948934344766,-93.5033632304022,-26.8690019761041
cf_mean,algebraic_coning,5.04080619102669,-108.162669626181,-17.8803396521953,-93.8427361356512,-26.9896594514266
cf_mean,algebraic_coning,5.12861383991365,-108.985474637237,-17.6472112934047,-94.1876812991659,-27.1084280622677
cf_mean,algebraic_coning,5.21795104239002,-109.828753379827,-17.3943635112634,-94.5381608790252,-27.2250831075852
cf_mean,algebraic_coning,5.30884444230988,-110.692756941266,-17.1206019196873,-94.8941279569316,-27.3393992747658
cf_mean,algebraic_coning,5.40132114764635,-111.577715518913,-16.8246808118796,-95.255526368725,-27.4511510592152
cf_mean,algebraic_coning,5.49540873857624,-112.483836042909,-16.5053013391133,-95.6222905567616,-27.5601132025117
cf_mean,algebraic_coning,5.5911352757056,-113.411299614842,-16.1611096511095,-95.9943454459512,-27.6660611479493
cf_mean,algebraic_coning,5.68852930843841,-114.360258748398,-15.790694999784,-96.3716063451881,-27.7687715121199
cf_mean,algebraic_coning,5.78761988349121,-115.330834396769,-15.392587808659,-96.7539788758397,-27.8680225710143
cf_mean,algebraic_coning,5.88843655355589,-116.323112750265,-14.9652577108633,-97.1413589288636,-27.96359475895
cf_mean,algebraic_coning,5.99100938611354,-117.337141786008,-14.5071115593972,-97.5336326520179,-28.055271178471
cf_mean,algebraic_coning,6.09536897240169,-118.372927550006,-14.0164914142486,-97.9306764684999,-28.1428381192052
cf_mean,algebraic_coning,6.20154643653785,-119.430430150031,-13.491672512026,-98.3323571282079,-28.2260855835143
cf_mean,algebraic_coning,6.30957344480193,-120.509559435802,-12.9308612250718,-98.7385317926556,-28.3048078166347
cf_mean,algebraic_coning,6.41948221508036,-121.610170340793,-12.332193018563,-99.1490481543943,-28.378803838877
cf_mean,algebraic_coning,6.53130552647472,-122.732057857697,-11.6937304159383,-99.5637445916032,-28.4478779773441
cf_mean,algebraic_coning,6.6450767290778,-123.874951617025,-11.0134609851686,-99.9824503583028,-28.5118403945276
cf_mean,algebraic_coning,6.76082975391982,-125.038510035644,-10.2892953609623,-100.404985810425,-28.5705076110705
cf_mean,algebraic_coning,6.87859912308807,-126.222313999175,-9.51906532103195,-100.831162667746,-28.6237030199214
cf_mean,algebraic_coning,6.99841996002273,-127.425860039068,-8.70052193812935,-101.260784311443,-28.6712573890726
cf_mean,algebraic_coning,7.12032799999203,-128.648552961988,-7.83133383375307,-101.693646116802,-28.7130093500622
cf_mean,algebraic_coning,7.2443596007499,-129.889697885718,-6.9090855643531,-102.129535820339,-28.7488058694279
cf_mean,algebraic_coning,7.37055175337934,-131.148491632335,-5.93127617660389,-102.568233920355,-28.7785027003384
cf_mean,algebraic_coning,7.49894209332456,-132.424013425825,-4.89531797501391,-103.009514109685,-28.8019648116863
cf_mean,algebraic_coning,7.62956891161533,-133.715214837794,-3.7985355529192,-103.453143739181,-28.8190667920144
cf_mean,algebraic_coning,7.76247116628692,-135.020908921418,-2.63816514692375,-103.898884310174,-28.8296932257539
cf_mean,algebraic_coning,7.89768849399886,-136.339758470555,-1.41135438526183,-104.346491993995,-28.8337390393922
cf_mean,algebraic_coning,8.03526122185617,-137.670263337991,-0.115162512550164,-104.795718176357,-28.8311098153429
cf_mean,algebraic_coning,8.1752303794365,-139.01074674441,1.25343881284008,-105.246310024228,-28.8217220714747
cf_mean,algebraic_coning,8.31763771102671,-140.359340508046,2.6975640368217,-105.698011072638,-28.8055035044547
cf_mean,algebraic_coning,8.46252568807269,-141.713969124367,4.22041141313653,-106.150561828662,-28.7823931952865
cf_mean,algebraic_coning,8.60993752184601,-143.072332625975,5.82525974216116,-106.603700389716,-28.7523417756579
cf_mean,algebraic_coning,8.75991717633117,-144.431888155506,7.51546397175217,-107.05716307315,-28.7153115539699
cf_mean,algebraic_coning,8.91250938133745,-145.789830189332,9.29444946109937,-107.510685054037,-28.6712766001804
cf_mean,algebraic_coning,9.06775964583905,-147.143069357807,11.1657046797249,-107.964001007975,-28.6202227888725
cf_mean,algebraic_coning,9.22571427154763,-148.488209819538,13.1327720817768,-108.416845755685,-28.5621478002376
cf_mean,algebraic_coning,9.38642036672135,-149.821525163463,15.1992368605332,-108.868954906164,-28.4970610789467
cf_mean,algebraic_coning,9.54992586021436,-151.138932834566,17.3687132495872,-109.320065495172,-28.4249837511711
cf_mean,algebraic_coning,9.71627951577106,-152.435967107939,19.6448279956505,-109.769916615847,-28.3459485002901
cf_mean,algebraic_coning,9.88553094656939,-153.707750673166,22.0312005836499,-110.218250038349,-28.2599994021043
cf_mean,algebraic_coning,10.0577306300174,-154.948964938105,24.5314197483282,-110.66481081549,-28.167191720638
cf_mean,algebraic_coning,10.2329299228075,-156.153819219988,27.1490157588048,-111.109347871442,-28.067591665869
cf_mean,algebraic_coning,10.4111810762334,-157.316019064316,29.8874279147528,-111.551614570764,-27.9612761149667
cf_mean,algebraic_coning,10.5925372517729,-158.428734020336,32.7499666467929,-111.991369265134,-27.8483322988448
cf_mean,algebraic_coning,10.7770525369432,-159.484565308372,35.7397695717838,-112.428375815378,-27.7288574560374
cf_mean,algebraic_coning,10.9647819614319,-160.475513941019,38.8597508190347,-112.862404086579,-27.6029584560979
cf_mean,algebraic_coning,11.1557815135085,-161.392950009549,42.1125429201604,-113.293230414259,-27.4707513948773
cf_mean,algebraic_coning,11.3501081567232,-162.227584020584,45.5004305484021,-113.720638039873,-27.332361164183
cf_mean,algebraic_coning,11.5478198468946,-162.969441367649,49.0252754090979,-114.144417514086,-27.1879209984312
cf_mean,algebraic_coning,11.7489755493953,-163.607841248062,52.6884316292267,-114.564367066538,-27.0375720009986
cf_mean,algebraic_coning,11.9536352567372,-164.131381587138,56.4906510796494,-114.980292941076,-26.8814626530413
cf_mean,algebraic_coning,12.1618600064637,-164.527931806245,60.4319781993608,-115.392009695666,-26.7197483075939
cf_mean,algebraic_coning,12.3737118993535,-164.784635564009,64.511634088626,-115.79934046645,-26.5525906717702
cf_mean,algebraic_coning,12.5892541179417,-164.887925902745,68.7278899102546,-116.202117195669,-26.3801572798862
cf_mean,algebraic_coning,12.8085509453628,-164.823555532893,73.077929999084,-116.6001808234,-26.2026209602888
cf_mean,algebraic_coning,13.031667784523,-164.576645269841,77.5577055423544,-116.993381443304,-26.0201592986232
cf_mean,algebraic_coning,13.2586711776056,-164.13175387723,82.1617802700792,-117.381578422783,-25.8329541001986
cf_mean,algebraic_coning,13.4896288259165,-163.472972739367,86.8831702937911,-117.76464048817,-25.6411908540189
cf_mean,algebraic_coning,13.7246096100756,-162.584048846587,91.7131810579553,-118.142445775764,-25.4450582009379
cf_mean,algebraic_coning,13.9636836105594,-161.448539488233,96.6412453169304,-118.514881849703,-25.2447474082718
cf_mean,algebraic_coning,14.2069221286018,-160.050001759338,101.654767106519,-118.881845687831,-25.0404518530693
cf_mean,algebraic_coning,14.4543977074593,-158.372219446274,106.738977813262,-119.243243636864,-24.8323665160881
cf_mean,algebraic_coning,14.7061841540456,-156.399469009748,111.876811608926,-119.598991338295,-24.6206874883717
cf_mean,algebraic_coning,14.9623565609443,-154.116825181756,117.048808643107,-119.949013626576,-24.4056114921575
cf_mean,algebraic_coning,15.2229913288042,-151.510505098669,122.233055380985,-120.293244401219,-24.1873354176772
cf_mean,algebraic_coning,15.4881661891248,-148.568247888395,127.405172220361,-120.631626474539,-23.9660558772407
cf_mean,algebraic_coning,15.7579602274392,-145.279724228893,132.538358885506,-120.964111396809,-23.7419687778207
cf_mean,algebraic_coning,16.0324539069004,-141.636967653042,137.603507924917,-121.290659260643,-23.5152689131854
cf_mean,algebraic_coning,16.3117290922784,-137.634816397598,142.569395783253,-121.611238486455,-23.2861495764528
cf_mean,algebraic_coning,16.5958690743756,-133.271351546864,147.402959236957,-121.925825590848,-23.0548021937798
cf_mean,algebraic_coning,16.8849585948675,-128.548314331088,152.069662376912,-122.23440493978,-22.8214159797311
cf_mean,algebraic_coning,17.1790838715759,-123.471482986359,156.533955750369,-122.53696848834,-22.5861776147239
cf_mean,algebraic_coning,17.4783326241822,-118.050987886987,160.759824785447,-122.83351550894,-22.3492709447914
cf_mean,algebraic_coning,17.7827941003892,-112.30154305389,164.711419370897,-123.124052309684,-22.1108767037696
cf_mean,algebraic_coning,18.0925591025382,-106.242572927166,168.35375072944,-123.408591944626,-21.8711722578813
cf_mean,algebraic_coning,18.4077200146896,-99.8982156974723,171.653435902593,-123.687153917565,-21.6303313725655
cf_mean,algebraic_coning,18.7283708301755,-93.2971886255423,174.579464756578,-123.959763880968,-21.3885240012908
cf_mean,algebraic_coning,19.0546071796325,-86.4725065824623,177.103959978616,-124.226453331531,-21.1459160959834
cf_mean,algebraic_coning,19.3865263595221,-79.4610522610614,179.202897614796,-124.487259303806,-20.902669438613
cf_mean,algebraic_coning,19.7242273611485,-72.3030046883134,180.856754782707,-124.742224063245,-20.6589414933899
cf_mean,algebraic_coning,20.0678109001819,-65.0411411858259,182.051052599631,-124.99139479993,-20.4148852789574
cf_mean,algebraic_coning,20.4173794466953,-57.7200360421337,182.776766208008,-125.234823324156,-20.1706492598984
cf_mean,algebraic_coning,20.7730372557256,-50.3851861089456,183.030579903024,-125.472565764951,-19.9263772568185
cf_mean,algebraic_coning,21.1348903983665,-43.082098615436,182.814973357916,-125.704682272544,-19.6822083742259
cf_mean,algebraic_coning,21.5030467934026,-35.8553791780449,182.138134158112,-125.931236725663,-19.4382769453886
cf_mean,algebraic_coning,21.8776162394955,-28.7478579801504,181.013701497983,-126.152296444503,-19.1947124933218
cf_mean,algebraic_coning,22.2587104479301,-21.7997894056018,179.460355110848,-126.367931910072,-18.9516397070374
cf_mean,algebraic_coning,22.6464430759306,-15.0481553191841,177.501271495507,-126.578216490589,-18.7091784321754
cf_mean,algebraic_coning,23.0409297605584,-8.52609522696568,175.163475626637,-126.783226175469,-18.4674436751257
cf_mean,algebraic_coning,23.4422881531992,-2.26247841874649,172.4771201756,-126.983039317401,-18.2265456197535
cf_mean,algebraic_coning,23.8506379546511,3.71837533786226,169.474725670105,-127.177736382923,-17.9865896558423
cf_mean,algebraic_coning,24.2661009508241,9.39682817698403,166.190414092472,-127.367399711833,-17.7476764183795
cf_mean,algebraic_coning,24.6888010490621,14.7579184435032,162.65916548262,-127.552113285704,-17.5099018368247
cf_mean,algebraic_coning,25.1188643150958,19.7912315995389,158.916122652037,-127.731962505722,-17.2733571935183
cf_mean,algebraic_coning,25.5564190106414,24.490666534381,154.995963684523,-127.90703397998,-17.038129190409
cf_mean,algebraic_coning,26.0015956316527,28.8541184874929,150.932356056586,-128.07741532034,-16.8043000233067
cf_mean,algebraic_coning,26.4545269472405,32.8831005700929,146.757500454767,-128.243194948889,-16.5719474628898
cf_mean,algebraic_coning,26.9153480392692,36.5823252494782,142.501767098706,-128.404461913995,-16.3411449417301
cf_mean,algebraic_coning,27.3841963426436,39.959265446762,138.193422876433,-128.561305715913,-16.1119616466262
cf_mean,algebraic_coning,27.8612116862977,43.023712425702,133.858444019084,-128.71381614186,-15.8844626155699
cf_mean,algebraic_coning,28.3465363348967,45.7873447393486,129.520406433287,-128.86208311043,-15.6587088387042
cf_mean,algebraic_coning,28.8403150312661,48.2633194348673,125.200444130712,-129.006196525207,-15.4347573626629
cf_mean,algebraic_coning,29.3426950395597,50.4658937224073,120.917265343681,-129.146246137398,-15.2126613977191
cf_mean,algebraic_coning,29.8538261891796,52.4100825573936,116.687215754623,-129.282321417274,-14.992470427202
cf_mean,algebraic_coning,30.373860919461,54.111355174,112.524378641934,-129.414511434207,-14.7742303186754
cf_mean,algebraic_coning,30.9029543251359,55.5853715957744,108.440702504276,-129.542904745059,-14.5579834364073
cf_mean,algebraic_coning,31.441264202588,56.8477585506067,104.446147732102,-129.667589290664,-14.34376875469
cf_mean,algebraic_coning,31.988951096914,57.913923013848,100.548845032625,-129.788652300139,-14.1316219716053
cf_mean,algebraic_coning,32.5461783498046,58.7989007573152,96.7552594897791,-129.906180202751,-13.9215756228579
cf_mean,algebraic_coning,33.1131121482591,59.5172367435738,93.0703552844021,-130.020258547048,-13.7136591953347
cf_mean,algebraic_coning,33.6899215741491,60.0828939201751,89.4977571641558,-130.130971926968,-13.507899240073
cf_mean,algebraic_coning,34.276778654645,60.5091868839928,86.0399057078293,-130.238403914636,-13.3043194843511
cf_mean,algebraic_coning,34.8738584135218,60.8087369520948,82.6982042596816,-130.34263699955,-13.1029409426427
cf_mean,algebraic_coning,35.4813389233575,60.9934453493452,79.4731561124991,-130.443752533867,-12.9037820261995
cf_mean,algebraic_coning,36.0994013586417,61.0744814677475,76.3644910970815,-130.54183068349,-12.7068586510546
cf_mean,algebraic_coning,36.7282300498085,61.0622834389749,73.3712812001057,-130.636950384676,-12.5121843442591
cf_mean,algebraic_coning,37.3680125382116,60.966568566687,70.4920451939673,-130.729189305862,-12.3197703481894
cf_mean,algebraic_coning,38.0189396320561,60.7963514720471,67.7248425348218,-130.818623814454,-12.1296257227808
cf_mean,algebraic_coning,38.6812054633052,60.5599681021654,65.0673569823546,-130.905328948271,-11.9417574455648
cf_mean,algebraic_coning,39.3550075455778,60.2651040289043,62.5169705299216,-130.989378391408,-11.7561705094031
cf_mean,algebraic_coning,40.0405468330546,59.9188257196818,60.0708283186004,-131.070844454224,-11.5728680178315
cf_mean,algebraic_coning,40.7380277804113,59.5276136901012,57.7258952539653,-131.149798057235,-11.391851277939
cf_mean,algebraic_coning,41.4476584037939,59.0973966497615,55.4790050592197,-131.226308718626,-11.2131198907251
cf_mean,algebraic_coning,42.1696503428582,58.6335859280162,53.3269024903471,-131.300444545185,-11.0366718388902
cf_mean,algebraic_coning,42.9042189238885,58.1411096171934,51.2662794145428,-131.372272226393,-10.8625035720264
cf_mean,algebraic_coning,43.6515832240166,57.6244459987878,49.2938054174797,-131.441857031475,-10.6906100891883
cf_mean,algebraic_coning,44.4119661365589,57.0876559256106,47.4061535619998,-131.509262809184,-10.5209850188326
cf_mean,algebraic_coning,45.1855944374922,56.534413922122,45.6000218737727,-131.574551990129,-10.3536206961257
cf_mean,algebraic_coning,45.9726988530872,55.9680378384617,43.8721510807143,-131.637785591433,-10.1885082376271
cf_mean,algebraic_coning,46.7735141287198,55.3915169531875,42.2193390842833,-131.699023223555,-10.0256376133632
cf_mean,algebraic_coning,47.5882790988817,54.8075384674231,40.6384525934432,-131.758323099093,-9.86499771631318
cf_mean,algebraic_coning,48.4172367584099,54.2185123708316,39.1264363069722,-131.815742043391,-9.70657642933725
cf_mean,algebraic_coning,49.2606343349577,53.6265946891657,37.6803199874632,-131.871335506808,-9.55036068957851
cf_mean,algebraic_coning,50.1187233627273,53.0337091455146,36.2972237311357,-131.925157578478,-9.39633655037915
cf_mean,algebraic_coning,50.991759757487,52.4415672840172,34.9743617015925,-131.977261001433,-9.24448924075289
cf_mean,algebraic_coning,51.8800038928961,51.8516871167648,33.709044562936,-132.027697188956,-9.09480322246056
cf_mean,algebraic_coning,52.7837206781577,51.2654103628008,32.4986808181188,-132.076516242014,-8.94726224473859
cf_mean,algebraic_coning,53.7031796370253,50.6839183532725,31.3407772319028,-132.123766967682,-8.80184939673294
cf_mean,algebraic_coning,54.6386549881854,50.108246679546,30.232938494157,-132.169496898424,-8.65854715769298
cf_mean,algebraic_coning,55.5904257270404,49.5392986619811,29.1728662582292,-132.21375231213,-8.51733744498196
cf_mean,algebraic_coning,56.5587757089154,48.9778577165134,28.1583576705637,-132.256578252819,-8.3782016599621
cf_mean,algebraic_coning,57.5439937337157,48.4245986945529,27.187303491386,-132.298018551897,-8.2411207318131
cf_mean,algebraic_coning,58.5463736320577,47.8800982692862,26.2576858919266,-132.338115849905,-8.1060751593442
cf_mean,algebraic_coning,59.566214352901,47.3448444384727,25.3675760010959,-132.376911618664,-7.97304505085998
cf_mean,algebraic_coning,60.6038200527067,46.8192452104606,24.5151312635723,-132.414446183738,-7.84201016214052
cf_mean,algebraic_coning,61.6595001861482,46.3036365365501,23.6985926617351,-132.45075874716,-7.71294993259663
cf_mean,algebraic_coning,62.7335695984038,45.7982895491144,22.9162818456068,-132.485887410342,-7.58584351966045
cf_mean,algebraic_coning,63.8263486190549,45.3034171611481,22.1665982078144,-132.519869197119,-7.46066983147153
cf_mean,algebraic_coning,64.9381631576211,44.8191800792135,21.4480159344057,-132.552740076867,-7.33740755791801
cf_mean,algebraic_coning,66.0693448007596,44.3456922781365,20.7590810570342,-132.584534987646,-7.21603520009142
cf_mean,algebraic_coning,67.2202309111567,43.8830259823264,20.0984085274651,-132.615287859322,-7.09653109821343
cf_mean,algebraic_coning,68.3911647281429,43.4312161952524,19.4646793314354,-132.64503163662,-6.97887345809151
cf_mean,algebraic_coning,69.5824954700605,42.9902648154469,18.8566376555612,-132.673798302081,-6.86304037615937
cf_mean,algebraic_coning,70.7945784384138,42.5601443744132,18.273088118139,-132.701618898873,-6.7490098631574
cf_mean,algebraic_coning,72.0277751238341,42.1408014290101,17.7128930722643,-132.728523553431,-6.63675986650674
cf_mean,algebraic_coning,73.2824533138904,41.7321596382553,17.1749699876459,-132.754541497904,-6.52626829142938
cf_mean,algebraic_coning,74.5589872027782,41.3341225520465,16.6582889157676,-132.779701092359,-6.41751302086582
cf_mean,algebraic_coning,75.8577575029184,40.9465761370188,16.1618700415969,-132.804029846754,-6.31047193423988
cf_mean,algebraic_coning,77.1791515585013,40.569391062656,15.6847813238281,-132.82755444262,-6.20512292511941
cf_mean,algebraic_coning,78.5235634610072,40.2024247688196,15.2261362246398,-132.850300754461,-6.1014439178201
cf_mean,algebraic_coning,79.8913941667404,39.8455233340666,14.7850915291117,-132.87229387085,-5.99941288299806
cf_mean,algebraic_coning,81.2830516164099,39.4985231624678,14.3608452537646,-132.893558115191,-5.8990078522756
cf_mean,algebraic_coning,82.6989508567932,39.1612525051173,13.9526346431293,-132.914117066159,-5.8002069319433
cf_mean,algebraic_coning,84.1395141645195,38.8335328311277,13.5597342528068,-132.933993577779,-5.70298831577992
cf_mean,algebraic_coning,85.6051711720095,38.5151800616167,13.1814541171251,-132.953209799166,-5.60733029703022
cf_mean,algebraic_coning,87.0963589956081,38.2060056790224,12.8171379992245,-132.971787193889,-5.51321127957985
cf_mean,algebraic_coning,88.6135223659499,37.9058177230011,12.4661617211934,-132.989746558968,-5.42060978836443
cf_mean,algebraic_coning,90.1571137605957,37.6144216831802,12.1279315717236,-133.007108043504,-5.32950447904918
cf_mean,algebraic_coning,91.7275935389779,37.3316212981352,11.8018827886453,-133.023891166917,-5.2398741470139
cf_mean,algebraic_coning,93.3254300796991,37.0572192691394,11.4874781136393,-133.040114836818,-5.15169773567665
cf_mean,algebraic_coning,94.9510999202198,36.7910178964761,11.1842064163813,-133.055797366482,-5.06495434418864
cf_mean,algebraic_coning,96.6050878989813,36.532819645424,10.891581385373,-133.070956491952,-4.97962323453105
cf_mean,algebraic_coning,98.2878873000033,36.282427648392,10.6091402827216,-133.085609388746,-4.89568383804375
cf_mean,algebraic_coning,100,36.0396461491108,10.3364427601649,-133.09977268819,-4.81311576141454
cf_mean,quasisteady,0.1,-9.06911173277971,-26.1687654507005,-8.71338677232848,-26.4993374391112
cf_mean,quasisteady,0.10174193661806,-9.35148776803678,-26.5233919103404,-8.98877309176009,-26.8688105297857
cf_mean,quasisteady,0.103514216667934,-9.64149446074878,-26.8796509846554,-9.27186164713812,-27.2404931719076
cf_mean,quasisteady,0.105317368712972,-9.939265335929,-27.2373940640598,-9.56280413998887,-27.6142520315976
cf_mean,quasisteady,0.107151930523761,-10.2449316597823,-27.5964651608157,-9.86175117726916,-27.9899462192792
cf_mean,quasisteady,0.109018449238513,-10.558622090053,-27.9567008170891,-10.1688519558313,-28.36742713849
cf_mean,quasisteady,0.11091748152624,-10.8804623117833,-28.3179300274133,-10.4842539304382,-28.7465383449492
cf_mean,quasisteady,0.112849593752776,-11.2105746588169,-28.6799741768808,-10.8081024653202,-29.1271154171454
cf_mean,quasisteady,0.114815362149688,-11.5490777214807,-29.042646996416,-11.1405404693464,-29.508985839758
cf_mean,quasisteady,0.116815372986132,-11.896085940985,-29.4057545364986,-11.4817080149696,-29.8919689012741
cf_mean,quasisteady,0.118850222743702,-12.2517091911935,-29.7690951607285,-11.8317419411979,-30.2758756072034
cf_mean,quasisteady,0.120920518294321,-12.6160523485359,-30.1324595606234,-12.1907754409475,-30.6605086103321
cf_mean,quasisteady,0.123026877081238,-12.9892148509553,-30.4956307930425,-12.5589376332413,-31.0456621594864
cf_mean,quasisteady,0.125169927303173,-13.3712902469148,-30.8583843416177,-12.9363531208312,-31.4311220683044
cf_mean,quasisteady,0.127350308101666,-13.7623657356178,-31.2204882035483,-13.323141533945,-31.8166657055276
cf_mean,quasisteady,0.129568669751702,-14.1625216997343,-31.5817030030854,-13.7194170609889,-32.2020620083333
cf_mean,quasisteady,0.131825673855641,-14.571831232064,-31.9417821329837,-14.1252879671678,-32.5870715202303
cf_mean,quasisteady,0.134121993540537,-14.9903596577061,-32.3004719251411,-14.5408561021297,-32.9714464550229
cf_mean,quasisteady,0.136458313658892,-15.4181640534491,-32.6575118515719,-14.9662163978803,-33.3549307883303
cf_mean,quasisteady,0.138835330992905,-15.855292766232,-33.0126347567758,-15.4014563583661,-33.737260378109
cf_mean,quasisteady,0.141253754462275,-16.3017849326672,-33.3655671224597,-15.8466555422742,-34.1181631155794
cf_mean,quasisteady,0.143714305335639,-16.7576700017512,-33.7160293654566,-16.3018850407483,-34.4973591078916
cf_mean,quasisteady,0.146217717445672,-17.2229672630173,-34.0637361695489,-16.7672069518783,-34.874560893792
cf_mean,quasisteady,0.14876473740795,-17.697685382508,-34.4083968517604,-17.2426738539696,-35.2494736934535
cf_mean,quasisteady,0.151356124843621,-18.181821949061,-34.749715763515,-17.7283282797534,-35.6217956935279
cf_mean,quasisteady,0.153992652605949,-18.6753630335041,-35.0873927268826,-18.224202193842,-35.9912183683483
cf_mean,quasisteady,0.156675107010815,-19.1782827634496,-35.4211235059381,-18.7303164758814,-36.3574268380701
cf_mean,quasisteady,0.159404288071222,-19.690542916456,-35.750600313054,-19.2466804119816,-36.7201002643768
cf_mean,quasisteady,0.162181009735893,-20.2120925343861,-36.0755123497232,-19.7732911971358,-37.0789122842014
cf_mean,quasisteady,0.165006100132023,-20.7428675618383,-36.3955463812779,-20.310133451453,-37.4335314817197
cf_mean,quasisteady,0.167880401812256,-21.2827905115519,-36.7103873446227,-20.8571787531296,-37.7836218986624
cf_mean,quasisteady,0.170804772005971,-21.8317701596908,-37.0197189878517,-21.4143851911729,-38.1288435827672
cf_mean,quasisteady,0.173780082874938,-22.3897012738935,-37.3232245403512,-21.9816969409612,-38.4688531739522
cf_mean,quasisteady,0.176807221773432,-22.9564643769335,-37.6205874117308,-22.5590438657715,-38.8033045275371
cf_mean,quasisteady,0.179887091512879,-23.5319255487662,-37.911491917648,-23.1463411474402,-39.1318493735748
cf_mean,quasisteady,0.183020610631106,-24.1159362696447,-38.1956240303286,-23.7434889493251,-39.4541380110781
cf_mean,quasisteady,0.186208713666287,-24.7083333068642,-38.4726721513101,-24.3503721147213,-39.7698200356436
cf_mean,quasisteady,0.189452351435659,-25.308938647545,-38.7423279036765,-24.9668599038382,-40.0785450986814
cf_mean,quasisteady,0.192752491319094,-25.9175594796877,-39.0042869407959,-25.5928057723726,-40.3799636961683
cf_mean,quasisteady,0.196110117547605,-26.5339882235272,-39.2582497683265,-26.2280471946133,-40.6737279845453
cf_mean,quasisteady,0.199526231496888,-27.1580026149789,-39.5039225760286,-26.872405533879,-40.9594926210858
cf_mean,quasisteady,0.203001851985968,-27.7893658427143,-39.7410180757062,-27.5256859629353,-41.2369156257755
cf_mean,quasisteady,0.206538015581053,-28.4278267401141,-39.9692563414092,-28.1876774368394,-41.5056592614637
cf_mean,quasisteady,0.210135776904675,-29.0731200330424,-40.1883656478602,-28.8581527204427,-41.7653909287773
cf_mean,quasisteady,0.213796208950223,-29.7249666440539,-40.398083302925,-29.5368684725299,-42.0157840720376
cf_mean,quasisteady,0.217520403401952,-30.3830740532993,-40.5981564698386,-30.2235653882884,-42.2565190921851
cf_mean,quasisteady,0.221309470960564,-31.0471367160278,-40.7883429748108,-30.9179684014987,-42.4872842625061
cf_mean,quasisteady,0.225164541674462,-31.7168365362079,-40.9684120955967,-31.6197869474976,-42.7077766427687
cf_mean,quasisteady,0.229086765276777,-32.3918433954033,-41.1381453266006,-32.3287152876099,-42.9177029872182
cf_mean,quasisteady,0.233077311528264,-33.0718157356437,-41.297337116114,-33.0444328953662,-43.1167806417572
cf_mean,quasisteady,0.237137370566166,-33.756401194639,-41.4457955713515,-33.7666049044243,-43.3047384255445
cf_mean,quasisteady,0.241268153259163,-34.4452372912931,-41.5833431270544,-34.4948826177057,-43.4813174921929
cf_mean,quasisteady,0.245470891568503,-35.1379521590857,-41.7098171735772,-35.22890407683,-43.6462721657316
cf_mean,quasisteady,0.249746838915414,-35.8341653245209,-41.8250706405559,-35.9682946905083,-43.7993707465268
cf_mean,quasisteady,0.254097270554931,-36.5334885274782,-41.9289725324772,-36.7126679201202,-43.9403962824213
cf_mean,quasisteady,0.258523483956219,-37.2355265799674,-42.0214084127281,-37.4616260202748,-44.069147300465
cf_mean,quasisteady,0.263026799189538,-37.9398782594709,-42.1022808329982,-38.2147608317326,-44.1854384947652
cf_mean,quasisteady,0.267608559319933,-38.6461372327713,-42.1715097052307,-38.9716546236554,-44.2891013661797
cf_mean,quasisteady,0.272270130807791,-39.3538930059075,-42.2290326136745,-39.7318809817611,-44.3799848098183
cf_mean,quasisteady,0.277012903916373,-40.0627318956804,-42.2748050649694,-40.4950057385854,-44.4579556465921
cf_mean,quasisteady,0.281838293126445,-40.772238017948,-42.3088006745978,-41.2605879417085,-44.5228990953738
cf_mean,quasisteady,0.286747737558132,-41.4819942878041,-42.3310112884573,-42.0281808554885,-44.5747191826782
cf_mean,quasisteady,0.291742701400117,-42.1915834266362,-42.3414470387421,-42.7973329915614,-44.6133390871607
cf_mean,quasisteady,0.296824674346324,-42.900588970998,-42.3401363337627,-43.5675891631241,-44.6387014166434
cf_mean,quasisteady,0.301995172040202,-43.6085962782187,-42.3271257817803,-44.3384915578117,-44.6507684158155
cf_mean,quasisteady,0.307255736526745,-44.315193523701,-42.3024800493758,-45.1095808238222,-44.649522103212
cf_mean,quasisteady,0.312607936712396,-45.0199726849321,-42.2662816553176,-45.8803971638269,-44.6349643365477
cf_mean,quasisteady,0.318053368832952,-45.7225305073524,-42.2186307013149,-46.6504814311355,-44.6071168059643
cf_mean,quasisteady,0.323593656929628,-46.4224694473775,-42.1596445414643,-47.4193762225686,-44.566020955237
cf_mean,quasisteady,0.329230453333406,-47.1193985880731,-42.0894573925869,-48.1866269625151,-44.5117378314726
cf_mean,quasisteady,0.334965439157828,-47.8129345232101,-42.0082198880293,-48.9517829727316,-44.4443478643112
cf_mean,quasisteady,0.340800324800365,-48.5027022056993,-41.9160985778429,-49.7143985225622,-44.3639505761157
cf_mean,quasisteady,0.346736850452532,-49.1883357566963,-41.8132753785721,-50.474033854426,-44.270664225084
cf_mean,quasisteady,0.352776786618874,-49.8694792319976,-41.6999469761631,-51.230256179631,-44.1646253836557
cf_mean,quasisteady,0.358921934645005,-50.5457873426903,-41.5763241857503,-51.9826406398243,-44.0459884549882
cf_mean,quasisteady,0.365174127254838,-51.2169261273846,-41.4426312722863,-52.7307712296761,-43.9149251306615
cf_mean,quasisteady,0.371535229097173,-51.8825735737373,-41.2991052361506,-53.4742416767199,-43.7716237931126
cf_mean,quasisteady,0.378007137301811,-52.5424201873606,-41.1459950680049,-54.2126562746173,-43.6162888666121
cf_mean,quasisteady,0.384591782045354,-53.1961695066084,-40.9835609772525,-54.9456306664968,-43.4491401208688
cf_mean,quasisteady,0.391291127126853,-53.8435385621214,-40.8120735985126,-55.6727925754093,-43.2704119315757
cf_mean,quasisteady,0.398107170553497,-54.4842582804094,-40.6318131805336,-56.3937824793551,-43.0803525024045
cf_mean,quasisteady,0.405041945136493,-55.1180738311316,-40.4430687619463,-57.1082542287623,-42.8792230530975
cf_mean,quasisteady,0.41209751909733,-55.7447449181059,-40.2461373382009,-57.8158756047234,-42.6672969784149
cf_mean,quasisteady,0.419275996684605,-56.3640460144465,-40.0413230239352,-58.5163288167291,-42.4448589827493
cf_mean,quasisteady,0.426579518801593,-56.9757665425639,-39.8289362149048,-59.2093109390641,-42.2122041952453
cf_mean,quasisteady,0.434010263644744,-57.5797110000863,-39.6092927534463,-59.8945342854529,-41.9696372702342
cf_mean,quasisteady,0.441570447353313,-58.175699033065,-39.3827131012744,-60.571726721949,-41.7174714777368
cf_mean,quasisteady,0.449262324670293,-58.7635654580988,-39.1495215232096,-61.2406319184584,-41.4560277886877
cf_mean,quasisteady,0.457088189614875,-59.3431602352647,-38.9100452852132,-61.9010095396592,-41.1856339594046
cf_mean,quasisteady,0.465050376166606,-59.9143483939674,-38.6646138698743,-62.5526353764375,-40.906623619661
cf_mean,quasisteady,0.473151258961481,-60.4770099140125,-38.4135582122396,-63.195301419286,-40.6193353685323
cf_mean,quasisteady,0.481393254000145,-61.0310395643824,-38.1572099586214,-63.8288158754169,-40.3241118819662
cf_mean,quasisteady,0.489778819368446,-61.5763467023285,-37.8959007507517,-64.453003131616,-40.0212990357929
cf_mean,quasisteady,0.49831045597053,-62.1128550355094,-37.6299615373802,-65.0677036651104,-39.7112450476341
cf_mean,quasisteady,0.506990708274704,-62.6405023499908,-37.359721915144,-65.6727739049405,-39.3942996408982
cf_mean,quasisteady,0.515822165072306,-63.1592402069787,-37.0855095002664,-66.2680860465104,-39.0708132337704
cf_mean,quasisteady,0.524807460249773,-63.6690336111974,-36.8076493323784,-66.853527822148,-38.7411361558134
cf_mean,quasisteady,0.533949273574177,-64.1698606538284,-36.5264633114929,-67.4290022306301,-38.4056178945045
cf_mean,quasisteady,0.543250331492433,-64.6617121329207,-36.242269668917,-67.9944272287233,-38.0646063737364
cf_mean,quasisteady,0.552713407944435,-65.1445911541464,-35.95538247264,-68.5497353878591,-37.7184472660173
cf_mean,quasisteady,0.562341325190349,-65.6185127147281,-35.6661111675088,-69.0948735190991,-37.3674833398144
cf_mean,quasisteady,0.572136954652326,-66.0835032732925,-35.3747601502843,-69.6298022695628,-37.0120538432054
cf_mean,quasisteady,0.582103217770871,-66.539600308328,-35.0816283794668,-70.1544956934745,-36.6524939247222
cf_mean,quasisteady,0.592243086876131,-66.9868518678205,-34.7870090195929,-70.6689408009573,-36.2891340920145
cf_mean,quasisteady,0.602559586074358,-67.4253161125396,-34.4911891195284,-71.1731370876447,-35.9222997087035
cf_mean,quasisteady,0.613055792149821,-67.8550608553278,-34.1944493241261,-71.6670960481068,-35.5523105295639
cf_mean,quasisteady,0.623734835482419,-68.2761630986192,-33.8970636184715,-72.1508406760016,-35.1794802739433
cf_mean,quasisteady,0.634599900981287,-68.6887085722862,-33.5992991038138,-72.6244049537534,-34.8041162371289
cf_mean,quasisteady,0.645654229034656,-69.0927912737742,-33.3014158041659,-73.0878333344453,-34.4265189391733
cf_mean,quasisteady,0.656901116476266,-69.4885130123461,-33.0036665024596,-73.5411802184862,-34.0469818105243
cf_mean,quasisteady,0.668343917568615,-69.8759829591205,-32.7062966050601,-73.9845094274729,-33.6657909136398
cf_mean,quasisteady,0.679986045003322,-70.2553172044438,-32.4095440333749,-74.4178936775287,-33.2832246996375
cf_mean,quasisteady,0.691830970918936,-70.6266383239996,-32.113639141236,-74.8414140542482,-32.899553798897
cf_mean,quasisteady,0.703882227936457,-70.9900749549198,-31.8188046566915,-75.2551594912291,-32.5150408444338
cf_mean,quasisteady,0.716143410212902,-71.3457613830277,-31.5252556468131,-75.6592262540164,-32.1299403267682
cf_mean,quasisteady,0.728618174513228,-71.6938371422129,-31.2331995041037,-76.0537174311324,-31.7444984789399
cf_mean,quasisteady,0.741310241300917,-72.0344466268102,-30.9428359530815,-76.4387424337105,-31.3589531902588
cf_mean,quasisteady,0.754223395847571,-72.3677387177351,-30.6543570756159,-76.8144165051039,-30.973533947334
cf_mean,quasisteady,0.767361489361819,-72.6938664230113,-30.367947353598,-77.180860241688,-30.588461800892
cf_mean,quasisteady,0.780728440137907,-73.0129865332157,-30.0837837275445,-77.5381991259351,-30.2039493568729
cf_mean,quasisteady,0.794328234724281,-73.3252592922637,-29.8020356697568,-77.8865630726999,-29.8202007902827
cf_mean,quasisteady,0.808164929112537,-73.6308480838596,-29.5228652706845,-78.2260859895208,-29.4374118802824
cf_mean,quasisteady,0.822242649947071,-73.9299191338453,-29.2464273371764,-78.5569053516144,-29.0557700650015
cf_mean,quasisteady,0.83656559575581,-74.2226412285979,-28.9728695013398,-78.8791617921208,-28.6754545145856
cf_mean,quasisteady,0.851138038202377,-74.5091854495478,-28.7023323387704,-79.1929987080411,-28.2966362210095
cf_mean,quasisteady,0.865964323360065,-74.7897249238185,-28.4349494949606,-79.4985618822032,-27.9194781032233
cf_mean,quasisteady,0.881048873008014,-75.0644345909234,-28.1708478187382,-79.7959991214915,-27.5441351262354
cf_mean,quasisteady,0.89639618594995,-75.3334909853984,-27.9101475016389,-80.0854599114815,-27.17075443278
cf_mean,quasisteady,0.91201083935591,-75.5970720351933,-27.6529622221652,-80.3670950875369,-26.7994754862639
cf_mean,quasisteady,0.927897490127331,-75.8553568756011,-27.3993992939324,-80.6410565223472,-26.4304302237388
cf_mean,quasisteady,0.944060876285923,-76.1085256784621,-27.1495598167563,-80.9074968298117,-26.0637432176989
cf_mean,quasisteady,0.960505818386731,-76.3567594963416,-26.9035388297869,-81.1665690851121,-25.6995318455586
cf_mean,quasisteady,0.977237220955811,-76.6002401213529,-26.6614254658398,-81.418426560757,-25.337906465722
cf_mean,quasisteady,0.994260073952957,-76.8391499582659,-26.4233031061311,-81.6632224783298,-24.9789705992162
cf_mean,quasisteady,1.0115794542599,-77.0736719115242,-26.1892495346652,-81.9011097756271,-24.6228211159161
cf_mean,quasisteady,1.02920052719443,-77.3039892857726,-25.9593370915738,-82.1322408888324,-24.2695484244489
cf_mean,quasisteady,1.0471285480509,-77.5302856994814,-25.7336328247498,-82.356767549338,-23.9192366649238
cf_mean,quasisteady,1.06536886366756,-77.7527450112476,-25.5121986391625,-82.5748405947979,-23.5719639036912
cf_mean,quasisteady,1.0839269140212,-77.9715512583405,-25.2950914432808,-82.7866097939688,-23.2278023293889
cf_mean,quasisteady,1.10280823384955,-78.1868886070557,-25.0823632920747,-82.9922236848792,-22.8868184495933
cf_mean,quasisteady,1.12201845430196,-78.3989413144412,-24.874061526097,-83.191829425849,-22.5490732874416
cf_mean,quasisteady,1.14156330461885,-78.6078937009547,-24.6702289061872,-83.3855726588693,-22.2146225776462
cf_mean,quasisteady,1.16144861384034,-78.8139301336169,-24.4709037433714,-83.5735973848484,-21.883516961373
cf_mean,quasisteady,1.18168031254478,-79.0172350192283,-24.27612002356,-83.7560458502181,-21.5558021794999
cf_mean,quasisteady,1.20226443461741,-79.217992807219,-24.0859075266776,-83.9330584443998,-21.2315192638223
cf_mean,quasisteady,1.22320711904993,-79.416388001713,-23.9002919398839,-84.1047736076241,-20.9107047258128
cf_mean,quasisteady,1.24451461177139,-79.612605182389,-23.7192949645672,-84.271327748605,-20.5933907425856
cf_mean,quasisteady,1.26619326751094,-79.8068290337353,-23.5429344168168,-84.4328551715724,-20.279605339755
cf_mean,quasisteady,1.28824955169313,-79.999244382299,-23.3712243210976,-84.5894880121753,-19.969372570915
cf_mean,quasisteady,1.31069004236608,-80.1900362415432,-23.2041749968702,-84.7413561817745,-19.662712693502
cf_mean,quasisteady,1.33352143216332,-80.379389863934,-23.0417931379128,-84.8885873196561,-19.3596423408345
cf_mean,quasisteady,1.35675053029986,-80.5674907998894,-22.8840818841173,-85.0313067527067,-19.0601746901566
cf_mean,quasisteady,1.38038426460288,-80.7545249632331,-22.7310408855412,-85.1696374621037,-18.7643196265375
cf_mean,quasisteady,1.40442968357795,-80.9406787028045,-22.5826663585092,-85.3037000565874,-18.4720839025096
cf_mean,quasisteady,1.4288939585111,-81.1261388798872,-22.4389511335628,-85.4336127518955,-18.1834712933487
cf_mean,quasisteady,1.45378438560766,-81.3110929511281,-22.2998846950675,-85.5594913559545,-17.8984827479255
cf_mean,quasisteady,1.47910838816821,-81.4957290566269,-22.1654532122849,-85.6814492594375,-17.6171165350766
cf_mean,quasisteady,1.50487351880251,-81.6802361128847,-22.0356395617273,-85.7995974313129,-17.3393683854625
cf_mean,quasisteady,1.53108746168203,-81.8648039103094,-21.9104233406078,-85.9140444190234,-17.0652316288998
cf_mean,quasisteady,1.5577580348316,-82.0496232149813,-21.7897808712021,-86.0248963529506,-16.7946973271665
cf_mean,quasisteady,1.58489319246111,-82.2348858743896,-21.6736851959361,-86.1322569548346,-16.5277544022982
cf_mean,quasisteady,1.61250102733774,-82.4207849268549,-21.5621060630099,-86.2362275498347,-16.2643897604027
cf_mean,quasisteady,1.64058977319954,-82.6075147143595,-21.4550099023658,-86.336907081931,-16.0045884110339
cf_mean,quasisteady,1.66916780721106,-82.7952709985084,-21.3523597918019,-86.4343921323822,-15.7483335821751
cf_mean,quasisteady,1.69824365246174,-82.9842510793482,-21.2541154130274,-86.5287769409687,-15.4956068308923
cf_mean,quasisteady,1.72782598050786,-83.1746539167721,-21.1602329974475,-86.620153429766,-15.2463881497251
cf_mean,quasisteady,1.75792361395869,-83.3666802542386,-21.0706652614584,-86.7086112292049,-15.00065606889
cf_mean,quasisteady,1.78854552910777,-83.5605327445323,-20.9853613310218,-86.7942377061906,-14.7583877543782
cf_mean,quasisteady,1.81970085860998,-83.7564160772906,-20.904266655282,-86.877117994065,-14.5195591020329
cf_mean,quasisteady,1.85139889420527,-83.9545371080189,-20.8273229089719,-86.9573350242082,-14.2841448276989
cf_mean,quasisteady,1.8836490894898,-84.1551049883096,-20.7544678833488,-87.0349695590907,-14.0521185535369
cf_mean,quasisteady,1.91646106273539,-84.358331296976,-20.6856353653829,-87.1101002265949,-13.8234528906018
cf_mean,quasisteady,1.94984459975805,-84.5644301718021,-20.6207550049133,-87.1828035554403,-13.5981195177838
cf_mean,quasisteady,1.98380965683651,-84.7736184416012,-20.559752169467,-87.253154011555,-13.3760892572143
cf_mean,quasisteady,2.01836636368156,-84.9861157582639,-20.502547786429,-87.3212240352468,-13.1573321462399
cf_mean,quasisteady,2.05352502645715,-85.2021447284656,-20.4490581722299,-87.3870840790394,-12.9418175060675
cf_mean,quasisteady,2.08929613085404,-85.421931044685,-20.399194848207,-87.4508026460447,-12.7295140071846
cf_mean,quasisteady,2.12569034521711,-85.6457036151728,-20.3528643427778,-87.5124463287559,-12.5203897316598
cf_mean,quasisteady,2.16271852372702,-85.8736946924893,-20.309967979549,-87.5720798481504,-12.3144122324253
cf_mean,quasisteady,2.2003917096374,-86.1061400002093,-20.2704016509661,-87.6297660930036,-12.1115485896461
cf_mean,quasisteady,2.23872113856834,-86.3432788573731,-20.234055577097,-87.6855661593191,-11.9117654642768
cf_mean,quasisteady,2.27771824185732,-86.5853543002333,-20.2008140491204,-87.7395393897907,-11.7150291489062
cf_mean,quasisteady,2.31739464996848,-86.8326132008267,-20.1705551570775,-87.791743413217,-11.5213056159904
cf_mean,quasisteady,2.35776219596125,-87.0853063818675,-20.1431505014274,-87.8422341837969,-11.3305605635711
cf_mean,quasisteady,2.39883291901949,-87.3436887274288,-20.1184648879286,-87.8910660202399,-11.1427594585743
cf_mean,quasisteady,2.44061906804198,-87.6080192888455,-20.0963560053544,-87.9382916446315,-10.9578675777846
cf_mean,quasisteady,2.48313310529557,-87.8785613852389,-20.0766740855311,-87.9839622209993,-10.7758500465862
cf_mean,quasisteady,2.5263877101319,-88.1555826980186,-20.0592615451734,-88.0281273935297,-10.5966718755607
cf_mean,quasisteady,2.57039578276886,-88.4393553586845,-20.0439526089739,-88.0708353243916,-10.4202979950279
cf_mean,quasisteady,2.615170448138,-88.7301560292014,-20.0305729133881,-88.1121327311274,-10.2466932876172
cf_mean,quasisteady,2.66072505979881,-89.0282659741746,-20.0189390905403,-88.1520649235744,-10.0758226189506
cf_mean,quasisteady,2.70707320392136,-89.3339711240071,-20.0088583316618,-88.1906758402862,-9.90765086651743
cf_mean,quasisteady,2.75422870333817,-89.6475621281633,-20.0001279294562,-88.2280080844254,-9.74214294682156
cf_mean,quasisteady,2.80220562166675,-89.9693343976089,-19.9925347987743,-88.2641029591035,-9.5792638408737
cf_mean,quasisteady,2.85101826750391,-90.2995881354409,-19.9858549749665,-88.2990005021463,-9.41897861810427
cf_mean,quasisteady,2.90068119869315,-90.6386283546523,-19.9798530892679,-88.3327395202671,-9.2612524587669
cf_mean,quasisteady,2.95120922666639,-90.9867648819169,-19.9742818205602,-88.365357622631,-9.10605067490129
cf_mean,quasisteady,3.00261742086127,-91.3443123462029,-19.9688813228408,-88.3968912537993,-8.95333872992176
cf_mean,quasisteady,3.05492111321551,-91.7115901509552,-19.9633786277231,-88.4273757260412,-8.8030822568953
cf_mean,quasisteady,3.10813590273948,-92.0889224285023,-19.9574870212773,-88.4568452510064,-8.65524707557069
cf_mean,quasisteady,3.16227766016838,-92.4766379752659,-19.9509053945182,-88.4853329707501,-8.50979920821813
cf_mean,quasisteady,3.2173625326956,-92.8750701662597,-19.9433175668341,-88.5128709881084,-8.36670489433652
cf_mean,quasisteady,3.27340694878838,-93.2845568472708,-19.9343915816476,-88.5394903964196,-8.22593060428322
cf_mean,quasisteady,3.33042762308746,-93.7054402030243,-19.923778973594,-88.5652213085899,-8.08744305187924
cf_mean,quasisteady,3.38844156139203,-94.1380665995194,-19.9111140064958,-88.5900928855056,-7.9512092060407
cf_mean,quasisteady,3.44746606573149,-94.5827863986229,-19.8960128814143,-88.6141333637917,-7.81719630148507
cf_mean,quasisteady,3.50751873952568,-95.0399537428854,-19.8780729140528,-88.6373700829192,-7.68537184855925
cf_mean,quasisteady,3.56861749283481,-95.5099263084228,-19.8568716807897,-88.6598295116677,-7.55570364223406
cf_mean,quasisteady,3.63078054770101,-95.9930650235753,-19.831966132619,-88.6815372739439,-7.42815977030845
cf_mean,quasisteady,3.69402644358283,-96.4897337509156,-19.8028916762789,-88.7025181739661,-7.30270862086436
cf_mean,quasisteady,3.75837404288444,-97.0002989300318,-19.7691612218562,-88.7227962208169,-7.1793188890118
cf_mean,quasisteady,3.82384253658113,-97.5251291783492,-19.7302641961545,-88.7423946523749,-7.05795958296192
cf_mean,quasisteady,3.89045144994281,-98.0645948470892,-19.6856655211298,-88.7613359586308,-6.93860002946415
cf_mean,quasisteady,3.95822064835722,-98.6190675292825,-19.6348045566996,-88.7796419043973,-6.82120987864185
cf_mean,quasisteady,4.02717034325459,-99.1889195165581,-19.5770940072477,-88.7973335514208,-6.7057591082597
cf_mean,quasisteady,4.09732109813542,-99.7745232012246,-19.5119187911608,-88.8144312799058,-6.59221802745409
cf_mean,quasisteady,4.16869383470335,-100.376250419935,-19.4386348727473,-88.8309548094592,-6.48055727995675
cf_mean,quasisteady,4.24130983910488,-100.994471734985,-19.3565680559102,-88.8469232194673,-6.37074784684043
cf_mean,quasisteady,4.31519076827765,-101.629555649034,-19.26501273897,-88.8623549689126,-6.26276104881377
cf_mean,quasisteady,4.39035865640945,-102.281867748755,-19.1632306300589,-88.8772679156436,-6.15656854809183
cf_mean,quasisteady,4.46683592150963,-102.951769772612,-19.0504494225402,-88.8916793351068,-6.05214234986692
cf_mean,quasisteady,4.54464537209509,-103.639618597635,-18.925861429947,-88.9056059385515,-5.94945480340363
cf_mean,quasisteady,4.6238102139926,-104.345765139685,-18.7886221799759,-88.919063890719,-5.8484786027807
cf_mean,quasisteady,4.70435405725976,-105.070553161321,-18.6378489671302,-88.9320688270271,-5.74918678730105
cf_mean,quasisteady,4.78630092322638,-105.81431798093,-18.4726193636672,-88.9446358702596,-5.65155274159076
cf_mean,quasisteady,4.86967525165863,-106.577385076316,-18.2919696885848,-88.9567796467743,-5.55555019540628
cf_mean,quasisteady,4.9545019080479,-107.360068575409,-18.0948934344766,-88.9685143022375,-5.46115322316852
cf_mean,quasisteady,5.04080619102669,-108.162669626181,-17.8803396521953,-88.9798535168984,-5.36833624324147
cf_mean,quasisteady,5.12861383991365,-108.985474637237,-17.6472112934047,-88.990810520413,-5.27707401697191
cf_mean,quasisteady,5.21795104239002,-109.828753379827,-17.3943635112634,-89.0013981062287,-5.18734164750649
cf_mean,quasisteady,5.30884444230988,-110.692756941266,-17.1206019196873,-89.0116286455407,-5.09911457840098
cf_mean,quasisteady,5.40132114764635,-111.577715518913,-16.8246808118796,-89.0215141008301,-5.01236859203613
cf_mean,quasisteady,5.49540873857624,-112.483836042909,-16.5053013391133,-89.0310660389948,-4.92707980785382
cf_mean,quasisteady,5.5911352757056,-113.411299614842,-16.1611096511095,-89.0402956440839,-4.84322468042646
cf_mean,quasisteady,5.68852930843841,-114.360258748398,-15.790694999784,-89.0492137296447,-4.76077999737162
cf_mean,quasisteady,5.78761988349121,-115.330834396769,-15.392587808659,-89.0578307506944,-4.67972287712389
cf_mean,quasisteady,5.88843655355589,-116.323112750265,-14.9652577108633,-89.0661568153238,-4.60003076657463
cf_mean,quasisteady,5.99100938611354,-117.337141786008,-14.5071115593972,-89.0742016959459,-4.52168143859023
cf_mean,quasisteady,6.09536897240169,-118.372927550006,-14.0164914142486,-89.0819748401968,-4.44465298941868
cf_mean,quasisteady,6.20154643653785,-119.430430150031,-13.491672512026,-89.0894853814985,-4.36892383599378
cf_mean,quasisteady,6.30957344480193,-120.509559435802,-12.9308612250718,-89.0967421492953,-4.29447271314578
cf_mean,quasisteady,6.41948221508036,-121.610170340793,-12.332193018563,-89.1037536789692,-4.22127867072691
cf_mean,quasisteady,6.53130552647472,-122.732057857697,-11.6937304159383,-89.1105282214466,-4.14932107065957
cf_mean,quasisteady,6.6450767290778,-123.874951617025,-11.0134609851686,-89.1170737525035,-4.07857958391468
cf_mean,quasisteady,6.76082975391982,-125.038510035644,-10.2892953609623,-89.1233979817773,-4.00903418742727
cf_mean,quasisteady,6.87859912308807,-126.222313999175,-9.51906532103195,-89.1295083614957,-3.94066516095584
cf_mean,quasisteady,6.99841996002273,-127.425860039068,-8.70052193812935,-89.1354120949281,-3.87345308389186
cf_mean,quasisteady,7.12032799999203,-128.648552961988,-7.83133383375307,-89.1411161445701,-3.80737883202529
cf_mean,quasisteady,7.2443596007499,-129.889697885718,-6.9090855643531,-89.1466272400672,-3.74242357427161
cf_mean,quasisteady,7.37055175337934,-131.148491632335,-5.93127617660389,-89.1519518858866,-3.67856876936571
cf_mean,quasisteady,7.49894209332456,-132.424013425825,-4.89531797501391,-89.1570963687433,-3.61579616252746
cf_mean,quasisteady,7.62956891161533,-133.715214837794,-3.7985355529192,-89.1620667647893,-3.55408778210374
cf_mean,quasisteady,7.76247116628692,-135.020908921418,-2.63816514692375,-89.1668689465717,-3.49342593619112
cf_mean,quasisteady,7.89768849399886,-136.339758470555,-1.41135438526183,-89.171508589767,-3.4337932092434
cf_mean,quasisteady,8.03526122185617,-137.670263337991,-0.115162512550164,-89.1759911796993,-3.37517245866785
cf_mean,quasisteady,8.1752303794365,-139.01074674441,1.25343881284008,-89.1803220176475,-3.31754681141368
cf_mean,quasisteady,8.31763771102671,-140.359340508046,2.6975640368217,-89.1845062269489,-3.26089966055621
cf_mean,quasisteady,8.46252568807269,-141.713969124367,4.22041141313653,-89.188548758905,-3.20521466187982
cf_mean,quasisteady,8.60993752184601,-143.072332625975,5.82525974216116,-89.1924543984962,-3.15047573046274
cf_mean,quasisteady,8.75991717633117,-144.431888155506,7.51546397175217,-89.1962277699105,-3.09666703726632
cf_mean,quasisteady,8.91250938133745,-145.789830189332,9.29444946109937,-89.1998733418919,-3.04377300573148
cf_mean,quasisteady,9.06775964583905,-147.143069357807,11.1657046797249,-89.2033954329158,-2.99177830838471
cf_mean,quasisteady,9.22571427154763,-148.488209819538,13.1327720817768,-89.2067982161938,-2.94066786345579
cf_mean,quasisteady,9.38642036672135,-149.821525163463,15.1992368605332,-89.2100857245166,-2.89042683150952
cf_mean,quasisteady,9.54992586021436,-151.138932834566,17.3687132495872,-89.213261854937,-2.8410406120931
cf_mean,quasisteady,9.71627951577106,-152.435967107939,19.6448279956505,-89.2163303733007,-2.7924948404013
cf_mean,quasisteady,9.88553094656939,-153.707750673166,22.0312005836499,-89.2192949186276,-2.74477538396082
cf_mean,quasisteady,10.0577306300174,-154.948964938105,24.5314197483282,-89.2221590073493,-2.69786833933551
cf_mean,quasisteady,10.2329299228075,-156.153819219988,27.1490157588048,-89.2249260374078,-2.65176002885387
cf_mean,quasisteady,10.4111810762334,-157.316019064316,29.8874279147528,-89.2275992922188,-2.60643699736016
cf_mean,quasisteady,10.5925372517729,-158.428734020336,32.7499666467929,-89.230181944504,-2.5618860089902
cf_mean,quasisteady,10.7770525369432,-159.484565308372,35.7397695717838,-89.2326770599984,-2.5180940439732
cf_mean,quasisteady,10.9647819614319,-160.475513941019,38.8597508190347,-89.2350876010333,-2.47504829546039
cf_mean,quasisteady,11.1557815135085,-161.392950009549,42.1125429201604,-89.2374164300022,-2.43273616638156
cf_mean,quasisteady,11.3501081567232,-162.227584020584,45.5004305484021,-89.2396663127118,-2.39114526633022
cf_mean,quasisteady,11.5478198468946,-162.969441367649,49.0252754090979,-89.2418399216212,-2.35026340847829
cf_mean,quasisteady,11.7489755493953,-163.607841248062,52.6884316292267,-89.2439398389751,-2.3100786065208
cf_mean,quasisteady,11.9536352567372,-164.131381587138,56.4906510796494,-89.2459685598321,-2.27057907165143
cf_mean,quasisteady,12.1618600064637,-164.527931806245,60.4319781993608,-89.2479284949923,-2.23175320956927
cf_mean,quasisteady,12.3737118993535,-164.784635564009,64.511634088626,-89.2498219738287,-2.19358961751746
cf_mean,quasisteady,12.5892541179417,-164.887925902745,68.7278899102546,-89.2516512470232,-2.1560770813539
cf_mean,quasisteady,12.8085509453628,-164.823555532893,73.077929999084,-89.2534184892127,-2.11920457265466
cf_mean,quasisteady,13.031667784523,-164.576645269841,77.5577055423544,-89.2551258015462,-2.08296124585022
cf_mean,quasisteady,13.2586711776056,-164.13175387723,82.1617802700792,-89.2567752141569,-2.04733643539493
cf_mean,quasisteady,13.4896288259165,-163.472972739367,86.8831702937911,-89.2583686885525,-2.01231965296979
cf_mean,quasisteady,13.7246096100756,-162.584048846587,91.7131810579553,-89.2599081199251,-1.97790058471892
cf_mean,quasisteady,13.9636836105594,-161.448539488233,96.6412453169304,-89.2613953393839,-1.94406908851965
cf_mean,quasisteady,14.2069221286018,-160.050001759338,101.654767106519,-89.2628321161141,-1.91081519128648
cf_mean,quasisteady,14.4543977074593,-158.372219446274,106.738977813262,-89.2642201594627,-1.8781290863089
cf_mean,quasisteady,14.7061841540456,-156.399469009748,111.876811608926,-89.2655611209552,-1.8460011306232
cf_mean,quasisteady,14.9623565609443,-154.116825181756,117.048808643107,-89.2668565962447,-1.81442184241812
cf_mean,quasisteady,15.2229913288042,-151.510505098669,122.233055380985,-89.2681081269957,-1.78338189847446
cf_mean,quasisteady,15.4881661891248,-148.568247888395,127.405172220361,-89.2693172027045,-1.75287213163852
cf_mean,quasisteady,15.7579602274392,-145.279724228893,132.538358885506,-89.2704852624594,-1.72288352832931
cf_mean,quasisteady,16.0324539069004,-141.636967653042,137.603507924917,-89.2716136966411,-1.69340722607941
cf_mean,quasisteady,16.3117290922784,-137.634816397598,142.569395783253,-89.2727038485664,-1.66443451110942
cf_mean,quasisteady,16.5958690743756,-133.271351546864,147.402959236957,-89.273757016077,-1.63595681593575
cf_mean,quasisteady,16.8849585948675,-128.548314331088,152.069662376912,-89.2747744530743,-1.60796571701168
cf_mean,quasisteady,17.1790838715759,-123.471482986359,156.533955750369,-89.2757573710036,-1.58045293240147
cf_mean,quasisteady,17.4783326241822,-118.050987886987,160.759824785447,-89.2767069402876,-1.5534103194873
cf_mean,quasisteady,17.7827941003892,-112.30154305389,164.711419370897,-89.2776242917122,-1.52682987270886
cf_mean,quasisteady,18.0925591025382,-106.242572927166,168.35375072944,-89.2785105177655,-1.50070372133542
cf_mean,quasisteady,18.4077200146896,-99.8982156974723,171.653435902593,-89.2793666739321,-1.47502412726995
cf_mean,quasisteady,18.7283708301755,-93.2971886255423,174.579464756578,-89.2801937799434,-1.44978348288528
cf_mean,quasisteady,19.0546071796325,-86.4725065824623,177.103959978616,-89.2809928209862,-1.42497430889186
cf_mean,quasisteady,19.3865263595221,-79.4610522610614,179.202897614796,-89.2817647488705,-1.40058925223695
cf_mean,quasisteady,19.7242273611485,-72.3030046883134,180.856754782707,-89.282510483158,-1.37662108403489
cf_mean,quasisteady,20.0678109001819,-65.0411411858259,182.051052599631,-89.2832309122524,-1.35306269752818
cf_mean,quasisteady,20.4173794466953,-57.7200360421337,182.776766208008,-89.2839268944535,-1.32990710607917
cf_mean,quasisteady,20.7730372557256,-50.3851861089456,183.030579903024,-89.2845992589751,-1.30714744119188
cf_mean,quasisteady,21.1348903983665,-43.082098615436,182.814973357916,-89.285248806929,-1.28477695056376
cf_mean,quasisteady,21.5030467934026,-35.8553791780449,182.138134158112,-89.285876312276,-1.26278899616711
cf_mean,quasisteady,21.8776162394955,-28.7478579801504,181.013701497983,-89.2864825227444,-1.24117705235971
cf_mean,quasisteady,22.2587104479301,-21.7997894056018,179.460355110848,-89.2870681607176,-1.21993470402446
cf_mean,quasisteady,22.6464430759306,-15.0481553191841,177.501271495507,-89.2876339240921,-1.19905564473764
cf_mean,quasisteady,23.0409297605584,-8.52609522696568,175.163475626637,-89.2881804871063,-1.17853367496547
cf_mean,quasisteady,23.4422881531992,-2.26247841874649,172.4771201756,-89.2887085011412,-1.15836270028868
cf_mean,quasisteady,23.8506379546511,3.71837533786226,169.474725670105,-89.2892185954943,-1.13853672965468
cf_mean,quasisteady,24.2661009508241,9.39682817698403,166.190414092472,-89.2897113781272,-1.1190498736571
cf_mean,quasisteady,24.6888010490621,14.7579184435032,162.65916548262,-89.2901874363883,-1.09989634284222
cf_mean,quasisteady,25.1188643150958,19.7912315995389,158.916122652037,-89.2906473377107,-1.08107044604212
cf_mean,quasisteady,25.5564190106414,24.490666534381,154.995963684523,-89.2910916302865,-1.06256658873411
cf_mean,quasisteady,26.0015956316527,28.8541184874929,150.932356056586,-89.2915208437188,-1.04437927142604
cf_mean,quasisteady,26.4545269472405,32.8831005700929,146.757500454767,-89.2919354896509,-1.02650308806737
cf_mean,quasisteady,26.9153480392692,36.5823252494782,142.501767098706,-89.2923360623752,-1.00893272448545
cf_mean,quasisteady,27.3841963426436,39.959265446762,138.193422876433,-89.2927230394207,-0.991662956846727
cf_mean,quasisteady,27.8612116862977,43.023712425702,133.858444019084,-89.293096882121,-0.97468865014263
cf_mean,quasisteady,28.3465363348967,45.7873447393486,129.520406433287,-89.293458036163,-0.958004756699705
cf_mean,quasisteady,28.8403150312661,48.2633194348673,125.200444130712,-89.2938069321171,-0.941606314713705
cf_mean,quasisteady,29.3426950395597,50.4658937224073,120.917265343681,-89.2941439859494,-0.925488446807291
cf_mean,quasisteady,29.8538261891796,52.4100825573936,116.687215754623,-89.2944695995168,-0.909646358611027
cf_mean,quasisteady,30.373860919461,54.111355174,112.524378641934,-89.294784161045,-0.894075337367335
cf_mean,quasisteady,30.9029543251359,55.5853715957744,108.440702504276,-89.2950880455904,-0.87877075055708
cf_mean,quasisteady,31.441264202588,56.8477585506067,104.446147732102,-89.2953816154868,-0.863728044548468
cf_mean,quasisteady,31.988951096914,57.913923013848,100.548845032625,-89.2956652207765,-0.84894274326793
cf_mean,quasisteady,32.5461783498046,58.7989007573152,96.7552594897791,-89.2959391996266,-0.834410446892677
cf_mean,quasisteady,33.1131121482591,59.5172367435738,93.0703552844021,-89.2962038787322,-0.82012683056462
cf_mean,quasisteady,33.6899215741491,60.0828939201751,89.4977571641558,-89.2964595737049,-0.806087643125308
cf_mean,quasisteady,34.276778654645,60.5091868839928,86.0399057078293,-89.2967065894486,-0.79228870587161
cf_mean,quasisteady,34.8738584135218,60.8087369520948,82.6982042596816,-89.2969452205227,-0.778725911331827
cf_mean,quasisteady,35.4813389233575,60.9934453493452,79.4731561124991,-89.2971757514929,-0.765395222061894
cf_mean,quasisteady,36.0994013586417,61.0744814677475,76.3644910970815,-89.2973984572696,-0.752292669461418
cf_mean,quasisteady,36.7282300498085,61.0622834389749,73.3712812001057,-89.2976136034358,-0.739414352609231
cf_mean,quasisteady,37.3680125382116,60.966568566687,70.4920451939673,-89.2978214465634,-0.726756437118141
cf_mean,quasisteady,38.0189396320561,60.7963514720471,67.7248425348218,-89.2980222345182,-0.714315154008635
cf_mean,quasisteady,38.6812054633052,60.5599681021654,65.0673569823546,-89.298216206756,-0.702086798601201
cf_mean,quasisteady,39.3550075455778,60.2651040289043,62.5169705299216,-89.2984035946071,-0.690067729427009
cf_mean,quasisteady,40.0405468330546,59.9188257196818,60.0708283186004,-89.2985846215522,-0.678254367156652
cf_mean,quasisteady,40.7380277804113,59.5276136901012,57.7258952539653,-89.2987595034886,-0.66664319354668
cf_mean,quasisteady,41.4476584037939,59.0973966497615,55.4790050592197,-89.2989284489875,-0.655230750403642
cf_mean,quasisteady,42.1696503428582,58.6335859280162,53.3269024903471,-89.2990916595423,-0.644013638565364
cf_mean,quasisteady,42.9042189238885,58.1411096171934,51.2662794145428,-89.2992493298088,-0.632988516899194
cf_mean,quasisteady,43.6515832240166,57.6244459987878,49.2938054174797,-89.2994016478371,-0.622152101316951
cf_mean,quasisteady,44.4119661365589,57.0876559256106,47.4061535619998,-89.2995487952956,-0.611501163806311
cf_mean,quasisteady,45.1855944374922,56.534413922122,45.6000218737727,-89.2996909476878,-0.601032531478361
cf_mean,quasisteady,45.9726988530872,55.9680378384617,43.8721510807143,-89.2998282745611,-0.590743085631091
cf_mean,quasisteady,46.7735141287198,55.3915169531875,42.2193390842833,-89.2999609397088,-0.580629760828541
cf_mean,quasisteady,47.5882790988817,54.8075384674231,40.6384525934432,-89.3000891013656,-0.570689543995366
cf_mean,quasisteady,48.4172367584099,54.2185123708316,39.1264363069722,-89.3002129123963,-0.560919473526586
cf_mean,quasisteady,49.2606343349577,53.6265946891657,37.6803199874632,-89.3003325204773,-0.551316638412245
cf_mean,quasisteady,50.1187233627273,53.0337091455146,36.2972237311357,-89.3004480682733,-0.541878177376777
cf_mean,quasisteady,50.991759757487,52.4415672840172,34.9743617015925,-89.3005596936072,-0.532601278032815
cf_mean,quasisteady,51.8800038928961,51.8516871167648,33.709044562936,-89.3006675296242,-0.523483176049217
cf_mean,quasisteady,52.7837206781577,51.2654103628008,32.4986808181188,-89.3007717049505,-0.514521154333091
cf_mean,quasisteady,53.7031796370253,50.6839183532725,31.3407772319028,-89.3008723438468,-0.505712542225572
cf_mean,quasisteady,54.6386549881854,50.108246679546,30.232938494157,-89.3009695663565,-0.497054714711148
cf_mean,quasisteady,55.5904257270404,49.5392986619811,29.1728662582292,-89.3010634884485,-0.488545091640296
cf_mean,quasisteady,56.5587757089154,48.9778577165134,28.1583576705637,-89.3011542221556,-0.480181136965228
cf_mean,quasisteady,57.5439937337157,48.4245986945529,27.187303491386,-89.3012418757083,-0.471960357988517
cf_mean,quasisteady,58.5463736320577,47.8800982692862,26.2576858919266,-89.3013265536632,-0.463880304624409
cf_mean,quasisteady,59.566214352901,47.3448444384727,25.3675760010959,-89.3014083570286,-0.455938568672602
cf_mean,quasisteady,60.6038200527067,46.8192452104606,24.5151312635723,-89.3014873833839,-0.448132783104283
cf_mean,quasisteady,61.6595001861482,46.3036365365501,23.6985926617351,-89.3015637269967,-0.440460621360241
cf_mean,quasisteady,62.7335695984038,45.7982895491144,22.9162818456068,-89.301637478935,-0.432919796660835
cf_mean,quasisteady,63.8263486190549,45.3034171611481,22.1665982078144,-89.3017087271754,-0.425508061327637
cf_mean,quasisteady,64.9381631576211,44.8191800792135,21.4480159344057,-89.3017775567087,-0.418223206116554
cf_mean,quasisteady,66.0693448007596,44.3456922781365,20.7590810570342,-89.3018440496406,-0.411063059562232
cf_mean,quasisteady,67.2202309111567,43.8830259823264,20.0984085274651,-89.3019082852899,-0.404025487333564
cf_mean,quasisteady,68.3911647281429,43.4312161952524,19.4646793314354,-89.3019703402832,-0.397108391600117
cf_mean,quasisteady,69.5824954700605,42.9902648154469,18.8566376555612,-89.3020302886459,-0.390309710409293
cf_mean,quasisteady,70.7945784384138,42.5601443744132,18.273088118139,-89.3020882018908,-0.383627417074046
cf_mean,quasisteady,72.0277751238341,42.1408014290101,17.7128930722643,-89.3021441491032,-0.377059519570988
cf_mean,quasisteady,73.2824533138904,41.7321596382553,17.1749699876459,-89.3021981970236,-0.370604059948698
cf_mean,quasisteady,74.5589872027782,41.3341225520465,16.6582889157676,-89.3022504101267,-0.364259113746074
cf_mean,quasisteady,75.8577575029184,40.9465761370188,16.1618700415969,-89.3023008506988,-0.358022789420557
cf_mean,quasisteady,77.1791515585013,40.569391062656,15.6847813238281,-89.302349578912,-0.351893227786066
cf_mean,quasisteady,78.5235634610072,40.2024247688196,15.2261362246398,-89.3023966528956,-0.345868601460472
cf_mean,quasisteady,79.8913941667404,39.8455233340666,14.7850915291117,-89.302442128806,-0.339947114322464
cf_mean,quasisteady,81.2830516164099,39.4985231624678,14.3608452537646,-89.3024860608932,-0.334127000977641
cf_mean,quasisteady,82.6989508567932,39.1612525051173,13.9526346431293,-89.3025285015657,-0.328406526233684
cf_mean,quasisteady,84.1395141645195,38.8335328311277,13.5597342528068,-89.302569501453,-0.322783984584441
cf_mean,quasisteady,85.6051711720095,38.5151800616167,13.1814541171251,-89.3026091094659,-0.317257699702796
cf_mean,quasisteady,87.0963589956081,38.2060056790224,12.8171379992245,-89.302647372855,-0.311826023942158
cf_mean,quasisteady,88.6135223659499,37.9058177230011,12.4661617211934,-89.3026843372667,-0.306487337846428
cf_mean,quasisteady,90.1571137605957,37.6144216831802,12.1279315717236,-89.3027200467983,-0.301240049668314
cf_mean,quasisteady,91.7275935389779,37.3316212981352,11.8018827886453,-89.3027545440497,-0.296082594895838
cf_mean,quasisteady,93.3254300796991,37.0572192691394,11.4874781136393,-89.3027878701751,-0.291013435786901
cf_mean,quasisteady,94.9510999202198,36.7910178964761,11.1842064163813,-89.3028200649315,-0.286031060911785
cf_mean,quasisteady,96.6050878989813,36.532819645424,10.891581385373,-89.3028511667262,-0.281133984703427
cf_mean,quasisteady,98.2878873000033,36.282427648392,10.6091402827216,-89.3028812126629,-0.276320747015373
cf_mean,quasisteady,100,36.0396461491108,10.3364427601649,-89.3029102385856,-0.271589912687251
