time_s,wDown,accelerationDown,aeroThrust1,aeroThrust2,hubThrust1,hubThrust2,vi1,vi2,beta1,beta2,betaRate1,betaRate2
0,0,-1.2126596023639e-15,29419.95,29419.95,29419.95,29419.95,16.269694194372,16.269694194372,0.0337331692055155,0.0337331692055155,0,0
0.005,-6.06329801181952e-18,-1.2126596023639e-15,29419.95,29419.95,29419.95,29419.95,16.269694194372,16.269694194372,0.0337331692055155,0.0337331692055155,0,0
0.01,-1.2126596023639e-17,-1.2126596023639e-15,29419.95,29419.95,29419.95,29419.95,16.269694194372,16.269694194372,0.0337331692055155,0.0337331692055155,0,0
0.015,-1.81898940354586e-17,-1.2126596023639e-15,29419.95,29419.95,29419.95,29419.95,16.269694194372,16.269694194372,0.0337331692055155,0.0337331692055155,0,0
0.02,-2.42531920472781e-17,-1.2126596023639e-15,29419.95,29419.95,29419.95,29419.95,16.269694194372,16.269694194372,0.0337331692055155,0.0337331692055155,0,0
0.025,-3.03164900590976e-17,-1.2126596023639e-15,29419.95,29419.95,29419.95,29419.95,16.269694194372,16.269694194372,0.0337331692055155,0.0337331692055155,0,0
0.03,-3.63797880709171e-17,-1.2126596023639e-15,29419.95,29419.95,29419.95,29419.95,16.269694194372,16.269694194372,0.0337331692055155,0.0337331692055155,0,0
0.035,-4.24430860827366e-17,-1.2126596023639e-15,29419.95,29419.95,29419.95,29419.95,16.269694194372,16.269694194372,0.0337331692055155,0.0337331692055155,0,0
0.04,-4.85063840945562e-17,-1.2126596023639e-15,29419.95,29419.95,29419.95,29419.95,16.269694194372,16.269694194372,0.0337331692055155,0.0337331692055155,0,0
0.045,-5.45696821063757e-17,-1.2126596023639e-15,29419.95,29419.95,29419.95,29419.95,16.269694194372,16.269694194372,0.0337331692055155,0.0337331692055155,0,0
0.05,-6.06329801181952e-17,-1.2126596023639e-15,29419.95,29419.95,29419.95,29419.95,16.269694194372,16.269694194372,0.0337331692055155,0.0337331692055155,0,0
0.055,-6.66962781300147e-17,-1.2126596023639e-15,29419.95,29419.95,29419.95,29419.95,16.269694194372,16.269694194372,0.0337331692055155,0.0337331692055155,0,0
0.06,-7.27595761418343e-17,-1.2126596023639e-15,29419.95,29419.95,29419.95,29419.95,16.269694194372,16.269694194372,0.0337331692055155,0.0337331692055155,0,0
0.065,-7.88228741536538e-17,-1.2126596023639e-15,29419.95,29419.95,29419.95,29419.95,16.269694194372,16.269694194372,0.0337331692055155,0.0337331692055155,0,0
0.07,-8.48861721654733e-17,-1.2126596023639e-15,29419.95,29419.95,29419.95,29419.95,16.269694194372,16.269694194372,0.0337331692055155,0.0337331692055155,0,0
0.075,-9.09494701772928e-17,-1.2126596023639e-15,29419.95,29419.95,29419.95,29419.95,16.269694194372,16.269694194372,0.0337331692055155,0.0337331692055155,0,0
0.08,-9.70127681891123e-17,-1.2126596023639e-15,29419.95,29419.95,29419.95,29419.95,16.269694194372,16.269694194372,0.0337331692055155,0.0337331692055155,0,0
0.085,-1.03076066200932e-16,-1.2126596023639e-15,29419.95,29419.95,29419.95,29419.95,16.269694194372,16.269694194372,0.0337331692055155,0.0337331692055155,0,0
0.09,-1.09139364212751e-16,-1.2126596023639e-15,29419.95,29419.95,29419.95,29419.95,16.269694194372,16.269694194372,0.0337331692055155,0.0337331692055155,0,0
0.095,-1.15202662224571e-16,-1.2126596023639e-15,29419.95,29419.95,29419.95,29419.95,16.269694194372,16.269694194372,0.0337331692055155,0.0337331692055155,0,0
0.1,-1.2126596023639e-16,-1.2126596023639e-15,29419.95,29419.95,29419.95,29419.95,16.269694194372,16.269694194372,0.0337331692055155,0.0337331692055155,0,0
0.105,-1.2732925824821e-16,-1.2126596023639e-15,29419.95,29419.95,29419.95,29419.95,16.269694194372,16.269694194372,0.0337331692055155,0.0337331692055155,0,0
0.11,-1.33392556260029e-16,-1.2126596023639e-15,29419.95,29419.95,29419.95,29419.95,16.269694194372,16.269694194372,0.0337331692055155,0.0337331692055155,0,0
0.115,-1.39455854271849e-16,-1.2126596023639e-15,29419.95,29419.95,29419.95,29419.95,16.269694194372,16.269694194372,0.0337331692055155,0.0337331692055155,0,0
0.12,-1.45519152283669e-16,-1.2126596023639e-15,29419.95,29419.95,29419.95,29419.95,16.269694194372,16.269694194372,0.0337331692055155,0.0337331692055155,0,0
0.125,-1.51582450295488e-16,-1.2126596023639e-15,29419.95,29419.95,29419.95,29419.95,16.269694194372,16.269694194372,0.0337331692055155,0.0337331692055155,0,0
0.13,-1.57645748307308e-16,-1.2126596023639e-15,29419.95,29419.95,29419.95,29419.95,16.269694194372,16.269694194372,0.0337331692055155,0.0337331692055155,0,0
0.135,-1.63709046319127e-16,-1.2126596023639e-15,29419.95,29419.95,29419.95,29419.95,16.269694194372,16.269694194372,0.0337331692055155,0.0337331692055155,0,0
0.14,-1.69772344330947e-16,-1.2126596023639e-15,29419.95,29419.95,29419.95,29419.95,16.269694194372,16.269694194372,0.0337331692055155,0.0337331692055155,0,0
0.145,-1.75835642342766e-16,-1.2126596023639e-15,29419.95,29419.95,29419.95,29419.95,16.269694194372,16.269694194372,0.0337331692055155,0.0337331692055155,0,0
0.15,-1.81898940354586e-16,-1.2126596023639e-15,29419.95,29419.95,29419.95,29419.95,16.269694194372,16.269694194372,0.0337331692055155,0.0337331692055155,0,0
0.155,-1.87962238366405e-16,-1.2126596023639e-15,29419.95,29419.95,29419.95,29419.95,16.269694194372,16.269694194372,0.0337331692055155,0.0337331692055155,0,0
0.16,-1.94025536378225e-16,-1.2126596023639e-15,29419.95,29419.95,29419.95,29419.95,16.269694194372,16.269694194372,0.0337331692055155,0.0337331692055155,0,0
0.165,-2.00088834390044e-16,-1.2126596023639e-15,29419.95,29419.95,29419.95,29419.95,16.269694194372,16.269694194372,0.0337331692055155,0.0337331692055155,0,0
0.17,-2.06152132401864e-16,-1.2126596023639e-15,29419.95,29419.95,29419.95,29419.95,16.269694194372,16.269694194372,0.0337331692055155,0.0337331692055155,0,0
0.175,-2.12215430413683e-16,-1.2126596023639e-15,29419.95,29419.95,29419.95,29419.95,16.269694194372,16.269694194372,0.0337331692055155,0.0337331692055155,0,0
0.18,-2.18278728425503e-16,-1.2126596023639e-15,29419.95,29419.95,29419.95,29419.95,16.269694194372,16.269694194372,0.0337331692055155,0.0337331692055155,0,0
0.185,-2.24342026437322e-16,-1.2126596023639e-15,29419.95,29419.95,29419.95,29419.95,16.269694194372,16.269694194372,0.0337331692055155,0.0337331692055155,0,0
0.19,-2.30405324449142e-16,-1.2126596023639e-15,29419.95,29419.95,29419.95,29419.95,16.269694194372,16.269694194372,0.0337331692055155,0.0337331692055155,0,0
0.195,-2.36468622460961e-16,-1.2126596023639e-15,29419.95,29419.95,29419.95,29419.95,16.269694194372,16.269694194372,0.0337331692055155,0.0337331692055155,0,0
0.2,-2.42531920472781e-16,-1.2126596023639e-15,29419.95,29419.95,29419.95,29419.95,16.269694194372,16.269694194372,0.0337331692055155,0.0337331692055155,0,0
0.205,-2.485952184846e-16,-1.2126596023639e-15,29419.95,29419.95,29419.95,29419.95,16.269694194372,16.269694194372,0.0337331692055155,0.0337331692055155,0,0
0.21,-2.5465851649642e-16,-1.2126596023639e-15,29419.95,29419.95,29419.95,29419.95,16.269694194372,16.269694194372,0.0337331692055155,0.0337331692055155,0,0
0.215,-2.60721814508239e-16,-1.2126596023639e-15,29419.95,29419.95,29419.95,29419.95,16.269694194372,16.269694194372,0.0337331692055155,0.0337331692055155,0,0
0.22,-2.66785112520059e-16,-1.2126596023639e-15,29419.95,29419.95,29419.95,29419.95,16.269694194372,16.269694194372,0.0337331692055155,0.0337331692055155,0,0
0.225,-2.72848410531878e-16,-1.2126596023639e-15,29419.95,29419.95,29419.95,29419.95,16.269694194372,16.269694194372,0.0337331692055155,0.0337331692055155,0,0
0.23,-2.78911708543698e-16,-1.2126596023639e-15,29419.95,29419.95,29419.95,29419.95,16.269694194372,16.269694194372,0.0337331692055155,0.0337331692055155,0,0
0.235,-2.84975006555517e-16,-1.2126596023639e-15,29419.95,29419.95,29419.95,29419.95,16.269694194372,16.269694194372,0.0337331692055155,0.0337331692055155,0,0
0.24,-2.91038304567337e-16,-1.2126596023639e-15,29419.95,29419.95,29419.95,29419.95,16.269694194372,16.269694194372,0.0337331692055155,0.0337331692055155,0,0
0.245,-2.97101602579156e-16,-1.2126596023639e-15,29419.95,29419.95,29419.95,29419.95,16.269694194372,16.269694194372,0.0337331692055155,0.0337331692055155,0,0
0.25,-3.03164900590976e-16,-1.2126596023639e-15,29419.95,29419.95,29419.95,29419.95,16.269694194372,16.269694194372,0.0337331692055155,0.0337331692055155,0,0
0.255,-3.09228198602795e-16,-1.2126596023639e-15,29419.95,29419.95,29419.95,29419.95,16.269694194372,16.269694194372,0.0337331692055155,0.0337331692055155,0,0
0.26,-3.15291496614615e-16,-1.2126596023639e-15,29419.95,29419.95,29419.95,29419.95,16.269694194372,16.269694194372,0.0337331692055155,0.0337331692055155,0,0
0.265,-3.21354794626434e-16,-1.2126596023639e-15,29419.95,29419.95,29419.95,29419.95,16.269694194372,16.269694194372,0.0337331692055155,0.0337331692055155,0,0
0.27,-3.27418092638254e-16,-1.2126596023639e-15,29419.95,29419.95,29419.95,29419.95,16.269694194372,16.269694194372,0.0337331692055155,0.0337331692055155,0,0
0.275,-3.33481390650073e-16,-1.2126596023639e-15,29419.95,29419.95,29419.95,29419.95,16.269694194372,16.269694194372,0.0337331692055155,0.0337331692055155,0,0
0.28,-3.39544688661893e-16,-1.2126596023639e-15,29419.95,29419.95,29419.95,29419.95,16.269694194372,16.269694194372,0.0337331692055155,0.0337331692055155,0,0
0.285,-3.45607986673712e-16,-1.2126596023639e-15,29419.95,29419.95,29419.95,29419.95,16.269694194372,16.269694194372,0.0337331692055155,0.0337331692055155,0,0
0.29,-3.51671284685532e-16,-1.2126596023639e-15,29419.95,29419.95,29419.95,29419.95,16.269694194372,16.269694194372,0.0337331692055155,0.0337331692055155,0,0
0.295,-3.57734582697351e-16,-1.2126596023639e-15,29419.95,29419.95,29419.95,29419.95,16.269694194372,16.269694194372,0.0337331692055155,0.0337331692055155,0,0
0.3,-3.63797880709171e-16,-1.2126596023639e-15,29419.95,29419.95,29419.95,29419.95,16.269694194372,16.269694194372,0.0337331692055155,0.0337331692055155,0,0
0.305,-3.6986117872099e-16,-1.2126596023639e-15,29419.95,29419.95,29419.95,29419.95,16.269694194372,16.269694194372,0.0337331692055155,0.0337331692055155,0,0
0.31,-3.7592447673281e-16,-1.2126596023639e-15,29419.95,29419.95,29419.95,29419.95,16.269694194372,16.269694194372,0.0337331692055155,0.0337331692055155,0,0
0.315,-3.81987774744629e-16,-1.2126596023639e-15,29419.95,29419.95,29419.95,29419.95,16.269694194372,16.269694194372,0.0337331692055155,0.0337331692055155,0,0
0.32,-3.88051072756449e-16,-1.2126596023639e-15,29419.95,29419.95,29419.95,29419.95,16.269694194372,16.269694194372,0.0337331692055155,0.0337331692055155,0,0
0.325,-3.94114370768268e-16,-1.2126596023639e-15,29419.95,29419.95,29419.95,29419.95,16.269694194372,16.269694194372,0.0337331692055155,0.0337331692055155,0,0
0.33,-4.00177668780088e-16,-1.2126596023639e-15,29419.95,29419.95,29419.95,29419.95,16.269694194372,16.269694194372,0.0337331692055155,0.0337331692055155,0,0
0.335,-4.06240966791907e-16,-1.2126596023639e-15,29419.95,29419.95,29419.95,29419.95,16.269694194372,16.269694194372,0.0337331692055155,0.0337331692055155,0,0
0.34,-4.12304264803727e-16,-1.2126596023639e-15,29419.95,29419.95,29419.95,29419.95,16.269694194372,16.269694194372,0.0337331692055155,0.0337331692055155,0,0
0.345,-4.18367562815546e-16,-1.2126596023639e-15,29419.95,29419.95,29419.95,29419.95,16.269694194372,16.269694194372,0.0337331692055155,0.0337331692055155,0,0
0.35,-4.24430860827366e-16,-1.2126596023639e-15,29419.95,29419.95,29419.95,29419.95,16.269694194372,16.269694194372,0.0337331692055155,0.0337331692055155,0,0
0.355,-4.30494158839185e-16,-1.2126596023639e-15,29419.95,29419.95,29419.95,29419.95,16.269694194372,16.269694194372,0.0337331692055155,0.0337331692055155,0,0
0.36,-4.36557456851005e-16,-1.2126596023639e-15,29419.95,29419.95,29419.95,29419.95,16.269694194372,16.269694194372,0.0337331692055155,0.0337331692055155,0,0
0.365,-4.42620754862824e-16,-1.2126596023639e-15,29419.95,29419.95,29419.95,29419.95,16.269694194372,16.269694194372,0.0337331692055155,0.0337331692055155,0,0
0.37,-4.48684052874644e-16,-1.2126596023639e-15,29419.95,29419.95,29419.95,29419.95,16.269694194372,16.269694194372,0.0337331692055155,0.0337331692055155,0,0
0.375,-4.54747350886463e-16,-1.2126596023639e-15,29419.95,29419.95,29419.95,29419.95,16.269694194372,16.269694194372,0.0337331692055155,0.0337331692055155,0,0
0.38,-4.60810648898283e-16,-1.2126596023639e-15,29419.95,29419.95,29419.95,29419.95,16.269694194372,16.269694194372,0.0337331692055155,0.0337331692055155,0,0
0.385,-4.66873946910102e-16,-1.2126596023639e-15,29419.95,29419.95,29419.95,29419.95,16.269694194372,16.269694194372,0.0337331692055155,0.0337331692055155,0,0
0.39,-4.72937244921922e-16,-1.2126596023639e-15,29419.95,29419.95,29419.95,29419.95,16.269694194372,16.269694194372,0.0337331692055155,0.0337331692055155,0,0
0.395,-4.79000542933741e-16,-1.2126596023639e-15,29419.95,29419.95,29419.95,29419.95,16.269694194372,16.269694194372,0.0337331692055155,0.0337331692055155,0,0
0.4,-4.85063840945561e-16,-1.2126596023639e-15,29419.95,29419.95,29419.95,29419.95,16.269694194372,16.269694194372,0.0337331692055155,0.0337331692055155,0,0
0.405,-4.9112713895738e-16,-1.2126596023639e-15,29419.95,29419.95,29419.95,29419.95,16.269694194372,16.269694194372,0.0337331692055155,0.0337331692055155,0,0
0.41,-4.971904369692e-16,-1.2126596023639e-15,29419.95,29419.95,29419.95,29419.95,16.269694194372,16.269694194372,0.0337331692055155,0.0337331692055155,0,0
0.415,-5.03253734981019e-16,-1.2126596023639e-15,29419.95,29419.95,29419.95,29419.95,16.269694194372,16.269694194372,0.0337331692055155,0.0337331692055155,0,0
0.42,-5.09317032992839e-16,-1.2126596023639e-15,29419.95,29419.95,29419.95,29419.95,16.269694194372,16.269694194372,0.0337331692055155,0.0337331692055155,0,0
0.425,-5.15380331004658e-16,-1.2126596023639e-15,29419.95,29419.95,29419.95,29419.95,16.269694194372,16.269694194372,0.0337331692055155,0.0337331692055155,0,0
0.43,-5.21443629016478e-16,-1.2126596023639e-15,29419.95,29419.95,29419.95,29419.95,16.269694194372,16.269694194372,0.0337331692055155,0.0337331692055155,0,0
0.435,-5.27506927028297e-16,-1.2126596023639e-15,29419.95,29419.95,29419.95,29419.95,16.269694194372,16.269694194372,0.0337331692055155,0.0337331692055155,0,0
0.44,-5.33570225040117e-16,-1.2126596023639e-15,29419.95,29419.95,29419.95,29419.95,16.269694194372,16.269694194372,0.0337331692055155,0.0337331692055155,0,0
0.445,-5.39633523051936e-16,-1.2126596023639e-15,29419.95,29419.95,29419.95,29419.95,16.269694194372,16.269694194372,0.0337331692055155,0.0337331692055155,0,0
0.45,-5.45696821063756e-16,-1.2126596023639e-15,29419.95,29419.95,29419.95,29419.95,16.269694194372,16.269694194372,0.0337331692055155,0.0337331692055155,0,0
0.455,-5.51760119075575e-16,-1.2126596023639e-15,29419.95,29419.95,29419.95,29419.95,16.269694194372,16.269694194372,0.0337331692055155,0.0337331692055155,0,0
0.46,-5.57823417087395e-16,-1.2126596023639e-15,29419.95,29419.95,29419.95,29419.95,16.269694194372,16.269694194372,0.0337331692055155,0.0337331692055155,0,0
0.465,-5.63886715099214e-16,-1.2126596023639e-15,29419.95,29419.95,29419.95,29419.95,16.269694194372,16.269694194372,0.0337331692055155,0.0337331692055155,0,0
0.47,-5.69950013111034e-16,-1.2126596023639e-15,29419.95,29419.95,29419.95,29419.95,16.269694194372,16.269694194372,0.0337331692055155,0.0337331692055155,0,0
0.475,-5.76013311122853e-16,-1.2126596023639e-15,29419.95,29419.95,29419.95,29419.95,16.269694194372,16.269694194372,0.0337331692055155,0.0337331692055155,0,0
0.48,-5.82076609134673e-16,-1.2126596023639e-15,29419.95,29419.95,29419.95,29419.95,16.269694194372,16.269694194372,0.0337331692055155,0.0337331692055155,0,0
0.485,-5.88139907146492e-16,-1.2126596023639e-15,29419.95,29419.95,29419.95,29419.95,16.269694194372,16.269694194372,0.0337331692055155,0.0337331692055155,0,0
0.49,-5.94203205158312e-16,-1.2126596023639e-15,29419.95,29419.95,29419.95,29419.95,16.269694194372,16.269694194372,0.0337331692055155,0.0337331692055155,0,0
0.495,-6.00266503170131e-16,-1.2126596023639e-15,29419.95,29419.95,29419.95,29419.95,16.269694194372,16.269694194372,0.0337331692055155,0.0337331692055155,0,0
0.5,-6.06329801181951e-16,-0.323701418684782,30391.0542560543,30391.0542560543,30391.0542560543,30391.0542560543,16.269694194372,16.269694194372,0.0348132785864966,0.0348132785864966,0,0
0.505,-0.00156000315720318,-0.30117272637209,30323.4681791163,30323.4681791163,30323.4681791163,30323.4681791163,16.3073396636494,16.3073396636494,0.0347451632175762,0.0347451632175762,0,0
0.51,-0.00301950490108079,-0.283318997155933,30269.9069914678,30269.9069914678,30269.9069914678,30269.9069914678,16.3369500473176,16.3369500473176,0.034691182572127,0.034691182572127,0,0
0.515,-0.00439934849588796,-0.269165177438135,30227.4455323144,30227.4455323144,30227.4455323144,30227.4455323144,16.3602013354853,16.3602013354853,0.0346483885813206,0.0346483885813206,0,0
0.52,-0.00571602558379838,-0.257938032383314,30193.7640971499,30193.7640971499,30193.7640971499,30193.7640971499,16.378422655537,16.378422655537,0.0346144433741724,0.0346144433741724,0,0
0.525,-0.00698257855904715,-0.249024960797912,30167.0248823937,30167.0248823937,30167.0248823937,30167.0248823937,16.3926670420117,16.3926670420117,0.0345874947545709,0.0345874947545709,0,0
0.53,-0.00820931812703214,-0.241940993112388,30145.7729793372,30145.7729793372,30145.7729793372,30145.7729793372,16.4037681506813,16.4037681506813,0.0345660764198703,0.0345660764198703,0,0
0.535,-0.00940439306570598,-0.23630242962998,30128.8572888899,30128.8572888899,30128.8572888899,30128.8572888899,16.4123855647284,16.4123855647284,0.0345490282562905,0.0345490282562905,0,0
0.54,-0.0105742421817396,-0.231805831274767,30115.3674938243,30115.3674938243,30115.3674938243,30115.3674938243,16.4190409040617,16.4190409040617,0.0345354328175672,0.0345354328175672,0,0
0.545,-0.0117239520954004,-0.228211326995878,30104.5839809876,30104.5839809876,30104.5839809876,30104.5839809876,16.4241465167591,16.4241465167591,0.0345245648549867,0.0345245648549867,0,0
0.55,-0.0128575407982679,-0.225329346005082,30095.9380380152,30095.9380380152,30095.9380380152,30095.9380380152,16.4280282846834,16.4280282846834,0.0345158512023838,0.0345158512023838,0,0
0.555,-0.0139781817210294,-0.223010109990429,30088.9803299713,30088.9803299713,30088.9803299713,30088.9803299713,16.4309436855504,16.4309436855504,0.0345088390059119,0.0345088390059119,0,0
0.56,-0.0150883812210517,-0.221135294835178,30083.3558845055,30083.3558845055,30083.3558845055,30083.3558845055,16.4330961261037,16.4330961261037,0.0345031705132988,0.0345031705132988,0,0
0.565,-0.0161901185495891,-0.219611445929382,30078.7843377881,30078.7843377881,30078.7843377881,30078.7843377881,16.4346462611272,16.4346462611272,0.0344985631650801,0.0344985631650801,0,0
0.57,-0.017284956754927,-0.21836475499717,30075.0442649915,30075.0442649915,30075.0442649915,30075.0442649915,16.4357209721482,16.4357209721482,0.034494793802367,0.034494793802367,0,0
0.575,-0.0183741301924374,-0.217336935112692,30071.9608053381,30071.9608053381,30071.9608053381,30071.9608053381,16.4364204584158,16.4364204584158,0.0344916861949816,0.0344916861949816,0,0
0.58,-0.0194586136333998,-0.216481960889031,30069.3958826671,30069.3958826671,30069.3958826671,30069.3958826671,16.4368238406659,16.4368238406659,0.0344891011854367,0.0344891011854367,0,0
0.585,-0.0205391768779272,-0.215763491048416,30067.2404731452,30067.2404731452,30067.2404731452,30067.2404731452,16.4369935918711,16.4369935918711,0.0344869288960924,0.0344869288960924,0,0
0.59,-0.0216164278893652,-0.215152831859864,30065.4084955796,30065.4084955796,30065.4084955796,30065.4084955796,16.4369790382258,16.4369790382258,0.0344850825716216,0.0344850825716216,0,0
0.595,-0.0226908468550727,-0.214627328451323,30063.831985354,30063.831985354,30063.831985354,30063.831985354,16.436819124599,16.436819124599,0.0344834937151516,0.0344834937151516,0,0
0.6,-0.0237628130780314,-0.214169094392878,30062.4572831786,30062.4572831786,30062.4572831786,30062.4572831786,16.4365445984803,16.4365445984803,0.0344821082471666,0.0344821082471666,0,0
0.605,-0.0248326262120091,-0.213764008299227,30061.2420248977,30061.2420248977,30061.2420248977,30061.2420248977,16.4361797349039,16.4361797349039,0.034480883471741,0.034480883471741,0,0
0.61,-0.0259005230279868,-0.213400921462047,30060.1527643861,30060.1527643861,30060.1527643861,30060.1527643861,16.4357436985967,16.4357436985967,0.0344797856808209,0.0344797856808209,0,0
0.615,-0.0269666906518197,-0.213071032171767,30059.1630965153,30059.1630965153,30059.1630965153,30059.1630965153,16.4352516195749,16.4352516195749,0.0344787882624888,0.0344787882624888,0,0
0.62,-0.0280312770155652,-0.212767391688047,30058.2521750641,30058.2521750641,30058.2521750641,30058.2521750641,16.4347154424259,16.4347154424259,0.0344778702072692,0.0344778702072692,0,0
0.625,-0.0290943991087955,-0.21248451417508,30057.4035425252,30057.4035425252,30057.4035425252,30057.4035425252,16.4341445968654,16.4341445968654,0.0344770149287698,0.0344770149287698,0,0
0.63,-0.0301561494928992,-0.21221806873314,30056.6042061994,30056.6042061994,30056.6042061994,30056.6042061994,16.4335465271639,16.4335465271639,0.0344762093325406,0.0344762093325406,0,0
0.635,-0.0312166014439759,-0.211964636253861,30055.8439087616,30055.8439087616,30055.8439087616,30055.8439087616,16.4329271101358,16.4329271101358,0.0344754430809277,0.0344754430809277,0,0
0.64,-0.0322758130129992,-0.211721517458423,30055.1145523753,30055.1145523753,30055.1145523753,30055.1145523753,16.4322909851402,16.4322909851402,0.0344747080126773,0.0344747080126773,0,0
0.645,-0.0333338302311735,-0.211486581346694,30054.4097440401,30054.4097440401,30054.4097440401,30054.4097440401,16.4316418146107,16.4316418146107,0.034473997684723,0.034473997684723,0,0
0.65,-0.0343906896404386,-0.211258145551625,30053.7244366549,30053.7244366549,30053.7244366549,30053.7244366549,16.4309824897383,16.4309824897383,0.0344733070104379,0.0344733070104379,0,0
0.655,-0.035446420291199,-0.211034881882822,30053.0546456485,30053.0546456485,30053.0546456485,30053.0546456485,16.4303152928512,16.4303152928512,0.0344726319740463,0.0344726319740463,0,0
0.66,-0.0365010453194427,-0.210815741756708,30052.3972252701,30052.3972252701,30052.3972252701,30052.3972252701,16.4296420256068,16.4296420256068,0.0344719694051618,0.0344719694051618,0,0
0.665,-0.0375545831918075,-0.210599897326686,30051.7496919801,30051.7496919801,30051.7496919801,30051.7496919801,16.4289641101955,16.4289641101955,0.034471316800795,0.034471316800795,0,0
0.67,-0.0386070486885033,-0.21038669500794,30051.1100850238,30051.1100850238,30051.1100850238,30051.1100850238,16.4282826692356,16.4282826692356,0.0344706721848362,0.0344706721848362,0,0
0.675,-0.0396584536792853,-0.210175618787413,30050.4768563622,30050.4768563622,30050.4768563622,30050.4768563622,16.4275985888472,16.4275985888472,0.0344700339971229,0.0344700339971229,0,0
0.68,-0.0407088077360493,-0.209966261258694,30049.8487837761,30049.8487837761,30049.8487837761,30049.8487837761,16.4269125684458,16.4269125684458,0.0344694010058641,0.0344694010058641,0,0
0.685,-0.0417581186164474,-0.209758300755483,30049.2249022664,30049.2249022664,30049.2249022664,30049.2249022664,16.4262251600524,16.4262251600524,0.0344687722385038,0.0344687722385038,0,0
0.69,-0.0428063926456823,-0.209551483299501,30048.6044498985,30048.6044498985,30048.6044498985,30048.6044498985,16.4255367993265,16.4255367993265,0.03446814692714,0.03446814692714,0,0
0.695,-0.0438536350179166,-0.209345608349257,30047.9868250478,30047.9868250478,30047.9868250478,30047.9868250478,16.4248478300655,16.4248478300655,0.0344675244654369,0.0344675244654369,0,0
0.7,-0.0448998500342222,-0.209140517549332,30047.371552648,30047.371552648,30047.371552648,30047.371552648,16.4241585235457,16.4241585235457,0.0344669043746076,0.0344669043746076,0,0
0.705,-0.0459450412904322,-0.208936085848498,30046.7582575455,30046.7582575455,30046.7582575455,30046.7582575455,16.4234690937914,16.4234690937914,0.0344662862765605,0.0344662862765605,0,0
0.71,-0.0469892118254421,-0.20873221448785,30046.1466434635,30046.1466434635,30046.1466434635,30046.1466434635,16.4227797096283,16.4227797096283,0.0344656698726987,0.0344656698726987,0,0
0.715,-0.0480323642382875,-0.208528825465262,30045.5364763958,30045.5364763958,30045.5364763958,30045.5364763958,16.4220905042004,16.4220905042004,0.0344650549271832,0.0344650549271832,0,0
0.72,-0.049074500780573,-0.208325857165327,30044.927571496,30044.927571496,30044.927571496,30044.927571496,16.421401582482,16.421401582482,0.0344644412537202,0.0344644412537202,0,0
0.725,-0.0501156234294408,-0.20812326090936,30044.3197827281,30044.3197827281,30044.3197827281,30044.3197827281,16.4207130272089,16.4207130272089,0.0344638287051299,0.0344638287051299,0,0
0.73,-0.051155733945178,-0.207920998231787,30043.7129946954,30043.7129946954,30043.7129946954,30043.7129946954,16.4200249035604,16.4200249035604,0.0344632171651119,0.0344632171651119,0,0
0.735,-0.0521948339166944,-0.20771903872996,30043.1071161899,30043.1071161899,30043.1071161899,30043.1071161899,16.4193372628557,16.4193372628557,0.034462606541744,0.034462606541744,0,0
0.74,-0.0532329247974266,-0.207517358366663,30042.5020751,30042.5020751,30042.5020751,30042.5020751,16.418650145472,16.418650145472,0.0344619967623499,0.0344619967623499,0,0
0.745,-0.054270007933683,-0.20731593813002,30041.8978143901,30041.8978143901,30041.8978143901,30041.8978143901,16.4179635831483,16.4179635831483,0.0344613877694471,0.0344613877694471,0,0
0.75,-0.0553060845870214,-0.207114762975524,30041.2942889266,30041.2942889266,30041.2942889266,30041.2942889266,16.4172776008042,16.4172776008042,0.0344607795175488,0.0344607795175488,0,0
0.755,-0.0563411559519159,-0.206913820990815,30040.6914629724,30040.6914629724,30040.6914629724,30040.6914629724,16.4165922179758,16.4165922179758,0.0344601719706379,0.0344601719706379,0,0
0.76,-0.0573752231697039,-0.206713102736319,30040.089308209,30040.089308209,30040.089308209,30040.089308209,16.4159074499487,16.4159074499487,0.034459565100174,0.034459565100174,0,0
0.765,-0.0584082873395976,-0.206512600724658,30039.487802174,30039.487802174,30039.487802174,30039.487802174,16.4152233086538,16.4152233086538,0.0344589588835191,0.0344589588835191,0,0
0.77,-0.059440349527377,-0.206312309009722,30038.8869270292,30038.8869270292,30038.8869270292,30038.8869270292,16.4145398033729,16.4145398033729,0.0344583533026951,0.0344583533026951,0,0
0.775,-0.0604714107722535,-0.206112222862187,30038.2866685866,30038.2866685866,30038.2866685866,30038.2866685866,16.413856941297,16.413856941297,0.0344577483434029,0.0344577483434029,0,0
0.78,-0.0615014720922878,-0.20591233851341,30037.6870155402,30037.6870155402,30037.6870155402,30037.6870155402,16.4131747279665,16.4131747279665,0.0344571439942481,0.0344571439942481,0,0
0.785,-0.0625305344886685,-0.205712652953195,30037.0879588596,30037.0879588596,30037.0879588596,30037.0879588596,16.4124931676185,16.4124931676185,0.0344565402461293,0.0344565402461293,0,0
0.79,-0.0635585989490888,-0.205513163770152,30036.4894913105,30036.4894913105,30036.4894913105,30036.4894913105,16.4118122634618,16.4118122634618,0.0344559370917558,0.0344559370917558,0,0
0.795,-0.0645856664504136,-0.205313869025671,30035.891607077,30035.891607077,30035.891607077,30035.891607077,16.4111320178933,16.4111320178933,0.0344553345252661,0.0344553345252661,0,0
0.8,-0.0656117379607846,-0.205114767154408,30035.2943014632,30035.2943014632,30035.2943014632,30035.2943014632,16.4104524326688,16.4104524326688,0.0344547325419275,0.0344547325419275,0,0
0.805,-0.0666368144412825,-0.204915856885749,30034.6975706572,30034.6975706572,30034.6975706572,30034.6975706572,16.4097735090385,16.4097735090385,0.0344541311378982,0.0344541311378982,0,0
0.81,-0.0676608968472398,-0.204717137181777,30034.1014115453,30034.1014115453,30034.1014115453,30034.1014115453,16.4090952478532,16.4090952478532,0.0344535303100401,0.0344535303100401,0,0
0.815,-0.0686839861292766,-0.204518607188313,30033.5058215649,30033.5058215649,30033.5058215649,30033.5058215649,16.4084176496489,16.4084176496489,0.0344529300557706,0.0344529300557706,0,0
0.82,-0.0697060832341192,-0.204320266196276,30032.9107985888,30032.9107985888,30032.9107985888,30032.9107985888,16.4077407147127,16.4077407147127,0.0344523303729458,0.0344523303729458,0,0
0.825,-0.0707271891052461,-0.204122113611151,30032.3163408335,30032.3163408335,30032.3163408335,30032.3163408335,16.4070644431359,16.4070644431359,0.0344517312597682,0.0344517312597682,0,0
0.83,-0.0717473046833984,-0.203924148928904,30031.7224467867,30031.7224467867,30031.7224467867,30031.7224467867,16.4063888348547,16.4063888348547,0.0344511327147139,0.0344511327147139,0,0
0.835,-0.0727664309069827,-0.203726371716961,30031.1291151509,30031.1291151509,30031.1291151509,30031.1291151509,16.4057138896836,16.4057138896836,0.0344505347364749,0.0344505347364749,0,0
0.84,-0.0737845687123894,-0.203528781599193,30030.5363447976,30030.5363447976,30030.5363447976,30030.5363447976,16.4050396073407,16.4050396073407,0.0344499373239141,0.0344499373239141,0,0
0.845,-0.074801719034244,-0.203331378244056,30029.9441347322,30029.9441347322,30029.9441347322,30029.9441347322,16.4043659874684,16.4043659874684,0.0344493404760289,0.0344493404760289,0,0
0.85,-0.0758178828056058,-0.203134161355232,30029.3524840657,30029.3524840657,30029.3524840657,30029.3524840657,16.4036930296493,16.4036930296493,0.0344487441919236,0.0344487441919236,0,0
0.855,-0.076833060958125,-0.202937130664245,30028.7613919927,30028.7613919927,30028.7613919927,30028.7613919927,16.403020733419,16.403020733419,0.0344481484707864,0.0344481484707864,0,0
0.86,-0.0778472544221665,-0.202740285924622,30028.1708577739,30028.1708577739,30028.1708577739,30028.1708577739,16.4023490982759,16.4023490982759,0.034447553311872,0.034447553311872,0,0
0.865,-0.0788604641269079,-0.202543626907292,30027.5808807219,30027.5808807219,30027.5808807219,30027.5808807219,16.4016781236897,16.4016781236897,0.0344469587144879,0.0344469587144879,0,0
0.87,-0.0798726910004174,-0.202347153396945,30026.9914601908,30026.9914601908,30026.9914601908,30026.9914601908,16.4010078091068,16.4010078091068,0.034446364677983,0.034446364677983,0,0
0.875,-0.0808839359697147,-0.202150865189158,30026.4025955675,30026.4025955675,30026.4025955675,30026.4025955675,16.4003381539561,16.4003381539561,0.0344457712017394,0.0344457712017394,0,0
0.88,-0.0818941999608201,-0.201954762088139,30025.8142862644,30025.8142862644,30025.8142862644,30025.8142862644,16.3996691576522,16.3996691576522,0.0344451782851649,0.0344451782851649,0,0
0.885,-0.0829034838987924,-0.20175884390493,30025.2265317148,30025.2265317148,30025.2265317148,30025.2265317148,16.3990008195989,16.3990008195989,0.0344445859276884,0.0344445859276884,0,0
0.89,-0.0839117887077599,-0.201563110456,30024.639331368,30024.639331368,30024.639331368,30024.639331368,16.3983331391915,16.3983331391915,0.0344439941287549,0.0344439941287549,0,0
0.895,-0.0849191153109443,-0.201367561562118,30024.0526846864,30024.0526846864,30024.0526846864,30024.0526846864,16.3976661158186,16.3976661158186,0.0344434028878225,0.0344434028878225,0,0
0.9,-0.08592546463068,-0.201172197047485,30023.4665911425,30023.4665911425,30023.4665911425,30023.4665911425,16.3969997488639,16.3969997488639,0.0344428122043597,0.0344428122043597,0,0
0.905,-0.0869308375884296,-0.200977016739038,30022.8810502171,30022.8810502171,30022.8810502171,30022.8810502171,16.396334037707,16.396334037707,0.0344422220778432,0.0344422220778432,0,0
0.91,-0.087935235104796,-0.200782020465884,30022.2960613977,30022.2960613977,30022.2960613977,30022.2960613977,16.3956689817248,16.3956689817248,0.0344416325077563,0.0344416325077563,0,0
0.915,-0.0889386580995322,-0.200587208058894,30021.7116241767,30021.7116241767,30021.7116241767,30021.7116241767,16.3950045802918,16.3950045802918,0.0344410434935877,0.0344410434935877,0,0
0.92,-0.0899411074915492,-0.200392579350339,30021.127738051,30021.127738051,30021.127738051,30021.127738051,16.394340832781,16.394340832781,0.0344404550348302,0.0344404550348302,0,0
0.925,-0.0909425841989222,-0.200198134173626,30020.5444025209,30020.5444025209,30020.5444025209,30020.5444025209,16.3936777385643,16.3936777385643,0.0344398671309802,0.0344398671309802,0,0
0.93,-0.0919430891388959,-0.200003872363086,30019.9616170893,30019.9616170893,30019.9616170893,30019.9616170893,16.3930152970127,16.3930152970127,0.0344392797815367,0.0344392797815367,0,0
0.935,-0.0929426232278887,-0.199809793753817,30019.3793812614,30019.3793812614,30019.3793812614,30019.3793812614,16.3923535074967,16.3923535074967,0.0344386929860012,0.0344386929860012,0,0
0.94,-0.0939411873814959,-0.199615898181518,30018.7976945446,30018.7976945446,30018.7976945446,30018.7976945446,16.3916923693867,16.3916923693867,0.0344381067438769,0.0344381067438769,0,0
0.945,-0.0949387825144928,-0.199422185482426,30018.2165564473,30018.2165564473,30018.2165564473,30018.2165564473,16.3910318820529,16.3910318820529,0.0344375210546687,0.0344375210546687,0,0
0.95,-0.0959354095408369,-0.199228655493201,30017.6359664796,30017.6359664796,30017.6359664796,30017.6359664796,16.3903720448656,16.3903720448656,0.0344369359178826,0.0344369359178826,0,0
0.955,-0.0969310693736699,-0.199035308050873,30017.0559241526,30017.0559241526,30017.0559241526,30017.0559241526,16.3897128571953,16.3897128571953,0.0344363513330261,0.0344363513330261,0,0
0.96,-0.0979257629253196,-0.198842142992797,30016.4764289784,30016.4764289784,30016.4764289784,30016.4764289784,16.3890543184126,16.3890543184126,0.0344357672996073,0.0344357672996073,0,0
0.965,-0.0989194911073012,-0.198649160156595,30015.8974804698,30015.8974804698,30015.8974804698,30015.8974804698,16.3883964278887,16.3883964278887,0.0344351838171352,0.0344351838171352,0,0
0.97,-0.0999122548303187,-0.198456359380141,30015.3190781404,30015.3190781404,30015.3190781404,30015.3190781404,16.3877391849949,16.3877391849949,0.0344346008851197,0.0344346008851197,0,0
0.975,-0.100904055004266,-0.198263740501522,30014.7412215046,30014.7412215046,30014.7412215046,30014.7412215046,16.3870825891032,16.3870825891032,0.0344340185030712,0.0344340185030712,0,0
0.98,-0.101894892538228,-0.198071303359025,30014.1639100771,30014.1639100771,30014.1639100771,30014.1639100771,16.3864266395858,16.3864266395858,0.0344334366705009,0.0344334366705009,0,0
0.985,-0.102884768340481,-0.197879047791124,30013.5871433734,30013.5871433734,30013.5871433734,30013.5871433734,16.3857713358157,16.3857713358157,0.0344328553869202,0.0344328553869202,0,0
0.99,-0.103873683318495,-0.197686973636459,30013.0109209094,30013.0109209094,30013.0109209094,30013.0109209094,16.3851166771661,16.3851166771661,0.0344322746518414,0.0344322746518414,0,0
0.995,-0.104861638378932,-0.197495080733831,30012.4352422015,30012.4352422015,30012.4352422015,30012.4352422015,16.3844626630109,16.3844626630109,0.0344316944647771,0.0344316944647771,0,0
1,-0.105848634427651,-0.197303368922196,30011.8601067666,30011.8601067666,30011.8601067666,30011.8601067666,16.3838092927244,16.3838092927244,0.0344311148252404,0.0344311148252404,0,0
1.005,-0.106834672369705,-0.197111838040653,30011.285514122,30011.285514122,30011.285514122,30011.285514122,16.3831565656818,16.3831565656818,0.0344305357327447,0.0344305357327447,0,0
1.01,-0.10781975310934,-0.196920487928442,30010.7114637853,30010.7114637853,30010.7114637853,30010.7114637853,16.3825044812584,16.3825044812584,0.034429957186804,0.034429957186804,0,0
1.015,-0.108803877550004,-0.196729318424944,30010.1379552748,30010.1379552748,30010.1379552748,30010.1379552748,16.3818530388303,16.3818530388303,0.0344293791869327,0.0344293791869327,0,0
1.02,-0.109787046594337,-0.19653832936967,30009.564988109,30009.564988109,30009.564988109,30009.564988109,16.3812022377742,16.3812022377742,0.0344288017326456,0.0344288017326456,0,0
1.025,-0.110769261144181,-0.196347520602272,30008.9925618068,30008.9925618068,30008.9925618068,30008.9925618068,16.3805520774673,16.3805520774673,0.0344282248234578,0.0344282248234578,0,0
1.03,-0.111750522100573,-0.196156891962518,30008.4206758876,30008.4206758876,30008.4206758876,30008.4206758876,16.3799025572874,16.3799025572874,0.0344276484588848,0.0344276484588848,0,0
1.035,-0.112730830363752,-0.195966443290317,30007.8493298709,30007.8493298709,30007.8493298709,30007.8493298709,16.3792536766129,16.3792536766129,0.0344270726384427,0.0344270726384427,0,0
1.04,-0.113710186833156,-0.195776174425696,30007.2785232771,30007.2785232771,30007.2785232771,30007.2785232771,16.3786054348226,16.3786054348226,0.0344264973616478,0.0344264973616478,0,0
1.045,-0.114688592407422,-0.195586085208817,30006.7082556264,30006.7082556264,30006.7082556264,30006.7082556264,16.3779578312962,16.3779578312962,0.0344259226280167,0.0344259226280167,0,0
1.05,-0.115666047984391,-0.195396175479957,30006.1385264399,30006.1385264399,30006.1385264399,30006.1385264399,16.3773108654137,16.3773108654137,0.0344253484370667,0.0344253484370667,0,0
1.055,-0.116642554461102,-0.195206445079528,30005.5693352386,30005.5693352386,30005.5693352386,30005.5693352386,16.3766645365559,16.3766645365559,0.0344247747883151,0.0344247747883151,0,0
1.06,-0.117618112733801,-0.195016893848061,30005.0006815442,30005.0006815442,30005.0006815442,30005.0006815442,16.3760188441039,16.3760188441039,0.0344242016812798,0.0344242016812798,0,0
1.065,-0.118592723697933,-0.194827521626212,30004.4325648786,30004.4325648786,30004.4325648786,30004.4325648786,16.3753737874398,16.3753737874398,0.034423629115479,0.034423629115479,0,0
1.07,-0.119566388248147,-0.194638328254756,30003.8649847643,30003.8649847643,30003.8649847643,30003.8649847643,16.3747293659457,16.3747293659457,0.0344230570904313,0.0344230570904313,0,0
1.075,-0.120539107278299,-0.194449313574602,30003.2979407238,30003.2979407238,30003.2979407238,30003.2979407238,16.3740855790049,16.3740855790049,0.0344224856056557,0.0344224856056557,0,0
1.08,-0.121510881681448,-0.19426047742677,30002.7314322803,30002.7314322803,30002.7314322803,30002.7314322803,16.3734424260009,16.3734424260009,0.0344219146606716,0.0344219146606716,0,0
1.085,-0.122481712349856,-0.194071819652413,30002.1654589572,30002.1654589572,30002.1654589572,30002.1654589572,16.3727999063179,16.3727999063179,0.0344213442549986,0.0344213442549986,0,0
1.09,-0.123451600174996,-0.193883340092799,30001.6000202784,30001.6000202784,30001.6000202784,30001.6000202784,16.3721580193406,16.3721580193406,0.0344207743881569,0.0344207743881569,0,0
1.095,-0.124420546047545,-0.193695038589324,30001.035115768,30001.035115768,30001.035115768,30001.035115768,16.3715167644543,16.3715167644543,0.0344202050596668,0.0344202050596668,0,0
1.1,-0.125388550857386,-0.1935069149835,30000.4707449505,30000.4707449505,30000.4707449505,30000.4707449505,16.370876141045,16.370876141045,0.0344196362690492,0.0344196362690492,0,0
1.105,-0.126355615493612,-0.193318969116971,29999.9069073509,29999.9069073509,29999.9069073509,29999.9069073509,16.3702361484992,16.3702361484992,0.0344190680158254,0.0344190680158254,0,0
1.11,-0.127321740844524,-0.193131200831487,29999.3436024945,29999.3436024945,29999.3436024945,29999.3436024945,16.369596786204,16.369596786204,0.0344185002995168,0.0344185002995168,0,0
1.115,-0.128286927797632,-0.192943609968943,29998.7808299068,29998.7808299068,29998.7808299068,29998.7808299068,16.368958053547,16.368958053547,0.0344179331196454,0.0344179331196454,0,0
1.12,-0.129251177239656,-0.192756196371335,29998.218589114,29998.218589114,29998.218589114,29998.218589114,16.3683199499164,16.3683199499164,0.0344173664757335,0.0344173664757335,0,0
1.125,-0.130214490056524,-0.192568959880791,29997.6568796424,29997.6568796424,29997.6568796424,29997.6568796424,16.3676824747011,16.3676824747011,0.0344168003673038,0.0344168003673038,0,0
1.13,-0.131176867133379,-0.192381900339558,29997.0957010187,29997.0957010187,29997.0957010187,29997.0957010187,16.3670456272904,16.3670456272904,0.0344162347938793,0.0344162347938793,0,0
1.135,-0.132138309354573,-0.192195017590012,29996.53505277,29996.53505277,29996.53505277,29996.53505277,16.3664094070742,16.3664094070742,0.0344156697549834,0.0344156697549834,0,0
1.14,-0.13309881760367,-0.192008311474636,29995.9749344239,29995.9749344239,29995.9749344239,29995.9749344239,16.3657738134433,16.3657738134433,0.0344151052501399,0.0344151052501399,0,0
1.145,-0.134058392763447,-0.191821781836052,29995.4153455082,29995.4153455082,29995.4153455082,29995.4153455082,16.3651388457886,16.3651388457886,0.0344145412788729,0.0344145412788729,0,0
1.15,-0.135017035715896,-0.191635428516987,29994.856285551,29994.856285551,29994.856285551,29994.856285551,16.3645045035018,16.3645045035018,0.034413977840707,0.034413977840707,0,0
1.155,-0.135974747342221,-0.191449251360302,29994.2977540809,29994.2977540809,29994.2977540809,29994.2977540809,16.3638707859752,16.3638707859752,0.034413414935167,0.034413414935167,0,0
1.16,-0.136931528522842,-0.191263250208974,29993.7397506269,29993.7397506269,29993.7397506269,29993.7397506269,16.3632376926017,16.3632376926017,0.0344128525617781,0.0344128525617781,0,0
1.165,-0.137887380137392,-0.191077424906102,29993.1822747183,29993.1822747183,29993.1822747183,29993.1822747183,16.3626052227746,16.3626052227746,0.034412290720066,0.034412290720066,0,0
1.17,-0.138842303064723,-0.190891775294904,29992.6253258847,29992.6253258847,29992.6253258847,29992.6253258847,16.3619733758879,16.3619733758879,0.0344117294095567,0.0344117294095567,0,0
1.175,-0.1397962981829,-0.190706301218728,29992.0689036562,29992.0689036562,29992.0689036562,29992.0689036562,16.3613421513363,16.3613421513363,0.0344111686297765,0.0344111686297765,0,0
1.18,-0.140749366369208,-0.190521002521034,29991.5130075631,29991.5130075631,29991.5130075631,29991.5130075631,16.3607115485148,16.3607115485148,0.0344106083802521,0.0344106083802521,0,0
1.185,-0.141701508500147,-0.190335879045404,29990.9576371362,29990.9576371362,29990.9576371362,29990.9576371362,16.3600815668191,16.3600815668191,0.0344100486605105,0.0344100486605105,0,0
1.19,-0.142652725451438,-0.190150930635547,29990.4027919066,29990.4027919066,29990.4027919066,29990.4027919066,16.3594522056455,16.3594522056455,0.0344094894700793,0.0344094894700793,0,0
1.195,-0.143603018098019,-0.189966157135288,29989.8484714059,29989.8484714059,29989.8484714059,29989.8484714059,16.3588234643908,16.3588234643908,0.0344089308084863,0.0344089308084863,0,0
1.2,-0.144552387314047,-0.189781558388572,29989.2946751657,29989.2946751657,29989.2946751657,29989.2946751657,16.3581953424525,16.3581953424525,0.0344083726752595,0.0344083726752595,0,0
1.205,-0.145500833972901,-0.189597134239472,29988.7414027184,29988.7414027184,29988.7414027184,29988.7414027184,16.3575678392285,16.3575678392285,0.0344078150699277,0.0344078150699277,0,0
1.21,-0.146448358947178,-0.189412884532174,29988.1886535965,29988.1886535965,29988.1886535965,29988.1886535965,16.3569409541174,16.3569409541174,0.0344072579920195,0.0344072579920195,0,0
1.215,-0.1473949631087,-0.18922880911099,29987.636427333,29987.636427333,29987.636427333,29987.636427333,16.3563146865183,16.3563146865183,0.0344067014410645,0.0344067014410645,0,0
1.22,-0.148340647328506,-0.189044907820348,29987.084723461,29987.084723461,29987.084723461,29987.084723461,16.3556890358308,16.3556890358308,0.0344061454165921,0.0344061454165921,0,0
1.225,-0.149285412476862,-0.188861180504802,29986.5335415144,29986.5335415144,29986.5335415144,29986.5335415144,16.3550640014554,16.3550640014554,0.0344055899181324,0.0344055899181324,0,0
1.23,-0.150229259423254,-0.188677627009026,29985.9828810271,29985.9828810271,29985.9828810271,29985.9828810271,16.3544395827927,16.3544395827927,0.0344050349452157,0.0344050349452157,0,0
1.235,-0.151172189036393,-0.188494247177806,29985.4327415334,29985.4327415334,29985.4327415334,29985.4327415334,16.3538157792441,16.3538157792441,0.0344044804973728,0.0344044804973728,0,0
1.24,-0.152114202184215,-0.188311040856062,29984.8831225682,29984.8831225682,29984.8831225682,29984.8831225682,16.3531925902116,16.3531925902116,0.0344039265741348,0.0344039265741348,0,0
1.245,-0.153055299733878,-0.188128007888827,29984.3340236665,29984.3340236665,29984.3340236665,29984.3340236665,16.3525700150978,16.3525700150978,0.0344033731750331,0.0344033731750331,0,0
1.25,-0.153995482551769,-0.187945148121254,29983.7854443638,29983.7854443638,29983.7854443638,29983.7854443638,16.3519480533057,16.3519480533057,0.0344028202995996,0.0344028202995996,0,0
1.255,-0.154934751503499,-0.187762461398613,29983.2373841958,29983.2373841958,29983.2373841958,29983.2373841958,16.3513267042389,16.3513267042389,0.0344022679473664,0.0344022679473664,0,0
1.26,-0.155873107453906,-0.187579947566304,29982.6898426989,29982.6898426989,29982.6898426989,29982.6898426989,16.3507059673017,16.3507059673017,0.0344017161178661,0.0344017161178661,0,0
1.265,-0.156810551267056,-0.187397606469842,29982.1428194095,29982.1428194095,29982.1428194095,29982.1428194095,16.3500858418989,16.3500858418989,0.0344011648106317,0.0344011648106317,0,0
1.27,-0.157747083806241,-0.187215437954865,29981.5963138646,29981.5963138646,29981.5963138646,29981.5963138646,16.3494663274358,16.3494663274358,0.0344006140251963,0.0344006140251963,0,0
1.275,-0.158682705933983,-0.187033441867122,29981.0503256014,29981.0503256014,29981.0503256014,29981.0503256014,16.3488474233182,16.3488474233182,0.0344000637610937,0.0344000637610937,0,0
1.28,-0.159617418512034,-0.186851618052493,29980.5048541575,29980.5048541575,29980.5048541575,29980.5048541575,16.3482291289527,16.3482291289527,0.0343995140178578,0.0343995140178578,0,0
1.285,-0.160551222401373,-0.186669966356974,29979.9598990709,29979.9598990709,29979.9598990709,29979.9598990709,16.3476114437462,16.3476114437462,0.0343989647950231,0.0343989647950231,0,0
1.29,-0.161484118462213,-0.186488486626677,29979.41545988,29979.41545988,29979.41545988,29979.41545988,16.3469943671065,16.3469943671065,0.0343984160921241,0.0343984160921241,0,0
1.295,-0.162416107553993,-0.186307178707836,29978.8715361235,29978.8715361235,29978.8715361235,29978.8715361235,16.3463778984415,16.3463778984415,0.0343978679086962,0.0343978679086962,0,0
1.3,-0.163347190535388,-0.186126042446813,29978.3281273404,29978.3281273404,29978.3281273404,29978.3281273404,16.3457620371601,16.3457620371601,0.0343973202442746,0.0343973202442746,0,0
1.305,-0.164277368264302,-0.185945077690078,29977.7852330702,29977.7852330702,29977.7852330702,29977.7852330702,16.3451467826714,16.3451467826714,0.0343967730983952,0.0343967730983952,0,0
1.31,-0.165206641597873,-0.185764284284228,29977.2428528527,29977.2428528527,29977.2428528527,29977.2428528527,16.3445321343854,16.3445321343854,0.0343962264705942,0.0343962264705942,0,0
1.315,-0.166135011392473,-0.185583662075978,29976.7009862279,29976.7009862279,29976.7009862279,29976.7009862279,16.3439180917123,16.3439180917123,0.0343956803604082,0.0343956803604082,0,0
1.32,-0.167062478503707,-0.185403210912156,29976.1596327365,29976.1596327365,29976.1596327365,29976.1596327365,16.3433046540632,16.3433046540632,0.0343951347673739,0.0343951347673739,0,0
1.325,-0.167989043786414,-0.185222930639725,29975.6187919192,29975.6187919192,29975.6187919192,29975.6187919192,16.3426918208495,16.3426918208495,0.0343945896910289,0.0343945896910289,0,0
1.33,-0.168914708094669,-0.185042821105751,29975.0784633173,29975.0784633173,29975.0784633173,29975.0784633173,16.3420795914833,16.3420795914833,0.0343940451309105,0.0343940451309105,0,0
1.335,-0.169839472281781,-0.184862882157428,29974.5386464723,29974.5386464723,29974.5386464723,29974.5386464723,16.3414679653771,16.3414679653771,0.0343935010865568,0.0343935010865568,0,0
1.34,-0.170763337200298,-0.18468311364207,29973.9993409262,29973.9993409262,29973.9993409262,29973.9993409262,16.3408569419443,16.3408569419443,0.0343929575575062,0.0343929575575062,0,0
1.345,-0.171686303702003,-0.184503515407105,29973.4605462213,29973.4605462213,29973.4605462213,29973.4605462213,16.3402465205985,16.3402465205985,0.0343924145432974,0.0343924145432974,0,0
1.35,-0.172608372637916,-0.184324087300084,29972.9222619003,29972.9222619003,29972.9222619003,29972.9222619003,16.3396367007539,16.3396367007539,0.0343918720434694,0.0343918720434694,0,0
1.355,-0.173529544858297,-0.184144829168682,29972.384487506,29972.384487506,29972.384487506,29972.384487506,16.3390274818254,16.3390274818254,0.0343913300575617,0.0343913300575617,0,0
1.36,-0.174449821212642,-0.183965740860681,29971.847222582,29971.847222582,29971.847222582,29971.847222582,16.3384188632285,16.3384188632285,0.034390788585114,0.034390788585114,0,0
1.365,-0.175369202549689,-0.183786822223991,29971.310466672,29971.310466672,29971.310466672,29971.310466672,16.3378108443789,16.3378108443789,0.0343902476256666,0.0343902476256666,0,0
1.37,-0.176287689717415,-0.183608073106641,29970.7742193199,29970.7742193199,29970.7742193199,29970.7742193199,16.3372034246933,16.3372034246933,0.0343897071787599,0.0343897071787599,0,0
1.375,-0.177205283563035,-0.183429493356773,29970.2384800703,29970.2384800703,29970.2384800703,29970.2384800703,16.3365966035887,16.3365966035887,0.0343891672439348,0.0343891672439348,0,0
1.38,-0.178121984933009,-0.183251082822655,29969.703248468,29969.703248468,29969.703248468,29969.703248468,16.3359903804826,16.3359903804826,0.0343886278207325,0.0343886278207325,0,0
1.385,-0.179037794673035,-0.183072841352666,29969.168524058,29969.168524058,29969.168524058,29969.168524058,16.3353847547933,16.3353847547933,0.0343880889086946,0.0343880889086946,0,0
1.39,-0.179952713628057,-0.182894768795314,29968.6343063859,29968.6343063859,29968.6343063859,29968.6343063859,16.3347797259394,16.3347797259394,0.0343875505073631,0.0343875505073631,0,0
1.395,-0.180866742642257,-0.182716864999218,29968.1005949976,29968.1005949976,29968.1005949976,29968.1005949976,16.3341752933401,16.3341752933401,0.0343870126162802,0.0343870126162802,0,0
1.4,-0.181779882559066,-0.182539129813118,29967.5673894394,29967.5673894394,29967.5673894394,29967.5673894394,16.3335714564154,16.3335714564154,0.0343864752349887,0.0343864752349887,0,0
1.405,-0.182692134221154,-0.182361563085871,29967.0346892576,29967.0346892576,29967.0346892576,29967.0346892576,16.3329682145854,16.3329682145854,0.0343859383630315,0.0343859383630315,0,0
1.41,-0.183603498470438,-0.182184164666457,29966.5024939994,29966.5024939994,29966.5024939994,29966.5024939994,16.3323655672712,16.3323655672712,0.0343854019999521,0.0343854019999521,0,0
1.415,-0.18451397614808,-0.182006934403966,29965.9708032119,29965.9708032119,29965.9708032119,29965.9708032119,16.3317635138942,16.3317635138942,0.0343848661452941,0.0343848661452941,0,0
1.42,-0.185423568094488,-0.181829872147613,29965.4396164428,29965.4396164428,29965.4396164428,29965.4396164428,16.3311620538764,16.3311620538764,0.0343843307986018,0.0343843307986018,0,0
1.425,-0.186332275149315,-0.181652977746739,29964.9089332402,29964.9089332402,29964.9089332402,29964.9089332402,16.3305611866403,16.3305611866403,0.0343837959594194,0.0343837959594194,0,0
1.43,-0.187240098151463,-0.181476251050781,29964.3787531523,29964.3787531523,29964.3787531523,29964.3787531523,16.329960911609,16.329960911609,0.0343832616272919,0.0343832616272919,0,0
1.435,-0.188147037939081,-0.181299691909318,29963.849075728,29963.849075728,29963.849075728,29963.849075728,16.3293612282061,16.3293612282061,0.0343827278017645,0.0343827278017645,0,0
1.44,-0.189053095349564,-0.181123300172034,29963.3199005161,29963.3199005161,29963.3199005161,29963.3199005161,16.3287621358559,16.3287621358559,0.0343821944823825,0.0343821944823825,0,0
1.445,-0.189958271219558,-0.180947075688733,29962.7912270662,29962.7912270662,29962.7912270662,29962.7912270662,16.3281636339831,16.3281636339831,0.0343816616686921,0.0343816616686921,0,0
1.45,-0.190862566384958,-0.180771018309339,29962.263054928,29962.263054928,29962.263054928,29962.263054928,16.3275657220129,16.3275657220129,0.0343811293602393,0.0343811293602393,0,0
1.455,-0.191765981680908,-0.180595127883894,29961.7353836517,29961.7353836517,29961.7353836517,29961.7353836517,16.3269683993712,16.3269683993712,0.0343805975565707,0.0343805975565707,0,0
1.46,-0.192668517941804,-0.180419404262554,29961.2082127877,29961.2082127877,29961.2082127877,29961.2082127877,16.3263716654843,16.3263716654843,0.0343800662572335,0.0343800662572335,0,0
1.465,-0.193570176001291,-0.180243847295601,29960.6815418868,29960.6815418868,29960.6815418868,29960.6815418868,16.3257755197792,16.3257755197792,0.0343795354617747,0.0343795354617747,0,0
1.47,-0.194470956692268,-0.180068456833425,29960.1553705003,29960.1553705003,29960.1553705003,29960.1553705003,16.3251799616832,16.3251799616832,0.0343790051697422,0.0343790051697422,0,0
1.475,-0.195370860846884,-0.179893232726539,29959.6296981796,29959.6296981796,29959.6296981796,29959.6296981796,16.3245849906244,16.3245849906244,0.034378475380684,0.034378475380684,0,0
1.48,-0.196269889296544,-0.179718174825576,29959.1045244767,29959.1045244767,29959.1045244767,29959.1045244767,16.3239906060314,16.3239906060314,0.0343779460941483,0.0343779460941483,0,0
1.485,-0.197168042871902,-0.179543282981285,29958.5798489439,29958.5798489439,29958.5798489439,29958.5798489439,16.3233968073332,16.3233968073332,0.0343774173096841,0.0343774173096841,0,0
1.49,-0.198065322402869,-0.179368557044528,29958.0556711336,29958.0556711336,29958.0556711336,29958.0556711336,16.3228035939593,16.3228035939593,0.0343768890268403,0.0343768890268403,0,0
1.495,-0.198961728718611,-0.179193996866291,29957.5319905989,29957.5319905989,29957.5319905989,29957.5319905989,16.3222109653401,16.3222109653401,0.0343763612451664,0.0343763612451664,0,0
1.5,-0.199857262647548,-0.179019602297673,29957.008806893,29957.008806893,29957.008806893,29957.008806893,16.3216189209062,16.3216189209062,0.0343758339642122,0.0343758339642122,0,0
1.505,-0.200751925017356,-0.178845373189893,29956.4861195697,29956.4861195697,29956.4861195697,29956.4861195697,16.3210274600887,16.3210274600887,0.0343753071835279,0.0343753071835279,0,0
1.51,-0.201645716654968,-0.178671309394284,29955.9639281828,29955.9639281828,29955.9639281828,29955.9639281828,16.3204365823196,16.3204365823196,0.0343747809026639,0.0343747809026639,0,0
1.515,-0.202538638386572,-0.178497410762304,29955.4422322869,29955.4422322869,29955.4422322869,29955.4422322869,16.3198462870311,16.3198462870311,0.0343742551211713,0.0343742551211713,0,0
1.52,-0.203430691037616,-0.178323677145517,29954.9210314365,29954.9210314365,29954.9210314365,29954.9210314365,16.3192565736561,16.3192565736561,0.0343737298386011,0.0343737298386011,0,0
1.525,-0.204321875432805,-0.178150108395616,29954.4003251868,29954.4003251868,29954.4003251868,29954.4003251868,16.318667441628,16.318667441628,0.0343732050545049,0.0343732050545049,0,0
1.53,-0.205212192396104,-0.1779767043644,29953.8801130932,29953.8801130932,29953.8801130932,29953.8801130932,16.3180788903807,16.3180788903807,0.0343726807684348,0.0343726807684348,0,0
1.535,-0.206101642750734,-0.177803464903792,29953.3603947114,29953.3603947114,29953.3603947114,29953.3603947114,16.3174909193486,16.3174909193486,0.0343721569799429,0.0343721569799429,0,0
1.54,-0.20699022731918,-0.177630389865835,29952.8411695975,29952.8411695975,29952.8411695975,29952.8411695975,16.3169035279669,16.3169035279669,0.0343716336885819,0.0343716336885819,0,0
1.545,-0.207877946923184,-0.177457479102676,29952.322437308,29952.322437308,29952.322437308,29952.322437308,16.316316715671,16.316316715671,0.0343711108939048,0.0343711108939048,0,0
1.55,-0.208764802383752,-0.17728473246659,29951.8041973998,29951.8041973998,29951.8041973998,29951.8041973998,16.315730481897,16.315730481897,0.0343705885954649,0.0343705885954649,0,0
1.555,-0.209650794521149,-0.177112149809969,29951.2864494299,29951.2864494299,29951.2864494299,29951.2864494299,16.3151448260815,16.3151448260815,0.034370066792816,0.034370066792816,0,0
1.56,-0.210535924154905,-0.176939730985317,29950.7691929559,29950.7691929559,29950.7691929559,29950.7691929559,16.3145597476617,16.3145597476617,0.0343695454855121,0.0343695454855121,0,0
1.565,-0.21142019210381,-0.176767475845255,29950.2524275358,29950.2524275358,29950.2524275358,29950.2524275358,16.3139752460752,16.3139752460752,0.0343690246731076,0.0343690246731076,0,0
1.57,-0.21230359918592,-0.176595384242525,29949.7361527276,29949.7361527276,29949.7361527276,29949.7361527276,16.3133913207604,16.3133913207604,0.0343685043551573,0.0343685043551573,0,0
1.575,-0.213186146218553,-0.176423456029977,29949.2203680899,29949.2203680899,29949.2203680899,29949.2203680899,16.3128079711558,16.3128079711558,0.0343679845312162,0.0343679845312162,0,0
1.58,-0.214067834018292,-0.176251691060591,29948.7050731818,29948.7050731818,29948.7050731818,29948.7050731818,16.3122251967008,16.3122251967008,0.0343674652008399,0.0343674652008399,0,0
1.585,-0.214948663400986,-0.176080089187451,29948.1902675623,29948.1902675623,29948.1902675623,29948.1902675623,16.3116429968353,16.3116429968353,0.0343669463635841,0.0343669463635841,0,0
1.59,-0.215828635181749,-0.175908650263762,29947.6759507913,29947.6759507913,29947.6759507913,29947.6759507913,16.3110613709995,16.3110613709995,0.034366428019005,0.034366428019005,0,0
1.595,-0.216707750174961,-0.175737374142842,29947.1621224285,29947.1621224285,29947.1621224285,29947.1621224285,16.3104803186343,16.3104803186343,0.0343659101666591,0.0343659101666591,0,0
1.6,-0.217586009194271,-0.175566260678136,29946.6487820344,29946.6487820344,29946.6487820344,29946.6487820344,16.3098998391812,16.3098998391812,0.0343653928061033,0.0343653928061033,0,0
1.605,-0.218463413052593,-0.175395309723192,29946.1359291696,29946.1359291696,29946.1359291696,29946.1359291696,16.3093199320821,16.3093199320821,0.0343648759368948,0.0343648759368948,0,0
1.61,-0.219339962562109,-0.175224521131684,29945.623563395,29945.623563395,29945.623563395,29945.623563395,16.3087405967794,16.3087405967794,0.0343643595585913,0.0343643595585913,0,0
1.615,-0.220215658534272,-0.175053894757395,29945.1116842722,29945.1116842722,29945.1116842722,29945.1116842722,16.3081618327161,16.3081618327161,0.0343638436707505,0.0343638436707505,0,0
1.62,-0.221090501779802,-0.174883430454229,29944.6002913627,29944.6002913627,29944.6002913627,29944.6002913627,16.3075836393358,16.3075836393358,0.0343633282729309,0.0343633282729309,0,0
1.625,-0.221964493108689,-0.174713128076204,29944.0893842286,29944.0893842286,29944.0893842286,29944.0893842286,16.3070060160826,16.3070060160826,0.0343628133646909,0.0343628133646909,0,0
1.63,-0.222837633330196,-0.174542987477449,29943.5789624323,29943.5789624323,29943.5789624323,29943.5789624323,16.3064289624009,16.3064289624009,0.0343622989455896,0.0343622989455896,0,0
1.635,-0.223709923252853,-0.17437300851222,29943.0690255367,29943.0690255367,29943.0690255367,29943.0690255367,16.305852477736,16.305852477736,0.0343617850151864,0.0343617850151864,0,0
1.64,-0.224581363684465,-0.174203191034881,29942.5595731046,29942.5595731046,29942.5595731046,29942.5595731046,16.3052765615334,16.3052765615334,0.0343612715730408,0.0343612715730408,0,0
1.645,-0.225451955432106,-0.174033534899912,29942.0506046997,29942.0506046997,29942.0506046997,29942.0506046997,16.3047012132394,16.3047012132394,0.0343607586187129,0.0343607586187129,0,0
1.65,-0.226321699302126,-0.173864039961911,29941.5421198857,29941.5421198857,29941.5421198857,29941.5421198857,16.3041264323005,16.3041264323005,0.0343602461517631,0.0343602461517631,0,0
1.655,-0.227190596100145,-0.173694706075591,29941.0341182268,29941.0341182268,29941.0341182268,29941.0341182268,16.303552218164,16.303552218164,0.0343597341717522,0.0343597341717522,0,0
1.66,-0.228058646631059,-0.173525533095776,29940.5265992873,29940.5265992873,29940.5265992873,29940.5265992873,16.3029785702778,16.3029785702778,0.0343592226782411,0.0343592226782411,0,0
1.665,-0.228925851699039,-0.173356520877416,29940.0195626322,29940.0195626322,29940.0195626322,29940.0195626322,16.3024054880899,16.3024054880899,0.0343587116707913,0.0343587116707913,0,0
1.67,-0.229792212107528,-0.173187669275565,29939.5130078267,29939.5130078267,29939.5130078267,29939.5130078267,16.3018329710492,16.3018329710492,0.0343582011489646,0.0343582011489646,0,0
1.675,-0.230657728659247,-0.173018978145402,29939.0069344362,29939.0069344362,29939.0069344362,29939.0069344362,16.3012610186051,16.3012610186051,0.0343576911123231,0.0343576911123231,0,0
1.68,-0.231522402156194,-0.172850447342208,29938.5013420266,29938.5013420266,29938.5013420266,29938.5013420266,16.3006896302073,16.3006896302073,0.0343571815604292,0.0343571815604292,0,0
1.685,-0.23238623339964,-0.172682076721399,29937.9962301642,29937.9962301642,29937.9962301642,29937.9962301642,16.3001188053062,16.3001188053062,0.0343566724928459,0.0343566724928459,0,0
1.69,-0.233249223190138,-0.172513866138486,29937.4915984155,29937.4915984155,29937.4915984155,29937.4915984155,16.2995485433527,16.2995485433527,0.0343561639091361,0.0343561639091361,0,0
1.695,-0.234111372327515,-0.172345815449109,29936.9874463473,29936.9874463473,29936.9874463473,29936.9874463473,16.2989788437983,16.2989788437983,0.0343556558088636,0.0343556558088636,0,0
1.7,-0.234972681610878,-0.172177924509017,29936.483773527,29936.483773527,29936.483773527,29936.483773527,16.2984097060947,16.2984097060947,0.0343551481915921,0.0343551481915921,0,0
1.705,-0.235833151838614,-0.172010193174076,29935.9805795222,29935.9805795222,29935.9805795222,29935.9805795222,16.2978411296945,16.2978411296945,0.0343546410568858,0.0343546410568858,0,0
1.71,-0.236692783808387,-0.171842621300264,29935.4778639008,29935.4778639008,29935.4778639008,29935.4778639008,16.2972731140506,16.2972731140506,0.0343541344043093,0.0343541344043093,0,0
1.715,-0.237551578317145,-0.171675208743679,29934.975626231,29934.975626231,29934.975626231,29934.975626231,16.2967056586165,16.2967056586165,0.0343536282334275,0.0343536282334275,0,0
1.72,-0.238409536161113,-0.171507955360525,29934.4738660816,29934.4738660816,29934.4738660816,29934.4738660816,16.2961387628463,16.2961387628463,0.0343531225438056,0.0343531225438056,0,0
1.725,-0.2392666581358,-0.171340861007133,29933.9725830214,29933.9725830214,29933.9725830214,29933.9725830214,16.2955724261944,16.2955724261944,0.0343526173350093,0.0343526173350093,0,0
1.73,-0.240122945035995,-0.171173925539941,29933.4717766198,29933.4717766198,29933.4717766198,29933.4717766198,16.2950066481159,16.2950066481159,0.0343521126066045,0.0343521126066045,0,0
1.735,-0.240978397655771,-0.171007148815501,29932.9714464465,29932.9714464465,29932.9714464465,29932.9714464465,16.2944414280663,16.2944414280663,0.0343516083581574,0.0343516083581574,0,0
1.74,-0.241833016788483,-0.17084053069048,29932.4715920714,29932.4715920714,29932.4715920714,29932.4715920714,16.2938767655017,16.2938767655017,0.0343511045892348,0.0343511045892348,0,0
1.745,-0.24268680322677,-0.170674071021667,29931.972213065,29931.972213065,29931.972213065,29931.972213065,16.2933126598787,16.2933126598787,0.0343506012994036,0.0343506012994036,0,0
1.75,-0.243539757762555,-0.170507769665951,29931.4733089979,29931.4733089979,29931.4733089979,29931.4733089979,16.2927491106545,16.2927491106545,0.0343500984882311,0.0343500984882311,0,0
1.755,-0.244391881187046,-0.170341626480352,29930.9748794411,29930.9748794411,29930.9748794411,29930.9748794411,16.2921861172866,16.2921861172866,0.034349596155285,0.034349596155285,0,0
1.76,-0.245243174290737,-0.170175641321987,29930.476923966,29930.476923966,29930.476923966,29930.476923966,16.2916236792332,16.2916236792332,0.0343490943001334,0.0343490943001334,0,0
1.765,-0.246093637863407,-0.170009814048107,29929.9794421443,29929.9794421443,29929.9794421443,29929.9794421443,16.2910617959529,16.2910617959529,0.0343485929223445,0.0343485929223445,0,0
1.77,-0.246943272694121,-0.169844144516057,29929.4824335482,29929.4824335482,29929.4824335482,29929.4824335482,16.290500466905,16.290500466905,0.0343480920214871,0.0343480920214871,0,0
1.775,-0.247792079571233,-0.169678632583309,29928.9858977499,29928.9858977499,29928.9858977499,29928.9858977499,16.289939691549,16.289939691549,0.0343475915971304,0.0343475915971304,0,0
1.78,-0.248640059282383,-0.169513278107449,29928.4898343223,29928.4898343223,29928.4898343223,29928.4898343223,16.2893794693453,16.2893794693453,0.0343470916488435,0.0343470916488435,0,0
1.785,-0.249487212614499,-0.16934808094617,29927.9942428385,29927.9942428385,29927.9942428385,29927.9942428385,16.2888197997545,16.2888197997545,0.0343465921761964,0.0343465921761964,0,0
1.79,-0.250333540353799,-0.169183040957282,29927.4991228718,29927.4991228718,29927.4991228718,29927.4991228718,16.2882606822378,16.2882606822378,0.0343460931787591,0.0343460931787591,0,0
1.795,-0.251179043285789,-0.169018157998714,29927.0044739961,29927.0044739961,29927.0044739961,29927.0044739961,16.287702116257,16.287702116257,0.0343455946561021,0.0343455946561021,0,0
1.8,-0.252023722195267,-0.168853431928494,29926.5102957855,29926.5102957855,29926.5102957855,29926.5102957855,16.2871441012744,16.2871441012744,0.034345096607796,0.034345096607796,0,0
1.805,-0.252867577866318,-0.168688862604786,29926.0165878144,29926.0165878144,29926.0165878144,29926.0165878144,16.2865866367527,16.2865866367527,0.0343445990334122,0.0343445990334122,0,0
1.81,-0.253710611082323,-0.168524449885849,29925.5233496575,29925.5233496575,29925.5233496575,29925.5233496575,16.2860297221551,16.2860297221551,0.0343441019325219,0.0343441019325219,0,0
1.815,-0.254552822625949,-0.168360193630064,29925.0305808902,29925.0305808902,29925.0305808902,29925.0305808902,16.2854733569456,16.2854733569456,0.034343605304697,0.034343605304697,0,0
1.82,-0.25539421327916,-0.168196093695926,29924.5382810878,29924.5382810878,29924.5382810878,29924.5382810878,16.2849175405882,16.2849175405882,0.0343431091495097,0.0343431091495097,0,0
1.825,-0.256234783823209,-0.168032149942039,29924.0464498261,29924.0464498261,29924.0464498261,29924.0464498261,16.284362272548,16.284362272548,0.0343426134665325,0.0343426134665325,0,0
1.83,-0.257074535038645,-0.167868362227124,29923.5550866814,29923.5550866814,29923.5550866814,29923.5550866814,16.2838075522901,16.2838075522901,0.0343421182553382,0.0343421182553382,0,0
1.835,-0.25791346770531,-0.167704730410012,29923.06419123,29923.06419123,29923.06419123,29923.06419123,16.2832533792804,16.2832533792804,0.0343416235155,0.0343416235155,0,0
1.84,-0.25875158260234,-0.167541254349652,29922.573763049,29922.573763049,29922.573763049,29922.573763049,16.2826997529853,16.2826997529853,0.0343411292465914,0.0343411292465914,0,0
1.845,-0.259588880508166,-0.167377933905103,29922.0838017153,29922.0838017153,29922.0838017153,29922.0838017153,16.2821466728715,16.2821466728715,0.0343406354481864,0.0343406354481864,0,0
1.85,-0.260425362200516,-0.167214768935539,29921.5943068066,29921.5943068066,29921.5943068066,29921.5943068066,16.2815941384064,16.2815941384064,0.034340142119859,0.034340142119859,0,0
1.855,-0.261261028456412,-0.167051759300243,29921.1052779007,29921.1052779007,29921.1052779007,29921.1052779007,16.2810421490579,16.2810421490579,0.0343396492611838,0.0343396492611838,0,0
1.86,-0.262095880052175,-0.166888904858617,29920.6167145758,29920.6167145758,29920.6167145758,29920.6167145758,16.2804907042944,16.2804907042944,0.0343391568717358,0.0343391568717358,0,0
1.865,-0.262929917763421,-0.166726205470174,29920.1286164105,29920.1286164105,29920.1286164105,29920.1286164105,16.2799398035846,16.2799398035846,0.0343386649510903,0.0343386649510903,0,0
1.87,-0.263763142365065,-0.166563660994538,29919.6409829836,29919.6409829836,29919.6409829836,29919.6409829836,16.279389446398,16.279389446398,0.0343381734988226,0.0343381734988226,0,0
1.875,-0.26459555463132,-0.166401271291447,29919.1538138743,29919.1538138743,29919.1538138743,29919.1538138743,16.2788396322045,16.2788396322045,0.0343376825145089,0.0343376825145089,0,0
1.88,-0.2654271553357,-0.166239036220752,29918.6671086623,29918.6671086623,29918.6671086623,29918.6671086623,16.2782903604743,16.2782903604743,0.0343371919977252,0.0343371919977252,0,0
1.885,-0.266257945251015,-0.166076955642418,29918.1808669273,29918.1808669273,29918.1808669273,29918.1808669273,16.2777416306785,16.2777416306785,0.0343367019480484,0.0343367019480484,0,0
1.89,-0.267087925149378,-0.165915029416518,29917.6950882496,29917.6950882496,29917.6950882496,29917.6950882496,16.2771934422884,16.2771934422884,0.0343362123650552,0.0343362123650552,0,0
1.895,-0.267917095802202,-0.165753257403247,29917.2097722097,29917.2097722097,29917.2097722097,29917.2097722097,16.2766457947759,16.2766457947759,0.034335723248323,0.034335723248323,0,0
1.9,-0.268745457980199,-0.165591639462897,29916.7249183887,29916.7249183887,29916.7249183887,29916.7249183887,16.2760986876134,16.2760986876134,0.0343352345974293,0.0343352345974293,0,0
1.905,-0.269573012453386,-0.165430175455891,29916.2405263677,29916.2405263677,29916.2405263677,29916.2405263677,16.2755521202738,16.2755521202738,0.0343347464119523,0.0343347464119523,0,0
1.91,-0.270399759991081,-0.165268865242751,29915.7565957282,29915.7565957282,29915.7565957282,29915.7565957282,16.2750060922304,16.2750060922304,0.03433425869147,0.03433425869147,0,0
1.915,-0.271225701361905,-0.165107708684117,29915.2731260523,29915.2731260523,29915.2731260523,29915.2731260523,16.2744606029573,16.2744606029573,0.0343337714355613,0.0343337714355613,0,0
1.92,-0.272050837333782,-0.164946705640741,29914.7901169222,29914.7901169222,29914.7901169222,29914.7901169222,16.2739156519288,16.2739156519288,0.0343332846438051,0.0343332846438051,0,0
1.925,-0.272875168673939,-0.164785855973487,29914.3075679205,29914.3075679205,29914.3075679205,29914.3075679205,16.2733712386197,16.2733712386197,0.0343327983157806,0.0343327983157806,0,0
1.93,-0.273698696148912,-0.164625159543329,29913.82547863,29913.82547863,29913.82547863,29913.82547863,16.2728273625056,16.2728273625056,0.0343323124510676,0.0343323124510676,0,0
1.935,-0.274521420524537,-0.164464616211354,29913.3438486341,29913.3438486341,29913.3438486341,29913.3438486341,16.2722840230622,16.2722840230622,0.0343318270492461,0.0343318270492461,0,0
1.94,-0.275343342565958,-0.164304225838764,29912.8626775163,29912.8626775163,29912.8626775163,29912.8626775163,16.2717412197661,16.2717412197661,0.0343313421098964,0.0343313421098964,0,0
1.945,-0.276164463037626,-0.16414398828687,29912.3819648606,29912.3819648606,29912.3819648606,29912.3819648606,16.2711989520941,16.2711989520941,0.0343308576325991,0.0343308576325991,0,0
1.95,-0.276984782703297,-0.163983903417095,29911.9017102513,29911.9017102513,29911.9017102513,29911.9017102513,16.2706572195236,16.2706572195236,0.0343303736169354,0.0343303736169354,0,0
1.955,-0.277804302326036,-0.163823971090975,29911.4219132729,29911.4219132729,29911.4219132729,29911.4219132729,16.2701160215325,16.2701160215325,0.0343298900624865,0.0343298900624865,0,0
1.96,-0.278623022668216,-0.163664191170161,29910.9425735105,29910.9425735105,29910.9425735105,29910.9425735105,16.2695753575992,16.2695753575992,0.0343294069688341,0.0343294069688341,0,0
1.965,-0.279440944491516,-0.163504563516408,29910.4636905492,29910.4636905492,29910.4636905492,29910.4636905492,16.2690352272025,16.2690352272025,0.0343289243355603,0.0343289243355603,0,0
1.97,-0.280258068556928,-0.16334508799159,29909.9852639748,29909.9852639748,29909.9852639748,29909.9852639748,16.268495629822,16.268495629822,0.0343284421622474,0.0343284421622474,0,0
1.975,-0.281074395624751,-0.163185764457688,29909.5072933731,29909.5072933731,29909.5072933731,29909.5072933731,16.2679565649375,16.2679565649375,0.0343279604484782,0.0343279604484782,0,0
1.98,-0.281889926454593,-0.163026592776797,29909.0297783304,29909.0297783304,29909.0297783304,29909.0297783304,16.2674180320292,16.2674180320292,0.0343274791938357,0.0343274791938357,0,0
1.985,-0.282704661805377,-0.162867572811121,29908.5527184334,29908.5527184334,29908.5527184334,29908.5527184334,16.2668800305782,16.2668800305782,0.0343269983979032,0.0343269983979032,0,0
1.99,-0.283518602435334,-0.162708704422976,29908.0761132689,29908.0761132689,29908.0761132689,29908.0761132689,16.2663425600658,16.2663425600658,0.0343265180602645,0.0343265180602645,0,0
1.995,-0.284331749102007,-0.162549987474791,29907.5999624244,29907.5999624244,29907.5999624244,29907.5999624244,16.2658056199739,16.2658056199739,0.0343260381805037,0.0343260381805037,0,0
2,-0.285144102562253,-0.162391421829113,29907.1242654873,29907.1242654873,29907.1242654873,29907.1242654873,16.2652692097848,16.2652692097848,0.0343255587582051,0.0343255587582051,0,0
2.005,-0.28595566357224,-0.162233007348583,29906.6490220457,29906.6490220457,29906.6490220457,29906.6490220457,16.2647333289813,16.2647333289813,0.0343250797929534,0.0343250797929534,0,0
2.01,-0.286766432887452,-0.162074743895971,29906.1742316879,29906.1742316879,29906.1742316879,29906.1742316879,16.2641979770469,16.2641979770469,0.0343246012843337,0.0343246012843337,0,0
2.015,-0.287576411262685,-0.161916631334145,29905.6998940024,29905.6998940024,29905.6998940024,29905.6998940024,16.2636631534653,16.2636631534653,0.0343241232319315,0.0343241232319315,0,0
2.02,-0.28838559945205,-0.161758669526092,29905.2260085783,29905.2260085783,29905.2260085783,29905.2260085783,16.2631288577209,16.2631288577209,0.0343236456353324,0.0343236456353324,0,0
2.025,-0.289193998208974,-0.161600858334909,29904.7525750047,29904.7525750047,29904.7525750047,29904.7525750047,16.2625950892984,16.2625950892984,0.0343231684941225,0.0343231684941225,0,0
2.03,-0.290001608286199,-0.161443197623799,29904.2795928714,29904.2795928714,29904.2795928714,29904.2795928714,16.2620618476833,16.2620618476833,0.0343226918078882,0.0343226918078882,0,0
2.035,-0.290808430435785,-0.161285687256081,29903.8070617682,29903.8070617682,29903.8070617682,29903.8070617682,16.2615291323613,16.2615291323613,0.0343222155762163,0.0343222155762163,0,0
2.04,-0.291614465409105,-0.161128327095183,29903.3349812855,29903.3349812855,29903.3349812855,29903.3349812855,16.2609969428188,16.2609969428188,0.0343217397986938,0.0343217397986938,0,0
2.045,-0.292419713956854,-0.160971117004642,29902.8633510139,29902.8633510139,29902.8633510139,29902.8633510139,16.2604652785424,16.2604652785424,0.0343212644749082,0.0343212644749082,0,0
2.05,-0.293224176829042,-0.16081405684811,29902.3921705443,29902.3921705443,29902.3921705443,29902.3921705443,16.2599341390195,16.2599341390195,0.0343207896044472,0.0343207896044472,0,0
2.055,-0.294027854774998,-0.160657146489347,29901.921439468,29901.921439468,29901.921439468,29901.921439468,16.2594035237378,16.2594035237378,0.0343203151868988,0.0343203151868988,0,0
2.06,-0.294830748543371,-0.160500385792221,29901.4511573767,29901.4511573767,29901.4511573767,29901.4511573767,16.2588734321855,16.2588734321855,0.0343198412218516,0.0343198412218516,0,0
2.065,-0.29563285888213,-0.160343774620719,29900.9813238622,29900.9813238622,29900.9813238622,29900.9813238622,16.2583438638515,16.2583438638515,0.0343193677088941,0.0343193677088941,0,0
2.07,-0.296434186538562,-0.160187312838925,29900.5119385168,29900.5119385168,29900.5119385168,29900.5119385168,16.257814818225,16.257814818225,0.0343188946476156,0.0343188946476156,0,0
2.075,-0.297234732259276,-0.160031000311044,29900.0430009331,29900.0430009331,29900.0430009331,29900.0430009331,16.2572862947956,16.2572862947956,0.0343184220376054,0.0343184220376054,0,0
2.08,-0.298034496790203,-0.159874836901392,29899.5745107042,29899.5745107042,29899.5745107042,29899.5745107042,16.2567582930535,16.2567582930535,0.0343179498784533,0.0343179498784533,0,0
2.085,-0.298833480876594,-0.159718822474384,29899.1064674231,29899.1064674231,29899.1064674231,29899.1064674231,16.2562308124895,16.2562308124895,0.0343174781697494,0.0343174781697494,0,0
2.09,-0.299631685263025,-0.159562956894561,29898.6388706837,29898.6388706837,29898.6388706837,29898.6388706837,16.2557038525947,16.2557038525947,0.034317006911084,0.034317006911084,0,0
2.095,-0.300429110693393,-0.159407240026561,29898.1717200797,29898.1717200797,29898.1717200797,29898.1717200797,16.2551774128607,16.2551774128607,0.034316536102048,0.034316536102048,0,0
2.1,-0.301225757910919,-0.159251671735137,29897.7050152054,29897.7050152054,29897.7050152054,29897.7050152054,16.2546514927798,16.2546514927798,0.0343160657422323,0.0343160657422323,0,0
2.105,-0.302021627658147,-0.159096251885156,29897.2387556555,29897.2387556555,29897.2387556555,29897.2387556555,16.2541260918445,16.2541260918445,0.0343155958312285,0.0343155958312285,0,0
2.11,-0.302816720676948,-0.158940980341584,29896.7729410247,29896.7729410247,29896.7729410247,29896.7729410247,16.253601209548,16.253601209548,0.0343151263686283,0.0343151263686283,0,0
2.115,-0.303611037708516,-0.158785856969508,29896.3075709085,29896.3075709085,29896.3075709085,29896.3075709085,16.2530768453838,16.2530768453838,0.0343146573540237,0.0343146573540237,0,0
2.12,-0.304404579493371,-0.15863088163412,29895.8426449024,29895.8426449024,29895.8426449024,29895.8426449024,16.252552998846,16.252552998846,0.0343141887870071,0.0343141887870071,0,0
2.125,-0.30519734677136,-0.158476054200722,29895.3781626022,29895.3781626022,29895.3781626022,29895.3781626022,16.2520296694292,16.2520296694292,0.0343137206671714,0.0343137206671714,0,0
2.13,-0.305989340281657,-0.158321374534725,29894.9141236042,29894.9141236042,29894.9141236042,29894.9141236042,16.2515068566284,16.2515068566284,0.0343132529941095,0.0343132529941095,0,0
2.135,-0.306780560762762,-0.158166842501648,29894.4505275049,29894.4505275049,29894.4505275049,29894.4505275049,16.2509845599392,16.2509845599392,0.0343127857674149,0.0343127857674149,0,0
2.14,-0.307571008952505,-0.15801245796713,29893.9873739014,29893.9873739014,29893.9873739014,29893.9873739014,16.2504627788576,16.2504627788576,0.0343123189866813,0.0343123189866813,0,0
2.145,-0.308360685588041,-0.157858220796902,29893.5246623907,29893.5246623907,29893.5246623907,29893.5246623907,16.2499415128799,16.2499415128799,0.0343118526515028,0.0343118526515028,0,0
2.15,-0.309149591405857,-0.15770413085682,29893.0623925705,29893.0623925705,29893.0623925705,29893.0623925705,16.2494207615033,16.2494207615033,0.0343113867614738,0.0343113867614738,0,0
2.155,-0.30993772714177,-0.157550188012843,29892.6005640385,29892.6005640385,29892.6005640385,29892.6005640385,16.2489005242252,16.2489005242252,0.034310921316189,0.034310921316189,0,0
2.16,-0.310725093530923,-0.157396392131036,29892.1391763931,29892.1391763931,29892.1391763931,29892.1391763931,16.2483808005434,16.2483808005434,0.0343104563152434,0.0343104563152434,0,0
2.165,-0.311511691307794,-0.157242743077581,29891.6782292327,29891.6782292327,29891.6782292327,29891.6782292327,16.2478615899565,16.2478615899565,0.0343099917582325,0.0343099917582325,0,0
2.17,-0.31229752120619,-0.15708924071876,29891.2177221563,29891.2177221563,29891.2177221563,29891.2177221563,16.2473428919632,16.2473428919632,0.034309527644752,0.034309527644752,0,0
2.175,-0.31308258395925,-0.156935884920971,29890.7576547629,29890.7576547629,29890.7576547629,29890.7576547629,16.246824706063,16.246824706063,0.0343090639743978,0.0343090639743978,0,0
2.18,-0.313866880299446,-0.156782675550721,29890.2980266522,29890.2980266522,29890.2980266522,29890.2980266522,16.2463070317556,16.2463070317556,0.0343086007467665,0.0343086007467665,0,0
2.185,-0.314650410958581,-0.156629612474621,29889.8388374239,29889.8388374239,29889.8388374239,29889.8388374239,16.2457898685415,16.2457898685415,0.0343081379614547,0.0343081379614547,0,0
2.19,-0.315433176667794,-0.1564766955594,29889.3800866782,29889.3800866782,29889.3800866782,29889.3800866782,16.2452732159214,16.2452732159214,0.0343076756180595,0.0343076756180595,0,0
2.195,-0.316215178157555,-0.156323924671879,29888.9217740156,29888.9217740156,29888.9217740156,29888.9217740156,16.2447570733966,16.2447570733966,0.0343072137161781,0.0343072137161781,0,0
2.2,-0.31699641615767,-0.15617129967901,29888.463899037,29888.463899037,29888.463899037,29888.463899037,16.2442414404688,16.2442414404688,0.0343067522554084,0.0343067522554084,0,0
2.205,-0.317776891397281,-0.156018820447835,29888.0064613435,29888.0064613435,29888.0064613435,29888.0064613435,16.2437263166402,16.2437263166402,0.0343062912353483,0.0343062912353483,0,0
2.21,-0.318556604604864,-0.155866486845514,29887.5494605365,29887.5494605365,29887.5494605365,29887.5494605365,16.2432117014136,16.2432117014136,0.0343058306555961,0.0343058306555961,0,0
2.215,-0.31933555650823,-0.155714298739314,29887.0928962179,29887.0928962179,29887.0928962179,29887.0928962179,16.2426975942922,16.2426975942922,0.0343053705157507,0.0343053705157507,0,0
2.22,-0.320113747834529,-0.155562255996607,29886.6367679898,29886.6367679898,29886.6367679898,29886.6367679898,16.2421839947795,16.2421839947795,0.0343049108154109,0.0343049108154109,0,0
2.225,-0.320891179310248,-0.155410358484881,29886.1810754546,29886.1810754546,29886.1810754546,29886.1810754546,16.2416709023798,16.2416709023798,0.0343044515541761,0.0343044515541761,0,0
2.23,-0.321667851661209,-0.155258606071722,29885.7258182152,29885.7258182152,29885.7258182152,29885.7258182152,16.2411583165976,16.2411583165976,0.034303992731646,0.034303992731646,0,0
2.235,-0.322443765612576,-0.155106998624837,29885.2709958745,29885.2709958745,29885.2709958745,29885.2709958745,16.2406462369379,16.2406462369379,0.0343035343474206,0.0343035343474206,0,0
2.24,-0.323218921888848,-0.15495553601203,29884.8166080361,29884.8166080361,29884.8166080361,29884.8166080361,16.2401346629064,16.2401346629064,0.0343030764011001,0.0343030764011001,0,0
2.245,-0.323993321213866,-0.154804218101219,29884.3626543037,29884.3626543037,29884.3626543037,29884.3626543037,16.239623594009,16.239623594009,0.0343026188922853,0.0343026188922853,0,0
2.25,-0.32476696431081,-0.154653044760429,29883.9091342813,29883.9091342813,29883.9091342813,29883.9091342813,16.2391130297523,16.2391130297523,0.0343021618205771,0.0343021618205771,0,0
2.255,-0.325539851902201,-0.154502015857791,29883.4560475734,29883.4560475734,29883.4560475734,29883.4560475734,16.2386029696432,16.2386029696432,0.0343017051855768,0.0343017051855768,0,0
2.26,-0.326311984709899,-0.154351131261551,29883.0033937846,29883.0033937846,29883.0033937846,29883.0033937846,16.2380934131891,16.2380934131891,0.0343012489868861,0.0343012489868861,0,0
2.265,-0.327083363455108,-0.15420039084005,29882.5511725201,29882.5511725201,29882.5511725201,29882.5511725201,16.2375843598979,16.2375843598979,0.0343007932241068,0.0343007932241068,0,0
2.27,-0.327853988858372,-0.154049794461749,29882.0993833852,29882.0993833852,29882.0993833852,29882.0993833852,16.237075809278,16.237075809278,0.0343003378968413,0.0343003378968413,0,0
2.275,-0.328623861639578,-0.153899341995217,29881.6480259856,29881.6480259856,29881.6480259856,29881.6480259856,16.2365677608383,16.2365677608383,0.0342998830046922,0.0342998830046922,0,0
2.28,-0.329392982517958,-0.153749033309117,29881.1970999273,29881.1970999273,29881.1970999273,29881.1970999273,16.2360602140881,16.2360602140881,0.0342994285472624,0.0342994285472624,0,0
2.285,-0.330161352212085,-0.153598868272237,29880.7466048167,29880.7466048167,29880.7466048167,29880.7466048167,16.2355531685371,16.2355531685371,0.0342989745241551,0.0342989745241551,0,0
2.29,-0.330928971439877,-0.153448846753459,29880.2965402604,29880.2965402604,29880.2965402604,29880.2965402604,16.2350466236955,16.2350466236955,0.034298520934974,0.034298520934974,0,0
2.295,-0.331695840918598,-0.153298968621779,29879.8469058653,29879.8469058653,29879.8469058653,29879.8469058653,16.2345405790742,16.2345405790742,0.034298067779323,0.034298067779323,0,0
2.3,-0.332461961364856,-0.153149233746301,29879.3977012389,29879.3977012389,29879.3977012389,29879.3977012389,16.2340350341843,16.2340350341843,0.0342976150568062,0.0342976150568062,0,0
2.305,-0.333227333494604,-0.152999641996237,29878.9489259887,29878.9489259887,29878.9489259887,29878.9489259887,16.2335299885374,16.2335299885374,0.0342971627670283,0.0342971627670283,0,0
2.31,-0.333991958023143,-0.152850193240903,29878.5005797227,29878.5005797227,29878.5005797227,29878.5005797227,16.2330254416457,16.2330254416457,0.0342967109095941,0.0342967109095941,0,0
2.315,-0.33475583566512,-0.15270088734972,29878.0526620492,29878.0526620492,29878.0526620492,29878.0526620492,16.2325213930218,16.2325213930218,0.0342962594841088,0.0342962594841088,0,0
2.32,-0.335518967134529,-0.152551724192226,29877.6051725767,29877.6051725767,29877.6051725767,29877.6051725767,16.2320178421786,16.2320178421786,0.034295808490178,0.034295808490178,0,0
2.325,-0.336281353144714,-0.152402703638058,29877.1581109142,29877.1581109142,29877.1581109142,29877.1581109142,16.2315147886298,16.2315147886298,0.0342953579274075,0.0342953579274075,0,0
2.33,-0.337042994408365,-0.152253825556961,29876.7114766709,29876.7114766709,29876.7114766709,29876.7114766709,16.2310122318893,16.2310122318893,0.0342949077954035,0.0342949077954035,0,0
2.335,-0.337803891637522,-0.152105089818787,29876.2652694564,29876.2652694564,29876.2652694564,29876.2652694564,16.2305101714715,16.2305101714715,0.0342944580937725,0.0342944580937725,0,0
2.34,-0.338564045543575,-0.151956496293501,29875.8194888805,29875.8194888805,29875.8194888805,29875.8194888805,16.2300086068914,16.2300086068914,0.0342940088221213,0.0342940088221213,0,0
2.345,-0.339323456837262,-0.151808044851167,29875.3741345535,29875.3741345535,29875.3741345535,29875.3741345535,16.2295075376644,16.2295075376644,0.0342935599800571,0.0342935599800571,0,0
2.35,-0.340082126228675,-0.151659735361959,29874.9292060859,29874.9292060859,29874.9292060859,29874.9292060859,16.2290069633062,16.2290069633062,0.0342931115671874,0.0342931115671874,0,0
2.355,-0.340840054427255,-0.151511567696159,29874.4847030885,29874.4847030885,29874.4847030885,29874.4847030885,16.2285068833332,16.2285068833332,0.0342926635831199,0.0342926635831199,0,0
2.36,-0.341597242141793,-0.151363541724154,29874.0406251725,29874.0406251725,29874.0406251725,29874.0406251725,16.2280072972621,16.2280072972621,0.0342922160274627,0.0342922160274627,0,0
2.365,-0.342353690080437,-0.151215657316438,29873.5969719493,29873.5969719493,29873.5969719493,29873.5969719493,16.2275082046102,16.2275082046102,0.0342917688998243,0.0342917688998243,0,0
2.37,-0.343109398950683,-0.151067914343612,29873.1537430308,29873.1537430308,29873.1537430308,29873.1537430308,16.2270096048952,16.2270096048952,0.0342913221998135,0.0342913221998135,0,0
2.375,-0.343864369459382,-0.150920312676387,29872.7109380292,29872.7109380292,29872.7109380292,29872.7109380292,16.2265114976351,16.2265114976351,0.0342908759270394,0.0342908759270394,0,0
2.38,-0.344618602312741,-0.150772852185574,29872.2685565567,29872.2685565567,29872.2685565567,29872.2685565567,16.2260138823487,16.2260138823487,0.0342904300811113,0.0342904300811113,0,0
2.385,-0.345372098216317,-0.150625532742088,29871.8265982263,29871.8265982263,29871.8265982263,29871.8265982263,16.225516758555,16.225516758555,0.034289984661639,0.034289984661639,0,0
2.39,-0.346124857875026,-0.150478354216964,29871.3850626509,29871.3850626509,29871.3850626509,29871.3850626509,16.2250201257735,16.2250201257735,0.0342895396682325,0.0342895396682325,0,0
2.395,-0.346876881993136,-0.150331316481331,29870.943949444,29870.943949444,29870.943949444,29870.943949444,16.2245239835242,16.2245239835242,0.0342890951005022,0.0342890951005022,0,0
2.4,-0.347628171274274,-0.150184419406429,29870.5032582193,29870.5032582193,29870.5032582193,29870.5032582193,16.2240283313276,16.2240283313276,0.0342886509580588,0.0342886509580588,0,0
2.405,-0.34837872642142,-0.150037662863603,29870.0629885908,29870.0629885908,29870.0629885908,29870.0629885908,16.2235331687046,16.2235331687046,0.0342882072405133,0.0342882072405133,0,0
2.41,-0.349128548136916,-0.149891046724304,29869.6231401729,29869.6231401729,29869.6231401729,29869.6231401729,16.2230384951764,16.2230384951764,0.034287763947477,0.034287763947477,0,0
2.415,-0.349877637122455,-0.149744570860094,29869.1837125803,29869.1837125803,29869.1837125803,29869.1837125803,16.2225443102651,16.2225443102651,0.0342873210785617,0.0342873210785617,0,0
2.42,-0.350625994079095,-0.149598235142626,29868.7447054279,29868.7447054279,29868.7447054279,29868.7447054279,16.2220506134928,16.2220506134928,0.0342868786333792,0.0342868786333792,0,0
2.425,-0.351373619707246,-0.149452039443679,29868.306118331,29868.306118331,29868.306118331,29868.306118331,16.2215574043823,16.2215574043823,0.0342864366115419,0.0342864366115419,0,0
2.43,-0.352120514706682,-0.14930598363512,29867.8679509054,29867.8679509054,29867.8679509054,29867.8679509054,16.2210646824568,16.2210646824568,0.0342859950126624,0.0342859950126624,0,0
2.435,-0.352866679776535,-0.149160067588941,29867.4302027668,29867.4302027668,29867.4302027668,29867.4302027668,16.2205724472399,16.2205724472399,0.0342855538363535,0.0342855538363535,0,0
2.44,-0.353612115615296,-0.149014291177218,29866.9928735316,29866.9928735316,29866.9928735316,29866.9928735316,16.2200806982557,16.2200806982557,0.0342851130822287,0.0342851130822287,0,0
2.445,-0.354356822920818,-0.148868654272147,29866.5559628164,29866.5559628164,29866.5559628164,29866.5559628164,16.2195894350289,16.2195894350289,0.0342846727499014,0.0342846727499014,0,0
2.45,-0.355100802390316,-0.148723156746028,29866.1194702381,29866.1194702381,29866.1194702381,29866.1194702381,16.2190986570844,16.2190986570844,0.0342842328389855,0.0342842328389855,0,0
2.455,-0.355844054720364,-0.14857779847126,29865.6833954138,29865.6833954138,29865.6833954138,29865.6833954138,16.2186083639477,16.2186083639477,0.0342837933490953,0.0342837933490953,0,0
2.46,-0.356586580606901,-0.148432579320353,29865.2477379611,29865.2477379611,29865.2477379611,29865.2477379611,16.2181185551447,16.2181185551447,0.0342833542798452,0.0342833542798452,0,0
2.465,-0.357328380745228,-0.148287499165922,29864.8124974978,29864.8124974978,29864.8124974978,29864.8124974978,16.2176292302019,16.2176292302019,0.0342829156308502,0.0342829156308502,0,0
2.47,-0.358069455830009,-0.148142557880688,29864.3776736421,29864.3776736421,29864.3776736421,29864.3776736421,16.2171403886459,16.2171403886459,0.0342824774017254,0.0342824774017254,0,0
2.475,-0.358809806555272,-0.147997755337474,29863.9432660124,29863.9432660124,29863.9432660124,29863.9432660124,16.2166520300043,16.2166520300043,0.0342820395920862,0.0342820395920862,0,0
2.48,-0.359549433614409,-0.147853091409209,29863.5092742276,29863.5092742276,29863.5092742276,29863.5092742276,16.2161641538046,16.2161641538046,0.0342816022015486,0.0342816022015486,0,0
2.485,-0.360288337700178,-0.147708565968926,29863.0756979068,29863.0756979068,29863.0756979068,29863.0756979068,16.2156767595751,16.2156767595751,0.0342811652297285,0.0342811652297285,0,0
2.49,-0.361026519504701,-0.14756417888977,29862.6425366693,29862.6425366693,29862.6425366693,29862.6425366693,16.2151898468444,16.2151898468444,0.0342807286762425,0.0342807286762425,0,0
2.495,-0.361763979719466,-0.147419930044984,29862.2097901349,29862.2097901349,29862.2097901349,29862.2097901349,16.2147034151416,16.2147034151416,0.0342802925407074,0.0342802925407074,0,0
2.5,-0.36250071903533,-0.147275819307915,29861.7774579237,29861.7774579237,29861.7774579237,29861.7774579237,16.2142174639962,16.2142174639962,0.03427985682274,0.03427985682274,0,0
2.505,-0.363236738142514,-0.147131846552022,29861.3455396561,29861.3455396561,29861.3455396561,29861.3455396561,16.2137319929384,16.2137319929384,0.034279421521958,0.034279421521958,0,0
2.51,-0.363972037730608,-0.146988011650862,29860.9140349526,29860.9140349526,29860.9140349526,29860.9140349526,16.2132470014984,16.2132470014984,0.0342789866379789,0.0342789866379789,0,0
2.515,-0.36470661848857,-0.146844314478101,29860.4829434343,29860.4829434343,29860.4829434343,29860.4829434343,16.2127624892072,16.2127624892072,0.0342785521704209,0.0342785521704209,0,0
2.52,-0.365440481104726,-0.146700754907504,29860.0522647225,29860.0522647225,29860.0522647225,29860.0522647225,16.2122784555962,16.2122784555962,0.0342781181189021,0.0342781181189021,0,0
2.525,-0.366173626266772,-0.146557332812952,29859.6219984389,29859.6219984389,29859.6219984389,29859.6219984389,16.2117949001972,16.2117949001972,0.0342776844830414,0.0342776844830414,0,0
2.53,-0.366906054661773,-0.146414048068416,29859.1921442052,29859.1921442052,29859.1921442052,29859.1921442052,16.2113118225423,16.2113118225423,0.0342772512624577,0.0342772512624577,0,0
2.535,-0.367637766976163,-0.14627090054798,29858.7627016439,29858.7627016439,29858.7627016439,29858.7627016439,16.2108292221643,16.2108292221643,0.0342768184567702,0.0342768184567702,0,0
2.54,-0.36836876389575,-0.146127890125834,29858.3336703775,29858.3336703775,29858.3336703775,29858.3336703775,16.2103470985963,16.2103470985963,0.0342763860655986,0.0342763860655986,0,0
2.545,-0.369099046105709,-0.145985016676266,29857.9050500288,29857.9050500288,29857.9050500288,29857.9050500288,16.209865451372,16.209865451372,0.0342759540885628,0.0342759540885628,0,0
2.55,-0.369828614290591,-0.145842280073675,29857.476840221,29857.476840221,29857.476840221,29857.476840221,16.2093842800252,16.2093842800252,0.034275522525283,0.034275522525283,0,0
2.555,-0.370557469134315,-0.145699680192555,29857.0490405777,29857.0490405777,29857.0490405777,29857.0490405777,16.2089035840906,16.2089035840906,0.0342750913753797,0.0342750913753797,0,0
2.56,-0.371285611320177,-0.145557216907515,29856.6216507225,29856.6216507225,29856.6216507225,29856.6216507225,16.2084233631031,16.2084233631031,0.0342746606384739,0.0342746606384739,0,0
2.565,-0.372013041530842,-0.145414890093263,29856.1946702798,29856.1946702798,29856.1946702798,29856.1946702798,16.207943616598,16.207943616598,0.0342742303141868,0.0342742303141868,0,0
2.57,-0.372739760448352,-0.14527269962461,29855.7680988738,29855.7680988738,29855.7680988738,29855.7680988738,16.2074643441111,16.2074643441111,0.0342738004021397,0.0342738004021397,0,0
2.575,-0.373465768754122,-0.145130645376471,29855.3419361294,29855.3419361294,29855.3419361294,29855.3419361294,16.2069855451787,16.2069855451787,0.0342733709019546,0.0342733709019546,0,0
2.58,-0.374191067128943,-0.144988727223868,29854.9161816716,29854.9161816716,29854.9161816716,29854.9161816716,16.2065072193375,16.2065072193375,0.0342729418132536,0.0342729418132536,0,0
2.585,-0.374915656252979,-0.144846945041924,29854.4908351258,29854.4908351258,29854.4908351258,29854.4908351258,16.2060293661246,16.2060293661246,0.034272513135659,0.034272513135659,0,0
2.59,-0.375639536805772,-0.144705298705868,29854.0658961176,29854.0658961176,29854.0658961176,29854.0658961176,16.2055519850778,16.2055519850778,0.0342720848687937,0.0342720848687937,0,0
2.595,-0.37636270946624,-0.144563788091027,29853.6413642731,29853.6413642731,29853.6413642731,29853.6413642731,16.2050750757349,16.2050750757349,0.0342716570122806,0.0342716570122806,0,0
2.6,-0.377085174912677,-0.144422413072836,29853.2172392185,29853.2172392185,29853.2172392185,29853.2172392185,16.2045986376344,16.2045986376344,0.0342712295657433,0.0342712295657433,0,0
2.605,-0.377806933822755,-0.144281173526838,29852.7935205805,29852.7935205805,29852.7935205805,29852.7935205805,16.2041226703154,16.2041226703154,0.0342708025288053,0.0342708025288053,0,0
2.61,-0.378527986873525,-0.144140069328671,29852.370207986,29852.370207986,29852.370207986,29852.370207986,16.2036471733171,16.2036471733171,0.0342703759010907,0.0342703759010907,0,0
2.615,-0.379248334741415,-0.143999100354083,29851.9473010622,29851.9473010622,29851.9473010622,29851.9473010622,16.2031721461793,16.2031721461793,0.0342699496822238,0.0342699496822238,0,0
2.62,-0.379967978102232,-0.143858266478922,29851.5247994368,29851.5247994368,29851.5247994368,29851.5247994368,16.2026975884424,16.2026975884424,0.0342695238718292,0.0342695238718292,0,0
2.625,-0.380686917631163,-0.143717567579139,29851.1027027374,29851.1027027374,29851.1027027374,29851.1027027374,16.2022234996469,16.2022234996469,0.0342690984695319,0.0342690984695319,0,0
2.63,-0.381405154002776,-0.143577003530793,29850.6810105924,29850.6810105924,29850.6810105924,29850.6810105924,16.2017498793341,16.2017498793341,0.0342686734749571,0.0342686734749571,0,0
2.635,-0.382122687891017,-0.143436574210036,29850.2597226301,29850.2597226301,29850.2597226301,29850.2597226301,16.2012767270454,16.2012767270454,0.0342682488877304,0.0342682488877304,0,0
2.64,-0.382839519969216,-0.143296279493132,29849.8388384794,29849.8388384794,29849.8388384794,29849.8388384794,16.200804042323,16.200804042323,0.0342678247074776,0.0342678247074776,0,0
2.645,-0.383555650910082,-0.143156119256449,29849.4183577693,29849.4183577693,29849.4183577693,29849.4183577693,16.2003318247091,16.2003318247091,0.034267400933825,0.034267400933825,0,0
2.65,-0.384271081385708,-0.14301609337645,29848.9982801293,29848.9982801293,29848.9982801293,29848.9982801293,16.1998600737468,16.1998600737468,0.0342669775663991,0.0342669775663991,0,0
2.655,-0.384985812067569,-0.142876201729709,29848.5786051891,29848.5786051891,29848.5786051891,29848.5786051891,16.1993887889793,16.1993887889793,0.0342665546048266,0.0342665546048266,0,0
2.66,-0.385699843626522,-0.1427364441929,29848.1593325787,29848.1593325787,29848.1593325787,29848.1593325787,16.1989179699505,16.1989179699505,0.0342661320487347,0.0342661320487347,0,0
2.665,-0.386413176732809,-0.142596820642796,29847.7404619284,29847.7404619284,29847.7404619284,29847.7404619284,16.1984476162044,16.1984476162044,0.0342657098977508,0.0342657098977508,0,0
2.67,-0.387125812056056,-0.142457330956278,29847.3219928688,29847.3219928688,29847.3219928688,29847.3219928688,16.1979777272858,16.1979777272858,0.0342652881515027,0.0342652881515027,0,0
2.675,-0.387837750265273,-0.142317975010324,29846.903925031,29846.903925031,29846.903925031,29846.903925031,16.1975083027397,16.1975083027397,0.0342648668096184,0.0342648668096184,0,0
2.68,-0.388548992028856,-0.142178752682023,29846.4862580461,29846.4862580461,29846.4862580461,29846.4862580461,16.1970393421116,16.1970393421116,0.0342644458717263,0.0342644458717263,0,0
2.685,-0.389259538014585,-0.142039663848561,29846.0689915457,29846.0689915457,29846.0689915457,29846.0689915457,16.1965708449474,16.1965708449474,0.034264025337455,0.034264025337455,0,0
2.69,-0.389969388889628,-0.141900708387223,29845.6521251617,29845.6521251617,29845.6521251617,29845.6521251617,16.1961028107936,16.1961028107936,0.0342636052064336,0.0342636052064336,0,0
2.695,-0.39067854532054,-0.141761886175407,29845.2356585262,29845.2356585262,29845.2356585262,29845.2356585262,16.195635239197,16.195635239197,0.0342631854782913,0.0342631854782913,0,0
2.7,-0.391387007973261,-0.141623197090601,29844.8195912718,29844.8195912718,29844.8195912718,29844.8195912718,16.1951681297048,16.1951681297048,0.0342627661526578,0.0342627661526578,0,0
2.705,-0.39209477751312,-0.141484641010406,29844.4039230312,29844.4039230312,29844.4039230312,29844.4039230312,16.1947014818646,16.1947014818646,0.0342623472291629,0.0342623472291629,0,0
2.71,-0.392801854604835,-0.141346217812514,29843.9886534375,29843.9886534375,29843.9886534375,29843.9886534375,16.1942352952247,16.1942352952247,0.0342619287074369,0.0342619287074369,0,0
2.715,-0.393508239912512,-0.141207927374734,29843.5737821242,29843.5737821242,29843.5737821242,29843.5737821242,16.1937695693335,16.1937695693335,0.0342615105871103,0.0342615105871103,0,0
2.72,-0.394213934099646,-0.141069769574963,29843.1593087249,29843.1593087249,29843.1593087249,29843.1593087249,16.1933043037401,16.1933043037401,0.034261092867814,0.034261092867814,0,0
2.725,-0.394918937829122,-0.140931744291208,29842.7452328736,29842.7452328736,29842.7452328736,29842.7452328736,16.1928394979938,16.1928394979938,0.034260675549179,0.034260675549179,0,0
2.73,-0.395623251763215,-0.140793851401572,29842.3315542047,29842.3315542047,29842.3315542047,29842.3315542047,16.1923751516445,16.1923751516445,0.0342602586308369,0.0342602586308369,0,0
2.735,-0.396326876563592,-0.140656090784267,29841.9182723528,29841.9182723528,29841.9182723528,29841.9182723528,16.1919112642425,16.1919112642425,0.0342598421124194,0.0342598421124194,0,0
2.74,-0.397029812891309,-0.140518462317605,29841.5053869528,29841.5053869528,29841.5053869528,29841.5053869528,16.1914478353386,16.1914478353386,0.0342594259935586,0.0342594259935586,0,0
2.745,-0.397732061406816,-0.140380965879993,29841.09289764,29841.09289764,29841.09289764,29841.09289764,16.1909848644837,16.1909848644837,0.0342590102738868,0.0342590102738868,0,0
2.75,-0.398433622769955,-0.140243601349948,29840.6808040498,29840.6808040498,29840.6808040498,29840.6808040498,16.1905223512296,16.1905223512296,0.0342585949530368,0.0342585949530368,0,0
2.755,-0.39913449763996,-0.140106368606083,29840.2691058182,29840.2691058182,29840.2691058182,29840.2691058182,16.1900602951282,16.1900602951282,0.0342581800306416,0.0342581800306416,0,0
2.76,-0.399834686675458,-0.139969267527118,29839.8578025814,29839.8578025814,29839.8578025814,29839.8578025814,16.189598695732,16.189598695732,0.0342577655063344,0.0342577655063344,0,0
2.765,-0.40053419053447,-0.139832297991869,29839.4468939756,29839.4468939756,29839.4468939756,29839.4468939756,16.1891375525938,16.1891375525938,0.0342573513797488,0.0342573513797488,0,0
2.77,-0.401233009874414,-0.139695459879262,29839.0363796378,29839.0363796378,29839.0363796378,29839.0363796378,16.1886768652669,16.1886768652669,0.0342569376505189,0.0342569376505189,0,0
2.775,-0.401931145352099,-0.139558753068309,29838.6262592049,29838.6262592049,29838.6262592049,29838.6262592049,16.1882166333051,16.1882166333051,0.0342565243182787,0.0342565243182787,0,0
2.78,-0.402628597623732,-0.139422177438136,29838.2165323144,29838.2165323144,29838.2165323144,29838.2165323144,16.1877568562624,16.1877568562624,0.0342561113826628,0.0342561113826628,0,0
2.785,-0.403325367344914,-0.139285732867969,29837.8071986039,29837.8071986039,29837.8071986039,29837.8071986039,16.1872975336935,16.1872975336935,0.0342556988433061,0.0342556988433061,0,0
2.79,-0.404021455170644,-0.139149419237131,29837.3982577114,29837.3982577114,29837.3982577114,29837.3982577114,16.1868386651534,16.1868386651534,0.0342552866998437,0.0342552866998437,0,0
2.795,-0.404716861755317,-0.139013236425047,29836.9897092751,29836.9897092751,29836.9897092751,29836.9897092751,16.1863802501975,16.1863802501975,0.034254874951911,0.034254874951911,0,0
2.8,-0.405411587752725,-0.138877184311249,29836.5815529337,29836.5815529337,29836.5815529337,29836.5815529337,16.1859222883817,16.1859222883817,0.0342544635991438,0.0342544635991438,0,0
2.805,-0.406105633816059,-0.138741262775361,29836.1737883261,29836.1737883261,29836.1737883261,29836.1737883261,16.1854647792622,16.1854647792622,0.0342540526411782,0.0342540526411782,0,0
2.81,-0.406799000597908,-0.138605471697112,29835.7664150913,29835.7664150913,29835.7664150913,29835.7664150913,16.1850077223957,16.1850077223957,0.0342536420776505,0.0342536420776505,0,0
2.815,-0.40749168875026,-0.138469810956332,29835.359432869,29835.359432869,29835.359432869,29835.359432869,16.1845511173395,16.1845511173395,0.0342532319081973,0.0342532319081973,0,0
2.82,-0.408183698924501,-0.138334280432955,29834.9528412989,29834.9528412989,29834.9528412989,29834.9528412989,16.1840949636511,16.1840949636511,0.0342528221324557,0.0342528221324557,0,0
2.825,-0.408875031771418,-0.138198880007007,29834.546640021,29834.546640021,29834.546640021,29834.546640021,16.1836392608884,16.1836392608884,0.0342524127500629,0.0342524127500629,0,0
2.83,-0.4095656879412,-0.138063609558624,29834.1408286759,29834.1408286759,29834.1408286759,29834.1408286759,16.1831840086099,16.1831840086099,0.0342520037606565,0.0342520037606565,0,0
2.835,-0.410255668083434,-0.137928468968039,29833.7354069041,29833.7354069041,29833.7354069041,29833.7354069041,16.1827292063743,16.1827292063743,0.0342515951638744,0.0342515951638744,0,0
2.84,-0.410944972847111,-0.13779345811558,29833.3303743467,29833.3303743467,29833.3303743467,29833.3303743467,16.1822748537411,16.1822748537411,0.0342511869593548,0.0342511869593548,0,0
2.845,-0.411633602880621,-0.137658576881689,29832.9257306451,29832.9257306451,29832.9257306451,29832.9257306451,16.1818209502698,16.1818209502698,0.0342507791467361,0.0342507791467361,0,0
2.85,-0.41232155883176,-0.137523825146892,29832.5214754407,29832.5214754407,29832.5214754407,29832.5214754407,16.1813674955205,16.1813674955205,0.0342503717256572,0.0342503717256572,0,0
2.855,-0.413008841347723,-0.13738920279183,29832.1176083755,29832.1176083755,29832.1176083755,29832.1176083755,16.1809144890538,16.1809144890538,0.0342499646957572,0.0342499646957572,0,0
2.86,-0.413695451075112,-0.137254709697231,29831.7141290917,29831.7141290917,29831.7141290917,29831.7141290917,16.1804619304307,16.1804619304307,0.0342495580566754,0.0342495580566754,0,0
2.865,-0.414381388659931,-0.137120345743933,29831.3110372318,29831.3110372318,29831.3110372318,29831.3110372318,16.1800098192124,16.1800098192124,0.0342491518080516,0.0342491518080516,0,0
2.87,-0.415066654747589,-0.136986110812872,29830.9083324386,29830.9083324386,29830.9083324386,29830.9083324386,16.1795581549609,16.1795581549609,0.0342487459495257,0.0342487459495257,0,0
2.875,-0.415751249982899,-0.136852004785079,29830.5060143552,29830.5060143552,29830.5060143552,29830.5060143552,16.1791069372383,16.1791069372383,0.0342483404807382,0.0342483404807382,0,0
2.88,-0.41643517501008,-0.136718027541696,29830.1040826251,29830.1040826251,29830.1040826251,29830.1040826251,16.1786561656072,16.1786561656072,0.0342479354013295,0.0342479354013295,0,0
2.885,-0.417118430472758,-0.136584178963954,29829.7025368919,29829.7025368919,29829.7025368919,29829.7025368919,16.1782058396307,16.1782058396307,0.0342475307109407,0.0342475307109407,0,0
2.89,-0.417801017013965,-0.136450458933187,29829.3013767996,29829.3013767996,29829.3013767996,29829.3013767996,16.1777559588723,16.1777559588723,0.0342471264092128,0.0342471264092128,0,0
2.895,-0.418482935276138,-0.136316867330827,29828.9006019925,29828.9006019925,29828.9006019925,29828.9006019925,16.1773065228959,16.1773065228959,0.0342467224957875,0.0342467224957875,0,0
2.9,-0.419164185901123,-0.136183404038416,29828.5002121152,29828.5002121152,29828.5002121152,29828.5002121152,16.1768575312657,16.1768575312657,0.0342463189703066,0.0342463189703066,0,0
2.905,-0.419844769530175,-0.136050068937582,29828.1002068127,29828.1002068127,29828.1002068127,29828.1002068127,16.1764089835466,16.1764089835466,0.0342459158324122,0.0342459158324122,0,0
2.91,-0.420524686803955,-0.135916861910063,29827.7005857302,29827.7005857302,29827.7005857302,29827.7005857302,16.1759608793037,16.1759608793037,0.0342455130817467,0.0342455130817467,0,0
2.915,-0.421203938362534,-0.135783782837688,29827.3013485131,29827.3013485131,29827.3013485131,29827.3013485131,16.1755132181024,16.1755132181024,0.0342451107179528,0.0342451107179528,0,0
2.92,-0.421882524845393,-0.135650831602391,29826.9024948072,29826.9024948072,29826.9024948072,29826.9024948072,16.1750659995089,16.1750659995089,0.0342447087406735,0.0342447087406735,0,0
2.925,-0.422560446891423,-0.135518008086207,29826.5040242586,29826.5040242586,29826.5040242586,29826.5040242586,16.1746192230896,16.1746192230896,0.0342443071495523,0.0342443071495523,0,0
2.93,-0.423237705138924,-0.135385312171265,29826.1059365138,29826.1059365138,29826.1059365138,29826.1059365138,16.1741728884111,16.1741728884111,0.0342439059442326,0.0342439059442326,0,0
2.935,-0.423914300225608,-0.135252743739797,29825.7082312194,29825.7082312194,29825.7082312194,29825.7082312194,16.1737269950409,16.1737269950409,0.0342435051243585,0.0342435051243585,0,0
2.94,-0.424590232788599,-0.135120302674129,29825.3109080224,29825.3109080224,29825.3109080224,29825.3109080224,16.1732815425465,16.1732815425465,0.0342431046895742,0.0342431046895742,0,0
2.945,-0.42526550346443,-0.134987988856697,29824.9139665701,29824.9139665701,29824.9139665701,29824.9139665701,16.172836530496,16.172836530496,0.0342427046395241,0.0342427046395241,0,0
2.95,-0.42594011288905,-0.134855802170024,29824.5174065101,29824.5174065101,29824.5174065101,29824.5174065101,16.1723919584578,16.1723919584578,0.0342423049738531,0.0342423049738531,0,0
2.955,-0.42661406169782,-0.13472374249674,29824.1212274902,29824.1212274902,29824.1212274902,29824.1212274902,16.171947826001,16.171947826001,0.0342419056922064,0.0342419056922064,0,0
2.96,-0.427287350525511,-0.134591809719573,29823.7254291587,29823.7254291587,29823.7254291587,29823.7254291587,16.1715041326947,16.1715041326947,0.0342415067942293,0.0342415067942293,0,0
2.965,-0.427959980006314,-0.134460003721343,29823.330011164,29823.330011164,29823.330011164,29823.330011164,16.1710608781088,16.1710608781088,0.0342411082795677,0.0342411082795677,0,0
2.97,-0.428631950773828,-0.134328324384979,29822.9349731549,29822.9349731549,29822.9349731549,29822.9349731549,16.1706180618133,16.1706180618133,0.0342407101478674,0.0342407101478674,0,0
2.975,-0.429303263461072,-0.134196771593502,29822.5403147805,29822.5403147805,29822.5403147805,29822.5403147805,16.1701756833788,16.1701756833788,0.0342403123987748,0.0342403123987748,0,0
2.98,-0.429973918700477,-0.134065345230032,29822.1460356901,29822.1460356901,29822.1460356901,29822.1460356901,16.1697337423762,16.1697337423762,0.0342399150319366,0.0342399150319366,0,0
2.985,-0.430643917123891,-0.133934045177792,29821.7521355334,29821.7521355334,29821.7521355334,29821.7521355334,16.1692922383771,16.1692922383771,0.0342395180469996,0.0342395180469996,0,0
2.99,-0.431313259362579,-0.133802871320101,29821.3586139603,29821.3586139603,29821.3586139603,29821.3586139603,16.168851170953,16.168851170953,0.0342391214436111,0.0342391214436111,0,0
2.995,-0.431981946047222,-0.133671823540373,29820.9654706211,29820.9654706211,29820.9654706211,29820.9654706211,16.1684105396763,16.1684105396763,0.0342387252214186,0.0342387252214186,0,0
3,-0.432649977807919,-0.133540901722126,29820.5727051664,29820.5727051664,29820.5727051664,29820.5727051664,16.1679703441196,16.1679703441196,0.0342383293800699,0.0342383293800699,0,0
