time_s,wDown,accelerationDown,aeroThrust1,aeroThrust2,hubThrust1,hubThrust2,vi1,vi2,beta1,beta2,betaRate1,betaRate2
0,0,-1.2126596023639e-15,29419.95,29419.95,29419.95,29419.95,16.269694194372,16.269694194372,0.0337331692055155,0.0337331692055155,0,0
0.005,-6.06329801181952e-18,-1.2126596023639e-15,29419.95,29419.95,29419.95,29419.95,16.269694194372,16.269694194372,0.0337331692055155,0.0337331692055155,0,0
0.01,-1.2126596023639e-17,-1.2126596023639e-15,29419.95,29419.95,29419.95,29419.95,16.269694194372,16.269694194372,0.0337331692055155,0.0337331692055155,0,0
0.015,-1.81898940354586e-17,-1.2126596023639e-15,29419.95,29419.95,29419.95,29419.95,16.269694194372,16.269694194372,0.0337331692055155,0.0337331692055155,0,0
0.02,-2.42531920472781e-17,-1.2126596023639e-15,29419.95,29419.95,29419.95,29419.95,16.269694194372,16.269694194372,0.0337331692055155,0.0337331692055155,0,0
0.025,-3.03164900590976e-17,-1.2126596023639e-15,29419.95,29419.95,29419.95,29419.95,16.269694194372,16.269694194372,0.0337331692055155,0.0337331692055155,0,0
0.03,-3.63797880709171e-17,-1.2126596023639e-15,29419.95,29419.95,29419.95,29419.95,16.269694194372,16.269694194372,0.0337331692055155,0.0337331692055155,0,0
0.035,-4.24430860827366e-17,-1.2126596023639e-15,29419.95,29419.95,29419.95,29419.95,16.269694194372,16.269694194372,0.0337331692055155,0.0337331692055155,0,0
0.04,-4.85063840945562e-17,-1.2126596023639e-15,29419.95,29419.95,29419.95,29419.95,16.269694194372,16.269694194372,0.0337331692055155,0.0337331692055155,0,0
0.045,-5.45696821063757e-17,-1.2126596023639e-15,29419.95,29419.95,29419.95,29419.95,16.269694194372,16.269694194372,0.0337331692055155,0.0337331692055155,0,0
0.05,-6.06329801181952e-17,-1.2126596023639e-15,29419.95,29419.95,29419.95,29419.95,16.269694194372,16.269694194372,0.0337331692055155,0.0337331692055155,0,0
0.055,-6.66962781300147e-17,-1.2126596023639e-15,29419.95,29419.95,29419.95,29419.95,16.269694194372,16.269694194372,0.0337331692055155,0.0337331692055155,0,0
0.06,-7.27595761418343e-17,-1.2126596023639e-15,29419.95,29419.95,29419.95,29419.95,16.269694194372,16.269694194372,0.0337331692055155,0.0337331692055155,0,0
0.065,-7.88228741536538e-17,-1.2126596023639e-15,29419.95,29419.95,29419.95,29419.95,16.269694194372,16.269694194372,0.0337331692055155,0.0337331692055155,0,0
0.07,-8.48861721654733e-17,-1.2126596023639e-15,29419.95,29419.95,29419.95,29419.95,16.269694194372,16.269694194372,0.0337331692055155,0.0337331692055155,0,0
0.075,-9.09494701772928e-17,-1.2126596023639e-15,29419.95,29419.95,29419.95,29419.95,16.269694194372,16.269694194372,0.0337331692055155,0.0337331692055155,0,0
0.08,-9.70127681891123e-17,-1.2126596023639e-15,29419.95,29419.95,29419.95,29419.95,16.269694194372,16.269694194372,0.0337331692055155,0.0337331692055155,0,0
0.085,-1.03076066200932e-16,-1.2126596023639e-15,29419.95,29419.95,29419.95,29419.95,16.269694194372,16.269694194372,0.0337331692055155,0.0337331692055155,0,0
0.09,-1.09139364212751e-16,-1.2126596023639e-15,29419.95,29419.95,29419.95,29419.95,16.269694194372,16.269694194372,0.0337331692055155,0.0337331692055155,0,0
0.095,-1.15202662224571e-16,-1.2126596023639e-15,29419.95,29419.95,29419.95,29419.95,16.269694194372,16.269694194372,0.0337331692055155,0.0337331692055155,0,0
0.1,-1.2126596023639e-16,-1.2126596023639e-15,29419.95,29419.95,29419.95,29419.95,16.269694194372,16.269694194372,0.0337331692055155,0.0337331692055155,0,0
0.105,-1.2732925824821e-16,-1.2126596023639e-15,29419.95,29419.95,29419.95,29419.95,16.269694194372,16.269694194372,0.0337331692055155,0.0337331692055155,0,0
0.11,-1.33392556260029e-16,-1.2126596023639e-15,29419.95,29419.95,29419.95,29419.95,16.269694194372,16.269694194372,0.0337331692055155,0.0337331692055155,0,0
0.115,-1.39455854271849e-16,-1.2126596023639e-15,29419.95,29419.95,29419.95,29419.95,16.269694194372,16.269694194372,0.0337331692055155,0.0337331692055155,0,0
0.12,-1.45519152283669e-16,-1.2126596023639e-15,29419.95,29419.95,29419.95,29419.95,16.269694194372,16.269694194372,0.0337331692055155,0.0337331692055155,0,0
0.125,-1.51582450295488e-16,-1.2126596023639e-15,29419.95,29419.95,29419.95,29419.95,16.269694194372,16.269694194372,0.0337331692055155,0.0337331692055155,0,0
0.13,-1.57645748307308e-16,-1.2126596023639e-15,29419.95,29419.95,29419.95,29419.95,16.269694194372,16.269694194372,0.0337331692055155,0.0337331692055155,0,0
0.135,-1.63709046319127e-16,-1.2126596023639e-15,29419.95,29419.95,29419.95,29419.95,16.269694194372,16.269694194372,0.0337331692055155,0.0337331692055155,0,0
0.14,-1.69772344330947e-16,-1.2126596023639e-15,29419.95,29419.95,29419.95,29419.95,16.269694194372,16.269694194372,0.0337331692055155,0.0337331692055155,0,0
0.145,-1.75835642342766e-16,-1.2126596023639e-15,29419.95,29419.95,29419.95,29419.95,16.269694194372,16.269694194372,0.0337331692055155,0.0337331692055155,0,0
0.15,-1.81898940354586e-16,-1.2126596023639e-15,29419.95,29419.95,29419.95,29419.95,16.269694194372,16.269694194372,0.0337331692055155,0.0337331692055155,0,0
0.155,-1.87962238366405e-16,-1.2126596023639e-15,29419.95,29419.95,29419.95,29419.95,16.269694194372,16.269694194372,0.0337331692055155,0.0337331692055155,0,0
0.16,-1.94025536378225e-16,-1.2126596023639e-15,29419.95,29419.95,29419.95,29419.95,16.269694194372,16.269694194372,0.0337331692055155,0.0337331692055155,0,0
0.165,-2.00088834390044e-16,-1.2126596023639e-15,29419.95,29419.95,29419.95,29419.95,16.269694194372,16.269694194372,0.0337331692055155,0.0337331692055155,0,0
0.17,-2.06152132401864e-16,-1.2126596023639e-15,29419.95,29419.95,29419.95,29419.95,16.269694194372,16.269694194372,0.0337331692055155,0.0337331692055155,0,0
0.175,-2.12215430413683e-16,-1.2126596023639e-15,29419.95,29419.95,29419.95,29419.95,16.269694194372,16.269694194372,0.0337331692055155,0.0337331692055155,0,0
0.18,-2.18278728425503e-16,-1.2126596023639e-15,29419.95,29419.95,29419.95,29419.95,16.269694194372,16.269694194372,0.0337331692055155,0.0337331692055155,0,0
0.185,-2.24342026437322e-16,-1.2126596023639e-15,29419.95,29419.95,29419.95,29419.95,16.269694194372,16.269694194372,0.0337331692055155,0.0337331692055155,0,0
0.19,-2.30405324449142e-16,-1.2126596023639e-15,29419.95,29419.95,29419.95,29419.95,16.269694194372,16.269694194372,0.0337331692055155,0.0337331692055155,0,0
0.195,-2.36468622460961e-16,-1.2126596023639e-15,29419.95,29419.95,29419.95,29419.95,16.269694194372,16.269694194372,0.0337331692055155,0.0337331692055155,0,0
0.2,-2.42531920472781e-16,-1.2126596023639e-15,29419.95,29419.95,29419.95,29419.95,16.269694194372,16.269694194372,0.0337331692055155,0.0337331692055155,0,0
0.205,-2.485952184846e-16,-1.2126596023639e-15,29419.95,29419.95,29419.95,29419.95,16.269694194372,16.269694194372,0.0337331692055155,0.0337331692055155,0,0
0.21,-2.5465851649642e-16,-1.2126596023639e-15,29419.95,29419.95,29419.95,29419.95,16.269694194372,16.269694194372,0.0337331692055155,0.0337331692055155,0,0
0.215,-2.60721814508239e-16,-1.2126596023639e-15,29419.95,29419.95,29419.95,29419.95,16.269694194372,16.269694194372,0.0337331692055155,0.0337331692055155,0,0
0.22,-2.66785112520059e-16,-1.2126596023639e-15,29419.95,29419.95,29419.95,29419.95,16.269694194372,16.269694194372,0.0337331692055155,0.0337331692055155,0,0
0.225,-2.72848410531878e-16,-1.2126596023639e-15,29419.95,29419.95,29419.95,29419.95,16.269694194372,16.269694194372,0.0337331692055155,0.0337331692055155,0,0
0.23,-2.78911708543698e-16,-1.2126596023639e-15,29419.95,29419.95,29419.95,29419.95,16.269694194372,16.269694194372,0.0337331692055155,0.0337331692055155,0,0
0.235,-2.84975006555517e-16,-1.2126596023639e-15,29419.95,29419.95,29419.95,29419.95,16.269694194372,16.269694194372,0.0337331692055155,0.0337331692055155,0,0
0.24,-2.91038304567337e-16,-1.2126596023639e-15,29419.95,29419.95,29419.95,29419.95,16.269694194372,16.269694194372,0.0337331692055155,0.0337331692055155,0,0
0.245,-2.97101602579156e-16,-1.2126596023639e-15,29419.95,29419.95,29419.95,29419.95,16.269694194372,16.269694194372,0.0337331692055155,0.0337331692055155,0,0
0.25,-3.03164900590976e-16,-1.2126596023639e-15,29419.95,29419.95,29419.95,29419.95,16.269694194372,16.269694194372,0.0337331692055155,0.0337331692055155,0,0
0.255,-3.09228198602795e-16,-1.2126596023639e-15,29419.95,29419.95,29419.95,29419.95,16.269694194372,16.269694194372,0.0337331692055155,0.0337331692055155,0,0
0.26,-3.15291496614615e-16,-1.2126596023639e-15,29419.95,29419.95,29419.95,29419.95,16.269694194372,16.269694194372,0.0337331692055155,0.0337331692055155,0,0
0.265,-3.21354794626434e-16,-1.2126596023639e-15,29419.95,29419.95,29419.95,29419.95,16.269694194372,16.269694194372,0.0337331692055155,0.0337331692055155,0,0
0.27,-3.27418092638254e-16,-1.2126596023639e-15,29419.95,29419.95,29419.95,29419.95,16.269694194372,16.269694194372,0.0337331692055155,0.0337331692055155,0,0
0.275,-3.33481390650073e-16,-1.2126596023639e-15,29419.95,29419.95,29419.95,29419.95,16.269694194372,16.269694194372,0.0337331692055155,0.0337331692055155,0,0
0.28,-3.39544688661893e-16,-1.2126596023639e-15,29419.95,29419.95,29419.95,29419.95,16.269694194372,16.269694194372,0.0337331692055155,0.0337331692055155,0,0
0.285,-3.45607986673712e-16,-1.2126596023639e-15,29419.95,29419.95,29419.95,29419.95,16.269694194372,16.269694194372,0.0337331692055155,0.0337331692055155,0,0
0.29,-3.51671284685532e-16,-1.2126596023639e-15,29419.95,29419.95,29419.95,29419.95,16.269694194372,16.269694194372,0.0337331692055155,0.0337331692055155,0,0
0.295,-3.57734582697351e-16,-1.2126596023639e-15,29419.95,29419.95,29419.95,29419.95,16.269694194372,16.269694194372,0.0337331692055155,0.0337331692055155,0,0
0.3,-3.63797880709171e-16,-1.2126596023639e-15,29419.95,29419.95,29419.95,29419.95,16.269694194372,16.269694194372,0.0337331692055155,0.0337331692055155,0,0
0.305,-3.6986117872099e-16,-1.2126596023639e-15,29419.95,29419.95,29419.95,29419.95,16.269694194372,16.269694194372,0.0337331692055155,0.0337331692055155,0,0
0.31,-3.7592447673281e-16,-1.2126596023639e-15,29419.95,29419.95,29419.95,29419.95,16.269694194372,16.269694194372,0.0337331692055155,0.0337331692055155,0,0
0.315,-3.81987774744629e-16,-1.2126596023639e-15,29419.95,29419.95,29419.95,29419.95,16.269694194372,16.269694194372,0.0337331692055155,0.0337331692055155,0,0
0.32,-3.88051072756449e-16,-1.2126596023639e-15,29419.95,29419.95,29419.95,29419.95,16.269694194372,16.269694194372,0.0337331692055155,0.0337331692055155,0,0
0.325,-3.94114370768268e-16,-1.2126596023639e-15,29419.95,29419.95,29419.95,29419.95,16.269694194372,16.269694194372,0.0337331692055155,0.0337331692055155,0,0
0.33,-4.00177668780088e-16,-1.2126596023639e-15,29419.95,29419.95,29419.95,29419.95,16.269694194372,16.269694194372,0.0337331692055155,0.0337331692055155,0,0
0.335,-4.06240966791907e-16,-1.2126596023639e-15,29419.95,29419.95,29419.95,29419.95,16.269694194372,16.269694194372,0.0337331692055155,0.0337331692055155,0,0
0.34,-4.12304264803727e-16,-1.2126596023639e-15,29419.95,29419.95,29419.95,29419.95,16.269694194372,16.269694194372,0.0337331692055155,0.0337331692055155,0,0
0.345,-4.18367562815546e-16,-1.2126596023639e-15,29419.95,29419.95,29419.95,29419.95,16.269694194372,16.269694194372,0.0337331692055155,0.0337331692055155,0,0
0.35,-4.24430860827366e-16,-1.2126596023639e-15,29419.95,29419.95,29419.95,29419.95,16.269694194372,16.269694194372,0.0337331692055155,0.0337331692055155,0,0
0.355,-4.30494158839185e-16,-1.2126596023639e-15,29419.95,29419.95,29419.95,29419.95,16.269694194372,16.269694194372,0.0337331692055155,0.0337331692055155,0,0
0.36,-4.36557456851005e-16,-1.2126596023639e-15,29419.95,29419.95,29419.95,29419.95,16.269694194372,16.269694194372,0.0337331692055155,0.0337331692055155,0,0
0.365,-4.42620754862824e-16,-1.2126596023639e-15,29419.95,29419.95,29419.95,29419.95,16.269694194372,16.269694194372,0.0337331692055155,0.0337331692055155,0,0
0.37,-4.48684052874644e-16,-1.2126596023639e-15,29419.95,29419.95,29419.95,29419.95,16.269694194372,16.269694194372,0.0337331692055155,0.0337331692055155,0,0
0.375,-4.54747350886463e-16,-1.2126596023639e-15,29419.95,29419.95,29419.95,29419.95,16.269694194372,16.269694194372,0.0337331692055155,0.0337331692055155,0,0
0.38,-4.60810648898283e-16,-1.2126596023639e-15,29419.95,29419.95,29419.95,29419.95,16.269694194372,16.269694194372,0.0337331692055155,0.0337331692055155,0,0
0.385,-4.66873946910102e-16,-1.2126596023639e-15,29419.95,29419.95,29419.95,29419.95,16.269694194372,16.269694194372,0.0337331692055155,0.0337331692055155,0,0
0.39,-4.72937244921922e-16,-1.2126596023639e-15,29419.95,29419.95,29419.95,29419.95,16.269694194372,16.269694194372,0.0337331692055155,0.0337331692055155,0,0
0.395,-4.79000542933741e-16,-1.2126596023639e-15,29419.95,29419.95,29419.95,29419.95,16.269694194372,16.269694194372,0.0337331692055155,0.0337331692055155,0,0
0.4,-4.85063840945561e-16,-1.2126596023639e-15,29419.95,29419.95,29419.95,29419.95,16.269694194372,16.269694194372,0.0337331692055155,0.0337331692055155,0,0
0.405,-4.9112713895738e-16,-1.2126596023639e-15,29419.95,29419.95,29419.95,29419.95,16.269694194372,16.269694194372,0.0337331692055155,0.0337331692055155,0,0
0.41,-4.971904369692e-16,-1.2126596023639e-15,29419.95,29419.95,29419.95,29419.95,16.269694194372,16.269694194372,0.0337331692055155,0.0337331692055155,0,0
0.415,-5.03253734981019e-16,-1.2126596023639e-15,29419.95,29419.95,29419.95,29419.95,16.269694194372,16.269694194372,0.0337331692055155,0.0337331692055155,0,0
0.42,-5.09317032992839e-16,-1.2126596023639e-15,29419.95,29419.95,29419.95,29419.95,16.269694194372,16.269694194372,0.0337331692055155,0.0337331692055155,0,0
0.425,-5.15380331004658e-16,-1.2126596023639e-15,29419.95,29419.95,29419.95,29419.95,16.269694194372,16.269694194372,0.0337331692055155,0.0337331692055155,0,0
0.43,-5.21443629016478e-16,-1.2126596023639e-15,29419.95,29419.95,29419.95,29419.95,16.269694194372,16.269694194372,0.0337331692055155,0.0337331692055155,0,0
0.435,-5.27506927028297e-16,-1.2126596023639e-15,29419.95,29419.95,29419.95,29419.95,16.269694194372,16.269694194372,0.0337331692055155,0.0337331692055155,0,0
0.44,-5.33570225040117e-16,-1.2126596023639e-15,29419.95,29419.95,29419.95,29419.95,16.269694194372,16.269694194372,0.0337331692055155,0.0337331692055155,0,0
0.445,-5.39633523051936e-16,-1.2126596023639e-15,29419.95,29419.95,29419.95,29419.95,16.269694194372,16.269694194372,0.0337331692055155,0.0337331692055155,0,0
0.45,-5.45696821063756e-16,-1.2126596023639e-15,29419.95,29419.95,29419.95,29419.95,16.269694194372,16.269694194372,0.0337331692055155,0.0337331692055155,0,0
0.455,-5.51760119075575e-16,-1.2126596023639e-15,29419.95,29419.95,29419.95,29419.95,16.269694194372,16.269694194372,0.0337331692055155,0.0337331692055155,0,0
0.46,-5.57823417087395e-16,-1.2126596023639e-15,29419.95,29419.95,29419.95,29419.95,16.269694194372,16.269694194372,0.0337331692055155,0.0337331692055155,0,0
0.465,-5.63886715099214e-16,-1.2126596023639e-15,29419.95,29419.95,29419.95,29419.95,16.269694194372,16.269694194372,0.0337331692055155,0.0337331692055155,0,0
0.47,-5.69950013111034e-16,-1.2126596023639e-15,29419.95,29419.95,29419.95,29419.95,16.269694194372,16.269694194372,0.0337331692055155,0.0337331692055155,0,0
0.475,-5.76013311122853e-16,-1.2126596023639e-15,29419.95,29419.95,29419.95,29419.95,16.269694194372,16.269694194372,0.0337331692055155,0.0337331692055155,0,0
0.48,-5.82076609134673e-16,-1.2126596023639e-15,29419.95,29419.95,29419.95,29419.95,16.269694194372,16.269694194372,0.0337331692055155,0.0337331692055155,0,0
0.485,-5.88139907146492e-16,-1.2126596023639e-15,29419.95,29419.95,29419.95,29419.95,16.269694194372,16.269694194372,0.0337331692055155,0.0337331692055155,0,0
0.49,-5.94203205158312e-16,-1.2126596023639e-15,29419.95,29419.95,29419.95,29419.95,16.269694194372,16.269694194372,0.0337331692055155,0.0337331692055155,0,0
0.495,-6.00266503170131e-16,-1.2126596023639e-15,29419.95,29419.95,29419.95,29419.95,16.269694194372,16.269694194372,0.0337331692055155,0.0337331692055155,0,0
0.5,-6.06329801181951e-16,-0.323701418684782,30391.0542560543,30391.0542560543,30391.0542560543,30391.0542560543,16.269694194372,16.269694194372,0.0348132785864966,0.0348132785864966,0,0
0.505,-0.00157924855697536,-0.308378137034318,30345.084411103,30345.084411103,30345.084411103,30345.084411103,16.2947812293266,16.2947812293266,0.0347669487344037,0.0347669487344037,0,0
0.51,-0.00308731011016253,-0.295173657796514,30305.4709733895,30305.4709733895,30305.4709733895,30305.4709733895,16.3162522133205,16.3162522133205,0.0347270250689641,0.0347270250689641,0,0
0.515,-0.00453402184956369,-0.283792559347684,30271.327678043,30271.327678043,30271.327678043,30271.327678043,16.3346114155382,16.3346114155382,0.0346926143846331,0.0346926143846331,0,0
0.52,-0.00592784831801343,-0.273980210144309,30241.8906304329,30241.8906304329,30241.8906304329,30241.8906304329,16.3502934930269,16.3502934930269,0.0346629468044341,0.0346629468044341,0,0
0.525,-0.00727607123900033,-0.265517242236994,30216.501726711,30216.501726711,30216.501726711,30216.501726711,16.3636729183156,16.3636729183156,0.0346373590706603,0.0346373590706603,0,0
0.53,-0.00858495341936112,-0.258214749566764,30194.5942487003,30194.5942487003,30194.5942487003,30194.5942487003,16.3750721716592,16.3750721716592,0.0346152800269517,0.0346152800269517,0,0
0.535,-0.00985988054781698,-0.251910111181428,30175.6803335443,30175.6803335443,30175.6803335443,30175.6803335443,16.384768867872,16.384768867872,0.034596217989814,0.034596217989814,0,0
0.54,-0.0111054832897614,-0.246463378536031,30159.3401356081,30159.3401356081,30159.3401356081,30159.3401356081,16.39300192122,16.39300192122,0.0345797498256435,0.0345797498256435,0,0
0.545,-0.0123257425904037,-0.24175414749342,30145.2124424803,30145.2124424803,30145.2124424803,30145.2124424803,16.3999768836067,16.3999768836067,0.0345655114932385,0.0345655114932385,0,0
0.55,-0.013524080527114,-0.237678850518348,30132.986551555,30132.986551555,30132.986551555,30132.986551555,16.4058705659702,16.4058705659702,0.0345531898567642,0.0345531898567642,0,0
0.555,-0.0147034385069643,-0.234148419441544,30122.3952583246,30122.3952583246,30122.3952583246,30122.3952583246,16.4108350274515,16.4108350274515,0.0345425156191339,0.0345425156191339,0,0
0.56,-0.0158663445814599,-0.231086268614674,30113.208805844,30113.208805844,30113.208805844,30113.208805844,16.4150010178867,16.4150010178867,0.0345332572240896,0.0345332572240896,0,0
0.565,-0.0170149713993524,-0.22842655495085,30105.2296648525,30105.2296648525,30105.2296648525,30105.2296648525,16.4184809478125,16.4184809478125,0.0345252155954447,0.0345252155954447,0,0
0.57,-0.0181511860779185,-0.226112677939049,30098.2880338171,30098.2880338171,30098.2880338171,30098.2880338171,16.421371448939,16.421371448939,0.0345182196018865,0.0345182196018865,0,0
0.575,-0.0192765931061343,-0.224095987275085,30092.2379618253,30092.2379618253,30092.2379618253,30092.2379618253,16.4237555802869,16.4237555802869,0.0345121221495059,0.0345121221495059,0,0
0.58,-0.0203925712439707,-0.222334669899124,30086.9540096974,30086.9540096974,30086.9540096974,30086.9540096974,16.425704728117,16.425704728117,0.034506796816762,0.034506796816762,0,0
0.585,-0.021500305254507,-0.220792791818534,30082.3283754556,30082.3283754556,30082.3283754556,30082.3283754556,16.4272802416624,16.4272802416624,0.0345021349574391,0.0345021349574391,0,0
0.59,-0.0226008131853844,-0.219439473535558,30078.2684206067,30078.2684206067,30078.2684206067,30078.2684206067,16.4285348408058,16.4285348408058,0.0344980432075571,0.0344980432075571,0,0
0.595,-0.0236949698231025,-0.218248180569077,30074.6945417072,30074.6945417072,30074.6945417072,30074.6945417072,16.429513827292,16.429513827292,0.0344944413402682,0.0344944413402682,0,0
0.6,-0.0247835268540944,-0.217196113166875,30071.5383395006,30071.5383395006,30071.5383395006,30071.5383395006,16.430256126618,16.430256126618,0.0344912604206553,0.0344912604206553,0,0
0.605,-0.0258671301932373,-0.216263681446391,30068.7410443392,30068.7410443392,30068.7410443392,30068.7410443392,16.4307951840888,16.4307951840888,0.0344884412188236,0.0344884412188236,0,0
0.61,-0.0269463348765247,-0.215434054082099,30066.2521622463,30066.2521622463,30066.2521622463,30066.2521622463,16.4311597353195,16.4311597353195,0.0344859328453592,0.0344859328453592,0,0
0.615,-0.0280216178593806,-0.214692770290284,30064.0283108708,30064.0283108708,30064.0283108708,30064.0283108708,16.4313744686795,16.4313744686795,0.0344836915781674,0.0344836915781674,0,0
0.62,-0.0290933890144649,-0.214027406275464,30062.0322188264,30062.0322188264,30062.0322188264,30062.0322188264,16.4314605947596,16.4314605947596,0.0344816798539755,0.0344816798539755,0,0
0.625,-0.0301620005817713,-0.21342728852495,30060.2318655748,30060.2318655748,30060.2318655748,30060.2318655748,16.4314363358604,16.4314363358604,0.0344798654014807,0.0344798654014807,0,0
0.63,-0.0312277552884579,-0.212883247394317,30058.5997421829,30058.5997421829,30058.5997421829,30058.5997421829,16.4313173466941,16.4313173466941,0.0344782204963168,0.0344782204963168,0,0
0.635,-0.0322909133253976,-0.212387405338373,30057.1122160151,30057.1122160151,30057.1122160151,30057.1122160151,16.4311170759382,16.4311170759382,0.0344767213207722,0.0344767213207722,0,0
0.64,-0.0333516983412264,-0.211932994928754,30055.7489847863,30055.7489847863,30055.7489847863,30055.7489847863,16.4308470769361,16.4308470769361,0.034475347413567,0.034475347413567,0,0
0.645,-0.0344103025921076,-0.211514202477566,30054.4926074327,30054.4926074327,30054.4926074327,30054.4926074327,16.4305172746802,16.4305172746802,0.03447408119705,0.03447408119705,0,0
0.65,-0.0354668913660269,-0.211126033670714,30053.3281010121,30053.3281010121,30053.3281010121,30053.3281010121,16.4301361952188,16.4301361952188,0.0344729075709417,0.0344729075709417,0,0
0.655,-0.0365216067837389,-0.21076419811806,30052.2425943542,30052.2425943542,30052.2425943542,30052.2425943542,16.4297111627666,16.4297111627666,0.034471813563273,0.034471813563273,0,0
0.66,-0.0375745710641348,-0.210425010160715,30051.2250304821,30051.2250304821,30051.2250304821,30051.2250304821,16.4292484690589,16.4292484690589,0.0344707880304756,0.0344707880304756,0,0
0.665,-0.0386258893294534,-0.210105303648876,30050.2659109466,30050.2659109466,30050.2659109466,30050.2659109466,16.4287535188536,16.4287535188536,0.0344698213997144,0.0344698213997144,0,0
0.67,-0.0396756520151533,-0.209802358724514,30049.3570761735,30049.3570761735,30049.3570761735,30049.3570761735,16.4282309549381,16.4282309549381,0.0344689054475144,0.0344689054475144,0,0
0.675,-0.0407239369401375,-0.2095138389192,30048.4915167576,30048.4915167576,30048.4915167576,30048.4915167576,16.4276847655239,16.4276847655239,0.0344680331095772,0.0344680331095772,0,0
0.68,-0.0417708110851849,-0.209237737114934,30047.6632113448,30047.6632113448,30047.6632113448,30047.6632113448,16.4271183765098,16.4271183765098,0.0344671983173933,0.0344671983173933,0,0
0.685,-0.0428163321207047,-0.208972329119887,30046.8669873597,30046.8669873597,30046.8669873597,30046.8669873597,16.4265347307438,16.4265347307438,0.0344663958578787,0.0344663958578787,0,0
0.69,-0.0438605497191393,-0.208716133786544,30046.0984013596,30046.0984013596,30046.0984013596,30046.0984013596,16.4259363561148,16.4259363561148,0.0344656212527927,0.0344656212527927,0,0
0.695,-0.0449035066823652,-0.208467878750688,30045.3536362521,30045.3536362521,30045.3536362521,30045.3536362521,16.4253254240481,16.4253254240481,0.0344648706551496,0.0344648706551496,0,0
0.7,-0.0459452399101675,-0.208226470999329,30044.629412998,30044.629412998,30044.629412998,30044.629412998,16.4247037997556,16.4247037997556,0.0344641407602309,0.0344641407602309,0,0
0.705,-0.046985781232186,-0.207990971587117,30043.9229147613,30043.9229147613,30043.9229147613,30043.9229147613,16.4240730854038,16.4240730854038,0.0344634287291409,0.0344634287291409,0,0
0.71,-0.0480251581225811,-0.207760573916735,30043.2317217502,30043.2317217502,30043.2317217502,30043.2317217502,16.4234346571966,16.4234346571966,0.0344627321231374,0.0344627321231374,0,0
0.715,-0.0490633943139472,-0.207534585080938,30042.5537552428,30042.5537552428,30042.5537552428,30042.5537552428,16.4227896972304,16.4227896972304,0.0344620488472193,0.0344620488472193,0,0
0.72,-0.0501005103246797,-0.207312409834782,30041.8872295043,30041.8872295043,30041.8872295043,30041.8872295043,16.4221392208599,16.4221392208599,0.0344613771016672,0.0344613771016672,0,0
0.725,-0.0511365239119943,-0.207093536827292,30041.2306104819,30041.2306104819,30041.2306104819,30041.2306104819,16.4214841002042,16.4214841002042,0.0344607153404142,0.0344607153404142,0,0
0.73,-0.0521714504610798,-0.206877526774131,30040.5825803224,30040.5825803224,30040.5825803224,30040.5825803224,16.4208250843413,16.4208250843413,0.0344600622352869,0.0344600622352869,0,0
0.735,-0.0532053033193883,-0.206664002297622,30039.9420068929,30039.9420068929,30039.9420068929,30039.9420068929,16.4201628166536,16.4201628166536,0.034459416645286,0.034459416645286,0,0
0.74,-0.054238094083797,-0.206452639199113,30039.3079175973,30039.3079175973,30039.3079175973,30039.3079175973,16.4194978497299,16.4194978497299,0.0344587775901987,0.0344587775901987,0,0
0.745,-0.055269832847286,-0.206243158961781,30038.6794768853,30038.6794768853,30038.6794768853,30038.6794768853,16.418830658165,16.418830658165,0.0344581442279312,0.0344581442279312,0,0
0.75,-0.0563005284108388,-0.206035322310365,30038.0559669311,30038.0559669311,30038.0559669311,30038.0559669311,16.4181616495558,16.4181616495558,0.0344575158350361,0.0344575158350361,0,0
0.755,-0.0573301884654695,-0.205828923678883,30037.4367710366,30037.4367710366,30037.4367710366,30037.4367710366,16.4174911739467,16.4174911739467,0.0344568917899857,0.0344568917899857,0,0
0.76,-0.0583588197485875,-0.205623786458294,30036.8213593749,30036.8213593749,30036.8213593749,30036.8213593749,16.4168195319435,16.4168195319435,0.0344562715588038,0.0344562715588038,0,0
0.765,-0.0593864281783178,-0.20541975891416,30036.2092767425,30036.2092767425,30036.2092767425,30036.2092767425,16.4161469816835,16.4161469816835,0.0344556546827222,0.0344556546827222,0,0
0.77,-0.0604130189688853,-0.205216710679845,30035.6001320395,30035.6001320395,30035.6001320395,30035.6001320395,16.4154737448223,16.4154737448223,0.034455040767578,0.034455040767578,0,0
0.775,-0.0614385967297318,-0.205014529744109,30034.9935892323,30034.9935892323,30034.9935892323,30034.9935892323,16.4148000116778,16.4148000116778,0.034454429474706,0.034454429474706,0,0
0.78,-0.0624631655506604,-0.204813119863419,30034.3893595903,30034.3893595903,30034.3893595903,30034.3893595903,16.4141259456475,16.4141259456475,0.0344538205131144,0.0344538205131144,0,0
0.785,-0.0634867290749756,-0.204612398339044,30033.7871950171,30033.7871950171,30033.7871950171,30033.7871950171,16.4134516870044,16.4134516870044,0.0344532136327641,0.0344532136327641,0,0
0.79,-0.0645092905623132,-0.204412294107573,30033.1868823227,30033.1868823227,30033.1868823227,30033.1868823227,16.4127773561565,16.4127773561565,0.0344526086187952,0.0344526086187952,0,0
0.795,-0.0655308529426119,-0.204212746100623,30032.5882383019,30032.5882383019,30032.5882383019,30032.5882383019,16.4121030564481,16.4121030564481,0.0344520052865679,0.0344520052865679,0,0
0.8,-0.066551418862477,-0.204013701835787,30031.9911055074,30031.9911055074,30031.9911055074,30031.9911055074,16.4114288765647,16.4114288765647,0.034451403477402,0.034451403477402,0,0
0.805,-0.0675709907250076,-0.203815116206252,30031.3953486188,30031.3953486188,30031.3953486188,30031.3953486188,16.4107548926004,16.4107548926004,0.0344508030549172,0.0344508030549172,0,0
0.81,-0.068589570724009,-0.203616950441033,30030.8008513231,30030.8008513231,30030.8008513231,30030.8008513231,16.4100811698322,16.4100811698322,0.0344502039018896,0.0344502039018896,0,0
0.815,-0.069607160873383,-0.203419171211815,30030.2075136354,30030.2075136354,30030.2075136354,30030.2075136354,16.4094077642459,16.4094077642459,0.0344496059175515,0.0344496059175515,0,0
0.82,-0.0706237630323743,-0.203221749865701,30029.6152495971,30029.6152495971,30029.6152495971,30029.6152495971,16.4087347238452,16.4087347238452,0.0344490090152707,0.0344490090152707,0,0
0.825,-0.0716393789272579,-0.203024661766111,30029.0239852983,30029.0239852983,30029.0239852983,30029.0239852983,16.4080620897776,16.4080620897776,0.0344484131205589,0.0344484131205589,0,0
0.83,-0.0726540101699699,-0.20282788572664,30028.4336571799,30028.4336571799,30028.4336571799,30028.4336571799,16.4073898973007,16.4073898973007,0.034447818169359,0.034447818169359,0,0
0.835,-0.0736676582741111,-0.202631403524678,30027.844210574,30027.844210574,30027.844210574,30027.844210574,16.4067181766127,16.4067181766127,0.0344472241065751,0.0344472241065751,0,0
0.84,-0.0746803246686959,-0.202435199483643,30027.2555984509,30027.2555984509,30027.2555984509,30027.2555984509,16.4060469535659,16.4060469535659,0.0344466308848091,0.0344466308848091,0,0
0.845,-0.0756920107099616,-0.202239260114064,30026.6677803422,30026.6677803422,30026.6677803422,30026.6677803422,16.4053762502788,16.4053762502788,0.0344460384632758,0.0344460384632758,0,0
0.85,-0.0767027176915143,-0.20204357380531,30026.0807214159,30026.0807214159,30026.0807214159,30026.0807214159,16.4047060856632,16.4047060856632,0.0344454468068703,0.0344454468068703,0,0
0.855,-0.0777124468530441,-0.201848130560746,30025.4943916822,30025.4943916822,30025.4943916822,30025.4943916822,16.4040364758762,16.4040364758762,0.034444855885368,0.034444855885368,0,0
0.86,-0.0787211993878119,-0.201652921770219,30024.9087653107,30024.9087653107,30024.9087653107,30024.9087653107,16.4033674347082,16.4033674347082,0.0344442656727361,0.0344442656727361,0,0
0.865,-0.0797289764490807,-0.201457940014643,30024.3238200439,30024.3238200439,30024.3238200439,30024.3238200439,16.4026989739169,16.4026989739169,0.034443676146543,0.034443676146543,0,0
0.87,-0.080735779155641,-0.201263178898121,30023.7395366944,30023.7395366944,30023.7395366944,30023.7395366944,16.402031103514,16.402031103514,0.0344430872874508,0.0344430872874508,0,0
0.875,-0.0817416085965566,-0.201068632903719,30023.1558987112,30023.1558987112,30023.1558987112,30023.1558987112,16.4013638320114,16.4013638320114,0.0344424990787791,0.0344424990787791,0,0
0.88,-0.0827464658352423,-0.200874297269586,30022.5728918088,30022.5728918088,30022.5728918088,30022.5728918088,16.4006971666323,16.4006971666323,0.0344419115061305,0.0344419115061305,0,0
0.885,-0.0837503519129665,-0.200680167882542,30021.9905036476,30021.9905036476,30021.9905036476,30021.9905036476,16.4000311134934,16.4000311134934,0.0344413245570686,0.0344413245570686,0,0
0.89,-0.0847532678518596,-0.200486241186639,30021.4087235599,30021.4087235599,30021.4087235599,30021.4087235599,16.3993656777608,16.3993656777608,0.0344407382208423,0.0344407382208423,0,0
0.895,-0.0857552146574997,-0.200292514104656,30020.827542314,30020.827542314,30020.827542314,30020.827542314,16.3987008637842,16.3987008637842,0.0344401524881475,0.0344401524881475,0,0
0.9,-0.086756193321133,-0.200098983970613,30020.2469519118,30020.2469519118,30020.2469519118,30020.2469519118,16.3980366752116,16.3980366752116,0.0344395673509236,0.0344395673509236,0,0
0.905,-0.087756204821581,-0.199905648471835,30019.6669454155,30019.6669454155,30019.6669454155,30019.6669454155,16.3973731150889,16.3973731150889,0.0344389828021783,0.0344389828021783,0,0
0.91,-0.0887552501268803,-0.199712505599161,30019.0875167975,30019.0875167975,30019.0875167975,30019.0875167975,16.3967101859445,16.3967101859445,0.0344383988358369,0.0344383988358369,0,0
0.915,-0.0897533301956897,-0.199519553604183,30018.5086608125,30018.5086608125,30018.5086608125,30018.5086608125,16.3960478898625,16.3960478898625,0.0344378154466131,0.0344378154466131,0,0
0.92,-0.0907504459785002,-0.1993267909625,30017.9303728875,30017.9303728875,30017.9303728875,30017.9303728875,16.395386228545,16.395386228545,0.0344372326298978,0.0344372326298978,0,0
0.925,-0.0917465984186744,-0.199134216342178,30017.3526490265,30017.3526490265,30017.3526490265,30017.3526490265,16.3947252033667,16.3947252033667,0.0344366503816641,0.0344366503816641,0,0
0.93,-0.0927417884533387,-0.198941828576615,30016.7754857298,30016.7754857298,30016.7754857298,30016.7754857298,16.3940648154206,16.3940648154206,0.0344360686983846,0.0344360686983846,0,0
0.935,-0.0937360170141508,-0.198749626641275,30016.1988799238,30016.1988799238,30016.1988799238,30016.1988799238,16.3934050655581,16.3934050655581,0.0344354875769617,0.0344354875769617,0,0
0.94,-0.0947292850279585,-0.198557609633668,30015.622828901,30015.622828901,30015.622828901,30015.622828901,16.3927459544227,16.3927459544227,0.0344349070146667,0.0344349070146667,0,0
0.945,-0.095721593417366,-0.19836577675617,30015.0473302685,30015.0473302685,30015.0473302685,30015.0473302685,16.39208748248,16.39208748248,0.034434327009088,0.034434327009088,0,0
0.95,-0.0967129431012203,-0.198174127301253,30014.4723819038,30014.4723819038,30014.4723819038,30014.4723819038,16.3914296500424,16.3914296500424,0.0344337475580864,0.0344337475580864,0,0
0.955,-0.097703334995029,-0.197982660638815,30013.8979819164,30013.8979819164,30013.8979819164,30013.8979819164,16.3907724572909,16.3907724572909,0.0344331686597568,0.0344331686597568,0,0
0.96,-0.0986927700113201,-0.197791376205272,30013.3241286158,30013.3241286158,30013.3241286158,30013.3241286158,16.3901159042938,16.3901159042938,0.0344325903123952,0.0344325903123952,0,0
0.965,-0.0996812490599498,-0.197600273494202,30012.7508204826,30012.7508204826,30012.7508204826,30012.7508204826,16.3894599910225,16.3894599910225,0.0344320125144704,0.0344320125144704,0,0
0.97,-0.100668773048368,-0.19740935204831,30012.1780561449,30012.1780561449,30012.1780561449,30012.1780561449,16.3888047173654,16.3888047173654,0.0344314352645999,0.0344314352645999,0,0
0.975,-0.101655342881848,-0.197218611452522,30011.6058343576,30011.6058343576,30011.6058343576,30011.6058343576,16.3881500831395,16.3881500831395,0.0344308585615285,0.0344308585615285,0,0
0.98,-0.102640959463677,-0.197028051328036,30011.0341539841,30011.0341539841,30011.0341539841,30011.0341539841,16.3874960881007,16.3874960881007,0.0344302824041111,0.0344302824041111,0,0
0.985,-0.103625623695333,-0.196837671327249,30010.4630139817,30010.4630139817,30010.4630139817,30010.4630139817,16.3868427319525,16.3868427319525,0.0344297067912966,0.0344297067912966,0,0
0.99,-0.10460933647662,-0.196647471129359,30009.8924133881,30009.8924133881,30009.8924133881,30009.8924133881,16.3861900143533,16.3861900143533,0.0344291317221151,0.0344291317221151,0,0
0.995,-0.105592098705801,-0.196457450436613,30009.3223513098,30009.3223513098,30009.3223513098,30009.3223513098,16.3855379349231,16.3855379349231,0.0344285571956664,0.0344285571956664,0,0
1,-0.106573911279697,-0.196267608971072,30008.7528269132,30008.7528269132,30008.7528269132,30008.7528269132,16.3848864932488,16.3848864932488,0.0344279832111101,0.0344279832111101,0,0
1.005,-0.107554775093788,-0.196077946471839,30008.1838394155,30008.1838394155,30008.1838394155,30008.1838394155,16.3842356888887,16.3842356888887,0.0344274097676573,0.0344274097676573,0,0
1.01,-0.108534691042282,-0.195888462692667,30007.615388078,30007.615388078,30007.615388078,30007.615388078,16.3835855213774,16.3835855213774,0.0344268368645636,0.0344268368645636,0,0
1.015,-0.109513660018191,-0.195699157399921,30007.0474721998,30007.0474721998,30007.0474721998,30007.0474721998,16.3829359902283,16.3829359902283,0.0344262645011226,0.0344262645011226,0,0
1.02,-0.110491682913387,-0.19551003037081,30006.4800911124,30006.4800911124,30006.4800911124,30006.4800911124,16.3822870949373,16.3822870949373,0.0344256926766606,0.0344256926766606,0,0
1.025,-0.111468760618649,-0.195321081391876,30005.9132441756,30005.9132441756,30005.9132441756,30005.9132441756,16.3816388349851,16.3816388349851,0.0344251213905323,0.0344251213905323,0,0
1.03,-0.112444894023713,-0.195132310257702,30005.3469307731,30005.3469307731,30005.3469307731,30005.3469307731,16.3809912098394,16.3809912098394,0.0344245506421166,0.0344245506421166,0,0
1.035,-0.113420084017303,-0.194943716769786,30004.7811503094,30004.7811503094,30004.7811503094,30004.7811503094,16.3803442189569,16.3803442189569,0.0344239804308133,0.0344239804308133,0,0
1.04,-0.114394331487167,-0.194755300735588,30004.2159022068,30004.2159022068,30004.2159022068,30004.2159022068,16.379697861785,16.379697861785,0.0344234107560403,0.0344234107560403,0,0
1.045,-0.115367637320103,-0.194567061967712,30003.6511859031,30003.6511859031,30003.6511859031,30003.6511859031,16.379052137763,16.379052137763,0.0344228416172309,0.0344228416172309,0,0
1.05,-0.116340002401983,-0.194379000283186,30003.0870008496,30003.0870008496,30003.0870008496,30003.0870008496,16.3784070463233,16.3784070463233,0.034422273013832,0.034422273013832,0,0
1.055,-0.117311427617775,-0.19419111550287,30002.5233465086,30002.5233465086,30002.5233465086,30002.5233465086,16.3777625868929,16.3777625868929,0.034421704945302,0.034421704945302,0,0
1.06,-0.118281913851559,-0.194003407450914,30001.9602223527,30001.9602223527,30001.9602223527,30001.9602223527,16.3771187588937,16.3771187588937,0.0344211374111091,0.0344211374111091,0,0
1.065,-0.119251461986543,-0.193815875954332,30001.397627863,30001.397627863,30001.397627863,30001.397627863,16.3764755617434,16.3764755617434,0.0344205704107304,0.0344205704107304,0,0
1.07,-0.120220072905077,-0.193628520842598,30000.8355625278,30000.8355625278,30000.8355625278,30000.8355625278,16.3758329948564,16.3758329948564,0.0344200039436502,0.0344200039436502,0,0
1.075,-0.121187747488663,-0.193441341947329,30000.274025842,30000.274025842,30000.274025842,30000.274025842,16.3751910576444,16.3751910576444,0.0344194380093594,0.0344194380093594,0,0
1.08,-0.122154486617966,-0.193254339101987,29999.713017306,29999.713017306,29999.713017306,29999.713017306,16.3745497495165,16.3745497495165,0.0344188726073546,0.0344188726073546,0,0
1.085,-0.123120291172824,-0.193067512141651,29999.152536425,29999.152536425,29999.152536425,29999.152536425,16.3739090698797,16.3739090698797,0.0344183077371371,0.0344183077371371,0,0
1.09,-0.124085162032252,-0.19288086090279,29998.5925827084,29998.5925827084,29998.5925827084,29998.5925827084,16.3732690181398,16.3732690181398,0.0344177433982124,0.0344177433982124,0,0
1.095,-0.125049100074451,-0.192694385223097,29998.0331556693,29998.0331556693,29998.0331556693,29998.0331556693,16.3726295937009,16.3726295937009,0.0344171795900898,0.0344171795900898,0,0
1.1,-0.126012106176813,-0.192508084941326,29997.474254824,29997.474254824,29997.474254824,29997.474254824,16.3719907959662,16.3719907959662,0.0344166163122818,0.0344166163122818,0,0
1.105,-0.126974181215927,-0.192321959897157,29996.9158796915,29996.9158796915,29996.9158796915,29996.9158796915,16.3713526243382,16.3713526243382,0.0344160535643037,0.0344160535643037,0,0
1.11,-0.127935326067581,-0.192136009931096,29996.3580297933,29996.3580297933,29996.3580297933,29996.3580297933,16.3707150782187,16.3707150782187,0.0344154913456732,0.0344154913456732,0,0
1.115,-0.12889554160677,-0.191950234884359,29995.8007046531,29995.8007046531,29995.8007046531,29995.8007046531,16.3700781570089,16.3700781570089,0.0344149296559102,0.0344149296559102,0,0
1.12,-0.129854828707693,-0.19176463459879,29995.2439037964,29995.2439037964,29995.2439037964,29995.2439037964,16.36944186011,16.36944186011,0.0344143684945366,0.0344143684945366,0,0
1.125,-0.130813188243764,-0.191579208916804,29994.6876267504,29994.6876267504,29994.6876267504,29994.6876267504,16.3688061869226,16.3688061869226,0.034413807861076,0.034413807861076,0,0
1.13,-0.131770621087606,-0.19139395768131,29994.1318730439,29994.1318730439,29994.1318730439,29994.1318730439,16.3681711368476,16.3681711368476,0.0344132477550532,0.0344132477550532,0,0
1.135,-0.13272712811106,-0.191208880735659,29993.576642207,29993.576642207,29993.576642207,29993.576642207,16.3675367092858,16.3675367092858,0.0344126881759948,0.0344126881759948,0,0
1.14,-0.133682710185185,-0.191023977923612,29993.0219337708,29993.0219337708,29993.0219337708,29993.0219337708,16.3669029036379,16.3669029036379,0.0344121291234283,0.0344121291234283,0,0
1.145,-0.134637368180259,-0.19083924908927,29992.4677472678,29992.4677472678,29992.4677472678,29992.4677472678,16.3662697193051,16.3662697193051,0.0344115705968824,0.0344115705968824,0,0
1.15,-0.135591102965781,-0.190654694077077,29991.9140822312,29991.9140822312,29991.9140822312,29991.9140822312,16.3656371556884,16.3656371556884,0.0344110125958867,0.0344110125958867,0,0
1.155,-0.136543915410475,-0.190470312731765,29991.3609381953,29991.3609381953,29991.3609381953,29991.3609381953,16.3650052121895,16.3650052121895,0.0344104551199719,0.0344104551199719,0,0
1.16,-0.137495806382285,-0.19028610489834,29990.808314695,29990.808314695,29990.808314695,29990.808314695,16.36437388821,16.36437388821,0.0344098981686691,0.0344098981686691,0,0
1.165,-0.138446776748387,-0.190102070422055,29990.2562112662,29990.2562112662,29990.2562112662,29990.2562112662,16.3637431831521,16.3637431831521,0.0344093417415107,0.0344093417415107,0,0
1.17,-0.139396827375177,-0.189918209148395,29989.7046274452,29989.7046274452,29989.7046274452,29989.7046274452,16.3631130964183,16.3631130964183,0.0344087858380294,0.0344087858380294,0,0
1.175,-0.140345959128284,-0.18973452092306,29989.1535627692,29989.1535627692,29989.1535627692,29989.1535627692,16.3624836274114,16.3624836274114,0.0344082304577588,0.0344082304577588,0,0
1.18,-0.141294172872565,-0.189551005591952,29988.6030167759,29988.6030167759,29988.6030167759,29988.6030167759,16.3618547755349,16.3618547755349,0.0344076756002327,0.0344076756002327,0,0
1.185,-0.142241469472105,-0.189367663001165,29988.0529890035,29988.0529890035,29988.0529890035,29988.0529890035,16.3612265401924,16.3612265401924,0.0344071212649861,0.0344071212649861,0,0
1.19,-0.143187849790221,-0.189184492996967,29987.5034789909,29987.5034789909,29987.5034789909,29987.5034789909,16.3605989207882,16.3605989207882,0.0344065674515539,0.0344065674515539,0,0
1.195,-0.144133314689463,-0.189001495425802,29986.9544862774,29986.9544862774,29986.9544862774,29986.9544862774,16.3599719167269,16.3599719167269,0.0344060141594721,0.0344060141594721,0,0
1.2,-0.145077865031612,-0.18881867013427,29986.4060104028,29986.4060104028,29986.4060104028,29986.4060104028,16.3593455274137,16.3593455274137,0.0344054613882767,0.0344054613882767,0,0
1.205,-0.146021501677683,-0.188636016969141,29985.8580509074,29985.8580509074,29985.8580509074,29985.8580509074,16.3587197522543,16.3587197522543,0.0344049091375044,0.0344049091375044,0,0
1.21,-0.146964225487925,-0.188453535777325,29985.310607332,29985.310607332,29985.310607332,29985.310607332,16.3580945906548,16.3580945906548,0.0344043574066925,0.0344043574066925,0,0
1.215,-0.147906037321823,-0.18827122640588,29984.7636792176,29984.7636792176,29984.7636792176,29984.7636792176,16.3574700420219,16.3574700420219,0.0344038061953784,0.0344038061953784,0,0
1.22,-0.148846938038097,-0.18808908870201,29984.217266106,29984.217266106,29984.217266106,29984.217266106,16.3568461057627,16.3568461057627,0.0344032555031003,0.0344032555031003,0,0
1.225,-0.149786928494702,-0.18790712251306,29983.6713675392,29983.6713675392,29983.6713675392,29983.6713675392,16.356222781285,16.356222781285,0.0344027053293965,0.0344027053293965,0,0
1.23,-0.150726009548831,-0.187725327686505,29983.1259830595,29983.1259830595,29983.1259830595,29983.1259830595,16.355600067997,16.355600067997,0.0344021556738059,0.0344021556738059,0,0
1.235,-0.151664182056917,-0.187543704069957,29982.5811122099,29982.5811122099,29982.5811122099,29982.5811122099,16.3549779653075,16.3549779653075,0.0344016065358677,0.0344016065358677,0,0
1.24,-0.152601446874627,-0.187362251511155,29982.0367545335,29982.0367545335,29982.0367545335,29982.0367545335,16.3543564726258,16.3543564726258,0.0344010579151217,0.0344010579151217,0,0
1.245,-0.153537804856871,-0.187180969857975,29981.4929095739,29981.4929095739,29981.4929095739,29981.4929095739,16.3537355893617,16.3537355893617,0.0344005098111078,0.0344005098111078,0,0
1.25,-0.154473256857796,-0.186999858958416,29980.9495768752,29980.9495768752,29980.9495768752,29980.9495768752,16.3531153149255,16.3531153149255,0.0343999622233664,0.0343999622233664,0,0
1.255,-0.155407803730791,-0.186818918660602,29980.4067559818,29980.4067559818,29980.4067559818,29980.4067559818,16.3524956487282,16.3524956487282,0.0343994151514384,0.0343994151514384,0,0
1.26,-0.156341446328486,-0.18663814881278,29979.8644464383,29979.8644464383,29979.8644464383,29979.8644464383,16.3518765901813,16.3518765901813,0.034398868594865,0.034398868594865,0,0
1.265,-0.15727418550275,-0.18645754926333,29979.32264779,29979.32264779,29979.32264779,29979.32264779,16.3512581386966,16.3512581386966,0.0343983225531877,0.0343983225531877,0,0
1.27,-0.158206022104697,-0.186277119860741,29978.7813595822,29978.7813595822,29978.7813595822,29978.7813595822,16.3506402936869,16.3506402936869,0.0343977770259485,0.0343977770259485,0,0
1.275,-0.159136956984683,-0.186096860453636,29978.2405813609,29978.2405813609,29978.2405813609,29978.2405813609,16.3500230545651,16.3500230545651,0.0343972320126896,0.0343972320126896,0,0
1.28,-0.160066990992307,-0.185916770890752,29977.7003126723,29977.7003126723,29977.7003126723,29977.7003126723,16.3494064207449,16.3494064207449,0.0343966875129536,0.0343966875129536,0,0
1.285,-0.160996124976412,-0.185736851020947,29977.1605530628,29977.1605530628,29977.1605530628,29977.1605530628,16.3487903916405,16.3487903916405,0.0343961435262838,0.0343961435262838,0,0
1.29,-0.161924359785087,-0.185557100693209,29976.6213020796,29976.6213020796,29976.6213020796,29976.6213020796,16.3481749666666,16.3481749666666,0.0343956000522233,0.0343956000522233,0,0
1.295,-0.162851696265663,-0.18537751975663,29976.0825592699,29976.0825592699,29976.0825592699,29976.0825592699,16.3475601452384,16.3475601452384,0.0343950570903161,0.0343950570903161,0,0
1.3,-0.16377813526472,-0.185198108060431,29975.5443241813,29975.5443241813,29975.5443241813,29975.5443241813,16.3469459267718,16.3469459267718,0.0343945146401061,0.0343945146401061,0,0
1.305,-0.164703677628084,-0.18501886545395,29975.0065963618,29975.0065963618,29975.0065963618,29975.0065963618,16.3463323106832,16.3463323106832,0.0343939727011379,0.0343939727011379,0,0
1.31,-0.165628324200825,-0.184839791786646,29974.4693753599,29974.4693753599,29974.4693753599,29974.4693753599,16.3457192963894,16.3457192963894,0.0343934312729563,0.0343934312729563,0,0
1.315,-0.166552075827265,-0.184660886908086,29973.9326607243,29973.9326607243,29973.9326607243,29973.9326607243,16.3451068833079,16.3451068833079,0.0343928903551065,0.0343928903551065,0,0
1.32,-0.16747493335097,-0.184482150667972,29973.3964520039,29973.3964520039,29973.3964520039,29973.3964520039,16.3444950708568,16.3444950708568,0.0343923499471341,0.0343923499471341,0,0
1.325,-0.168396897614758,-0.184303582916104,29972.8607487483,29972.8607487483,29972.8607487483,29972.8607487483,16.3438838584545,16.3438838584545,0.0343918100485848,0.0343918100485848,0,0
1.33,-0.169317969460695,-0.184125183502418,29972.3255505073,29972.3255505073,29972.3255505073,29972.3255505073,16.3432732455202,16.3432732455202,0.0343912706590051,0.0343912706590051,0,0
1.335,-0.170238149730096,-0.183946952276955,29971.7908568309,29971.7908568309,29971.7908568309,29971.7908568309,16.3426632314735,16.3426632314735,0.0343907317779415,0.0343907317779415,0,0
1.34,-0.171157439263529,-0.183768889089878,29971.2566672696,29971.2566672696,29971.2566672696,29971.2566672696,16.3420538157346,16.3420538157346,0.0343901934049409,0.0343901934049409,0,0
1.345,-0.172075838900809,-0.183590993791466,29970.7229813744,29970.7229813744,29970.7229813744,29970.7229813744,16.3414449977242,16.3414449977242,0.0343896555395508,0.0343896555395508,0,0
1.35,-0.172993349481008,-0.183413266232116,29970.1897986963,29970.1897986963,29970.1897986963,29970.1897986963,16.3408367768636,16.3408367768636,0.0343891181813187,0.0343891181813187,0,0
1.355,-0.173909971842447,-0.183235706262338,29969.657118787,29969.657118787,29969.657118787,29969.657118787,16.3402291525747,16.3402291525747,0.0343885813297927,0.0343885813297927,0,0
1.36,-0.174825706822699,-0.183058313732769,29969.1249411983,29969.1249411983,29969.1249411983,29969.1249411983,16.3396221242797,16.3396221242797,0.0343880449845212,0.0343880449845212,0,0
1.365,-0.175740555258593,-0.18288108849415,29968.5932654824,29968.5932654824,29968.5932654824,29968.5932654824,16.3390156914017,16.3390156914017,0.0343875091450528,0.0343875091450528,0,0
1.37,-0.17665451798621,-0.182704030397338,29968.062091192,29968.062091192,29968.062091192,29968.062091192,16.338409853364,16.338409853364,0.0343869738109368,0.0343869738109368,0,0
1.375,-0.177567595840887,-0.182527139293325,29967.53141788,29967.53141788,29967.53141788,29967.53141788,16.3378046095907,16.3378046095907,0.0343864389817225,0.0343864389817225,0,0
1.38,-0.178479789657216,-0.182350415033196,29967.0012450996,29967.0012450996,29967.0012450996,29967.0012450996,16.3371999595063,16.3371999595063,0.0343859046569597,0.0343859046569597,0,0
1.385,-0.179391100269045,-0.182173857468168,29966.4715724045,29966.4715724045,29966.4715724045,29966.4715724045,16.3365959025359,16.3365959025359,0.0343853708361986,0.0343853708361986,0,0
1.39,-0.180301528509476,-0.181997466449566,29965.9423993487,29965.9423993487,29965.9423993487,29965.9423993487,16.335992438105,16.335992438105,0.0343848375189896,0.0343848375189896,0,0
1.395,-0.18121107521087,-0.181821241828834,29965.4137254865,29965.4137254865,29965.4137254865,29965.4137254865,16.33538956564,16.33538956564,0.0343843047048836,0.0343843047048836,0,0
1.4,-0.182119741204846,-0.181645183457533,29964.8855503726,29964.8855503726,29964.8855503726,29964.8855503726,16.3347872845673,16.3347872845673,0.0343837723934318,0.0343837723934318,0,0
1.405,-0.183027527322281,-0.181469291187343,29964.357873562,29964.357873562,29964.357873562,29964.357873562,16.3341855943145,16.3341855943145,0.0343832405841857,0.0343832405841857,0,0
1.41,-0.183934434393308,-0.181293564870046,29963.8306946101,29963.8306946101,29963.8306946101,29963.8306946101,16.3335844943091,16.3335844943091,0.0343827092766972,0.0343827092766972,0,0
1.415,-0.184840463247322,-0.181118004357556,29963.3040130727,29963.3040130727,29963.3040130727,29963.3040130727,16.3329839839795,16.3329839839795,0.0343821784705186,0.0343821784705186,0,0
1.42,-0.185745614712978,-0.180942609501893,29962.7778285057,29962.7778285057,29962.7778285057,29962.7778285057,16.3323840627546,16.3323840627546,0.0343816481652024,0.0343816481652024,0,0
1.425,-0.18664988961819,-0.180767380155201,29962.2521404656,29962.2521404656,29962.2521404656,29962.2521404656,16.3317847300638,16.3317847300638,0.0343811183603016,0.0343811183603016,0,0
1.43,-0.187553288790132,-0.180592316169727,29961.7269485092,29961.7269485092,29961.7269485092,29961.7269485092,16.331185985337,16.331185985337,0.0343805890553695,0.0343805890553695,0,0
1.435,-0.188455813055243,-0.180417417397845,29961.2022521935,29961.2022521935,29961.2022521935,29961.2022521935,16.3305878280047,16.3305878280047,0.0343800602499597,0.0343800602499597,0,0
1.44,-0.189357463239221,-0.180242683692035,29960.6780510761,29960.6780510761,29960.6780510761,29960.6780510761,16.329990257498,16.329990257498,0.0343795319436262,0.0343795319436262,0,0
1.445,-0.190258240167028,-0.180068114904908,29960.1543447147,29960.1543447147,29960.1543447147,29960.1543447147,16.3293932732483,16.3293932732483,0.0343790041359234,0.0343790041359234,0,0
1.45,-0.191158144662889,-0.179893710889171,29959.6311326675,29959.6311326675,29959.6311326675,29959.6311326675,16.3287968746877,16.3287968746877,0.0343784768264059,0.0343784768264059,0,0
1.455,-0.192057177550293,-0.179719471497659,29959.108414493,29959.108414493,29959.108414493,29959.108414493,16.3282010612489,16.3282010612489,0.0343779500146288,0.0343779500146288,0,0
1.46,-0.192955339651994,-0.179545396583316,29958.5861897499,29958.5861897499,29958.5861897499,29958.5861897499,16.327605832365,16.327605832365,0.0343774237001474,0.0343774237001474,0,0
1.465,-0.19385263179001,-0.179371485999206,29958.0644579976,29958.0644579976,29958.0644579976,29958.0644579976,16.3270111874698,16.3270111874698,0.0343768978825175,0.0343768978825175,0,0
1.47,-0.194749054785625,-0.179197739598503,29957.5432187955,29957.5432187955,29957.5432187955,29957.5432187955,16.3264171259974,16.3264171259974,0.0343763725612952,0.0343763725612952,0,0
1.475,-0.19564460945939,-0.1790241572345,29957.0224717035,29957.0224717035,29957.0224717035,29957.0224717035,16.3258236473826,16.3258236473826,0.0343758477360369,0.0343758477360369,0,0
1.48,-0.19653929663112,-0.178850738760605,29956.5022162818,29956.5022162818,29956.5022162818,29956.5022162818,16.3252307510606,16.3252307510606,0.0343753234062994,0.0343753234062994,0,0
1.485,-0.197433117119902,-0.178677484030335,29955.982452091,29955.982452091,29955.982452091,29955.982452091,16.3246384364674,16.3246384364674,0.0343747995716398,0.0343747995716398,0,0
1.49,-0.198326071744086,-0.178504392897331,29955.463178692,29955.463178692,29955.463178692,29955.463178692,16.3240467030393,16.3240467030393,0.0343742762316155,0.0343742762316155,0,0
1.495,-0.199218161321294,-0.178331465215342,29954.944395646,29954.944395646,29954.944395646,29954.944395646,16.3234555502131,16.3234555502131,0.0343737533857845,0.0343737533857845,0,0
1.5,-0.200109386668414,-0.178158700838231,29954.4261025147,29954.4261025147,29954.4261025147,29954.4261025147,16.3228649774263,16.3228649774263,0.0343732310337047,0.0343732310337047,0,0
1.505,-0.200999748601607,-0.177986099619987,29953.90829886,29953.90829886,29953.90829886,29953.90829886,16.3222749841168,16.3222749841168,0.0343727091749349,0.0343727091749349,0,0
1.51,-0.201889247936302,-0.177813661414695,29953.3909842441,29953.3909842441,29953.3909842441,29953.3909842441,16.3216855697231,16.3216855697231,0.0343721878090337,0.0343721878090337,0,0
1.515,-0.2027778854872,-0.177641386076573,29952.8741582297,29952.8741582297,29952.8741582297,29952.8741582297,16.3210967336843,16.3210967336843,0.0343716669355605,0.0343716669355605,0,0
1.52,-0.203665662068271,-0.17746927345994,29952.3578203798,29952.3578203798,29952.3578203798,29952.3578203798,16.3205084754398,16.3205084754398,0.0343711465540747,0.0343711465540747,0,0
1.525,-0.204552578492759,-0.177297323419236,29951.8419702577,29951.8419702577,29951.8419702577,29951.8419702577,16.3199207944298,16.3199207944298,0.0343706266641363,0.0343706266641363,0,0
1.53,-0.20543863557318,-0.177125535809014,29951.326607427,29951.326607427,29951.326607427,29951.326607427,16.3193336900948,16.3193336900948,0.0343701072653056,0.0343701072653056,0,0
1.535,-0.206323834121324,-0.176953910483942,29950.8117314518,29950.8117314518,29950.8117314518,29950.8117314518,16.3187471618759,16.3187471618759,0.034369588357143,0.034369588357143,0,0
1.54,-0.207208174948253,-0.176782447298801,29950.2973418964,29950.2973418964,29950.2973418964,29950.2973418964,16.3181612092148,16.3181612092148,0.0343690699392095,0.0343690699392095,0,0
1.545,-0.208091658864304,-0.176611146108484,29949.7834383254,29949.7834383254,29949.7834383254,29949.7834383254,16.3175758315538,16.3175758315538,0.0343685520110665,0.0343685520110665,0,0
1.55,-0.208974286679088,-0.176440006768007,29949.270020304,29949.270020304,29949.270020304,29949.270020304,16.3169910283354,16.3169910283354,0.0343680345722754,0.0343680345722754,0,0
1.555,-0.209856059201492,-0.176269029132488,29948.7570873975,29948.7570873975,29948.7570873975,29948.7570873975,16.3164067990029,16.3164067990029,0.0343675176223984,0.0343675176223984,0,0
1.56,-0.21073697723968,-0.176098213057167,29948.2446391715,29948.2446391715,29948.2446391715,29948.2446391715,16.3158231430002,16.3158231430002,0.0343670011609977,0.0343670011609977,0,0
1.565,-0.21161704160109,-0.175927558397396,29947.7326751922,29947.7326751922,29947.7326751922,29947.7326751922,16.3152400597714,16.3152400597714,0.034366485187636,0.034366485187636,0,0
1.57,-0.212496253092439,-0.175757065008643,29947.2211950259,29947.2211950259,29947.2211950259,29947.2211950259,16.3146575487614,16.3146575487614,0.0343659697018762,0.0343659697018762,0,0
1.575,-0.213374612519721,-0.175586732746484,29946.7101982394,29946.7101982394,29946.7101982394,29946.7101982394,16.3140756094155,16.3140756094155,0.0343654547032817,0.0343654547032817,0,0
1.58,-0.214252120688207,-0.175416561466616,29946.1996843998,29946.1996843998,29946.1996843998,29946.1996843998,16.3134942411795,16.3134942411795,0.0343649401914163,0.0343649401914163,0,0
1.585,-0.21512877840245,-0.175246551024842,29945.6896530745,29945.6896530745,29945.6896530745,29945.6896530745,16.3129134435,16.3129134435,0.0343644261658439,0.0343644261658439,0,0
1.59,-0.216004586466279,-0.175076701277085,29945.1801038313,29945.1801038313,29945.1801038313,29945.1801038313,16.3123332158236,16.3123332158236,0.0343639126261289,0.0343639126261289,0,0
1.595,-0.216879545682805,-0.17490701207938,29944.6710362381,29944.6710362381,29944.6710362381,29944.6710362381,16.311753557598,16.311753557598,0.034363399571836,0.034363399571836,0,0
1.6,-0.217753656854417,-0.174737483287876,29944.1624498636,29944.1624498636,29944.1624498636,29944.1624498636,16.311174468271,16.311174468271,0.0343628870025304,0.0343628870025304,0,0
1.605,-0.218626920782787,-0.174568114758833,29943.6543442765,29943.6543442765,29943.6543442765,29943.6543442765,16.310595947291,16.310595947291,0.0343623749177773,0.0343623749177773,0,0
1.61,-0.21949933826887,-0.174398906348625,29943.1467190459,29943.1467190459,29943.1467190459,29943.1467190459,16.3100179941072,16.3100179941072,0.0343618633171427,0.0343618633171427,0,0
1.615,-0.220370910112899,-0.174229857913742,29942.6395737412,29942.6395737412,29942.6395737412,29942.6395737412,16.3094406081689,16.3094406081689,0.0343613522001924,0.0343613522001924,0,0
1.62,-0.221241637114394,-0.174060969310786,29942.1329079324,29942.1329079324,29942.1329079324,29942.1329079324,16.3088637889263,16.3088637889263,0.0343608415664931,0.0343608415664931,0,0
1.625,-0.222111520072155,-0.17389224039647,29941.6267211894,29941.6267211894,29941.6267211894,29941.6267211894,16.3082875358298,16.3082875358298,0.0343603314156114,0.0343603314156114,0,0
1.63,-0.222980559784268,-0.17372367102762,29941.1210130829,29941.1210130829,29941.1210130829,29941.1210130829,16.3077118483306,16.3077118483306,0.0343598217471145,0.0343598217471145,0,0
1.635,-0.223848757048102,-0.173555261061185,29940.6157831836,29940.6157831836,29940.6157831836,29940.6157831836,16.3071367258802,16.3071367258802,0.0343593125605699,0.0343593125605699,0,0
1.64,-0.224716112660312,-0.173387010354214,29940.1110310626,29940.1110310626,29940.1110310626,29940.1110310626,16.3065621679308,16.3065621679308,0.0343588038555453,0.0343588038555453,0,0
1.645,-0.225582627416838,-0.173218918763872,29939.6067562916,29939.6067562916,29939.6067562916,29939.6067562916,16.3059881739349,16.3059881739349,0.034358295631609,0.034358295631609,0,0
1.65,-0.226448302112907,-0.173050986147443,29939.1029584423,29939.1029584423,29939.1029584423,29939.1029584423,16.3054147433457,16.3054147433457,0.0343577878883293,0.0343577878883293,0,0
1.655,-0.227313137543032,-0.172883212362317,29938.5996370869,29938.5996370869,29938.5996370869,29938.5996370869,16.3048418756169,16.3048418756169,0.0343572806252751,0.0343572806252751,0,0
1.66,-0.228177134501012,-0.172715597266003,29938.096791798,29938.096791798,29938.096791798,29938.096791798,16.3042695702026,16.3042695702026,0.0343567738420156,0.0343567738420156,0,0
1.665,-0.229040293779936,-0.172548140716122,29937.5944221484,29937.5944221484,29937.5944221484,29937.5944221484,16.3036978265576,16.3036978265576,0.0343562675381204,0.0343562675381204,0,0
1.67,-0.22990261617218,-0.1723808425704,29937.0925277112,29937.0925277112,29937.0925277112,29937.0925277112,16.3031266441369,16.3031266441369,0.0343557617131591,0.0343557617131591,0,0
1.675,-0.23076410246941,-0.172213702686682,29936.59110806,29936.59110806,29936.59110806,29936.59110806,16.3025560223965,16.3025560223965,0.0343552563667021,0.0343552563667021,0,0
1.68,-0.23162475346258,-0.172046720922929,29936.0901627688,29936.0901627688,29936.0901627688,29936.0901627688,16.3019859607924,16.3019859607924,0.0343547514983199,0.0343547514983199,0,0
1.685,-0.232484569941936,-0.17187989713721,29935.5896914116,29935.5896914116,29935.5896914116,29935.5896914116,16.3014164587814,16.3014164587814,0.0343542471075834,0.0343542471075834,0,0
1.69,-0.233343552697013,-0.171713231187702,29935.0896935631,29935.0896935631,29935.0896935631,29935.0896935631,16.3008475158209,16.3008475158209,0.0343537431940637,0.0343537431940637,0,0
1.695,-0.234201702516637,-0.171546722932702,29934.5901687981,29934.5901687981,29934.5901687981,29934.5901687981,16.3002791313685,16.3002791313685,0.0343532397573324,0.0343532397573324,0,0
1.7,-0.235059020188928,-0.171380372230616,29934.0911166918,29934.0911166918,29934.0911166918,29934.0911166918,16.2997113048826,16.2997113048826,0.0343527367969615,0.0343527367969615,0,0
1.705,-0.235915506501296,-0.171214178939961,29933.5925368199,29933.5925368199,29933.5925368199,29933.5925368199,16.2991440358219,16.2991440358219,0.0343522343125231,0.0343522343125231,0,0
1.71,-0.236771162240444,-0.171048142919375,29933.0944287581,29933.0944287581,29933.0944287581,29933.0944287581,16.2985773236458,16.2985773236458,0.0343517323035898,0.0343517323035898,0,0
1.715,-0.237625988192371,-0.170882264027595,29932.5967920828,29932.5967920828,29932.5967920828,29932.5967920828,16.2980111678142,16.2980111678142,0.0343512307697345,0.0343512307697345,0,0
1.72,-0.238479985142366,-0.170716542123476,29932.0996263704,29932.0996263704,29932.0996263704,29932.0996263704,16.2974455677872,16.2974455677872,0.0343507297105305,0.0343507297105305,0,0
1.725,-0.239333153875017,-0.170550977065993,29931.602931198,29931.602931198,29931.602931198,29931.602931198,16.2968805230259,16.2968805230259,0.0343502291255514,0.0343502291255514,0,0
1.73,-0.240185495174202,-0.170385568714217,29931.1067061426,29931.1067061426,29931.1067061426,29931.1067061426,16.2963160329915,16.2963160329915,0.0343497290143711,0.0343497290143711,0,0
1.735,-0.2410370098231,-0.170220316927344,29930.610950782,29930.610950782,29930.610950782,29930.610950782,16.2957520971459,16.2957520971459,0.0343492293765638,0.0343492293765638,0,0
1.74,-0.241887698604183,-0.170055221564675,29930.115664694,29930.115664694,29930.115664694,29930.115664694,16.2951887149515,16.2951887149515,0.0343487302117042,0.0343487302117042,0,0
1.745,-0.24273756229922,-0.169890282485628,29929.6208474569,29929.6208474569,29929.6208474569,29929.6208474569,16.2946258858711,16.2946258858711,0.0343482315193672,0.0343482315193672,0,0
1.75,-0.243586601689278,-0.169725499549727,29929.1264986492,29929.1264986492,29929.1264986492,29929.1264986492,16.2940636093682,16.2940636093682,0.0343477332991281,0.0343477332991281,0,0
1.755,-0.244434817554722,-0.169560872616611,29928.6326178498,29928.6326178498,29928.6326178498,29928.6326178498,16.2935018849066,16.2935018849066,0.0343472355505625,0.0343472355505625,0,0
1.76,-0.245282210675215,-0.169396401546035,29928.1392046381,29928.1392046381,29928.1392046381,29928.1392046381,16.2929407119508,16.2929407119508,0.0343467382732464,0.0343467382732464,0,0
1.765,-0.246128781829719,-0.169232086197856,29927.6462585936,29927.6462585936,29927.6462585936,29927.6462585936,16.2923800899657,16.2923800899657,0.034346241466756,0.034346241466756,0,0
1.77,-0.246974531796497,-0.169067926432049,29927.1537792961,29927.1537792961,29927.1537792961,29927.1537792961,16.2918200184166,16.2918200184166,0.034345745130668,0.034345745130668,0,0
1.775,-0.247819461353111,-0.168903922108698,29926.6617663261,29926.6617663261,29926.6617663261,29926.6617663261,16.2912604967695,16.2912604967695,0.0343452492645594,0.0343452492645594,0,0
1.78,-0.248663571276422,-0.168740073088001,29926.170219264,29926.170219264,29926.170219264,29926.170219264,16.2907015244909,16.2907015244909,0.0343447538680075,0.0343447538680075,0,0
1.785,-0.249506862342596,-0.168576379230263,29925.6791376908,29925.6791376908,29925.6791376908,29925.6791376908,16.2901431010477,16.2901431010477,0.0343442589405898,0.0343442589405898,0,0
1.79,-0.250349335327097,-0.168412840395905,29925.1885211877,29925.1885211877,29925.1885211877,29925.1885211877,16.2895852259073,16.2895852259073,0.0343437644818844,0.0343437644818844,0,0
1.795,-0.251190991004695,-0.168249456445459,29924.6983693364,29924.6983693364,29924.6983693364,29924.6983693364,16.2890278985377,16.2890278985377,0.0343432704914696,0.0343432704914696,0,0
1.8,-0.252031830149459,-0.168086227239561,29924.2086817187,29924.2086817187,29924.2086817187,29924.2086817187,16.2884711184072,16.2884711184072,0.034342776968924,0.034342776968924,0,0
1.805,-0.252871853534766,-0.167923152638968,29923.7194579169,29923.7194579169,29923.7194579169,29923.7194579169,16.2879148849849,16.2879148849849,0.0343422839138267,0.0343422839138267,0,0
1.81,-0.253711061933293,-0.167760232504546,29923.2306975136,29923.2306975136,29923.2306975136,29923.2306975136,16.2873591977403,16.2873591977403,0.0343417913257569,0.0343417913257569,0,0
1.815,-0.254549456117023,-0.167597466697263,29922.7424000918,29922.7424000918,29922.7424000918,29922.7424000918,16.2868040561431,16.2868040561431,0.0343412992042944,0.0343412992042944,0,0
1.82,-0.255387036857246,-0.167434855078204,29922.2545652346,29922.2545652346,29922.2545652346,29922.2545652346,16.2862494596641,16.2862494596641,0.034340807549019,0.034340807549019,0,0
1.825,-0.256223804924554,-0.167272397508571,29921.7671925257,29921.7671925257,29921.7671925257,29921.7671925257,16.285695407774,16.285695407774,0.0343403163595111,0.0343403163595111,0,0
1.83,-0.257059761088849,-0.167110093849669,29921.280281549,29921.280281549,29921.280281549,29921.280281549,16.2851418999443,16.2851418999443,0.0343398256353515,0.0343398256353515,0,0
1.835,-0.257894906119338,-0.166947943962919,29920.7938318888,29920.7938318888,29920.7938318888,29920.7938318888,16.284588935647,16.284588935647,0.034339335376121,0.034339335376121,0,0
1.84,-0.258729240784534,-0.166785947709839,29920.3078431295,29920.3078431295,29920.3078431295,29920.3078431295,16.2840365143546,16.2840365143546,0.0343388455814011,0.0343388455814011,0,0
1.845,-0.259562765852262,-0.166624104952079,29919.8223148562,29919.8223148562,29919.8223148562,29919.8223148562,16.28348463554,16.28348463554,0.0343383562507733,0.0343383562507733,0,0
1.85,-0.26039548208965,-0.166462415551387,29919.3372466542,29919.3372466542,29919.3372466542,29919.3372466542,16.2829332986767,16.2829332986767,0.0343378673838198,0.0343378673838198,0,0
1.855,-0.26122739026314,-0.166300879369617,29918.8526381088,29918.8526381088,29918.8526381088,29918.8526381088,16.2823825032387,16.2823825032387,0.0343373789801227,0.0343373789801227,0,0
1.86,-0.262058491138481,-0.166139496268745,29918.3684888062,29918.3684888062,29918.3684888062,29918.3684888062,16.2818322487003,16.2818322487003,0.0343368910392648,0.0343368910392648,0,0
1.865,-0.262888785480733,-0.16597826611085,29917.8847983325,29917.8847983325,29917.8847983325,29917.8847983325,16.2812825345366,16.2812825345366,0.0343364035608292,0.0343364035608292,0,0
1.87,-0.263718274054265,-0.165817188758125,29917.4015662744,29917.4015662744,29917.4015662744,29917.4015662744,16.2807333602229,16.2807333602229,0.0343359165443991,0.0343359165443991,0,0
1.875,-0.26454695762276,-0.165656264072873,29916.9187922186,29916.9187922186,29916.9187922186,29916.9187922186,16.2801847252353,16.2801847252353,0.0343354299895581,0.0343354299895581,0,0
1.88,-0.265374836949211,-0.165495491917502,29916.4364757525,29916.4364757525,29916.4364757525,29916.4364757525,16.2796366290502,16.2796366290502,0.0343349438958904,0.0343349438958904,0,0
1.885,-0.266201912795922,-0.165334872154536,29915.9546164636,29915.9546164636,29915.9546164636,29915.9546164636,16.2790890711445,16.2790890711445,0.0343344582629802,0.0343344582629802,0,0
1.89,-0.267028185924514,-0.165174404646606,29915.4732139398,29915.4732139398,29915.4732139398,29915.4732139398,16.2785420509957,16.2785420509957,0.0343339730904123,0.0343339730904123,0,0
1.895,-0.267853657095918,-0.165014089256455,29914.9922677694,29914.9922677694,29914.9922677694,29914.9922677694,16.2779955680817,16.2779955680817,0.0343334883777715,0.0343334883777715,0,0
1.9,-0.26867832707038,-0.164853925846934,29914.5117775408,29914.5117775408,29914.5117775408,29914.5117775408,16.2774496218809,16.2774496218809,0.0343330041246433,0.0343330041246433,0,0
1.905,-0.26950219660746,-0.164693914281008,29914.031742843,29914.031742843,29914.031742843,29914.031742843,16.2769042118722,16.2769042118722,0.0343325203306133,0.0343325203306133,0,0
1.91,-0.270325266466034,-0.164534054421745,29913.5521632652,29913.5521632652,29913.5521632652,29913.5521632652,16.2763593375351,16.2763593375351,0.0343320369952675,0.0343320369952675,0,0
1.915,-0.271147537404294,-0.16437434613233,29913.073038397,29913.073038397,29913.073038397,29913.073038397,16.2758149983495,16.2758149983495,0.0343315541181922,0.0343315541181922,0,0
1.92,-0.271969010179746,-0.164214789276053,29912.5943678282,29912.5943678282,29912.5943678282,29912.5943678282,16.2752711937957,16.2752711937957,0.0343310716989742,0.0343310716989742,0,0
1.925,-0.272789685549216,-0.164055383716309,29912.1161511489,29912.1161511489,29912.1161511489,29912.1161511489,16.2747279233546,16.2747279233546,0.0343305897372003,0.0343305897372003,0,0
1.93,-0.273609564268843,-0.163896129316619,29911.6383879499,29911.6383879499,29911.6383879499,29911.6383879499,16.2741851865077,16.2741851865077,0.034330108232458,0.034330108232458,0,0
1.935,-0.274428647094088,-0.163737025940597,29911.1610778218,29911.1610778218,29911.1610778218,29911.1610778218,16.2736429827368,16.2736429827368,0.0343296271843348,0.0343296271843348,0,0
1.94,-0.275246934779728,-0.163578073451973,29910.6842203559,29910.6842203559,29910.6842203559,29910.6842203559,16.2731013115242,16.2731013115242,0.0343291465924188,0.0343291465924188,0,0
1.945,-0.27606442807986,-0.163419271714585,29910.2078151438,29910.2078151438,29910.2078151438,29910.2078151438,16.2725601723529,16.2725601723529,0.0343286664562983,0.0343286664562983,0,0
1.95,-0.276881127747899,-0.163260620592385,29909.7318617772,29909.7318617772,29909.7318617772,29909.7318617772,16.2720195647062,16.2720195647062,0.0343281867755619,0.0343281867755619,0,0
1.955,-0.277697034536582,-0.163102119949427,29909.2563598483,29909.2563598483,29909.2563598483,29909.2563598483,16.2714794880679,16.2714794880679,0.0343277075497987,0.0343277075497987,0,0
1.96,-0.278512149197966,-0.162943769649879,29908.7813089496,29908.7813089496,29908.7813089496,29908.7813089496,16.2709399419223,16.2709399419223,0.0343272287785978,0.0343272287785978,0,0
1.965,-0.279326472483427,-0.16278556955802,29908.3067086741,29908.3067086741,29908.3067086741,29908.3067086741,16.2704009257543,16.2704009257543,0.034326750461549,0.034326750461549,0,0
1.97,-0.280140005143666,-0.162627519538228,29907.8325586147,29907.8325586147,29907.8325586147,29907.8325586147,16.2698624390492,16.2698624390492,0.0343262725982422,0.0343262725982422,0,0
1.975,-0.280952747928704,-0.162469619455004,29907.358858365,29907.358858365,29907.358858365,29907.358858365,16.2693244812927,16.2693244812927,0.0343257951882678,0.0343257951882678,0,0
1.98,-0.281764701587885,-0.162311869172948,29906.8856075188,29906.8856075188,29906.8856075188,29906.8856075188,16.2687870519711,16.2687870519711,0.0343253182312163,0.0343253182312163,0,0
1.985,-0.282575866869877,-0.16215426855677,29906.4128056703,29906.4128056703,29906.4128056703,29906.4128056703,16.2682501505713,16.2682501505713,0.0343248417266787,0.0343248417266787,0,0
1.99,-0.28338624452267,-0.161996817471297,29905.9404524139,29905.9404524139,29905.9404524139,29905.9404524139,16.2677137765804,16.2677137765804,0.0343243656742463,0.0343243656742463,0,0
1.995,-0.284195835293582,-0.161839515781453,29905.4685473444,29905.4685473444,29905.4685473444,29905.4685473444,16.2671779294862,16.2671779294862,0.0343238900735107,0.0343238900735107,0,0
2,-0.285004639929253,-0.16168236335228,29904.9970900568,29904.9970900568,29904.9970900568,29904.9970900568,16.2666426087769,16.2666426087769,0.0343234149240639,0.0343234149240639,0,0
2.005,-0.285812659175648,-0.161525360048921,29904.5260801468,29904.5260801468,29904.5260801468,29904.5260801468,16.2661078139412,16.2661078139412,0.0343229402254981,0.0343229402254981,0,0
2.01,-0.286619893778061,-0.161368505736636,29904.0555172099,29904.0555172099,29904.0555172099,29904.0555172099,16.2655735444684,16.2655735444684,0.034322465977406,0.034322465977406,0,0
2.015,-0.287426344481109,-0.161211800280785,29903.5854008424,29903.5854008424,29903.5854008424,29903.5854008424,16.2650397998481,16.2650397998481,0.0343219921793804,0.0343219921793804,0,0
2.02,-0.288232012028738,-0.161055243546848,29903.1157306405,29903.1157306405,29903.1157306405,29903.1157306405,16.2645065795705,16.2645065795705,0.0343215188310146,0.0343215188310146,0,0
2.025,-0.289036897164223,-0.1608988354004,29902.6465062012,29902.6465062012,29902.6465062012,29902.6465062012,16.2639738831261,16.2639738831261,0.0343210459319022,0.0343210459319022,0,0
2.03,-0.289841000630164,-0.160742575707132,29902.1777271214,29902.1777271214,29902.1777271214,29902.1777271214,16.2634417100063,16.2634417100063,0.0343205734816372,0.0343205734816372,0,0
2.035,-0.290644323168493,-0.160586464332842,29901.7093929985,29901.7093929985,29901.7093929985,29901.7093929985,16.2629100597024,16.2629100597024,0.0343201014798137,0.0343201014798137,0,0
2.04,-0.291446865520468,-0.160430501143436,29901.2415034303,29901.2415034303,29901.2415034303,29901.2415034303,16.2623789317068,16.2623789317068,0.0343196299260263,0.0343196299260263,0,0
2.045,-0.292248628426679,-0.160274686004929,29900.7740580148,29900.7740580148,29900.7740580148,29900.7740580148,16.2618483255119,16.2618483255119,0.03431915881987,0.03431915881987,0,0
2.05,-0.293049612627045,-0.160119018783444,29900.3070563503,29900.3070563503,29900.3070563503,29900.3070563503,16.2613182406108,16.2613182406108,0.0343186881609399,0.0343186881609399,0,0
2.055,-0.293849818860818,-0.159963499345209,29899.8404980356,29899.8404980356,29899.8404980356,29899.8404980356,16.2607886764971,16.2607886764971,0.0343182179488316,0.0343182179488316,0,0
2.06,-0.29464924786658,-0.159808127556562,29899.3743826697,29899.3743826697,29899.3743826697,29899.3743826697,16.2602596326647,16.2602596326647,0.0343177481831409,0.0343177481831409,0,0
2.065,-0.295447900382244,-0.159652903283956,29898.9087098519,29898.9087098519,29898.9087098519,29898.9087098519,16.2597311086081,16.2597311086081,0.0343172788634642,0.0343172788634642,0,0
2.07,-0.296245777145057,-0.15949782639394,29898.4434791818,29898.4434791818,29898.4434791818,29898.4434791818,16.2592031038225,16.2592031038225,0.0343168099893978,0.0343168099893978,0,0
2.075,-0.297042878891599,-0.159342896753175,29897.9786902595,29897.9786902595,29897.9786902595,29897.9786902595,16.2586756178031,16.2586756178031,0.0343163415605387,0.0343163415605387,0,0
2.08,-0.297839206357782,-0.159188114228438,29897.5143426853,29897.5143426853,29897.5143426853,29897.5143426853,16.258148650046,16.258148650046,0.034315873576484,0.034315873576484,0,0
2.085,-0.298634760278855,-0.159033478686598,29897.0504360598,29897.0504360598,29897.0504360598,29897.0504360598,16.2576222000475,16.2576222000475,0.0343154060368313,0.0343154060368313,0,0
2.09,-0.299429541389398,-0.158878989994646,29896.5869699839,29896.5869699839,29896.5869699839,29896.5869699839,16.2570962673047,16.2570962673047,0.0343149389411783,0.0343149389411783,0,0
2.095,-0.30022355042333,-0.15872464801967,29896.123944059,29896.123944059,29896.123944059,29896.123944059,16.2565708513147,16.2565708513147,0.0343144722891233,0.0343144722891233,0,0
2.1,-0.301016788113902,-0.158570452628876,29895.6613578866,29895.6613578866,29895.6613578866,29895.6613578866,16.2560459515756,16.2560459515756,0.0343140060802646,0.0343140060802646,0,0
2.105,-0.301809255193704,-0.158416403689567,29895.1992110687,29895.1992110687,29895.1992110687,29895.1992110687,16.2555215675855,16.2555215675855,0.0343135403142012,0.0343135403142012,0,0
2.11,-0.302600952394662,-0.158262501069163,29894.7375032075,29894.7375032075,29894.7375032075,29894.7375032075,16.2549976988434,16.2549976988434,0.0343130749905321,0.0343130749905321,0,0
2.115,-0.30339188044804,-0.158108744635181,29894.2762339055,29894.2762339055,29894.2762339055,29894.2762339055,16.2544743448485,16.2544743448485,0.0343126101088568,0.0343126101088568,0,0
2.12,-0.304182040084438,-0.157955134255254,29893.8154027658,29893.8154027658,29893.8154027658,29893.8154027658,16.2539515051006,16.2539515051006,0.0343121456687751,0.0343121456687751,0,0
2.125,-0.304971432033795,-0.157801669797119,29893.3550093914,29893.3550093914,29893.3550093914,29893.3550093914,16.2534291790998,16.2534291790998,0.034311681669887,0.034311681669887,0,0
2.13,-0.305760057025392,-0.157648351128619,29892.8950533859,29892.8950533859,29892.8950533859,29892.8950533859,16.2529073663469,16.2529073663469,0.0343112181117931,0.0343112181117931,0,0
2.135,-0.306547915787844,-0.157495178117708,29892.4355343531,29892.4355343531,29892.4355343531,29892.4355343531,16.2523860663431,16.2523860663431,0.034310754994094,0.034310754994094,0,0
2.14,-0.307335009049111,-0.157342150632442,29891.9764518973,29891.9764518973,29891.9764518973,29891.9764518973,16.2518652785901,16.2518652785901,0.0343102923163909,0.0343102923163909,0,0
2.145,-0.308121337536492,-0.157189268540986,29891.517805623,29891.517805623,29891.517805623,29891.517805623,16.2513450025898,16.2513450025898,0.0343098300782851,0.0343098300782851,0,0
2.15,-0.308906901976625,-0.157036531711614,29891.0595951348,29891.0595951348,29891.0595951348,29891.0595951348,16.2508252378451,16.2508252378451,0.0343093682793784,0.0343093682793784,0,0
2.155,-0.309691703095492,-0.156883940012701,29890.6018200381,29890.6018200381,29890.6018200381,29890.6018200381,16.2503059838588,16.2503059838588,0.0343089069192727,0.0343089069192727,0,0
2.16,-0.310475741618417,-0.156731493312733,29890.1444799382,29890.1444799382,29890.1444799382,29890.1444799382,16.2497872401347,16.2497872401347,0.0343084459975705,0.0343084459975705,0,0
2.165,-0.311259018270065,-0.156579191480311,29889.6875744409,29889.6875744409,29889.6875744409,29889.6875744409,16.2492690061766,16.2492690061766,0.0343079855138745,0.0343079855138745,0,0
2.17,-0.312041533774447,-0.156427034384122,29889.2311031524,29889.2311031524,29889.2311031524,29889.2311031524,16.248751281489,16.248751281489,0.0343075254677876,0.0343075254677876,0,0
2.175,-0.312823288854915,-0.156275021892981,29888.7750656789,29888.7750656789,29888.7750656789,29888.7750656789,16.2482340655771,16.2482340655771,0.0343070658589133,0.0343070658589133,0,0
2.18,-0.313604284234167,-0.156123153875794,29888.3194616274,29888.3194616274,29888.3194616274,29888.3194616274,16.247717357946,16.247717357946,0.0343066066868551,0.0343066066868551,0,0
2.185,-0.314384520634245,-0.155971430201581,29887.8642906047,29887.8642906047,29887.8642906047,29887.8642906047,16.2472011581018,16.2472011581018,0.034306147951217,0.034306147951217,0,0
2.19,-0.315163998776536,-0.155819850739469,29887.4095522184,29887.4095522184,29887.4095522184,29887.4095522184,16.2466854655509,16.2466854655509,0.0343056896516034,0.0343056896516034,0,0
2.195,-0.315942719381775,-0.15566841535869,29886.9552460761,29886.9552460761,29886.9552460761,29886.9552460761,16.2461702798,16.2461702798,0.0343052317876188,0.0343052317876188,0,0
2.2,-0.316720683170041,-0.155517123928579,29886.5013717857,29886.5013717857,29886.5013717857,29886.5013717857,16.2456556003564,16.2456556003564,0.0343047743588682,0.0343047743588682,0,0
2.205,-0.317497890860761,-0.15536597631858,29886.0479289557,29886.0479289557,29886.0479289557,29886.0479289557,16.245141426728,16.245141426728,0.0343043173649569,0.0343043173649569,0,0
2.21,-0.318274343172709,-0.155214972398243,29885.5949171947,29885.5949171947,29885.5949171947,29885.5949171947,16.2446277584229,16.2446277584229,0.0343038608054905,0.0343038608054905,0,0
2.215,-0.319050040824009,-0.155064112037226,29885.1423361117,29885.1423361117,29885.1423361117,29885.1423361117,16.24411459495,16.24411459495,0.0343034046800748,0.0343034046800748,0,0
2.22,-0.31982498453213,-0.15491339510529,29884.6901853159,29884.6901853159,29884.6901853159,29884.6901853159,16.2436019358183,16.2436019358183,0.0343029489883161,0.0343029489883161,0,0
2.225,-0.320599175013893,-0.154762821472304,29884.2384644169,29884.2384644169,29884.2384644169,29884.2384644169,16.2430897805375,16.2430897805375,0.0343024937298209,0.0343024937298209,0,0
2.23,-0.321372612985468,-0.15461239100824,29883.7871730247,29883.7871730247,29883.7871730247,29883.7871730247,16.2425781286177,16.2425781286177,0.0343020389041961,0.0343020389041961,0,0
2.235,-0.322145299162374,-0.154462103583178,29883.3363107495,29883.3363107495,29883.3363107495,29883.3363107495,16.2420669795694,16.2420669795694,0.0343015845110489,0.0343015845110489,0,0
2.24,-0.322917234259482,-0.154311959067306,29882.8858772019,29882.8858772019,29882.8858772019,29882.8858772019,16.2415563329038,16.2415563329038,0.0343011305499868,0.0343011305499868,0,0
2.245,-0.323688418991013,-0.154161957330916,29882.4358719927,29882.4358719927,29882.4358719927,29882.4358719927,16.2410461881324,16.2410461881324,0.0343006770206176,0.0343006770206176,0,0
2.25,-0.324458854070541,-0.154012098244397,29881.9862947332,29881.9862947332,29881.9862947332,29881.9862947332,16.240536544767,16.240536544767,0.0343002239225495,0.0343002239225495,0,0
2.255,-0.325228540210991,-0.153862381678264,29881.5371450348,29881.5371450348,29881.5371450348,29881.5371450348,16.2400274023201,16.2400274023201,0.0342997712553909,0.0342997712553909,0,0
2.26,-0.325997478124642,-0.153712807503115,29881.0884225093,29881.0884225093,29881.0884225093,29881.0884225093,16.2395187603046,16.2395187603046,0.0342993190187507,0.0342993190187507,0,0
2.265,-0.326765668523125,-0.153563375589667,29880.640126769,29880.640126769,29880.640126769,29880.640126769,16.239010618234,16.239010618234,0.0342988672122378,0.0342988672122378,0,0
2.27,-0.327533112117426,-0.153414085808741,29880.1922574262,29880.1922574262,29880.1922574262,29880.1922574262,16.2385029756219,16.2385029756219,0.0342984158354618,0.0342984158354618,0,0
2.275,-0.328299809617885,-0.153264938031259,29879.7448140938,29879.7448140938,29879.7448140938,29879.7448140938,16.2379958319827,16.2379958319827,0.0342979648880324,0.0342979648880324,0,0
2.28,-0.329065761734196,-0.15311593212825,29879.2977963847,29879.2977963847,29879.2977963847,29879.2977963847,16.2374891868311,16.2374891868311,0.0342975143695596,0.0342975143695596,0,0
2.285,-0.32983096917541,-0.152967067970849,29878.8512039125,29878.8512039125,29878.8512039125,29878.8512039125,16.2369830396823,16.2369830396823,0.0342970642796538,0.0342970642796538,0,0
2.29,-0.330595432649933,-0.152818345430301,29878.4050362909,29878.4050362909,29878.4050362909,29878.4050362909,16.2364773900521,16.2364773900521,0.0342966146179257,0.0342966146179257,0,0
2.295,-0.331359152865527,-0.152669764377944,29877.9592931338,29877.9592931338,29877.9592931338,29877.9592931338,16.2359722374565,16.2359722374565,0.0342961653839864,0.0342961653839864,0,0
2.3,-0.332122130529311,-0.152521324685236,29877.5139740557,29877.5139740557,29877.5139740557,29877.5139740557,16.2354675814121,16.2354675814121,0.0342957165774471,0.0342957165774471,0,0
2.305,-0.332884366347764,-0.152373026223725,29877.0690786712,29877.0690786712,29877.0690786712,29877.0690786712,16.2349634214359,16.2349634214359,0.0342952681979195,0.0342952681979195,0,0
2.31,-0.33364586102672,-0.15222486886507,29876.6246065952,29876.6246065952,29876.6246065952,29876.6246065952,16.2344597570456,16.2344597570456,0.0342948202450156,0.0342948202450156,0,0
2.315,-0.334406615271373,-0.152076852481042,29876.1805574431,29876.1805574431,29876.1805574431,29876.1805574431,16.233956587759,16.233956587759,0.0342943727183476,0.0342943727183476,0,0
2.32,-0.335166629786275,-0.151928976943508,29875.7369308305,29875.7369308305,29875.7369308305,29875.7369308305,16.2334539130945,16.2334539130945,0.0342939256175282,0.0342939256175282,0,0
2.325,-0.335925905275339,-0.151781242124442,29875.2937263733,29875.2937263733,29875.2937263733,29875.2937263733,16.2329517325711,16.2329517325711,0.0342934789421703,0.0342934789421703,0,0
2.33,-0.336684442441837,-0.151633647895924,29874.8509436878,29874.8509436878,29874.8509436878,29874.8509436878,16.2324500457081,16.2324500457081,0.034293032691887,0.034293032691887,0,0
2.335,-0.337442241988402,-0.151486194130135,29874.4085823904,29874.4085823904,29874.4085823904,29874.4085823904,16.2319488520253,16.2319488520253,0.034292586866292,0.034292586866292,0,0
2.34,-0.33819930461703,-0.151338880699364,29873.9666420981,29873.9666420981,29873.9666420981,29873.9666420981,16.2314481510429,16.2314481510429,0.0342921414649991,0.0342921414649991,0,0
2.345,-0.338955631029075,-0.151191707476008,29873.525122428,29873.525122428,29873.525122428,29873.525122428,16.2309479422817,16.2309479422817,0.0342916964876224,0.0342916964876224,0,0
2.35,-0.339711221925257,-0.151044674332563,29873.0840229977,29873.0840229977,29873.0840229977,29873.0840229977,16.2304482252628,16.2304482252628,0.0342912519337766,0.0342912519337766,0,0
2.355,-0.340466078005655,-0.150897781141625,29872.6433434249,29872.6433434249,29872.6433434249,29872.6433434249,16.2299489995079,16.2299489995079,0.0342908078030763,0.0342908078030763,0,0
2.36,-0.341220199969715,-0.150751027775902,29872.2030833277,29872.2030833277,29872.2030833277,29872.2030833277,16.229450264539,16.229450264539,0.0342903640951368,0.0342903640951368,0,0
2.365,-0.341973588516244,-0.150604414108204,29871.7632423246,29871.7632423246,29871.7632423246,29871.7632423246,16.2289520198786,16.2289520198786,0.0342899208095734,0.0342899208095734,0,0
2.37,-0.342726244343415,-0.150457940011449,29871.3238200343,29871.3238200343,29871.3238200343,29871.3238200343,16.2284542650498,16.2284542650498,0.034289477946002,0.034289477946002,0,0
2.375,-0.343478168148765,-0.150311605358652,29870.884816076,29870.884816076,29870.884816076,29870.884816076,16.227956999576,16.227956999576,0.0342890355040385,0.0342890355040385,0,0
2.38,-0.344229360629197,-0.150165410022934,29870.4462300688,29870.4462300688,29870.4462300688,29870.4462300688,16.2274602229811,16.2274602229811,0.0342885934832994,0.0342885934832994,0,0
2.385,-0.344979822480978,-0.150019353877521,29870.0080616326,29870.0080616326,29870.0080616326,29870.0080616326,16.2269639347895,16.2269639347895,0.0342881518834014,0.0342881518834014,0,0
2.39,-0.345729554399745,-0.149873436795748,29869.5703103872,29869.5703103872,29869.5703103872,29869.5703103872,16.2264681345258,16.2264681345258,0.0342877107039615,0.0342877107039615,0,0
2.395,-0.346478557080498,-0.149727658651044,29869.1329759531,29869.1329759531,29869.1329759531,29869.1329759531,16.2259728217155,16.2259728217155,0.0342872699445969,0.0342872699445969,0,0
2.4,-0.347226831217606,-0.149582019316951,29868.6960579508,29868.6960579508,29868.6960579508,29868.6960579508,16.2254779958842,16.2254779958842,0.0342868296049255,0.0342868296049255,0,0
2.405,-0.347974377504808,-0.149436518667106,29868.2595560013,29868.2595560013,29868.2595560013,29868.2595560013,16.224983656558,16.224983656558,0.0342863896845651,0.0342863896845651,0,0
2.41,-0.348721196635207,-0.149291156575256,29867.8234697258,29867.8234697258,29867.8234697258,29867.8234697258,16.2244898032636,16.2244898032636,0.0342859501831339,0.0342859501831339,0,0
2.415,-0.34946728930128,-0.149145932915248,29867.3877987457,29867.3877987457,29867.3877987457,29867.3877987457,16.2239964355281,16.2239964355281,0.0342855111002506,0.0342855111002506,0,0
2.42,-0.35021265619487,-0.149000847561036,29866.9525426831,29866.9525426831,29866.9525426831,29866.9525426831,16.2235035528789,16.2235035528789,0.0342850724355341,0.0342850724355341,0,0
2.425,-0.35095729800719,-0.148855900386677,29866.51770116,29866.51770116,29866.51770116,29866.51770116,16.2230111548439,16.2230111548439,0.0342846341886035,0.0342846341886035,0,0
2.43,-0.351701215428826,-0.148711091266329,29866.083273799,29866.083273799,29866.083273799,29866.083273799,16.2225192409517,16.2225192409517,0.0342841963590785,0.0342841963590785,0,0
2.435,-0.352444409149734,-0.148566420074254,29865.6492602228,29865.6492602228,29865.6492602228,29865.6492602228,16.2220278107311,16.2220278107311,0.0342837589465787,0.0342837589465787,0,0
2.44,-0.35318687985924,-0.148421886684818,29865.2156600545,29865.2156600545,29865.2156600545,29865.2156600545,16.2215368637113,16.2215368637113,0.0342833219507245,0.0342833219507245,0,0
2.445,-0.353928628246044,-0.148277490972489,29864.7824729175,29864.7824729175,29864.7824729175,29864.7824729175,16.2210463994222,16.2210463994222,0.0342828853711361,0.0342828853711361,0,0
2.45,-0.354669654998218,-0.148133232811843,29864.3496984355,29864.3496984355,29864.3496984355,29864.3496984355,16.2205564173939,16.2205564173939,0.0342824492074345,0.0342824492074345,0,0
2.455,-0.355409960803206,-0.147989112077553,29863.9173362327,29863.9173362327,29863.9173362327,29863.9173362327,16.220066917157,16.220066917157,0.0342820134592406,0.0342820134592406,0,0
2.46,-0.356149546347829,-0.147845128644395,29863.4853859332,29863.4853859332,29863.4853859332,29863.4853859332,16.2195778982428,16.2195778982428,0.0342815781261759,0.0342815781261759,0,0
2.465,-0.356888412318277,-0.147701282387254,29863.0538471618,29863.0538471618,29863.0538471618,29863.0538471618,16.2190893601827,16.2190893601827,0.0342811432078621,0.0342811432078621,0,0
2.47,-0.357626559400119,-0.147557573181109,29862.6227195433,29862.6227195433,29862.6227195433,29862.6227195433,16.2186013025087,16.2186013025087,0.0342807087039212,0.0342807087039212,0,0
2.475,-0.358363988278298,-0.147414000901054,29862.1920027032,29862.1920027032,29862.1920027032,29862.1920027032,16.2181137247533,16.2181137247533,0.0342802746139755,0.0342802746139755,0,0
2.48,-0.359100699637132,-0.147270565422275,29861.7616962668,29861.7616962668,29861.7616962668,29861.7616962668,16.2176266264492,16.2176266264492,0.0342798409376476,0.0342798409376476,0,0
2.485,-0.359836694160315,-0.147127266620065,29861.3317998602,29861.3317998602,29861.3317998602,29861.3317998602,16.21714000713,16.21714000713,0.0342794076745606,0.0342794076745606,0,0
2.49,-0.360571972530919,-0.146984104369819,29860.9023131095,29860.9023131095,29860.9023131095,29860.9023131095,16.2166538663293,16.2166538663293,0.0342789748243376,0.0342789748243376,0,0
2.495,-0.361306535431393,-0.146841078547036,29860.4732356411,29860.4732356411,29860.4732356411,29860.4732356411,16.2161682035813,16.2161682035813,0.0342785423866023,0.0342785423866023,0,0
2.5,-0.362040383543561,-0.146698189027313,29860.0445670819,29860.0445670819,29860.0445670819,29860.0445670819,16.2156830184208,16.2156830184208,0.0342781103609784,0.0342781103609784,0,0
2.505,-0.36277351754863,-0.146555435686358,29859.6163070591,29859.6163070591,29859.6163070591,29859.6163070591,16.2151983103828,16.2151983103828,0.0342776787470903,0.0342776787470903,0,0
2.51,-0.363505938127183,-0.146412818399971,29859.1884551999,29859.1884551999,29859.1884551999,29859.1884551999,16.2147140790028,16.2147140790028,0.0342772475445623,0.0342772475445623,0,0
2.515,-0.364237645959181,-0.146270337044061,29858.7610111322,29858.7610111322,29858.7610111322,29858.7610111322,16.2142303238169,16.2142303238169,0.0342768167530194,0.0342768167530194,0,0
2.52,-0.364968641723967,-0.146127991494643,29858.3339744839,29858.3339744839,29858.3339744839,29858.3339744839,16.2137470443614,16.2137470443614,0.0342763863720866,0.0342763863720866,0,0
2.525,-0.365698926100265,-0.145985781627821,29857.9073448835,29857.9073448835,29857.9073448835,29857.9073448835,16.2132642401733,16.2132642401733,0.0342759564013893,0.0342759564013893,0,0
2.53,-0.366428499766177,-0.145843707319816,29857.4811219594,29857.4811219594,29857.4811219594,29857.4811219594,16.2127819107899,16.2127819107899,0.0342755268405533,0.0342755268405533,0,0
2.535,-0.367157363399188,-0.145701768446939,29857.0553053408,29857.0553053408,29857.0553053408,29857.0553053408,16.2123000557489,16.2123000557489,0.0342750976892046,0.0342750976892046,0,0
2.54,-0.367885517676166,-0.145559964885615,29856.6298946568,29856.6298946568,29856.6298946568,29856.6298946568,16.2118186745885,16.2118186745885,0.0342746689469696,0.0342746689469696,0,0
2.545,-0.368612963273358,-0.145418296512357,29856.2048895371,29856.2048895371,29856.2048895371,29856.2048895371,16.2113377668474,16.2113377668474,0.0342742406134749,0.0342742406134749,0,0
2.55,-0.369339700866397,-0.145276763203794,29855.7802896114,29855.7802896114,29855.7802896114,29855.7802896114,16.2108573320646,16.2108573320646,0.0342738126883475,0.0342738126883475,0,0
2.555,-0.370065731130298,-0.145135364836643,29855.3560945099,29855.3560945099,29855.3560945099,29855.3560945099,16.2103773697796,16.2103773697796,0.0342733851712147,0.0342733851712147,0,0
2.56,-0.370791054739461,-0.144994101287738,29854.9323038632,29854.9323038632,29854.9323038632,29854.9323038632,16.2098978795324,16.2098978795324,0.0342729580617041,0.0342729580617041,0,0
2.565,-0.371515672367668,-0.144852972433998,29854.508917302,29854.508917302,29854.508917302,29854.508917302,16.2094188608635,16.2094188608635,0.0342725313594435,0.0342725313594435,0,0
2.57,-0.372239584688088,-0.144711978152457,29854.0859344574,29854.0859344574,29854.0859344574,29854.0859344574,16.2089403133135,16.2089403133135,0.0342721050640612,0.0342721050640612,0,0
2.575,-0.372962792373274,-0.144571118320249,29853.6633549607,29853.6633549607,29853.6633549607,29853.6633549607,16.2084622364239,16.2084622364239,0.0342716791751857,0.0342716791751857,0,0
2.58,-0.373685296095168,-0.144430392814601,29853.2411784438,29853.2411784438,29853.2411784438,29853.2411784438,16.2079846297362,16.2079846297362,0.0342712536924457,0.0342712536924457,0,0
2.585,-0.374407096525094,-0.144289801512851,29852.8194045385,29852.8194045385,29852.8194045385,29852.8194045385,16.2075074927927,16.2075074927927,0.0342708286154704,0.0342708286154704,0,0
2.59,-0.375128194333765,-0.144149344292428,29852.3980328773,29852.3980328773,29852.3980328773,29852.3980328773,16.2070308251359,16.2070308251359,0.0342704039438892,0.0342704039438892,0,0
2.595,-0.375848590191283,-0.144009021030877,29851.9770630926,29851.9770630926,29851.9770630926,29851.9770630926,16.2065546263088,16.2065546263088,0.0342699796773318,0.0342699796773318,0,0
2.6,-0.376568284767135,-0.14386883160583,29851.5564948175,29851.5564948175,29851.5564948175,29851.5564948175,16.2060788958549,16.2060788958549,0.0342695558154284,0.0342695558154284,0,0
2.605,-0.377287278730198,-0.143728775895028,29851.1363276851,29851.1363276851,29851.1363276851,29851.1363276851,16.2056036333181,16.2056036333181,0.0342691323578092,0.0342691323578092,0,0
2.61,-0.378005572748738,-0.143588853776312,29850.7165613289,29850.7165613289,29850.7165613289,29850.7165613289,16.2051288382427,16.2051288382427,0.0342687093041048,0.0342687093041048,0,0
2.615,-0.378723167490411,-0.143449065127621,29850.2971953829,29850.2971953829,29850.2971953829,29850.2971953829,16.2046545101735,16.2046545101735,0.0342682866539464,0.0342682866539464,0,0
2.62,-0.379440063622261,-0.143309409826999,29849.878229481,29849.878229481,29849.878229481,29849.878229481,16.2041806486556,16.2041806486556,0.034267864406965,0.034267864406965,0,0
2.625,-0.380156261810725,-0.143169887752591,29849.4596632578,29849.4596632578,29849.4596632578,29849.4596632578,16.2037072532346,16.2037072532346,0.0342674425627923,0.0342674425627923,0,0
2.63,-0.380871762721628,-0.143030498782638,29849.0414963479,29849.0414963479,29849.0414963479,29849.0414963479,16.2032343234567,16.2032343234567,0.0342670211210601,0.0342670211210601,0,0
2.635,-0.381586567020189,-0.142891242795489,29848.6237283865,29848.6237283865,29848.6237283865,29848.6237283865,16.2027618588683,16.2027618588683,0.0342666000814007,0.0342666000814007,0,0
2.64,-0.382300675371018,-0.142752119669586,29848.2063590088,29848.2063590088,29848.2063590088,29848.2063590088,16.2022898590164,16.2022898590164,0.0342661794434464,0.0342661794434464,0,0
2.645,-0.383014088438118,-0.142613129283476,29847.7893878504,29847.7893878504,29847.7893878504,29847.7893878504,16.2018183234482,16.2018183234482,0.0342657592068302,0.0342657592068302,0,0
2.65,-0.383726806884884,-0.14247427151581,29847.3728145474,29847.3728145474,29847.3728145474,29847.3728145474,16.2013472517117,16.2013472517117,0.034265339371185,0.034265339371185,0,0
2.655,-0.384438831374105,-0.142335546245333,29846.956638736,29846.956638736,29846.956638736,29846.956638736,16.2008766433549,16.2008766433549,0.0342649199361443,0.0342649199361443,0,0
2.66,-0.385150162567964,-0.142196953350893,29846.5408600527,29846.5408600527,29846.5408600527,29846.5408600527,16.2004064979266,16.2004064979266,0.0342645009013417,0.0342645009013417,0,0
2.665,-0.385860801128039,-0.142058492711438,29846.1254781343,29846.1254781343,29846.1254781343,29846.1254781343,16.1999368149759,16.1999368149759,0.0342640822664114,0.0342640822664114,0,0
2.67,-0.386570747715302,-0.141920164206023,29845.7104926181,29845.7104926181,29845.7104926181,29845.7104926181,16.1994675940522,16.1994675940522,0.0342636640309875,0.0342636640309875,0,0
2.675,-0.387280002990121,-0.14178196771379,29845.2959031414,29845.2959031414,29845.2959031414,29845.2959031414,16.1989988347054,16.1989988347054,0.0342632461947047,0.0342632461947047,0,0
2.68,-0.38798856761226,-0.141643903113994,29844.881709342,29844.881709342,29844.881709342,29844.881709342,16.1985305364861,16.1985305364861,0.0342628287571979,0.0342628287571979,0,0
2.685,-0.388696442240881,-0.141505970285985,29844.467910858,29844.467910858,29844.467910858,29844.467910858,16.1980626989449,16.1980626989449,0.0342624117181024,0.0342624117181024,0,0
2.69,-0.389403627534539,-0.141368169109213,29844.0545073276,29844.0545073276,29844.0545073276,29844.0545073276,16.1975953216331,16.1975953216331,0.0342619950770536,0.0342619950770536,0,0
2.695,-0.390110124151191,-0.141230499463223,29843.6414983897,29843.6414983897,29843.6414983897,29843.6414983897,16.1971284041024,16.1971284041024,0.0342615788336873,0.0342615788336873,0,0
2.7,-0.390815932748189,-0.141092961227674,29843.228883683,29843.228883683,29843.228883683,29843.228883683,16.1966619459047,16.1966619459047,0.0342611629876398,0.0342611629876398,0,0
2.705,-0.391521053982284,-0.14095555428231,29842.8166628469,29842.8166628469,29842.8166628469,29842.8166628469,16.1961959465928,16.1961959465928,0.0342607475385473,0.0342607475385473,0,0
2.71,-0.392225488509628,-0.140818278506983,29842.4048355209,29842.4048355209,29842.4048355209,29842.4048355209,16.1957304057194,16.1957304057194,0.0342603324860467,0.0342603324860467,0,0
2.715,-0.392929236985771,-0.140681133781642,29841.9934013449,29841.9934013449,29841.9934013449,29841.9934013449,16.195265322838,16.195265322838,0.0342599178297749,0.0342599178297749,0,0
2.72,-0.393632300065662,-0.140544119986339,29841.582359959,29841.582359959,29841.582359959,29841.582359959,16.1948006975023,16.1948006975023,0.0342595035693693,0.0342595035693693,0,0
2.725,-0.394334678403651,-0.140407237001223,29841.1717110037,29841.1717110037,29841.1717110037,29841.1717110037,16.1943365292665,16.1943365292665,0.0342590897044676,0.0342590897044676,0,0
2.73,-0.395036372653491,-0.140270484706543,29840.7614541196,29840.7614541196,29840.7614541196,29840.7614541196,16.1938728176854,16.1938728176854,0.0342586762347076,0.0342586762347076,0,0
2.735,-0.395737383468335,-0.14013386298265,29840.3515889479,29840.3515889479,29840.3515889479,29840.3515889479,16.193409562314,16.193409562314,0.0342582631597277,0.0342582631597277,0,0
2.74,-0.396437711500736,-0.139997371709986,29839.94211513,29839.94211513,29839.94211513,29839.94211513,16.1929467627077,16.1929467627077,0.0342578504791663,0.0342578504791663,0,0
2.745,-0.397137357402654,-0.139861010769104,29839.5330323073,29839.5330323073,29839.5330323073,29839.5330323073,16.1924844184225,16.1924844184225,0.0342574381926622,0.0342574381926622,0,0
2.75,-0.397836321825448,-0.139724780040651,29839.124340122,29839.124340122,29839.124340122,29839.124340122,16.1920225290148,16.1920225290148,0.0342570262998547,0.0342570262998547,0,0
2.755,-0.398534605419883,-0.139588679405373,29838.7160382161,29838.7160382161,29838.7160382161,29838.7160382161,16.1915610940413,16.1915610940413,0.0342566148003831,0.0342566148003831,0,0
2.76,-0.399232208836125,-0.139452708744114,29838.3081262323,29838.3081262323,29838.3081262323,29838.3081262323,16.1911001130591,16.1911001130591,0.0342562036938872,0.0342562036938872,0,0
2.765,-0.399929132723749,-0.139316867937819,29837.9006038135,29837.9006038135,29837.9006038135,29837.9006038135,16.190639585626,16.190639585626,0.034255792980007,0.034255792980007,0,0
2.77,-0.40062537773173,-0.139181156867533,29837.4934706026,29837.4934706026,29837.4934706026,29837.4934706026,16.1901795112999,16.1901795112999,0.0342553826583829,0.0342553826583829,0,0
2.775,-0.401320944508453,-0.139045575414402,29837.0867262432,29837.0867262432,29837.0867262432,29837.0867262432,16.1897198896392,16.1897198896392,0.0342549727286554,0.0342549727286554,0,0
2.78,-0.402015833701705,-0.138910123459665,29836.680370379,29836.680370379,29836.680370379,29836.680370379,16.189260720203,16.189260720203,0.0342545631904657,0.0342545631904657,0,0
2.785,-0.402710045958682,-0.138774800884664,29836.274402654,29836.274402654,29836.274402654,29836.274402654,16.1888020025504,16.1888020025504,0.0342541540434547,0.0342541540434547,0,0
2.79,-0.403403581925987,-0.13863960757084,29835.8688227125,29835.8688227125,29835.8688227125,29835.8688227125,16.1883437362412,16.1883437362412,0.0342537452872642,0.0342537452872642,0,0
2.795,-0.404096442249629,-0.138504543399728,29835.4636301992,29835.4636301992,29835.4636301992,29835.4636301992,16.1878859208356,16.1878859208356,0.034253336921536,0.034253336921536,0,0
2.8,-0.404788627575025,-0.138369608252969,29835.0588247589,29835.0588247589,29835.0588247589,29835.0588247589,16.1874285558941,16.1874285558941,0.0342529289459121,0.0342529289459121,0,0
2.805,-0.405480138547002,-0.138234802012299,29834.6544060369,29834.6544060369,29834.6544060369,29834.6544060369,16.1869716409776,16.1869716409776,0.034252521360035,0.034252521360035,0,0
2.81,-0.406170975809794,-0.138100124559552,29834.2503736787,29834.2503736787,29834.2503736787,29834.2503736787,16.1865151756476,16.1865151756476,0.0342521141635474,0.0342521141635474,0,0
2.815,-0.406861140007047,-0.137965575776663,29833.84672733,29833.84672733,29833.84672733,29833.84672733,16.186059159466,16.186059159466,0.0342517073560924,0.0342517073560924,0,0
2.82,-0.407550631781814,-0.137831155545666,29833.443466637,29833.443466637,29833.443466637,29833.443466637,16.1856035919948,16.1856035919948,0.0342513009373133,0.0342513009373133,0,0
2.825,-0.408239451776561,-0.137696863748686,29833.0405912461,29833.0405912461,29833.0405912461,29833.0405912461,16.1851484727969,16.1851484727969,0.0342508949068537,0.0342508949068537,0,0
2.83,-0.408927600633162,-0.137562700267954,29832.6381008039,29832.6381008039,29832.6381008039,29832.6381008039,16.1846938014352,16.1846938014352,0.0342504892643575,0.0342504892643575,0,0
2.835,-0.409615078992904,-0.137428664985802,29832.2359949574,29832.2359949574,29832.2359949574,29832.2359949574,16.1842395774734,16.1842395774734,0.034250084009469,0.034250084009469,0,0
2.84,-0.410301887496488,-0.137294757784651,29831.834273354,29831.834273354,29831.834273354,29831.834273354,16.1837858004751,16.1837858004751,0.0342496791418326,0.0342496791418326,0,0
2.845,-0.410988026784023,-0.137160978547025,29831.4329356411,29831.4329356411,29831.4329356411,29831.4329356411,16.1833324700049,16.1833324700049,0.0342492746610932,0.0342492746610932,0,0
2.85,-0.411673497495035,-0.137027327155545,29831.0319814666,29831.0319814666,29831.0319814666,29831.0319814666,16.1828795856275,16.1828795856275,0.0342488705668958,0.0342488705668958,0,0
2.855,-0.41235830026846,-0.136893803492933,29830.6314104788,29830.6314104788,29830.6314104788,29830.6314104788,16.1824271469079,16.1824271469079,0.0342484668588859,0.0342484668588859,0,0
2.86,-0.41304243574265,-0.136760407442008,29830.231222326,29830.231222326,29830.231222326,29830.231222326,16.1819751534118,16.1819751534118,0.0342480635367093,0.0342480635367093,0,0
2.865,-0.413725904555371,-0.136627138885684,29829.831416657,29829.831416657,29829.831416657,29829.831416657,16.1815236047052,16.1815236047052,0.0342476606000118,0.0342476606000118,0,0
2.87,-0.414408707343803,-0.136493997706976,29829.4319931209,29829.4319931209,29829.4319931209,29829.4319931209,16.1810725003544,16.1810725003544,0.0342472580484397,0.0342472580484397,0,0
2.875,-0.415090844744542,-0.136360983788993,29829.032951367,29829.032951367,29829.032951367,29829.032951367,16.1806218399263,16.1806218399263,0.0342468558816398,0.0342468558816398,0,0
2.88,-0.4157723173936,-0.136228097014945,29828.6342910448,29828.6342910448,29828.6342910448,29828.6342910448,16.1801716229882,16.1801716229882,0.0342464540992587,0.0342464540992587,0,0
2.885,-0.416453125926404,-0.136095337268143,29828.2360118044,29828.2360118044,29828.2360118044,29828.2360118044,16.1797218491076,16.1797218491076,0.0342460527009438,0.0342460527009438,0,0
2.89,-0.417133270977799,-0.135962704431986,29827.838113296,29827.838113296,29827.838113296,29827.838113296,16.1792725178527,16.1792725178527,0.0342456516863425,0.0342456516863425,0,0
2.895,-0.417812753182047,-0.135830198389981,29827.4405951699,29827.4405951699,29827.4405951699,29827.4405951699,16.1788236287919,16.1788236287919,0.0342452510551026,0.0342452510551026,0,0
2.9,-0.418491573172828,-0.135697819025727,29827.0434570772,29827.0434570772,29827.0434570772,29827.0434570772,16.178375181494,16.178375181494,0.0342448508068721,0.0342448508068721,0,0
2.905,-0.41916973158324,-0.135565566222919,29826.6466986688,29826.6466986688,29826.6466986688,29826.6466986688,16.1779271755284,16.1779271755284,0.0342444509412994,0.0342444509412994,0,0
2.91,-0.4198472290458,-0.135433439865354,29826.2503195961,29826.2503195961,29826.2503195961,29826.2503195961,16.1774796104649,16.1774796104649,0.0342440514580331,0.0342440514580331,0,0
2.915,-0.420524066192442,-0.135301439836922,29825.8543195108,29825.8543195108,29825.8543195108,29825.8543195108,16.1770324858734,16.1770324858734,0.0342436523567222,0.0342436523567222,0,0
2.92,-0.421200243654524,-0.135169566021614,29825.4586980648,29825.4586980648,29825.4586980648,29825.4586980648,16.1765858013246,16.1765858013246,0.034243253637016,0.034243253637016,0,0
2.925,-0.421875762062821,-0.135037818303514,29825.0634549105,29825.0634549105,29825.0634549105,29825.0634549105,16.1761395563894,16.1761395563894,0.034242855298564,0.034242855298564,0,0
2.93,-0.422550622047528,-0.134906196566809,29824.6685897004,29824.6685897004,29824.6685897004,29824.6685897004,16.1756937506391,16.1756937506391,0.0342424573410159,0.0342424573410159,0,0
2.935,-0.423224824238265,-0.134774700695776,29824.2741020873,29824.2741020873,29824.2741020873,29824.2741020873,16.1752483836455,16.1752483836455,0.034242059764022,0.034242059764022,0,0
2.94,-0.423898369264069,-0.134643330574795,29823.8799917244,29823.8799917244,29823.8799917244,29823.8799917244,16.1748034549808,16.1748034549808,0.0342416625672326,0.0342416625672326,0,0
2.945,-0.424571257753404,-0.13451208608834,29823.486258265,29823.486258265,29823.486258265,29823.486258265,16.1743589642175,16.1743589642175,0.0342412657502984,0.0342412657502984,0,0
2.95,-0.425243490334151,-0.134380967120981,29823.0929013629,29823.0929013629,29823.0929013629,29823.0929013629,16.1739149109287,16.1739149109287,0.0342408693128705,0.0342408693128705,0,0
2.955,-0.42591506763362,-0.134249973557387,29822.6999206722,29822.6999206722,29822.6999206722,29822.6999206722,16.1734712946878,16.1734712946878,0.0342404732546002,0.0342404732546002,0,0
2.96,-0.426585990278539,-0.134119105282325,29822.307315847,29822.307315847,29822.307315847,29822.307315847,16.1730281150685,16.1730281150685,0.034240077575139,0.034240077575139,0,0
2.965,-0.427256258895065,-0.133988362180654,29821.915086542,29821.915086542,29821.915086542,29821.915086542,16.172585371645,16.172585371645,0.0342396822741388,0.0342396822741388,0,0
2.97,-0.427925874108777,-0.133857744137335,29821.523232412,29821.523232412,29821.523232412,29821.523232412,16.1721430639921,16.1721430639921,0.0342392873512518,0.0342392873512518,0,0
2.975,-0.428594836544678,-0.133727251037423,29821.1317531123,29821.1317531123,29821.1317531123,29821.1317531123,16.1717011916847,16.1717011916847,0.0342388928061305,0.0342388928061305,0,0
2.98,-0.429263146827198,-0.133596882766063,29820.7406482982,29820.7406482982,29820.7406482982,29820.7406482982,16.1712597542982,16.1712597542982,0.0342384986384275,0.0342384986384275,0,0
2.985,-0.429930805580195,-0.13346663920851,29820.3499176255,29820.3499176255,29820.3499176255,29820.3499176255,16.1708187514085,16.1708187514085,0.0342381048477961,0.0342381048477961,0,0
2.99,-0.430597813426949,-0.133336520250107,29819.9595607503,29819.9595607503,29819.9595607503,29819.9595607503,16.1703781825919,16.1703781825919,0.0342377114338894,0.0342377114338894,0,0
2.995,-0.43126417099017,-0.133206525776292,29819.5695773289,29819.5695773289,29819.5695773289,29819.5695773289,16.1699380474249,16.1699380474249,0.0342373183963611,0.0342373183963611,0,0
3,-0.431929878891995,-0.133076655672604,29819.1799670178,29819.1799670178,29819.1799670178,29819.1799670178,16.1694983454847,16.1694983454847,0.0342369257348652,0.0342369257348652,0,0
