time_s,wDown,accelerationDown,aeroThrust1,aeroThrust2,hubThrust1,hubThrust2,vi1,vi2,beta1,beta2,betaRate1,betaRate2
0,0,-1.2126596023639e-15,29419.95,29419.95,29419.95,29419.95,16.269694194372,16.269694194372,0.0337331692055155,0.0337331692055155,0,0
0.005,-6.06329801181952e-18,-1.2126596023639e-15,29419.95,29419.95,29419.95,29419.95,16.269694194372,16.269694194372,0.0337331692055155,0.0337331692055155,0,0
0.01,-1.2126596023639e-17,-1.2126596023639e-15,29419.95,29419.95,29419.95,29419.95,16.269694194372,16.269694194372,0.0337331692055155,0.0337331692055155,0,0
0.015,-1.81898940354586e-17,-1.2126596023639e-15,29419.95,29419.95,29419.95,29419.95,16.269694194372,16.269694194372,0.0337331692055155,0.0337331692055155,0,0
0.02,-2.42531920472781e-17,-1.2126596023639e-15,29419.95,29419.95,29419.95,29419.95,16.269694194372,16.269694194372,0.0337331692055155,0.0337331692055155,0,0
0.025,-3.03164900590976e-17,-1.2126596023639e-15,29419.95,29419.95,29419.95,29419.95,16.269694194372,16.269694194372,0.0337331692055155,0.0337331692055155,0,0
0.03,-3.63797880709171e-17,-1.2126596023639e-15,29419.95,29419.95,29419.95,29419.95,16.269694194372,16.269694194372,0.0337331692055155,0.0337331692055155,0,0
0.035,-4.24430860827366e-17,-1.2126596023639e-15,29419.95,29419.95,29419.95,29419.95,16.269694194372,16.269694194372,0.0337331692055155,0.0337331692055155,0,0
0.04,-4.85063840945562e-17,-1.2126596023639e-15,29419.95,29419.95,29419.95,29419.95,16.269694194372,16.269694194372,0.0337331692055155,0.0337331692055155,0,0
0.045,-5.45696821063757e-17,-1.2126596023639e-15,29419.95,29419.95,29419.95,29419.95,16.269694194372,16.269694194372,0.0337331692055155,0.0337331692055155,0,0
0.05,-6.06329801181952e-17,-1.2126596023639e-15,29419.95,29419.95,29419.95,29419.95,16.269694194372,16.269694194372,0.0337331692055155,0.0337331692055155,0,0
0.055,-6.66962781300147e-17,-1.2126596023639e-15,29419.95,29419.95,29419.95,29419.95,16.269694194372,16.269694194372,0.0337331692055155,0.0337331692055155,0,0
0.06,-7.27595761418343e-17,-1.2126596023639e-15,29419.95,29419.95,29419.95,29419.95,16.269694194372,16.269694194372,0.0337331692055155,0.0337331692055155,0,0
0.065,-7.88228741536538e-17,-1.2126596023639e-15,29419.95,29419.95,29419.95,29419.95,16.269694194372,16.269694194372,0.0337331692055155,0.0337331692055155,0,0
0.07,-8.48861721654733e-17,-1.2126596023639e-15,29419.95,29419.95,29419.95,29419.95,16.269694194372,16.269694194372,0.0337331692055155,0.0337331692055155,0,0
0.075,-9.09494701772928e-17,-1.2126596023639e-15,29419.95,29419.95,29419.95,29419.95,16.269694194372,16.269694194372,0.0337331692055155,0.0337331692055155,0,0
0.08,-9.70127681891123e-17,-1.2126596023639e-15,29419.95,29419.95,29419.95,29419.95,16.269694194372,16.269694194372,0.0337331692055155,0.0337331692055155,0,0
0.085,-1.03076066200932e-16,-1.2126596023639e-15,29419.95,29419.95,29419.95,29419.95,16.269694194372,16.269694194372,0.0337331692055155,0.0337331692055155,0,0
0.09,-1.09139364212751e-16,-1.2126596023639e-15,29419.95,29419.95,29419.95,29419.95,16.269694194372,16.269694194372,0.0337331692055155,0.0337331692055155,0,0
0.095,-1.15202662224571e-16,-1.2126596023639e-15,29419.95,29419.95,29419.95,29419.95,16.269694194372,16.269694194372,0.0337331692055155,0.0337331692055155,0,0
0.1,-1.2126596023639e-16,-1.2126596023639e-15,29419.95,29419.95,29419.95,29419.95,16.269694194372,16.269694194372,0.0337331692055155,0.0337331692055155,0,0
0.105,-1.2732925824821e-16,-1.2126596023639e-15,29419.95,29419.95,29419.95,29419.95,16.269694194372,16.269694194372,0.0337331692055155,0.0337331692055155,0,0
0.11,-1.33392556260029e-16,-1.2126596023639e-15,29419.95,29419.95,29419.95,29419.95,16.269694194372,16.269694194372,0.0337331692055155,0.0337331692055155,0,0
0.115,-1.39455854271849e-16,-1.2126596023639e-15,29419.95,29419.95,29419.95,29419.95,16.269694194372,16.269694194372,0.0337331692055155,0.0337331692055155,0,0
0.12,-1.45519152283669e-16,-1.2126596023639e-15,29419.95,29419.95,29419.95,29419.95,16.269694194372,16.269694194372,0.0337331692055155,0.0337331692055155,0,0
0.125,-1.51582450295488e-16,-1.2126596023639e-15,29419.95,29419.95,29419.95,29419.95,16.269694194372,16.269694194372,0.0337331692055155,0.0337331692055155,0,0
0.13,-1.57645748307308e-16,-1.2126596023639e-15,29419.95,29419.95,29419.95,29419.95,16.269694194372,16.269694194372,0.0337331692055155,0.0337331692055155,0,0
0.135,-1.63709046319127e-16,-1.2126596023639e-15,29419.95,29419.95,29419.95,29419.95,16.269694194372,16.269694194372,0.0337331692055155,0.0337331692055155,0,0
0.14,-1.69772344330947e-16,-1.2126596023639e-15,29419.95,29419.95,29419.95,29419.95,16.269694194372,16.269694194372,0.0337331692055155,0.0337331692055155,0,0
0.145,-1.75835642342766e-16,-1.2126596023639e-15,29419.95,29419.95,29419.95,29419.95,16.269694194372,16.269694194372,0.0337331692055155,0.0337331692055155,0,0
0.15,-1.81898940354586e-16,-1.2126596023639e-15,29419.95,29419.95,29419.95,29419.95,16.269694194372,16.269694194372,0.0337331692055155,0.0337331692055155,0,0
0.155,-1.87962238366405e-16,-1.2126596023639e-15,29419.95,29419.95,29419.95,29419.95,16.269694194372,16.269694194372,0.0337331692055155,0.0337331692055155,0,0
0.16,-1.94025536378225e-16,-1.2126596023639e-15,29419.95,29419.95,29419.95,29419.95,16.269694194372,16.269694194372,0.0337331692055155,0.0337331692055155,0,0
0.165,-2.00088834390044e-16,-1.2126596023639e-15,29419.95,29419.95,29419.95,29419.95,16.269694194372,16.269694194372,0.0337331692055155,0.0337331692055155,0,0
0.17,-2.06152132401864e-16,-1.2126596023639e-15,29419.95,29419.95,29419.95,29419.95,16.269694194372,16.269694194372,0.0337331692055155,0.0337331692055155,0,0
0.175,-2.12215430413683e-16,-1.2126596023639e-15,29419.95,29419.95,29419.95,29419.95,16.269694194372,16.269694194372,0.0337331692055155,0.0337331692055155,0,0
0.18,-2.18278728425503e-16,-1.2126596023639e-15,29419.95,29419.95,29419.95,29419.95,16.269694194372,16.269694194372,0.0337331692055155,0.0337331692055155,0,0
0.185,-2.24342026437322e-16,-1.2126596023639e-15,29419.95,29419.95,29419.95,29419.95,16.269694194372,16.269694194372,0.0337331692055155,0.0337331692055155,0,0
0.19,-2.30405324449142e-16,-1.2126596023639e-15,29419.95,29419.95,29419.95,29419.95,16.269694194372,16.269694194372,0.0337331692055155,0.0337331692055155,0,0
0.195,-2.36468622460961e-16,-1.2126596023639e-15,29419.95,29419.95,29419.95,29419.95,16.269694194372,16.269694194372,0.0337331692055155,0.0337331692055155,0,0
0.2,-2.42531920472781e-16,-1.2126596023639e-15,29419.95,29419.95,29419.95,29419.95,16.269694194372,16.269694194372,0.0337331692055155,0.0337331692055155,0,0
0.205,-2.485952184846e-16,-1.2126596023639e-15,29419.95,29419.95,29419.95,29419.95,16.269694194372,16.269694194372,0.0337331692055155,0.0337331692055155,0,0
0.21,-2.5465851649642e-16,-1.2126596023639e-15,29419.95,29419.95,29419.95,29419.95,16.269694194372,16.269694194372,0.0337331692055155,0.0337331692055155,0,0
0.215,-2.60721814508239e-16,-1.2126596023639e-15,29419.95,29419.95,29419.95,29419.95,16.269694194372,16.269694194372,0.0337331692055155,0.0337331692055155,0,0
0.22,-2.66785112520059e-16,-1.2126596023639e-15,29419.95,29419.95,29419.95,29419.95,16.269694194372,16.269694194372,0.0337331692055155,0.0337331692055155,0,0
0.225,-2.72848410531878e-16,-1.2126596023639e-15,29419.95,29419.95,29419.95,29419.95,16.269694194372,16.269694194372,0.0337331692055155,0.0337331692055155,0,0
0.23,-2.78911708543698e-16,-1.2126596023639e-15,29419.95,29419.95,29419.95,29419.95,16.269694194372,16.269694194372,0.0337331692055155,0.0337331692055155,0,0
0.235,-2.84975006555517e-16,-1.2126596023639e-15,29419.95,29419.95,29419.95,29419.95,16.269694194372,16.269694194372,0.0337331692055155,0.0337331692055155,0,0
0.24,-2.91038304567337e-16,-1.2126596023639e-15,29419.95,29419.95,29419.95,29419.95,16.269694194372,16.269694194372,0.0337331692055155,0.0337331692055155,0,0
0.245,-2.97101602579156e-16,-1.2126596023639e-15,29419.95,29419.95,29419.95,29419.95,16.269694194372,16.269694194372,0.0337331692055155,0.0337331692055155,0,0
0.25,-3.03164900590976e-16,-1.2126596023639e-15,29419.95,29419.95,29419.95,29419.95,16.269694194372,16.269694194372,0.0337331692055155,0.0337331692055155,0,0
0.255,-3.09228198602795e-16,-1.2126596023639e-15,29419.95,29419.95,29419.95,29419.95,16.269694194372,16.269694194372,0.0337331692055155,0.0337331692055155,0,0
0.26,-3.15291496614615e-16,-1.2126596023639e-15,29419.95,29419.95,29419.95,29419.95,16.269694194372,16.269694194372,0.0337331692055155,0.0337331692055155,0,0
0.265,-3.21354794626434e-16,-1.2126596023639e-15,29419.95,29419.95,29419.95,29419.95,16.269694194372,16.269694194372,0.0337331692055155,0.0337331692055155,0,0
0.27,-3.27418092638254e-16,-1.2126596023639e-15,29419.95,29419.95,29419.95,29419.95,16.269694194372,16.269694194372,0.0337331692055155,0.0337331692055155,0,0
0.275,-3.33481390650073e-16,-1.2126596023639e-15,29419.95,29419.95,29419.95,29419.95,16.269694194372,16.269694194372,0.0337331692055155,0.0337331692055155,0,0
0.28,-3.39544688661893e-16,-1.2126596023639e-15,29419.95,29419.95,29419.95,29419.95,16.269694194372,16.269694194372,0.0337331692055155,0.0337331692055155,0,0
0.285,-3.45607986673712e-16,-1.2126596023639e-15,29419.95,29419.95,29419.95,29419.95,16.269694194372,16.269694194372,0.0337331692055155,0.0337331692055155,0,0
0.29,-3.51671284685532e-16,-1.2126596023639e-15,29419.95,29419.95,29419.95,29419.95,16.269694194372,16.269694194372,0.0337331692055155,0.0337331692055155,0,0
0.295,-3.57734582697351e-16,-1.2126596023639e-15,29419.95,29419.95,29419.95,29419.95,16.269694194372,16.269694194372,0.0337331692055155,0.0337331692055155,0,0
0.3,-3.63797880709171e-16,-1.2126596023639e-15,29419.95,29419.95,29419.95,29419.95,16.269694194372,16.269694194372,0.0337331692055155,0.0337331692055155,0,0
0.305,-3.6986117872099e-16,-1.2126596023639e-15,29419.95,29419.95,29419.95,29419.95,16.269694194372,16.269694194372,0.0337331692055155,0.0337331692055155,0,0
0.31,-3.7592447673281e-16,-1.2126596023639e-15,29419.95,29419.95,29419.95,29419.95,16.269694194372,16.269694194372,0.0337331692055155,0.0337331692055155,0,0
0.315,-3.81987774744629e-16,-1.2126596023639e-15,29419.95,29419.95,29419.95,29419.95,16.269694194372,16.269694194372,0.0337331692055155,0.0337331692055155,0,0
0.32,-3.88051072756449e-16,-1.2126596023639e-15,29419.95,29419.95,29419.95,29419.95,16.269694194372,16.269694194372,0.0337331692055155,0.0337331692055155,0,0
0.325,-3.94114370768268e-16,-1.2126596023639e-15,29419.95,29419.95,29419.95,29419.95,16.269694194372,16.269694194372,0.0337331692055155,0.0337331692055155,0,0
0.33,-4.00177668780088e-16,-1.2126596023639e-15,29419.95,29419.95,29419.95,29419.95,16.269694194372,16.269694194372,0.0337331692055155,0.0337331692055155,0,0
0.335,-4.06240966791907e-16,-1.2126596023639e-15,29419.95,29419.95,29419.95,29419.95,16.269694194372,16.269694194372,0.0337331692055155,0.0337331692055155,0,0
0.34,-4.12304264803727e-16,-1.2126596023639e-15,29419.95,29419.95,29419.95,29419.95,16.269694194372,16.269694194372,0.0337331692055155,0.0337331692055155,0,0
0.345,-4.18367562815546e-16,-1.2126596023639e-15,29419.95,29419.95,29419.95,29419.95,16.269694194372,16.269694194372,0.0337331692055155,0.0337331692055155,0,0
0.35,-4.24430860827366e-16,-1.2126596023639e-15,29419.95,29419.95,29419.95,29419.95,16.269694194372,16.269694194372,0.0337331692055155,0.0337331692055155,0,0
0.355,-4.30494158839185e-16,-1.2126596023639e-15,29419.95,29419.95,29419.95,29419.95,16.269694194372,16.269694194372,0.0337331692055155,0.0337331692055155,0,0
0.36,-4.36557456851005e-16,-1.2126596023639e-15,29419.95,29419.95,29419.95,29419.95,16.269694194372,16.269694194372,0.0337331692055155,0.0337331692055155,0,0
0.365,-4.42620754862824e-16,-1.2126596023639e-15,29419.95,29419.95,29419.95,29419.95,16.269694194372,16.269694194372,0.0337331692055155,0.0337331692055155,0,0
0.37,-4.48684052874644e-16,-1.2126596023639e-15,29419.95,29419.95,29419.95,29419.95,16.269694194372,16.269694194372,0.0337331692055155,0.0337331692055155,0,0
0.375,-4.54747350886463e-16,-1.2126596023639e-15,29419.95,29419.95,29419.95,29419.95,16.269694194372,16.269694194372,0.0337331692055155,0.0337331692055155,0,0
0.38,-4.60810648898283e-16,-1.2126596023639e-15,29419.95,29419.95,29419.95,29419.95,16.269694194372,16.269694194372,0.0337331692055155,0.0337331692055155,0,0
0.385,-4.66873946910102e-16,-1.2126596023639e-15,29419.95,29419.95,29419.95,29419.95,16.269694194372,16.269694194372,0.0337331692055155,0.0337331692055155,0,0
0.39,-4.72937244921922e-16,-1.2126596023639e-15,29419.95,29419.95,29419.95,29419.95,16.269694194372,16.269694194372,0.0337331692055155,0.0337331692055155,0,0
0.395,-4.79000542933741e-16,-1.2126596023639e-15,29419.95,29419.95,29419.95,29419.95,16.269694194372,16.269694194372,0.0337331692055155,0.0337331692055155,0,0
0.4,-4.85063840945561e-16,-1.2126596023639e-15,29419.95,29419.95,29419.95,29419.95,16.269694194372,16.269694194372,0.0337331692055155,0.0337331692055155,0,0
0.405,-4.9112713895738e-16,-1.2126596023639e-15,29419.95,29419.95,29419.95,29419.95,16.269694194372,16.269694194372,0.0337331692055155,0.0337331692055155,0,0
0.41,-4.971904369692e-16,-1.2126596023639e-15,29419.95,29419.95,29419.95,29419.95,16.269694194372,16.269694194372,0.0337331692055155,0.0337331692055155,0,0
0.415,-5.03253734981019e-16,-1.2126596023639e-15,29419.95,29419.95,29419.95,29419.95,16.269694194372,16.269694194372,0.0337331692055155,0.0337331692055155,0,0
0.42,-5.09317032992839e-16,-1.2126596023639e-15,29419.95,29419.95,29419.95,29419.95,16.269694194372,16.269694194372,0.0337331692055155,0.0337331692055155,0,0
0.425,-5.15380331004658e-16,-1.2126596023639e-15,29419.95,29419.95,29419.95,29419.95,16.269694194372,16.269694194372,0.0337331692055155,0.0337331692055155,0,0
0.43,-5.21443629016478e-16,-1.2126596023639e-15,29419.95,29419.95,29419.95,29419.95,16.269694194372,16.269694194372,0.0337331692055155,0.0337331692055155,0,0
0.435,-5.27506927028297e-16,-1.2126596023639e-15,29419.95,29419.95,29419.95,29419.95,16.269694194372,16.269694194372,0.0337331692055155,0.0337331692055155,0,0
0.44,-5.33570225040117e-16,-1.2126596023639e-15,29419.95,29419.95,29419.95,29419.95,16.269694194372,16.269694194372,0.0337331692055155,0.0337331692055155,0,0
0.445,-5.39633523051936e-16,-1.2126596023639e-15,29419.95,29419.95,29419.95,29419.95,16.269694194372,16.269694194372,0.0337331692055155,0.0337331692055155,0,0
0.45,-5.45696821063756e-16,-1.2126596023639e-15,29419.95,29419.95,29419.95,29419.95,16.269694194372,16.269694194372,0.0337331692055155,0.0337331692055155,0,0
0.455,-5.51760119075575e-16,-1.2126596023639e-15,29419.95,29419.95,29419.95,29419.95,16.269694194372,16.269694194372,0.0337331692055155,0.0337331692055155,0,0
0.46,-5.57823417087395e-16,-1.2126596023639e-15,29419.95,29419.95,29419.95,29419.95,16.269694194372,16.269694194372,0.0337331692055155,0.0337331692055155,0,0
0.465,-5.63886715099214e-16,-1.2126596023639e-15,29419.95,29419.95,29419.95,29419.95,16.269694194372,16.269694194372,0.0337331692055155,0.0337331692055155,0,0
0.47,-5.69950013111034e-16,-1.2126596023639e-15,29419.95,29419.95,29419.95,29419.95,16.269694194372,16.269694194372,0.0337331692055155,0.0337331692055155,0,0
0.475,-5.76013311122853e-16,-1.2126596023639e-15,29419.95,29419.95,29419.95,29419.95,16.269694194372,16.269694194372,0.0337331692055155,0.0337331692055155,0,0
0.48,-5.82076609134673e-16,-1.2126596023639e-15,29419.95,29419.95,29419.95,29419.95,16.269694194372,16.269694194372,0.0337331692055155,0.0337331692055155,0,0
0.485,-5.88139907146492e-16,-1.2126596023639e-15,29419.95,29419.95,29419.95,29419.95,16.269694194372,16.269694194372,0.0337331692055155,0.0337331692055155,0,0
0.49,-5.94203205158312e-16,-1.2126596023639e-15,29419.95,29419.95,29419.95,29419.95,16.269694194372,16.269694194372,0.0337331692055155,0.0337331692055155,0,0
0.495,-6.00266503170131e-16,-1.2126596023639e-15,29419.95,29419.95,29419.95,29419.95,16.269694194372,16.269694194372,0.0337331692055155,0.0337331692055155,0,0
0.5,-6.06329801181951e-16,-0.219602837916672,30078.75851375,30078.75851375,30078.75851375,30078.75851375,16.4508513597387,16.4508513597387,0.0344985371388042,0.0344985371388042,0,0
0.505,-0.00109747835186252,-0.219388536630642,30078.1156098919,30078.1156098919,30078.1156098919,30078.1156098919,16.4501268183973,16.4501268183973,0.0344978892001242,0.0344978892001242,0,0
0.51,-0.0021938857041831,-0.219174438070257,30077.4733142108,30077.4733142108,30077.4733142108,30077.4733142108,16.449402995263,16.449402995263,0.0344972418743841,0.0344972418743841,0,0
0.515,-0.00328922307014244,-0.218960542056285,30076.8316261689,30076.8316261689,30076.8316261689,30076.8316261689,16.4486798896344,16.4486798896344,0.0344965951610418,0.0344965951610418,0,0
0.52,-0.0043834914620248,-0.218746848409626,30076.1905452289,30076.1905452289,30076.1905452289,30076.1905452289,16.4479575008109,16.4479575008109,0.0344959490595559,0.0344959490595559,0,0
0.525,-0.00547669189121926,-0.218533356951311,30075.5500708539,30075.5500708539,30075.5500708539,30075.5500708539,16.4472358280925,16.4472358280925,0.0344953035693853,0.0344953035693853,0,0
0.53,-0.00656882536822044,-0.218320067502512,30074.9102025075,30074.9102025075,30074.9102025075,30074.9102025075,16.4465148707801,16.4465148707801,0.0344946586899893,0.0344946586899893,0,0
0.535,-0.00765989290262908,-0.218106979884529,30074.2709396536,30074.2709396536,30074.2709396536,30074.2709396536,16.445794628175,16.445794628175,0.0344940144208276,0.0344940144208276,0,0
0.54,-0.00874989550315282,-0.217894093918795,30073.6322817564,30073.6322817564,30073.6322817564,30073.6322817564,16.4450750995791,16.4450750995791,0.0344933707613602,0.0344933707613602,0,0
0.545,-0.00983883417760676,-0.217681409426885,30072.9942282807,30072.9942282807,30072.9942282807,30072.9942282807,16.4443562842953,16.4443562842953,0.0344927277110478,0.0344927277110478,0,0
0.55,-0.0109267099329142,-0.217468926230499,30072.3567786915,30072.3567786915,30072.3567786915,30072.3567786915,16.4436381816268,16.4436381816268,0.0344920852693512,0.0344920852693512,0,0
0.555,-0.0120135237751073,-0.217256644151467,30071.7199324544,30071.7199324544,30071.7199324544,30071.7199324544,16.4429207908777,16.4429207908777,0.0344914434357318,0.0344914434357318,0,0
0.56,-0.0130992767093278,-0.217044563011765,30071.0836890353,30071.0836890353,30071.0836890353,30071.0836890353,16.4422041113527,16.4422041113527,0.0344908022096512,0.0344908022096512,0,0
0.565,-0.0141839697398273,-0.216832682633488,30070.4480479005,30070.4480479005,30070.4480479005,30070.4480479005,16.4414881423571,16.4414881423571,0.0344901615905716,0.0344901615905716,0,0
0.57,-0.0152676038699688,-0.216621002838881,30069.8130085166,30069.8130085166,30069.8130085166,30069.8130085166,16.4407728831968,16.4407728831968,0.0344895215779556,0.0344895215779556,0,0
0.575,-0.0163501801022262,-0.216409523450307,30069.1785703509,30069.1785703509,30069.1785703509,30069.1785703509,16.4400583331786,16.4400583331786,0.0344888821712661,0.0344888821712661,0,0
0.58,-0.017431699438186,-0.21619824429027,30068.5447328708,30068.5447328708,30068.5447328708,30068.5447328708,16.4393444916097,16.4393444916097,0.0344882433699663,0.0344882433699663,0,0
0.585,-0.0185121628785475,-0.215987165181408,30067.9114955442,30067.9114955442,30067.9114955442,30067.9114955442,16.4386313577981,16.4386313577981,0.0344876051735201,0.0344876051735201,0,0
0.59,-0.0195915714231233,-0.215776285946484,30067.2788578395,30067.2788578395,30067.2788578395,30067.2788578395,16.4379189310525,16.4379189310525,0.0344869675813916,0.0344869675813916,0,0
0.595,-0.0206699260708404,-0.215565606408403,30066.6468192252,30066.6468192252,30066.6468192252,30066.6468192252,16.437207210682,16.437207210682,0.0344863305930453,0.0344863305930453,0,0
0.6,-0.0217472278197405,-0.2153551263902,30066.0153791706,30066.0153791706,30066.0153791706,30066.0153791706,16.4364961959966,16.4364961959966,0.0344856942079462,0.0344856942079462,0,0
0.605,-0.0228234776669808,-0.215144845715041,30065.3845371451,30065.3845371451,30065.3845371451,30065.3845371451,16.4357858863068,16.4357858863068,0.0344850584255596,0.0344850584255596,0,0
0.61,-0.0238986766088348,-0.214934764206231,30064.7542926187,30064.7542926187,30064.7542926187,30064.7542926187,16.435076280924,16.435076280924,0.0344844232453513,0.0344844232453513,0,0
0.615,-0.0249728256406927,-0.214724881687197,30064.1246450616,30064.1246450616,30064.1246450616,30064.1246450616,16.43436737916,16.43436737916,0.0344837886667874,0.0344837886667874,0,0
0.62,-0.0260459257570623,-0.214515197981505,30063.4955939445,30063.4955939445,30063.4955939445,30063.4955939445,16.4336591803272,16.4336591803272,0.0344831546893345,0.0344831546893345,0,0
0.625,-0.0271179779515695,-0.21430571291286,30062.8671387386,30062.8671387386,30062.8671387386,30062.8671387386,16.432951683739,16.432951683739,0.0344825213124595,0.0344825213124595,0,0
0.63,-0.0281889832169591,-0.214096426305089,30062.2392789153,30062.2392789153,30062.2392789153,30062.2392789153,16.432244888709,16.432244888709,0.0344818885356298,0.0344818885356298,0,0
0.635,-0.0292589425450952,-0.213887337982163,30061.6120139465,30061.6120139465,30061.6120139465,30061.6120139465,16.4315387945519,16.4315387945519,0.0344812563583132,0.0344812563583132,0,0
0.64,-0.0303278569269623,-0.213678447768169,30060.9853433045,30060.9853433045,30060.9853433045,30060.9853433045,16.4308334005827,16.4308334005827,0.0344806247799778,0.0344806247799778,0,0
0.645,-0.0313957273526655,-0.213469755487339,30060.359266462,30060.359266462,30060.359266462,30060.359266462,16.4301287061172,16.4301287061172,0.0344799938000921,0.0344799938000921,0,0
0.65,-0.0324625548114315,-0.213261260964039,30059.7337828921,30059.7337828921,30059.7337828921,30059.7337828921,16.4294247104719,16.4294247104719,0.0344793634181252,0.0344793634181252,0,0
0.655,-0.0335283402916092,-0.21305296402276,30059.1088920683,30059.1088920683,30059.1088920683,30059.1088920683,16.4287214129638,16.4287214129638,0.0344787336335464,0.0344787336335464,0,0
0.66,-0.0345930847806702,-0.212844864488132,30058.4845934644,30058.4845934644,30058.4845934644,30058.4845934644,16.4280188129106,16.4280188129106,0.0344781044458254,0.0344781044458254,0,0
0.665,-0.0356567892652096,-0.212636962184908,30057.8608865547,30057.8608865547,30057.8608865547,30057.8608865547,16.4273169096307,16.4273169096307,0.0344774758544324,0.0344774758544324,0,0
0.67,-0.0367194547309465,-0.212429256937984,30057.237770814,30057.237770814,30057.237770814,30057.237770814,16.4266157024432,16.4266157024432,0.0344768478588379,0.0344768478588379,0,0
0.675,-0.037781082162725,-0.212221748572386,30056.6152457172,30056.6152457172,30056.6152457172,30056.6152457172,16.4259151906676,16.4259151906676,0.034476220458513,0.034476220458513,0,0
0.68,-0.0388416725445145,-0.212014436913263,30055.9933107398,30055.9933107398,30055.9933107398,30055.9933107398,16.4252153736242,16.4252153736242,0.034475593652929,0.034475593652929,0,0
0.685,-0.0399012268594105,-0.211807321785906,30055.3719653577,30055.3719653577,30055.3719653577,30055.3719653577,16.4245162506342,16.4245162506342,0.0344749674415576,0.0344749674415576,0,0
0.69,-0.0409597460896355,-0.211600403015731,30054.7512090472,30054.7512090472,30054.7512090472,30054.7512090472,16.4238178210189,16.4238178210189,0.0344743418238709,0.0344743418238709,0,0
0.695,-0.0420172312165391,-0.211393680428295,30054.1310412849,30054.1310412849,30054.1310412849,30054.1310412849,16.4231200841007,16.4231200841007,0.0344737167993417,0.0344737167993417,0,0
0.7,-0.0430736832205991,-0.211187153849283,30053.5114615478,30053.5114615478,30053.5114615478,30053.5114615478,16.4224230392024,16.4224230392024,0.0344730923674428,0.0344730923674428,0,0
0.705,-0.0441291030814222,-0.210980823104506,30052.8924693135,30052.8924693135,30052.8924693135,30052.8924693135,16.4217266856475,16.4217266856475,0.0344724685276475,0.0344724685276475,0,0
0.71,-0.0451834917777445,-0.210774688019913,30052.2740640597,30052.2740640597,30052.2740640597,30052.2740640597,16.4210310227602,16.4210310227602,0.0344718452794296,0.0344718452794296,0,0
0.715,-0.0462368502874318,-0.210568748421584,30051.6562452647,30051.6562452647,30051.6562452647,30051.6562452647,16.4203360498653,16.4203360498653,0.0344712226222633,0.0344712226222633,0,0
0.72,-0.0472891795874811,-0.210363004135732,30051.0390124072,30051.0390124072,30051.0390124072,30051.0390124072,16.4196417662883,16.4196417662883,0.0344706005556232,0.0344706005556232,0,0
0.725,-0.0483404806540205,-0.210157454988695,30050.4223649661,30050.4223649661,30050.4223649661,30050.4223649661,16.4189481713552,16.4189481713552,0.0344699790789841,0.0344699790789841,0,0
0.73,-0.0493907544623102,-0.20995210080695,30049.8063024208,30049.8063024208,30049.8063024208,30049.8063024208,16.4182552643927,16.4182552643927,0.0344693581918214,0.0344693581918214,0,0
0.735,-0.0504400019867431,-0.2097469414171,30049.1908242513,30049.1908242513,30049.1908242513,30049.1908242513,16.4175630447282,16.4175630447282,0.0344687378936109,0.0344687378936109,0,0
0.74,-0.0514882242008456,-0.20954197664589,30048.5759299377,30048.5759299377,30048.5759299377,30048.5759299377,16.4168715116897,16.4168715116897,0.0344681181838287,0.0344681181838287,0,0
0.745,-0.0525354220772779,-0.209337206320184,30047.9616189605,30047.9616189605,30047.9616189605,30047.9616189605,16.4161806646057,16.4161806646057,0.0344674990619513,0.0344674990619513,0,0
0.75,-0.0535815965878349,-0.209132630266979,30047.3478908009,30047.3478908009,30047.3478908009,30047.3478908009,16.4154905028057,16.4154905028057,0.0344668805274557,0.0344668805274557,0,0
0.755,-0.054626748703447,-0.208928248313413,30046.7347449402,30046.7347449402,30046.7347449402,30046.7347449402,16.4148010256194,16.4148010256194,0.0344662625798192,0.0344662625798192,0,0
0.76,-0.0556708793941805,-0.208724060286747,30046.1221808602,30046.1221808602,30046.1221808602,30046.1221808602,16.4141122323775,16.4141122323775,0.0344656452185196,0.0344656452185196,0,0
0.765,-0.0567139896292383,-0.208520066014375,30045.5101980431,30045.5101980431,30045.5101980431,30045.5101980431,16.413424122411,16.413424122411,0.0344650284430349,0.0344650284430349,0,0
0.77,-0.0577560803769607,-0.208316265323823,30044.8987959715,30044.8987959715,30044.8987959715,30044.8987959715,16.4127366950519,16.4127366950519,0.0344644122528437,0.0344644122528437,0,0
0.775,-0.0587971526048257,-0.208112658042747,30044.2879741282,30044.2879741282,30044.2879741282,30044.2879741282,16.4120499496325,16.4120499496325,0.0344637966474249,0.0344637966474249,0,0
0.78,-0.0598372072794502,-0.207909243998933,30043.6777319968,30043.6777319968,30043.6777319968,30043.6777319968,16.4113638854859,16.4113638854859,0.0344631816262579,0.0344631816262579,0,0
0.785,-0.0608762453665903,-0.207706023020304,30043.0680690609,30043.0680690609,30043.0680690609,30043.0680690609,16.4106785019458,16.4106785019458,0.0344625671888223,0.0344625671888223,0,0
0.79,-0.061914267831142,-0.207502994934903,30042.4589848047,30042.4589848047,30042.4589848047,30042.4589848047,16.4099937983466,16.4099937983466,0.0344619533345983,0.0344619533345983,0,0
0.795,-0.0629512756371417,-0.20730015957092,30041.8504787128,30041.8504787128,30041.8504787128,30041.8504787128,16.4093097740232,16.4093097740232,0.0344613400630663,0.0344613400630663,0,0
0.8,-0.0639872697477674,-0.207097516756662,30041.24255027,30041.24255027,30041.24255027,30041.24255027,16.4086264283113,16.4086264283113,0.0344607273737073,0.0344607273737073,0,0
0.805,-0.0650222511253386,-0.206895066320568,30040.6351989617,30040.6351989617,30040.6351989617,30040.6351989617,16.407943760547,16.407943760547,0.0344601152660025,0.0344601152660025,0,0
0.81,-0.0660562207313176,-0.206692808091217,30040.0284242736,30040.0284242736,30040.0284242736,30040.0284242736,16.4072617700673,16.4072617700673,0.0344595037394338,0.0344595037394338,0,0
0.815,-0.0670891795263098,-0.20649074189731,30039.4222256919,30039.4222256919,30039.4222256919,30039.4222256919,16.4065804562095,16.4065804562095,0.034458892793483,0.034458892793483,0,0
0.82,-0.0681211284700645,-0.20628886756768,30038.816602703,30038.816602703,30038.816602703,30038.816602703,16.405899818312,16.405899818312,0.0344582824276327,0.0344582824276327,0,0
0.825,-0.0691520685214753,-0.206087184931295,30038.2115547939,30038.2115547939,30038.2115547939,30038.2115547939,16.4052198557133,16.4052198557133,0.0344576726413659,0.0344576726413659,0,0
0.83,-0.0701820006385813,-0.20588569381725,30037.6070814517,30037.6070814517,30037.6070814517,30037.6070814517,16.4045405677529,16.4045405677529,0.0344570634341657,0.0344570634341657,0,0
0.835,-0.0712109257785671,-0.20568439405477,30037.0031821643,30037.0031821643,30037.0031821643,30037.0031821643,16.4038619537708,16.4038619537708,0.0344564548055159,0.0344564548055159,0,0
0.84,-0.0722388448977639,-0.205483285473212,30036.3998564196,30036.3998564196,30036.3998564196,30036.3998564196,16.4031840131075,16.4031840131075,0.0344558467549004,0.0344558467549004,0,0
0.845,-0.0732657589516499,-0.205282367902066,30035.7971037062,30035.7971037062,30035.7971037062,30035.7971037062,16.4025067451045,16.4025067451045,0.0344552392818039,0.0344552392818039,0,0
0.85,-0.0742916688948512,-0.205081641170944,30035.1949235128,30035.1949235128,30035.1949235128,30035.1949235128,16.4018301491034,16.4018301491034,0.034454632385711,0.034454632385711,0,0
0.855,-0.0753165756811423,-0.204881105109597,30034.5933153288,30034.5933153288,30034.5933153288,30034.5933153288,16.401154224447,16.401154224447,0.034454026066107,0.034454026066107,0,0
0.86,-0.0763404802634466,-0.2046807595479,30033.9922786437,30033.9922786437,30033.9922786437,30033.9922786437,16.4004789704782,16.4004789704782,0.0344534203224776,0.0344534203224776,0,0
0.865,-0.0773633835938374,-0.204480604315865,30033.3918129476,30033.3918129476,30033.3918129476,30033.3918129476,16.3998043865408,16.3998043865408,0.0344528151543089,0.0344528151543089,0,0
0.87,-0.0783852866235382,-0.204280639243629,30032.7919177309,30032.7919177309,30032.7919177309,30032.7919177309,16.3991304719793,16.3991304719793,0.0344522105610872,0.0344522105610872,0,0
0.875,-0.0794061903029238,-0.204080864161457,30032.1925924844,30032.1925924844,30032.1925924844,30032.1925924844,16.3984572261385,16.3984572261385,0.0344516065422993,0.0344516065422993,0,0
0.88,-0.0804260955815203,-0.203881278899751,30031.5938366992,30031.5938366992,30031.5938366992,30031.5938366992,16.3977846483642,16.3977846483642,0.0344510030974325,0.0344510030974325,0,0
0.885,-0.0814450034080063,-0.203681883289034,30030.9956498671,30030.9956498671,30030.9956498671,30030.9956498671,16.3971127380026,16.3971127380026,0.0344504002259743,0.0344504002259743,0,0
0.89,-0.0824629147302134,-0.203482677159969,30030.3980314799,30030.3980314799,30030.3980314799,30030.3980314799,16.3964414944006,16.3964414944006,0.0344497979274128,0.0344497979274128,0,0
0.895,-0.0834798304951267,-0.203283660343342,30029.80098103,30029.80098103,30029.80098103,30029.80098103,16.3957709169055,16.3957709169055,0.0344491962012363,0.0344491962012363,0,0
0.9,-0.0844957516488857,-0.203084832670069,30029.2044980102,30029.2044980102,30029.2044980102,30029.2044980102,16.3951010048657,16.3951010048657,0.0344485950469337,0.0344485950469337,0,0
0.905,-0.0855106791367847,-0.202886193971197,30028.6085819136,30028.6085819136,30028.6085819136,30028.6085819136,16.3944317576296,16.3944317576296,0.0344479944639941,0.0344479944639941,0,0
0.91,-0.0865246139032736,-0.202687744077904,30028.0132322337,30028.0132322337,30028.0132322337,30028.0132322337,16.3937631745468,16.3937631745468,0.034447394451907,0.034447394451907,0,0
0.915,-0.0875375568919585,-0.202489482821497,30027.4184484645,30027.4184484645,30027.4184484645,30027.4184484645,16.3930952549672,16.3930952549672,0.0344467950101624,0.0344467950101624,0,0
0.92,-0.0885495090456024,-0.202291410033412,30026.8242301002,30026.8242301002,30026.8242301002,30026.8242301002,16.3924279982413,16.3924279982413,0.0344461961382507,0.0344461961382507,0,0
0.925,-0.0895604713061258,-0.202093525545211,30026.2305766356,30026.2305766356,30026.2305766356,30026.2305766356,16.3917614037203,16.3917614037203,0.0344455978356626,0.0344455978356626,0,0
0.93,-0.0905704446146072,-0.201895829188591,30025.6374875658,30025.6374875658,30025.6374875658,30025.6374875658,16.3910954707561,16.3910954707561,0.0344450001018892,0.0344450001018892,0,0
0.935,-0.091579429911284,-0.201698320795377,30025.0449623861,30025.0449623861,30025.0449623861,30025.0449623861,16.3904301987012,16.3904301987012,0.0344444029364221,0.0344444029364221,0,0
0.94,-0.0925874281355532,-0.201501000197525,30024.4530005926,30024.4530005926,30024.4530005926,30024.4530005926,16.3897655869084,16.3897655869084,0.0344438063387531,0.0344438063387531,0,0
0.945,-0.0935944402259717,-0.201303867227112,30023.8616016813,30023.8616016813,30023.8616016813,30023.8616016813,16.3891016347315,16.3891016347315,0.0344432103083746,0.0344432103083746,0,0
0.95,-0.0946004671202571,-0.201106921716348,30023.270765149,30023.270765149,30023.270765149,30023.270765149,16.3884383415249,16.3884383415249,0.0344426148447793,0.0344426148447793,0,0
0.955,-0.0956055097552885,-0.200910163497587,30022.6804904928,30022.6804904928,30022.6804904928,30022.6804904928,16.3877757066432,16.3877757066432,0.0344420199474602,0.0344420199474602,0,0
0.96,-0.096609569067107,-0.200713592403287,30022.0907772099,30022.0907772099,30022.0907772099,30022.0907772099,16.3871137294422,16.3871137294422,0.0344414256159108,0.0344414256159108,0,0
0.965,-0.0976126459909164,-0.200517208266048,30021.5016247981,30021.5016247981,30021.5016247981,30021.5016247981,16.3864524092778,16.3864524092778,0.0344408318496251,0.0344408318496251,0,0
0.97,-0.0986147414610838,-0.200321010918601,30020.9130327558,30020.9130327558,30020.9130327558,30020.9130327558,16.3857917455068,16.3857917455068,0.0344402386480971,0.0344402386480971,0,0
0.975,-0.0996158564111402,-0.200125000193805,30020.3250005814,30020.3250005814,30020.3250005814,30020.3250005814,16.3851317374866,16.3851317374866,0.0344396460108217,0.0344396460108217,0,0
0.98,-0.100615991773781,-0.199929175924643,30019.7375277739,30019.7375277739,30019.7375277739,30019.7375277739,16.3844723845751,16.3844723845751,0.0344390539372937,0.0344390539372937,0,0
0.985,-0.101615148480868,-0.199733537944229,30019.1506138327,30019.1506138327,30019.1506138327,30019.1506138327,16.3838136861308,16.3838136861308,0.0344384624270087,0.0344384624270087,0,0
0.99,-0.102613327463427,-0.199538086085808,30018.5642582574,30018.5642582574,30018.5642582574,30018.5642582574,16.383155641513,16.383155641513,0.0344378714794624,0.0344378714794624,0,0
0.995,-0.103610529651652,-0.199342820182756,30017.9784605483,30017.9784605483,30017.9784605483,30017.9784605483,16.3824982500813,16.3824982500813,0.0344372810941512,0.0344372810941512,0,0
1,-0.104606755974902,-0.199147740068563,30017.3932202057,30017.3932202057,30017.3932202057,30017.3932202057,16.3818415111963,16.3818415111963,0.0344366912705714,0.0344366912705714,0,0
1.005,-0.105602007361708,-0.198952845576868,30016.8085367306,30016.8085367306,30016.8085367306,30016.8085367306,16.3811854242188,16.3811854242188,0.0344361020082202,0.0344361020082202,0,0
1.01,-0.106596284739765,-0.198758136541424,30016.2244096243,30016.2244096243,30016.2244096243,30016.2244096243,16.3805299885106,16.3805299885106,0.0344355133065948,0.0344355133065948,0,0
1.015,-0.107589589035939,-0.198563612796121,30015.6408383884,30015.6408383884,30015.6408383884,30015.6408383884,16.3798752034338,16.3798752034338,0.0344349251651931,0.0344349251651931,0,0
1.02,-0.108581921176266,-0.198369274174967,30015.0578225249,30015.0578225249,30015.0578225249,30015.0578225249,16.3792210683512,16.3792210683512,0.0344343375835132,0.0344343375835132,0,0
1.025,-0.109573282085953,-0.19817512051211,30014.4753615363,30014.4753615363,30014.4753615363,30014.4753615363,16.3785675826262,16.3785675826262,0.0344337505610536,0.0344337505610536,0,0
1.03,-0.110563672689375,-0.197981151641822,30013.8934549255,30013.8934549255,30013.8934549255,30013.8934549255,16.377914745623,16.377914745623,0.0344331640973133,0.0344331640973133,0,0
1.035,-0.111553093910082,-0.197787367398499,30013.3121021955,30013.3121021955,30013.3121021955,30013.3121021955,16.377262556706,16.377262556706,0.0344325781917915,0.0344325781917915,0,0
1.04,-0.112541546670796,-0.197593767616672,30012.73130285,30012.73130285,30012.73130285,30012.73130285,16.3766110152407,16.3766110152407,0.0344319928439879,0.0344319928439879,0,0
1.045,-0.113529031893409,-0.197400352130992,30012.151056393,30012.151056393,30012.151056393,30012.151056393,16.3759601205927,16.3759601205927,0.0344314080534027,0.0344314080534027,0,0
1.05,-0.114515550498991,-0.197207120776246,30011.5713623287,30011.5713623287,30011.5713623287,30011.5713623287,16.3753098721287,16.3753098721287,0.0344308238195363,0.0344308238195363,0,0
1.055,-0.115501103407782,-0.197014073387344,30010.992220162,30010.992220162,30010.992220162,30010.992220162,16.3746602692155,16.3746602692155,0.0344302401418895,0.0344302401418895,0,0
1.06,-0.116485691539199,-0.196821209799325,30010.413629398,30010.413629398,30010.413629398,30010.413629398,16.3740113112209,16.3740113112209,0.0344296570199636,0.0344296570199636,0,0
1.065,-0.117469315811835,-0.196628529847361,30009.8355895421,30009.8355895421,30009.8355895421,30009.8355895421,16.3733629975132,16.3733629975132,0.0344290744532602,0.0344290744532602,0,0
1.07,-0.118451977143458,-0.196436033366744,30009.2581001002,30009.2581001002,30009.2581001002,30009.2581001002,16.3727153274611,16.3727153274611,0.0344284924412814,0.0344284924412814,0,0
1.075,-0.119433676451014,-0.196243720192893,30008.6811605787,30008.6811605787,30008.6811605787,30008.6811605787,16.3720683004342,16.3720683004342,0.0344279109835295,0.0344279109835295,0,0
1.08,-0.120414414650624,-0.196051590161365,30008.1047704841,30008.1047704841,30008.1047704841,30008.1047704841,16.3714219158025,16.3714219158025,0.0344273300795074,0.0344273300795074,0,0
1.085,-0.121394192657591,-0.195859643107838,30007.5289293235,30007.5289293235,30007.5289293235,30007.5289293235,16.3707761729367,16.3707761729367,0.0344267497287181,0.0344267497287181,0,0
1.09,-0.122373011386392,-0.19566787886811,30006.9536366043,30006.9536366043,30006.9536366043,30006.9536366043,16.3701310712079,16.3701310712079,0.0344261699306653,0.0344261699306653,0,0
1.095,-0.123350871750688,-0.195476297278127,30006.3788918344,30006.3788918344,30006.3788918344,30006.3788918344,16.3694866099882,16.3694866099882,0.034425590684853,0.034425590684853,0,0
1.1,-0.124327774663317,-0.195284898173937,30005.8046945218,30005.8046945218,30005.8046945218,30005.8046945218,16.3688427886499,16.3688427886499,0.0344250119907853,0.0344250119907853,0,0
1.105,-0.125303721036297,-0.195093681391736,30005.2310441752,30005.2310441752,30005.2310441752,30005.2310441752,16.3681996065661,16.3681996065661,0.0344244338479672,0.0344244338479672,0,0
1.11,-0.126278711780831,-0.194902646767839,30004.6579403035,30004.6579403035,30004.6579403035,30004.6579403035,16.3675570631105,16.3675570631105,0.0344238562559036,0.0344238562559036,0,0
1.115,-0.1272527478073,-0.194711794138684,30004.085382416,30004.085382416,30004.085382416,30004.085382416,16.3669151576572,16.3669151576572,0.0344232792141,0.0344232792141,0,0
1.12,-0.12822583002527,-0.194521123340846,30003.5133700225,30003.5133700225,30003.5133700225,30003.5133700225,16.3662738895812,16.3662738895812,0.0344227027220623,0.0344227027220623,0,0
1.125,-0.129197959343489,-0.194330634211018,30002.9419026331,30002.9419026331,30002.9419026331,30002.9419026331,16.3656332582578,16.3656332582578,0.0344221267792968,0.0344221267792968,0,0
1.13,-0.130169136669888,-0.194140326586028,30002.3709797581,30002.3709797581,30002.3709797581,30002.3709797581,16.3649932630632,16.3649932630632,0.0344215513853101,0.0344215513853101,0,0
1.135,-0.131139362911585,-0.193950200302826,30001.8006009085,30001.8006009085,30001.8006009085,30001.8006009085,16.3643539033738,16.3643539033738,0.0344209765396093,0.0344209765396093,0,0
1.14,-0.132108638974881,-0.193760255198492,30001.2307655955,30001.2307655955,30001.2307655955,30001.2307655955,16.3637151785671,16.3637151785671,0.0344204022417017,0.0344204022417017,0,0
1.145,-0.133076965765264,-0.193570491110228,30000.6614733307,30000.6614733307,30000.6614733307,30000.6614733307,16.3630770880207,16.3630770880207,0.0344198284910951,0.0344198284910951,0,0
1.15,-0.134044344187406,-0.193380907875366,30000.0927236261,30000.0927236261,30000.0927236261,30000.0927236261,16.3624396311131,16.3624396311131,0.0344192552872977,0.0344192552872977,0,0
1.155,-0.135010775145169,-0.193191505331365,29999.5245159941,29999.5245159941,29999.5245159941,29999.5245159941,16.3618028072233,16.3618028072233,0.0344186826298181,0.0344186826298181,0,0
1.16,-0.1359762595416,-0.193002283315815,29998.9568499474,29998.9568499474,29998.9568499474,29998.9568499474,16.3611666157308,16.3611666157308,0.0344181105181652,0.0344181105181652,0,0
1.165,-0.136940798278937,-0.192813241666422,29998.3897249993,29998.3897249993,29998.3897249993,29998.3897249993,16.360531056016,16.360531056016,0.0344175389518483,0.0344175389518483,0,0
1.17,-0.137904392258604,-0.192624380221027,29997.8231406631,29997.8231406631,29997.8231406631,29997.8231406631,16.3598961274594,16.3598961274594,0.0344169679303771,0.0344169679303771,0,0
1.175,-0.138867042381217,-0.192435698817597,29997.2570964528,29997.2570964528,29997.2570964528,29997.2570964528,16.3592618294426,16.3592618294426,0.0344163974532617,0.0344163974532617,0,0
1.18,-0.139828749546581,-0.192247197294222,29996.6915918827,29996.6915918827,29996.6915918827,29996.6915918827,16.3586281613474,16.3586281613474,0.0344158275200127,0.0344158275200127,0,0
1.185,-0.14078951465369,-0.192058875489123,29996.1266264674,29996.1266264674,29996.1266264674,29996.1266264674,16.3579951225564,16.3579951225564,0.0344152581301408,0.0344152581301408,0,0
1.19,-0.141749338600733,-0.191870733240642,29995.5621997219,29995.5621997219,29995.5621997219,29995.5621997219,16.3573627124527,16.3573627124527,0.0344146892831573,0.0344146892831573,0,0
1.195,-0.142708222285088,-0.191682770387253,29994.9983111618,29994.9983111618,29994.9983111618,29994.9983111618,16.3567309304201,16.3567309304201,0.0344141209785737,0.0344141209785737,0,0
1.2,-0.143666166603328,-0.191494986767547,29994.4349603026,29994.4349603026,29994.4349603026,29994.4349603026,16.3560997758429,16.3560997758429,0.0344135532159022,0.0344135532159022,0,0
1.205,-0.144623172451218,-0.191307382220252,29993.8721466608,29993.8721466608,29993.8721466608,29993.8721466608,16.3554692481059,16.3554692481059,0.0344129859946551,0.0344129859946551,0,0
1.21,-0.145579240723716,-0.191119956584217,29993.3098697526,29993.3098697526,29993.3098697526,29993.3098697526,16.3548393465947,16.3548393465947,0.0344124193143451,0.0344124193143451,0,0
1.215,-0.146534372314977,-0.19093270969842,29992.7481290953,29992.7481290953,29992.7481290953,29992.7481290953,16.3542100706953,16.3542100706953,0.0344118531744854,0.0344118531744854,0,0
1.22,-0.147488568118349,-0.190745641401959,29992.1869242059,29992.1869242059,29992.1869242059,29992.1869242059,16.3535814197943,16.3535814197943,0.0344112875745895,0.0344112875745895,0,0
1.225,-0.148441829026377,-0.190558751534063,29991.6262546022,29991.6262546022,29991.6262546022,29991.6262546022,16.352953393279,16.352953393279,0.0344107225141713,0.0344107225141713,0,0
1.23,-0.149394155930803,-0.190372039934085,29991.0661198023,29991.0661198023,29991.0661198023,29991.0661198023,16.3523259905373,16.3523259905373,0.0344101579927451,0.0344101579927451,0,0
1.235,-0.150345549722564,-0.190185506441508,29990.5065193245,29990.5065193245,29990.5065193245,29990.5065193245,16.3516992109575,16.3516992109575,0.0344095940098256,0.0344095940098256,0,0
1.24,-0.151296011291796,-0.18999915089593,29989.9474526878,29989.9474526878,29989.9474526878,29989.9474526878,16.3510730539286,16.3510730539286,0.0344090305649278,0.0344090305649278,0,0
1.245,-0.152245541527835,-0.18981297313709,29989.3889194113,29989.3889194113,29989.3889194113,29989.3889194113,16.3504475188402,16.3504475188402,0.0344084676575672,0.0344084676575672,0,0
1.25,-0.153194141319212,-0.189626973004836,29988.8309190145,29988.8309190145,29988.8309190145,29988.8309190145,16.3498226050825,16.3498226050825,0.0344079052872595,0.0344079052872595,0,0
1.255,-0.154141811553661,-0.189441150339157,29988.2734510175,29988.2734510175,29988.2734510175,29988.2734510175,16.3491983120461,16.3491983120461,0.034407343453521,0.034407343453521,0,0
1.26,-0.155088553118114,-0.189255504980157,29987.7165149405,29987.7165149405,29987.7165149405,29987.7165149405,16.3485746391225,16.3485746391225,0.0344067821558681,0.0344067821558681,0,0
1.265,-0.156034366898707,-0.189070036768073,29987.1601103042,29987.1601103042,29987.1601103042,29987.1601103042,16.3479515857035,16.3479515857035,0.034406221393818,0.034406221393818,0,0
1.27,-0.156979253780774,-0.188884745543258,29986.6042366298,29986.6042366298,29986.6042366298,29986.6042366298,16.3473291511815,16.3473291511815,0.0344056611668877,0.0344056611668877,0,0
1.275,-0.157923214648852,-0.188699631146195,29986.0488934386,29986.0488934386,29986.0488934386,29986.0488934386,16.3467073349497,16.3467073349497,0.0344051014745952,0.0344051014745952,0,0
1.28,-0.158866250386683,-0.188514693417503,29985.4940802525,29985.4940802525,29985.4940802525,29985.4940802525,16.3460861364017,16.3460861364017,0.0344045423164584,0.0344045423164584,0,0
1.285,-0.159808361877209,-0.188329932197905,29984.9397965937,29984.9397965937,29984.9397965937,29984.9397965937,16.3454655549317,16.3454655549317,0.0344039836919959,0.0344039836919959,0,0
1.29,-0.160749550002579,-0.188145347328268,29984.3860419848,29984.3860419848,29984.3860419848,29984.3860419848,16.3448455899346,16.3448455899346,0.0344034256007264,0.0344034256007264,0,0
1.295,-0.161689815644144,-0.187960938649571,29983.8328159487,29983.8328159487,29983.8328159487,29983.8328159487,16.3442262408055,16.3442262408055,0.0344028680421692,0.0344028680421692,0,0
1.3,-0.162629159682461,-0.18777670600293,29983.2801180088,29983.2801180088,29983.2801180088,29983.2801180088,16.3436075069406,16.3436075069406,0.0344023110158439,0.0344023110158439,0,0
1.305,-0.163567582997295,-0.187592649229574,29982.7279476887,29982.7279476887,29982.7279476887,29982.7279476887,16.3429893877364,16.3429893877364,0.0344017545212704,0.0344017545212704,0,0
1.31,-0.164505086467615,-0.187408768170867,29982.1763045126,29982.1763045126,29982.1763045126,29982.1763045126,16.3423718825899,16.3423718825899,0.0344011985579692,0.0344011985579692,0,0
1.315,-0.165441670971597,-0.187225062668288,29981.6251880049,29981.6251880049,29981.6251880049,29981.6251880049,16.3417549908989,16.3417549908989,0.0344006431254608,0.0344006431254608,0,0
1.32,-0.166377337386627,-0.187041532563448,29981.0745976903,29981.0745976903,29981.0745976903,29981.0745976903,16.3411387120616,16.3411387120616,0.0344000882232665,0.0344000882232665,0,0
1.325,-0.167312086589297,-0.186858177698086,29980.5245330943,29980.5245330943,29980.5245330943,29980.5245330943,16.3405230454767,16.3405230454767,0.0343995338509077,0.0343995338509077,0,0
1.33,-0.16824591945541,-0.186674997914055,29979.9749937422,29979.9749937422,29979.9749937422,29979.9749937422,16.3399079905438,16.3399079905438,0.0343989800079063,0.0343989800079063,0,0
1.335,-0.169178836859977,-0.18649199305334,29979.42597916,29979.42597916,29979.42597916,29979.42597916,16.3392935466628,16.3392935466628,0.0343984266937846,0.0343984266937846,0,0
1.34,-0.170110839677219,-0.18630916295805,29978.8774888741,29978.8774888741,29978.8774888741,29978.8774888741,16.3386797132343,16.3386797132343,0.034397873908065,0.034397873908065,0,0
1.345,-0.17104192878057,-0.186126507470412,29978.3295224112,29978.3295224112,29978.3295224112,29978.3295224112,16.3380664896593,16.3380664896593,0.0343973216502707,0.0343973216502707,0,0
1.35,-0.171972105042673,-0.18594402643279,29977.7820792984,29977.7820792984,29977.7820792984,29977.7820792984,16.3374538753396,16.3374538753396,0.034396769919925,0.034396769919925,0,0
1.355,-0.172901369335385,-0.185761719687659,29977.235159063,29977.235159063,29977.235159063,29977.235159063,16.3368418696774,16.3368418696774,0.0343962187165515,0.0343962187165515,0,0
1.36,-0.173829722529775,-0.185579587077629,29976.6887612329,29976.6887612329,29976.6887612329,29976.6887612329,16.3362304720756,16.3362304720756,0.0343956680396746,0.0343956680396746,0,0
1.365,-0.174757165496125,-0.185397628445424,29976.1428853363,29976.1428853363,29976.1428853363,29976.1428853363,16.3356196819376,16.3356196819376,0.0343951178888186,0.0343951178888186,0,0
1.37,-0.175683699103931,-0.1852158436339,29975.5975309017,29975.5975309017,29975.5975309017,29975.5975309017,16.3350094986673,16.3350094986673,0.0343945682635084,0.0343945682635084,0,0
1.375,-0.176609324221903,-0.185034232486041,29975.0526974581,29975.0526974581,29975.0526974581,29975.0526974581,16.3343999216693,16.3343999216693,0.0343940191632692,0.0343940191632692,0,0
1.38,-0.177534041717969,-0.18485279484494,29974.5083845348,29974.5083845348,29974.5083845348,29974.5083845348,16.3337909503487,16.3337909503487,0.0343934705876267,0.0343934705876267,0,0
1.385,-0.178457852459269,-0.184671530553829,29973.9645916615,29973.9645916615,29973.9645916615,29973.9645916615,16.3331825841113,16.3331825841113,0.0343929225361069,0.0343929225361069,0,0
1.39,-0.179380757312163,-0.184490439456051,29973.4213183681,29973.4213183681,29973.4213183681,29973.4213183681,16.3325748223632,16.3325748223632,0.0343923750082362,0.0343923750082362,0,0
1.395,-0.180302757142224,-0.184309521395085,29972.8785641853,29972.8785641853,29972.8785641853,29972.8785641853,16.3319676645112,16.3319676645112,0.0343918280035412,0.0343918280035412,0,0
1.4,-0.181223852814248,-0.184128776214528,29972.3363286436,29972.3363286436,29972.3363286436,29972.3363286436,16.3313611099628,16.3313611099628,0.0343912815215491,0.0343912815215491,0,0
1.405,-0.182144045192243,-0.183948203758104,29971.7946112743,29971.7946112743,29971.7946112743,29971.7946112743,16.3307551581259,16.3307551581259,0.0343907355617874,0.0343907355617874,0,0
1.41,-0.183063335139442,-0.18376780386965,29971.2534116089,29971.2534116089,29971.2534116089,29971.2534116089,16.3301498084091,16.3301498084091,0.0343901901237839,0.0343901901237839,0,0
1.415,-0.183981723518293,-0.18358757639314,29970.7127291794,29970.7127291794,29970.7127291794,29970.7127291794,16.3295450602213,16.3295450602213,0.034389645207067,0.034389645207067,0,0
1.42,-0.184899211190467,-0.183407521172664,29970.172563518,29970.172563518,29970.172563518,29970.172563518,16.3289409129723,16.3289409129723,0.0343891008111652,0.0343891008111652,0,0
1.425,-0.185815799016853,-0.183227638052439,29969.6329141573,29969.6329141573,29969.6329141573,29969.6329141573,16.3283373660723,16.3283373660723,0.0343885569356074,0.0343885569356074,0,0
1.43,-0.186731487857565,-0.183047926876804,29969.0937806304,29969.0937806304,29969.0937806304,29969.0937806304,16.3277344189321,16.3277344189321,0.0343880135799231,0.0343880135799231,0,0
1.435,-0.187646278571937,-0.182868387490221,29968.5551624707,29968.5551624707,29968.5551624707,29968.5551624707,16.3271320709629,16.3271320709629,0.034387470743642,0.034387470743642,0,0
1.44,-0.188560172018524,-0.182689019737275,29968.0170592118,29968.0170592118,29968.0170592118,29968.0170592118,16.3265303215767,16.3265303215767,0.0343869284262943,0.0343869284262943,0,0
1.445,-0.189473169055107,-0.182509823462676,29967.479470388,29967.479470388,29967.479470388,29967.479470388,16.3259291701859,16.3259291701859,0.0343863866274102,0.0343863866274102,0,0
1.45,-0.190385270538689,-0.182330798511254,29966.9423955338,29966.9423955338,29966.9423955338,29966.9423955338,16.3253286162037,16.3253286162037,0.0343858453465208,0.0343858453465208,0,0
1.455,-0.191296477325499,-0.182151944727966,29966.4058341839,29966.4058341839,29966.4058341839,29966.4058341839,16.3247286590435,16.3247286590435,0.0343853045831573,0.0343853045831573,0,0
1.46,-0.192206790270991,-0.181973261957889,29965.8697858737,29965.8697858737,29965.8697858737,29965.8697858737,16.3241292981195,16.3241292981195,0.0343847643368511,0.0343847643368511,0,0
1.465,-0.193116210229842,-0.181794750046224,29965.3342501387,29965.3342501387,29965.3342501387,29965.3342501387,16.3235305328465,16.3235305328465,0.0343842246071344,0.0343842246071344,0,0
1.47,-0.194024738055959,-0.181616408838296,29964.7992265149,29964.7992265149,29964.7992265149,29964.7992265149,16.3229323626396,16.3229323626396,0.0343836853935395,0.0343836853935395,0,0
1.475,-0.194932374602474,-0.181438238179552,29964.2647145387,29964.2647145387,29964.2647145387,29964.2647145387,16.3223347869148,16.3223347869148,0.034383146695599,0.034383146695599,0,0
1.48,-0.195839120721746,-0.181260237915559,29963.7307137467,29963.7307137467,29963.7307137467,29963.7307137467,16.3217378050884,16.3217378050884,0.034382608512846,0.034382608512846,0,0
1.485,-0.196744977265363,-0.181082407892016,29963.197223676,29963.197223676,29963.197223676,29963.197223676,16.3211414165773,16.3211414165773,0.034382070844814,0.034382070844814,0,0
1.49,-0.197649945084143,-0.180904747954735,29962.6642438642,29962.6642438642,29962.6642438642,29962.6642438642,16.3205456207991,16.3205456207991,0.0343815336910369,0.0343815336910369,0,0
1.495,-0.198554025028131,-0.180727257949651,29962.1317738489,29962.1317738489,29962.1317738489,29962.1317738489,16.3199504171718,16.3199504171718,0.0343809970510487,0.0343809970510487,0,0
1.5,-0.199457217946603,-0.180549937722829,29961.5998131685,29961.5998131685,29961.5998131685,29961.5998131685,16.3193558051141,16.3193558051141,0.0343804609243841,0.0343804609243841,0,0
1.505,-0.200359524688067,-0.180372787120442,29961.0683613613,29961.0683613613,29961.0683613613,29961.0683613613,16.318761784045,16.318761784045,0.034379925310578,0.034379925310578,0,0
1.51,-0.201260946100259,-0.180195805988809,29960.5374179664,29960.5374179664,29960.5374179664,29960.5374179664,16.3181683533844,16.3181683533844,0.0343793902091657,0.0343793902091657,0,0
1.515,-0.20216148303015,-0.18001899417435,29960.006982523,29960.006982523,29960.006982523,29960.006982523,16.3175755125526,16.3175755125526,0.034378855619683,0.034378855619683,0,0
1.52,-0.203061136323942,-0.179842351523615,29959.4770545708,29959.4770545708,29959.4770545708,29959.4770545708,16.3169832609702,16.3169832609702,0.0343783215416657,0.0343783215416657,0,0
1.525,-0.20395990682707,-0.179665877883279,29958.9476336498,29958.9476336498,29958.9476336498,29958.9476336498,16.3163915980589,16.3163915980589,0.0343777879746504,0.0343777879746504,0,0
1.53,-0.204857795384204,-0.179489573100132,29958.4187193004,29958.4187193004,29958.4187193004,29958.4187193004,16.3158005232404,16.3158005232404,0.0343772549181738,0.0343772549181738,0,0
1.535,-0.205754802839245,-0.179313437021092,29957.8903110633,29957.8903110633,29957.8903110633,29957.8903110633,16.3152100359373,16.3152100359373,0.0343767223717731,0.0343767223717731,0,0
1.54,-0.206650930035333,-0.179137469493201,29957.3624084796,29957.3624084796,29957.3624084796,29957.3624084796,16.3146201355727,16.3146201355727,0.0343761903349858,0.0343761903349858,0,0
1.545,-0.207546177814841,-0.178961670363617,29956.8350110908,29956.8350110908,29956.8350110908,29956.8350110908,16.3140308215702,16.3140308215702,0.0343756588073497,0.0343756588073497,0,0
1.55,-0.208440547019379,-0.178786039479619,29956.3081184389,29956.3081184389,29956.3081184389,29956.3081184389,16.3134420933538,16.3134420933538,0.0343751277884033,0.0343751277884033,0,0
1.555,-0.209334038489792,-0.178610576688615,29955.7817300658,29955.7817300658,29955.7817300658,29955.7817300658,16.3128539503484,16.3128539503484,0.034374597277685,0.034374597277685,0,0
1.56,-0.210226653066166,-0.178435281838132,29955.2558455144,29955.2558455144,29955.2558455144,29955.2558455144,16.3122663919792,16.3122663919792,0.0343740672747338,0.0343740672747338,0,0
1.565,-0.21111839158782,-0.178260154775816,29954.7304643274,29954.7304643274,29954.7304643274,29954.7304643274,16.3116794176719,16.3116794176719,0.0343735377790893,0.0343735377790893,0,0
1.57,-0.212009254893317,-0.178085195349432,29954.2055860483,29954.2055860483,29954.2055860483,29954.2055860483,16.311093026853,16.311093026853,0.034373008790291,0.034373008790291,0,0
1.575,-0.212899243820454,-0.177910403406878,29953.6812102206,29953.6812102206,29953.6812102206,29953.6812102206,16.3105072189494,16.3105072189494,0.034372480307879,0.034372480307879,0,0
1.58,-0.213788359206272,-0.177735778796164,29953.1573363885,29953.1573363885,29953.1573363885,29953.1573363885,16.3099219933884,16.3099219933884,0.0343719523313939,0.0343719523313939,0,0
1.585,-0.214676601887049,-0.177561321365425,29952.6339640963,29952.6339640963,29952.6339640963,29952.6339640963,16.3093373495982,16.3093373495982,0.0343714248603765,0.0343714248603765,0,0
1.59,-0.215563972698307,-0.177387030962912,29952.1110928887,29952.1110928887,29952.1110928887,29952.1110928887,16.3087532870073,16.3087532870073,0.0343708978943679,0.0343708978943679,0,0
1.595,-0.216450472474806,-0.177212907437002,29951.588722311,29951.588722311,29951.588722311,29951.588722311,16.3081698050447,16.3081698050447,0.0343703714329097,0.0343703714329097,0,0
1.6,-0.217336102050552,-0.177038950636202,29951.0668519086,29951.0668519086,29951.0668519086,29951.0668519086,16.3075869031401,16.3075869031401,0.034369845475544,0.034369845475544,0,0
1.605,-0.218220862258791,-0.17686516040912,29950.5454812274,29950.5454812274,29950.5454812274,29950.5454812274,16.3070045807238,16.3070045807238,0.0343693200218129,0.0343693200218129,0,0
1.61,-0.219104753932014,-0.176691536604501,29950.0246098135,29950.0246098135,29950.0246098135,29950.0246098135,16.3064228372264,16.3064228372264,0.0343687950712591,0.0343687950712591,0,0
1.615,-0.219987777901955,-0.176518079071205,29949.5042372136,29949.5042372136,29949.5042372136,29949.5042372136,16.3058416720792,16.3058416720792,0.0343682706234257,0.0343682706234257,0,0
1.62,-0.220869934999593,-0.176344787658218,29948.9843629747,29948.9843629747,29948.9843629747,29948.9843629747,16.3052610847141,16.3052610847141,0.0343677466778561,0.0343677466778561,0,0
1.625,-0.221751226055153,-0.17617166221464,29948.4649866439,29948.4649866439,29948.4649866439,29948.4649866439,16.3046810745634,16.3046810745634,0.034367223234094,0.034367223234094,0,0
1.63,-0.222631651898104,-0.175998702589695,29947.9461077691,29947.9461077691,29947.9461077691,29947.9461077691,16.3041016410601,16.3041016410601,0.0343667002916836,0.0343667002916836,0,0
1.635,-0.223511213357163,-0.175825908632733,29947.4277258982,29947.4277258982,29947.4277258982,29947.4277258982,16.3035227836376,16.3035227836376,0.0343661778501694,0.0343661778501694,0,0
1.64,-0.224389911260294,-0.175653280193218,29946.9098405797,29946.9098405797,29946.9098405797,29946.9098405797,16.3029445017299,16.3029445017299,0.0343656559090962,0.0343656559090962,0,0
1.645,-0.225267746434707,-0.175480817120728,29946.3924513622,29946.3924513622,29946.3924513622,29946.3924513622,16.3023667947716,16.3023667947716,0.0343651344680092,0.0343651344680092,0,0
1.65,-0.226144719706862,-0.175308519264979,29945.8755577949,29945.8755577949,29945.8755577949,29945.8755577949,16.3017896621977,16.3017896621977,0.0343646135264541,0.0343646135264541,0,0
1.655,-0.227020831902468,-0.175136386475796,29945.3591594274,29945.3591594274,29945.3591594274,29945.3591594274,16.3012131034439,16.3012131034439,0.0343640930839767,0.0343640930839767,0,0
1.66,-0.227896083846481,-0.174964418603129,29944.8432558094,29944.8432558094,29944.8432558094,29944.8432558094,16.3006371179463,16.3006371179463,0.0343635731401235,0.0343635731401235,0,0
1.665,-0.22877047636311,-0.174792615497045,29944.3278464911,29944.3278464911,29944.3278464911,29944.3278464911,16.3000617051417,16.3000617051417,0.0343630536944411,0.0343630536944411,0,0
1.67,-0.229644010275813,-0.174620977007733,29943.8129310232,29943.8129310232,29943.8129310232,29943.8129310232,16.2994868644673,16.2994868644673,0.0343625347464765,0.0343625347464765,0,0
1.675,-0.230516686407299,-0.174449502985501,29943.2985089565,29943.2985089565,29943.2985089565,29943.2985089565,16.2989125953609,16.2989125953609,0.0343620162957772,0.0343620162957772,0,0
1.68,-0.23138850557953,-0.174278193280785,29942.7845798424,29942.7845798424,29942.7845798424,29942.7845798424,16.2983388972608,16.2983388972608,0.0343614983418909,0.0343614983418909,0,0
1.685,-0.23225946861372,-0.174107047744127,29942.2711432324,29942.2711432324,29942.2711432324,29942.2711432324,16.2977657696059,16.2977657696059,0.0343609808843657,0.0343609808843657,0,0
1.69,-0.233129576330336,-0.173936066226202,29941.7581986786,29941.7581986786,29941.7581986786,29941.7581986786,16.2971932118356,16.2971932118356,0.0343604639227503,0.0343604639227503,0,0
1.695,-0.233998829549098,-0.173765248577796,29941.2457457334,29941.2457457334,29941.2457457334,29941.2457457334,16.2966212233898,16.2966212233898,0.0343599474565933,0.0343599474565933,0,0
1.7,-0.234867229088981,-0.173594594649823,29940.7337839495,29940.7337839495,29940.7337839495,29940.7337839495,16.296049803709,16.296049803709,0.0343594314854442,0.0343594314854442,0,0
1.705,-0.235734775768215,-0.173424104293306,29940.2223128799,29940.2223128799,29940.2223128799,29940.2223128799,16.2954789522343,16.2954789522343,0.0343589160088524,0.0343589160088524,0,0
1.71,-0.236601470404285,-0.173253777359403,29939.7113320782,29939.7113320782,29939.7113320782,29939.7113320782,16.2949086684071,16.2949086684071,0.0343584010263679,0.0343584010263679,0,0
1.715,-0.237467313813933,-0.173083613699378,29939.2008410981,29939.2008410981,29939.2008410981,29939.2008410981,16.2943389516696,16.2943389516696,0.034357886537541,0.034357886537541,0,0
1.72,-0.238332306813155,-0.172913613164624,29938.6908394939,29938.6908394939,29938.6908394939,29938.6908394939,16.2937698014644,16.2937698014644,0.0343573725419224,0.0343573725419224,0,0
1.725,-0.239196450217207,-0.172743775606649,29938.1813268199,29938.1813268199,29938.1813268199,29938.1813268199,16.2932012172346,16.2932012172346,0.0343568590390631,0.0343568590390631,0,0
1.73,-0.240059744840602,-0.17257410087708,29937.6723026312,29937.6723026312,29937.6723026312,29937.6723026312,16.292633198424,16.292633198424,0.0343563460285146,0.0343563460285146,0,0
1.735,-0.240922191497111,-0.172404588827662,29937.163766483,29937.163766483,29937.163766483,29937.163766483,16.2920657444767,16.2920657444767,0.0343558335098285,0.0343558335098285,0,0
1.74,-0.241783790999765,-0.17223523931027,29936.6557179308,29936.6557179308,29936.6557179308,29936.6557179308,16.2914988548375,16.2914988548375,0.0343553214825571,0.0343553214825571,0,0
1.745,-0.242644544160854,-0.172066052176884,29936.1481565306,29936.1481565306,29936.1481565306,29936.1481565306,16.2909325289518,16.2909325289518,0.0343548099462528,0.0343548099462528,0,0
1.75,-0.243504451791928,-0.171897027279617,29935.6410818388,29935.6410818388,29935.6410818388,29935.6410818388,16.2903667662652,16.2903667662652,0.0343542989004684,0.0343542989004684,0,0
1.755,-0.244363514703797,-0.171728164470687,29935.1344934121,29935.1344934121,29935.1344934121,29935.1344934121,16.2898015662243,16.2898015662243,0.0343537883447571,0.0343537883447571,0,0
1.76,-0.245221733706536,-0.171559463602442,29934.6283908073,29934.6283908073,29934.6283908073,29934.6283908073,16.2892369282758,16.2892369282758,0.0343532782786726,0.0343532782786726,0,0
1.765,-0.246079109609477,-0.17139092452735,29934.122773582,29934.122773582,29934.122773582,29934.122773582,16.2886728518671,16.2886728518671,0.0343527687017687,0.0343527687017687,0,0
1.77,-0.246935643221219,-0.171222547097988,29933.617641294,29933.617641294,29933.617641294,29933.617641294,16.2881093364463,16.2881093364463,0.0343522596135997,0.0343522596135997,0,0
1.775,-0.247791335349621,-0.171054331167059,29933.1129935012,29933.1129935012,29933.1129935012,29933.1129935012,16.2875463814618,16.2875463814618,0.0343517510137203,0.0343517510137203,0,0
1.78,-0.248646186801808,-0.170886276587384,29932.6088297621,29932.6088297621,29932.6088297621,29932.6088297621,16.2869839863626,16.2869839863626,0.0343512429016855,0.0343512429016855,0,0
1.785,-0.249500198384168,-0.170718383211906,29932.1051496357,29932.1051496357,29932.1051496357,29932.1051496357,16.2864221505982,16.2864221505982,0.0343507352770506,0.0343507352770506,0,0
1.79,-0.250353370902356,-0.170550650893679,29931.601952681,29931.601952681,29931.601952681,29931.601952681,16.2858608736187,16.2858608736187,0.0343502281393713,0.0343502281393713,0,0
1.795,-0.251205705161289,-0.170383079485887,29931.0992384577,29931.0992384577,29931.0992384577,29931.0992384577,16.2853001548747,16.2853001548747,0.0343497214882038,0.0343497214882038,0,0
1.8,-0.252057201965154,-0.170215668841816,29930.5970065254,29930.5970065254,29930.5970065254,29930.5970065254,16.2847399938173,16.2847399938173,0.0343492153231045,0.0343492153231045,0,0
1.805,-0.252907862117403,-0.170048418814889,29930.0952564447,29930.0952564447,29930.0952564447,29930.0952564447,16.2841803898981,16.2841803898981,0.0343487096436302,0.0343487096436302,0,0
1.81,-0.253757686420754,-0.169881329258636,29929.5939877759,29929.5939877759,29929.5939877759,29929.5939877759,16.2836213425693,16.2836213425693,0.034348204449338,0.034348204449338,0,0
1.815,-0.254606675677196,-0.169714400026708,29929.0932000801,29929.0932000801,29929.0932000801,29929.0932000801,16.2830628512836,16.2830628512836,0.0343476997397855,0.0343476997397855,0,0
1.82,-0.255454830687985,-0.169547630972878,29928.5928929186,29928.5928929186,29928.5928929186,29928.5928929186,16.2825049154943,16.2825049154943,0.0343471955145305,0.0343471955145305,0,0
1.825,-0.256302152253645,-0.169381021951032,29928.0930658531,29928.0930658531,29928.0930658531,29928.0930658531,16.281947534655,16.281947534655,0.0343466917731312,0.0343466917731312,0,0
1.83,-0.257148641173972,-0.169214572815174,29927.5937184455,29927.5937184455,29927.5937184455,29927.5937184455,16.28139070822,16.28139070822,0.0343461885151463,0.0343461885151463,0,0
1.835,-0.25799429824803,-0.169048283419435,29927.0948502583,29927.0948502583,29927.0948502583,29927.0948502583,16.2808344356442,16.2808344356442,0.0343456857401348,0.0343456857401348,0,0
1.84,-0.258839124274157,-0.168882153618055,29926.5964608542,29926.5964608542,29926.5964608542,29926.5964608542,16.2802787163828,16.2802787163828,0.0343451834476558,0.0343451834476558,0,0
1.845,-0.259683120049959,-0.168716183265396,29926.0985497962,29926.0985497962,29926.0985497962,29926.0985497962,16.2797235498917,16.2797235498917,0.0343446816372691,0.0343446816372691,0,0
1.85,-0.260526286372316,-0.168550372215937,29925.6011166478,29925.6011166478,29925.6011166478,29925.6011166478,16.2791689356273,16.2791689356273,0.0343441803085347,0.0343441803085347,0,0
1.855,-0.261368624037381,-0.168384720324273,29925.1041609728,29925.1041609728,29925.1041609728,29925.1041609728,16.2786148730464,16.2786148730464,0.0343436794610129,0.0343436794610129,0,0
1.86,-0.262210133840579,-0.168219227445121,29924.6076823354,29924.6076823354,29924.6076823354,29924.6076823354,16.2780613616064,16.2780613616064,0.0343431790942646,0.0343431790942646,0,0
1.865,-0.263050816576611,-0.168053893433317,29924.1116802999,29924.1116802999,29924.1116802999,29924.1116802999,16.2775084007653,16.2775084007653,0.0343426792078507,0.0343426792078507,0,0
1.87,-0.26389067303945,-0.167888718143809,29923.6161544314,29923.6161544314,29923.6161544314,29923.6161544314,16.2769559899815,16.2769559899815,0.0343421798013328,0.0343421798013328,0,0
1.875,-0.264729704022345,-0.167723701431662,29923.121104295,29923.121104295,29923.121104295,29923.121104295,16.276404128714,16.276404128714,0.0343416808742726,0.0343416808742726,0,0
1.88,-0.265567910317821,-0.167558843152066,29922.6265294562,29922.6265294562,29922.6265294562,29922.6265294562,16.2758528164222,16.2758528164222,0.0343411824262323,0.0343411824262323,0,0
1.885,-0.266405292717678,-0.167394143160325,29922.132429481,29922.132429481,29922.132429481,29922.132429481,16.2753020525663,16.2753020525663,0.0343406844567743,0.0343406844567743,0,0
1.89,-0.267241852012996,-0.167229601311858,29921.6388039356,29921.6388039356,29921.6388039356,29921.6388039356,16.2747518366066,16.2747518366066,0.0343401869654617,0.0343401869654617,0,0
1.895,-0.268077588994128,-0.167065217462205,29921.1456523866,29921.1456523866,29921.1456523866,29921.1456523866,16.2742021680042,16.2742021680042,0.0343396899518575,0.0343396899518575,0,0
1.9,-0.268912504450709,-0.166900991467023,29920.6529744011,29920.6529744011,29920.6529744011,29920.6529744011,16.2736530462208,16.2736530462208,0.0343391934155254,0.0343391934155254,0,0
1.905,-0.269746599171649,-0.166736923182078,29920.1607695462,29920.1607695462,29920.1607695462,29920.1607695462,16.2731044707184,16.2731044707184,0.0343386973560293,0.0343386973560293,0,0
1.91,-0.27057987394514,-0.166573012463272,29919.6690373898,29919.6690373898,29919.6690373898,29919.6690373898,16.2725564409595,16.2725564409595,0.0343382017729334,0.0343382017729334,0,0
1.915,-0.271412329558652,-0.166409259166605,29919.1777774998,29919.1777774998,29919.1777774998,29919.1777774998,16.2720089564073,16.2720089564073,0.0343377066658025,0.0343377066658025,0,0
1.92,-0.272243966798936,-0.166245663148203,29918.6869894446,29918.6869894446,29918.6869894446,29918.6869894446,16.2714620165254,16.2714620165254,0.0343372120342015,0.0343372120342015,0,0
1.925,-0.273074786452025,-0.166082224264309,29918.1966727929,29918.1966727929,29918.1966727929,29918.1966727929,16.270915620778,16.270915620778,0.0343367178776957,0.0343367178776957,0,0
1.93,-0.273904789303231,-0.16591894237128,29917.7068271138,29917.7068271138,29917.7068271138,29917.7068271138,16.2703697686297,16.2703697686297,0.0343362241958509,0.0343362241958509,0,0
1.935,-0.27473397613715,-0.165755817325594,29917.2174519768,29917.2174519768,29917.2174519768,29917.2174519768,16.2698244595457,16.2698244595457,0.0343357309882332,0.0343357309882332,0,0
1.94,-0.27556234773766,-0.165592848983839,29916.7285469515,29916.7285469515,29916.7285469515,29916.7285469515,16.2692796929916,16.2692796929916,0.0343352382544088,0.0343352382544088,0,0
1.945,-0.276389904887923,-0.165430037202734,29916.2401116082,29916.2401116082,29916.2401116082,29916.2401116082,16.2687354684338,16.2687354684338,0.0343347459939447,0.0343347459939447,0,0
1.95,-0.277216648370383,-0.165267381839092,29915.7521455173,29915.7521455173,29915.7521455173,29915.7521455173,16.2681917853388,16.2681917853388,0.0343342542064078,0.0343342542064078,0,0
1.955,-0.278042578966771,-0.165104882749863,29915.2646482496,29915.2646482496,29915.2646482496,29915.2646482496,16.2676486431739,16.2676486431739,0.0343337628913657,0.0343337628913657,0,0
1.96,-0.278867697458101,-0.164942539792108,29914.7776193763,29914.7776193763,29914.7776193763,29914.7776193763,16.2671060414069,16.2671060414069,0.0343332720483862,0.0343332720483862,0,0
1.965,-0.279692004624673,-0.164780352822997,29914.291058469,29914.291058469,29914.291058469,29914.291058469,16.266563979506,16.266563979506,0.0343327816770374,0.0343327816770374,0,0
1.97,-0.280515501246074,-0.164618321699824,29913.8049650995,29913.8049650995,29913.8049650995,29913.8049650995,16.26602245694,16.26602245694,0.034332291776888,0.034332291776888,0,0
1.975,-0.281338188101177,-0.164456446280004,29913.31933884,29913.31933884,29913.31933884,29913.31933884,16.265481473178,16.265481473178,0.0343318023475066,0.0343318023475066,0,0
1.98,-0.282160065968142,-0.164294726421055,29912.8341792632,29912.8341792632,29912.8341792632,29912.8341792632,16.26494102769,16.26494102769,0.0343313133884627,0.0343313133884627,0,0
1.985,-0.282981135624418,-0.16413316198062,29912.3494859419,29912.3494859419,29912.3494859419,29912.3494859419,16.2644011199462,16.2644011199462,0.0343308248993258,0.0343308248993258,0,0
1.99,-0.283801397846742,-0.163971752816455,29911.8652584494,29911.8652584494,29911.8652584494,29911.8652584494,16.2638617494174,16.2638617494174,0.0343303368796657,0.0343303368796657,0,0
1.995,-0.28462085341114,-0.163810498786431,29911.3814963593,29911.3814963593,29911.3814963593,29911.3814963593,16.2633229155749,16.2633229155749,0.0343298493290528,0.0343298493290528,0,0
2,-0.285439503092927,-0.163649399748545,29910.8981992456,29910.8981992456,29910.8981992456,29910.8981992456,16.2627846178905,16.2627846178905,0.0343293622470577,0.0343293622470577,0,0
2.005,-0.286257347666709,-0.163488455560899,29910.4153666827,29910.4153666827,29910.4153666827,29910.4153666827,16.2622468558366,16.2622468558366,0.0343288756332514,0.0343288756332514,0,0
2.01,-0.287074387906383,-0.16332766608171,29909.9329982451,29909.9329982451,29909.9329982451,29909.9329982451,16.261709628886,16.261709628886,0.0343283894872052,0.0343283894872052,0,0
2.015,-0.287890624585137,-0.16316703116932,29909.451093508,29909.451093508,29909.451093508,29909.451093508,16.261172936512,16.261172936512,0.0343279038084909,0.0343279038084909,0,0
2.02,-0.288706058475452,-0.163006550682184,29908.9696520465,29908.9696520465,29908.9696520465,29908.9696520465,16.2606367781885,16.2606367781885,0.0343274185966803,0.0343274185966803,0,0
2.025,-0.289520690349099,-0.162846224478862,29908.4886734366,29908.4886734366,29908.4886734366,29908.4886734366,16.2601011533898,16.2601011533898,0.034326933851346,0.034326933851346,0,0
2.03,-0.290334520977145,-0.162686052418048,29908.0081572541,29908.0081572541,29908.0081572541,29908.0081572541,16.2595660615908,16.2595660615908,0.0343264495720607,0.0343264495720607,0,0
2.035,-0.291147551129948,-0.162526034358532,29907.5281030756,29907.5281030756,29907.5281030756,29907.5281030756,16.2590315022668,16.2590315022668,0.0343259657583973,0.0343259657583973,0,0
2.04,-0.291959781577164,-0.162366170159243,29907.0485104777,29907.0485104777,29907.0485104777,29907.0485104777,16.2584974748938,16.2584974748938,0.0343254824099295,0.0343254824099295,0,0
2.045,-0.292771213087739,-0.162206459679201,29906.5693790376,29906.5693790376,29906.5693790376,29906.5693790376,16.2579639789481,16.2579639789481,0.0343249995262309,0.0343249995262309,0,0
2.05,-0.29358184642992,-0.162046902777552,29906.0907083327,29906.0907083327,29906.0907083327,29906.0907083327,16.2574310139065,16.2574310139065,0.0343245171068757,0.0343245171068757,0,0
2.055,-0.294391682371244,-0.161887499313563,29905.6124979407,29905.6124979407,29905.6124979407,29905.6124979407,16.2568985792464,16.2568985792464,0.0343240351514383,0.0343240351514383,0,0
2.06,-0.29520072167855,-0.161728249146608,29905.1347474398,29905.1347474398,29905.1347474398,29905.1347474398,16.2563666744458,16.2563666744458,0.0343235536594936,0.0343235536594936,0,0
2.065,-0.296008965117971,-0.161569152136179,29904.6574564085,29904.6574564085,29904.6574564085,29904.6574564085,16.2558352989831,16.2558352989831,0.0343230726306168,0.0343230726306168,0,0
2.07,-0.296816413454939,-0.161410208141885,29904.1806244257,29904.1806244257,29904.1806244257,29904.1806244257,16.255304452337,16.255304452337,0.0343225920643834,0.0343225920643834,0,0
2.075,-0.297623067454183,-0.161251417023449,29903.7042510703,29903.7042510703,29903.7042510703,29903.7042510703,16.254774133987,16.254774133987,0.0343221119603692,0.0343221119603692,0,0
2.08,-0.298428927879733,-0.161092778640701,29903.2283359221,29903.2283359221,29903.2283359221,29903.2283359221,16.2542443434129,16.2542443434129,0.0343216323181504,0.0343216323181504,0,0
2.085,-0.299233995494916,-0.160934292853599,29902.7528785608,29902.7528785608,29902.7528785608,29902.7528785608,16.2537150800953,16.2537150800953,0.0343211531373038,0.0343211531373038,0,0
2.09,-0.300038271062362,-0.160775959522208,29902.2778785666,29902.2778785666,29902.2778785666,29902.2778785666,16.2531863435149,16.2531863435149,0.034320674417406,0.034320674417406,0,0
2.095,-0.300841755343998,-0.160617778506713,29901.8033355201,29901.8033355201,29901.8033355201,29901.8033355201,16.2526581331531,16.2526581331531,0.0343201961580345,0.0343201961580345,0,0
2.1,-0.301644449101056,-0.160459749667407,29901.3292490022,29901.3292490022,29901.3292490022,29901.3292490022,16.2521304484919,16.2521304484919,0.0343197183587668,0.0343197183587668,0,0
2.105,-0.302446353094067,-0.160301872864703,29900.8556185941,29900.8556185941,29900.8556185941,29900.8556185941,16.2516032890136,16.2516032890136,0.0343192410191809,0.0343192410191809,0,0
2.11,-0.303247468082865,-0.160144147959122,29900.3824438774,29900.3824438774,29900.3824438774,29900.3824438774,16.2510766542011,16.2510766542011,0.034318764138855,0.034318764138855,0,0
2.115,-0.304047794826588,-0.159986574811308,29899.9097244339,29899.9097244339,29899.9097244339,29899.9097244339,16.2505505435378,16.2505505435378,0.0343182877173678,0.0343182877173678,0,0
2.12,-0.304847334083676,-0.15982915328202,29899.4374598461,29899.4374598461,29899.4374598461,29899.4374598461,16.2500249565076,16.2500249565076,0.0343178117542984,0.0343178117542984,0,0
2.125,-0.305646086611873,-0.159671883232117,29898.9656496963,29898.9656496963,29898.9656496963,29898.9656496963,16.2494998925948,16.2494998925948,0.034317336249226,0.034317336249226,0,0
2.13,-0.306444053168231,-0.159514764522587,29898.4942935678,29898.4942935678,29898.4942935678,29898.4942935678,16.2489753512843,16.2489753512843,0.0343168612017303,0.0343168612017303,0,0
2.135,-0.307241234509102,-0.159357797014529,29898.0233910436,29898.0233910436,29898.0233910436,29898.0233910436,16.2484513320616,16.2484513320616,0.0343163866113914,0.0343163866113914,0,0
2.14,-0.308037631390147,-0.159200980569156,29897.5529417075,29897.5529417075,29897.5529417075,29897.5529417075,16.2479278344124,16.2479278344124,0.0343159124777896,0.0343159124777896,0,0
2.145,-0.308833244566333,-0.15904431504779,29897.0829451434,29897.0829451434,29897.0829451434,29897.0829451434,16.2474048578231,16.2474048578231,0.0343154388005057,0.0343154388005057,0,0
2.15,-0.309628074791934,-0.158887800311871,29896.6134009356,29896.6134009356,29896.6134009356,29896.6134009356,16.2468824017806,16.2468824017806,0.0343149655791207,0.0343149655791207,0,0
2.155,-0.31042212282053,-0.158731436222952,29896.1443086689,29896.1443086689,29896.1443086689,29896.1443086689,16.2463604657722,16.2463604657722,0.034314492813216,0.034314492813216,0,0
2.16,-0.311215389405011,-0.158575222642705,29895.6756679281,29895.6756679281,29895.6756679281,29895.6756679281,16.2458390492857,16.2458390492857,0.0343140205023734,0.0343140205023734,0,0
2.165,-0.312007875297575,-0.15841915943291,29895.2074782987,29895.2074782987,29895.2074782987,29895.2074782987,16.2453181518096,16.2453181518096,0.034313548646175,0.034313548646175,0,0
2.17,-0.312799581249728,-0.158263246455455,29894.7397393664,29894.7397393664,29894.7397393664,29894.7397393664,16.2447977728326,16.2447977728326,0.0343130772442032,0.0343130772442032,0,0
2.175,-0.313590508012287,-0.158107483572362,29894.2724507171,29894.2724507171,29894.2724507171,29894.2724507171,16.2442779118441,16.2442779118441,0.0343126062960408,0.0343126062960408,0,0
2.18,-0.314380656335379,-0.157951870645743,29893.8056119372,29893.8056119372,29893.8056119372,29893.8056119372,16.2437585683338,16.2437585683338,0.0343121358012709,0.0343121358012709,0,0
2.185,-0.315170026968442,-0.157796407537842,29893.3392226135,29893.3392226135,29893.3392226135,29893.3392226135,16.2432397417921,16.2432397417921,0.034311665759477,0.034311665759477,0,0
2.19,-0.315958620660226,-0.157641094111002,29892.873282333,29892.873282333,29892.873282333,29892.873282333,16.2427214317098,16.2427214317098,0.034311196170243,0.034311196170243,0,0
2.195,-0.316746438158791,-0.15748593022769,29892.4077906831,29892.4077906831,29892.4077906831,29892.4077906831,16.2422036375782,16.2422036375782,0.0343107270331529,0.0343107270331529,0,0
2.2,-0.317533480211513,-0.15733091575048,29891.9427472514,29891.9427472514,29891.9427472514,29891.9427472514,16.2416863588889,16.2416863588889,0.0343102583477913,0.0343102583477913,0,0
2.205,-0.318319747565077,-0.157176050542066,29891.4781516262,29891.4781516262,29891.4781516262,29891.4781516262,16.2411695951344,16.2411695951344,0.034309790113743,0.034309790113743,0,0
2.21,-0.319105240965486,-0.157021334465249,29891.0140033957,29891.0140033957,29891.0140033957,29891.0140033957,16.2406533458073,16.2406533458073,0.0343093223305932,0.0343093223305932,0,0
2.215,-0.319889961158054,-0.156866767382942,29890.5503021488,29890.5503021488,29890.5503021488,29890.5503021488,16.2401376104009,16.2401376104009,0.0343088549979275,0.0343088549979275,0,0
2.22,-0.320673908887411,-0.156712349158178,29890.0870474745,29890.0870474745,29890.0870474745,29890.0870474745,16.2396223884089,16.2396223884089,0.0343083881153316,0.0343083881153316,0,0
2.225,-0.321457084897504,-0.156558079654101,29889.6242389623,29889.6242389623,29889.6242389623,29889.6242389623,16.2391076793256,16.2391076793256,0.0343079216823919,0.0343079216823919,0,0
2.23,-0.322239489931592,-0.156403958733959,29889.1618762019,29889.1618762019,29889.1618762019,29889.1618762019,16.2385934826457,16.2385934826457,0.0343074556986948,0.0343074556986948,0,0
2.235,-0.323021124732255,-0.156249986261128,29888.6999587834,29888.6999587834,29888.6999587834,29888.6999587834,16.2380797978643,16.2380797978643,0.0343069901638274,0.0343069901638274,0,0
2.24,-0.323801990041388,-0.156096162099086,29888.2384862973,29888.2384862973,29888.2384862973,29888.2384862973,16.2375666244771,16.2375666244771,0.0343065250773767,0.0343065250773767,0,0
2.245,-0.324582086600204,-0.155942486111426,29887.7774583343,29887.7774583343,29887.7774583343,29887.7774583343,16.2370539619804,16.2370539619804,0.0343060604389304,0.0343060604389304,0,0
2.25,-0.325361415149233,-0.15578895816186,29887.3168744856,29887.3168744856,29887.3168744856,29887.3168744856,16.2365418098707,16.2365418098707,0.0343055962480764,0.0343055962480764,0,0
2.255,-0.326139976428325,-0.155635578114196,29886.8567343426,29886.8567343426,29886.8567343426,29886.8567343426,16.2360301676452,16.2360301676452,0.0343051325044029,0.0343051325044029,0,0
2.26,-0.326917771176651,-0.155482345832377,29886.3970374971,29886.3970374971,29886.3970374971,29886.3970374971,16.2355190348015,16.2355190348015,0.0343046692074986,0.0343046692074986,0,0
2.265,-0.327694800132699,-0.15532926118044,29885.9377835413,29885.9377835413,29885.9377835413,29885.9377835413,16.2350084108377,16.2350084108377,0.0343042063569523,0.0343042063569523,0,0
2.27,-0.328471064034279,-0.155176324022545,29885.4789720676,29885.4789720676,29885.4789720676,29885.4789720676,16.2344982952525,16.2344982952525,0.0343037439523535,0.0343037439523535,0,0
2.275,-0.329246563618522,-0.155023534222962,29885.0206026689,29885.0206026689,29885.0206026689,29885.0206026689,16.2339886875448,16.2339886875448,0.0343032819932916,0.0343032819932916,0,0
2.28,-0.33002129962188,-0.154870891646072,29884.5626749382,29884.5626749382,29884.5626749382,29884.5626749382,16.2334795872143,16.2334795872143,0.0343028204793567,0.0343028204793567,0,0
2.285,-0.330795272780128,-0.154718396156363,29884.1051884691,29884.1051884691,29884.1051884691,29884.1051884691,16.2329709937609,16.2329709937609,0.034302359410139,0.034302359410139,0,0
2.29,-0.331568483828363,-0.154566047618448,29883.6481428553,29883.6481428553,29883.6481428553,29883.6481428553,16.2324629066853,16.2324629066853,0.0343018987852292,0.0343018987852292,0,0
2.295,-0.332340933501006,-0.154413845897042,29883.1915376911,29883.1915376911,29883.1915376911,29883.1915376911,16.2319553254884,16.2319553254884,0.0343014386042182,0.0343014386042182,0,0
2.3,-0.333112622531802,-0.15426179085697,29882.7353725709,29882.7353725709,29882.7353725709,29882.7353725709,16.2314482496717,16.2314482496717,0.0343009788666974,0.0343009788666974,0,0
2.305,-0.33388355165382,-0.154109882363183,29882.2796470895,29882.2796470895,29882.2796470895,29882.2796470895,16.2309416787371,16.2309416787371,0.0343005195722585,0.0343005195722585,0,0
2.31,-0.334653721599453,-0.15395812028073,29881.8243608422,29881.8243608422,29881.8243608422,29881.8243608422,16.2304356121872,16.2304356121872,0.0343000607204933,0.0343000607204933,0,0
2.315,-0.335423133100421,-0.153806504474773,29881.3695134243,29881.3695134243,29881.3695134243,29881.3695134243,16.2299300495248,16.2299300495248,0.0342996023109943,0.0342996023109943,0,0
2.32,-0.33619178688777,-0.153655034810593,29880.9151044318,29880.9151044318,29880.9151044318,29880.9151044318,16.2294249902533,16.2294249902533,0.0342991443433541,0.0342991443433541,0,0
2.325,-0.336959683691872,-0.15350371115358,29880.4611334607,29880.4611334607,29880.4611334607,29880.4611334607,16.2289204338767,16.2289204338767,0.0342986868171656,0.0342986868171656,0,0
2.33,-0.337726824242427,-0.153352533369233,29880.0076001077,29880.0076001077,29880.0076001077,29880.0076001077,16.2284163798992,16.2284163798992,0.0342982297320224,0.0342982297320224,0,0
2.335,-0.338493209268462,-0.153201501323162,29879.5545039695,29879.5545039695,29879.5545039695,29879.5545039695,16.2279128278258,16.2279128278258,0.0342977730875179,0.0342977730875179,0,0
2.34,-0.339258839498332,-0.153050614881098,29879.1018446433,29879.1018446433,29879.1018446433,29879.1018446433,16.2274097771617,16.2274097771617,0.0342973168832463,0.0342973168832463,0,0
2.345,-0.340023715659723,-0.152899873908864,29878.6496217266,29878.6496217266,29878.6496217266,29878.6496217266,16.2269072274128,16.2269072274128,0.0342968611188019,0.0342968611188019,0,0
2.35,-0.340787838479647,-0.152749278272416,29878.1978348172,29878.1978348172,29878.1978348172,29878.1978348172,16.2264051780853,16.2264051780853,0.0342964057937794,0.0342964057937794,0,0
2.355,-0.34155120868445,-0.152598827837809,29877.7464835134,29877.7464835134,29877.7464835134,29877.7464835134,16.2259036286859,16.2259036286859,0.0342959509077738,0.0342959509077738,0,0
2.36,-0.342313826999805,-0.152448522471207,29877.2955674136,29877.2955674136,29877.2955674136,29877.2955674136,16.2254025787219,16.2254025787219,0.0342954964603805,0.0342954964603805,0,0
2.365,-0.343075694150719,-0.152298362038897,29876.8450861167,29876.8450861167,29876.8450861167,29876.8450861167,16.224902027701,16.224902027701,0.0342950424511951,0.0342950424511951,0,0
2.37,-0.343836810861529,-0.152148346407267,29876.3950392218,29876.3950392218,29876.3950392218,29876.3950392218,16.2244019751314,16.2244019751314,0.0342945888798138,0.0342945888798138,0,0
2.375,-0.344597177855904,-0.151998475442819,29875.9454263285,29875.9454263285,29875.9454263285,29875.9454263285,16.2239024205217,16.2239024205217,0.0342941357458328,0.0342941357458328,0,0
2.38,-0.345356795856846,-0.151848749012165,29875.4962470365,29875.4962470365,29875.4962470365,29875.4962470365,16.223403363381,16.223403363381,0.0342936830488489,0.0342936830488489,0,0
2.385,-0.346115665586693,-0.15169916698203,29875.0475009461,29875.0475009461,29875.0475009461,29875.0475009461,16.222904803219,16.222904803219,0.0342932307884591,0.0342932307884591,0,0
2.39,-0.346873787767112,-0.151549729219251,29874.5991876578,29874.5991876578,29874.5991876578,29874.5991876578,16.2224067395456,16.2224067395456,0.0342927789642608,0.0342927789642608,0,0
2.395,-0.347631163119109,-0.151400435590769,29874.1513067723,29874.1513067723,29874.1513067723,29874.1513067723,16.2219091718716,16.2219091718716,0.0342923275758518,0.0342923275758518,0,0
2.4,-0.348387792363022,-0.151251285963641,29873.7038578909,29873.7038578909,29873.7038578909,29873.7038578909,16.2214120997077,16.2214120997077,0.0342918766228299,0.0342918766228299,0,0
2.405,-0.349143676218527,-0.151102280205036,29873.2568406151,29873.2568406151,29873.2568406151,29873.2568406151,16.2209155225657,16.2209155225657,0.0342914261047937,0.0342914261047937,0,0
2.41,-0.349898815404632,-0.15095341818223,29872.8102545467,29872.8102545467,29872.8102545467,29872.8102545467,16.2204194399573,16.2204194399573,0.0342909760213419,0.0342909760213419,0,0
2.415,-0.350653210639687,-0.150804699762609,29872.3640992878,29872.3640992878,29872.3640992878,29872.3640992878,16.2199238513951,16.2199238513951,0.0342905263720734,0.0342905263720734,0,0
2.42,-0.351406862641376,-0.150656124813673,29871.918374441,29871.918374441,29871.918374441,29871.918374441,16.2194287563919,16.2194287563919,0.0342900771565878,0.0342900771565878,0,0
2.425,-0.352159772126721,-0.150507693203032,29871.4730796091,29871.4730796091,29871.4730796091,29871.4730796091,16.2189341544612,16.2189341544612,0.0342896283744846,0.0342896283744846,0,0
2.43,-0.352911939812083,-0.150359404798396,29871.0282143952,29871.0282143952,29871.0282143952,29871.0282143952,16.2184400451167,16.2184400451167,0.0342891800253639,0.0342891800253639,0,0
2.435,-0.353663366413162,-0.150211259467605,29870.5837784028,29870.5837784028,29870.5837784028,29870.5837784028,16.2179464278728,16.2179464278728,0.0342887321088261,0.0342887321088261,0,0
2.44,-0.354414052644996,-0.150063257078593,29870.1397712358,29870.1397712358,29870.1397712358,29870.1397712358,16.2174533022442,16.2174533022442,0.034288284624472,0.034288284624472,0,0
2.445,-0.355163999221964,-0.149915397499407,29869.6961924982,29869.6961924982,29869.6961924982,29869.6961924982,16.2169606677462,16.2169606677462,0.0342878375719026,0.0342878375719026,0,0
2.45,-0.355913206857786,-0.149767680598208,29869.2530417946,29869.2530417946,29869.2530417946,29869.2530417946,16.2164685238946,16.2164685238946,0.0342873909507192,0.0342873909507192,0,0
2.455,-0.356661676265523,-0.149620106243265,29868.8103187298,29868.8103187298,29868.8103187298,29868.8103187298,16.2159768702054,16.2159768702054,0.0342869447605236,0.0342869447605236,0,0
2.46,-0.357409408157577,-0.149472674302957,29868.3680229089,29868.3680229089,29868.3680229089,29868.3680229089,16.2154857061954,16.2154857061954,0.0342864990009178,0.0342864990009178,0,0
2.465,-0.358156403245691,-0.149325384645773,29867.9261539373,29867.9261539373,29867.9261539373,29867.9261539373,16.2149950313816,16.2149950313816,0.0342860536715041,0.0342860536715041,0,0
2.47,-0.358902662240954,-0.149178237140308,29867.4847114209,29867.4847114209,29867.4847114209,29867.4847114209,16.2145048452817,16.2145048452817,0.0342856087718854,0.0342856087718854,0,0
2.475,-0.359648185853795,-0.149031231655276,29867.0436949658,29867.0436949658,29867.0436949658,29867.0436949658,16.2140151474137,16.2140151474137,0.0342851643016646,0.0342851643016646,0,0
2.48,-0.360392974793989,-0.148884368059489,29866.6031041785,29866.6031041785,29866.6031041785,29866.6031041785,16.2135259372961,16.2135259372961,0.0342847202604451,0.0342847202604451,0,0
2.485,-0.361137029770654,-0.148737646221877,29866.1629386656,29866.1629386656,29866.1629386656,29866.1629386656,16.213037214448,16.213037214448,0.0342842766478306,0.0342842766478306,0,0
2.49,-0.361880351492253,-0.14859106601147,29865.7231980344,29865.7231980344,29865.7231980344,29865.7231980344,16.2125489783886,16.2125489783886,0.0342838334634252,0.0342838334634252,0,0
2.495,-0.362622940666596,-0.148444627297425,29865.2838818923,29865.2838818923,29865.2838818923,29865.2838818923,16.212061228638,16.212061228638,0.0342833907068332,0.0342833907068332,0,0
2.5,-0.363364798000836,-0.148298329948986,29864.844989847,29864.844989847,29864.844989847,29864.844989847,16.2115739647166,16.2115739647166,0.0342829483776592,0.0342829483776592,0,0
2.505,-0.364105924201477,-0.14815217383553,29864.4065215066,29864.4065215066,29864.4065215066,29864.4065215066,16.2110871861451,16.2110871861451,0.0342825064755084,0.0342825064755084,0,0
2.51,-0.364846319974366,-0.148006158826516,29863.9684764795,29863.9684764795,29863.9684764795,29863.9684764795,16.2106008924448,16.2106008924448,0.034282064999986,0.034282064999986,0,0
2.515,-0.365585986024699,-0.147860284791538,29863.5308543746,29863.5308543746,29863.5308543746,29863.5308543746,16.2101150831376,16.2101150831376,0.0342816239506978,0.0342816239506978,0,0
2.52,-0.366324923057021,-0.147714551600281,29863.0936548008,29863.0936548008,29863.0936548008,29863.0936548008,16.2096297577457,16.2096297577457,0.0342811833272498,0.0342811833272498,0,0
2.525,-0.367063131775224,-0.147568959122549,29862.6568773676,29862.6568773676,29862.6568773676,29862.6568773676,16.2091449157916,16.2091449157916,0.0342807431292483,0.0342807431292483,0,0
2.53,-0.367800612882552,-0.147423507228251,29862.2205216848,29862.2205216848,29862.2205216848,29862.2205216848,16.2086605567987,16.2086605567987,0.0342803033563,0.0342803033563,0,0
2.535,-0.368537367081596,-0.147278195787403,29861.7845873622,29861.7845873622,29861.7845873622,29861.7845873622,16.2081766802904,16.2081766802904,0.0342798640080118,0.0342798640080118,0,0
2.54,-0.369273395074299,-0.147133024670138,29861.3490740104,29861.3490740104,29861.3490740104,29861.3490740104,16.2076932857909,16.2076932857909,0.0342794250839912,0.0342794250839912,0,0
2.545,-0.370008697561954,-0.146987993746687,29860.9139812401,29860.9139812401,29860.9139812401,29860.9139812401,16.2072103728247,16.2072103728247,0.0342789865838457,0.0342789865838457,0,0
2.55,-0.370743275245206,-0.146843102887394,29860.4793086622,29860.4793086622,29860.4793086622,29860.4793086622,16.2067279409168,16.2067279409168,0.0342785485071835,0.0342785485071835,0,0
2.555,-0.371477128824052,-0.146698351962715,29860.0450558881,29860.0450558881,29860.0450558881,29860.0450558881,16.2062459895926,16.2062459895926,0.0342781108536127,0.0342781108536127,0,0
2.56,-0.372210258997841,-0.146553740843208,29859.6112225296,29859.6112225296,29859.6112225296,29859.6112225296,16.205764518378,16.205764518378,0.034277673622742,0.034277673622742,0,0
2.565,-0.372942666465277,-0.146409269399547,29859.1778081986,29859.1778081986,29859.1778081986,29859.1778081986,16.2052835267994,16.2052835267994,0.0342772368141804,0.0342772368141804,0,0
2.57,-0.373674351924415,-0.146264937502509,29858.7448125075,29858.7448125075,29858.7448125075,29858.7448125075,16.2048030143836,16.2048030143836,0.0342768004275372,0.0342768004275372,0,0
2.575,-0.374405316072665,-0.146120745022979,29858.3122350689,29858.3122350689,29858.3122350689,29858.3122350689,16.2043229806579,16.2043229806579,0.034276364462422,0.034276364462422,0,0
2.58,-0.375135559606792,-0.145976691831953,29857.8800754959,29857.8800754959,29857.8800754959,29857.8800754959,16.20384342515,16.20384342515,0.0342759289184449,0.0342759289184449,0,0
2.585,-0.375865083222917,-0.145832777800537,29857.4483334016,29857.4483334016,29857.4483334016,29857.4483334016,16.2033643473881,16.2033643473881,0.0342754937952159,0.0342754937952159,0,0
2.59,-0.376593887616515,-0.145689002799936,29857.0170083998,29857.0170083998,29857.0170083998,29857.0170083998,16.202885746901,16.202885746901,0.0342750590923458,0.0342750590923458,0,0
2.595,-0.37732197348242,-0.14554536670147,29856.5861001044,29856.5861001044,29856.5861001044,29856.5861001044,16.2024076232175,16.2024076232175,0.0342746248094455,0.0342746248094455,0,0
2.6,-0.378049341514819,-0.145401869376572,29856.1556081297,29856.1556081297,29856.1556081297,29856.1556081297,16.2019299758674,16.2019299758674,0.0342741909461263,0.0342741909461263,0,0
2.605,-0.378775992407261,-0.145258510696772,29855.7255320903,29855.7255320903,29855.7255320903,29855.7255320903,16.2014528043807,16.2014528043807,0.0342737575019997,0.0342737575019997,0,0
2.61,-0.379501926852648,-0.145115290533714,29855.2958716011,29855.2958716011,29855.2958716011,29855.2958716011,16.2009761082878,16.2009761082878,0.0342733244766777,0.0342733244766777,0,0
2.615,-0.380227145543245,-0.144972208759145,29854.8666262774,29854.8666262774,29854.8666262774,29854.8666262774,16.2004998871196,16.2004998871196,0.0342728918697725,0.0342728918697725,0,0
2.62,-0.380951649170674,-0.144829265244932,29854.4377957348,29854.4377957348,29854.4377957348,29854.4377957348,16.2000241404075,16.2000241404075,0.0342724596808966,0.0342724596808966,0,0
2.625,-0.381675438425915,-0.144686459863031,29854.0093795891,29854.0093795891,29854.0093795891,29854.0093795891,16.1995488676833,16.1995488676833,0.034272027909663,0.034272027909663,0,0
2.63,-0.382398513999311,-0.144543792485521,29853.5813774566,29853.5813774566,29853.5813774566,29853.5813774566,16.1990740684794,16.1990740684794,0.0342715965556848,0.0342715965556848,0,0
2.635,-0.383120876580565,-0.144401262984581,29853.1537889537,29853.1537889537,29853.1537889537,29853.1537889537,16.1985997423284,16.1985997423284,0.0342711656185756,0.0342711656185756,0,0
2.64,-0.383842526858739,-0.144258871232501,29852.7266136975,29852.7266136975,29852.7266136975,29852.7266136975,16.1981258887636,16.1981258887636,0.0342707350979493,0.0342707350979493,0,0
2.645,-0.384563465522258,-0.144116617101673,29852.299851305,29852.299851305,29852.299851305,29852.299851305,16.1976525073185,16.1976525073185,0.0342703049934201,0.0342703049934201,0,0
2.65,-0.385283693258911,-0.143974500464603,29851.8735013938,29851.8735013938,29851.8735013938,29851.8735013938,16.1971795975274,16.1971795975274,0.0342698753046024,0.0342698753046024,0,0
2.655,-0.386003210755848,-0.1438325211939,29851.4475635817,29851.4475635817,29851.4475635817,29851.4475635817,16.1967071589246,16.1967071589246,0.0342694460311111,0.0342694460311111,0,0
2.66,-0.386722018699582,-0.14369067916228,29851.0220374868,29851.0220374868,29851.0220374868,29851.0220374868,16.1962351910453,16.1962351910453,0.0342690171725614,0.0342690171725614,0,0
2.665,-0.387440117775991,-0.143548974242567,29850.5969227277,29850.5969227277,29850.5969227277,29850.5969227277,16.1957636934247,16.1957636934247,0.0342685887285687,0.0342685887285687,0,0
2.67,-0.388157508670316,-0.143407406307696,29850.1722189231,29850.1722189231,29850.1722189231,29850.1722189231,16.1952926655989,16.1952926655989,0.0342681606987489,0.0342681606987489,0,0
2.675,-0.388874192067164,-0.1432659752307,29849.7479256921,29849.7479256921,29849.7479256921,29849.7479256921,16.1948221071042,16.1948221071042,0.0342677330827181,0.0342677330827181,0,0
2.68,-0.389590168650508,-0.143124680884727,29849.3240426542,29849.3240426542,29849.3240426542,29849.3240426542,16.1943520174774,16.1943520174774,0.0342673058800927,0.0342673058800927,0,0
2.685,-0.390305439103685,-0.14298352314303,29848.9005694291,29848.9005694291,29848.9005694291,29848.9005694291,16.1938823962556,16.1938823962556,0.0342668790904896,0.0342668790904896,0,0
2.69,-0.391020004109401,-0.142842501878962,29848.4775056369,29848.4775056369,29848.4775056369,29848.4775056369,16.1934132429766,16.1934132429766,0.0342664527135257,0.0342664527135257,0,0
2.695,-0.391733864349727,-0.14270161696599,29848.054850898,29848.054850898,29848.054850898,29848.054850898,16.1929445571785,16.1929445571785,0.0342660267488186,0.0342660267488186,0,0
2.7,-0.392447020506102,-0.142560868277693,29847.6326048331,29847.6326048331,29847.6326048331,29847.6326048331,16.1924763383999,16.1924763383999,0.034265601195986,0.034265601195986,0,0
2.705,-0.393159473259334,-0.142420255687739,29847.2107670632,29847.2107670632,29847.2107670632,29847.2107670632,16.1920085861797,16.1920085861797,0.034265176054646,0.034265176054646,0,0
2.71,-0.3938712232896,-0.142279779069919,29846.7893372098,29846.7893372098,29846.7893372098,29846.7893372098,16.1915413000576,16.1915413000576,0.0342647513244169,0.0342647513244169,0,0
2.715,-0.394582271276444,-0.142139438298121,29846.3683148944,29846.3683148944,29846.3683148944,29846.3683148944,16.1910744795734,16.1910744795734,0.0342643270049174,0.0342643270049174,0,0
2.72,-0.395292617898781,-0.141999233246346,29845.947699739,29845.947699739,29845.947699739,29845.947699739,16.1906081242673,16.1906081242673,0.0342639030957666,0.0342639030957666,0,0
2.725,-0.396002263834897,-0.141859163788694,29845.5274913661,29845.5274913661,29845.5274913661,29845.5274913661,16.1901422336804,16.1901422336804,0.0342634795965839,0.0342634795965839,0,0
2.73,-0.396711209762449,-0.141719229799375,29845.1076893981,29845.1076893981,29845.1076893981,29845.1076893981,16.1896768073537,16.1896768073537,0.0342630565069889,0.0342630565069889,0,0
2.735,-0.397419456358462,-0.141579431152706,29844.6882934581,29844.6882934581,29844.6882934581,29844.6882934581,16.1892118448291,16.1892118448291,0.0342626338266016,0.0342626338266016,0,0
2.74,-0.398127004299337,-0.14143976772311,29844.2693031693,29844.2693031693,29844.2693031693,29844.2693031693,16.1887473456486,16.1887473456486,0.0342622115550423,0.0342622115550423,0,0
2.745,-0.398833854260846,-0.141300239385113,29843.8507181553,29843.8507181553,29843.8507181553,29843.8507181553,16.1882833093548,16.1882833093548,0.0342617896919316,0.0342617896919316,0,0
2.75,-0.399540006918132,-0.141160846013347,29843.43253804,29843.43253804,29843.43253804,29843.43253804,16.1878197354907,16.1878197354907,0.0342613682368906,0.0342613682368906,0,0
2.755,-0.400245462945714,-0.141021587482557,29843.0147624477,29843.0147624477,29843.0147624477,29843.0147624477,16.1873566235999,16.1873566235999,0.0342609471895405,0.0342609471895405,0,0
2.76,-0.400950223017484,-0.140882463667587,29842.5973910028,29842.5973910028,29842.5973910028,29842.5973910028,16.1868939732261,16.1868939732261,0.0342605265495029,0.0342605265495029,0,0
2.765,-0.401654287806708,-0.140743474443385,29842.1804233302,29842.1804233302,29842.1804233302,29842.1804233302,16.1864317839139,16.1864317839139,0.0342601063163996,0.0342601063163996,0,0
2.77,-0.402357657986028,-0.140604619685009,29841.763859055,29841.763859055,29841.763859055,29841.763859055,16.1859700552078,16.1859700552078,0.034259686489853,0.034259686489853,0,0
2.775,-0.40306033422746,-0.140465899267621,29841.3476978029,29841.3476978029,29841.3476978029,29841.3476978029,16.1855087866533,16.1855087866533,0.0342592670694856,0.0342592670694856,0,0
2.78,-0.403762317202398,-0.140327313066492,29840.9319391995,29840.9319391995,29840.9319391995,29840.9319391995,16.1850479777959,16.1850479777959,0.0342588480549203,0.0342588480549203,0,0
2.785,-0.404463607581611,-0.140188860956989,29840.516582871,29840.516582871,29840.516582871,29840.516582871,16.1845876281818,16.1845876281818,0.0342584294457802,0.0342584294457802,0,0
2.79,-0.405164206035246,-0.140050542814596,29840.1016284438,29840.1016284438,29840.1016284438,29840.1016284438,16.1841277373575,16.1841277373575,0.0342580112416888,0.0342580112416888,0,0
2.795,-0.405864113232828,-0.139912358514897,29839.6870755447,29839.6870755447,29839.6870755447,29839.6870755447,16.18366830487,16.18366830487,0.0342575934422701,0.0342575934422701,0,0
2.8,-0.406563329843259,-0.139774307933575,29839.2729238007,29839.2729238007,29839.2729238007,29839.2729238007,16.1832093302668,16.1832093302668,0.0342571760471481,0.0342571760471481,0,0
2.805,-0.407261856534821,-0.139636390946432,29838.8591728393,29838.8591728393,29838.8591728393,29838.8591728393,16.1827508130957,16.1827508130957,0.0342567590559473,0.0342567590559473,0,0
2.81,-0.407959693975174,-0.13949860742936,29838.4458222881,29838.4458222881,29838.4458222881,29838.4458222881,16.1822927529049,16.1822927529049,0.0342563424682925,0.0342563424682925,0,0
2.815,-0.408656842831358,-0.139360957258369,29838.0328717751,29838.0328717751,29838.0328717751,29838.0328717751,16.1818351492434,16.1818351492434,0.0342559262838088,0.0342559262838088,0,0
2.82,-0.409353303769794,-0.139223440309568,29837.6203209287,29837.6203209287,29837.6203209287,29837.6203209287,16.1813780016601,16.1813780016601,0.0342555105021216,0.0342555105021216,0,0
2.825,-0.410049077456284,-0.139086056459168,29837.2081693775,29837.2081693775,29837.2081693775,29837.2081693775,16.1809213097048,16.1809213097048,0.0342550951228566,0.0342550951228566,0,0
2.83,-0.41074416455601,-0.138948805583492,29836.7964167505,29836.7964167505,29836.7964167505,29836.7964167505,16.1804650729275,16.1804650729275,0.0342546801456399,0.0342546801456399,0,0
2.835,-0.411438565733538,-0.138811687558957,29836.3850626769,29836.3850626769,29836.3850626769,29836.3850626769,16.1800092908788,16.1800092908788,0.0342542655700979,0.0342542655700979,0,0
2.84,-0.412132281652813,-0.138674702262101,29835.9741067863,29835.9741067863,29835.9741067863,29835.9741067863,16.1795539631094,16.1795539631094,0.0342538513958572,0.0342538513958572,0,0
2.845,-0.412825312977166,-0.138537849569548,29835.5635487086,29835.5635487086,29835.5635487086,29835.5635487086,16.1790990891708,16.1790990891708,0.0342534376225449,0.0342534376225449,0,0
2.85,-0.41351766036931,-0.138401129358038,29835.1533880741,29835.1533880741,29835.1533880741,29835.1533880741,16.1786446686147,16.1786446686147,0.0342530242497882,0.0342530242497882,0,0
2.855,-0.414209324491343,-0.138264541504418,29834.7436245133,29834.7436245133,29834.7436245133,29834.7436245133,16.1781907009935,16.1781907009935,0.0342526112772148,0.0342526112772148,0,0
2.86,-0.414900306004746,-0.138128085885626,29834.3342576569,29834.3342576569,29834.3342576569,29834.3342576569,16.1777371858597,16.1777371858597,0.0342521987044526,0.0342521987044526,0,0
2.865,-0.415590605570386,-0.13799176237872,29833.9252871362,29833.9252871362,29833.9252871362,29833.9252871362,16.1772841227665,16.1772841227665,0.03425178653113,0.03425178653113,0,0
2.87,-0.416280223848515,-0.137855570860853,29833.5167125826,29833.5167125826,29833.5167125826,29833.5167125826,16.1768315112673,16.1768315112673,0.0342513747568754,0.0342513747568754,0,0
2.875,-0.416969161498771,-0.137719511209283,29833.1085336278,29833.1085336278,29833.1085336278,29833.1085336278,16.1763793509162,16.1763793509162,0.0342509633813178,0.0342509633813178,0,0
2.88,-0.41765741918018,-0.137583583301375,29832.7007499041,29832.7007499041,29832.7007499041,29832.7007499041,16.1759276412675,16.1759276412675,0.0342505524040864,0.0342505524040864,0,0
2.885,-0.418344997551153,-0.137447787014594,29832.2933610438,29832.2933610438,29832.2933610438,29832.2933610438,16.1754763818761,16.1754763818761,0.0342501418248107,0.0342501418248107,0,0
2.89,-0.419031897269491,-0.137312122226511,29831.8863666795,29831.8863666795,29831.8863666795,29831.8863666795,16.1750255722972,16.1750255722972,0.0342497316431206,0.0342497316431206,0,0
2.895,-0.419718118992379,-0.137176588814806,29831.4797664444,29831.4797664444,29831.4797664444,29831.4797664444,16.1745752120865,16.1745752120865,0.0342493218586461,0.0342493218586461,0,0
2.9,-0.420403663376396,-0.137041186657255,29831.0735599718,29831.0735599718,29831.0735599718,29831.0735599718,16.1741253008001,16.1741253008001,0.0342489124710178,0.0342489124710178,0,0
2.905,-0.421088531077505,-0.136905915631739,29830.6677468952,29830.6677468952,29830.6677468952,29830.6677468952,16.1736758379946,16.1736758379946,0.0342485034798665,0.0342485034798665,0,0
2.91,-0.421772722751063,-0.13677077561625,29830.2623268487,29830.2623268487,29830.2623268487,29830.2623268487,16.173226823227,16.173226823227,0.0342480948848232,0.0342480948848232,0,0
2.915,-0.422456239051815,-0.136635766488872,29829.8572994666,29829.8572994666,29829.8572994666,29829.8572994666,16.1727782560546,16.1727782560546,0.0342476866855193,0.0342476866855193,0,0
2.92,-0.423139080633896,-0.136500888127805,29829.4526643834,29829.4526643834,29829.4526643834,29829.4526643834,16.1723301360353,16.1723301360353,0.0342472788815866,0.0342472788815866,0,0
2.925,-0.423821248150834,-0.136366140411341,29829.048421234,29829.048421234,29829.048421234,29829.048421234,16.1718824627273,16.1718824627273,0.0342468714726571,0.0342468714726571,0,0
2.93,-0.424502742255547,-0.136231523217887,29828.6445696537,29828.6445696537,29828.6445696537,29828.6445696537,16.1714352356894,16.1714352356894,0.0342464644583632,0.0342464644583632,0,0
2.935,-0.425183563600348,-0.13609703642594,29828.2411092778,29828.2411092778,29828.2411092778,29828.2411092778,16.1709884544807,16.1709884544807,0.0342460578383374,0.0342460578383374,0,0
2.94,-0.42586371283694,-0.135962679914114,29827.8380397423,29827.8380397423,29827.8380397423,29827.8380397423,16.1705421186607,16.1705421186607,0.0342456516122129,0.0342456516122129,0,0
2.945,-0.426543190616421,-0.135828453561114,29827.4353606833,29827.4353606833,29827.4353606833,29827.4353606833,16.1700962277894,16.1700962277894,0.0342452457796227,0.0342452457796227,0,0
2.95,-0.427221997589281,-0.135694357245759,29827.0330717373,29827.0330717373,29827.0330717373,29827.0330717373,16.1696507814272,16.1696507814272,0.0342448403402007,0.0342448403402007,0,0
2.955,-0.427900134405406,-0.135560390846966,29826.6311725409,29826.6311725409,29826.6311725409,29826.6311725409,16.1692057791349,16.1692057791349,0.0342444352935806,0.0342444352935806,0,0
2.96,-0.428577601714076,-0.135426554243752,29826.2296627313,29826.2296627313,29826.2296627313,29826.2296627313,16.1687612204738,16.1687612204738,0.0342440306393966,0.0342440306393966,0,0
2.965,-0.429254400163968,-0.135292847315242,29825.8285419457,29825.8285419457,29825.8285419457,29825.8285419457,16.1683171050055,16.1683171050055,0.0342436263772834,0.0342436263772834,0,0
2.97,-0.429930530403152,-0.13515926994066,29825.427809822,29825.427809822,29825.427809822,29825.427809822,16.1678734322923,16.1678734322923,0.0342432225068757,0.0342432225068757,0,0
2.975,-0.430605993079097,-0.135025821999336,29825.027465998,29825.027465998,29825.027465998,29825.027465998,16.1674302018965,16.1674302018965,0.0342428190278087,0.0342428190278087,0,0
2.98,-0.431280788838667,-0.134892503370704,29824.6275101121,29824.6275101121,29824.6275101121,29824.6275101121,16.1669874133812,16.1669874133812,0.0342424159397179,0.0342424159397179,0,0
2.985,-0.431954918328124,-0.134759313934296,29824.2279418029,29824.2279418029,29824.2279418029,29824.2279418029,16.1665450663097,16.1665450663097,0.034242013242239,0.034242013242239,0,0
2.99,-0.432628382193129,-0.134626253569751,29823.8287607092,29823.8287607092,29823.8287607092,29823.8287607092,16.1661031602458,16.1661031602458,0.0342416109350081,0.0342416109350081,0,0
2.995,-0.433301181078741,-0.134493322156804,29823.4299664704,29823.4299664704,29823.4299664704,29823.4299664704,16.1656616947538,16.1656616947538,0.0342412090176616,0.0342412090176616,0,0
3,-0.433973315629416,-0.1343605195753,29823.0315587259,29823.0315587259,29823.0315587259,29823.0315587259,16.1652206693983,16.1652206693983,0.0342408074898362,0.0342408074898362,0,0
