time_s,wDown,accelerationDown,aeroThrust1,aeroThrust2,hubThrust1,hubThrust2,vi1,vi2,beta1,beta2,betaRate1,betaRate2
0,0,-1.67301117947155e-15,29419.95,29419.95,29419.95,29419.95,16.269694194372,16.269694194372,0.0337331692055155,0.0337331692055155,0,0
0.005,-8.36505589735774e-18,-1.67301117947155e-15,29419.95,29419.95,29419.95,29419.95,16.269694194372,16.269694194372,0.0337331692055155,0.0337331692055155,-2.69211448600961e-17,-2.69211448600961e-17
0.01,-1.67301117947155e-17,-1.67301117947155e-15,29419.95,29419.95,29419.95,29419.95,16.269694194372,16.269694194372,0.0337331692055155,0.0337331692055155,-5.38422897201921e-17,-5.38422897201921e-17
0.015,-2.50951676920732e-17,-1.67301117947155e-15,29419.95,29419.95,29419.95,29419.95,16.269694194372,16.269694194372,0.0337331692055155,0.0337331692055155,-8.07634345802882e-17,-8.07634345802882e-17
0.02,-3.34602235894309e-17,-1.67301117947155e-15,29419.95,29419.95,29419.95,29419.95,16.269694194372,16.269694194372,0.0337331692055155,0.0337331692055155,-1.07684579440384e-16,-1.07684579440384e-16
0.025,-4.18252794867887e-17,-1.67301117947155e-15,29419.95,29419.95,29419.95,29419.95,16.269694194372,16.269694194372,0.0337331692055155,0.0337331692055155,-1.3460572430048e-16,-1.3460572430048e-16
0.03,-5.01903353841464e-17,-1.67301117947155e-15,29419.95,29419.95,29419.95,29419.95,16.269694194372,16.269694194372,0.0337331692055155,0.0337331692055155,-1.61526869160576e-16,-1.61526869160576e-16
0.035,-5.85553912815042e-17,-1.67301117947155e-15,29419.95,29419.95,29419.95,29419.95,16.269694194372,16.269694194372,0.0337331692055155,0.0337331692055155,-1.88448014020673e-16,-1.88448014020673e-16
0.04,-6.69204471788619e-17,-1.67301117947155e-15,29419.95,29419.95,29419.95,29419.95,16.269694194372,16.269694194372,0.0337331692055155,0.0337331692055155,-2.15369158880769e-16,-2.15369158880769e-16
0.045,-7.52855030762196e-17,-1.67301117947155e-15,29419.95,29419.95,29419.95,29419.95,16.269694194372,16.269694194372,0.0337331692055155,0.0337331692055155,-2.42290303740865e-16,-2.42290303740865e-16
0.05,-8.36505589735774e-17,-1.67301117947155e-15,29419.95,29419.95,29419.95,29419.95,16.269694194372,16.269694194372,0.0337331692055155,0.0337331692055155,-2.69211448600961e-16,-2.69211448600961e-16
0.055,-9.20156148709351e-17,-1.67301117947155e-15,29419.95,29419.95,29419.95,29419.95,16.269694194372,16.269694194372,0.0337331692055155,0.0337331692055155,-2.96132593461057e-16,-2.96132593461057e-16
0.06,-1.00380670768293e-16,-1.67301117947155e-15,29419.95,29419.95,29419.95,29419.95,16.269694194372,16.269694194372,0.0337331692055155,0.0337331692055155,-3.23053738321153e-16,-3.23053738321153e-16
0.065,-1.08745726665651e-16,-1.67301117947155e-15,29419.95,29419.95,29419.95,29419.95,16.269694194372,16.269694194372,0.0337331692055155,0.0337331692055155,-3.49974883181249e-16,-3.49974883181249e-16
0.07,-1.17110782563008e-16,-1.67301117947155e-15,29419.95,29419.95,29419.95,29419.95,16.269694194372,16.269694194372,0.0337331692055155,0.0337331692055155,-3.76896028041345e-16,-3.76896028041345e-16
0.075,-1.25475838460366e-16,-1.67301117947155e-15,29419.95,29419.95,29419.95,29419.95,16.269694194372,16.269694194372,0.0337331692055155,0.0337331692055155,-4.03817172901441e-16,-4.03817172901441e-16
0.08,-1.36128600065083e-16,-1.67301117947155e-15,29419.95,29419.95,29419.95,29419.95,16.269694194372,16.269694194372,0.0337331692055155,0.0337331692055155,-3.93043020048966e-16,-3.93043020048966e-16
0.085,-1.47377795789098e-16,-2.92802758554027e-15,29419.95,29419.95,29419.95,29419.95,16.269694194372,16.269694194372,0.0337331692055155,0.0337331692055155,-4.21102641156427e-16,-4.21102641156427e-16
0.09,-1.58823778665703e-16,-1.44182394677468e-15,29419.95,29419.95,29419.95,29419.95,16.269694194372,16.269694194372,0.0337331692055155,0.0337331692055155,-4.26717218800532e-16,-4.26717218800532e-16
0.095,-1.65369804098633e-16,-1.67301117947155e-15,29419.95,29419.95,29419.95,29419.95,16.269694194372,16.269694194372,0.0337331692055155,0.0337331692055155,-3.80466575305722e-16,-3.80466575305722e-16
0.1,-1.74556596928536e-16,-2.92802758554027e-15,29419.95,29419.95,29419.95,29419.95,16.269694194372,16.269694194372,0.0337331692055155,0.0337331692055155,-4.07712090007612e-16,-4.07712090007612e-16
0.105,-1.85781306114143e-16,-1.67301117947155e-15,29419.95,29419.95,29419.95,29419.95,16.269694194372,16.269694194372,0.0337331692055155,0.0337331692055155,-3.97163705937067e-16,-3.97163705937067e-16
0.11,-1.97030501838158e-16,-1.44182394677468e-15,29419.95,29419.95,29419.95,29419.95,16.269694194372,16.269694194372,0.0337331692055155,0.0337331692055155,-4.25223327044528e-16,-4.25223327044528e-16
0.115,-2.03576527271088e-16,-1.67301117947155e-15,29419.95,29419.95,29419.95,29419.95,16.269694194372,16.269694194372,0.0337331692055155,0.0337331692055155,-3.78972683549718e-16,-3.78972683549718e-16
0.12,-2.1276332010099e-16,-2.92802758554027e-15,29419.95,29419.95,29419.95,29419.95,16.269694194372,16.269694194372,0.0337331692055155,0.0337331692055155,-4.06218198251607e-16,-4.06218198251607e-16
0.125,-2.23988029286598e-16,-1.67301117947155e-15,29419.95,29419.95,29419.95,29419.95,16.269694194372,16.269694194372,0.0337331692055155,0.0337331692055155,-3.95669814181063e-16,-3.95669814181063e-16
0.13,-2.35237225010613e-16,-2.92802758554027e-15,29419.95,29419.95,29419.95,29419.95,16.269694194372,16.269694194372,0.0337331692055155,0.0337331692055155,-4.23729435288524e-16,-4.23729435288524e-16
0.135,-2.46683207887219e-16,-1.44182394677468e-15,29419.95,29419.95,29419.95,29419.95,16.269694194372,16.269694194372,0.0337331692055155,0.0337331692055155,-4.2934401293263e-16,-4.2934401293263e-16
0.14,-2.53229233320148e-16,-1.67301117947155e-15,29419.95,29419.95,29419.95,29419.95,16.269694194372,16.269694194372,0.0337331692055155,0.0337331692055155,-3.83093369437819e-16,-3.83093369437819e-16
0.145,-2.60393089180658e-16,-2.92802758554027e-15,29419.95,29419.95,29419.95,29419.95,16.269694194372,16.269694194372,0.0337331692055155,0.0337331692055155,-4.09540356388633e-16,-4.09540356388633e-16
0.15,-2.71617798366265e-16,-1.67301117947155e-15,29419.95,29419.95,29419.95,29419.95,16.269694194372,16.269694194372,0.0337331692055155,0.0337331692055155,-3.98991972318088e-16,-3.98991972318088e-16
0.155,-2.82270559970982e-16,-1.67301117947155e-15,29419.95,29419.95,29419.95,29419.95,16.269694194372,16.269694194372,0.0337331692055155,0.0337331692055155,-3.88217819465613e-16,-3.88217819465613e-16
0.16,-2.93519755694997e-16,-2.92802758554027e-15,29419.95,29419.95,29419.95,29419.95,16.269694194372,16.269694194372,0.0337331692055155,0.0337331692055155,-4.16277440573074e-16,-4.16277440573074e-16
0.165,-3.03960407659492e-16,-2.92802758554027e-15,29419.95,29419.95,29419.95,29419.95,16.269694194372,16.269694194372,0.0337331692055155,0.0337331692055155,-4.06291396148362e-16,-4.06291396148362e-16
0.17,-3.15185116845099e-16,-1.67301117947155e-15,29419.95,29419.95,29419.95,29419.95,16.269694194372,16.269694194372,0.0337331692055155,0.0337331692055155,-3.95743012077818e-16,-3.95743012077818e-16
0.175,-3.26434312569114e-16,-2.92802758554027e-15,29419.95,29419.95,29419.95,29419.95,16.269694194372,16.269694194372,0.0337331692055155,0.0337331692055155,-4.23802633185278e-16,-4.23802633185278e-16
0.18,-3.3788029544572e-16,-1.44182394677468e-15,29419.95,29419.95,29419.95,29419.95,16.269694194372,16.269694194372,0.0337331692055155,0.0337331692055155,-4.29417210829385e-16,-4.29417210829385e-16
0.185,-3.4442632087865e-16,-1.67301117947155e-15,29419.95,29419.95,29419.95,29419.95,16.269694194372,16.269694194372,0.0337331692055155,0.0337331692055155,-3.83166567334573e-16,-3.83166567334573e-16
0.19,-3.51590176739159e-16,-2.92802758554027e-15,29419.95,29419.95,29419.95,29419.95,16.269694194372,16.269694194372,0.0337331692055155,0.0337331692055155,-4.09613554285387e-16,-4.09613554285387e-16
0.195,-3.62814885924767e-16,-1.67301117947155e-15,29419.95,29419.95,29419.95,29419.95,16.269694194372,16.269694194372,0.0337331692055155,0.0337331692055155,-3.99065170214843e-16,-3.99065170214843e-16
0.2,-3.73467647529484e-16,-1.67301117947155e-15,29419.95,29419.95,29419.95,29419.95,16.269694194372,16.269694194372,0.0337331692055155,0.0337331692055155,-3.88291017362368e-16,-3.88291017362368e-16
0.205,-3.84716843253498e-16,-2.92802758554027e-15,29419.95,29419.95,29419.95,29419.95,16.269694194372,16.269694194372,0.0337331692055155,0.0337331692055155,-4.16350638469828e-16,-4.16350638469828e-16
0.21,-3.95157495217993e-16,-2.92802758554027e-15,29419.95,29419.95,29419.95,29419.95,16.269694194372,16.269694194372,0.0337331692055155,0.0337331692055155,-4.06364594045117e-16,-4.06364594045117e-16
0.215,-4.06382204403601e-16,-1.67301117947155e-15,29419.95,29419.95,29419.95,29419.95,16.269694194372,16.269694194372,0.0337331692055155,0.0337331692055155,-3.95816209974572e-16,-3.95816209974572e-16
0.22,-4.17631400127615e-16,-2.92802758554027e-15,29419.95,29419.95,29419.95,29419.95,16.269694194372,16.269694194372,0.0337331692055155,0.0337331692055155,-4.23875831082033e-16,-4.23875831082033e-16
0.225,-4.29077383004221e-16,-1.44182394677468e-15,29419.95,29419.95,29419.95,29419.95,16.269694194372,16.269694194372,0.0337331692055155,0.0337331692055155,-4.2949040872614e-16,-4.2949040872614e-16
0.23,-4.35623408437151e-16,-1.67301117947155e-15,29419.95,29419.95,29419.95,29419.95,16.269694194372,16.269694194372,0.0337331692055155,0.0337331692055155,-3.83239765231328e-16,-3.83239765231328e-16
0.235,-4.42787264297661e-16,-2.92802758554027e-15,29419.95,29419.95,29419.95,29419.95,16.269694194372,16.269694194372,0.0337331692055155,0.0337331692055155,-4.09686752182142e-16,-4.09686752182142e-16
0.24,-4.54011973483268e-16,-1.67301117947155e-15,29419.95,29419.95,29419.95,29419.95,16.269694194372,16.269694194372,0.0337331692055155,0.0337331692055155,-3.99138368111597e-16,-3.99138368111597e-16
0.245,-4.64664735087985e-16,-1.67301117947155e-15,29419.95,29419.95,29419.95,29419.95,16.269694194372,16.269694194372,0.0337331692055155,0.0337331692055155,-3.88364215259122e-16,-3.88364215259122e-16
0.25,-4.75913930812e-16,-2.92802758554027e-15,29419.95,29419.95,29419.95,29419.95,16.269694194372,16.269694194372,0.0337331692055155,0.0337331692055155,-4.16423836366583e-16,-4.16423836366583e-16
0.255,-4.86354582776494e-16,-2.92802758554027e-15,29419.95,29419.95,29419.95,29419.95,16.269694194372,16.269694194372,0.0337331692055155,0.0337331692055155,-4.06437791941871e-16,-4.06437791941871e-16
0.26,-4.97579291962102e-16,-1.67301117947155e-15,29419.95,29419.95,29419.95,29419.95,16.269694194372,16.269694194372,0.0337331692055155,0.0337331692055155,-3.95889407871327e-16,-3.95889407871327e-16
0.265,-5.08828487686117e-16,-2.92802758554027e-15,29419.95,29419.95,29419.95,29419.95,16.269694194372,16.269694194372,0.0337331692055155,0.0337331692055155,-4.23949028978787e-16,-4.23949028978787e-16
0.27,-5.20274470562722e-16,-1.44182394677468e-15,29419.95,29419.95,29419.95,29419.95,16.269694194372,16.269694194372,0.0337331692055155,0.0337331692055155,-4.29563606622895e-16,-4.29563606622895e-16
0.275,-5.26820495995652e-16,-1.67301117947155e-15,29419.95,29419.95,29419.95,29419.95,16.269694194372,16.269694194372,0.0337331692055155,0.0337331692055155,-3.83312963128083e-16,-3.83312963128083e-16
0.28,-5.33984351856162e-16,-2.92802758554027e-15,29419.95,29419.95,29419.95,29419.95,16.269694194372,16.269694194372,0.0337331692055155,0.0337331692055155,-4.09759950078896e-16,-4.09759950078896e-16
0.285,-5.45209061041769e-16,-1.67301117947155e-15,29419.95,29419.95,29419.95,29419.95,16.269694194372,16.269694194372,0.0337331692055155,0.0337331692055155,-3.99211566008352e-16,-3.99211566008352e-16
0.29,-5.55861822646486e-16,-1.67301117947155e-15,29419.95,29419.95,29419.95,29419.95,16.269694194372,16.269694194372,0.0337331692055155,0.0337331692055155,-3.88437413155876e-16,-3.88437413155876e-16
0.295,-5.67111018370501e-16,-2.92802758554027e-15,29419.95,29419.95,29419.95,29419.95,16.269694194372,16.269694194372,0.0337331692055155,0.0337331692055155,-4.16497034263337e-16,-4.16497034263337e-16
0.3,-5.77551670334995e-16,-2.92802758554027e-15,29419.95,29419.95,29419.95,29419.95,16.269694194372,16.269694194372,0.0337331692055155,0.0337331692055155,-4.06510989838626e-16,-4.06510989838626e-16
0.305,-5.88776379520603e-16,-1.67301117947155e-15,29419.95,29419.95,29419.95,29419.95,16.269694194372,16.269694194372,0.0337331692055155,0.0337331692055155,-3.95962605768081e-16,-3.95962605768081e-16
0.31,-6.00025575244618e-16,-2.92802758554027e-15,29419.95,29419.95,29419.95,29419.95,16.269694194372,16.269694194372,0.0337331692055155,0.0337331692055155,-4.24022226875542e-16,-4.24022226875542e-16
0.315,-6.11471558121224e-16,-1.44182394677468e-15,29419.95,29419.95,29419.95,29419.95,16.269694194372,16.269694194372,0.0337331692055155,0.0337331692055155,-4.2963680451965e-16,-4.2963680451965e-16
0.32,-6.18017583554153e-16,-1.67301117947155e-15,29419.95,29419.95,29419.95,29419.95,16.269694194372,16.269694194372,0.0337331692055155,0.0337331692055155,-3.83386161024837e-16,-3.83386161024837e-16
0.325,-6.25181439414663e-16,-2.92802758554027e-15,29419.95,29419.95,29419.95,29419.95,16.269694194372,16.269694194372,0.0337331692055155,0.0337331692055155,-4.09833147975651e-16,-4.09833147975651e-16
0.33,-6.36406148600271e-16,-1.67301117947155e-15,29419.95,29419.95,29419.95,29419.95,16.269694194372,16.269694194372,0.0337331692055155,0.0337331692055155,-3.99284763905106e-16,-3.99284763905106e-16
0.335,-6.47058910204987e-16,-1.67301117947155e-15,29419.95,29419.95,29419.95,29419.95,16.269694194372,16.269694194372,0.0337331692055155,0.0337331692055155,-3.88510611052631e-16,-3.88510611052631e-16
0.34,-6.58308105929002e-16,-2.92802758554027e-15,29419.95,29419.95,29419.95,29419.95,16.269694194372,16.269694194372,0.0337331692055155,0.0337331692055155,-4.16570232160092e-16,-4.16570232160092e-16
0.345,-6.68748757893497e-16,-2.92802758554027e-15,29419.95,29419.95,29419.95,29419.95,16.269694194372,16.269694194372,0.0337331692055155,0.0337331692055155,-4.0658418773538e-16,-4.0658418773538e-16
0.35,-6.79973467079104e-16,-1.67301117947155e-15,29419.95,29419.95,29419.95,29419.95,16.269694194372,16.269694194372,0.0337331692055155,0.0337331692055155,-3.96035803664836e-16,-3.96035803664836e-16
0.355,-6.91222662803119e-16,-2.92802758554027e-15,29419.95,29419.95,29419.95,29419.95,16.269694194372,16.269694194372,0.0337331692055155,0.0337331692055155,-4.24095424772296e-16,-4.24095424772296e-16
0.36,-7.02668645679725e-16,-1.44182394677468e-15,29419.95,29419.95,29419.95,29419.95,16.269694194372,16.269694194372,0.0337331692055155,0.0337331692055155,-4.29710002416405e-16,-4.29710002416405e-16
0.365,-7.09214671112654e-16,-1.67301117947155e-15,29419.95,29419.95,29419.95,29419.95,16.269694194372,16.269694194372,0.0337331692055155,0.0337331692055155,-3.83459358921591e-16,-3.83459358921591e-16
0.37,-7.16378526973164e-16,-2.92802758554027e-15,29419.95,29419.95,29419.95,29419.95,16.269694194372,16.269694194372,0.0337331692055155,0.0337331692055155,-4.09906345872405e-16,-4.09906345872405e-16
0.375,-7.27603236158772e-16,-1.67301117947155e-15,29419.95,29419.95,29419.95,29419.95,16.269694194372,16.269694194372,0.0337331692055155,0.0337331692055155,-3.99357961801861e-16,-3.99357961801861e-16
0.38,-7.38255997763489e-16,-1.67301117947155e-15,29419.95,29419.95,29419.95,29419.95,16.269694194372,16.269694194372,0.0337331692055155,0.0337331692055155,-3.88583808949386e-16,-3.88583808949386e-16
0.385,-7.49505193487503e-16,-2.92802758554027e-15,29419.95,29419.95,29419.95,29419.95,16.269694194372,16.269694194372,0.0337331692055155,0.0337331692055155,-4.16643430056846e-16,-4.16643430056846e-16
0.39,-7.59945845451998e-16,-2.92802758554027e-15,29419.95,29419.95,29419.95,29419.95,16.269694194372,16.269694194372,0.0337331692055155,0.0337331692055155,-4.06657385632135e-16,-4.06657385632135e-16
0.395,-7.71170554637605e-16,-1.67301117947155e-15,29419.95,29419.95,29419.95,29419.95,16.269694194372,16.269694194372,0.0337331692055155,0.0337331692055155,-3.9610900156159e-16,-3.9610900156159e-16
0.4,-7.8241975036162e-16,-2.92802758554027e-15,29419.95,29419.95,29419.95,29419.95,16.269694194372,16.269694194372,0.0337331692055155,0.0337331692055155,-4.24168622669051e-16,-4.24168622669051e-16
0.405,-7.93865733238226e-16,-1.44182394677468e-15,29419.95,29419.95,29419.95,29419.95,16.269694194372,16.269694194372,0.0337331692055155,0.0337331692055155,-4.2978320031316e-16,-4.2978320031316e-16
0.41,-8.00411758671156e-16,-1.67301117947155e-15,29419.95,29419.95,29419.95,29419.95,16.269694194372,16.269694194372,0.0337331692055155,0.0337331692055155,-3.83532556818346e-16,-3.83532556818346e-16
0.415,-8.07575614531665e-16,-2.92802758554027e-15,29419.95,29419.95,29419.95,29419.95,16.269694194372,16.269694194372,0.0337331692055155,0.0337331692055155,-4.0997954376916e-16,-4.0997954376916e-16
0.42,-8.18800323717273e-16,-1.67301117947155e-15,29419.95,29419.95,29419.95,29419.95,16.269694194372,16.269694194372,0.0337331692055155,0.0337331692055155,-3.99431159698615e-16,-3.99431159698615e-16
0.425,-8.2945308532199e-16,-1.67301117947155e-15,29419.95,29419.95,29419.95,29419.95,16.269694194372,16.269694194372,0.0337331692055155,0.0337331692055155,-3.8865700684614e-16,-3.8865700684614e-16
0.43,-8.40702281046004e-16,-2.92802758554027e-15,29419.95,29419.95,29419.95,29419.95,16.269694194372,16.269694194372,0.0337331692055155,0.0337331692055155,-4.16716627953601e-16,-4.16716627953601e-16
0.435,-8.51142933010499e-16,-2.92802758554027e-15,29419.95,29419.95,29419.95,29419.95,16.269694194372,16.269694194372,0.0337331692055155,0.0337331692055155,-4.06730583528889e-16,-4.06730583528889e-16
0.44,-8.62367642196107e-16,-1.67301117947155e-15,29419.95,29419.95,29419.95,29419.95,16.269694194372,16.269694194372,0.0337331692055155,0.0337331692055155,-3.96182199458345e-16,-3.96182199458345e-16
0.445,-8.73616837920121e-16,-2.92802758554027e-15,29419.95,29419.95,29419.95,29419.95,16.269694194372,16.269694194372,0.0337331692055155,0.0337331692055155,-4.24241820565805e-16,-4.24241820565805e-16
0.45,-8.85062820796727e-16,-1.44182394677468e-15,29419.95,29419.95,29419.95,29419.95,16.269694194372,16.269694194372,0.0337331692055155,0.0337331692055155,-4.29856398209916e-16,-4.29856398209916e-16
0.455,-8.91608846229657e-16,-1.67301117947155e-15,29419.95,29419.95,29419.95,29419.95,16.269694194372,16.269694194372,0.0337331692055155,0.0337331692055155,-3.83605754715101e-16,-3.83605754715101e-16
0.46,-8.98772702090166e-16,-2.92802758554027e-15,29419.95,29419.95,29419.95,29419.95,16.269694194372,16.269694194372,0.0337331692055155,0.0337331692055155,-4.10052741665914e-16,-4.10052741665914e-16
0.465,-9.09997411275774e-16,-1.67301117947155e-15,29419.95,29419.95,29419.95,29419.95,16.269694194372,16.269694194372,0.0337331692055155,0.0337331692055155,-3.9950435759537e-16,-3.9950435759537e-16
0.47,-9.20650172880491e-16,-1.67301117947155e-15,29419.95,29419.95,29419.95,29419.95,16.269694194372,16.269694194372,0.0337331692055155,0.0337331692055155,-3.88730204742895e-16,-3.88730204742895e-16
0.475,-9.31899368604506e-16,-2.92802758554027e-15,29419.95,29419.95,29419.95,29419.95,16.269694194372,16.269694194372,0.0337331692055155,0.0337331692055155,-4.16789825850355e-16,-4.16789825850355e-16
0.48,-9.42340020569e-16,-2.92802758554027e-15,29419.95,29419.95,29419.95,29419.95,16.269694194372,16.269694194372,0.0337331692055155,0.0337331692055155,-4.06803781425643e-16,-4.06803781425643e-16
0.485,-9.53564729754608e-16,-1.67301117947155e-15,29419.95,29419.95,29419.95,29419.95,16.269694194372,16.269694194372,0.0337331692055155,0.0337331692055155,-3.96255397355099e-16,-3.96255397355099e-16
0.49,-9.64813925478622e-16,-2.92802758554027e-15,29419.95,29419.95,29419.95,29419.95,16.269694194372,16.269694194372,0.0337331692055155,0.0337331692055155,-4.2431501846256e-16,-4.2431501846256e-16
0.495,-9.76259908355229e-16,-1.44182394677468e-15,29419.95,29419.95,29419.95,29419.95,16.269694194372,16.269694194372,0.0337331692055155,0.0337331692055155,-4.29929596106671e-16,-4.29929596106671e-16
0.5,-9.82805933788158e-16,0.0436889144298629,30391.0542560543,30391.0542560543,29288.8832567104,29288.8832567104,16.269694194372,16.269694194372,0.0337331692055155,0.0337331692055155,-3.8367895261186e-16,-3.8367895261186e-16
0.505,0.000177661696787268,0.0220212421576224,30245.067904668,30245.067904668,29353.8862735271,29353.8862735271,16.3037695547375,16.3037695547375,0.0337836639136676,0.0337836639136676,0.0195115109093323,0.0195115109093323
0.51,0.000172976590857927,-0.0279432502298691,30141.8711871865,30141.8711871865,29503.7797506896,29503.7797506896,16.324693307399,16.324693307399,0.033920674925953,0.033920674925953,0.0344695343242803,0.0344695343242803
0.515,-0.000134990144067562,-0.097817375078393,30076.4444648181,30076.4444648181,29713.4021252352,29713.4021252352,16.3368927933631,16.3368927933631,0.0341196991119781,0.0341196991119781,0.0442453569199029,0.0442453569199029
0.52,-0.000823307431640484,-0.178559787484817,30043.3399728025,30043.3399728025,29955.6293624544,29955.6293624544,16.3440170476973,16.3440170476973,0.0343541055308494,0.0343541055308494,0.0486215462758668,0.0486215462758668
0.525,-0.00192369124600348,-0.26118934424551,30036.6240920785,30036.6240920785,30203.5180327365,30203.5180327365,16.3489504855847,16.3489504855847,0.034597230171524,0.034597230171524,0.047800129532623,0.047800129532623
0.53,-0.00342454412457774,-0.337470020912238,30049.9864570923,30049.9864570923,30432.3600627367,30432.3600627367,16.3538321565419,16.3538321565419,0.0348244078391497,0.0348244078391497,0.0423700967704709,0.0423700967704709
0.535,-0.00527621258456185,-0.400503725811194,30076.9702919796,30076.9702919796,30621.4611774336,30621.4611774336,16.3600906091863,16.3600906091863,0.0350147526865293,0.0350147526865293,0.0332406537021617,0.0332406537021617
0.54,-0.00739887260541816,-0.445181824931778,30111.2758161227,30111.2758161227,30755.4954747953,30755.4954747953,16.3685000032198,16.3685000032198,0.0351525373247254,0.0351525373247254,0.0215490174884239,0.0215490174884239
0.545,-0.00969224785471287,-0.468462753520267,30147.0893440156,30147.0893440156,30825.3382605608,30825.3382605608,16.3792590379855,16.3792590379855,0.0352280684726354,0.0352280684726354,0.00855301633541778,0.00855301633541778
0.55,-0.0120462470058981,-0.469461137426716,30179.3947550031,30179.3947550031,30828.3334122801,30828.3334122801,16.3920907476234,16.3920907476234,0.0352380100442443,0.0352380100442443,-0.00448075164767569,-0.00448075164767569
0.555,-0.0143515787962254,-0.44935174416408,30204.2309880873,30204.2309880873,30768.0052324922,30768.0052324922,16.4063583809337,16.4063583809337,0.0351851575967112,0.0351851575967112,-0.0163829017077362,-0.0163829017077362
0.56,-0.016509461598227,-0.411107804241461,30218.8684930756,30218.8684930756,30653.2734127244,30653.2734127244,16.4211905312761,16.4211905312761,0.0350777166180684,0.0350777166180684,-0.026172390147179,-0.026172390147179
0.565,-0.0184396766163506,-0.359106535351015,30221.8882841187,30221.8882841187,30497.269606053,30497.269606053,16.4356074688121,16.4356074688121,0.0349281774338532,0.0349281774338532,-0.0331257615056636,-0.0331257615056636
0.57,-0.0200864033862198,-0.298644136509585,30213.1583949134,30213.1583949134,30315.8824095288,30315.8824095288,16.4486402848747,16.4486402848747,0.0347519086966632,0.0347519086966632,-0.0368199171135084,-0.0368199171135084
0.575,-0.0214215021059806,-0.235407594941391,30193.7131109972,30193.7131109972,30126.1727848242,30126.1727848242,16.4594349649557,16.4594349649557,0.0345656078756138,0.0345656078756138,-0.0371464453548192,-0.0371464453548192
0.58,-0.0224451472619403,-0.174951226708367,30165.5494349791,30165.5494349791,29944.8036801251,29944.8036801251,16.4673347915956,16.4673347915956,0.0343857503380928,0.0343857503380928,-0.034298163425952,-0.034298163425952
0.585,-0.0231839494744423,-0.122222286223898,30131.3621608557,30131.3621608557,29786.6168586717,29786.6168586717,16.4719363909347,16.4719363909347,0.0342271693753389,0.0342271693753389,-0.0287308866977924,-0.0287308866977924
0.59,-0.0236869072382592,-0.0811727593284265,30094.24321501,30094.24321501,29663.4682779853,29663.4682779853,16.4731170745932,16.4731170745932,0.0341018793195586,0.0341018793195586,-0.0211053728142348,-0.0211053728142348
0.595,-0.0240196921837037,-0.0544845759354114,30057.372503446,30057.372503446,29583.4037278062,29583.4037278062,16.4710336278322,16.4710336278322,0.034018225545768,0.034018225545768,-0.0122157626294527,-0.0122157626294527
0.6,-0.0242578790410549,-0.0434238879898986,30023.7264697176,30023.7264697176,29550.2216639697,29550.2216639697,16.4660950948577,16.4660950948577,0.0339804113911848,0.0339804113911848,-0.00291157274362029,-0.00291157274362029
0.605,-0.0244797795166286,-0.0478279262113805,29995.8273125684,29995.8273125684,29563.4337786341,29563.4337786341,16.458914159454,16.458914159454,0.0339884163033112,0.0339884163033112,0.0059796261048122,0.0059796261048122
0.61,-0.0247595272217576,-0.0662163252225647,29975.5508104426,29975.5508104426,29618.5989756677,29618.5989756677,16.4502432218269,16.4502432218269,0.0340382849609955,0.0340382849609955,0.0137222525678383,0.0137222525678383
0.615,-0.0251609942436357,-0.0960086671237211,29964.0045580624,29964.0045580624,29707.9760013712,29707.9760013712,16.440902117149,16.440902117149,0.0341227366306935,0.0341227366306935,0.0197299577952214,0.0197299577952214
0.62,-0.0257330078206738,-0.13382210849168,29961.481724069,29961.481724069,29821.416325475,29821.416325475,16.431704574339,16.431704574339,0.0342320199600981,0.0342320199600981,0.0236060223787655,0.0236060223787655
0.625,-0.026506190947086,-0.175817858313011,29967.4887857701,29967.4887857701,29947.403574939,29947.403574939,16.4233900252431,16.4233900252431,0.0343549224310963,0.0343549224310963,0.0251645872639302,0.0251645872639302
0.63,-0.0274915881508979,-0.218063216370274,29980.8396126373,29980.8396126373,30074.1396491108,30074.1396491108,16.4165663532042,16.4165663532042,0.034479836625791,0.034479836625791,0.0244322095194869,0.0244322095194869
0.635,-0.0286810724535676,-0.256876827476175,29999.8032027596,29999.8032027596,30190.5804824285,30190.5804824285,16.4116677642715,16.4116677642715,0.0345957872871225,0.0345957872871225,0.0216309667351474,0.0216309667351474
0.64,-0.0300493758112487,-0.28912849874661,30022.2886781807,30022.2886781807,30287.3354962398,30287.3354962398,16.4089303296086,16.4089303296086,0.0346933331982522,0.0346933331982522,0.0171458451003038,0.0171458451003038
0.645,-0.0315574562184513,-0.312470831405984,30046.0490554068,30046.0490554068,30357.3624942179,30357.3624942179,16.4083860494435,16.4083860494435,0.0347652746579108,0.0347652746579108,0.01148031395519,0.01148031395519
0.65,-0.0331568189592423,-0.325487377023705,30068.8849005695,30068.8849005695,30396.4121310711,30396.4121310711,16.4098746623869,16.4098746623869,0.0348071188924455,0.0348071188924455,0.00520474191891432,0.00520474191891432
0.655,-0.034794353576898,-0.32775030128635,30088.8302258023,30088.8302258023,30403.200903859,30403.200903859,16.4130709881278,16.4130709881278,0.0348172799645426,0.0348172799645426,-0.00109739511848539,-0.00109739511848539
0.66,-0.0364172339326616,-0.319788836782639,30104.3056818466,30104.3056818466,30379.3165103479,30379.3165103479,16.4175244402895,16.4175244402895,0.0347970142825344,0.0347970142825344,-0.00688071749125134,-0.00688071749125134
0.665,-0.0379774545951094,-0.302977416727307,30114.2279413232,30114.2279413232,30328.8822501819,30328.8822501819,16.4227065456413,16.4227065456413,0.0347501155569139,0.0347501155569139,-0.0116823181084084,-0.0116823181084084
0.67,-0.0394356376721781,-0.279358693948488,30118.0687387505,30118.0687387505,30258.0260818455,30258.0260818455,16.4280618959199,16.4280618959199,0.0346824121506523,0.0346824121506523,-0.0151559577597347,-0.0151559577597347
0.675,-0.0407638324485768,-0.251421205424105,30115.8618815591,30115.8618815591,30174.2136162723,30174.2136162723,16.4330579528339,16.4330579528339,0.0346011238203233,0.0346011238203233,-0.0170938376637662,-0.0170938376637662
0.68,-0.041947136166061,-0.221853990833231,30108.1612161615,30108.1612161615,30085.5119724997,30085.5119724997,16.4372295047313,16.4372295047313,0.0345141430413117,0.0345141430413117,-0.0174349341636833,-0.0174349341636833
0.685,-0.0429840778131772,-0.193300893089189,30095.9566031906,30095.9566031906,29999.8526792676,29999.8526792676,16.4402142950074,16.4402142950074,0.0344293080323548,0.0344293080323548,-0.0162601083749103,-0.0162601083749103
0.69,-0.043885817371869,-0.168135749915821,30080.558125793,30080.558125793,29924.3572497475,29924.3572497475,16.4417773196451,16.4417773196451,0.0343537307442268,0.0343537307442268,-0.0137753279647025,-0.0137753279647025
0.695,-0.0446743114590767,-0.14827639198592,30063.4607744871,30063.4607744871,29864.7791759578,29864.7791759578,16.4418224417695,16.4418224417695,0.03429323388648,0.03429323388648,-0.0102852681787081,-0.0102852681787081
0.7,-0.0453796748483997,-0.135050797528148,30046.2026636728,30046.2026636728,29825.1023925844,29825.1023925844,16.4403911676229,16.4403911676229,0.0342519379803385,0.0342519379803385,-0.00616022996732076,-0.00616022996732076
0.705,-0.046037020891579,-0.129123338216479,30030.2294530123,30030.2294530123,29807.3200146494,29807.3200146494,16.4376495681973,16.4376495681973,0.0342320236700404,0.0342320236700404,-0.00179968643710923,-0.00179968643710923
0.71,-0.0466830891769237,-0.130483324078458,30016.7761966672,30016.7761966672,29811.3999722354,29811.3999722354,16.433865306926,16.433865306926,0.0342336776760589,0.0342336776760589,0.00240416959037455,0.00240416959037455
0.715,-0.0473529658371083,-0.138492537942245,30006.7755458524,30006.7755458524,29835.4276138267,29835.4276138267,16.4293774664466,16.4293774664466,0.0342552143807489,0.0342552143807489,0.00609973581991453,0.00609973581991453
0.72,-0.0480771728953947,-0.151983591903085,30000.7983411869,30000.7983411869,29875.9007757093,29875.9007757093,16.4245623070228,16.4245623070228,0.0342933504463643,0.0342933504463643,0.00900351354408737,0.00900351354408737
0.725,-0.0488793520796883,-0.169397123227939,29999.0294382265,29999.0294382265,29928.1413696838,29928.1413696838,16.4197982157087,16.4197982157087,0.034343598240559,0.034343598240559,0.010919851137584,0.010919851137584
0.73,-0.0497747018664558,-0.18894331500181,30001.2784048524,30001.2784048524,29986.7799450054,29986.7799450054,16.4154329378198,16.4154329378198,0.0344007359341634,0.0344007359341634,0.0117517497746752,0.0117517497746752
0.735,-0.0507692504117085,-0.208772142462859,30007.0217741534,30007.0217741534,30046.2664273886,30046.2664273886,16.4117557524986,16.4117557524986,0.0344593084661675,0.0344593084661675,0.0115024160718916,0.0115024160718916
0.74,-0.0518599694982361,-0.227137049423103,30015.4710651749,30015.4710651749,30101.3611482693,30101.3611482693,16.4089766358257,16.4089766358257,0.0345141140108466,0.0345141140108466,0.0102680644513986,0.0102680644513986
0.745,-0.0530356614285628,-0.242538398457648,30025.6589634489,30025.6589634489,30147.5651953729,30147.5651953729,16.4072137012062,16.4072137012062,0.034560635011752,0.034560635011752,0.0082231954194375,0.0082231954194375
0.75,-0.0542784891109971,-0.253835717870043,30036.5350107514,30036.5350107514,30181.4571536101,30181.4571536101,16.4064894095727,16.4064894095727,0.0345953804318913,0.0345953804318913,0.00560013824810505,0.00560013824810505
0.755,-0.055565972859584,-0.260321217473949,30047.0619058956,30047.0619058956,30200.9136524218,30200.9136524218,16.4067352588649,16.4067352588649,0.034616115827282,0.034616115827282,0.00266502053970839,0.00266502053970839
0.76,-0.0568732495359733,-0.261750914472307,30056.3040692401,30056.3040692401,30205.2027434169,30205.2027434169,16.4078039623596,16.4078039623596,0.0346219691682987,0.0346219691682987,-0.000307516010679885,-0.000307516010679885
0.765,-0.0581753810487182,-0.25833361355405,30063.5013456323,30063.5013456323,30194.9508406621,30194.9508406621,16.4094875577573,16.4094875577573,0.0346134118652866,0.0346134118652866,-0.00305858528447342,-0.00305858528447342
0.77,-0.0594495097516673,-0.250681608704953,30068.1224918501,30068.1224918501,30171.9948261149,30171.9948261149,16.411539490143,16.411539490143,0.0345921252718596,0.0345921252718596,-0.00536628906545546,-0.00536628906545546
0.775,-0.0606766855112395,-0.239730003950147,30069.8952103997,30069.8952103997,30139.1400118504,30139.1400118504,16.4136985049261,16.4136985049261,0.0345607720940158,0.0345607720940158,-0.00706229170549004,-0.00706229170549004
0.78,-0.0618432295884057,-0.226633780172582,30068.8117470092,30068.8117470092,30099.8513405177,30099.8513405177,16.415712174863,16.415712174863,0.034522698992505,0.034522698992505,-0.00804263037066345,-0.00804263037066345
0.785,-0.062941549760889,-0.212653027272398,30065.1112602329,30065.1112602329,30057.9090818172,30057.9090818172,16.4173580592923,16.4173580592923,0.0344816007946537,0.0344816007946537,-0.00827222820501453,-0.00827222820501453
0.79,-0.0639703744381682,-0.199037029615247,30059.2420937575,30059.2420937575,30017.0610888457,30017.0610888457,16.4184608339527,16.4184608339527,0.0344411778468483,0.0344411778468483,-0.00778315732973445,-0.00778315732973445
0.795,-0.0649344255404245,-0.186917320137687,30051.8086211895,30051.8086211895,29980.7019604131,29980.7019604131,16.4189041763353,16.4189041763353,0.0344048166488514,0.0344048166488514,-0.00666723317663561,-0.00666723317663561
0.8,-0.065843597376979,-0.177218255709049,30043.5083196128,30043.5083196128,29951.6047671271,29951.6047671271,16.4186367421153,16.4186367421153,0.0343753195547985,0.0343753195547985,-0.00506397127474569,-0.00506397127474569
0.805,-0.0667117462594512,-0.170591638938604,30035.0651877667,30035.0651877667,29931.7249168158,29931.7249168158,16.417672113257,16.417672113257,0.034354703530879,0.034354703530879,-0.00314526383528445,-0.00314526383528445
0.81,-0.0675552221706832,-0.167379353255559,30027.1655033711,30027.1655033711,29922.0880597667,29922.0880597667,16.4160831377464,16.4160831377464,0.0343440805240773,0.0343440805240773,-0.00109832387241382,-0.00109832387241382
0.815,-0.0683912868964721,-0.1676052978068,30020.4012902328,30020.4012902328,29922.7658934204,29922.7658934204,16.413991538834,16.413991538834,0.0343436241187166,0.0343436241187166,0.000891513486893376,0.000891513486893376
0.82,-0.0692365627986568,-0.170995294867659,30015.2258234311,30015.2258234311,29932.935884603,29932.935884603,16.411554022129,16.411554022129,0.0343526193981373,0.0343526193981373,0.00265664059160418,0.00265664059160418
0.825,-0.0701056439082689,-0.177021322367249,30011.9241664011,30011.9241664011,29951.0139671017,29951.0139671017,16.4089463279346,16.4089463279346,0.0343695859685568,0.0343695859685568,0.00406040388991938,0.00406040388991938
0.83,-0.0710099778561553,-0.184964577642536,30010.6002314595,30010.6002314595,29974.8437329276,29974.8437329276,16.4063467516877,16.4063467516877,0.0343924584842925,0.0343924584842925,0.00500674842525509,0.00500674842525509
0.835,-0.0719570963242723,-0.193990635925462,30011.1803347923,30011.1803347923,30001.9219077764,30001.9219077764,16.4039205927727,16.4039205927727,0.0344188051423897,0.0344188051423897,0.00544569579931288,0.00544569579931288
0.84,-0.0729502363175227,-0.203229384611693,30013.4318024084,30013.4318024084,30029.6381538351,30029.6381538351,16.4018068082669,16.4018068082669,0.0344460626757762,0.0344460626757762,0.0053744706120636,0.0053744706120636
0.845,-0.073988357919804,-0.211852517723918,30016.9939934762,30016.9939934762,30055.5075531717,30055.5075531717,16.4001078655155,16.4001078655155,0.0344717664630676,0.0344717664630676,0.00483447828077758,0.00483447828077758
0.85,-0.0750665295827891,-0.219142063037165,30021.4182109709,30021.4182109709,30077.3761891115,30077.3761891115,16.398883444055,16.398883444055,0.0344937562093821,0.0344937562093821,0.00390468215309451,0.00390468215309451
0.855,-0.0761766223492155,-0.224544666391518,30026.2124580502,30026.2124580502,30093.5839991745,30093.5839991745,16.3981482575957,16.3981482575957,0.03451034119215,0.03451034119215,0.00269219913232551,0.00269219913232551
0.86,-0.0773082317940033,-0.227707927055994,30030.8868460977,30030.8868460977,30103.073781168,30103.073781168,16.3978738975512,16.3978738975512,0.0345204135889816,0.0345204135889816,0.00132111755581633,0.00132111755581633
0.865,-0.0784497324494393,-0.22849689458126,30034.9956946951,30034.9956946951,30105.4406837438,30105.4406837438,16.3979942604886,16.3979942604886,0.0345235037127211,0.0345235037127211,-7.93754868399075e-05,-7.93754868399075e-05
0.87,-0.0795893646364011,-0.226990675597379,30038.1729176549,30038.1729176549,30100.9220267921,30100.9220267921,16.3984138457384,16.3984138457384,0.0345197764051786,0.0345197764051786,-0.00138648569331531,-0.00138648569331531
0.875,-0.0807162577520355,-0.223460818318877,30040.1581022111,30040.1581022111,30090.3324549566,30090.3324549566,16.3990180124922,16.3990180124922,0.0345099729685309,0.0345099729685309,-0.0024939573595655,-0.0024939573595655
0.88,-0.0818213061699932,-0.218334598799091,30040.8116705306,30040.8116705306,30074.9537963973,30074.9537963973,16.3996841796859,16.3996841796859,0.0344953074077602,0.0344953074077602,-0.00332009165317498,-0.00332009165317498
0.885,-0.0828978324425547,-0.212147415555549,30040.1185672926,30040.1185672926,30056.3922466666,30056.3922466666,16.4002929405859,16.4002929405859,0.0344773290810016,0.0344773290810016,-0.00381309331363004,-0.00381309331363004
0.89,-0.0839419952533701,-0.20548916475553,30038.1809514327,30038.1809514327,30036.4174942666,30036.4174942666,16.4007381378232,16.4007381378232,0.0344577659655991,0.0344577659655991,-0.00395346936765211,-0.00395346936765211
0.895,-0.0849529247678805,-0.19894959430553,30035.2012742613,30035.2012742613,30016.7987829166,30016.7987829166,16.400935107866,16.400935107866,0.0344383632720651,0.0344383632720651,-0.00375347733639486,-0.00375347733639486
0.9,-0.0859325922546616,-0.193067484455068,30031.4578869388,30031.4578869388,29999.1524533652,29999.1524533652,16.4008264977386,16.4008264977386,0.0344207318348574,0.0344207318348574,-0.00325387372758511,-0.00325387372758511
0.905,-0.0868854439107354,-0.188287709029657,30027.2757868971,30027.2757868971,29984.813127089,29984.813127089,16.4003853287422,16.4003853287422,0.0344062184908718,0.0344062184908718,-0.00251843093135665,-0.00251843093135665
0.91,-0.0878178465298866,-0.18492936886817,30022.9953697239,30022.9953697239,29974.7381066045,29974.7381066045,16.3996152253996,16.3996152253996,0.0343958082017196,0.0343958082017196,-0.00162684823871355,-0.00162684823871355
0.915,-0.0887374059070088,-0.183166970941503,30018.9420189549,30018.9420189549,29969.4509128245,29969.4509128245,16.3985479870123,16.3985479870123,0.0343900641392372,0.0343900641392372,-0.000666779766134486,-0.000666779766134486
0.92,-0.0896522255118083,-0.183025374213477,30015.3990954961,30015.3990954961,29969.0261226404,29969.0261226404,16.3972388951603,16.3972388951603,0.034389108275898,0.034389108275898,0.0002742727469278,0.0002742727469278
0.925,-0.0905701734823095,-0.184387987570503,30012.5864185104,30012.5864185104,29973.1139627115,29973.1139627115,16.3957603194629,16.3957603194629,0.034392641357156,0.034392641357156,0.0011164939015382,0.0011164939015382
0.93,-0.0914982205688301,-0.187016597017335,30010.6457108439,30010.6457108439,29980.999791052,29980.999791052,16.3941942922412,16.3941942922412,0.0343999978115913,0.0343999978115913,0.0017941053586767,0.0017941053586767
0.935,-0.0924419011825124,-0.190580310885936,30009.6337802473,30009.6337802473,29991.6909326578,29991.6909326578,16.3926247645168,16.3926247645168,0.0344102284555362,0.0344102284555362,0.00226006768664428,0.00226006768664428
0.94,-0.0934049355767136,-0.194690492535385,30009.5234892093,30009.5234892093,30004.0214776062,30004.0214776062,16.3911302348934,16.3911302348934,0.0344222019269163,0.0344222019269163,0.00248884127179526,0.00248884127179526
0.945,-0.0943890344939499,-0.198938265034893,30010.2118924616,30010.2118924616,30016.7647951047,30016.7647951047,16.3897773588557,16.3897773588557,0.0344347148379512,0.0344347148379512,0.00247710307216278,0.00247710307216278
0.95,-0.0953938906614155,-0.202931161310739,30011.5343459726,30011.5343459726,30028.7434839322,30028.7434839322,16.3886160240297,16.3886160240297,0.0344466005028937,0.0344466005028937,0.00224249757265741,0.00224249757265741
0.955,-0.0964173448245421,-0.20632583243839,30013.2829613093,30013.2829613093,30038.9274973152,30038.9274973152,16.3876762108021,16.3876762108021,0.0344568270044423,0.0344568270044423,0.00182066635968507,0.00182066635968507
0.96,-0.0974556999987474,-0.208854256899174,30015.2275139913,30015.2275139913,30046.5127706975,30046.5127706975,16.3869667861788,16.3869667861788,0.0344645768525604,0.0344645768525604,0.0012609311273245,0.0012609311273245
0.965,-0.098504146611048,-0.210341644811519,30017.13683671,30017.13683671,30050.9749344346,30050.9749344346,16.3864762000205,16.3864762000205,0.0344693026534586,0.0344693026534586,0.000621095153165849,0.000621095153165849
0.97,-0.0995572541599416,-0.210715064568714,30018.7988165308,30018.7988165308,30052.0951937061,30052.0951937061,16.3861748919955,16.3861748919955,0.0344707556381783,0.0344707556381783,-3.81269012864185e-05,-3.81269012864185e-05
0.975,-0.100609482458048,-0.210002691203205,30020.0373700961,30020.0373700961,30049.9580736096,30049.9580736096,16.3860190839756,16.3860190839756,0.0344689864727209,0.0344689864727209,-0.000658545499636461,-0.000658545499636461
0.98,-0.101655666986066,-0.208324387888234,30020.7251388736,30020.7251388736,30044.9231636647,30044.9231636647,16.3859555357431,16.3859555357431,0.0344643201906812,0.0344643201906812,-0.00118933905320694,-0.00118933905320694
0.985,-0.102691438289238,-0.205875034038177,30020.7911049795,30020.7911049795,30037.5751021145,30037.5751021145,16.3859267877202,16.3859267877202,0.0344573092052032,0.0344573092052032,-0.00159092650795501,-0.00159092650795501
0.99,-0.10371354386424,-0.202902535692513,30020.222821642,30020.222821642,30028.6576070775,30028.6576070775,16.3858764063223,16.3858764063223,0.0344486699577382,0.0344486699577382,-0.00183760329364658,-0.00183760329364658
0.995,-0.104720051450574,-0.199682788381938,30019.063438222,30019.063438222,30018.9983651458,30018.9983651458,16.3857537782687,16.3857537782687,0.0344392098162143,0.0344392098162143,-0.00191879833663247,-0.00191879833663247
1,-0.105710424495806,-0.1964939487274,30017.4041347365,30017.4041347365,30009.4318461822,30009.4318461822,16.38551807395,16.38551807395,0.0344297511611708,0.0344297511611708,-0.00183893968448339,-0.00183893968448339
1.005,-0.106685471979687,-0.193592298449471,30015.3729383279,30015.3729383279,30000.7268953484,30000.7268953484,16.3851410917782,16.3851410917782,0.0344210594509134,0.0344210594509134,-0.00161603562628215,-0.00161603562628215
1.01,-0.107647185760505,-0.191191658883235,30013.1211369537,30013.1211369537,29993.5249766497,29993.5249766497,16.3846088179551,16.3846088179551,0.0344137811556985,0.0344137811556985,-0.0012791835948206,-0.0012791835948206
1.015,-0.108598487137006,-0.189447888298204,30010.8086259287,30010.8086259287,29988.2936648946,29988.2936648946,16.3839216544619,16.3839216544619,0.0344083962378998,0.0344083962378998,-0.000865294711755945,-0.000865294711755945
1.02,-0.109542910815914,-0.188449450456462,30008.5895280279,30008.5895280279,29985.2983513694,29985.2983513694,16.3830933875627,16.3830933875627,0.0344051882795155,0.0344051882795155,-0.000415371371578155,-0.000415371371578155
1.025,-0.110484257790832,-0.188214444643064,30006.5993041606,30006.5993041606,29984.5933339292,29984.5933339292,16.3821490728627,16.3821490728627,0.0344042336026152,0.0344042336026152,2.93111755396657e-05,2.93111755396657e-05
1.03,-0.111426249307393,-0.18869390858784,30004.9443663796,30004.9443663796,29986.0317257635,29986.0317257635,16.3811220949004,16.3811220949004,0.0344054090143552,0.0344054090143552,0.000430782285905234,0.000430782285905234
1.035,-0.11237221156753,-0.189780675668782,30003.6949114512,30003.6949114512,29989.2920270063,29989.2920270063,16.3800507114877,16.3800507114877,0.034408416220061,0.034408416220061,0.000757421792507323,0.000757421792507323
1.04,-0.113324816329383,-0.191322638119634,30002.8813727385,30002.8813727385,29993.9179143589,29993.9179143589,16.3789744174728,16.3789744174728,0.034412819645877,0.034412819645877,0.000986247397218809,0.000986247397218809
1.045,-0.11428589583948,-0.193138971083345,30002.4945449471,30002.4945449471,29999.36691325,29999.36691325,16.3779304532346,16.3779304532346,0.0344180934913806,0.0344180934913806,0.00110429936499194,0.00110429936499194
1.05,-0.115256343001352,-0.195037698581821,30002.489114043,30002.489114043,30005.0630957455,30005.0630957455,16.3769507515982,16.3769507515982,0.0344236732720099,0.0344236732720099,0.00110906515688826,0.00110906515688826
1.055,-0.116236099292779,-0.196833037992202,30002.7900633706,30002.7900633706,30010.4491139766,30010.4491139766,16.3760595486284,16.3760595486284,0.0344290072260286,0.0344290072260286,0.00100797430530589,0.00100797430530589
1.06,-0.117224225768239,-0.198360971794418,30003.3011895376,30003.3011895376,30015.0329153832,30015.0329153832,16.3752718301931,16.3752718301931,0.0344336029542028,0.0344336029542028,0.000817070092709634,0.000817070092709634
1.065,-0.118219044895145,-0.19949189442339,30003.9148620722,30003.9148620722,30018.4256832702,30018.4256832702,16.3745926783917,16.3745926783917,0.0344370657996678,0.0344370657996678,0.000559031111480579,0.000559031111480579
1.07,-0.119218336350341,-0.200139407558884,30004.5220930785,30004.5220930785,30020.3682226767,30020.3682226767,16.3740175187418,16.3740175187418,0.0344391261172478,0.0344391261172478,0.000260756946440003,0.000260756946440003
1.075,-0.120219566063664,-0.200264782714521,30005.0220281765,30005.0220281765,30020.7443481436,30020.7443481436,16.3735331822958,16.3735331822958,0.0344396538809819,0.0344396538809819,-4.92430298428419e-05,-4.92430298428419e-05
1.08,-0.121220126477594,-0.199877005458727,30005.3300806329,30005.3300806329,30019.5810163762,30019.5810163762,16.3731196350044,16.3731196350044,0.0344386602445337,0.0344386602445337,-0.000343419138962025,-0.000343419138962025
1.085,-0.12221756655211,-0.19902870213448,30005.3841012449,30005.3841012449,30017.0361064034,30017.0361064034,16.3727521794715,16.3727521794715,0.0344362868197367,0.0344362868197367,-0.000597490673339678,-0.000597490673339678
1.09,-0.123209792357619,-0.197808585140126,30005.1481864234,30005.1481864234,30013.3757554204,30013.3757554204,16.3724039064823,16.3724039064823,0.0344327844471644,0.0344327844471644,-0.000792313480853132,-0.000792313480853132
1.095,-0.124195223012905,-0.196331308738026,30004.6139598213,30004.6139598213,30008.9439262141,30008.9439262141,16.3720481679342,16.3720481679342,0.0344284840154323,0.0344284840154323,-0.000915175568653366,-0.000915175568653366
1.1,-0.125172891596227,-0.194725792294038,30003.7993924064,30003.7993924064,30004.1273768821,30004.1273768821,16.3716608559893,16.3716608559893,0.0344237624044586,0.0344237624044586,-0.000960448535900774,-0.000960448535900774
1.105,-0.126142486181624,-0.193123111753253,30002.7454299065,30002.7454299065,29999.3193352598,29999.3193352598,16.3712223072446,16.3712223072446,0.0344190067910771,0.0344190067910771,-0.000929583289224458,-0.000929583289224458
1.11,-0.127104331499144,-0.191645055838056,30001.5108755794,30001.5108755794,29994.8851675142,29994.8851675142,16.3707186898402,16.3707186898402,0.0344145805743793,0.0344145805743793,-0.000830495478337026,-0.000830495478337026
1.115,-0.128059317010807,-0.190394261695688,30000.1660836478,30000.1660836478,29991.1327850871,29991.1327850871,16.370142793774,16.370142793774,0.0344107936701809,0.0344107936701809,-0.000676436008605234,-0.000676436008605234
1.12,-0.129008781253297,-0.189446691105908,29998.7860954213,29998.7860954213,29988.2900733177,29988.2900733177,16.3694941944424,16.3694941944424,0.0344078794922134,0.0344078794922134,-0.000484479749506429,-0.000484479749506429
1.125,-0.129954365452131,-0.188846924108954,29997.4438448359,29997.4438448359,29986.4907723269,29986.4907723269,16.368778820009,16.368778820009,0.0344059801127268,0.0344059801127268,-0.000273788866149505,-0.000273788866149505
1.13,-0.130897851156971,-0.188606484529762,29996.20401586,29996.20401586,29985.7694535893,29985.7694535893,16.3680080007139,16.3680080007139,0.0344051403268082,0.0344051403268082,-6.38162548639817e-05,-6.38162548639817e-05
1.135,-0.13184099700228,-0.188705131496987,29995.1180359313,29995.1180359313,29986.065394491,29986.065394491,16.3671971180704,16.3671971180704,0.0344053105146558,0.0344053105146558,0.000127391899127049,0.000127391899127049
1.14,-0.132785388727681,-0.189094800629308,29994.2205584121,29994.2205584121,29987.2344018879,29987.2344018879,16.3663639981497,16.3663639981497,0.0344063574470103,0.0344063574470103,0.000284654944591096,0.000284654944591096
1.145,-0.133732314473151,-0.189705672081935,29993.5276343786,29993.5276343786,29989.0670162458,29989.0670162458,16.3655272052325,16.3655272052325,0.0344080815535051,0.0344080815535051,0.000396768668991418,0.000396768668991418
1.15,-0.134682674365359,-0.190453694550787,29993.0366146572,29993.0366146572,29991.3110836524,29991.3110836524,16.3647043900529,16.3647043900529,0.0344102387163105,0.0344102387163105,0.000457196451518043,0.000457196451518043
1.155,-0.135636929792378,-0.191248816604315,29992.7276703243,29992.7276703243,29993.6964498129,29993.6964498129,16.3639108309737,16.3639108309737,0.0344125643992255,0.0344125643992255,0.000464310354177126,0.000464310354177126
1.16,-0.136595094033182,-0.192003165711174,29992.5666896104,29992.5666896104,29995.9594971335,29995.9594971335,16.3631582808977,16.3631582808977,0.0344147978675255,0.0344147978675255,0.000421192119398476,0.000421192119398476
1.165,-0.13755676217141,-0.192638478032891,29992.5092075712,29992.5092075712,29997.8654340987,29997.8654340987,16.3624541973742,16.3624541973742,0.0344167044177439,0.0344167044177439,0.000335041692433506,0.000335041692433506
1.17,-0.138521175000915,-0.193092177760458,29992.5049536296,29992.5049536296,29999.2265332814,29999.2265332814,16.3618013973934,16.3618013973934,0.0344180938014669,0.0344180938014669,0.00021627182586188,0.00021627182586188
1.175,-0.139487309052853,-0.193321690959081,29992.5025881089,29992.5025881089,29999.9150728772,29999.9150728772,16.3611981350538,16.3611981350538,0.0344188335644866,0.0344188335644866,7.73880669074799e-05,7.73880669074799e-05
1.18,-0.14045398319622,-0.193306733272001,29992.4542027749,29992.4542027749,29999.870199816,29999.870199816,16.360638567723,16.360638567723,0.034418856470902,0.034418856470902,-6.82342838268266e-05,-6.82342838268266e-05
1.185,-0.141419971458848,-0.193049517864373,29992.3192144967,29992.3192144967,29999.0985535931,29999.0985535931,16.3601135430579,16.3601135430579,0.0344181617914342,0.0344181617914342,-0.000207563623753457,-0.000207563623753457
1.19,-0.142384111915269,-0.192573009109006,29992.0673582091,29992.0673582091,29997.669027327,29997.669027327,16.3596116169438,16.3596116169438,0.0344168107680475,0.0344168107680475,-0.000329011975154684,-0.000329011975154684
1.195,-0.143345402522603,-0.191917507666578,29991.6805832417,29991.6805832417,29995.7025229997,29995.7025229997,16.35912019864,16.35912019864,0.0344149170484543,0.0344149170484543,-0.000423334372004993,-0.000423334372004993
1.2,-0.144303076540618,-0.191135977474759,29991.1537654547,29991.1537654547,29993.3579324243,29993.3579324243,16.3586267155089,16.3586267155089,0.0344126332651175,0.0344126332651175,-0.000484264017443104,-0.000484264017443104
1.205,-0.145256652467377,-0.190288601200094,29990.4942550862,29990.4942550862,29990.8158036003,29990.8158036003,16.3581196961725,16.3581196961725,0.0344101351727066,0.0344101351727066,-0.00050884683704822,-0.00050884683704822
1.21,-0.146205955892312,-0.189437095732923,29989.7203814126,29989.7203814126,29988.2612871988,29988.2612871988,16.3575896827801,16.3575896827801,0.0344076049062982,0.0344076049062982,-0.000497467104732954,-0.000497467104732954
1.215,-0.147151113389626,-0.188639279186875,29988.85911152,29988.85911152,29985.8678375606,29985.8678375606,16.3570299080306,16.3570299080306,0.0344052148197287,0.0344052148197287,-0.000453583432826195,-0.000453583432826195
1.22,-0.148092520867945,-0.187944359205478,29987.9431294535,29987.9431294535,29983.7830776164,29983.7830776164,16.3564366920188,16.3564366920188,0.0344031133128591,0.0344031133128591,-0.000383218133604042,-0.000383218133604042
1.225,-0.149030790876863,-0.187389283048336,29987.007621617,29987.007621617,29982.117849145,29982.117849145,16.3558095461994,16.3558095461994,0.0344014136850585,0.0344014136850585,-0.000294260509304184,-0.000294260509304184
1.23,-0.149966684892113,-0.186996400205653,29986.0870704122,29986.0870704122,29980.939200617,29980.939200617,16.355150994667,16.355150994667,0.0344001867949577,0.0344001867949577,-0.000195657603459981,-0.000195657603459981
1.235,-0.15090103743257,-0.186772544298918,29985.2123295957,29985.2123295957,29980.2676328968,29980.2676328968,16.3544661480782,16.3544661480782,0.0343994578840989,0.0343994578840989,-9.65695659225983e-05,-9.65695659225983e-05
1.24,-0.151834679125156,-0.186709516570952,29984.4082147997,29984.4082147997,29980.0785497129,29980.0785497129,16.3537620839657,16.3537620839657,0.0343992075542878,0.0343992075542878,-5.56504181557485e-06,-5.56504181557485e-06
1.245,-0.152768365426649,-0.186785832077312,29983.691781291,29983.691781291,29980.3074962319,29980.3074962319,16.3530471003433,16.3530471003433,0.0343993765263328,0.0343993765263328,7.00767884780279e-05,7.00767884780279e-05
1.25,-0.15370271674583,-0.186969491495889,29983.0713898467,29983.0713898467,29980.8584744877,29980.8584744877,16.3523299155507,16.3523299155507,0.0343998735106659,0.0343998735106659,0.000124904802889473,0.000124904802889473
1.255,-0.154638174377916,-0.187221466329968,29982.5465871406,29982.5465871406,29981.6143989899,29981.6143989899,16.351618887635,16.351618887635,0.0344005852894002,0.0344005852894002,0.000155639428643109,0.000155639428643109
1.26,-0.155574974894041,-0.187499551478184,29982.1087539948,29982.1087539948,29982.4486544345,29982.4486544345,16.3509213182623,16.3509213182623,0.0344013879985263,0.0344013879985263,0.000161305440533623,0.000161305440533623
1.265,-0.156513143972985,-0.187762223598399,29981.742412826,29981.742412826,29983.2366707952,29983.2366707952,16.3502428962495,16.3502428962495,0.034402158542964,0.034402158542964,0.000143156740861309,0.000143156740861309
1.27,-0.157452508857663,-0.187972173716021,29981.4270364388,29981.4270364388,29983.8665211481,29983.8665211481,16.3495873187876,16.3495873187876,0.0344027851555568,0.0344027851555568,0.000104413986582151,0.000104413986582151
1.275,-0.158392727041305,-0.188099234884214,29981.1391675811,29981.1391675811,29984.2477046526,29984.2477046526,16.3489561100895,16.3489561100895,0.0344031762571107,0.0344031762571107,4.98508765829945e-05,4.98508765829945e-05
1.28,-0.159333327608978,-0.188122487558363,29980.8546431131,29980.8546431131,29984.3174626751,29984.3174626751,16.3483486404809,16.3483486404809,0.0344032669511487,0.0344032669511487,-1.47247454761501e-05,-1.47247454761501e-05
1.285,-0.160273760796839,-0.188031425091717,29980.5507266479,29980.5507266479,29984.0442752751,29984.0442752751,16.3477623294952,16.3477623294952,0.0344030227779636,0.0344030227779636,-8.30432391540398e-05,-8.30432391540398e-05
1.29,-0.161213450933457,-0.187826139533941,29980.2079706061,29980.2079706061,29983.4284186018,29983.4284186018,16.3471930033492,16.3471930033492,0.0344024405810177,0.0344024405810177,-0.000148945822887668,-0.000148945822887668
1.295,-0.162151847938267,-0.187516580531095,29979.8116653659,29979.8116653659,29982.4997415933,29982.4997415933,16.3466353649717,16.3466353649717,0.034401546613695,0.034401546613695,-0.000206907897080624,-0.000206907897080624
1.3,-0.163088473051406,-0.187121016359021,29979.35278001,29979.35278001,29981.3130490771,29981.3130490771,16.346083528251,16.346083528251,0.034400392243642,0.034400392243642,-0.000252471519601369,-0.000252471519601369
1.305,-0.164022955282574,-0.18666388201405,29978.8283486116,29978.8283486116,29979.9416460421,29979.9416460421,16.3455315666207,16.3455315666207,0.0343990477826615,0.0343990477826615,-0.00028255625691533,-0.00028255625691533
1.31,-0.164955055994142,-0.186173247262307,29978.2413062091,29978.2413062091,29978.4697417869,29978.4697417869,16.3449740264301,16.3449740264301,0.0343975951180426,0.0343975951180426,-0.000295629304689928,-0.000295629304689928
1.315,-0.165884680407214,-0.185678147296085,29977.5998288675,29977.5998288675,29976.9844418883,29976.9844418883,16.3444063641631,16.3444063641631,0.0343961198583079,0.0343961198583079,-0.000291730808228363,-0.000291730808228363
1.32,-0.166811875937531,-0.185206003292717,29976.9162639855,29976.9162639855,29975.5680098781,29975.5680098781,16.3438252766743,16.3438252766743,0.0343947036674456,0.0343947036674456,-0.000272361703483353,-0.000272361703483353
1.325,-0.167736818288452,-0.184780379484183,29976.2057790754,29976.2057790754,29974.2911384525,29974.2911384525,16.3432288984128,16.3432288984128,0.034393417525084,0.034393417525084,-0.000240253011441847,-0.000240253011441847
1.33,-0.168659787543099,-0.184419213438329,29975.4848584978,29975.4848584978,29973.207640315,29973.207640315,16.342616863676,16.342616863676,0.0343923163316784,0.0343923163316784,-0.000199045551802273,-0.000199045551802273
1.335,-0.169581136850142,-0.184133658301165,29974.7697903387,29974.7697903387,29972.3509749035,29972.3509749035,16.3419902342126,16.3419902342126,0.0343914352859594,0.0343914352859594,-0.000152912882901086,-0.000152912882901086
1.34,-0.170501257003776,-0.183927591098974,29974.0752762168,29974.0752762168,29971.7327732969,29971.7327732969,16.3413513088223,16.3413513088223,0.0343907882148421,0.0343907882148421,-0.000106164725085004,-0.000106164725085004
1.345,-0.17142054021217,-0.183797781005445,29973.4132729473,29973.4132729473,29971.3433430163,29971.3433430163,16.3407033395413,16.3407033395413,0.0343903678573069,0.0343903678573069,-6.28658555312513e-05,-6.28658555312513e-05
1.35,-0.17233934624625,-0.183734659943023,29972.7921512804,29972.7921512804,29971.1539798291,29971.1539798291,16.3400501851024,16.3400501851024,0.0343901479501867,0.0343901479501867,-2.65024825616788e-05,-2.65024825616788e-05
1.355,-0.173257973747381,-0.183723585200945,29972.2162222695,29972.2162222695,29971.1207556028,29971.1207556028,16.3393959363631,16.3393959363631,0.034390086804968,0.034390086804968,2.78237544218733e-07,2.78237544218733e-07
1.36,-0.174176638764426,-0.183746453562652,29971.6856460413,29971.6856460413,29971.189360688,29971.189360688,16.3387445472848,16.3387445472848,0.0343901319708897,0.0343901319708897,1.58385511606092e-05,1.58385511606092e-05
1.365,-0.175095461910755,-0.183783501709784,29971.1967050539,29971.1967050539,29971.3005051293,29971.3005051293,16.3380995034183,16.3380995034183,0.0343902255021984,0.0343902255021984,1.96215068821126e-05,1.96215068821126e-05
1.37,-0.176014464640166,-0.183815124568784,29970.742392583,29970.742392583,29971.3953737063,29971.3953737063,16.3374635538221,16.3374635538221,0.0343903093329078,0.0343903093329078,1.21242296752173e-05,1.21242296752173e-05
1.375,-0.176933574325019,-0.183823555715815,29970.3132445023,29970.3132445023,29971.4206671474,29971.4206671474,16.3368385248019,16.3368385248019,0.0343903302945073,0.0343903302945073,-5.21784207285471e-06,-5.21784207285471e-06
1.38,-0.177852637099848,-0.183794271540127,29969.8983250003,29969.8983250003,29971.3328146204,29971.3328146204,16.3362252263288,16.3362252263288,0.0343902443599759,0.0343902443599759,-3.0219615295326e-05,-3.0219615295326e-05
1.385,-0.178771436820421,-0.183717019783517,29969.4862714293,29969.4862714293,29971.1010593505,29971.1010593505,16.3356234524085,16.3356234524085,0.0343900198093133,0.0343900198093133,-6.01866235232983e-05,-6.01866235232983e-05
1.39,-0.179689718085084,-0.183586408164496,29969.0663036417,29969.0663036417,29970.7092244935,29970.7092244935,16.3350320691107,16.3350320691107,0.0343896391135555,0.0343896391135555,-9.21826325687667e-05,-9.21826325687667e-05
1.395,-0.180607211033366,-0.183402032995158,29968.6291126911,29968.6291126911,29970.1560989855,29970.1560989855,16.3344491764357,16.3344491764357,0.0343890994640469,0.0343890994640469,-0.000123299411401186,-0.000123299411401186
1.4,-0.181523655710731,-0.183168169098926,29968.167562534,29968.167562534,29969.4545072968,29969.4545072968,16.3338723252368,16.3338723252368,0.034388411997057,0.034388411997057,-0.000150905813388061,-0.000150905813388061
1.405,-0.182438823845725,-0.182893077960609,29967.6771542983,29967.6771542983,29968.6292338818,29968.6292338818,16.3332987661097,16.3332987661097,0.0343875998699035,0.0343875998699035,-0.000172855230250962,-0.000172855230250962
1.41,-0.183352536439725,-0.182588018982487,29967.1562323859,29967.1562323859,29967.7140569475,29967.7140569475,16.332725707449,16.332725707449,0.034386695430972,0.034386695430972,-0.000187637424219123,-0.000187637424219123
1.415,-0.184264675854494,-0.182266071510037,29966.6059302628,29966.6059302628,29966.7482145301,29966.7482145301,16.3321505589065,16.3321505589065,0.0343857367953593,0.0343857367953593,-0.000194464624444174,-0.000194464624444174
1.42,-0.185175191785181,-0.181940881525478,29966.0298799811,29966.0298799811,29965.7726445764,29965.7726445764,16.3315711407268,16.3315711407268,0.0343847641605507,0.0343847641605507,-0.000193289509716845,-0.000193289509716845
1.425,-0.186084101019609,-0.18162544497789,29965.4337260685,29965.4337260685,29964.8263349337,29964.8263349337,16.3309858433921,16.3309858433921,0.0343838161938688,0.0343838161938688,-0.000184758114875182,-0.000184758114875182
1.43,-0.186991481417511,-0.181331032461528,29964.824499576,29964.824499576,29963.9430973846,29963.9430973846,16.3303937268181,16.3303937268181,0.0343829268050612,0.0343829268050612,-0.00017010612752802,-0.00017010612752802
1.435,-0.187897461049354,-0.181066336820724,29964.2099160937,29964.2099160937,29963.1490104622,29963.1490104622,16.3297945550588,16.3297945550588,0.0343821225517453,0.0343821225517453,-0.000151011603899601,-0.000151011603899601
1.44,-0.188802203745839,-0.18083690134184,29963.5976626704,29963.5976626704,29962.4607040255,29962.4607040255,16.3291887679008,16.3291887679008,0.0343814208562908,0.0343814208562908,-0.000129419586358263,-0.000129419586358263
1.445,-0.189705892573463,-0.180644859957962,29962.9947372022,29962.9947372022,29961.8845798739,29961.8845798739,16.3285773961111,16.3285773961111,0.0343808291364281,0.0343808291364281,-0.000107355970028493,-0.000107355970028493
1.45,-0.190608712797918,-0.180488988864575,29962.406892841,29962.406892841,29961.4169665937,29961.4169665937,16.3279619316886,16.3279619316886,0.0343803448570889,0.0343803448570889,-8.67472904377076e-05,-8.67472904377076e-05
1.455,-0.191510835812095,-0.180365044322468,29961.8382274292,29961.8382274292,29961.0451329674,29961.0451329674,16.3273441671201,16.3273441671201,0.0343799564373986,0.0343799564373986,-6.92612938212476e-05,-6.92612938212476e-05
1.46,-0.192412405398422,-0.180266337550759,29961.2909449724,29961.2909449724,29960.7490126523,29960.7490126523,16.3267260200329,16.3267260200329,0.0343796448752483,0.0343796448752483,-5.61811348942983e-05,-5.61811348942983e-05
1.465,-0.1933135273145,-0.18018448029674,29960.7652964882,29960.7652964882,29960.5034408902,29960.5034408902,16.3261093591895,16.3261093591895,0.0343793858982136,0.0343793858982136,-4.83213424730255e-05,-4.83213424730255e-05
1.47,-0.194214262871047,-0.180110225580255,29960.2596931903,29960.2596931903,29960.2806767408,29960.2806767408,16.3254958466618,16.3254958466618,0.0343791524207061,0.0343791524207061,-4.59899414815154e-05,-4.59899414815154e-05
1.475,-0.195114626784876,-0.180034325261921,29959.7709707874,29959.7709707874,29960.0529757858,29960.0529757858,16.324886808613,16.324886808613,0.0343789170764927,0.0343789170764927,-4.89968862620023e-05,-4.89968862620023e-05
1.48,-0.196014589211723,-0.17994832685914,29959.2947712101,29959.2947712101,29959.7949805774,29959.7949805774,16.3242831442896,16.3242831442896,0.0343786545957687,0.0343786545957687,-5.67049489390748e-05,-5.67049489390748e-05
1.485,-0.196914081474638,-0.179845248036008,29958.8260012107,29958.8260012107,29959.485744108,29959.485744108,16.3236852778914,16.3236852778914,0.034378343841149,0.034378343841149,-6.81156331466364e-05,-6.81156331466364e-05
1.49,-0.197813004741283,-0.179720076224501,29958.3593219585,29958.3593219585,29959.1102286735,29959.1102286735,16.3230931549019,16.3230931549019,0.0343779693421872,0.0343779693421872,-8.19802093038374e-05,-8.19802093038374e-05
1.495,-0.198711240705371,-0.17957006513567,29957.8896266024,29957.8896266024,29958.660195407,29958.660195407,16.3225062798069,16.3225062798069,0.034377522238981,0.034377522238981,-9.6924739368422e-05,-9.6924739368422e-05
1.5,-0.199608663204159,-0.179394814589024,29957.4124643632,29957.4124643632,29958.1344437671,29958.1344437671,16.3219237892983,16.3219237892983,0.0343770005882278,0.0343770005882278,-0.000111577177453571,-0.000111577177453571
1.505,-0.200505149710805,-0.179196142937398,29956.9243789269,29956.9243789269,29957.5384288122,29957.5384288122,16.3213445520767,16.3213445520767,0.0343764090529509,0.0343764090529509,-0.000124685542649834,-0.000124685542649834
1.51,-0.20140059172691,-0.178977776690493,29956.4231378526,29956.4231378526,29956.8833300715,29956.8833300715,16.3207672849628,16.3207672849628,0.0343757580431221,0.0343757580431221,-0.000135217646068149,-0.000135217646068149
1.515,-0.202294903236447,-0.178744897130727,29955.9078402704,29955.9078402704,29956.1846913922,29956.1846913922,16.3201906739885,16.3201906739885,0.0343750624202983,0.0343750624202983,-0.000142434862391145,-0.000142434862391145
1.52,-0.203188026638027,-0.178503592937185,29955.3789024113,29955.3789024113,29955.4607788116,29955.4607788116,16.3196134897662,16.3196134897662,0.0343743399082836,0.0343743399082836,-0.0001459355073465,-0.0001459355073465
1.525,-0.20407993581839,-0.178260272415849,29954.8379306242,29954.8379306242,29954.7308172475,29954.7308172475,16.3190346875958,16.3190346875958,0.0343736093668934,0.0343736093668934,-0.000145666179202534,-0.000145666179202534
1.53,-0.204970636298467,-0.178021088647448,29954.2875005035,29954.2875005035,29954.0132659423,29954.0132659423,16.3184534847465,16.3184534847465,0.0343728890866402,0.0343728890866402,-0.000141902281598397,-0.000141902281598397
1.535,-0.205860162639529,-0.177791426606537,29953.7308677289,29953.7308677289,29953.3242798196,29953.3242798196,16.3178694097612,16.3178694097612,0.0343721952510526,0.0343721952510526,-0.000135201527067793,-0.000135201527067793
1.54,-0.20674857352463,-0.177575491806633,29953.171640196,29953.171640196,29952.6764754199,29952.6764754199,16.3172823215336,16.3172823215336,0.0343715406864941,0.0343715406864941,-0.000126336307151812,-0.000126336307151812
1.545,-0.207635945099844,-0.177376029361375,29952.6134425418,29952.6134425418,29952.0780880841,29952.0780880841,16.3166923985426,16.3166923985426,0.0343709339887096,0.0343709339887096,-0.000116212234282025,-0.000116212234282025
1.55,-0.208522363274033,-0.1771941882361,29952.0596024916,29952.0596024916,29951.5325647083,29951.5325647083,16.3161001013247,16.3161001013247,0.0343703790741049,0.0343703790741049,-0.000105780864866938,-0.000105780864866938
1.555,-0.209407915703976,-0.177029532472176,29951.5128842983,29951.5128842983,29951.0385974165,29951.0385974165,16.3155061131904,16.3155061131904,0.0343698751653748,0.0343698751653748,-9.59544381669957e-05,-9.59544381669957e-05
1.56,-0.210292684184422,-0.176880188458677,29950.9752893103,29950.9752893103,29950.590565376,29950.590565376,16.3149112658219,16.3149112658219,0.0343694171833345,0.0343694171833345,-8.75299226250279e-05,-8.75299226250279e-05
1.565,-0.211176738071569,-0.176743105960559,29950.4479361586,29950.4479361586,29950.1793178817,29950.1793178817,16.3143164572412,16.3143164572412,0.0343689964825322,0.0343689964825322,-8.11282720012283e-05,-8.11282720012283e-05
1.57,-0.212060129234092,-0.17661440249943,29949.9310253275,29949.9310253275,29949.7932074983,29949.7932074983,16.3137225697426,16.3137225697426,0.034368601843344,0.034368601843344,-7.71530604842451e-05,-7.71530604842451e-05
1.575,-0.212942888860277,-0.176489755670249,29949.4238853067,29949.4238853067,29949.4192670107,29949.4192670107,16.3131303948537,16.3131303948537,0.0343682206173883,0.0343682206173883,-7.57707125220739e-05,-7.57707125220739e-05
1.58,-0.213825026268513,-0.176364806392038,29948.9250907694,29948.9250907694,29949.0444191761,29949.0444191761,16.3125405712938,16.3125405712938,0.0343678399173113,0.0343678399173113,-7.69125472007533e-05,-7.69125472007533e-05
1.585,-0.214706529688133,-0.17623553728317,29948.4326375962,29948.4326375962,29948.6566118495,29948.6566118495,16.3119535404368,16.3119535404368,0.0343674477444655,0.0343674477444655,-8.02969737745949e-05,-8.02969737745949e-05
1.59,-0.215587368803188,-0.17609859544232,29947.9441556671,29947.9441556671,29948.245786327,29948.245786327,16.3113695218571,16.3113695218571,0.03436703396207,0.03436703396207,-8.54684968190922e-05,-8.54684968190922e-05
1.595,-0.216467498720084,-0.175951535650385,29947.4571385391,29947.4571385391,29947.8046069512,29947.8046069512,16.3107885096913,16.3107885096913,0.0343665910406503,0.0343665910406503,-9.18490288614766e-05,-9.18490288614766e-05
1.6,-0.217346864918271,-0.175792968407653,29946.9691689821,29946.9691689821,29947.328905223,29947.328905223,16.3102102887047,16.3102102887047,0.0343661145268737,0.0343661145268737,-9.87962279830722e-05,-9.87962279830722e-05
1.605,-0.218225408687236,-0.175622606675087,29946.4781211715,29946.4781211715,29946.8178200253,29946.8178200253,16.3096344672929,16.3096344672929,0.0343656032146284,0.0343656032146284,-0.000105663326098467,-0.000105663326098467
1.61,-0.219103072549316,-0.175441214377406,29945.9823238161,29945.9823238161,29946.2736431322,29946.2736431322,16.3090605234037,16.3090605234037,0.034365059024444,0.034365059024444,-0.000111855210013555,-0.000111855210013555
1.615,-0.219979805200921,-0.175250467815015,29945.4806727959,29945.4806727959,29945.701403445,29945.701403445,16.3084878585335,16.3084878585335,0.034364486621556,0.034364486621556,-0.00011687616686307,-0.00011687616686307
1.62,-0.220855565579778,-0.175052748002672,29944.9726871192,29944.9726871192,29945.108244008,29945.108244008,16.3079158545792,16.3079158545792,0.0343638928237586,0.0343638928237586,-0.000120365759058022,-0.000120365759058022
1.625,-0.221730325767784,-0.174850886542789,29944.4585072582,29944.4585072582,29944.5026596284,29944.5026596284,16.3073439284546,16.3073439284546,0.034363285864419,0.034363285864419,-0.000122120551956624,-0.000122120551956624
1.63,-0.222604072558596,-0.174647890271402,29943.9388400001,29943.9388400001,29943.8936708142,29943.8936708142,16.3067715798957,16.3067715798957,0.0343626745845426,0.0343626745845426,-0.000122100791364234,-0.000122100791364234
1.635,-0.223476807648655,-0.174446669826707,29943.4148582924,29943.4148582924,29943.2900094801,29943.2900094801,16.306198428821,16.306198428821,0.0343620676282907,0.0343620676282907,-0.000120422510014103,-0.000120422510014103
1.64,-0.224348546529656,-0.174249795291411,29942.8880678142,29942.8880678142,29942.6993858742,29942.6993858742,16.3056242397422,16.3056242397422,0.0343614727111276,0.0343614727111276,-0.000117336744307764,-0.000117336744307764
1.645,-0.225219316267937,-0.174059298107543,29942.3601540855,29942.3601540855,29942.1278943226,29942.1278943226,16.3050489320159,16.3050489320159,0.0343608960186838,0.0343608960186838,-0.000113198546586134,-0.000113198546586134
1.65,-0.226089152439284,-0.173876533144735,29941.8328246443,29941.8328246443,29941.5795994342,29941.5795994342,16.304472576034,16.304472576034,0.0343603417791312,0.0343603417791312,-0.000108429171143701,-0.000108429171143701
1.655,-0.22695809554187,-0.173702108654998,29941.3076602398,29941.3076602398,29941.056325965,29941.056325965,16.3038953766524,16.3038953766524,0.0343598120339435,0.0343598120339435,-0.000103475166690784,-0.000103475166690784
1.66,-0.22782618723294,-0.173535885461289,29940.7859872594,29940.7859872594,29940.5576563839,29940.5576563839,16.303317646172,16.303317646172,0.0343593066130957,0.0343593066130957,-9.87681190985364e-05,-9.87681190985364e-05
1.665,-0.228693466725619,-0.173377040651571,29940.2687809037,29940.2687809037,29940.0811219547,29940.0811219547,16.3027397699235,16.3027397699235,0.0343588233026721,0.0343588233026721,-9.46884667860046e-05,-9.46884667860046e-05
1.67,-0.229559967645846,-0.173224185835857,29939.7566053517,29939.7566053517,29939.6225575076,29939.6225575076,16.3021621679369,16.3021621679369,0.0343583581771561,0.0343583581771561,-9.1536232076046e-05,-9.1536232076046e-05
1.675,-0.230425715588495,-0.173075525983549,29939.2495935049,29939.2495935049,29939.1765779506,29939.1765779506,16.3015852562715,16.3015852562715,0.0343579060563246,0.0343579060563246,-8.95107117824102e-05,-8.95107117824102e-05
1.68,-0.231290726535041,-0.172929042339853,29938.747465324,29938.747465324,29938.7371270196,29938.7371270196,16.3010094113651,16.3010094113651,0.034357461038736,0.034357461038736,-8.87002588270879e-05,-8.87002588270879e-05
1.685,-0.232155006209676,-0.172782681980968,29938.2495805046,29938.2495805046,29938.2980459429,29938.2980459429,16.3004349402666,16.3004349402666,0.0343570170605067,0.0343570170605067,-8.90823383359036e-05,-8.90823383359036e-05
1.69,-0.233018550364447,-0.172634537202024,29937.7550185771,29937.7550185771,29937.8536116061,29937.8536116061,16.2998620589134,16.2998620589134,0.0343565684294379,0.0343565684294379,-9.05331424880319e-05,-9.05331424880319e-05
1.695,-0.233881345904572,-0.172482999971197,29937.2626776244,29937.2626776244,29937.3989999136,29937.3989999136,16.299290879769,16.299290879769,0.0343561102901371,0.0343561102901371,-9.28452736804633e-05,-9.28452736804633e-05
1.7,-0.23474337269876,-0.172326879855351,29936.7713818179,29936.7713818179,29936.930639566,29936.930639566,16.2987214092391,16.2987214092391,0.0343556389847982,0.0343556389847982,-9.57514128782577e-05,-9.57514128782577e-05
1.705,-0.235604605871017,-0.17216547777469,29936.2799878881,29936.2799878881,29936.4464333241,29936.4464333241,16.2981535544123,16.2981535544123,0.0343551522857442,0.0343551522857442,-9.89515179848224e-05,-9.89515179848224e-05
1.71,-0.236465018343005,-0.171998612281969,29935.7874814222,29935.7874814222,29935.9458368459,29935.9458368459,16.2975871378997,16.2975871378997,0.0343546494885527,0.0343546494885527,-0.000102140962491012,-0.000102140962491012
1.715,-0.237324583390361,-0.171826599384461,29935.293055389,29935.293055389,29935.4297981534,29935.4297981534,16.2970219189308,16.2970219189308,0.0343541313673773,0.0343541313673773,-0.000105037122734971,-0.000105037122734971
1.72,-0.238183276991568,-0.171650190862914,29934.7961653472,29934.7961653472,29934.9005725887,29934.9005725887,16.2964576184569,16.2964576184569,0.0343536000058514,0.0343536000058514,-0.000107402228276168,-0.000107402228276168
1.725,-0.239041079781166,-0.171470479278086,29934.296558192,29934.296558192,29934.3614378343,29934.3614378343,16.2958939458164,16.2958939458164,0.0343530585267665,0.0343530585267665,-0.000109060763338736,-0.000109060763338736
1.73,-0.239897978466246,-0.171288780161563,29933.7942737884,29933.7942737884,29933.8163404847,29933.8163404847,16.2953306245569,16.2953306245569,0.0343525107508376,0.0343525107508376,-0.000109910295640165,-0.000109910295640165
1.735,-0.240753966621191,-0.171106503129002,29933.2896212293,29933.2896212293,29933.269509387,29933.269509387,16.2947674152443,16.2947674152443,0.0343519608188914,0.0343519608188914,-0.000109925253465799,-0.000109925253465799
1.74,-0.241609044835158,-0.170925023797078,29932.783133518,29932.783133518,29932.7250713912,29932.7250713912,16.2942041335016,16.2942041335016,0.0343514128125879,0.0343514128125879,-0.000109153813134953,-0.000109153813134953
1.745,-0.242463220244365,-0.170745567494173,29932.2755060784,29932.2755060784,29932.1867024825,29932.1867024825,16.2936406620506,16.2936406620506,0.0343508704064861,0.0343508704064861,-0.000107708641936128,-0.000107708641936128
1.75,-0.243316505532064,-0.170569113977394,29931.7675255119,29931.7675255119,29931.6573419322,29931.6573419322,16.2930769561341,16.2930769561341,0.03435033657929,0.03435033657929,-0.000105752719955892,-0.000105752719955892
1.755,-0.244168917519298,-0.170396329919563,29931.2599954217,29931.2599954217,29931.1389897587,29931.1389897587,16.2925130423093,16.2925130423093,0.0343498134050815,0.0343498134050815,-0.000103481803977002,-0.000103481803977002
1.76,-0.245020475496255,-0.170227533067031,29930.7536659012,29930.7536659012,29930.6325992011,29930.6325992011,16.2919490111745,16.2919490111745,0.0343493019370107,0.0343493019370107,-0.000101105278053846,-0.000101105278053846
1.765,-0.24587119945609,-0.170062688968107,29930.2491725159,29930.2491725159,29930.1380669043,29930.1380669043,16.2913850050766,16.2913850050766,0.0343488021870767,0.0343488021870767,-9.88271538061845e-05,-9.88271538061845e-05
1.77,-0.246721108390263,-0.16990143830066,29929.7469893828,29929.7469893828,29929.654314902,29929.654314902,16.2908212022074,16.2908212022074,0.0343483131970929,0.0343483131970929,-9.68288485808883e-05,-9.68288485808883e-05
1.775,-0.247570218788152,-0.169743150325142,29929.2473994179,29929.2473994179,29929.1794509754,29929.1794509754,16.290257798709,16.290257798709,0.0343478331884108,0.0343478331884108,-9.52551036693909e-05,-9.52551036693909e-05
1.78,-0.248418543456183,-0.169586996045709,29928.7504831309,29928.7504831309,29928.7109881371,29928.7109881371,16.2896949904702,16.2896949904702,0.0343473597720386,0.0343473597720386,-9.42040397199579e-05,-9.42040397199579e-05
1.785,-0.249266090736223,-0.169432033406562,29928.2561256488,29928.2561256488,29928.2461002197,29928.2461002197,16.2891329562052,16.2891329562052,0.0343468901968558,0.0343468901968558,-9.37219207131411e-05,-9.37219207131411e-05
1.79,-0.250112864163003,-0.169277296343503,29927.7640401026,29927.7640401026,29927.7818890305,29927.7818890305,16.2885718431839,16.2885718431839,0.0343464216118845,0.0343464216118845,-9.3802752269251e-05,-9.3802752269251e-05
1.795,-0.250958862559745,-0.169121879744379,29927.2738042287,29927.2738042287,29927.3156392331,29927.3156392331,16.2880117566625,16.2880117566625,0.0343459513190236,0.0343459513190236,-9.43924144470695e-05,-9.43924144470695e-05
1.8,-0.251804080533418,-0.168965013274458,29926.7849061125,29926.7849061125,29926.8450398234,29926.8450398234,16.2874527536679,16.2874527536679,0.034345476995113,0.034345476995113,-9.53966588817508e-05,-9.53966588817508e-05
1.805,-0.252648509299265,-0.168806118470706,29926.2967944994,29926.2967944994,29926.3683554121,29926.3683554121,16.2868948413727,16.2868948413727,0.0343449968662982,0.0343449968662982,-9.66920132231378e-05,-9.66920132231378e-05
1.81,-0.253492137740723,-0.16864484533871,29925.8089290171,29925.8089290171,29925.8845360161,29925.8845360161,16.2863379798806,16.2863379798806,0.0343445098229579,0.0343445098229579,-9.81384513222545e-05,-9.81384513222545e-05
1.815,-0.254334953597016,-0.168481086714582,29925.3208259847,29925.3208259847,29925.3932601437,29925.3932601437,16.2857820888792,16.2857820888792,0.0343440154693979,0.0343440154693979,-9.9592614320751e-05,-9.9592614320751e-05
1.82,-0.255176944667201,-0.168314970691637,29924.832096164,29924.832096164,29924.8949120749,29924.8949120749,16.2852270573174,16.2852270573174,0.0343435141085377,0.0343435141085377,-0.000100920404348097,-0.000100920404348097
1.825,-0.256018099925671,-0.168146833282836,29924.3424717541,29924.3424717541,29924.3904998485,29924.3904998485,16.2846727550632,16.2846727550632,0.0343430066674091,0.0343430066674091,-0.000102007908156575,-0.000102007908156575
1.83,-0.256858410459048,-0.16797717504406,29923.8518210469,29923.8518210469,29923.8815251322,29923.8815251322,16.2841190454008,16.2841190454008,0.0343424945739872,0.0343424945739872,-0.000102769824202446,-0.000102769824202446
1.835,-0.257697870156037,-0.167806606508845,29923.3601503318,29923.3601503318,29923.3698195265,29923.3698195265,16.2835657972301,16.2835657972301,0.0343419795993437,0.0343419795993437,-0.00010315483916468,-0.00010315483916468
1.84,-0.258536476107828,-0.167635787914415,29922.8675937689,29922.8675937689,29922.8573637432,29922.8573637432,16.2830128959372,16.2830128959372,0.0343414636811334,0.0343414636811334,-0.000103147701312008,-0.000103147701312008
1.845,-0.259374228704557,-0.167465368812053,29922.374392936,29922.374392936,29922.3461064362,29922.3461064362,16.2824602520916,16.2824602520916,0.0343409487449296,0.0343409487449296,-0.000102768040465816,-0.000102768040465816
1.85,-0.260211131440528,-0.167295932777771,29921.8808685268,29921.8808685268,29921.8377983333,29921.8377983333,16.2819078073685,16.2819078073685,0.0343404365389637,0.0343404365389637,-0.000102066261443524,-0.000102066261443524
1.855,-0.261047190465162,-0.16712795163852,29921.3873871855,29921.3873871855,29921.3338549156,29921.3338549156,16.2813555373797,16.2813555373797,0.0343399284955948,0.0343399284955948,-0.000101117067630783,-0.000101117067630783
1.86,-0.261882413935972,-0.166961752502996,29920.8943266731,29920.8943266731,29920.835257509,29920.835257509,16.2808034513814,16.2808034513814,0.0343394256296053,0.0343394256296053,-0.000100011337193682,-0.000100011337193682
1.865,-0.262716811243087,-0.166797499554309,29920.4020424855,29920.4020424855,29920.3424986629,29920.3424986629,16.280251589101,16.280251589101,0.0343389284795467,0.0343389284795467,-9.88471665189765e-05,-9.88471665189765e-05
1.87,-0.263550392181064,-0.166635191153173,29919.9108387012,29919.9108387012,29919.8555734595,29919.8555734595,16.279700015156,16.279700015156,0.0343384370942129,0.0343384370942129,-9.77209109224903e-05,-9.77209109224903e-05
1.875,-0.264383166143088,-0.166474671442101,29919.4209452804,29919.4209452804,29919.3740143263,29919.3740143263,16.2791488117126,16.2791488117126,0.0343379510622875,0.0343379510622875,-9.67189954683136e-05,-9.67189954683136e-05
1.88,-0.265215141405473,-0.166315654446284,29918.9325033261,29918.9325033261,29918.8969633388,29918.8969633388,16.2785980701395,16.2785980701395,0.0343374695796182,0.0343374695796182,-9.59111488481508e-05,-9.59111488481508e-05
1.885,-0.266046324557944,-0.166157757728069,29918.4455590286,29918.4455590286,29918.4232731842,29918.4232731842,16.2780478824453,16.2780478824453,0.0343369915457147,0.0343369915457147,-9.53455453656357e-05,-9.53455453656357e-05
1.89,-0.266876720118725,-0.166000542031479,29917.9600662128,29917.9600662128,29917.9516260944,29917.9516260944,16.2774983332544,16.2774983332544,0.034336515679125,0.034336515679125,-9.50461419459395e-05,-9.50461419459395e-05
1.895,-0.26770633035486,-0.16584355308335,29917.4758966754,29917.4758966754,29917.48065925,29917.48065925,16.2769494929748,16.2769494929748,0.0343360406404333,0.0343360406404333,-9.50122879387405e-05,-9.50122879387405e-05
1.9,-0.268535155309036,-0.1656863617969,29916.9928568804,29916.9928568804,29917.0090853907,29917.0090853907,16.2764014126643,16.2764014126643,0.0343355651517462,0.0343355651517462,-9.52204840923973e-05,-9.52204840923973e-05
1.905,-0.26936319301633,-0.16552859952109,29916.5107091335,29916.5107091335,29916.5357985633,29916.5357985633,16.2758541209222,16.2758541209222,0.0343350881026034,0.0343350881026034,-9.56279902839234e-05,-9.56279902839234e-05
1.91,-0.27019043987902,-0.165369985638685,29916.0291950993,29916.0291950993,29916.0599569161,29916.0599569161,16.2753076229319,16.2753076229319,0.0343346086341208,0.0343346086341208,-9.6177842936983e-05,-9.6177842936983e-05
1.915,-0.271016891156224,-0.165210345662422,29915.5480594716,29915.5480594716,29915.5810369873,29915.5810369873,16.2747619015895,16.2747619015895,0.0343341261956142,0.0343341261956142,-9.68047518705067e-05,-9.68047518705067e-05
1.92,-0.271842541518167,-0.165049618926156,29915.0670717441,29915.0670717441,29915.0988567785,29915.0988567785,16.2742169204766,16.2742169204766,0.0343336405707254,0.0343336405707254,-9.74413071717038e-05,-9.74413071717038e-05
1.925,-0.272667385612823,-0.164887855927867,29914.5860443366,29914.5860443366,29914.6135677836,29914.6135677836,16.2736726282925,16.2736726282925,0.0343331518729078,0.0343331518729078,-9.80239393483303e-05,-9.80239393483303e-05
1.93,-0.273491418595205,-0.164725206269561,29914.1048457649,29914.1048457649,29914.1256188087,29914.1256188087,16.2731289642634,16.2731289642634,0.0343326605127816,0.0343326605127816,-9.84981358252871e-05,-9.84981358252871e-05
1.935,-0.274314636576231,-0.164561898885099,29913.6234080618,29913.6234080618,29913.6356966553,29913.6356966553,16.2725858639942,16.2725858639942,0.0343321671421198,0.0343321671421198,-9.88225153664533e-05,-9.88225153664533e-05
1.94,-0.275137036958034,-0.164398216794632,29913.141728207,29913.141728207,29913.1446503839,29913.1446503839,16.2720432652269,16.2720432652269,0.0343316725809137,0.0343316725809137,-9.89714880727794e-05,-9.89714880727794e-05
1.945,-0.275958618634649,-0.164234468941763,29912.6598638574,29912.6598638574,29912.6534068253,29912.6534068253,16.2715011130169,16.2715011130169,0.0343311777349791,0.0343311777349791,-9.8936369435448e-05,-9.8936369435448e-05
1.95,-0.27677938205009,-0.16407096174402,29912.1779241406,29912.1779241406,29912.1628852321,29912.1628852321,16.2709593639195,16.2709593639195,0.0343306835118616,0.0343306835118616,-9.8724959349137e-05,-9.8724959349137e-05
1.955,-0.277599329118678,-0.16390797283009,29911.6960566459,29911.6960566459,29911.6739184903,29911.6739184903,16.2704179888956,16.2704179888956,0.0343301907424142,0.0343301907424142,-9.83597286230131e-05,-9.83597286230131e-05
1.96,-0.278418463024019,-0.163745729077356,29911.2144319994,29911.2144319994,29911.1871872321,29911.1871872321,16.2698769747734,16.2698769747734,0.0343297001144151,0.0343297001144151,-9.78748657510079e-05,-9.78748657510079e-05
1.965,-0.279236787922376,-0.163584390546227,29910.7332275199,29910.7332275199,29910.7031716387,29910.7031716387,16.2693363242408,16.2693363242408,0.0343292121231192,0.0343292121231192,-9.73125175108604e-05,-9.73125175108604e-05
1.97,-0.280054308582621,-0.163424041288744,29910.2526114282,29910.2526114282,29910.2221238662,29910.2221238662,16.2687960544705,16.2687960544705,0.0343287270418345,0.0343287270418345,-9.67186033997644e-05,-9.67186033997644e-05
1.975,-0.28087102999822,-0.163264687348335,29909.7727289341,29909.7727289341,29909.744062045,29909.744062045,16.2682561945915,16.2682561945915,0.0343282449136768,0.0343282449136768,-9.61385943693746e-05,-9.61385943693746e-05
1.98,-0.281686957006637,-0.16310626162558,29909.2936912706,29909.2936912706,29909.2687848767,29909.2687848767,16.267716782304,16.267716782304,0.0343277655637464,0.0343277655637464,-9.56136223834863e-05,-9.56136223834863e-05
1.985,-0.282502093948481,-0.162948634715227,29908.815568417,29908.815568417,29908.7959041457,29908.7959041457,16.2671778599904,16.2671778599904,0.0343272886292644,0.0343272886292644,-9.51772334229583e-05,-9.51772334229583e-05
1.99,-0.283316444393021,-0.162791630366509,29908.3383858833,29908.3383858833,29908.3248910995,29908.3248910995,16.2666394706908,16.2666394706908,0.0343268136038262,0.0343268136038262,-9.48530194361181e-05,-9.48530194361181e-05
1.995,-0.284130010949176,-0.162635043913547,29907.8621255517,29907.8621255517,29907.8551317406,29907.8551317406,16.2661016543014,16.2661016543014,0.034326339890979,0.034326339890979,-9.46532726316946e-05,-9.46532726316946e-05
2,-0.284942795172332,-0.162478661880757,29907.3867302232,29907.3867302232,29907.3859856423,29907.3859856423,16.2655644443064,16.2655644443064,0.0343258668618571,0.0343258668618571,-9.45787074199494e-05,-9.45787074199494e-05
2.005,-0.28575479756842,-0.162322280991191,29906.9121112188,29906.9121112188,29906.9168429736,29906.9168429736,16.26502786529,16.26502786529,0.0343253939116235,0.0343253939116235,-9.46192000909038e-05,-9.46192000909038e-05
2.01,-0.286566017688154,-0.162165724979701,29906.4381581705,29906.4381581705,29906.4471749391,29906.4471749391,16.2644919313878,16.2644919313878,0.0343249205099331,0.0343249205099331,-9.47554120059984e-05,-9.47554120059984e-05
2.015,-0.287376454297063,-0.162008857912991,29905.9647500041,29905.9647500041,29905.976573739,29905.976573739,16.2639566457464,16.2639566457464,0.034324446241479,0.034324446241479,-9.49610951644866e-05,-9.49610951644866e-05
2.02,-0.288186105601423,-0.161851593109439,29905.4917660862,29905.4917660862,29905.5047793283,29905.5047793283,16.2634220009685,16.2634220009685,0.0343239708338116,0.0343239708338116,-9.52058340844207e-05,-9.52058340844207e-05
2.025,-0.288994969506707,-0.161693897193999,29905.0190965614,29905.0190965614,29905.031691582,29905.031691582,16.2628879804364,16.2628879804364,0.0343234941709116,0.0343234941709116,-9.54579573301788e-05,-9.54579573301788e-05
2.03,-0.289803043884044,-0.161535789275249,29904.5466510449,29904.5466510449,29904.5573678257,29904.5573678257,16.2623545603391,16.2623545603391,0.0343230162923332,0.0343230162923332,-9.56873558488544e-05,-9.56873558488544e-05
2.035,-0.290610326821134,-0.161377335653026,29904.0743650336,29904.0743650336,29904.0820069591,29904.0820069591,16.2618217121794,16.2618217121794,0.0343225373789892,0.0343225373789892,-9.58679715023406e-05,-9.58679715023406e-05
2.04,-0.291416816837053,-0.161218640822536,29903.602203643,29903.602203643,29903.6059224676,29903.6059224676,16.2612894055113,16.2612894055113,0.0343220577277295,0.0343220577277295,-9.59797640026997e-05,-9.59797640026997e-05
2.045,-0.292222513044941,-0.161059835806995,29903.1301625298,29903.1301625298,29903.129507421,29903.129507421,16.2607576106568,16.2607576106568,0.0343215777176795,0.0343215777176795,-9.60100227159764e-05,-9.60100227159764e-05
2.05,-0.293027415252124,-0.160901065010032,29902.6582661176,29902.6582661176,29902.6531950301,29902.6531950301,16.2602263011675,16.2602263011675,0.0343210977718136,0.0343210977718136,-9.59539555432883e-05,-9.59539555432883e-05
2.055,-0.293831523993394,-0.160742472824093,29902.1865634647,29902.1865634647,29902.1774184723,29902.1774184723,16.2596954558378,16.2596954558378,0.0343206183174063,0.0343206183174063,-9.58145541249636e-05,-9.58145541249636e-05
2.06,-0.294634840499173,-0.160584191166698,29901.7151222927,29901.7151222927,29901.7025735001,29901.7025735001,16.2591650601263,16.2591650601263,0.0343201397488498,0.0343201397488498,-9.56017970811109e-05,-9.56017970811109e-05
2.065,-0.29543736660584,-0.160426328955294,29901.2440218198,29901.2440218198,29901.2289868659,29901.2289868659,16.2586351069045,16.2586351069045,0.0343196623958811,0.0343196623958811,-9.53313058206067e-05,-9.53313058206067e-05
2.07,-0.296239104619943,-0.160268964294167,29900.773345098,29900.773345098,29900.7568928825,29900.7568928825,16.258105596514,16.258105596514,0.0343191864995846,0.0343191864995846,-9.50226067335202e-05,-9.50226067335202e-05
2.075,-0.297040057151203,-0.160112139859589,29900.3031715503,29900.3031715503,29900.2864195788,29900.2864195788,16.2575765361758,16.2575765361758,0.0343187121977009,0.0343187121977009,-9.46971768869719e-05,-9.46971768869719e-05
2.08,-0.29784022693087,-0.159955861659809,29899.8335703371,29899.8335703371,29899.8175849794,29899.8175849794,16.2570479388469,16.2570479388469,0.0343182395198654,0.0343182395198654,-9.43764567539986e-05,-9.43764567539986e-05
2.085,-0.298639616632115,-0.15980010104323,29899.3645950676,29899.3645950676,29899.3503031297,29899.3503031297,16.2565198216623,16.2565198216623,0.0343177683924999,0.0343177683924999,-9.40800036484115e-05,-9.40800036484115e-05
2.09,-0.299438228707804,-0.159644799556796,29898.896280217,29898.896280217,29898.8843986704,29898.8843986704,16.2559922041234,16.2559922041234,0.0343172986522671,0.0343172986522671,-9.3823935380221e-05,-9.3823935380221e-05
2.095,-0.300236065258439,-0.159489876038266,29898.4286394434,29898.4286394434,29898.4196281148,29898.4196281148,16.2554651062087,16.2554651062087,0.0343168300663349,0.0343168300663349,-9.36197782705821e-05,-9.36197782705821e-05
2.1,-0.301033127939579,-0.159335235176098,29897.9616658152,29897.9616658152,29897.9557055283,29897.9557055283,16.254938546574,16.254938546574,0.0343163623572314,0.0343163623572314,-9.3473790889175e-05,-9.3473790889175e-05
2.105,-0.301829417913969,-0.159180776697141,29897.495333799,29897.495333799,29897.4923300914,29897.4923300914,16.2544125409912,16.2544125409912,0.0343158952298296,0.0343158952298296,-9.3386788911207e-05,-9.3386788911207e-05
2.11,-0.302624935849444,-0.15902640434629,29897.029602714,29897.029602714,29897.0292130389,29897.0292130389,16.2538871011438,16.2538871011438,0.0343154283979869,0.0343154283979869,-9.33544515141069e-05,-9.33544515141069e-05
2.115,-0.303419681959588,-0.158872033898055,29896.5644212543,29896.5644212543,29896.5661016942,29896.5661016942,16.253362233859,16.253362233859,0.0343149616085659,0.0343149616085659,-9.33680495565873e-05,-9.33680495565873e-05
2.12,-0.304213656080704,-0.158717599576093,29896.099732613,29896.099732613,29896.1027987283,29896.1027987283,16.2528379408115,16.2528379408115,0.0343144946609458,0.0343144946609458,-9.34155035470336e-05,-9.34155035470336e-05
2.125,-0.305006857775934,-0.158563058437307,29895.6354797282,29895.6354797282,29895.6391753119,29895.6391753119,16.2523142186918,16.2523142186918,0.0343140274206545,0.0343140274206545,-9.34826573275255e-05,-9.34826573275255e-05
2.13,-0.30579928645567,-0.158408392483229,29895.1716101858,29895.1716101858,29895.1751774497,29895.1751774497,16.2517910597936,16.2517910597936,0.0343135598263514,0.0343135598263514,-9.35546426957179e-05,-9.35546426957179e-05
2.135,-0.306590941502749,-0.158253608473941,29894.7080803838,29894.7080803838,29894.7108254218,29894.7108254218,16.2512684529391,16.2512684529391,0.0343130918900207,0.0343130918900207,-9.36172109795515e-05,-9.36172109795515e-05
2.14,-0.3073818223913,-0.158098735619657,29894.2448586476,29894.2448586476,29894.246206859,29894.246206859,16.2507463846398,16.2507463846398,0.0343126236908268,0.0343126236908268,-9.36579190078772e-05,-9.36579190078772e-05
2.145,-0.308171928789427,-0.157943821495844,29893.7819271012,29893.7819271012,29893.7814644875,29893.7814644875,16.2502248403763,16.2502248403763,0.0343121553636017,0.0343121553636017,-9.36670772756467e-05,-9.36670772756467e-05
2.15,-0.308961260638004,-0.157788926657285,29893.3192822191,29893.3192822191,29893.3167799719,29893.3167799719,16.2497038058787,16.2497038058787,0.0343116870833278,0.0343116870833278,-9.36383949875021e-05,-9.36383949875021e-05
2.155,-0.309749818200433,-0.157634118505535,29892.8569341022,29892.8569341022,29892.8523555166,29892.8523555166,16.2491832682962,16.2491832682962,0.0343112190472325,0.0343112190472325,-9.35692873310645e-05,-9.35692873310645e-05
2.16,-0.310537602081073,-0.15747946499044,29892.394904629,29892.394904629,29892.3883949713,29892.3883949713,16.2486632171638,16.2486632171638,0.0343107514562038,0.0343107514562038,-9.34608418587533e-05,-9.34608418587533e-05
2.165,-0.311324613212948,-0.157325028700344,29891.9332247188,29891.9332247188,29891.925086101,29891.925086101,16.2481436450966,16.2481436450966,0.0343102844971766,0.0343102844971766,-9.331747047564e-05,-9.331747047564e-05
2.17,-0.312110852817883,-0.157170861823826,29891.4719310046,29891.4719310046,29891.4625854715,29891.4625854715,16.2476245481697,16.2476245481697,0.0343098183279414,0.0343098183279414,-9.31462988087976e-05,-9.31462988087976e-05
2.175,-0.312896322344451,-0.157017002357118,29891.0110622442,29891.0110622442,29891.0010070714,29891.0010070714,16.2471059259742,16.2471059259742,0.0343093530655186,0.0343093530655186,-9.29563638017994e-05,-9.29563638017994e-05
2.18,-0.313681023390594,-0.156863471798082,29890.5506557956,29890.5506557956,29890.5404153942,29890.5404153942,16.2465877813655,16.2465877813655,0.0343088887788537,0.0343088887788537,-9.27577020125967e-05,-9.27577020125967e-05
2.185,-0.314464957618657,-0.156710274422733,29890.0907444575,29890.0907444575,29890.0808232682,29890.0808232682,16.246070119948,16.246070119948,0.0343084254861642,0.0343084254861642,-9.25604148106917e-05,-9.25604148106917e-05
2.19,-0.315248126670704,-0.156557398097147,29889.6313539223,29889.6313539223,29889.6221942914,29889.6221942914,16.2455529493581,16.2455529493581,0.0343079631568453,0.0343079631568453,-9.2373792694045e-05,-9.2373792694045e-05
2.195,-0.316030532091377,-0.156404816448447,29889.1725010172,29889.1725010172,29889.1644493453,29889.1644493453,16.2450362784222,16.2450362784222,0.0343075017174545,0.0343075017174545,-9.22055701602744e-05,-9.22055701602744e-05
2.2,-0.316812175264446,-0.156252492113528,29888.7141928325,29888.7141928325,29888.7074763406,29888.7074763406,16.2445201162696,16.2445201162696,0.0343070410609763,0.0343070410609763,-9.20613663544739e-05,-9.20613663544739e-05
2.205,-0.317593057367562,-0.156100380710773,29888.2564267494,29888.2564267494,29888.2511421323,29888.2511421323,16.2440044714813,16.2440044714813,0.0343065810583412,0.0343065810583412,-9.19443468780701e-05,-9.19443468780701e-05
2.21,-0.318373179347869,-0.155948435142141,29887.7991913039,29887.7991913039,29887.7953054264,29887.7953054264,16.2434893513452,16.2434893513452,0.0343061215710494,0.0343061215710494,-9.18551206165094e-05,-9.18551206165094e-05
2.215,-0.319152541919125,-0.155796609831698,29887.342467753,29887.342467753,29887.3398294951,29887.3398294951,16.242974761274,16.242974761274,0.0343056624637336,0.0343056624637336,-9.17918642130234e-05,-9.17918642130234e-05
2.22,-0.319931145579087,-0.155644864539499,29886.8862321608,29886.8862321608,29886.8845936185,29886.8845936185,16.2424607044255,16.2424607044255,0.0343052036155824,0.0343052036155824,-9.17506476964971e-05,-9.17506476964971e-05
2.225,-0.320708990644274,-0.155493167451206,29886.4304577877,29886.4304577877,29886.4295023536,29886.4295023536,16.2419471815435,16.2419471815435,0.0343047449297175,0.0343047449297175,-9.17259192529457e-05,-9.17259192529457e-05
2.23,-0.321486077297891,-0.155341497327206,29885.9751175566,29885.9751175566,29885.9744919816,29885.9744919816,16.2414341910181,16.2414341910181,0.0343042863398573,0.0343042863398573,-9.17110963153538e-05,-9.17110963153538e-05
2.235,-0.322262405645875,-0.155189844590907,29885.5201863769,29885.5201863769,29885.5195337727,29885.5195337727,16.2409217291446,16.2409217291446,0.0343038278138807,0.0343038278138807,-9.16992046316393e-05,-9.16992046316393e-05
2.24,-0.323037975775671,-0.155038211335816,29885.0656431365,29885.0656431365,29885.0646340074,29885.0646340074,16.2404097905459,16.2404097905459,0.0343033693541979,0.0343033693541979,-9.16835068726969e-05,-9.16835068726969e-05
2.245,-0.323812787812478,-0.154886610325667,29884.6114722134,29884.6114722134,29884.609830977,29884.609830977,16.2398983687087,16.2398983687087,0.0343029109951175,0.0343029109951175,-9.16580672896708e-05,-9.16580672896708e-05
2.25,-0.324586841968282,-0.154735063143491,29884.1576644079,29884.1576644079,29884.1551894305,29884.1551894305,16.2393874565818,16.2393874565818,0.0343024527976447,0.0343024527976447,-9.16182081477935e-05,-9.16182081477935e-05
2.255,-0.325360138579957,-0.154583597708229,29883.7042172583,29883.7042172583,29883.7007931247,29883.7007931247,16.2388770471788,16.2388770471788,0.0343019948423372,0.0343019948423372,-9.15608260627364e-05,-9.15608260627364e-05
2.26,-0.326132678133902,-0.154432245416828,29883.2511347517,29883.2511347517,29883.2467362505,29883.2467362505,16.2383671341333,16.2383671341333,0.0343015372209695,0.0343015372209695,-9.14845506561918e-05,-9.14845506561918e-05
2.265,-0.326904461276011,-0.154281038184224,29882.7984265,29882.7984265,29882.7931145527,29882.7931145527,16.237857712163,16.237857712163,0.0343010800278067,0.0343010800278067,-9.13897427623893e-05,-9.13897427623893e-05
2.27,-0.327675488807154,-0.154130005643609,29882.3461064878,29882.3461064878,29882.3400169308,29882.3400169308,16.2373487774072,16.2373487774072,0.0343006233512676,0.0343006233512676,-9.1278343447423e-05,-9.1278343447423e-05
2.275,-0.328445761665532,-0.153979172737312,29881.8941915289,29881.8941915289,29881.8875182119,29881.8875182119,16.2368403276194,16.2368403276194,0.03430016726667,0.03430016726667,-9.11535971926922e-05,-9.11535971926922e-05
2.28,-0.329215280898366,-0.153828557879035,29881.4426995869,29881.4426995869,29881.4356736371,29881.4356736371,16.2363323622064,16.2363323622064,0.0342997118306069,0.0342997118306069,-9.10196818278096e-05,-9.10196818278096e-05
2.285,-0.329984047626082,-0.153678171806434,29880.9916481122,29880.9916481122,29880.9845154193,29880.9845154193,16.2358248821228,16.2358248821228,0.034299257077328,0.034299257077328,-9.08812835841736e-05,-9.08812835841736e-05
2.29,-0.330752063002601,-0.153528017175156,29880.5410525384,29880.5410525384,29880.5340515255,29880.5340515255,16.2353178896395,16.2353178896395,0.0342988030172987,0.0342988030172987,-9.07431577221068e-05,-9.07431577221068e-05
2.295,-0.331519328175439,-0.153378088878022,29880.0909250573,29880.0909250573,29880.0842666341,29880.0842666341,16.2348113880138,16.2348113880138,0.0342983496379095,0.0342983496379095,-9.06097136219758e-05,-9.06097136219758e-05
2.3,-0.332285844249065,-0.153228375011659,29879.6412737578,29879.6412737578,29879.635125035,29879.635125035,16.2343053810984,16.2343053810984,0.0342978969061272,0.0342978969061272,-9.04846584319157e-05,-9.04846584319157e-05
2.305,-0.333051612254449,-0.153078858362371,29879.1921021782,29879.1921021782,29879.1865750871,29879.1865750871,16.2337998729254,16.2337998729254,0.0342974447727239,0.0342974447727239,-9.0370725952258e-05,-9.0370725952258e-05
2.31,-0.333816633126999,-0.152929518247109,29878.7434092826,29878.7434092826,29878.7385547413,29878.7385547413,16.2332948673044,16.2332948673044,0.0342969931776095,0.0342969931776095,-9.02695082376636e-05,-9.02695082376636e-05
2.315,-0.334580907694218,-0.152780332526252,29878.295189833,29878.295189833,29878.2909975788,29878.2909975788,16.2327903674669,16.2327903674669,0.0342965420557325,0.0342965420557325,-9.01813973314832e-05,-9.01813973314832e-05
2.32,-0.335344436673463,-0.15263127960264,29877.8474350979,29877.8474350979,29877.8438388079,29877.8438388079,16.2322863757856,16.2322863757856,0.0342960913429995,0.0342960913429995,-9.0105634529372e-05,-9.0105634529372e-05
2.325,-0.336107220679295,-0.152482340235435,29877.4001338136,29877.4001338136,29877.3970207063,29877.3970207063,16.2317828935874,16.2317828935874,0.0342956409817033,0.0342956409817033,-9.00404554835055e-05,-9.00404554835055e-05
2.33,-0.336869260239142,-0.152333499025185,29876.9532732972,29876.9532732972,29876.9504970756,29876.9504970756,16.2312799210692,16.2312799210692,0.034295190925023,0.034295190925023,-8.99833119923277e-05,-8.99833119923277e-05
2.335,-0.337630555815327,-0.152184745464764,29876.5068406049,29876.5068406049,29876.5042363943,29876.5042363943,16.2307774573177,16.2307774573177,0.0342947411402749,0.0342947411402749,-8.99311460407573e-05,-8.99311460407573e-05
2.34,-0.338391107831135,-0.152036074495612,29876.0608236327,29876.0608236327,29876.0582234868,29876.0582234868,16.2302755004224,16.2302755004224,0.0342942916107187,0.0342942916107187,-8.98806888374169e-05,-8.98806888374169e-05
2.345,-0.339150916698381,-0.151887486555555,29875.6152120684,29875.6152120684,29875.6124596667,29875.6124596667,16.2297740476684,16.2297740476684,0.0342938423358629,0.0342938423358629,-8.98287573259537e-05,-8.98287573259537e-05
2.35,-0.339909982844009,-0.15173898714926,29875.1699981233,29875.1699981233,29875.1669614478,29875.1669614478,16.2292730957839,16.2292730957839,0.0342933933303487,0.0342933933303487,-8.97725227731502e-05,-8.97725227731502e-05
2.355,-0.34066830673348,-0.151590586011453,29874.7251769958,29874.7251769958,29874.7217580344,29874.7217580344,16.2287726412192,16.2287726412192,0.0342929446216055,0.0342929446216055,-8.97097302014366e-05,-8.97097302014366e-05
2.36,-0.341425888889172,-0.151442295963253,29874.2807470449,29874.2807470449,29874.2768878898,29874.2768878898,16.2282726804307,16.2282726804307,0.0342924962465658,0.0342924962465658,-8.96388531429185e-05,-8.96388531429185e-05
2.365,-0.342182729902533,-0.151294131581495,29873.8367096794,29873.8367096794,29873.8323947445,29873.8323947445,16.2277732101442,16.2277732101442,0.0342920482477882,0.0342920482477882,-8.95591748465636e-05,-8.95591748465636e-05
2.37,-0.342938830439386,-0.151146107808774,29873.3930689918,29873.3930689918,29873.3883234263,29873.3883234263,16.2272742275767,16.2272742275767,0.0342916006693635,0.0342916006693635,-8.9470794027079e-05,-8.9470794027079e-05
2.375,-0.34369419123839,-0.150998238628218,29872.9498311859,29872.9498311859,29872.9447158846,29872.9447158846,16.2267757306012,16.2267757306012,0.034291153552972,0.034291153552972,-8.9374559882761e-05,-8.9374559882761e-05
2.38,-0.344448813103276,-0.150850535912725,29872.5070038623,29872.5070038623,29872.5016077382,29872.5016077382,16.2262777178429,16.2262777178429,0.0342907069344219,0.0342907069344219,-8.92719468848043e-05,-8.92719468848043e-05
2.385,-0.345202696889947,-0.150703008535951,29872.0645952325,29872.0645952325,29872.0590256079,29872.0590256079,16.2257801887042,16.2257801887042,0.0342902608409339,0.0342902608409339,-8.91648843090045e-05,-8.91648843090045e-05
2.39,-0.34595584348992,-0.150555661803501,29871.6226133354,29871.6226133354,29871.6169854105,29871.6169854105,16.2252831433209,16.2252831433209,0.0342898152893544,0.0342898152893544,-8.90555583429804e-05,-8.90555583429804e-05
2.395,-0.346708253811787,-0.150408497231263,29871.1810653221,29871.1810653221,29871.1754916938,29871.1754916938,16.2247865824582,16.2247865824582,0.0342893702853871,0.0342893702853871,-8.89462057378711e-05,-8.89462057378711e-05
2.4,-0.347459928762427,-0.150261512665951,29870.7399568674,29870.7399568674,29870.7345379979,29870.7345379979,16.2242905073597,16.2242905073597,0.0342889258238393,0.0342889258238393,-8.88389173863372e-05,-8.88389173863372e-05
2.405,-0.348210869229614,-0.150114702713786,29870.2992917495,29870.2992917495,29870.2941081414,29870.2941081414,16.2237949195655,16.2237949195655,0.0342884818897901,0.0342884818897901,-8.87354680815561e-05,-8.87354680815561e-05
2.41,-0.348961076067424,-0.149968059418965,29869.8590716219,29869.8590716219,29869.8541782569,29869.8541782569,16.2232998207178,16.2232998207178,0.0342880384605181,0.0342880384605181,-8.86371853271475e-05,-8.86371853271475e-05
2.415,-0.349710550085502,-0.149821573116138,29869.4192959846,29869.4192959846,29869.4147193484,29869.4147193484,16.2228052123706,16.2228052123706,0.0342875955079668,0.0342875955079668,-8.85448658070166e-05,-8.85448658070166e-05
2.42,-0.350459292042842,-0.149675233371329,29868.9799623433,29868.9799623433,29868.975700114,29868.975700114,16.2223110958206,16.2223110958206,0.034287153001501,0.034287153001501,-8.8458743423858e-05,-8.8458743423858e-05
2.425,-0.351207302646322,-0.149529029923977,29868.5410665292,29868.5410665292,29868.5370897719,29868.5370897719,16.2218174719721,16.2218174719721,0.0342867109106938,0.0342867109106938,-8.83785080884523e-05,-8.83785080884523e-05
2.43,-0.351954582553773,-0.149382953548836,29868.1026031413,29868.1026031413,29868.0988606465,29868.0988606465,16.2213243412449,16.2213243412449,0.0342862692079031,0.0342862692079031,-8.83033701264436e-05,-8.83033701264436e-05
2.435,-0.352701132381011,-0.149236996768861,29867.6645660646,29867.6645660646,29867.6609903066,29867.6609903066,16.2208317035303,16.2208317035303,0.0342858278704292,0.0342858278704292,-8.82321615900256e-05,-8.82321615900256e-05
2.44,-0.353446952711952,-0.14909115436801,29867.2269490132,29867.2269490132,29867.223463104,29867.223463104,16.2203395581965,16.2203395581965,0.0342853868820971,0.0342853868820971,-8.81634631788807e-05,-8.81634631788807e-05
2.445,-0.354192044110724,-0.148945423673504,29866.7897460517,29866.7897460517,29866.7862710205,29866.7862710205,16.2198479041376,16.2198479041376,0.0342849462341664,0.0342849462341664,-8.8095744052474e-05,-8.8095744052474e-05
2.45,-0.354936407134587,-0.148799804599199,29866.3529520496,29866.3529520496,29866.3494137976,29866.3494137976,16.2193567398614,16.2193567398614,0.0342845059255371,0.0342845059255371,-8.80275015814312e-05,-8.80275015814312e-05
2.455,-0.355680042346499,-0.148654299462907,29865.9165630349,29865.9165630349,29865.9128983887,29865.9128983887,16.2188660636035,16.2188660636035,0.0342840659622818,0.0342840659622818,-8.7957388987463e-05,-8.7957388987463e-05
2.46,-0.356422950326268,-0.14850891260899,29865.4805764235,29865.4805764235,29865.476737827,29865.476737827,16.2183758734574,16.2183758734574,0.034283626356592,0.034283626356592,-8.78843207046145e-05,-8.78843207046145e-05
2.465,-0.357165131679417,-0.148363649882321,29865.0449911128,29865.0449911128,29865.040949647,29865.040949647,16.2178861675082,16.2178861675082,0.0342831871252699,0.0342831871252699,-8.78075479140957e-05,-8.78075479140957e-05
2.47,-0.357906587043167,-0.148218518009312,29864.6098074415,29864.6098074415,29864.6055540279,29864.6055540279,16.217396943957,16.217396943957,0.0342827482879264,0.0342827482879264,-8.77266998056527e-05,-8.77266998056527e-05
2.475,-0.358647317089214,-0.148073523945686,29864.1750270274,29864.1750270274,29864.1705718371,29864.1705718371,16.2169082012274,16.2169082012274,0.0342823098650623,0.0342823098650623,-8.76417893776881e-05,-8.76417893776881e-05
2.48,-0.359387322523288,-0.147928674249743,29863.7406525065,29863.7406525065,29863.7360227492,29863.7360227492,16.2164199380453,16.2164199380453,0.0342818718762048,0.0342818718762048,-8.75531857324766e-05,-8.75531857324766e-05
2.485,-0.360126604081753,-0.147783974533252,29863.3066872022,29863.3066872022,29863.3019235998,29863.3019235998,16.2159321534872,16.2159321534872,0.0342814343382583,0.0342814343382583,-8.74615575773503e-05,-8.74615575773503e-05
2.49,-0.360865162525738,-0.147639429032032,29862.8731347584,29862.8731347584,29862.8682870961,29862.8682870961,16.2154448469944,16.2154448469944,0.0342809972641942,0.0342809972641942,-8.73677947959934e-05,-8.73677947959934e-05
2.495,-0.361602998633496,-0.147495040324954,29862.4399987697,29862.4399987697,29862.4351209749,29862.4351209749,16.2149580183557,16.2149580183557,0.0342805606621717,0.0342805606621717,-8.72729163753018e-05,-8.72729163753018e-05
2.5,-0.362340113191747,-0.147350809215331,29862.0072824428,29862.0072824428,29862.002427646,29862.002427646,16.2144716676607,16.2144716676607,0.0342801245351345,0.0342801245351345,-8.71779735723554e-05,-8.71779735723554e-05
2.505,-0.363076506986849,-0.147206734773629,29861.574988313,29861.574988313,29861.5702043209,29861.5702043209,16.2139857952308,16.2139857952308,0.0342796888808845,0.0342796888808845,-8.70839570043381e-05,-8.70839570043381e-05
2.51,-0.363812180796545,-0.147062814526764,29861.1431180401,29861.1431180401,29861.1384435803,29861.1384435803,16.2135004015345,16.2135004015345,0.0342792536925948,0.0342792536925948,-8.69917154014079e-05,-8.69917154014079e-05
2.515,-0.364547135382977,-0.146919044767355,29860.7116722927,29860.7116722927,29860.7071343021,29860.7071343021,16.2130154870967,16.2130154870967,0.0342788189596861,0.0342788189596861,-8.69018922247459e-05,-8.69018922247459e-05
2.52,-0.365281371487475,-0.146775420948063,29860.2806507267,29860.2806507267,29860.2762628442,29860.2762628442,16.2125310524089,16.2125310524089,0.0342783846689657,0.0342783846689657,-8.68148843784092e-05,-8.68148843784092e-05
2.525,-0.366014889827444,-0.146631938121069,29859.8500520522,29859.8500520522,29859.8458143632,29859.8458143632,16.2120470978484,16.2120470978484,0.0342779508059137,0.0342779508059137,-8.67308250437788e-05,-8.67308250437788e-05
2.53,-0.366747691095475,-0.146488591381678,29859.4198741778,29859.4198741778,29859.415774145,29859.415774145,16.2115636236138,16.2115636236138,0.0342775173559945,0.0342775173559945,-8.66495904513694e-05,-8.66495904513694e-05
2.535,-0.367479775960609,-0.146345376277475,29858.9901144137,29858.9901144137,29858.9861288324,29858.9861288324,16.2110806296795,16.2110806296795,0.0342770843058781,0.0342770843058781,-8.6570828344537e-05,-8.6570828344537e-05
2.54,-0.368211145071487,-0.146202289150174,29858.5607697125,29858.5607697125,29858.5568674505,29858.5568674505,16.210598115773,16.210598115773,0.0342766516444741,0.0342766516444741,-8.64940041792839e-05,-8.64940041792839e-05
2.545,-0.368941799060983,-0.146059327385267,29858.1318369244,29858.1318369244,29858.1279821558,29858.1279821558,16.2101160813758,16.2101160813758,0.0342762193636998,0.0342762193636998,-8.64184598469777e-05,-8.64184598469777e-05
2.55,-0.369671738551828,-0.145916489554398,29857.7033130434,29857.7033130434,29857.6994686632,29857.6994686632,16.2096345257443,16.2096345257443,0.0342757874589367,0.0342757874589367,-8.63434789882873e-05,-8.63434789882873e-05
2.555,-0.370400964162666,-0.145773775445595,29857.2751954237,29857.2751954237,29857.2713263368,29857.2713263368,16.2091534479496,16.2091534479496,0.0342753559291558,0.0342753559291558,-8.62683528074315e-05,-8.62683528074315e-05
2.56,-0.37112947651398,-0.145631185986439,29856.8474819509,29856.8474819509,29856.8435579593,29856.8435579593,16.2086728469302,16.2086728469302,0.034274924776725,0.034274924776725,-8.61924406774559e-05,-8.61924406774559e-05
2.565,-0.371857276233402,-0.145488723074369,29856.4201711551,29856.4201711551,29856.4161692231,29856.4161692231,16.2081927215528,16.2081927215528,0.0342744940069373,0.0342744940069373,-8.61152206674544e-05,-8.61152206674544e-05
2.57,-0.372584363959986,-0.145346389335003,29855.9932622602,29855.9932622602,29855.989168005,29855.989168005,16.2077130706747,16.2077130706747,0.0342740636273186,0.0342740636273186,-8.60363263341181e-05,-8.60363263341181e-05
2.575,-0.373310740347142,-0.14520418783447,29855.5667551706,29855.5667551706,29855.5625635034,29855.5625635034,16.2072338932029,16.2072338932029,0.0342736336467914,0.0342736336467914,-8.59555675536488e-05,-8.59555675536488e-05
2.58,-0.374036406064072,-0.14506212177365,29855.1406504003,29855.1406504003,29855.1363653209,29855.1363653209,16.2067551881452,16.2067551881452,0.034273204074776,0.034273204074776,-8.58729347040775e-05,-8.58729347040775e-05
2.585,-0.3747613617957,-0.144920194191971,29854.7149489533,29854.7149489533,29854.7105825759,29854.7105825759,16.2062769546486,16.2062769546486,0.0342727749203105,0.0342727749203105,-8.57885869884478e-05,-8.57885869884478e-05
2.59,-0.375485608241186,-0.144778407705667,29854.2896521712,29854.2896521712,29854.285223117,29854.285223117,16.2057991920232,16.2057991920232,0.0342723461912659,0.0342723461912659,-8.57028270066085e-05,-8.57028270066085e-05
2.595,-0.376209146111268,-0.144636764300671,29853.8647615619,29853.8647615619,29853.860292902,29853.860292902,16.2053218997508,16.2053218997508,0.0342719178937147,0.0342719178937147,-8.5616064718512e-05,-8.5616064718512e-05
2.6,-0.376931976124736,-0.144495265194212,29853.4402786253,29853.4402786253,29853.4357955826,29853.4357955826,16.2048450774775,16.2048450774775,0.0342714900314995,0.0342714900314995,-8.55287746447475e-05,-8.55287746447475e-05
2.605,-0.377654099004397,-0.144353910772323,29853.0162046928,29853.0162046928,29853.011732317,29853.011732317,16.2043687249934,16.2043687249934,0.0342710626060237,0.0342710626060237,-8.5441450461666e-05,-8.5441450461666e-05
2.61,-0.378375515472923,-0.144212700603379,29852.5925407913,29852.5925407913,29852.5881018101,29852.5881018101,16.2038928422005,16.2038928422005,0.0342706356162667,0.0342706356162667,-8.53545610890353e-05,-8.53545610890353e-05
2.615,-0.379096226248943,-0.144071633521211,29852.1692875442,29852.1692875442,29852.1649005636,29852.1649005636,16.203417429074,16.203417429074,0.0342702090590072,0.0342702090590072,-8.52685119547218e-05,-8.52685119547218e-05
2.62,-0.379816232043703,-0.143930707765836,29851.7464451128,29851.7464451128,29851.7421232975,29851.7421232975,16.2029424856193,16.2029424856193,0.0342697829292215,0.0342697829292215,-8.5183614418347e-05,-8.5183614418347e-05
2.625,-0.380535533558539,-0.143789921165688,29851.3240131827,29851.3240131827,29851.3197634971,29851.3197634971,16.2024680118302,16.2024680118302,0.0342693572206086,0.0342693572206086,-8.51000654247231e-05,-8.51000654247231e-05
2.63,-0.381254131483322,-0.143649271342699,29850.9019909914,29850.9019909914,29850.8978140281,29850.8978140281,16.2019940076504,16.2019940076504,0.0342689319261904,0.0342689319261904,-8.50179384369724e-05,-8.50179384369724e-05
2.635,-0.381972026495958,-0.143508755921034,29850.4803773933,29850.4803773933,29850.4762677631,29850.4762677631,16.2015204729421,16.2015204729421,0.0342685070389278,0.0342685070389278,-8.49371856466027e-05,-8.49371856466027e-05
2.64,-0.382689219262883,-0.143368372721146,29850.0591709527,29850.0591709527,29850.0551181634,29850.0551181634,16.201047407464,16.201047407464,0.0342680825522996,0.0342680825522996,-8.48576504907054e-05,-8.48576504907054e-05
2.645,-0.38340571044048,-0.143228119923512,29849.638370056,29849.638370056,29849.6343597705,29849.6343597705,16.20057481086,16.20057481086,0.0342676584607971,0.0342676584607971,-8.47790886833985e-05,-8.47790886833985e-05
2.65,-0.384121500677194,-0.14308799618994,29849.2179730308,29849.2179730308,29849.2139885698,29849.2139885698,16.2001026826583,16.2001026826583,0.0342672347602968,0.0342672347602968,-8.47011953550905e-05,-8.47011953550905e-05
2.655,-0.384836590616145,-0.142948000735023,29848.7979782626,29848.7979782626,29848.7940022051,29848.7940022051,16.1996310222803,16.1996310222803,0.0342668114482877,0.0342668114482877,-8.46236355392104e-05,-8.46236355392104e-05
2.66,-0.385550980897956,-0.142808133344913,29848.3783842979,29848.3783842979,29848.3744000347,29848.3744000347,16.1991598290591,16.1991598290591,0.0342663885239439,0.0342663885239439,-8.45460751433025e-05,-8.45460751433025e-05
2.665,-0.386264672163553,-0.142668394345545,29847.9591899264,29847.9591899264,29847.9551830366,29847.9551830366,16.1986891022631,16.1986891022631,0.0342659659880476,0.0342659659880476,-8.44682096983323e-05,-8.44682096983323e-05
2.67,-0.386977665056692,-0.142528784526509,29847.5403942369,29847.5403942369,29847.5363535795,29847.5363535795,16.198218841125,16.198218841125,0.034265543842777,0.034265543842777,-8.43897885629457e-05,-8.43897885629457e-05
2.675,-0.38768996022601,-0.1423893050302,29847.121996643,29847.121996643,29847.1179150906,29847.1179150906,16.1977490448705,16.1977490448705,0.0342651220913908,0.0342651220913908,-8.43106328082641e-05,-8.43106328082641e-05
2.68,-0.388401558326464,-0.142249957218246,29846.7039968795,29846.7039968795,29846.6998716547,29846.6998716547,16.1972797127465,16.1972797127465,0.0342647007378393,0.0342647007378393,-8.42306456782414e-05,-8.42306456782414e-05
2.685,-0.389112460020066,-0.142110742528244,29846.2863949712,29846.2863949712,29846.2822275847,29846.2822275847,16.1968108440456,16.1968108440456,0.034264279786344,0.034264279786344,-8.41498152383917e-05,-8.41498152383917e-05
2.69,-0.389822665975916,-0.14197166233393,29845.869191179,29845.869191179,29845.8649870018,29845.8649870018,16.1963424381245,16.1963424381245,0.0342638592409828,0.0342638592409828,-8.40682095251575e-05,-8.40682095251575e-05
2.695,-0.390532176869556,-0.141832717820522,29845.452385929,29845.452385929,29845.4481534616,29845.4481534616,16.1958744944161,16.1958744944161,0.0342634391053161,0.0342634391053161,-8.39859651325999e-05,-8.39859651325999e-05
2.7,-0.391240993381771,-0.141693909884952,29845.0359797326,29845.0359797326,29845.0317296549,29845.0317296549,16.1954070124338,16.1954070124338,0.0342630193820834,0.0342630193820834,-8.3903270677055e-05,-8.3903270677055e-05
2.705,-0.391949116196959,-0.141555239067918,29844.619973105,29844.619973105,29844.6157172038,29844.6157172038,16.1949399917689,16.1949399917689,0.0342626000729921,0.0342626000729921,-8.38203469203714e-05,-8.38203469203714e-05
2.71,-0.392656546001256,-0.14141670552135,29844.2043664888,29844.2043664888,29844.200116564,29844.200116564,16.1944734320815,16.1944734320815,0.0342621811786098,0.0342621811786098,-8.37374254967202e-05,-8.37374254967202e-05
2.715,-0.393363283480587,-0.141278309011678,29843.7891601889,29843.7891601889,29843.784927035,29843.784927035,16.1940073330861,16.1940073330861,0.0342617626983621,0.0342617626983621,-8.36547281745094e-05,-8.36547281745094e-05
2.72,-0.394069329318813,-0.141140048956145,29843.3743543242,29843.3743543242,29843.3701468684,29843.3701468684,16.1935416945334,16.1935416945334,0.0342613446306297,0.0342613446306297,-8.35724484068989e-05,-8.35724484068989e-05
2.725,-0.394774684196137,-0.141001924486704,29842.9599487991,29842.9599487991,29842.9557734601,29842.9557734601,16.1930765161901,16.1930765161901,0.0342609269729285,0.0342609269729285,-8.34907366020227e-05,-8.34907366020227e-05
2.73,-0.395479348787881,-0.140863934534134,29842.5459432941,29842.5459432941,29842.5418036024,29842.5418036024,16.1926117978197,16.1926117978197,0.0342605097221516,0.0342605097221516,-8.34096901260146e-05,-8.34096901260146e-05
2.735,-0.396183323763716,-0.140726077923679,29842.1323372781,29842.1323372781,29842.128233771,29842.128233771,16.1921475391636,16.1921475391636,0.0342600928748491,0.0342600928748491,-8.33293485731118e-05,-8.33293485731118e-05
2.74,-0.39688660978738,-0.140588353473156,29841.719130037,29841.719130037,29841.7150604195,29841.7150604195,16.1916837399265,16.1916837399265,0.0342596764275174,0.0342596764275174,-8.3249694347413e-05,-8.3249694347413e-05
2.745,-0.397589207516876,-0.140450760084964,29841.3063207166,29841.3063207166,29841.3022802549,29841.3022802549,16.1912203997655,16.1912203997655,0.0342592603768732,0.0342592603768732,-8.31706581366198e-05,-8.31706581366198e-05
2.75,-0.398291117605097,-0.140313296824371,29840.8939083743,29840.8939083743,29840.8898904731,29840.8898904731,16.1907575182845,16.1907575182845,0.0342588447200901,0.0342588447200901,-8.30921284670364e-05,-8.30921284670364e-05
2.755,-0.398992340700796,-0.14017596297839,29840.4818920352,29840.4818920352,29840.4778889352,29840.4778889352,16.1902950950328,16.1902950950328,0.0342584294549786,0.0342584294549786,-8.30139642340565e-05,-8.30139642340565e-05
2.76,-0.399692877449798,-0.140038758091442,29840.0702707469,29840.0702707469,29840.0662742743,29840.0662742743,16.1898331295097,16.1898331295097,0.0342580145800994,0.0342580145800994,-8.29360089197568e-05,-8.29360089197568e-05
2.765,-0.400392728496317,-0.139901681976338,29839.6590436289,29839.6590436289,29839.655045929,29839.655045929,16.189371621172,16.189371621172,0.0342576000948041,0.0342576000948041,-8.28581051555073e-05,-8.28581051555073e-05
2.77,-0.401091894484282,-0.139764734701389,29839.248209912,29839.248209912,29839.2442041042,29839.2442041042,16.1889105694459,16.1889105694459,0.0342571859992042,0.0342571859992042,-8.27801083488651e-05,-8.27801083488651e-05
2.775,-0.401790376058537,-0.139627916556364,29838.8377689657,29838.8377689657,29838.8337496691,29838.8337496691,16.1884499737392,16.1884499737392,0.0342567722940779,0.0342567722940779,-8.27018982657437e-05,-8.27018982657437e-05
2.78,-0.402488173865824,-0.139491228001703,29838.4277203114,29838.4277203114,29838.4236840051,29838.4236840051,16.1879898334557,16.1879898334557,0.0342563589807245,0.0342563589807245,-8.26233877075884e-05,-8.26233877075884e-05
2.785,-0.403185288555485,-0.139354669606574,29838.0180636223,29838.0180636223,29838.0140088197,29838.0140088197,16.1875301480084,16.1875301480084,0.0342559460607853,0.0342559460607853,-8.25445277386097e-05,-8.25445277386097e-05
2.79,-0.403881720779842,-0.139218241981792,29837.6087987093,29837.6087987093,29837.6047259454,29837.6047259454,16.1870709168309,16.1870709168309,0.0342555335360467,0.0342555335360467,-8.24653092521087e-05,-8.24653092521087e-05
2.795,-0.404577471194236,-0.139081945713865,29837.199925497,29837.199925497,29837.1958371416,29837.1958371416,16.1866121393865,16.1866121393865,0.0342551214082442,0.0342551214082442,-8.23857609906909e-05,-8.23857609906909e-05
2.8,-0.405272540456754,-0.138945781305665,29836.7914439908,29836.7914439908,29836.787343917,29836.787343917,16.1861538151739,16.1861538151739,0.0342547096788853,0.0342547096788853,-8.23059444403287e-05,-8.23059444403287e-05
2.805,-0.405966929227687,-0.138809749128455,29836.3833542397,29836.3833542397,29836.3792473854,29836.3792473854,16.18569594373,16.18569594373,0.0342542983491034,0.0342542983491034,-8.22259462536434e-05,-8.22259462536434e-05
2.81,-0.406660638168778,-0.138673849388604,29835.9756562981,29835.9756562981,29835.9715481658,29835.9715481658,16.1852385246285,16.1852385246285,0.0342538874195549,0.0342538874195549,-8.21458690268457e-05,-8.21458690268457e-05
2.815,-0.407353667942353,-0.138538082110816,29835.5683501893,29835.5683501893,29835.5642463324,29835.5642463324,16.1847815574763,16.1847815574763,0.0342534768903637,0.0342534768903637,-8.20658213412157e-05,-8.20658213412157e-05
2.82,-0.408046019210404,-0.138402447138213,29835.1614358746,29835.1614358746,29835.1573414146,29835.1573414146,16.1843250419065,16.1843250419065,0.0342530667611169,0.0342530667611169,-8.19859079769225e-05,-8.19859079769225e-05
2.825,-0.408737692633714,-0.1382669441481,29834.7549132301,29834.7549132301,29834.7508324443,29834.7508324443,16.1838689775701,16.1838689775701,0.0342526570309053,0.0342526570309053,-8.19062211343608e-05,-8.19062211343608e-05
2.83,-0.409428688871096,-0.138131572680916,29834.3487820318,29834.3487820318,29834.3447180427,29834.3447180427,16.1834133641272,16.1834133641272,0.0342522476984057,0.0342522476984057,-8.18268333466116e-05,-8.18268333466116e-05
2.835,-0.410119008578802,-0.137996332179009,29833.9430419514,29833.9430419514,29833.938996537,29833.938996537,16.1829582012367,16.1829582012367,0.0342518387619919,0.0342518387619919,-8.17477925812198e-05,-8.17477925812198e-05
2.84,-0.410808652410143,-0.137861222031208,29833.5376925601,29833.5376925601,29833.5336660936,29833.5336660936,16.1825034885487,16.1825034885487,0.0342514302198651,0.0342514302198651,-8.16691197988527e-05,-8.16691197988527e-05
2.845,-0.411497621015338,-0.137726241618903,29833.1327333422,29833.1327333422,29833.1287248567,29833.1287248567,16.1820492256964,16.1820492256964,0.0342510220701892,0.0342510220701892,-8.15908090109446e-05,-8.15908090109446e-05
2.85,-0.412185915041584,-0.137591390359606,29832.7281637143,29832.7281637143,29832.7241710788,29832.7241710788,16.1815954122916,16.1815954122916,0.0342506143112214,0.0342506143112214,-8.15128296583334e-05,-8.15128296583334e-05
2.855,-0.412873535133335,-0.137456667744393,29832.3239830496,29832.3239830496,29832.3200032332,29832.3200032332,16.1811420479212,16.1811420479212,0.0342502069414241,0.0342502069414241,-8.14351309435122e-05,-8.14351309435122e-05
2.86,-0.41356048193275,-0.137322073366371,29831.9201907037,29831.9201907037,29831.9162200991,29831.9162200991,16.1806891321469,16.1806891321469,0.0342497999595525,0.0342497999595525,-8.13576476089372e-05,-8.13576476089372e-05
2.865,-0.414246756080242,-0.137187606938445,29831.5167860411,29831.5167860411,29831.5128208153,29831.5128208153,16.1802366645068,16.1802366645068,0.0342493933647107,0.0342493933647107,-8.12803065626171e-05,-8.12803065626171e-05
2.87,-0.414932358215109,-0.137053268299485,29831.1137684579,29831.1137684579,29831.1098048985,29831.1098048985,16.179784644519,16.179784644519,0.0342489871563735,0.0342489871563735,-8.1203033719693e-05,-8.1203033719693e-05
2.875,-0.415617288976146,-0.13691905740922,29830.7111374013,29830.7111374013,29830.7071722277,29830.7071722277,16.1793330716868,16.1793330716868,0.0342485813343748,0.0342485813343748,-8.11257604566687e-05,-8.11257604566687e-05
2.88,-0.41630154900222,-0.136784974333073,29830.3088923829,29830.3088923829,29830.3049229992,29830.3049229992,16.1788819455046,16.1788819455046,0.0342481758988665,0.0342481758988665,-8.10484291467371e-05,-8.10484291467371e-05
2.885,-0.416985138932744,-0.136651019218939,29829.9070329854,29829.9070329854,29829.9030576568,29829.9030576568,16.1784312654647,16.1784312654647,0.0342477708502517,0.0342477708502517,-8.09709973631847e-05,-8.09709973631847e-05
2.89,-0.417668059408015,-0.136517192268468,29829.505558863,29829.505558863,29829.5015768054,29829.5015768054,16.1779810310632,16.1779810310632,0.0342473661891023,0.0342473661891023,-8.0893440480885e-05,-8.0893440480885e-05
2.895,-0.418350311069409,-0.136383493705692,29829.1044697357,29829.1044697357,29829.1004811171,29829.1004811171,16.1775312418058,16.1775312418058,0.0342469619160663,0.0342469619160663,-8.0815752561439e-05,-8.0815752561439e-05
2.9,-0.419031894559412,-0.136249923745945,29828.703765378,29828.703765378,29828.6997712378,29828.6997712378,16.1770818972119,16.1770818972119,0.034246558031776,0.034246558031776,-8.0737945566302e-05,-8.0737945566302e-05
2.905,-0.419712810521507,-0.136116482567634,29828.303445604,29828.303445604,29828.2994477029,29828.2994477029,16.1766329968176,16.1766329968176,0.0342461545367638,0.0342461545367638,-8.06600470792374e-05,-8.06600470792374e-05
2.91,-0.420393059599926,-0.13598317028923,29827.90351025,29827.90351025,29827.8995108677,29827.8995108677,16.1761845401771,16.1761845401771,0.0342457514313919,0.0342457514313919,-8.05820968397166e-05,-8.05820968397166e-05
2.915,-0.421072642439308,-0.135849986952963,29827.5039591564,29827.5039591564,29827.4999608589,29827.4999608589,16.1757365268623,16.1757365268623,0.0342453487158024,0.0342453487158024,-8.05041424680092e-05,-8.05041424680092e-05
2.92,-0.421751559684293,-0.135716932516278,29827.104792151,29827.104792151,29827.1007975488,29827.1007975488,16.1752889564609,16.1752889564609,0.0342449463898893,0.0342449463898893,-8.0426234806164e-05,-8.0426234806164e-05
2.925,-0.422429811979095,-0.135584006851197,29826.7060090334,29826.7060090334,29826.7020205536,29826.7020205536,16.1748418285735,16.1748418285735,0.0342445444532938,0.0342445444532938,-8.03484233046998e-05,-8.03484233046998e-05
2.93,-0.423107399967084,-0.135451209751077,29826.3076095644,29826.3076095644,29826.3036292532,29826.3036292532,16.1743951428097,16.1743951428097,0.0342441429054223,0.0342441429054223,-8.02707518478541e-05,-8.02707518478541e-05
2.935,-0.42378432429043,-0.135318540943723,29825.9095934584,29825.9095934584,29825.9056228312,29825.9056228312,16.173948898784,16.173948898784,0.0342437417454831,0.0342437417454831,-8.0193255349394e-05,-8.0193255349394e-05
2.94,-0.424460585589811,-0.135186000109245,29825.511960381,29825.511960381,29825.5080003277,29825.5080003277,16.1735030961108,16.1735030961108,0.0342433409725372,0.0342433409725372,-8.01159573568168e-05,-8.01159573568168e-05
2.945,-0.425136184504233,-0.135053586900796,29825.1147099506,29825.1147099506,29825.1107607024,29825.1107607024,16.1730577344012,16.1730577344012,0.0342429405855597,0.0342429405855597,-8.0038868803184e-05,-8.0038868803184e-05
2.95,-0.425811121670942,-0.134921300966206,29824.7178417442,29824.7178417442,29824.7139028986,29824.7139028986,16.1726128132585,16.1726128132585,0.0342425405835024,0.0342425405835024,-7.9961987932334e-05,-7.9961987932334e-05
2.955,-0.426485397725455,-0.134789141968596,29824.3213553062,29824.3213553062,29824.3174259058,29824.3174259058,16.1721683322766,16.1721683322766,0.034242140965356,0.034242140965356,-7.988530132432e-05,-7.988530132432e-05
2.96,-0.427159013301681,-0.134657109604248,29823.9252501599,29823.9252501599,29823.9213288127,29823.9213288127,16.1717242910381,16.1717242910381,0.0342417417302035,0.0342417417302035,-7.98087858564354e-05,-7.98087858564354e-05
2.965,-0.427831969032122,-0.134525203616374,29823.5295258194,29823.5295258194,29823.5256108491,29823.5256108491,16.1712806891136,16.1712806891136,0.0342413428772622,0.0342413428772622,-7.97324113640999e-05,-7.97324113640999e-05
2.97,-0.428504265548134,-0.134393423803909,29823.1341818019,29823.1341818019,29823.1302714117,29823.1302714117,16.1708375260631,16.1708375260631,0.0342409444059117,0.0342409444059117,-7.9656143725959e-05,-7.9656143725959e-05
2.975,-0.429175903480214,-0.134261770024886,29822.7392176389,29822.7392176389,29822.7353100747,29822.7353100747,16.1703948014371,16.1703948014371,0.0342405463157051,0.0342405463157051,-7.95799480753671e-05,-7.95799480753671e-05
2.98,-0.429846883458294,-0.134130242194493,29822.3446328852,29822.3446328852,29822.3407265835,29822.3407265835,16.1699525147793,16.1699525147793,0.0342401486063655,0.0342401486063655,-7.95037918550792e-05,-7.95037918550792e-05
2.985,-0.430517206112014,-0.133998840278347,29821.9504271256,29821.9504271256,29821.946520835,29821.946520835,16.1695106656288,16.1695106656288,0.0342397512777672,0.0342397512777672,-7.94276474598739e-05,-7.94276474598739e-05
2.99,-0.431186872070943,-0.133867564281872,29821.5565999783,29821.5565999783,29821.5526928456,29821.5526928456,16.1690692535241,16.1690692535241,0.034239354329906,0.034239354329906,-7.93514942696289e-05,-7.93514942696289e-05
2.995,-0.431855881964751,-0.133736414237018,29821.1631510951,29821.1631510951,29821.1592427111,29821.1592427111,16.1686282780053,16.1686282780053,0.0342389577628602,0.0342389577628602,-7.92753199389847e-05,-7.92753199389847e-05
3,-0.432524236423305,-0.133605390187593,29820.7700801593,29820.7700801593,29820.7661705628,29820.7661705628,16.1681877386168,16.1681877386168,0.0342385615767482,0.0342385615767482,-7.91991208829777e-05,-7.91991208829777e-05
