time_s,delayed_power_perturbation_pct,SOURCE_FROZEN_1STATE,PREFIX_IDENTIFIED_1STATE,STATIC_GAIN_NEGCONTROL,D13_SHAPE_PREFIX_GAIN_DIAGNOSTIC,observed_lowpass_g,LP_SOURCE_FROZEN_1STATE,LP_PREFIX_IDENTIFIED_1STATE,LP_STATIC_GAIN_NEGCONTROL,LP_D13_SHAPE_PREFIX_GAIN_DIAGNOSTIC
0.5,0.0,0.0,0.0,-0.0,-0.0,0.0,0.0,0.0,0.0,0.0
0.52,-0.0005778793187678488,5.6572751060151536e-06,6.861168193184659e-06,5.663217323924918e-06,1.0532446890876806e-05,1.8502293022738342e-06,3.3229706408741733e-09,4.030113445218629e-09,3.326460981238712e-09,6.186549379176743e-09
0.54,-0.0006902388693291739,6.745375518483543e-06,8.182371923388643e-06,6.764340919425904e-06,1.1043995402541757e-05,6.894041065868344e-06,2.333853763728874e-08,2.8305992233997626e-08,2.337002991706568e-08,4.2561158405372304e-08
0.56,-0.00080259841989061,7.831193317669644e-06,9.50110265370456e-06,7.865464514927977e-06,1.2164892537870657e-05,1.4356739017545165e-05,6.494511394980208e-08,7.877302721385359e-08,6.506931935416113e-08,1.143070072424295e-07
0.58,-0.0009149579704519351,8.914733292029533e-06,1.0817365013036208e-05,8.966588110428963e-06,1.3524303103387383e-05,2.3503461735048208e-05,1.299891724910955e-07,1.576765370593963e-07,1.3031808279990723e-07,2.2196365763458212e-07
0.6,-0.003247210134615708,3.172812111978269e-05,3.848797567229925e-05,3.1822659319233935e-05,5.54348116602407e-05,3.3683886213467745e-05,2.328432561127096e-07,2.824540083880565e-07,2.3355317827042833e-07,3.906134303655016e-07
0.62,-0.010741583728015258,0.00010502936004167542,0.00012739672372490287,0.00010526752053454953,0.00018556142116775014,4.450160998021607e-05,4.662152880436655e-07,5.65552350308083e-07,4.6765930743696383e-07,7.883098955239565e-07
0.64,-0.01823595732141481,0.0001781768278779829,0.0002161390543514328,0.00017871238174986512,0.00029956046047871634,5.595198863574726e-05,1.0430910488366074e-06,1.2653173810606476e-06,1.0461200518854565e-06,1.7849069771363855e-06
0.66,-0.025730330914814248,0.00025117084720915574,0.0003047152790483411,0.00025215724296517964,0.00040691981727280564,6.810993500451557e-05,2.185923982427026e-06,2.651635658822498e-06,2.1923438712497745e-06,3.7267724546571738e-06
0.6799999999999999,-0.03322470450821369,0.00032401173993893865,0.0003931257087290305,0.0003256021041804941,0.0005114081075189953,8.104182613060182e-05,4.096588113228027e-06,4.969495733159628e-06,4.109605341920229e-06,6.902796768544888e-06
0.7,-0.029891104466470475,0.00029069702756712976,0.0003528099908161373,0.00029293282377141066,0.0004171717754797869,9.494298648626422e-05,6.895092854363638e-06,8.36465543926236e-06,6.919652376522229e-06,1.1447041350315715e-05
0.72,-0.0226435352817278,0.00021913555164731682,0.00026609913164489263,0.00022190664576093242,0.0002796079089176045,0.00011058860769634648,1.0421901057239509e-05,1.264386981335295e-05,1.0464644719107203e-05,1.6993787942473704e-05
0.74,-0.015395966096985125,0.0001477241971442783,0.00017955057593997708,0.00015088046775045422,0.0001636807312423108,0.00012906109599633174,1.4380294659756121e-05,1.7447476089418547e-05,1.4449082081836201e-05,2.30047845965384e-05
0.76,-0.00814839691224234,7.646264913382396e-05,9.316401990535459e-05,7.985428973997493e-05,5.657708760373495e-05,0.00015140500722503816,1.8475106309943662e-05,2.241761050322411e-05,1.8578393407885096e-05,2.9014522396811986e-05
0.78,-0.0020385534760728463,1.6488606681216124e-05,2.04473919896186e-05,1.9977824065513895e-05,-2.60558918808164e-05,0.00017856245347272156,2.2441769697776006e-05,2.7233441240839143e-05,2.258802097327424e-05,3.464221670389957e-05
0.8,-0.0021509130266341714,1.755398516375333e-05,2.1743165326933396e-05,2.107894766101488e-05,3.4051407615569646e-06,0.0002113136110563074,2.609958387985487e-05,3.167577618657626e-05,2.629680492085623e-05,3.9666473114378874e-05
0.8200000000000001,-0.0022632725771956075,1.8617128698994297e-05,2.3036513264406475e-05,2.2180071256516954e-05,1.5996132878708685e-05,0.00025014598947860404,2.943036412417029e-05,3.572247413905769e-05,2.968589283463753e-05,4.41476850958785e-05
0.8400000000000001,-0.0023756321277569326,1.967804197540157e-05,2.4327440341844926e-05,2.328119485201794e-05,2.188450979802052e-05,0.00029543604389025227,3.2452891022788125e-05,3.939622078244401e-05,3.277339826193822e-05,4.8163573662180665e-05
0.86,-0.0024879916783183686,2.0736729671606583e-05,2.5615951090563603e-05,2.4382318447520013e-05,2.5107862704840103e-05,0.000347507321918967,3.518547323982408e-05,4.271913476393534e-05,3.557700176567381e-05,5.1760663045519665e-05
0.88,-0.00045878576430291584,8.278761945987481e-07,1.475217177515614e-06,4.496100490168575e-06,-1.1762671446606472e-05,0.0004065935700656169,3.763360813554803e-05,4.569780230495719e-05,3.8101597596531416e-05,5.494968405489478e-05
0.9,0.003111573517135424,-3.412666818611177e-05,-4.091846335464565e-05,-3.0493420467927156e-05,-7.145377823044072e-05,0.0004726829105631067,3.974626109961959e-05,4.827024906224613e-05,4.02955001996998e-05,5.7634777914194274e-05
0.9199999999999999,0.006681932798573764,-6.900788504446915e-05,-8.323279233422651e-05,-6.548294142602289e-05,-0.00012489144346780137,0.0005455238742008026,4.1431339059145476e-05,5.032469096720121e-05,4.20658152586585e-05,5.965823447833797e-05
0.94,0.010252292080011993,-0.00010381592820669515,-0.00012546791828970487,-0.00010047246238411754,-0.0001757335641991296,0.0006248185908482316,4.259745749017976e-05,5.1750178212701457e-05,4.332016435461807e-05,6.088051724999152e-05
0.96,0.013822651361450333,-0.0001385509511763187,-0.0001676239894715502,-0.00013546198334221326,-0.0002254331488398405,0.0007102711544444537,4.316270935769483e-05,5.244723050331762e-05,4.397546460505346e-05,6.118636747124471e-05
0.98,0.017393010642885565,-0.00017321310713481588,-0.00020970115385269926,-0.00017045150430027852,-0.00027456762257410135,0.0008014363972651165,4.305417618530586e-05,5.232724672292755e-05,4.39574591225987e-05,6.047748620887121e-05
1.0,0.020963369924320685,-0.0002078025489423801,-0.00025169955912919,-0.0002054410252583427,-0.00032336670680695986,0.0008972693957792659,4.220744788715433e-05,5.13119250901432e-05,4.320025521855063e-05,5.866921272245304e-05
1.02,0.024533729205755916,-0.0002423194291385079,-0.0002936193527205735,-0.00024043054621640796,-0.00037192204497466273,0.0009965672673609106,4.056615230592542e-05,4.933269494906783e-05,4.164587131434836e-05,5.5688799791066165e-05
1.04,0.028104088487191148,-0.0002767638999426958,-0.00033546068177046,-0.00027542006717447325,-0.00042027044689561815,0.0010981931833673009,3.8081495290688444e-05,4.633016120940144e-05,3.924379341597645e-05,5.14743337909155e-05
1.06,0.02851574212893393,-0.00028021327832694544,-0.00033972034259817445,-0.0002794542728635525,-0.0004108562761651012,0.0012010760254892359,3.472997550096703e-05,4.227559104439822e-05,3.5968724438902846e-05,4.600773775943198e-05
1.08,0.02471514242878503,-0.0002424186516285573,-0.0002939598950325181,-0.0002422083958020933,-0.00033288149523032624,0.001304114713349572,3.0588553029101855e-05,3.7262085684958643e-05,3.1895884900021604e-05,3.94499730594475e-05
1.1,0.020914542728636132,-0.00020470331036738921,-0.00024828510085943175,-0.00020496251874063407,-0.00026935670201365944,0.0014061250464935547,2.5842920960406668e-05,3.15146397536417e-05,2.7209504134995742e-05,3.2134399241642703e-05
1.12,0.017113943028487233,-0.0001670670882187252,-0.00020269579975479166,-0.00016771664167917487,-0.0002116930475649869,0.0015059849689617725,2.068874130148823e-05,2.527038952823887e-05,2.210418082729141e-05,2.4371790149253794e-05
1.1400000000000001,0.013313343328338334,-0.00012950981920676458,-0.00015719183169456518,-0.00013047076461771568,-0.00015647935665646432,0.0016026711267723536,1.5306895146481687e-05,1.8748598870871558e-05,1.6760128112726918e-05,1.642612455147844e-05
1.1600000000000001,0.009512743628188103,-9.20313377038771e-05,-0.00011177303695423338,-9.32248875562434e-05,-0.0001023605578544889,0.001695674242854922,9.864061591200445e-06,1.2151357184969349e-05,1.1343722061779056e-05,8.53095952792762e-06
1.1800000000000002,0.005712143928037872,-5.463147842991163e-05,-6.643925610827767e-05,-5.597901049477114e-05,-4.879807927205102e-05,0.0017863052331744335,4.513298553385491e-06,5.664279850436785e-06,6.0080532857106445e-06,8.96453039637321e-07
1.2000000000000002,0.0019115442278875294,-1.731007645142709e-05,-2.1190330029571558e-05,-1.873313343329779e-05,4.42240973047013e-06,0.0018766562766936725,-6.053766601062254e-07,-5.427914814195549e-07,8.934795090938677e-07,-6.287330094626306e-06
1.22,-0.0018890554722628128,1.9933032819018645e-05,2.3973900111158208e-05,1.8512743628175565e-05,5.7386478867629546e-05,0.001968767138037942,-5.364409021808237e-06,-6.315091138132271e-06,-3.871822876518419e-06,-1.284859293271689e-05
1.24,-0.00462282313899165,4.6654029717332433e-05,5.6387083113741395e-05,4.5303666762118164e-05,9.068444931688112e-05,0.0020644613804847215,-9.654266089458623e-06,-1.1519676477339883e-05,-8.17745112955799e-06,-1.8643996425579428e-05
1.26,-0.004735182689552975,4.76561272797157e-05,5.761558533295179e-05,4.640479035761915e-05,7.883292098884452e-05,0.0021649335165802525,-1.3415297780997708e-05,-1.60840725678845e-05,-1.19627072453401e-05,-2.361640333935142e-05
1.28,-0.004847542240114411,4.865612264529823e-05,5.884178806890989e-05,4.7505913953121226e-05,7.490857766654616e-05,0.0022700657036002713,-1.6659612389099968e-05,-2.0022817246114646e-05,-1.5238601701406496e-05,-2.7826428101847206e-05
1.3,-0.004959901790675736,4.9654020224059063e-05,6.0065695625734886e-05,4.860703754862221e-05,7.412924062138787e-05,0.0023794505767823137,-1.9414601375640367e-05,-2.336898743789585e-05,-1.8031469624858252e-05,-3.133772221883088e-05
1.32,-0.005072261341237172,5.0649824416730286e-05,6.128731229949492e-05,4.970816114412428e-05,7.459587366861038e-05,0.0024926992377892446,-2.170712347475696e-05,-2.6155021751708015e-05,-2.0367170377569566e-05,-3.419874139500096e-05
1.3399999999999999,-0.01312091758174716,0.00012933763981851115,0.00015673438968167151,0.00012858499230112216,0.00022020155964485417,0.002609732774493276,-2.3517819375507648e-05,-2.8357312963744807e-05,-2.2225353133743725e-05,-3.6366354871016454e-05
1.3599999999999999,-0.0243146112754411,0.00023864941144081635,0.0002893438793416051,0.00023828319049932277,0.0004022221702071245,0.002731849531500981,-2.4633881146989764e-05,-2.971763344413202e-05,-2.339197460092713e-05,-3.744740814741057e-05
1.38,-0.03550830496913504,0.00034773186920653693,0.0004217051534949037,0.00034798138869752336,0.0005673268672022673,0.0028614507851579506,-2.474816761501585e-05,-2.9863289704822887e-05,-2.3558112262153597e-05,-3.6928947679338035e-05
1.4,-0.04670199866282898,0.0004565854941694885,0.000553818676745857,0.000457679586895724,0.0007253636929042838,0.0030009483131575743,-2.3565402073464992e-05,-2.8435893702609785e-05,-2.2426075534109337e-05,-3.43678279683116e-05
1.42,-0.05732823038968027,0.0005596554741976308,0.0006789474299822771,0.0005618166578188666,0.0008699021387120362,0.0031525235423213683,-2.0822857379064722e-05,-2.5116453222447644e-05,-1.973013750424913e-05,-2.9397711438796628e-05
1.44,-0.06482260398307815,0.000631849228943429,0.0007666573802087148,0.0006352615190341658,0.0009572669009502156,0.0033178492556181316,-1.6316129722780282e-05,-1.965663949394796e-05,-1.5262404128199337e-05,-2.1758984512905916e-05
1.46,-0.07231697757647615,0.0007038915358801187,0.0008542031568923084,0.0007087063802494663,0.0010525925834808363,0.0034972362815289017,-9.93789472296084e-06,-1.1925806872974998e-05,-8.911733510046732e-06,-1.1356790151121776e-05
1.48,-0.07981135116987403,0.0007757827127143882,0.0009415850673294579,0.0007821512414647655,0.0011508507336707836,0.00369046889201981,-1.613836485081024e-06,-1.8333140372418562e-06,-5.998015308441835e-07,1.8743223254833888e-06
1.5,-0.08730572476327203,0.000847523076486446,0.001028803418241378,0.0008555961026800659,0.0012500453706002393,0.0038972582351988892,8.717079655107524e-06,1.0695392216231895e-05,9.738576811284292e-06,1.7996494831847662e-05
1.52,-0.09480009835667014,0.0009191129435714124,0.0011158585157751665,0.0009290409638953673,0.001349384732604956,0.004117178669636634,2.1103478089312535e-05,2.5719829595558247e-05,2.215629138312203e-05,3.706072833838125e-05
1.54,-0.10229447195006836,0.0009905526296807175,0.0012027506655048817,0.00100248582511067,0.001448555261356633,0.004349003101163461,3.5582415858686224e-05,4.32854991821623e-05,3.6694754662150355e-05,5.910448423190331e-05
1.56,-0.10978884554346657,0.0010618424498634916,0.0012894801724326148,0.0010759306863259723,0.0015474332942498994,0.0045900984216962525,5.218019691237456e-05,6.342486977330383e-05,5.3384692558932385e-05,8.415141693740698e-05
1.58,-0.1172832191368649,0.0011329827185079585,0.0013760473409895621,0.001149375547541276,0.001645970574799354,0.004837681852263399,7.091315722491164e-05,8.615832711125769e-05,7.224690777767603e-05,0.00011221192622216411
1.6,-0.12470014992503442,0.0012032156061805126,0.0014615329956669694,0.0012220614692653373,0.0017427373127357232,0.005089174612994754,9.178797511597171e-05,0.00011149454749658259,9.329256952918904e-05,0.00014328317916685227
1.62,-0.12850074962518632,0.0012378983008936837,0.0015039218971156986,0.0012593073463268258,0.0017734330743466844,0.005342068797906809,0.00011478034247828185,0.00013940462750559375,0.00011650184207466754,0.00017730911183239597
1.6400000000000001,-0.1323013493253382,0.0012725082383697947,0.0015462314559572302,0.0012965532233883143,0.0018134600146209562,0.005593513225196544,0.00013977829966051574,0.00016975335179118806,0.00014176709501789573,0.00021408054057475308
1.66,-0.13610194902549,0.0013070455712387242,0.001588461820703298,0.001333799100449802,0.0018570873659128726,0.005840572532118205,0.00016665185095457655,0.00020238359904054098,0.00016896240784613174,0.00025338220694014104
1.68,-0.1399025487256419,0.0013415104518101687,0.001630613139587659,0.0013710449775112905,0.0019020397841766781,0.0060805161086116164,0.00019527485395244402,0.00023714288459906864,0.0001979654444031044,0.00029502194669789317
1.7,-0.14203855347607697,0.0013596071182653288,0.0016529218044455448,0.0013919778240655543,0.0019170751438529062,0.006310866060366058,0.00022551556995037203,0.00027387190108380953,0.0002286480014595927,0.0003388026632944306
1.72,-0.1421509130266383,0.0013578549073778418,0.0016511619483222874,0.0013930789476610552,0.0018997165287451426,0.006529426358794857,0.00025719804752244636,0.00031235768274360577,0.00026083733997332313,0.000384448813325165
1.74,-0.14226327257719973,0.001356106372272298,0.001649405386258758,0.0013941800712565574,0.0018894693494011874,0.006734318501225105,0.00029010080738183083,0.0003523319984028143,0.00029431477572212044,0.00043161365797452704
1.76,-0.14237563212776105,0.001354361505237652,0.0016476521120892056,0.0013952811948520583,0.001882058847897414,0.006923886589001284,0.00032400501368839757,0.00039352976144744757,0.0003288638056006058,0.00047997321235818114
1.78,-0.1424879916783225,0.0013526202985790399,0.0016459021196594261,0.0013963823184475603,0.001875787430596346,0.007096662310017127,0.00035870619065342174,0.0004357032406145899,0.00036428184208287044,0.0005292369235923302
1.8,-0.14260035122888381,0.0013508827446177354,0.0016441554028267284,0.0013974834420430614,0.0018699809197749403,0.007251147719041106,0.00039401375982221266,0.0004786215028564561,0.0004003797801751915,0.000579139246320853
1.82,-0.14271271077944525,0.0013491488356911247,0.0016424119554599255,0.0013985845656385634,0.0018643715457991425,0.007385126887068222,0.00042975056704783166,0.0005220698435673356,0.0004369815530772997,0.0006294358608737379
1.84,-0.14282507033000658,0.0013474185641526644,0.001640671771439301,0.0013996856892340645,0.001858852927618621,0.007496075160629231,0.0004657524016267103,0.0005658492071674614,0.00047392367900395973,0.0006799017315877587
1.86,-0.1429374298805679,0.0013456919223718553,0.0016389348446565965,0.0014007868128295654,0.0018533827732582072,0.007581664300872232,0.0005018675098930212,0.0006097756008275468,0.0005110548014496675,0.0007303298942030825
1.8800000000000001,-0.14869483040434495,0.0013992322574399964,0.0017042248092747473,0.0014572093379625803,0.0019508309380669262,0.007639877806662737,0.0005379885659940069,0.0006537188722653546,0.000548267719704822,0.0007805909663675496
1.9000000000000001,-0.1673038529607348,0.0015784740210288812,0.0019219800305728166,0.001639577759015201,0.00226753044798195,0.00766920974336812,0.0005742179108788419,0.0006978031245764261,0.0005856648947046567,0.0008309322013646421
1.92,-0.18591287551712454,0.001757339771865803,0.0021393276624689836,0.0018219461800678205,0.0025439482929772816,0.007668862692527782,0.0006109692052856821,0.0007425300589532266,0.0006236606490895695,0.0008821190414136962
1.94,-0.2045218980735144,0.0019358302987490142,0.002356268467880069,0.002004314601120441,0.0028038011991312166,0.00763831738375678,0.0006486903387921925,0.0007884430028451586,0.0006627044389798773,0.0009348727927716691
1.96,-0.22313092062990425,0.002113946388822027,0.002572803208294878,0.0021866830221730616,0.0030565094442673918,0.007577200988490868,0.0006877881229657432,0.0008360355866495555,0.0007032055399067084,0.0009897856996386963
1.98,-0.2473126405547149,0.002346243958850764,0.0028550973475354054,0.002423663877436206,0.003407384206433248,0.007485365333816837,0.0007286622767886253,0.0008857929498957087,0.0007455669816705828,0.001047426277474842
2.0,-0.2733593273017041,0.0025963117136152754,0.0031590058686607136,0.0026789214075567,0.0037755215015995614,0.007363158514641489,0.000771808721648279,0.0009383170157124191,0.0007902889369349127,0.0011085392899711846
2.02,-0.29940601404869327,0.002845854877108404,0.0034623455405450266,0.002934178937677194,0.004131322273734296,0.007211209019017091,0.0008177462621878379,0.0009942375952070792,0.0008378955270895444,0.001173884656041525
2.04,-0.32545270079568245,0.003094874549815904,0.003765117427947759,0.003189436467797688,0.004481432819836581,0.007030225901565148,0.0008669503565873889,0.0010541320697906237,0.0008888685710213126,0.0012441238706303614
2.06,-0.3522454542321869,0.0033506756118170497,0.0040761806525307625,0.0034520054514754314,0.004842093268166744,0.006821023875689156,0.0009198489960344914,0.0011185203816351497,0.0009436433692289168,0.001319833891878245
2.08,-0.3820193803813956,0.0036351248930141192,0.00442205713580075,0.0037437899277376766,0.005253109532587508,0.006584897126236914,0.0009768547362268073,0.001187903868368711,0.001002640669289715,0.0014015765044753884
2.1,-0.41179330653060453,0.0039189774574925245,0.004767286215127417,0.004035574403999924,0.005653814242808425,0.0063239752603812165,0.0010384017600734586,0.0012628102084352865,0.0010663037350760113,0.001489962681268756
2.12,-0.44156723267981346,0.0042022345570425345,0.005111869102307126,0.004327358880262172,0.006049527627654895,0.0060404928848151514,0.0011048876652041389,0.0013437228264493138,0.0011350401185368014,0.0015855324675000406
2.14,-0.47134115882902217,0.004484897440828413,0.0054558070068680305,0.004619143356524417,0.006442365783453805,0.0057365806594891055,0.0011766586076729282,0.0014310628651666227,0.001209206710967931,0.001688738213021679
2.16,-0.4913791084360144,0.004671654898387399,0.005683505767955799,0.004815515262672941,0.006655724184243477,0.005414483154016767,0.0012539563121348432,0.0015251249048921882,0.001289056589502549,0.0017998542741588614
2.1799999999999997,-0.5062776809378928,0.004807707528358387,0.0058497584405517705,0.00496152127319135,0.006799602561598818,0.005077272839747602,0.0013367330589185962,0.0016258525501868532,0.0013745535905463607,0.0019186501422829927
2.2,-0.5211762534397719,0.004943474747592604,0.00601569992507619,0.005107527283709765,0.006966173560195106,0.004728419741358465,0.001424755318613026,0.0017329640388901934,0.001465475445385377,0.002044640037048671
2.2199999999999998,-0.5360748259416503,0.005078957154823695,0.0061813308040039846,0.005253533294228173,0.007141342888494277,0.004371246634622165,0.0015177610910025044,0.0018461430125712903,0.0015615708941845705,0.0021773710047602456
2.24,-0.5506209175817507,0.005210704659574356,0.006342466649152972,0.005396084992301157,0.0073130908052906176,0.004008843440673479,0.001615489485254287,0.0019650743838310093,0.0016625892374566049,0.002316434223683301
2.26,-0.5618146112754425,0.005309356757030458,0.006463497822128079,0.005505783190499336,0.007425457376798346,0.003644205184773968,0.0017176563488714544,0.0020894147794320896,0.001768255941745924,0.00246139437326578
2.2800000000000002,-0.5730083049691348,0.005407801902457591,0.006584302451633371,0.005615481388697521,0.007547021941797638,0.0032805071886490783,0.001823906984155913,0.002218735188379069,0.001878225257577167,0.0026116980937907026
2.3,-0.5842019986628264,0.005506040529998996,0.006704880961707886,0.005725179586895698,0.007671948655692498,0.002920763035380763,0.0019338822286967066,0.0023526010854384477,0.0019921462212073556,0.002766808305607528
2.3200000000000003,-0.5953956923565187,0.005604073072887193,0.0068252337755969825,0.005834877785093883,0.007797921147194096,0.0025677275029181777,0.002047238574662245,0.00249059683086724,0.002109682785674875,0.002926228563074442
2.34,-0.6105369356674963,0.0057405453578289614,0.006992230620460661,0.005983261969541464,0.007995968821422632,0.0022238702139263868,0.0021636707815500707,0.002632353099734805,0.0022305364901755564,0.003089534569753162
2.3600000000000003,-0.629145958223889,0.005910679929805143,0.007200087869563275,0.006165630390594112,0.008246488855980682,0.001891233117001963,0.0022829958995678875,0.002777648796519188,0.002354530652060525,0.0032565203292206015
2.38,-0.6477549807802809,0.006080457594064434,0.007407556056069183,0.006347998811646753,0.008483117827033785,0.0015714341862645615,0.002405134738253624,0.002926388613849382,0.002481592072801994,0.0034271370157507135
2.4000000000000004,-0.6663640033366736,0.006249879099326622,0.007614635908217157,0.006530367232699401,0.008713712804983259,0.001265870725085016,0.0025300227619349486,0.0030784949946645115,0.002611662057754862,0.0036013212931701767
2.42,-0.6849730258930653,0.006418945192740806,0.00782132815288283,0.0067127356537520395,0.008941395859441365,0.0009757772437801609,0.002657589970231938,0.0032338837352590796,0.0027446763063015715,0.0037789792584512452
2.44,-0.7290958746817005,0.006837429763372443,0.008330559485322474,0.007145139571880664,0.00963242455058508,0.0007022344436089075,0.002787908298502429,0.003392642751730664,0.002880712455646216,0.003960274727253794
2.46,-0.773835103706644,0.007261070626719287,0.008846155939885239,0.0075835840163251105,0.010265682537347625,0.0004461780006096055,0.0029216108532542423,0.003555540569481659,0.003020410054643058,0.004146375805662853
2.48,-0.8185743327315875,0.007683822777727661,0.00936078731242019,0.008022028460769557,0.01086858714718912,0.00020840713525382778,0.003059419314683532,0.0037234533087256647,0.0031644986483932882,0.004338449136911101
2.5,-0.8633135617565308,0.008105688080735233,0.009874455409346495,0.008460472905214003,0.011458111493456895,-1.0407044228295292e-05,0.0032019828230705084,0.0038971693091549016,0.003313636681416992,0.004537435649010002
2.52,-0.9214768753455866,0.008658086387709749,0.010546546353304162,0.009030473378386748,0.012285668557641091,-0.00020965800826035363,0.00334995543472345,0.004077483048598998,0.0034684888826205483,0.004744267820849901
2.54,-0.9964198411250529,0.009373593925071097,0.011416604307230361,0.009764914443025519,0.013379412007136889,-0.00038844237276121444,0.0035043148796493552,0.004265581734751661,0.0036300453681036363,0.004960471519350681
2.56,-1.0713628069045191,0.0100876004731943,0.012285033705942378,0.010499355507664287,0.014411070682058817,-0.0005451776672598099,0.0036663850828342107,0.004463072707471724,0.0037996448658098947,0.005188125937732005
2.58,-1.1463057726839854,0.010800109180849393,0.013151837597733806,0.011233796572303056,0.015415820022719328,-0.0006782977528171036,0.0038374431540153,0.004671506888647129,0.003978582019503513,0.005429092861871011
2.6,-1.2212487384634516,0.01151112319020093,0.01401701902519251,0.011968237636941825,0.016407637033501107,-0.0007864453831579203,0.0040186261264022905,0.004892265660998406,0.004168013931219679,0.005684932239587828
2.62,-1.3105158013098541,0.012360874496241328,0.015050651204226023,0.01284305485283657,0.01765315204191057,-0.0008681265233640397,0.004211020807446471,0.0051266698004423785,0.004369049812249441,0.005957129918307879
2.64,-1.4006988676714118,0.013217810612296628,0.016093224374329435,0.013726848903179836,0.018872123329197462,-0.0009204922589223819,0.004415909392833345,0.005376277343482614,0.004582996749643159,0.006247555083088051
2.66,-1.4908819340329695,0.014072949050730364,0.01713384607905669,0.0146106429535231,0.02006881737811517,-0.0009396798943632275,0.0046345202348985065,0.005642581371056193,0.004811110623156917,0.006557930651417905
2.68,-1.5810650003945277,0.014926293582704434,0.018172519971117473,0.01549443700386637,0.02125397475140555,-0.0009220040386167424,0.0048679332646986775,0.005926895288597679,0.005054501314910949,0.006889697579192761
2.7,-1.6695332960425158,0.01576106085112225,0.019188890202807726,0.016361426301216654,0.022400617315435727,-0.0008642063124270591,0.005117073433699436,0.006230344830785771,0.005314125832504032,0.007244044086926875
2.72,-1.7558976253108067,0.016573479711796527,0.02017837759673883,0.017207796728045906,0.02350791826976258,-0.0007634944415262624,0.00538267931388554,0.0065538299365949255,0.005590756550685255,0.007621865629194067
2.74,-1.8422619545790977,0.017384194282993665,0.02116601289007424,0.018054167154875157,0.024617811829272265,-0.0006177134501706272,0.005665309715027218,0.0068980327231946735,0.005884987444173956,0.008023793163587454
2.7600000000000002,-1.9286262838473887,0.01819320813996624,0.022151799549534848,0.01890053758170441,0.025726205026103538,-0.00042516565501513184,0.005965401743181982,0.007263487849916579,0.006197291829643651,0.008450306074381873
2.7800000000000002,-2.014990613115679,0.01900052485046666,0.023135741035352604,0.019746908008533657,0.026831482055348018,-0.00018446912278347781,0.006283290825929021,0.00765060677131448,0.006528042156412485,0.008901756094115188
2.8000000000000003,-2.075987844307554,0.019557811258429956,0.02381665693672355,0.02034468087421403,0.027470669241896586,0.00010548411815981929,0.0066190719710623284,0.008059509443015641,0.006877370905882195,0.00937809851245822
2.82,-2.1357831437768486,0.020102162021236502,0.02448202776479877,0.020930674809013117,0.028151399791870646,0.00044571397166881163,0.006972187073268372,0.008489523739380897,0.007244756959854577,0.009878156960604206
2.84,-2.1955784432461445,0.020645370846894835,0.025146153166490003,0.021516668743812216,0.02885882798174469,0.0008375914359140371,0.007341892434261369,0.008939752284924926,0.007629492240197192,0.010400617775288975
2.86,-2.2553737427154403,0.02118744013095674,0.025809035472958774,0.022102662678611315,0.029575207982245156,0.0012823453928118781,0.007727437035037364,0.009409288613120936,0.00803085977860358,0.010944286918025356
2.88,-2.3036940036768874,0.021616034882106647,0.026334433738976266,0.022576201236033495,0.0300843545719773,0.0017809223034431633,0.008128006384592622,0.009897149064269686,0.008448077490958677,0.011507908205399276
2.9,-2.3372007910072035,0.0218987108110825,0.026682968023227838,0.022904567751870594,0.030353138510573703,0.002333922606318804,0.008542453056473696,0.010401945962041173,0.008880028297562011,0.01208964600162501
2.92,-2.370707578337519,0.022180793743471844,0.027030849928723046,0.023232934267707686,0.030671799795859215,0.002941120889804716,0.008969275227092592,0.010921861493818035,0.009325237939735788,0.012687111264890588
2.94,-2.4042143656678348,0.022462284923260866,0.02737808067657001,0.02356130078354478,0.03100946781941642,0.003601013426673709,0.009406966687887684,0.01145507211044402,0.00978222461539321,0.013298045608577062
2.96,-2.4377211529981504,0.02274318559182613,0.0277246614855912,0.023889667299381873,0.031353886597668246,0.004311784946259453,0.009854104218312766,0.011999854492151551,0.010249586434592832,0.013920403659577623
2.98,-2.4612284842341734,0.022925605140630894,0.02795186990827691,0.0241200391454949,0.03151794176940696,0.005071592298850811,0.010309288249881704,0.012554513609185823,0.010725942195533491,0.014552187309823284
3.0,-2.4835535406675837,0.023096067874367517,0.028164615884130238,0.02433882469854232,0.03168699107740294,0.005878078288346313,0.010770971436390605,0.013117174818237716,0.011209759824381538,0.015191120359484766
3.02,-2.5058785971009945,0.023266173011970655,0.028376963646776377,0.024557610251589746,0.03186925014555609,0.0067265199886471505,0.011237626732240918,0.013685987668793254,0.011699524319804722,0.015835004819621083
3.04,-2.528203653534405,0.02343592130360423,0.02858891394158199,0.024776395804637166,0.03205632032265416,0.00761016277039057,0.0117078264012082,0.014259221731682354,0.01219381688736049,0.016481840449884218
3.06,-2.5467245211853538,0.023568071565505742,0.028755300332750422,0.024957900307616465,0.03217553280134818,0.008522240230723928,0.012180223520847782,0.014835244195551756,0.012691296633024157,0.01712975819621444
3.08,-2.5579182148790474,0.02362821364213371,0.028834379659879786,0.025067598505814664,0.032171469016600875,0.009456438317961896,0.012653444185751008,0.015412389153387801,0.013190592822927895,0.017776811542087666
3.1,-2.5691119085727414,0.02368822955292126,0.028913310968075534,0.025177296704012864,0.03219065272826502,0.01040668070495991,0.013126036552522143,0.015988895797336953,0.013690253818151896,0.018420907212489342
3.12,-2.580305602266435,0.023748119562538646,0.028992094534396214,0.025286994902211063,0.032218989724840545,0.011366542491431722,0.013596628153465623,0.01656309918878149,0.014188904389979067,0.019060121876845613
3.14,-2.591499295960129,0.02380788393510092,0.029070730635381813,0.025396693100409266,0.03225088336118105,0.012329873921043536,0.01406396464373324,0.017133477273553546,0.01468528467442989,0.019692741744516788
3.16,-2.602692989653822,0.023867522934169043,0.02914921954705466,0.02550639129860745,0.032284111453081674,0.013291007927967632,0.014526904520711181,0.017698644510666606,0.015178245134160889,0.020317229318694088
3.18,-2.613886683347514,0.023927036822751113,0.02922756154492045,0.025616089496805636,0.0323177918448207,0.014244800237165593,0.014984413883638747,0.01825734554833078,0.015666741549547704,0.020932205579318627
3.2,-2.625080377041207,0.023986425863303473,0.029305756903969218,0.025725787695003825,0.032351574517249605,0.015186826206073492,0.01543556124826749,0.01880844896522571,0.01614983005386159,0.021536438363166818
3.22,-2.636274070734899,0.024045690317731884,0.029383805898676233,0.02583548589320201,0.03238532076646034,0.016113362898398008,0.015879512429974908,0.019350941093317826,0.016626662226083208,0.02212883328502025
3.24,-2.6490707702539638,0.024120523421091788,0.029480741310700304,0.025960893548488843,0.03244819223796474,0.017021104693905255,0.016315534725159363,0.01988393111621789,0.017096489481018738,0.022708442918093465
3.2600000000000002,-2.667679792810355,0.024252100538632124,0.029646505063411672,0.026143261969541476,0.03261262494483961,0.017907079743907935,0.016743051465404835,0.020406717260951297,0.017558717893876693,0.023274567651719733
3.2800000000000002,-2.6862888153667455,0.024383401634150186,0.02981195854320089,0.026325630390594105,0.03275974163700085,0.018768551181073137,0.017161701363377288,0.020918858816062938,0.018012967936173192,0.023826851146195514
3.3000000000000003,-2.704897837923136,0.02451442728668401,0.029977102330829945,0.026507998811646734,0.03289967311296971,0.01960276228708678,0.017571214267143604,0.021420025505234395,0.018458950551847538,0.02436502693753865
3.32,-2.7235068604795263,0.02464517807405695,0.030141937005973767,0.026690367232699356,0.03303644357235438,0.020407171214128654,0.01797137257874754,0.021909950720720904,0.01889642872669783,0.024888870785339287
3.34,-2.747026495976401,0.024823728084842348,0.03036476691450041,0.026920859660568727,0.03326115321158797,0.02117953962038211,0.01836203596904106,0.022388461512143087,0.01932524233953532,0.025398266481436033
3.36,-2.7730731827233908,0.025026642651118994,0.03061718344522267,0.027176117190689228,0.03351794027386523,0.021917933935792746,0.018743232386322844,0.0228555889834478,0.0197453994286799,0.02589337645516068
3.38,-2.7991198694703803,0.02522913154392004,0.03086912750827148,0.027431374720809726,0.03376199854221503,0.022620759953944945,0.01911510287151739,0.023311501410704046,0.020157021302557577,0.026374515026754704
3.4,-2.8251665562173702,0.025431195656221837,0.031120599988001377,0.027686632250930227,0.03400046571464613,0.02328675551209307,0.01947782165843043,0.02375640737031679,0.020560262793526206,0.026842004650840648
3.42,-2.8520424199664838,0.02564095328748633,0.03138144659576131,0.02795001571567154,0.03425129086823923,0.023914904854769416,0.019831583686411733,0.02419054060334603,0.020955299827127127,0.02729617587738638
3.44,-2.8855492072968008,0.025915185756546777,0.031720533993093616,0.028278382231508647,0.03461914081964596,0.024504405447604995,0.020176654268890037,0.024614220259301663,0.02134237918627193,0.027737472334824702
3.46,-2.9190559946271177,0.026188842941681736,0.03205898669414334,0.028606748747345753,0.03496728456519221,0.025054988978460372,0.020513459416784938,0.025027960459956998,0.02172190907731267,0.028166610536103084
3.48,-2.9525627819574347,0.026461926049719836,0.032396805886920926,0.02893511526318286,0.03530683999016099,0.025567899105502015,0.020842453641148923,0.0254323100137146,0.02209432713129286,0.028584306167412282
3.5,-2.9860695692877512,0.026734436284958023,0.03273399275721313,0.02926348177901996,0.03564222498904342,0.02604489355785395,0.02116407944789248,0.02582780329821516,0.02246005991597738,0.028991222876379223
3.52,-3.028103156817955,0.027089849811738023,0.03317178729125943,0.029675410936815957,0.036130606549592784,0.02648775104200211,0.021478815823268344,0.02621501906021409,0.022819571447053575,0.029388082953147078
3.54,-3.0765978618103897,0.027507770265996507,0.03368547529754785,0.03015065904574182,0.03671236724007829,0.026898223350420046,0.021787353637116036,0.02659479315517466,0.023173538852222307,0.029775989036214374
3.56,-3.1250925668028247,0.027924814008170932,0.034198201793999676,0.030625907154667682,0.03726624918059663,0.02727803150660225,0.022090538873255277,0.026968149754666233,0.023522795986918005,0.03015626949694833
3.58,-3.1735872717952596,0.02834098287742487,0.034709968580347736,0.03110115526359354,0.03780784141650455,0.027628862329875867,0.022389199821202025,0.027336091805873236,0.023868160770251824,0.03053015218024414
3.6,-3.222385936009258,0.028759254383882916,0.03522438636449752,0.031579382172890726,0.03834887907307617,0.027952365397693676,0.02268411172709317,0.027699558154789902,0.0242103997616488,0.03089874282952732
3.62,-3.2784086632819855,0.029247369976195096,0.0358236126615501,0.03212840490016346,0.03901714482992263,0.028250150383553763,0.022976045073524607,0.02805948208525013,0.024550276380006383,0.031263142029969104
3.64,-3.334431390554713,0.029734461601305287,0.03642171734008733,0.03267742762743619,0.03966322812909602,0.028523723409842276,0.02326587917042005,0.028416929080725663,0.024888664603871992,0.031624654589320865
3.66,-3.3904541178274408,0.030220531407288358,0.03701870249952995,0.03322645035470892,0.04029906539220505,0.028774286650369085,0.02355446540241962,0.028772930999587977,0.02522641230372848,0.0319845037129056
3.68,-3.4464768451001686,0.03070558153771293,0.03761457023536898,0.03377547308198165,0.040929402107834585,0.029002868095008138,0.023842586671894792,0.029128436879308692,0.025564300583766242,0.03234377954873994
3.7,-3.5024995723728964,0.03118961413165086,0.0382093226391732,0.03432449580925438,0.041556128158188314,0.029210464212471948,0.024130960276176193,0.02948431640676275,0.025903046518320413,0.03270346499571192
3.72,-3.558522299645625,0.031672631323686695,0.038802961798596415,0.03487351853652713,0.0421799994174056,0.02939816036198705,0.02442024077706379,0.029841363379996228,0.02624330588662449,0.033064448499632505
3.74,-3.614545026918353,0.032154635243927004,0.03939548979738479,0.03542254126379986,0.04280132141422623,0.029568007046841146,0.02471102285334609,0.030200299150208453,0.02658567589658113,0.03342753165369772
3.7600000000000002,-3.6705677541910817,0.032635628018009885,0.03998690871538423,0.0359715639910726,0.04342022082082409,0.029724403510944325,0.02500384412786822,0.03056177603368166,0.026930697889045344,0.033793434700995516
3.7800000000000002,-3.7265904814638104,0.03311561176711423,0.04057722062854758,0.03652058671834534,0.04403675326360599,0.029872015274973192,0.025299187961464725,0.030926380684330346,0.027278860014874503,0.034162801163410916
3.8000000000000003,-3.7601645919121878,0.03337482299774511,0.04089989490785027,0.03684961300073944,0.044241796929885106,0.030015158619024578,0.025597357120873142,0.031294480862440854,0.027630470656196532,0.03453596175190406
3.8200000000000003,-3.7936713792425034,0.03363283138166574,0.04122116588438024,0.03717797951657653,0.04450297089247399,0.030157729902530118,0.025898110919999478,0.031665785308247894,0.02798529480729279,0.03491229235396912
3.84,-3.827178166572818,0.0338902985164906,0.041541835513009585,0.037506346032413616,0.04478641777588212,0.030302872751370093,0.02620109195983727,0.03203986114486727,0.028342980121499935,0.03529111922012552
3.86,-3.860684953903134,0.03414722553765017,0.041861904919328036,0.03783471254825071,0.04507803095164951,0.030452962488300202,0.026505961992325768,0.03241629862271494,0.028703192672677933,0.03567190242574048
3.88,-3.887416634915622,0.034337287203346854,0.042100934306952234,0.038096683022173096,0.045248727804877084,0.030610060596756236,0.026812362946436474,0.032794663857207966,0.029065577980576678,0.03605409951879577
3.9,-3.906025657472012,0.034447431629147277,0.04224307586183726,0.038279051443225715,0.04528973877006451,0.03077603667121241,0.0271197595559054,0.033174307961725706,0.029429603431641308,0.036436857601541944
3.92,-3.9246346800284013,0.03455734499435206,0.042384951359307005,0.03846141986427833,0.04535917653351109,0.030952317579930895,0.027427435067071584,0.03355436179367034,0.02979455361023236,0.03681904155934387
3.94,-3.9432437025847915,0.03466702778367933,0.04252656129736187,0.03864378828533096,0.045439702192262045,0.031139083952601582,0.027734684414927338,0.03393397018975939,0.03015972329645834,0.03719960948967631
3.96,-3.961852725141181,0.034776480480830346,0.042667906173070064,0.03882615670638357,0.045524431065306896,0.03133591682107502,0.02804086056815312,0.034312348177060636,0.03052446388443608,0.03757765380330982
3.98,-3.9737965932574197,0.034820453591433494,0.04272985102268667,0.03894320661392271,0.04548915061947791,0.031542323254055385,0.028345333715619574,0.034688731490471386,0.030888142647794374,0.037952294872311144
4.0,-3.9849902869511147,0.03485699045995045,0.042782773095245565,0.039052904812120925,0.04545830247253883,0.03175781738824885,0.02864737605207356,0.03506223684534191,0.031250027440504986,0.03832246530785782
4.02,-3.9961839806448087,0.03489345068155095,0.04283559610944078,0.039162603010319125,0.045436650312986084,0.03198192152981546,0.02894627335563812,0.03543199723261926,0.03160939818579239,0.03868714801503174
4.04,-4.007377674338503,0.03492983441702463,0.042888320250687575,0.03927230120851733,0.04541868545780939,0.0322141671380269,0.029241375952311247,0.03579722373291079,0.03196559792268906,0.03904545339015827
4.0600000000000005,-4.01732823038968,0.03495397186086386,0.04292618591567692,0.039369816657818864,0.04537956275782283,0.03245409569731868,0.029532092701882715,0.03615719824063489,0.03231802692118583,0.039396587436413014
4.08,-4.024822603983077,0.034954013337605526,0.04293481842030316,0.039443261519034156,0.0452996092788028,0.032701259483807345,0.029817853323833562,0.036511227789080766,0.03266610509148069,0.03973977492253709
4.1,-4.032316977576475,0.03495405472733742,0.04294343476679837,0.03951670638024945,0.04522782275806275,0.03295539669770286,0.030098088714726946,0.036858620685270356,0.03300925232450106,0.040074230074379345
4.12,-4.039811351169874,0.03495409603024209,0.042952034985407,0.03959015124146476,0.045159430548898566,0.033217060279368306,0.030372281567904794,0.037198747902360337,0.033346939167241546,0.04039925896470531
4.140000000000001,-4.047305724763271,0.034954137246501656,0.042960619106316836,0.039663596102680054,0.04509253681869329,0.033487425416551905,0.030639977510138663,0.03753105660070649,0.03367869807988561,0.0407142699292061
4.16,-4.049117205161462,0.03489854445904345,0.04290171409950653,0.039681348610582326,0.04492281155383265,0.0337676704092453,0.030900748871379995,0.03785502620516788,0.03400408729966101,0.041018698959786715
4.18,-4.049229564712023,0.03482643438135699,0.04282274566725608,0.039682449734177824,0.044737671607074474,0.03405884360973187,0.031154089000886943,0.038170040238786174,0.034322585102036327,0.04131181971095109
4.2,-4.049341924262585,0.03475447557594218,0.04274392504636867,0.03968355085777333,0.04456355287907942,0.034361769569505846,0.03139948888299819,0.038475479221296766,0.034633666331110105,0.041592917072225184
4.220000000000001,-4.049454283813146,0.034682667725460595,0.04266525196017427,0.039684651981368835,0.04439419053648488,0.03467675985053309,0.03163649944696112,0.03877079623836788,0.03493686476992087,0.04186139506093499
4.24,-4.0488420192972345,0.03460391664855297,0.042578122662149935,0.039678651789112895,0.044213888301188255,0.03500392087365582,0.03186473345612289,0.039055519249505316,0.03523177515750686,0.042116760440742265
4.26,-4.045271660015798,0.034496371864179226,0.04245603495562107,0.03964366226815482,0.04398287537826997,0.03534329823814514,0.03208383266167749,0.039329211269144265,0.03551802043800411,0.042358553074315144
4.28,-4.04170130073436,0.03438905268688231,0.042334175770158126,0.039608672747196726,0.04376139714858672,0.03569483182982383,0.03229342947376011,0.03959142388931983,0.035795213452355756,0.042586279891787586
4.300000000000001,-4.038130941452923,0.03428195864338451,0.04221254467802046,0.03957368322623865,0.043544195005933616,0.03605802414476956,0.032493203435361794,0.03984176576909425,0.03606301345192893,0.04279953236261577
4.32,-4.034560582171487,0.03417508926140091,0.04209114125226802,0.03953869370528057,0.04332917886033927,0.03643167066635004,0.032682894829609746,0.04007991915062595,0.0363211398190667,0.04299800162167056
4.34,-4.040147944608771,0.034158095575452775,0.04207869480831303,0.03959344985716595,0.04328242580392496,0.03681446972669762,0.03286235329242536,0.04030569883362028,0.03656942085836142,0.04318156120940034
4.359999999999999,-4.051341638302466,0.03419602193632568,0.042132835700656714,0.039703148055364165,0.0433145296681586,0.037205193971431655,0.03303171510899675,0.04051926723137225,0.03680797150899477,0.04335058097075971
4.38,-4.062535331996161,0.034233868735409866,0.04218687525327684,0.03981284625356237,0.043322661007881326,0.03760265051136999,0.033191317188507534,0.04072103011758063,0.03703710783107169,0.043505712858525114
4.4,-4.073729025689856,0.03427163613960978,0.04224081365585887,0.039922544451760585,0.04332129006748174,0.0380055522751016,0.03334153339657354,0.040911438184519956,0.037257183587456486,0.04364758738126703
4.42,-4.085348965742689,0.03431349714679291,0.04229971192594906,0.040036419864278354,0.043323931828548566,0.038412587065788296,0.03348274174656659,0.04109094726248094,0.03746855747824389,0.04377679650283812
4.4399999999999995,-4.103957988299081,0.03442369147929175,0.04244148141328801,0.04021878828533099,0.04345134935953139,0.03882251692037243,0.03361537008940056,0.04126007373348002,0.03767163888724654,0.043894004901616435
4.46,-4.122567010855473,0.03453365464650084,0.04258298553963948,0.04040115670638363,0.043559154455295394,0.03923417888023464,0.033740000416485665,0.041419521043800284,0.03786699239916447,0.04400014232652284
4.48,-4.141176033411867,0.03464338713335796,0.04272422480170032,0.04058352512743629,0.04365895531747801,0.03964625096768071,0.033857232772705616,0.041570014699074315,0.03805520189331596,0.0440961215232219
4.5,-4.159785055968259,0.03475288942378352,0.0428651996952376,0.04076589354848893,0.04375536248536158,0.040056773514100835,0.03396764311824256,0.041712251163561406,0.038236828399114194,0.044182784588447446
4.5200000000000005,-4.178394078524649,0.03486216200068278,0.043005910715090453,0.04094826196954156,0.04385020765881764,0.04046377324837209,0.03407178330227044,0.04184689782132503,0.03841241001915513,0.04426092402763977
4.54,-4.197003101081037,0.034971205345948,0.043146358355171825,0.04113063039059416,0.04394421903186363,0.04086544958525784,0.03417018112197906,0.04197459304090551,0.038582461937670405,0.04433129129127456
4.5600000000000005,-4.2156121236374275,0.03508001994046053,0.04328654310847015,0.04131299881164679,0.044037686583098985,0.04126007457723645,0.034263340459783236,0.04209594633484506,0.038747476507371474,0.044394600398394914
4.58,-4.234221146193816,0.03518860626409289,0.04342646546705109,0.04149536723269939,0.04413072626869153,0.04164564076118959,0.03435174149188318,0.04221153860579837,0.038907923408008055,0.04445152966310729
4.6,-4.252830168750204,0.03529696479571095,0.043566125922059246,0.041677735653752004,0.044223384935863495,0.04201992056384298,0.03443584096165181,0.042321922471335496,0.03906424987025944,0.04450272271625241
4.62,-4.264427223888051,0.035336450835138325,0.04362227178911884,0.041791386794102894,0.044187881643253775,0.04238082670816443,0.034516032190822436,0.04242757375865928,0.03921684059571044,0.04454871422321011
4.64,-4.275620917581744,0.03537190524642139,0.04367352344824622,0.04190108499230109,0.044163315208081796,0.04272648868493703,0.03459252907872571,0.042528750800744405,0.03936590150105934,0.0445897247250539
4.66,-4.286814611275437,0.03540728528156303,0.04372467917565279,0.04201078319049928,0.044147095438588274,0.04305547666504621,0.03466549277993962,0.042625648022161344,0.039511586152039015,0.04462593191392589
4.68,-4.2980083049691284,0.03544259109658927,0.04377573915090144,0.04212048138869746,0.04413421460952831,0.043367446714603866,0.034735081045435615,0.04271845576566413,0.03965404504562534,0.04465754291652488
4.7,-4.310620280487097,0.03549170742516726,0.04384354283060032,0.04224407874877355,0.04414853366460407,0.043662364642082445,0.034801458338986256,0.042807372560394935,0.0397934357299233,0.044684792223799244
4.72,-4.325518852988976,0.035563105855502056,0.04393836839072493,0.042390084759291964,0.044201318147172305,0.04394025787517987,0.034864831635983744,0.042892648540604705,0.03992995865468419,0.04470799733614258
4.74,-4.340417425490855,0.035634354506456536,0.04403301645846563,0.04253609076981038,0.04424672834501617,0.04420123579233172,0.034925460377137216,0.042974597529106644,0.04006386722473249,0.044727563334618595
4.76,-4.355315997992735,0.03570545369223738,0.04412748736604873,0.0426820967803288,0.044289117851257366,0.04444558914330541,0.03498360447906233,0.04305353399856236,0.04019541586612458,0.04474387782193502
4.78,-4.370214570494616,0.03577640372639211,0.04422178144507873,0.042828102790847235,0.04433021586633723,0.0446737932054493,0.03503951077093595,0.04312975662179121,0.04032484644955625,0.044757296229489985
4.8,-4.388168514614868,0.03587711614589288,0.04435217549099397,0.04300405144322571,0.04442639671936033,0.04488637126051118,0.03509343077785669,0.043203569835785015,0.040452406064918824,0.04476818274966404
4.82,-4.40677753717126,0.03598403032386132,0.04449010322247552,0.04318641986427835,0.044526062907558464,0.045083857936860094,0.03514567443158456,0.04327534898348798,0.04057840079831615,0.044777008699181754
4.84,-4.425386559727649,0.036090720217636825,0.044627772783883114,0.04336878828533096,0.0446204433337293,0.045266645511019894,0.035196563122894514,0.04334548339136323,0.04070314885775989,0.04478425008429508
4.86,-4.443995582284039,0.036197186297722034,0.044765184658453826,0.04355115670638358,0.044712517856977746,0.045434531008908624,0.03524639961598477,0.04341433988443465,0.04082695048004089,0.04479033810438168
4.88,-4.460620917581744,0.03628400929635832,0.04487878698552659,0.043714084992301096,0.04476731584060269,0.04558714453343225,0.03529545349597674,0.04348224513167832,0.04095007332382773,0.04479564268422412
4.9,-4.471814611275438,0.03631747592277743,0.044927686727329864,0.04382378319049929,0.04472773948693806,0.045724176898815486,0.03534389846942772,0.04354940959455625,0.04107268963464591,0.04480036388599474
4.92,-4.4830083049691325,0.036350872343023366,0.044976494939679146,0.043933481388697494,0.04470429705964402,0.045845397834483506,0.03539176238757527,0.04361586688856564,0.041194826014283314,0.04480445892966655
4.94,-4.494201998662827,0.03638419870437438,0.045025211793897214,0.04404317958689571,0.04468729073026676,0.04595065035965134,0.03543904259958474,0.043681613644094834,0.04131647858890479,0.04480787843519782
4.96,-4.505395692356521,0.03641745515379974,0.04507383746098618,0.0441528777850939,0.044672869291478574,0.046039845362671174,0.03548573844259603,0.043746648902119344,0.041437645469171086,0.044810604775713046
4.98,-4.513982393930563,0.03642512012236851,0.045091419262425325,0.04423702746051952,0.044611988162098146,0.0461129563871836,0.035531836091844064,0.043810955740906925,0.04155831158862116,0.0448126064294698
5.0,-4.521476767523962,0.03642207542937341,0.04509599893121363,0.04431047232173483,0.044538577002372064,0.046170014626239014,0.03557725971833634,0.043874442036225474,0.04167839978240732,0.0448137441730472
5.0200000000000005,-4.52897114111736,0.03641903712352474,0.045100570027879275,0.04438391718295012,0.04447111073441521,0.04621105831130143,0.03562190295061722,0.043936978601319544,0.04179780215189698,0.04481384160579799
5.04,-4.536465514710757,0.03641600519142357,0.04510513256846739,0.04445736204416542,0.04440614987345223,0.04623598572287896,0.035665664752642795,0.04399844269142149,0.04191641591609345,0.04481274835857084
5.0600000000000005,-4.5439598883041565,0.0364129796196991,0.04510968656899308,0.044530806905380735,0.04434232802232077,0.04624466538658783,0.03570845537123685,0.0440587252183686,0.04203414937654312,0.044810340182088945
5.08,-4.551454261897556,0.036409960395008545,0.045114232045441405,0.04460425176659605,0.044279102028152356,0.04623702041436069,0.03575019572784472,0.04411773001606359,0.04215092133214461,0.044806511852501556
5.1000000000000005,-4.558948635490955,0.03640694750403709,0.04511876901376756,0.044677696627811354,0.04421625565804238,0.04621311643448183,0.035790816822937416,0.044175373121104464,0.04226666050534386,0.044801173841117335
5.12,-4.566443009084354,0.03640394093349791,0.04512329748989686,0.04475114148902667,0.044153702504068096,0.04617362149649652,0.0358302591540916,0.044231582069831965,0.04238130498076899,0.044794250492583135
5.14,-4.573937382677753,0.036400940670132005,0.045127817489724796,0.04482458635024198,0.044091407715043635,0.04612021423002665,0.035868472148641126,0.04428629521288449,0.04249480165722965,0.04478567881634628
5.16,-4.5856691159491625,0.03643942925362731,0.045182639252206336,0.04493955733630179,0.04410658716807902,0.04605471344376142,0.03590543797769676,0.04433949059942356,0.042607130105502884,0.04477545289994759
5.18,-4.60056768845104,0.03650883955638692,0.04527495832129794,0.04508556334682019,0.044168458054432896,0.04597883170993385,0.03594125816091211,0.044391291020776186,0.04271838933282769,0.04476377878933859
5.2,-4.615466260952918,0.03657810425045335,0.045367104589600034,0.04523156935733859,0.04421753771257383,0.04589392811603544,0.035976124306964515,0.04444192855708457,0.042828768743284666,0.04475099426313722
5.22,-4.630364833454797,0.03664722364128408,0.04545907838055738,0.045377575367857005,0.04426144532993615,0.04580017604044989,0.03601023271660268,0.044491641032147304,0.04293846284033241,0.044737407279567334
5.24,-4.645263405956674,0.036716198033695656,0.04555088001700917,0.04552358137837541,0.044303206905486836,0.0456970268901152,0.03604376583419909,0.04454064951896714,0.04304765266873058,0.04472328315456618
5.26,-4.66016197845855,0.03678502773186529,0.045642509821190405,0.04566958738889379,0.044344024439323254,0.04558388703749033,0.036076892746535826,0.04458915894078083,0.04315650628475123,0.0447088590709604
5.28,-4.675060550960428,0.03685371303933208,0.04573396811473299,0.04581559339941219,0.04438437560343638,0.045460249758516744,0.03610976968710054,0.04463735867891563,0.04326517923295353,0.04469435029764758
5.3,-4.6899591234623035,0.036922254258998324,0.04582525521866667,0.045961599409930574,0.04442445043112934,0.045325727261106584,0.03614254054370426,0.04468542318481983,0.043373815027342895,0.04467995311658992
5.32,-4.704857695964181,0.036990651693130934,0.04591637145342042,0.04610760542044897,0.04446432473042301,0.0451801038362533,0.03617533736739927,0.04473351259381598,0.0434825456348974,0.04466584644072956
5.34,-4.716397997831535,0.03702602912357226,0.045967444350659185,0.04622070037874904,0.04444282100045399,0.04502324386080289,0.03620826156982284,0.04478174991783776,0.0435914726283047,0.04465215695657649
5.36,-4.723892371424935,0.03702172384575197,0.045970384295083426,0.046294145239964356,0.04435634652892718,0.04485506151615002,0.036241306533934904,0.044830127178924865,0.043700589651069724,0.04463882015389187
5.38,-4.731386745018334,0.037017427599528606,0.0459733187365848,0.04636759010117967,0.04428412702340174,0.04467578305423823,0.036274355905849584,0.04487850330788429,0.043809780480691826,0.044625599932900335
5.4,-4.738881118611735,0.03701314036595574,0.04597624768546355,0.046441034962394996,0.044217711292502446,0.04448686376062294,0.03630728046764266,0.044926721601981266,0.04391891577277684,0.044612278618497175
5.42,-4.746375492205134,0.03700886212612661,0.04597917115200063,0.04651447982361031,0.04415374275029038,0.04429058447365867,0.0363399619753424,0.0449746386322933,0.044027876897052176,0.04459867940476473
5.44,-4.760439964934886,0.03706891227368995,0.04606009601356027,0.046652311656361876,0.04421063476408576,0.04408922636836095,0.036372330454042784,0.04502216947846236,0.044136593294698837,0.04458472071554048
5.46,-4.775338537436765,0.0371370020491464,0.046150772678513786,0.04679831766688029,0.04426584583025936,0.04388490451150938,0.036404475390631116,0.045069422597017225,0.04424515388923734,0.044570607233097886
5.48,-4.7902371099386425,0.03720494898610728,0.04624127961689348,0.046944323677398696,0.04431206914966082,0.04367977517574736,0.03643653438698381,0.045116564823225104,0.04435369595763821,0.04455658641892737
5.5,-4.80513568244052,0.037272753384218725,0.04633161714638984,0.04709032968791709,0.04435463162491031,0.04347658911346098,0.03646863826113597,0.04516375480269104,0.04446235027486907,0.04454286151379912
5.5200000000000005,-4.818819115779947,0.03732851967374014,0.04640735822201642,0.04722442733464348,0.044373501799370836,0.04327805389540479,0.036500899554683934,0.04521112905115463,0.04457122959497965,0.044529590806699784
5.54,-4.83001280947364,0.03735979512990078,0.04645339681802338,0.04733412553284167,0.044349519782816926,0.04308664077709734,0.0365333789559929,0.045258761227331294,0.044680395000661004,0.044516836416065075
5.5600000000000005,-4.841206503167333,0.037391004976517615,0.04649934924000567,0.047443823731039864,0.04433310742944093,0.04290462636070123,0.03656606831660005,0.04530664152085941,0.04478983879291772,0.044504546168986095
5.58,-4.852400196861028,0.03742214935122615,0.04654521564926195,0.04755352192923808,0.04431972706473171,0.04273424355310284,0.03659894544926547,0.04535474309271806,0.04489953920211964,0.044492665602416145
5.6000000000000005,-4.863593890554721,0.03745322839137306,0.04659099620678889,0.04766322012743627,0.04430757663807166,0.042577739482974816,0.036631989097932104,0.04540304022701644,0.04500947534420437,0.04448115522831488
5.62,-4.877622534431504,0.03751199559458333,0.04667035047134954,0.04780070083742874,0.044347610333157116,0.04243718108368368,0.03666519523755955,0.0454515280997712,0.045119643539587334,0.044470012681601334
5.64,-4.892521106933382,0.037579155871381074,0.04675988487552061,0.047946706847947135,0.04439619243966191,0.04231441211847839,0.03669862818855507,0.045500284775448104,0.04523010851746688,0.04445936026269
5.66,-4.907419679435257,0.03764617525958232,0.0468492516911763,0.048092712858465524,0.04443949661754601,0.04221094494379551,0.036732381066130707,0.04554942325850484,0.04534096396716412,0.04444935457205466
5.68,-4.922318251937135,0.03771305405474272,0.04693845123200515,0.04823871886898392,0.04448061423669113,0.04212758442352892,0.0367665426249429,0.04559905129028413,0.04545229940840631,0.04444012862730188
5.7,-4.937980544690053,0.03778726915707486,0.04703655147095496,0.04839220933796252,0.04453469284045307,0.042064698201965435,0.0368011968956008,0.04564927090692647,0.04556419981829623,0.0444318015465924
5.72,-4.956589567246445,0.037890176222660436,0.04716945464691207,0.04857457775901516,0.044639977615806556,0.04202250751966481,0.03683645302070186,0.045700214623305674,0.04567677548876603,0.0444245383140793
5.74,-4.975198589802838,0.03799286741015962,0.04730210905764706,0.04875694618006782,0.04473632155184065,0.04200112619065288,0.03687247918490455,0.04575208659041149,0.04579019604502423,0.04441860664566532
5.76,-4.99380761235923,0.03809534317244069,0.04743451516879312,0.04893931460112046,0.04482890913051511,0.04200033573824546,0.03690944276356273,0.04580509002347842,0.04590463065531241,0.044414253940214275
5.78,-5.012416634915624,0.03819760396142195,0.04756667344511197,0.04912168302217312,0.04491979993463739,0.04201913966156268,0.03694749353780827,0.0458594068448564,0.04602023122665805,0.044411687351760626
5.8,-5.023802348919315,0.03822893608009997,0.04761282192003313,0.04923326301940928,0.044878160365760755,0.04205638175290012,0.03698672307454973,0.04591514841498609,0.04613709170525934,0.04441100715570846
5.82,-5.031296722512714,0.03822210734822511,0.04761268208315337,0.04930670788062459,0.04478424836434393,0.04211093624480163,0.03702702574528526,0.045972186959368985,0.04625510882706693,0.04441196246881965
5.84,-5.038791096106111,0.03821529294164034,0.04761254250801717,0.04938015274183989,0.044708112628266364,0.042181809006072,0.03706817311508202,0.04603024573374926,0.04637405617078874,0.04441413277224148
5.86,-5.0462854696995105,0.038208492830294156,0.04761240319413464,0.049453597603055205,0.04463918264156295,0.042268520132163985,0.03710993097570725,0.04608904092880322,0.046493701056055305,0.04441714325645936
5.88,-5.053779843292908,0.03820170698419804,0.047612264141016734,0.0495270424642705,0.04457326020121218,0.0423710570361763,0.03715208211520701,0.04614830928372056,0.046613827324791066,0.04442067505284218
5.9,-5.061274216886307,0.038194935373426414,0.04761212534817538,0.04960048732548581,0.04450867761059026,0.04248944834170104,0.037194425684593836,0.04620780732290029,0.046734234742928954,0.04442444519610739
5.92,-5.068768590479705,0.03818817796811644,0.047611986815123394,0.0496739321867011,0.044444772062610716,0.042623665638756816,0.03723677655959636,0.046267310586475256,0.04685473839585182,0.044428198091160866
5.94,-5.076262964073102,0.03818143473846795,0.0476118485413745,0.049747377047916395,0.04438127980317476,0.042773628221640776,0.03727896470007487,0.04632661285782244,0.04697516808015713,0.04443170155005771
5.96,-5.0837573376664995,0.03817470565474332,0.04761171052644334,0.049820821909131695,0.044318095547875636,0.042939207621788746,0.037320834509503166,0.046385525390969656,0.04709536769414263,0.04443474464727706
5.98,-5.091251711259897,0.03816799068726725,0.047611572769845484,0.04989426677034699,0.044255176944142695,0.043120231936679645,0.03736224419672118,0.046443876140572875,0.04721519462922023,0.044437136302230465
6.0,-5.098746084853294,0.03816128980642674,0.047611435271097374,0.04996771163156229,0.0441925066322689,0.04331648995643976,0.03740306514197605,0.04650150899691201,0.047334519164282426,0.044438704157257786
6.0200000000000005,-5.10624045844669,0.03815460298267087,0.04761129802971635,0.05004115649277756,0.04413007717948684,0.043527618775237586,0.03744318126909012,0.04655828302813645,0.04745322386487079,0.04443929358104442
6.04,-5.113734832040086,0.03814793018651077,0.0476111610452207,0.05011460135399284,0.04406788509714346,0.04375243578085946,0.037482488425423774,0.04661407173178523,0.04757120298882906,0.04443876673116923
6.0600000000000005,-5.121229205633483,0.03814127138851939,0.04761102431712962,0.050188046215208136,0.04400592846485732,0.04398835488987631,0.037520893771138375,0.04666876229740992,0.04768836189996402,0.04443700165056885
6.08,-5.121701474824379,0.03806588214308752,0.04752751431382799,0.05019267445327891,0.043816220888285594,0.044232633876527386,0.03755827480001014,0.04672220590999074,0.047804576069573,0.0444338162129936
6.1000000000000005,-5.121813834374942,0.037987127635357956,0.047439887411156366,0.05019377557687443,0.04363885530179619,0.044482724756589195,0.03759436245070094,0.04677407597868535,0.04791957400263928,0.04442876155163028
6.12,-5.121926193925505,0.03790853833856243,0.04735242452658102,0.05019487670046995,0.04347031300228771,0.0447362042827913,0.03762886767616279,0.04682402160064944,0.048033063632414996,0.04442139341496858
6.14,-5.122038553476067,0.03783011390612198,0.047265125353096474,0.05019597782406545,0.04330564487259186,0.044990564559742346,0.0376615289864095,0.04687172521577852,0.048144779871160434,0.04441134119337096
6.16,-5.1235457271364275,0.037765508827865196,0.047194550229193416,0.05021074812593699,0.04316830610091139,0.045243339417062114,0.03769212111610555,0.046916913126498955,0.04825449334470673,0.04439830361958349
6.18,-5.127346326836578,0.03772349127026509,0.04715133708156047,0.05024799400299847,0.04307018423312069,0.045492244463932775,0.03772048941160348,0.04695939721258086,0.04836204489168411,0.04438210231258585
6.2,-5.131146926536729,0.037681561856952046,0.04710820481934048,0.050285239880059944,0.04296526170999656,0.04573520531080961,0.03774655925930788,0.046999086385369274,0.048467355150073624,0.04436268591352962
6.22,-5.1349475262368784,0.037639720403017274,0.0470651532911339,0.05032248575712141,0.042857887573396085,0.04597042699405553,0.03777028301706059,0.047035922247951834,0.04857037160093501,0.044340023331410336
6.24,-5.138748125937029,0.037597966723939925,0.047022182345824635,0.050359731634182885,0.042749787928060695,0.046196484961790775,0.03779162531709742,0.04706986127794936,0.048671053912566,0.044314087311640354
6.26,-5.136589025285261,0.037497956854548806,0.04690853223768215,0.050338572447795556,0.04253302560107974,0.04641214802223092,0.03781052791891962,0.047100832204310286,0.048769338782232725,0.04428479723648031
6.28,-5.133018666003821,0.03738434096263648,0.04677833896638948,0.05030358292683744,0.04230661568386952,0.04661632101134545,0.03782680380060094,0.04712860755452708,0.04886503386820093,0.044251834609462457
6.3,-5.129448306722383,0.03727096341374943,0.04664838938797944,0.05026859340587935,0.042090773474806345,0.04680780720167473,0.03784022626602454,0.047152911689012575,0.04895790672012725,0.044214842358508755
6.32,-5.125877947440944,0.037157823707892446,0.04651868304631304,0.050233603884921256,0.041879603196846873,0.046984523562630505,0.03785058993496607,0.04717349475935998,0.04904774574988847,0.04417352798388308
6.34,-5.123162148981683,0.0370532872548979,0.04639936569715967,0.05020698906002049,0.04168633704065956,0.047143894927628376,0.037857722424276624,0.04719014688128999,0.049134371969797426,0.04412766490659153
6.36,-5.123274508532246,0.03697665696522392,0.04631385043809035,0.05020809018361601,0.04154374172060844,0.047283495094648936,0.03786151283742626,0.047202732696042526,0.049217667581364824,0.044077134250029
6.38,-5.123386868082809,0.03690018743030668,0.04622849524458957,0.05020919130721153,0.041393723192007945,0.04740121945081238,0.0378619399561294,0.04721122557824437,0.04929760432565816,0.04402196518117479
6.4,-5.123499227633371,0.0368238783129154,0.04614329981705011,0.05021029243080703,0.04124110939624644,0.04749569995641085,0.0378590120677676,0.04721563468297841,0.04937418343584547,0.043962210427005835
6.42,-5.123611587183934,0.036747729276526774,0.04605826385642563,0.05021139355440255,0.04108781622252165,0.04756687344328238,0.037852748915345936,0.047215983062706794,0.04944741763015436,0.04389792370020431
6.44,-5.123723946734495,0.03667173998532339,0.04597338706422943,0.05021249467799805,0.04093460316224218,0.047615021680371954,0.037843180696265584,0.04721230645611082,0.049517330133649874,0.04382916700451556
6.46,-5.123836306285057,0.036595910104192386,0.04588866914253362,0.050213595801593555,0.04078177049558253,0.047640482961707496,0.03783034710647887,0.047204652131690346,0.04958395374333971,0.04375601274819981
6.48,-5.123948665835618,0.03652023929872384,0.04580410979396788,0.050214696925189053,0.04062943615068225,0.047643886531318194,0.037814296429632695,0.04719307778565805,0.04964732993630782,0.043678543835278395
6.5,-5.12406102538618,0.0364447272352094,0.045719708721718565,0.05021579804878456,0.0404776456469716,0.04762696258269991,0.03779508467068332,0.04717765049351426,0.049707508020453456,0.043596852992655706
6.5200000000000005,-5.123856989357115,0.0363662761573931,0.045631709060955386,0.05021379849569973,0.04032064911873929,0.04759213141671919,0.037772772913989554,0.04715844350801937,0.04976454250602402,0.043511038444786425
6.54,-5.120286630075679,0.03625503430133474,0.04550390571901479,0.050178808974741654,0.04010370499854736,0.047541808074400047,0.03774740203965515,0.04713550559642316,0.049818467806067156,0.04342115777377473
6.5600000000000005,-5.116716270794241,0.036144025808057395,0.04537634159653991,0.05014381945378356,0.039896621192655995,0.047478244517537016,0.0377189432178635,0.047108800994203025,0.049869248636337286,0.0433271428827136
6.58,-5.113145911512804,0.03603325018801348,0.045249016245765106,0.05010882993282548,0.03969390953230404,0.04740300319296248,0.03768736283199882,0.04707828812497909,0.04991684486021916,0.04322893697801841
6.6000000000000005,-5.109575552231368,0.03592270695268231,0.04512192921976277,0.0500738404118674,0.0394933888916231,0.04731568662834168,0.03765264157458065,0.04704394275884776,0.049961230594667824,0.04312651924182068
6.62,-5.109760119940027,0.03584915528790479,0.04503966236634902,0.05007564917541227,0.03936262882757452,0.047215517591649506,0.037614794940013276,0.04700578287001525,0.05000241475453213,0.04301993355955897
6.640000000000001,-5.113560719640176,0.03581115785013537,0.04500048269010629,0.050112895052473724,0.03928876883324125,0.04710182642757549,0.03757395404514105,0.04696396666587028,0.05004052203108528,0.04290942973953786
6.66,-5.117361319340324,0.03577324012325951,0.044961376349514054,0.050150140929535174,0.039202050734050975,0.04697486889740821,0.03753035232229484,0.04691877647993541,0.050075779813901246,0.04279541338394704
6.68,-5.121161919040473,0.035735401940060016,0.0449223432073043,0.05018738680659663,0.039110443201179276,0.04683888710393857,0.03748423398601437,0.04687050778788045,0.050108426776296004,0.04267826880481681
6.7,-5.124962518740622,0.03569764313367042,0.044883383126465906,0.050224632683658094,0.03901710984971666,0.04670147190989549,0.03743583234130418,0.04681944290251279,0.05013869118344191,0.042558340344484046
6.72,-5.125296980442357,0.03562603102679638,0.04480334247155418,0.050227910408335096,0.038860132224017685,0.046570304716980496,0.03738534993428601,0.0467658268972828,0.0501667709992608,0.042435909832254134
6.74,-5.12540933999292,0.035552394830303244,0.044720814613420964,0.050229011531930615,0.03870834887456616,0.04645242046708566,0.037332901002853795,0.04670979780163102,0.0501927762120376,0.04231110049439566
6.76,-5.125521699543482,0.03547891310756852,0.044638441229105326,0.05023011265552612,0.03856114858191906,0.046353269358279645,0.03727857365316543,0.04665146198459882,0.05021679089077276,0.04218401254933583
6.78,-5.125634059094045,0.0354055855345377,0.04455622202946664,0.05023121377912164,0.03841609640841516,0.04627365178808048,0.03722245461145492,0.04659092416671173,0.05023889790811635,0.042054760652246094
6.8,-5.125746418644608,0.03533241178783608,0.04447415672590542,0.05023231490271716,0.03827222417907773,0.046211912412831055,0.03716463026259999,0.046528288679133674,0.05025917997712873,0.04192346581157401
6.82,-5.12585877819517,0.03525939154476729,0.044392245030362376,0.05023341602631266,0.03812914618861165,0.046166126986954215,0.03710518637870893,0.04646365913435624,0.050277719378865424,0.04179025063037755
6.84,-5.125971137745731,0.03518652448331195,0.04431048665531743,0.05023451714990816,0.037986708040469094,0.0461343938921117,0.037044207871904364,0.04639713812615981,0.0502945977136144,0.04165523723064938
6.86,-5.1260834972962925,0.03511381028212621,0.044228881313788694,0.05023561827350367,0.037844847197582694,0.04611424438714181,0.036981778570188195,0.046328826957500575,0.05030989567471967,0.041518546262070875
6.88,-5.126195856846854,0.03504124862054032,0.044147428719331396,0.050236719397099165,0.03770353760575637,0.04610186765152646,0.03691798101528376,0.046258825394990294,0.05032369284393438,0.04138029635942407
6.9,-5.132166940067096,0.03502619442643178,0.04413568928355557,0.05029523601265754,0.037669548987507726,0.046093386699797845,0.03685292997069386,0.04618727230722011,0.05033610123197349,0.041240666516436875
6.92,-5.139661313660493,0.03502608439492509,0.044142057866557456,0.050368680873872834,0.037648282093569234,0.046085226506754784,0.03678687632540822,0.04611447168842401,0.05034736935902405,0.041100080558412355
6.94,-5.147155687253891,0.03502597459424211,0.044148414528986685,0.05044212573508813,0.037617126352837614,0.04607405945533071,0.03672012076615865,0.04604078799706347,0.050357796122187964,0.04095901500273517
6.96,-5.154650060847288,0.03502586502389862,0.04415475929315593,0.050515570596303426,0.03758212939182138,0.046056655337000006,0.03665295035391489,0.0459665692490426,0.050367667409935146,0.0408178914162273
6.98,-5.162144434440686,0.03502575568341142,0.04416109218133608,0.05058901545751872,0.03754569245520823,0.046029957403817316,0.03658563022874352,0.04589213695343448,0.05037724776963543,0.04067708202219725
7.0,-5.169638808034085,0.03502564657229835,0.04416741321575637,0.05066246031873403,0.0375087687770181,0.04599117244757182,0.03651840447827191,0.04581778715960132,0.05038678123090073,0.04053692191802325
7.0200000000000005,-5.177133181627484,0.03502553769007818,0.04417372241860438,0.050735905179949345,0.03747173657408174,0.04593787474769999,0.03645149700814082,0.04574379150697619,0.050396492132741874,0.04039771470574425
7.04,-5.184627555220882,0.03502542903627073,0.044180019812026176,0.05080935004116464,0.03743474571980727,0.04586858951956829,0.0363851124112807,0.045670398273667805,0.0504065859513758,0.040259735501339065
7.0600000000000005,-5.192121928814281,0.03502532061039689,0.04418630541812642,0.05088279490237995,0.037397855411529325,0.045783355345679004,0.03631943683310791,0.04559783342036579,0.05041725012577385,0.04012323289528608
7.08,-5.189868666171771,0.03492978580986805,0.04407684545516452,0.050860712928483355,0.03718342811061827,0.04568256713074843,0.03625458277830339,0.04552623364659719,0.050428598767727435,0.03998832613251383
7.1000000000000005,-5.182621096987029,0.03478555857325881,0.04390829291450626,0.050789686750472886,0.03690402161274906,0.0455666413215924,0.0361904026733922,0.04545542025832006,0.05044048587395435,0.03985467278707551
7.12,-5.175373527802289,0.0346416338960479,0.04374005586676169,0.05071866057246244,0.03664862599248393,0.04543619507388853,0.03612659308205383,0.0453850254893627,0.05045260910470917,0.03972171866046312
7.140000000000001,-5.16812595861755,0.034498011143527255,0.04357213372139814,0.05064763439445198,0.03640331057774094,0.045292637819601946,0.03606284743521816,0.045314677690509626,0.05046466234699011,0.039588976793301076
7.16,-5.16147675572326,0.034360547519085356,0.04341163029924593,0.05058247220608795,0.03617344715472381,0.045137790960093474,0.035998888365882296,0.04524404054460782,0.05047636807674045,0.03945604488850468
7.18,-5.161589115273822,0.034289566049519514,0.04333170741714288,0.050583573329683454,0.036067575871528805,0.04497344172241793,0.0359345151948289,0.04517287066561791,0.05048752495576867,0.03932266807916952
7.2,-5.161701474824383,0.03421873348463512,0.043251934132920965,0.05058467445327895,0.03594454903338024,0.044801241206231836,0.035869701467934945,0.04510113591345625,0.050498105632551575,0.03918889758415833
7.22,-5.161813834374945,0.03414804951206045,0.043172310166566204,0.05058577557687446,0.035815015282306864,0.04462246242570471,0.035804462261217564,0.04502885450883038,0.05050812427377441,0.03905480833755085
7.24,-5.161926193925506,0.034077513820079064,0.0430928352385887,0.050586876700469956,0.03568320213830091,0.04443757500548206,0.035738813405027506,0.044956045591558524,0.05051759583290796,0.03892044431353696
7.26,-5.1582979855435,0.03397050699540416,0.04296909726137958,0.0505513202583263,0.03548261152844625,0.044246860112670885,0.035672749857653875,0.04488270299218084,0.0505265144026818,0.038785797552398124
7.28,-5.151050416358759,0.033828292130575366,0.04280261817926376,0.05048029408031583,0.035226062119262457,0.044050596148186315,0.0356061639341648,0.04480869605380717,0.05053477131420381,0.038650669370188455
7.3,-5.143802847174017,0.033686375603598336,0.04263645070900782,0.05040926790230536,0.03498352788861804,0.043849615842708384,0.03553885717322752,0.044733783996114974,0.050542166800694066,0.03851471970861134
7.32,-5.136555277989274,0.03354475678862093,0.04247059426734356,0.05033824172429488,0.034747090192113805,0.04364730767691405,0.035470630785706364,0.04465772558697945,0.05054850035045659,0.038377643322040425
7.34,-5.129307708804532,0.033403435061103985,0.0423050482720946,0.05026721554628442,0.034513602458501276,0.04344897945408543,0.03540130635482458,0.04458030424773282,0.05055359142809562,0.03823918733071882
7.36,-5.128892486060334,0.033329296537278445,0.04222093267471483,0.05026314636339127,0.03440633972249959,0.04325989870709034,0.035330764080224314,0.04450137444141481,0.0505573178015279,0.03809920854704733
7.38,-5.129004845610895,0.03326047842245688,0.042143238514062105,0.05026424748698677,0.03429172804364323,0.04308487253371711,0.03525905593013079,0.04442099892037477,0.0505597289360925,0.037957868360619165
7.4,-5.129117205161457,0.03319180467403866,0.04206568977961905,0.050265348610582274,0.034169285095316186,0.04292806219865814,0.035186283812908746,0.04433930101934349,0.05056092439885689,0.03781536928798394
7.42,-5.129229564712018,0.033123274989172447,0.04198828619918013,0.05026644973417778,0.034044022687106705,0.04279238114378321,0.03511254842955883,0.044256402637177034,0.05056100276226382,0.037671877563049266
7.44,-5.1293419242625795,0.03305488906564222,0.04191102750104928,0.05026755085777328,0.03391792995858113,0.04268008356681161,0.03503794610959158,0.04417242039900656,0.05056005843414632,0.037527537939682325
7.46,-5.129454283813143,0.03298664660186596,0.04183391341403902,0.050268651981368796,0.033791795723269125,0.04259312248550246,0.034962568833235196,0.044087465681921297,0.05055818167077875,0.037382482799799166
7.48,-5.129566643363706,0.03291854729689427,0.04175694366746944,0.050269753104964315,0.033665932138270925,0.0425331507242784,0.03488650426684599,0.04400164465667208,0.05055545860319091,0.0372368358206261
7.5,-5.129679002914269,0.03285059085040912,0.04168011799116731,0.050270854228559834,0.03354046208012491,0.04250110212571197,0.034809835810325096,0.04391505834394824,0.05055197127557539,0.03709071349035877
7.5200000000000005,-5.129791362464831,0.03278277696272243,0.04160343611546505,0.05027195535215534,0.03341543326440234,0.042496588645700495,0.034732642655401054,0.043827802683848026,0.05054779769467188,0.03694422577746376
7.54,-5.135677817786524,0.03277163209945548,0.04159545368064786,0.05032964261430793,0.03339610241728207,0.042518890069259595,0.03465503305638829,0.04374000888560438,0.05054304512663497,0.0367975382862638
7.5600000000000005,-5.143172191379923,0.032776251681003614,0.04160657702040786,0.050403087475523245,0.03339119196637328,0.04256725224896173,0.034577247582131036,0.04365196865992326,0.050537953518462006,0.036651055672577704
7.58,-5.1506665649733225,0.032780861571609546,0.041617679539746794,0.05047653233673856,0.03337619577643053,0.04264067490685302,0.03449957599507853,0.04356403344577342,0.050532812567621266,0.03650523571557765
7.6000000000000005,-5.15816093856672,0.03278546179160289,0.04162876127763581,0.05054997719795386,0.03335724369586856,0.04273711688562888,0.03442229293891268,0.04347653642541876,0.05052789744543459,0.03636047926306317
7.62,-5.164061025386179,0.032774444744619324,0.041620893286679866,0.05060779804878455,0.03330771223659591,0.04285369521332442,0.03434564017278095,0.04338977097372472,0.05052345098090026,0.0362171181445483
7.640000000000001,-5.16417338493674,0.0327067905959701,0.041544322266468175,0.050608899172380054,0.033156376499223,0.042987515765869885,0.03426976841911102,0.04330392012177668,0.05051962537836895,0.03607532001933642
7.66,-5.164285744487302,0.03263927837196002,0.041467894570196756,0.05061000029597555,0.033021989104607186,0.04313586036986159,0.03419467446401947,0.04321898024690022,0.05051641906070766,0.03593499209375703
7.68,-5.164398104037863,0.032571907774860055,0.041391609929595036,0.05061110141957106,0.03289461250062655,0.04329615286897079,0.0341203211953822,0.04313490661308917,0.05051379651018795,0.03579602983735508
7.7,-5.1645104635884245,0.03250467850756576,0.041315468076894554,0.050612202543166555,0.032770299334886635,0.043465871744912996,0.034046672453202025,0.04305165562839564,0.05051172308427287,0.03565835997780309
7.72,-5.164622823138986,0.03243759027359597,0.04123946874482811,0.05061330366676206,0.03264748102261112,0.0436426396699783,0.0339736930758942,0.04296918490134634,0.050510165063950674,0.03552192261549408
7.74,-5.164735182689549,0.032370642777091466,0.04116361166662875,0.05061440479035758,0.03252553361359059,0.04382424824332949,0.033901348939363744,0.04288745328862882,0.05050908969494977,0.03538666414564041
7.76,-5.164847542240112,0.03230383572281368,0.04108789657602881,0.0506155059139531,0.03240420828469063,0.04400793765543518,0.03382960698932598,0.0428064209345934,0.05050846522227197,0.03525253446675218
7.78,-5.1649599017906755,0.03223716881614338,0.04101232320725903,0.05061660703754862,0.032283405183153514,0.0441875028133688,0.033758435267308595,0.04272604930310004,0.050508260918468446,0.03511948588626726
7.8,-5.165072261341239,0.032170641763079405,0.04093689129504765,0.05061770816114414,0.03216308361767018,0.04435318470448136,0.033687802930759375,0.04264630120222336,0.05050844710606982,0.03498747269548523
7.82,-5.1651846208918,0.032104254270237324,0.04086160057461939,0.05061880928473964,0.032043226394410734,0.04449523681793319,0.03361768026766988,0.042567140802311346,0.0505089951745686,0.034856451005982746
7.84,-5.165296980442362,0.03203800604484821,0.04078645078169461,0.05061991040833514,0.031923825654518186,0.04460515086053869,0.033548038706110644,0.04248853364787613,0.050509877592338555,0.03472637868589261
7.86,-5.165409339992923,0.031971896794757274,0.04071144165248833,0.050621011531930646,0.031804877250031525,0.04467840493806689,0.033478850819059006,0.04241044666377772,0.050511067913861805,0.03459721533218546
7.88,-5.1655216995434845,0.031905926228422615,0.04063657292370932,0.050622112655526144,0.03168637851049834,0.04471820748710513,0.03341009032488586,0.04233284815614346,0.05051254078262032,0.03446892225389983
7.9,-5.161977865872595,0.031804300957250224,0.0405184343058902,0.050587383085551434,0.03150168946182091,0.044729307112110935,0.03334171105970056,0.042255682310264,0.05051425088375946,0.0343414233148926
7.92,-5.154730296687854,0.03166663035195904,0.040356542320434265,0.050516356907540964,0.03125966192246415,0.044716165144915276,0.03327356619614638,0.0421787712133562,0.05051605203628068,0.034214460162118036
7.94,-5.14748272750311,0.03152924855158763,0.04019495336081222,0.05044533072953048,0.031031899881216633,0.044682565445482485,0.03320541723174319,0.04210182572809566,0.05051770597943203,0.03408763284270159
7.96,-5.140235158318369,0.0313921549502821,0.04003366685982708,0.05037430455152001,0.030810299782820644,0.04463014467929824,0.03313702562169087,0.0420245566002309,0.0505189739092419,0.03396057762328533
7.98,-5.132987589133625,0.03125534894345939,0.03987268225134341,0.05030327837350953,0.030591641754551348,0.04455871616472949,0.033068174059052574,0.041946700267394596,0.05051963778096542,0.03383298507988081
8.0,-5.132487991678312,0.031184890662704263,0.03979211772085303,0.05029838231844746,0.03049763403410846,0.04446783780862567,0.03299870429748286,0.04186806473661942,0.05051953821613995,0.03370465626814515
8.02,-5.132600351228874,0.031120571075112506,0.039718969762254475,0.05029948344204296,0.03039799124645019,0.04435718162974091,0.03292862947146482,0.04178866582311763,0.0505186870648268,0.033575696023319626
8.04,-5.132712710779435,0.031056386416929222,0.03964595872038526,0.05030058456563846,0.030290331957975754,0.04422698414143548,0.03285801528602216,0.04170858310369939,0.05051714883042879,0.033446255336473704
8.06,-5.1328250703299965,0.03099233640509997,0.03957308433896767,0.05030168568923396,0.030179746283863856,0.044079210170949054,0.03278692780734986,0.041627896611422695,0.05051498851587989,0.033316451242839336
8.08,-5.132937429880558,0.030928420757164097,0.03950034636220372,0.050302786812829466,0.030068254585520694,0.04391613399385963,0.03271542982465634,0.04154668242328439,0.05051226798242446,0.033186380734169275
8.100000000000001,-5.133049789431121,0.0308646391912535,0.039427744534774184,0.050303887936424985,0.029956658200448197,0.04373989766735718,0.03264358089912828,0.041465012718672485,0.050509045991751905,0.033056130038014
8.120000000000001,-5.133162148981684,0.030800991426091356,0.03935527860183776,0.050304989060020504,0.02984527438414929,0.04355245069239613,0.032571437420052335,0.04138295584651343,0.05050537825539837,0.03292577836282077
8.14,-5.1332745085322475,0.030737477180990926,0.03928294830903013,0.05030609018361602,0.029734228162330796,0.04335529274848718,0.032499052667317625,0.0413005764001752,0.050501317490654,0.03279539944994371
8.16,-5.133386868082809,0.03067409617585426,0.0392107534024631,0.05030719130721153,0.029623568228094196,0.04314945891570484,0.0324264768795645,0.041217935299237014,0.050496913482253505,0.032665062258745485
8.18,-5.136341829085453,0.030638676395497014,0.03917244387040135,0.05033614992503743,0.02956512231047525,0.042935852891530235,0.03235377367305271,0.041135109701503976,0.05049222951210353,0.03253486174264382
8.2,-5.1401424287856035,0.030611609482333865,0.03914424632383311,0.05037339580209891,0.029514942860617625,0.042715331673015784,0.03228107122326784,0.041052255079926214,0.05048739362274165,0.03240500982922366
8.219999999999999,-5.143943028485754,0.030584599350047568,0.0391161015568082,0.050410641679160394,0.029459837423845985,0.04248873200637674,0.032208522263078306,0.040969556725851466,0.05048255870905104,0.03227574551811574
8.24,-5.147743628185905,0.030557645879523393,0.03908800947053506,0.05044788755622187,0.029402908631979606,0.042256947168606264,0.03213627143692242,0.040887190162705055,0.05047786988972798,0.032147278590827603
8.26,-5.151544227886054,0.030530748951896485,0.039059969966406996,0.050485133433283334,0.02934538806744189,0.04202085333346696,0.03206445078885683,0.04080531567157985,0.05047345997360536,0.03201979169654688
8.280000000000001,-5.1553448275862035,0.03050390844855136,0.039031982946001936,0.05052237931034479,0.029287764303557704,0.04178127347808351,0.03199318033160641,0.040724078977854586,0.05046945000283953,0.03189344679566047
8.3,-5.159145427286353,0.030477124251121358,0.03900404831108201,0.050559625187406254,0.029230230859763486,0.041538928908902976,0.031922568610835,0.040643611932178705,0.05046594979250788,0.031768388214795794
8.32,-5.162946026986502,0.030450396241488122,0.038976165963593226,0.05059687106446772,0.02917286408875064,0.041294210022133314,0.031852713263078807,0.04056403318393213,0.05046305846504746,0.031644744348397404
8.34,-5.166746626686651,0.03042372430178109,0.038948335805665125,0.050634116941529174,0.0291156938170853,0.04104705229919618,0.03178370156593286,0.040485448845448496,0.05046086497811017,0.03152262881391612
8.36,-5.1705472263868,0.030397108314376958,0.03892055773961045,0.05067136281859064,0.029058731397243746,0.040797310274107046,0.0317156109792224,0.040407953145461355,0.050459448644548835,0.031402141380179514
8.379999999999999,-5.174347826086951,0.030370548161899203,0.0388928316679248,0.050708608695652115,0.029001980847327673,0.04054485923193506,0.03164850967602528,0.040331629070395406,0.05045887964338,0.031283368795027675
8.4,-5.1781484257871,0.030344043727217468,0.03886515749328623,0.05074585457271358,0.028945443274740804,0.04028975328810686,0.031582457062538746,0.04025654899227886,0.05045921952069463,0.03116638556156705
8.42,-5.181949025487251,0.030317594893447194,0.038837535118555026,0.050783100449775055,0.02888911863286508,0.04003271910815046,0.03151750428590437,0.040182775282198685,0.05046052167960597,0.0310512546820222
8.440000000000001,-5.185749625187402,0.03029120154394896,0.03880996444677327,0.05082034632683654,0.028833006418645602,0.039774755322267645,0.03145369472921855,0.04011036090835823,0.050462831858436016,0.03093802837619556
8.46,-5.189550224887551,0.030264863562328038,0.038782445381164474,0.050857592203897996,0.028777105949601416,0.03951682455528285,0.031391064493063045,0.040039350017926224,0.05046618859644728,0.030826748776878063
8.48,-5.193350824587702,0.03023858083243392,0.03875497782513341,0.05089483808095947,0.02872141647382215,0.039260093405095536,0.03132964286299056,0.0399697785019882,0.05047062368652621,0.030717448602780733
8.5,-5.197151424287853,0.03021235323835971,0.03872756168226557,0.05093208395802096,0.028665937213641607,0.039007790525468496,0.031269452762495195,0.039901674543025574,0.05047616261431774,0.030610151808928683
8.52,-5.200952023988004,0.03018618066444167,0.03870019685632693,0.050969329835082434,0.028610667382974273,0.03876726957332679,0.031210511191085324,0.03983505914445476,0.0504828249833981,0.030504874214279384
8.540000000000001,-5.206570540967322,0.030177859891313323,0.038694467405270445,0.05102439130147975,0.028588739612491542,0.03854625674348426,0.03115284010070156,0.039769959319960545,0.05049063539067659,0.03040164356823055
8.56,-5.214064914560719,0.030187920679232205,0.03871102074690986,0.051097836162695046,0.028596376098521656,0.0383517823734003,0.031096507162549414,0.03970645753704065,0.0504996642464485,0.030300572473195043
8.58,-5.221559288154118,0.030197960361664996,0.03872754310437092,0.05117128102391036,0.028597256198283634,0.03818977322688377,0.03104162224260173,0.039644687455002055,0.05051002434220602,0.030201839722733288
8.6,-5.229053661747516,0.030207978982886668,0.038744034535649084,0.05124472588512565,0.028595461400066177,0.038063141070864025,0.030988291560168718,0.039584778339805546,0.05052182504966689,0.03010560102928517
8.620000000000001,-5.236548035340913,0.030217976587079375,0.038760495098631324,0.05131817074634095,0.02859261246988138,0.037971285336129375,0.030936607257849122,0.03952684241340198,0.05053516187211224,0.030011980256630398
8.64,-5.230392226381198,0.030094321791419874,0.038614856067315774,0.051257843818535744,0.02834056433583964,0.037912865720401534,0.030886569736487453,0.03947088065731436,0.05055003866820584,0.02992093185372058
8.66,-5.223144657196455,0.02996023837451082,0.03845652715745959,0.05118681764052526,0.028104752422452445,0.03788653558838234,0.030837860130967787,0.039416506845083764,0.050566139696146234,0.029831840859782386
8.68,-5.215897088011712,0.029826436237330188,0.038298494604151315,0.05111579146251477,0.027886629652283095,0.03789074664005679,0.03079008186943459,0.03936324041884297,0.05058307075615495,0.02974404302964726
8.7,-5.20864951882697,0.02969291478981035,0.03814075785267734,0.05104476528450431,0.02767600131553769,0.03792312879141116,0.03074286236932051,0.039310629805572005,0.05060046083013839,0.02965697792368965
8.72,-5.198862841264203,0.02953481629016245,0.037953169484651016,0.05094885584438919,0.027422539354644764,0.037980991194445916,0.030695843798501193,0.039258241218966705,0.05061795288351596,0.02957013020418237
8.74,-5.184277329688403,0.02933007022112693,0.03770895562566806,0.050805917830946346,0.027090198147087734,0.03806171911187522,0.03064861297060414,0.03920557364039575,0.050635133717869145,0.029482885072861748
8.76,-5.169691818112602,0.029125753667687156,0.03746519888077921,0.0506629798175035,0.026774568290803637,0.03816276234134518,0.03060067016724128,0.03915202099137763,0.05065150264418205,0.02939448338942808
8.78,-5.1551063065367995,0.028921865728806787,0.037221898394368395,0.05052004180406063,0.02646626796138738,0.03828118383075185,0.030551533758045556,0.039096998993714764,0.050666576031050244,0.02930423009772437
8.8,-5.140520794960997,0.028718405505339696,0.03697905331242112,0.05037710379061777,0.026161568932550176,0.03841316872937678,0.03050076689187582,0.039039977545919105,0.0506799140619061,0.029211521457190307
8.82,-5.103815215721768,0.02829882289317342,0.03647403094962072,0.05001738911407333,0.025455827025314057,0.03855492332876856,0.030447848161461066,0.03898032387724365,0.05069099135784972,0.02911558816029355
8.84,-5.060095839329787,0.02781145738934217,0.03588667897743961,0.04958893922543191,0.024682585323808886,0.03870292883823484,0.03039176932574468,0.03891681464061268,0.05069879409988594,0.029014774552097475
8.86,-5.016376462937803,0.027325114279179864,0.03530042639767542,0.049160489336790465,0.023953327738037294,0.038853846715874635,0.030331338090956447,0.03884800299365793,0.05070212210567676,0.02890722130864193
8.88,-4.972657086545816,0.026839791417912578,0.03471527115250976,0.048732039448148995,0.023243130443043672,0.039004234568640446,0.03026543896765513,0.038772534917353545,0.05069984957406906,0.028791317983910138
8.9,-4.926843057838218,0.026334980611465227,0.034106341355509495,0.04828306196681453,0.022503912741336903,0.03915071496287528,0.030193057556428298,0.03868917869148205,0.05069094955759235,0.028665665514074238
8.92,-4.868686137038809,0.025710395372383038,0.03335200403161684,0.047713124142980325,0.021550519858699397,0.039290165427366755,0.030113169745732568,0.03859669054156527,0.05067438325620513,0.028528830470210112
8.94,-4.810529216239402,0.025087120386056032,0.03259907865962526,0.047143186319146144,0.02063586635450175,0.03941963314627275,0.030024574943791252,0.03849361237962753,0.05064893305362922,0.028379048414082092
8.96,-4.752372295439988,0.024465152903840413,0.031847562596674345,0.046573248495311886,0.01973862021518714,0.039535635460661134,0.029926136624190715,0.03837856349109888,0.05061344294499898,0.028214721874862424
8.98,-4.6942153746405815,0.023844490182858728,0.03109745320485081,0.0460033106714777,0.01885030266210709,0.039633430654782885,0.02981684919588421,0.038250321653220926,0.05056688561164043,0.028034500617786593
9.0,-4.641654721415257,0.02327991536290873,0.030415192404276245,0.04548821626986952,0.01806953683496621,0.0397083621782742,0.029695862991690122,0.03810785347767415,0.05050838771078088,0.027837292607541086
9.02,-4.594317926163038,0.0227676649983097,0.029796231573729574,0.04502431567639777,0.017373309564377014,0.03975623119301898,0.029562598309785096,0.037950452763851686,0.050437344364267625,0.02762245532327491
9.040000000000001,-4.5469811309108135,0.022256489230754458,0.029178429300361023,0.04456041508292597,0.016660773846971115,0.03977309437448429,0.029416717533958414,0.03777770676060861,0.05035339181646569,0.02738970476123603
9.06,-4.4996443356585925,0.02174638580595714,0.02856178341560903,0.0440965144894542,0.01594340801341394,0.039754693764009814,0.02925798660443294,0.037589328224108806,0.05025626926795192,0.02713884907650169
9.08,-4.452307540406373,0.021237352474360795,0.027946291754970962,0.043632613895982456,0.015225764000691795,0.039696911963134685,0.02908623854174238,0.037385111207970764,0.050145782578547425,0.026869754047734392
9.1,-4.424569114101677,0.020921249480689817,0.027564643831315544,0.04336077731819644,0.014866843731741923,0.03959606435278977,0.028901481254175722,0.037165061831107585,0.050021912328868184,0.026582566655037953
9.120000000000001,-4.399017698304357,0.020627219821165024,0.027209676670196314,0.0431103734433827,0.01449791321203225,0.03944912441714225,0.028704224221297946,0.036929794528954646,0.04988514121424769,0.026278303412118995
9.14,-4.3734662825070405,0.02033380697604346,0.026855373928749975,0.042859969568568995,0.014104369408285253,0.03925454781209675,0.028495138354219,0.03668011966797674,0.04973611460103399,0.025958121528701642
9.16,-4.347914866709722,0.02004100965137396,0.026501734363330427,0.04260956569375528,0.0137019840119995,0.03901228194499466,0.028274895005787035,0.03641684834049804,0.04957547970669061,0.02562307155726948
9.18,-4.327901575670655,0.019803043231117142,0.026214510955356207,0.04241343544157242,0.013397954625480322,0.038722687987951955,0.02804418338064056,0.036140813479455434,0.049403903029063376,0.025274193465986028
9.200000000000001,-4.320654006485912,0.019690548822791743,0.026079392736924188,0.042342409263561934,0.013311770513625235,0.03838626722864346,0.027803872898069258,0.03585306677733,0.04922223291727062,0.02491283954128925
9.22,-4.31340643730117,0.019578290404847223,0.025944527429781802,0.042271383085551464,0.013186509591558445,0.03800471347073738,0.02755511497381436,0.035555002176599224,0.04903160183886267,0.024540828590402897
9.24,-4.306158868116427,0.01946626748222374,0.025809914560535243,0.04220035690754098,0.013046074570194572,0.037583846127738234,0.027299067819990554,0.03524802218271299,0.04883315148287504,0.02415989207670978
9.26,-4.298911298931685,0.019354479560900053,0.025675553656676894,0.04212933072953051,0.012899956139412548,0.037130150794699786,0.02703682138899407,0.03493344683699783,0.04862795763917243,0.023771591162261806
9.28,-4.291663729746942,0.019242926147891217,0.025541444246583472,0.04205830455152003,0.012751921847363186,0.036649698718872484,0.026769399164061028,0.03461251586894103,0.04841703184754244,0.023377362674759573
9.3,-4.2844161605622,0.019131606751246533,0.025407585859514567,0.04198727837350956,0.012603466534652266,0.03614811706059755,0.02649776003351208,0.03428639095049668,0.04820132313432357,0.022978539151593338
9.32,-4.277168591377457,0.019020520880047243,0.025273978025610797,0.041916252195499076,0.012455182533594834,0.03563041127658192,0.026222800235408253,0.033956158036335796,0.0479817198234544,0.022576358633516466
9.34,-4.269921022192715,0.018909668044404516,0.025140620275892336,0.04184522601748861,0.012307303786972883,0.035100918813164204,0.025945355360179913,0.033622829774973606,0.04775905140964044,0.02217197042177686
9.36,-4.263723946734492,0.018809331791959316,0.02501998466707233,0.041784494677998024,0.012179068254756367,0.034563597441196275,0.02566620844024064,0.033287355302801094,0.047534096529105126,0.02176645050323843
9.38,-4.263836306285054,0.018770973608980463,0.02497448686005362,0.04178559580159352,0.012163567897879592,0.03402210997025715,0.025386145404249445,0.032950687484420246,0.04730763836172749,0.021360902863328767
9.4,-4.263948665835615,0.018732695893665243,0.024929074214822725,0.04178669692518903,0.012130696209309502,0.03347963779783497,0.025106039928227693,0.032613885820843146,0.047080549577366085,0.0209566019284118
9.42,-4.264061025386177,0.018694498477208877,0.024883746571975684,0.041787798048784526,0.012091027058874833,0.03293827237291052,0.024826729883567954,0.03227796662874096,0.0468536688383623,0.020554733664543814
9.44,-4.264173384936738,0.01865638119116069,0.024838503772406928,0.04178889917238003,0.012048759047191748,0.03239950686699402,0.02454898251117948,0.03194386079323078,0.04662776586191617,0.020156352221556064
9.46,-4.2642857444872995,0.018618343867423393,0.024793345657308678,0.041790000295975537,0.012005559098043957,0.03186464655587944,0.024273497519540548,0.03161241750541673,0.04640354437306876,0.01976240360853011
9.48,-4.264398104037863,0.018580386338252347,0.024748272068170443,0.041791101419571056,0.011962088784400833,0.031334998493693304,0.024000910163735543,0.03128440797775571,0.04618164504515535,0.019373737813567465
9.5,-4.264510463588426,0.018542508436254764,0.024703282846778387,0.041792202543166575,0.011918610446566934,0.03081269301574594,0.02373179429639977,0.030960529126231914,0.04596264841860265,0.01899111629671013
9.52,-4.264622823138989,0.018504709994389034,0.024658377835214827,0.041793303666762094,0.01187522788729039,0.030301626706823105,0.02346666538233006,0.030641407209335267,0.04574707778976073,0.01861521760136648
9.540000000000001,-4.264735182689552,0.018466990845963968,0.024613556875857662,0.04179440479035761,0.011831981954007522,0.02980579281888801,0.023205983469315353,0.030327601414801633,0.04553540206223966,0.01824664216894318
9.56,-4.257512645229367,0.01835754425721743,0.024481732489795575,0.04172362392324779,0.011655202428621338,0.02932880718396691,0.022950113930751574,0.030019556232631722,0.045327996331913895,0.017885838258010614
9.58,-4.2502650760446254,0.018248082211641963,0.02434985764772992,0.04165259774523733,0.011497625251820446,0.028874043395066898,0.02269921086640687,0.029717460016841536,0.04512502496639935,0.01753289506031782
9.6,-4.243017506859882,0.018138849795167243,0.024218229646073782,0.04158157156722685,0.011348249349744547,0.02844508389699546,0.02245335842122788,0.02942141631943744,0.0449265826286216,0.017187841196378242
9.620000000000001,-4.235769937675139,0.01802984652607815,0.024086848022796755,0.041510545389216356,0.011202457922028251,0.02804564219049523,0.022212617121865286,0.02913150006830899,0.04473274051510684,0.016850707516264274
9.64,-4.225464783011779,0.01789113902652199,0.023919409567088996,0.04140955487351543,0.01100268870722145,0.027679125591698113,0.0219770081438378,0.02884773847986391,0.04454353055702204,0.016521476188368883
9.66,-4.210879271435976,0.017710819023394313,0.02370146378919783,0.04126661686007257,0.010734054400428423,0.027348550616250314,0.0217464405950828,0.028570022857385212,0.04435887254470934,0.01619994097871427
9.68,-4.196293759860174,0.017530877294945773,0.023483925957388182,0.0411236788466297,0.01048085283602854,0.027055919782998955,0.021520701368991493,0.028298096254022406,0.04417856373472115,0.015885706155735316
9.700000000000001,-4.1817082482843695,0.017351313047633033,0.023266795308075575,0.04098074083318682,0.010234332886356418,0.026800278711500987,0.021299555700560763,0.02803167539428686,0.04400237925494242,0.01557838364374221
9.72,-4.167122736708567,0.01717212548957752,0.023050071079104884,0.04083780281974395,0.009991017309744665,0.026579461015366956,0.021082773376090304,0.02777048245546576,0.04383009829633494,0.015277619026218608
9.74,-4.161678845644541,0.017082807710114677,0.022942291081474366,0.0407844526873165,0.00991613864818311,0.02639122318959774,0.02087018172145458,0.02751430933340511,0.04366155716642421,0.014983174160052275
9.76,-4.158108486363103,0.01701201864749607,0.022856957289740683,0.040749463166358406,0.009852373797940437,0.026233399171291468,0.02066182545515538,0.027263211528892176,0.04349680943108953,0.014695204223299715
9.78,-4.154538127081665,0.016941378085928285,0.02277178322390899,0.04071447364540031,0.009774738728740521,0.02610394441256171,0.02045782434371566,0.027017335571173643,0.04333598387696822,0.014413941670833687
9.8,-4.150967767800227,0.016870885713886327,0.022686768585007868,0.04067948412444222,0.009691793151048081,0.0260009739909464,0.02025828424297563,0.026776811149000646,0.04317919561691324,0.014139548137866553
9.82,-4.149265367316335,0.01681882800886651,0.02262409137218987,0.04066280059970009,0.009640980936030968,0.025922685539759172,0.020063298257209324,0.026541752512540307,0.04302654722111479,0.013872147260046664
9.84,-4.153065967016488,0.016820752325869347,0.02262686866543025,0.04070004647676158,0.009684937195882414,0.02586733815523092,0.019873010395592125,0.026312335672675095,0.04287819241365225,0.013611955072407506
9.86,-4.156866566716639,0.016822672606046613,0.022629640760194615,0.04073729235382306,0.009712204211532743,0.025833389740102363,0.01968767128110003,0.026088865978912263,0.04273439194680856,0.013359371426122838
9.88,-4.160667166416792,0.016824588857866772,0.022632407666213394,0.040774538230884554,0.009732806735460585,0.025819947376334498,0.01950752445160459,0.025871640254005915,0.042595400006628495,0.013114748441765951
9.9,-4.164467766116944,0.016826501089780493,0.022635169393198748,0.04081178410794605,0.009750725829259102,0.0258265000897068,0.019332775702890197,0.025660909610967342,0.04246143350885617,0.012878355825173672
9.92,-4.16322824684215,0.016779067970805573,0.022578084556841335,0.040799636819053076,0.009675681179386145,0.025852570523059355,0.019163566466887497,0.025456847155603545,0.04233264536994734,0.012650348413200622
9.94,-4.159657887560712,0.016708916092361963,0.022493432478816553,0.04076464729809498,0.009571079582380109,0.025897634084642653,0.01899988070979814,0.02525943505440898,0.042209031172238995,0.012430606815794642
9.96,-4.156087528279274,0.016638911378286415,0.022408938850677133,0.040729657777136885,0.00947792928366954,0.025960830979032262,0.018841604694255176,0.02506853697114619,0.042090488658203855,0.012218879240328981
9.98,-4.152517168997836,0.016569053519858032,0.022324603375840083,0.04069466825617879,0.00938952123690893,0.02604035484973536,0.018688602904159145,0.024883990122053553,0.041976893529858,0.012014919210734054
10.0,-4.147765007059579,0.016487772695208004,0.022226394200932902,0.040648097069183875,0.009281650909434015,0.02613426085940214,0.018540726360494437,0.024705615355398038,0.041868107727576556,0.011818479423533463
10.02,-4.133179495483777,0.01631039666911828,0.02201161737171901,0.040505159055741015,0.008998717797014447,0.026240712763099232,0.018397737883920053,0.024533126506000397,0.04176390458591054,0.011629161821940579
10.040000000000001,-4.118593983907971,0.016133392741842806,0.02179724255701862,0.04036222104229811,0.00874380895895681,0.026357936015389515,0.018259175483298265,0.024365964688145027,0.041663831893402656,0.011446178999492454
10.06,-4.104008472332168,0.01595676013279405,0.021583269004349946,0.040219283028855246,0.008500566959017236,0.026484046741146565,0.018124546453911358,0.024203533637255335,0.041567405722573655,0.011268758503929058
10.08,-4.089422960756366,0.015780498063021887,0.021369695962639566,0.040076345015412386,0.008262494076747595,0.026617073960720897,0.017993385883070524,0.024045270657577084,0.04147416893248514,0.01109621717957342
10.1,-4.072931950256217,0.015585951459617534,0.02113389867027268,0.03991473311251093,0.007992278299393625,0.02675514226224299,0.017865245033477792,0.023890632541344117,0.04138367959826303,0.010927910189383548
10.120000000000001,-4.054685681599501,0.01537462949444077,0.020877702536576122,0.03973591967967511,0.00769669629872859,0.02689651140926257,0.01773964955316442,0.023739044890283858,0.0412954692111093,0.01076314462367582
10.14,-4.036439412942787,0.015163750839751964,0.020621985945130202,0.039557106246839314,0.007409001630600437,0.02703973839088233,0.017616106278755088,0.023589910359858583,0.04120904943492134,0.010601199915383287
10.16,-4.018193144286073,0.014953314565575896,0.02036674799833832,0.03937829281400351,0.0071250820398954355,0.02718415182375501,0.017494146921208525,0.02344266163661426,0.04112395579841468,0.010441410462499483
10.18,-3.9999468756293584,0.014743319743888244,0.020111987800284,0.03919947938116771,0.006843302085018388,0.027329316525163048,0.017373337349127264,0.023296772704093745,0.041039757040419754,0.010283171755036763
10.200000000000001,-3.964748072710868,0.014367804932378641,0.019656426810871215,0.03885453111256651,0.006254032469028305,0.027474836382540335,0.017253178822798844,0.023151639068652096,0.040955956311913594,0.010125749544000287
10.22,-3.9282796712238777,0.0139806488636002,0.019186644571157978,0.038497140777994,0.005687918742569486,0.027620279600693513,0.017132823628091987,0.02300623286150635,0.04087170637554965,0.009967774045207567
10.24,-3.891811269736887,0.013594304969484326,0.018717741659439575,0.038139750443421494,0.005144731090562866,0.02776488176836138,0.017011374209681164,0.02285946553342678,0.040786108320235825,0.009807882435543588
10.26,-3.8553428682498967,0.013208771546253816,0.018249716429809333,0.037782360108848986,0.004611849475197668,0.027907461081128727,0.016888005596536953,0.022710336319684946,0.04069833401055018,0.00964490119455905
10.28,-3.817702545829618,0.012812574119188914,0.017768653007920576,0.03741348494913026,0.004062898357528842,0.02804683640649924,0.016761962610779006,0.022557928875295386,0.04060762344508913,0.009477790104219229
10.3,-3.777605963363047,0.01239316174249578,0.017259326824434536,0.03702053844095786,0.0034755884927103044,0.028181933755302833,0.016632523029971872,0.02240136661763943,0.04051324802663574,0.009305554130197647
10.32,-3.7375093808964803,0.011974629207636481,0.016750953986421787,0.0366275919327855,0.002898579009656138,0.02831133353740499,0.01649897622259187,0.022239786824884752,0.04041448924439248,0.009127205644412268
10.34,-3.6974127984299128,0.011556974668881807,0.016243532709431324,0.036234645424613146,0.0023269576867545505,0.028431910679821523,0.01636067301048001,0.022072401112933557,0.04031068861314892,0.008941863717368406
10.36,-3.657316215963345,0.011140196284374569,0.015737061212352306,0.03584169891644078,0.0017587689363091593,0.028540053536471002,0.016217036468981944,0.021898508551086944,0.04020125861381786,0.008748763424425696
10.38,-3.617219633496774,0.010724292216121383,0.015231537717407677,0.035448752408268384,0.0011932312957451952,0.028632403444992512,0.016067558033243834,0.021717490959878582,0.04008567894737376,0.008547241325308269
10.4,-3.5771230510302074,0.010309260629984711,0.014726960450148128,0.035055805900096035,0.0006300295768396872,0.028705906261913258,0.01591179368541144,0.021528808305923214,0.03996349286160256,0.008336726413736567
10.42,-3.53702646856364,0.009895099695674538,0.014223327639445563,0.03466285939192367,6.90337715744606e-05,0.028757692833911414,0.01574936022930662,0.02133199420177734,0.03983430355741391,0.008116733326647248
10.44,-3.4969298860970723,0.009481807586740477,0.013720637517487123,0.03426991288375131,-0.0004898125730135358,0.028785032801550463,0.01557993165831883,0.021126651517796708,0.03969777068064313,0.007886856541992542
10.46,-3.456833303630502,0.009069382480563631,0.013218888319768859,0.03387696637557892,-0.0010465366822794222,0.028785466224279608,0.015403235621460688,0.020912448112020362,0.03955360690449297,0.007646765063679419
10.48,-3.4167367211639363,0.008657822558348684,0.012718078285089689,0.033484019867406574,-0.0016011541568772482,0.028756826123841263,0.015219049991795498,0.02068911268321346,0.03940157460703348,0.007396197397218102
10.5,-3.3766401386973706,0.00824712600511567,0.012218205655544984,0.03309107335923423,-0.0021536759631059664,0.028697476463665147,0.015027199540748925,0.020456430751358372,0.03924148264749105,0.007134956740216361
10.52,-3.336543556230805,0.007837291009692125,0.011719268676520563,0.03269812685106189,-0.002704111208908088,0.02860703340674496,0.014827552721166051,0.020214240769094966,0.03907318324441299,0.006862906359217246
10.540000000000001,-3.296446973764235,0.007428315764705014,0.011221265596686455,0.032305180342889504,-0.003252468246312664,0.028485562747423348,0.014620018561366981,0.019962430366874423,0.038896568958191775,0.0065799651427047015
10.56,-3.259914203054726,0.007055087175825767,0.010766507848407483,0.03194715918993631,-0.0037338009625684726,0.0283332484714082,0.014404564164820333,0.019700957587823253,0.03871159029432814,0.006286141479704988
10.58,-3.227079381626156,0.006718843422267351,0.01035650710248499,0.031625377939936326,-0.004155147019420791,0.028150352699954813,0.014181291068706775,0.01942994351170473,0.038518332264156935,0.005981671193776541
10.6,-3.194244560197585,0.006383305039692651,0.009947273786880872,0.03130359668993633,-0.004588144285905265,0.02793715301228014,0.013950425135785836,0.019149660032590558,0.03831700454840749,0.005666976524335267
10.620000000000001,-3.1614097387690117,0.006048470548376824,0.00953880646513602,0.030981815439936312,-0.005024765424067246,0.027693931301728807,0.013712222910694752,0.018860416321387546,0.03810784801622591,0.005342485483151546
10.64,-3.128574917340441,0.0057143384716992806,0.009131103703480163,0.03066003418993632,-0.005461826489954806,0.027421034233910107,0.013466947809813789,0.018562529957088708,0.037891110954462875,0.005008609911077931
10.66,-3.102199516486171,0.005444143236830219,0.008800856850013259,0.030401555261564475,-0.005780337276442667,0.02711888266593694,0.013214905791737855,0.018256370189823616,0.03766708479004313,0.004665827107649394
10.68,-3.076648100688853,0.0051825813972746606,0.008481011329916108,0.030151151386750757,-0.006099685255273486,0.0267878197213689,0.012956553801156342,0.017942489473593802,0.037436212737089816,0.004314878214930746
10.700000000000001,-3.0510966848915326,0.0049215682612418,0.008161764489581745,0.02990074751193702,-0.006426735316048367,0.026427688704182314,0.012692389556604053,0.017621489841595506,0.037198979785982814,0.003956532549760105
10.72,-3.0255452690942146,0.004661102677663329,0.00784311520841469,0.0296503436371233,-0.006756088060378458,0.026038283770026885,0.012422896785034152,0.017293956497404592,0.03695585796603304,0.0035915028259549536
10.74,-3.0052987334866588,0.004453116774719093,0.007588047275049864,0.029451927588169256,-0.00698891527527827,0.025619511014164487,0.012148570640716476,0.01696048863903214,0.036707331761697555,0.0032205139039986203
10.76,-2.9980511643019168,0.004372823389044487,0.007487793658925593,0.029380901410158783,-0.0069982400950825115,0.02517154973400957,0.011870078694016144,0.016621894709704117,0.03645405929445292,0.00284460423992317
10.78,-2.9908035951171748,0.004292698442556752,0.0073877276953002655,0.02930987523214831,-0.007046870840277846,0.024695473081330584,0.01158837193014245,0.016279327064636834,0.03619698380020736,0.0024652901197386307
10.8,-2.9835560259324323,0.004212741581904736,0.00728784903293008,0.029238849054137834,-0.0071109407288414165,0.024193165966994255,0.01130440743637704,0.015933945722226533,0.03593705662041985,0.0020840025739522292
10.82,-2.9763084567476903,0.0041329524544785655,0.007188157321228714,0.029167822876127365,-0.007180972681510655,0.023666608251949394,0.011019072808716838,0.0155868266852738,0.03567516154215654,0.001702001882349805
10.84,-2.9769040479760083,0.0041301130308000296,0.007181774149419127,0.02917365967016488,-0.0071102542086524095,0.0231177024061994,0.010733233841739706,0.015239019759920577,0.03541216239211658,0.0013205085271931058
10.86,-2.9807046476761583,0.0041586556902150065,0.007213456030128264,0.02921090554722635,-0.0070026782320459025,0.022548951071966108,0.010447883155268175,0.014891728804290055,0.035149051773625546,0.000940983983707394
10.88,-2.9845052473763083,0.004187138472937741,0.007245078609394555,0.02924815142428782,-0.006912263013961878,0.021965387985784658,0.010164046400112443,0.014546198008718045,0.034886857440192966,0.0005649179748630211
10.9,-2.9883058470764583,0.004215561504577357,0.007276641998217133,0.02928539730134929,-0.006828842543401011,0.021372384833205603,0.009882678058724252,0.014203585530871627,0.03462653805608369,0.00019364426740679075
10.92,-2.991589115273822,0.004238860381368942,0.0073020040241511,0.029317573329683454,-0.006757808024298241,0.020774920296423756,0.009604643265877729,0.01386494142775701,0.03436896484845023,-0.0001716614378761997
10.94,-2.9917014748243833,0.00423106808294059,0.007289670341005495,0.029318674453278955,-0.006744544203661116,0.020177476567075827,0.00933069519114341,0.01353118020010486,0.034114898778419875,-0.0005300060389454853
10.96,-2.9918138343749447,0.004223292131168941,0.007277359743774916,0.029319775576874457,-0.00672300323264484,0.019583548011069346,0.009061437242809538,0.013203034921986857,0.03386495247018936,-0.0008806362336766652
10.98,-2.991926193925506,0.004215532491762033,0.007265072189247666,0.02932087670046996,-0.006698236762394728,0.01899542866333514,0.008797390100757136,0.01288113849714738,0.033619656999810385,-0.0012228982121092443
11.0,-2.9920385534760676,0.004207789130499846,0.007252807634292923,0.02932197782406546,-0.0066722506183123555,0.01841500970870488,0.008539014162857966,0.012566050859111506,0.03337948419143486,-0.0015562074323062555
11.02,-2.992150913026629,0.004200062013234143,0.007240566035860593,0.029323078947660963,-0.006645841101148655,0.017844001909475615,0.008286712860365131,0.0122582629753189,0.03314484980959569,-0.0018800529274732053
11.040000000000001,-2.9922632725771905,0.004192351105888325,0.007228347350981169,0.029324180071256464,-0.00661932419911986,0.01728415976812944,0.00804083590014961,0.011958200763476316,0.03291611668521893,-0.0021939962299215928
11.06,-2.9923756321277515,0.004184656374457275,0.0072161515367655605,0.029325281194851963,-0.0065928251647686805,0.016737968098852488,0.007801682428546746,0.011666228913756753,0.032693597769972306,-0.002497668234676167
11.08,-2.992487991678313,0.00417697778500722,0.007203978550404975,0.029326382318447464,-0.006566393508606264,0.016208135747009262,0.0075695041122732015,0.011382654611316498,0.0324775591142411,-0.00279076532529558
11.1,-2.9926003512288744,0.004169315303675566,0.007191828349170742,0.029327483442042966,-0.0065400486641460755,0.015697160051333172,0.007344508132530343,0.01110773115439507,0.03226822276466927,-0.003073045289640487
11.120000000000001,-2.9890516001355585,0.004125827658832148,0.007136232479128804,0.02929270568132847,-0.006580525641245346,0.015207315063362951,0.007126839036596758,0.010841635931530143,0.03206574850326988,-0.0033443624316095892
11.14,-2.9854812408541234,0.004082219704168854,0.007080484117924622,0.029257716160370408,-0.006611760260306007,0.01474110731264053,0.006916521868314143,0.010584401432691907,0.031870176786645874,-0.0036047690515488523
11.16,-2.9819108815726882,0.0040387032301220874,0.007024840105268619,0.029222726639412343,-0.0066390550675879175,0.014302032090106928,0.006713533874767857,0.010336002182636665,0.03168150027703174,-0.00385436488820698
11.18,-2.978340522291253,0.003995278044784125,0.00696930024584349,0.02918773711845428,-0.006664729124697256,0.013893508058831558,0.006517829061332151,0.010096384508266656,0.03149968832275742,-0.004093263651286736
11.200000000000001,-2.961030600591913,0.0038174375261375067,0.006750734352693306,0.029018099885800747,-0.006940121267367123,0.013518570349399121,0.006329261353427901,0.009865373342519197,0.03132460999049004,-0.004321747443245184
11.22,-2.924562199104922,0.0034524139816279813,0.006305108702377973,0.028660709551228236,-0.007527835564102588,0.013179738991340565,0.006147252868904871,0.009642269876246633,0.03115570177901235,-0.004540868269006766
11.24,-2.8880937976179313,0.0030881561822481297,0.005860317164288291,0.028303319216655725,-0.00804949068512606,0.012878400997385447,0.0059707443424955355,0.009425791314492055,0.0309919170848081,-0.004752445013270951
11.26,-2.8516253961309403,0.0027246625216204652,0.005416358177151459,0.027945928882083214,-0.00854382488330509,0.012614744434410576,0.0057986405352385365,0.009214610939350665,0.03083217106842458,-0.004958182461188744
11.28,-2.815156994643949,0.0023619313967373524,0.004973230182617033,0.0275885385475107,-0.009026225584552397,0.012388613604810908,0.005629922746901737,0.009007494556221676,0.030675453209530246,-0.005159559817268641
11.3,-2.758200029607985,0.0017993839649912595,0.004287670660581565,0.02703036029015825,-0.009876232582850275,0.01219973599634487,0.005463528283742463,0.008803154333324516,0.03052070680880319,-0.005358124088580843
11.32,-2.6964470710281043,0.0011910652228183472,0.003546451463894391,0.02642518129607542,-0.010755794989250039,0.012047256958272795,0.005297986835057028,0.008599807786042638,0.030366464890156014,-0.0055561623086721225
11.34,-2.634694112448224,0.0005840226095996255,0.0028066196648882293,0.025820002301992596,-0.011597915519081396,0.011928275672939663,0.005131727738711777,0.00839555031872865,0.030211156933013003,-0.005756030213100829
11.36,-2.5729411538683435,-2.17465517238284e-05,0.0020681726666628066,0.025214823307909764,-0.012423307067828916,0.011839058160444832,0.0049632885009829085,0.008188608091734401,0.0300533174004344,-0.005959806271966385
11.38,-2.5111881952884576,-0.0006262449325950384,0.0013311078771786207,0.024609644313826885,-0.013240201940807694,0.011775949725239328,0.004791337522108843,0.00797736561351881,0.029891608715692602,-0.006169321833541559
11.4,-2.4494352367085783,-0.0012294751988527275,0.0005954227092480996,0.024004465319744067,-0.014051876259224976,0.0117354719286347,0.004614668033151064,0.0077603584238761045,0.029724815467641812,-0.006386207429659023
11.42,-2.387682278128699,-0.0018314400107434163,-0.0001388854194739149,0.02339928632566125,-0.014859637971404183,0.011714142820366813,0.004432192095402197,0.007536265851291064,0.029551838665968028,-0.006611916424841014
11.44,-2.3259293195488198,-0.0024321420229329043,-0.0008718190864989269,0.022794107331578432,-0.01566401341973018,0.01170832681769163,0.004242934677957691,0.0073039038633812385,0.02937169006208346,-0.006847739576495137
11.46,-2.2641763609689347,-0.00303158388451809,-0.0016033808645139697,0.02218892833749556,-0.01646521853743924,0.011714547075904193,0.004046027827527383,0.007062218027522538,0.02918348654992065,-0.007094815883529137
11.48,-2.2202555621854034,-0.003455196437580891,-0.002121851870843657,0.021758504509416954,-0.016938336452245628,0.011729568069722265,0.003840807483096509,0.0068104009579437125,0.028986547307147455,-0.007353950945509972
11.5,-2.1910597319545793,-0.0037337670597960243,-0.0024645226835732833,0.021472385373154875,-0.01718745024805454,0.011750206146536307,0.0036271826211222626,0.006548340072977749,0.02878076375627551,-0.0076249552226453545
11.52,-2.161863901723755,-0.004011753297522981,-0.0028065520926627285,0.0211862662368928,-0.01749208797831798,0.011772750125476614,0.0034055315650306315,0.0062764919961751185,0.02856649696862258,-0.007906946315759606
11.540000000000001,-2.1326680714929287,-0.004289156376681534,-0.003147941298677145,0.0209001471006307,-0.017817998210675888,0.011793381794298816,0.0031763128971539914,0.005995410797280841,0.02834418915319338,-0.008199089797236901
11.56,-2.1034722412621045,-0.00456597752061968,-0.003488691499934435,0.020614027964368623,-0.018151582316616753,0.011808544131949436,0.0029399760168750794,0.005705639538555564,0.0281142742894204,-0.008500668787062486
11.58,-2.0985501031295755,-0.004604585369095878,-0.0035406020504517998,0.02056579101066984,-0.018045029989460462,0.01181495310940579,0.0026970999134693294,0.0054078785763307866,0.02787731702648455,-0.00881076326767234
11.6,-2.094979743848137,-0.004629878693492966,-0.003576365749179654,0.02053080148971174,-0.017978509163877766,0.01180939789925958,0.0024487950998640126,0.005103473063329424,0.027634415311391217,-0.009127514161290793
11.620000000000001,-2.091409384566698,-0.004655118957641576,-0.003612062506208073,0.020495811968753642,-0.017941261169327736,0.01178859913337677,0.0021962652427711567,0.004793881437153958,0.02738676267485341,-0.009449052145732644
11.64,-2.0878390252852594,-0.00468030627285132,-0.0036476924468370467,0.02046082244779554,-0.017915678576964775,0.01174951428082798,0.001940638314890655,0.004480470665893167,0.027135479401765566,-0.009773740174594009
11.66,-2.0829053153864328,-0.004718787567185911,-0.0036994427746246997,0.020412472090787042,-0.017919617631681414,0.0116894114236254,0.0016829535548674038,0.00416450041172928,0.026881599318506418,-0.010100124162244139
11.68,-2.0756577462016907,-0.0047798401636421845,-0.0037785687167906337,0.02034144591277657,-0.017964000969280504,0.011606208529430038,0.0014241289515403495,0.0038470835707859743,0.026626037056693055,-0.010426960691013674
11.700000000000001,-2.068410177016948,-0.004840764684172696,-0.003857546552769956,0.02027041973476609,-0.01800154407823872,0.011499528107636707,0.0011649524207769542,0.0035291755385819757,0.026369578966123224,-0.010753211565069082
11.72,-2.061162607832206,-0.004901561397454669,-0.003936376559784536,0.020199393556755617,-0.018036295678425483,0.01136969878788547,0.0009061366562832941,0.0032116406972076883,0.02611293775004569,-0.011077930465642068
11.74,-2.053915038647464,-0.00496223057160171,-0.004015059014537362,0.020128367378745144,-0.018069863837730103,0.01121716451858097,0.0006483355685193468,0.002895272331489566,0.025856768763375892,-0.01140024237859684
11.76,-2.0524879916783125,-0.00496579120772257,-0.00402448706202478,0.020114382318447463,-0.017996802394031345,0.01104243084739903,0.0003921802793072575,0.0025808362669306846,0.025601705921666957,-0.011719284853911013
11.78,-2.052600351228874,-0.004954274019870662,-0.0040156200699354464,0.020115483442042965,-0.017910867219020257,0.010846154193150107,0.00013838517188995204,0.00226919948110795,0.025348467814703707,-0.012034023398390138
11.8,-2.0527127107794354,-0.00494278099273561,-0.004006769674885583,0.020116584565638466,-0.017835163119064527,0.010629185301234127,-0.00011233481379721515,0.001961229821513785,0.025097775089752954,-0.0123434388963166
11.82,-2.0528250703299964,-0.004931312075633151,-0.003997935845809222,0.020117685689233965,-0.01776367883229814,0.010392415000343033,-0.0003593250917807274,0.001657722132634121,0.02485028947809966,-0.012646632270023123
11.84,-2.0505350340524786,-0.004943385993742817,-0.0040176422266384884,0.02009524333371429,-0.017737812781578016,0.010136729971978021,-0.0006020110951566568,0.0013593743891108466,0.024606593982540347,-0.012942841314383441
11.86,-2.0396157515412696,-0.005039912463499084,-0.004139766867180336,0.01998823436510444,-0.01786372007896132,0.009862843737924945,-0.0008399836213884345,0.0010666841663213216,0.024367107274401306,-0.013231586381507987
11.88,-2.0286964690300597,-0.005136236440360828,-0.0042616629175239945,0.019881225396494586,-0.017964580232962647,0.00957078232908645,-0.001073090405728322,0.0007798375341091309,0.024131991676666208,-0.013512812661975196
11.9,-2.0177771865188503,-0.005232358349116932,-0.004383330805539519,0.019774216427884732,-0.01805530193379977,0.009260312140200032,-0.0013012553202618534,0.0004989282623438859,0.02390133361526979,-0.013786517627858506
11.92,-2.0068579040076413,-0.005328278613665167,-0.004504770958296102,0.019667207459274885,-0.018141806284821642,0.008931242719307118,-0.0015244247847759874,0.0002240227931130526,0.023675197104630594,-0.014052685011194641
11.94,-1.9912901592114465,-0.005469504788195304,-0.004681175051414672,0.019514643560272174,-0.018311168354742544,0.008583425983207911,-0.0017425928487677543,-4.4870185063437145e-05,0.023453598591946852,-0.014311359136485098
11.96,-1.9730438905547296,-0.005636656690050653,-0.004889051101691271,0.019335830127436348,-0.01851606055911372,0.00821656182828495,-0.001955890625782768,-0.0003079082166717392,0.023236417328896627,-0.014562815653903166
11.98,-1.9547976218980145,-0.0058034579412241695,-0.005096538054179532,0.019157016694600543,-0.018708219412857177,0.00783008073699673,-0.0021645402997920527,-0.00056535933550452,0.02302344112573674,-0.014807453583629216
12.0,-1.936551353241299,-0.005969909277309664,-0.005303636637184105,0.01897820326176473,-0.01889490348667012,0.007423447956770146,-0.0023687756012397846,-0.0008175056425524914,0.02281444576753646,-0.015045650510823225
12.02,-1.9184670234897574,-0.0061344260962725855,-0.005508424875052032,0.01880097683019962,-0.019076045301239224,0.006996241771087007,-0.002568824339079725,-0.0010646221238272372,0.02260921247624128,-0.015277752510988132
12.040000000000001,-1.9038815119139523,-0.00626434535194952,-0.005671288283996954,0.01865803881675673,-0.019192404156644798,0.006548196289491833,-0.0027648852665074003,-0.0013069485912713015,0.022407551081675345,-0.01550404465365594
12.06,-1.8892960003381485,-0.006393992063461056,-0.005833846848818966,0.018515100803313856,-0.019317253926722695,0.006079346630245956,-0.0029570739004092655,-0.001544623964261124,0.0222093543200189,-0.01572466172388177
12.08,-1.8747104887623447,-0.006523366802549412,-0.005996101140118558,0.01837216278987098,-0.01944517864129434,0.005589882868830093,-0.00314548945690327,-0.001777767426403031,0.02201453100275701,-0.01593973198781343
12.1,-1.860124977186541,-0.006652470139757396,-0.00615805172742817,0.0182292247764281,-0.019574028689302636,0.005080059948495456,-0.0033302351610614614,-0.00200650305272264,0.021822985719855914,-0.01614940481227337
12.120000000000001,-1.8522632725771921,-0.0067154784757271924,-0.006239867337171962,0.018152180071256484,-0.019580403236651785,0.004550278395815375,-0.0035113789027614154,-0.002230912093951998,0.021634658216818627,-0.016353767956188276
12.14,-1.8523756321277536,-0.006700290799973675,-0.006226853645334409,0.018153281194851986,-0.019459053194412577,0.004001522386124622,-0.0036887973686500685,-0.002450843929345214,0.02144967950064371,-0.016552564152156005
12.16,-1.852487991678315,-0.006685134984873846,-0.006213864312237105,0.018154382318447487,-0.019365815073772247,0.0034355237808273375,-0.003862173081079847,-0.0026659124230365484,0.021268375205526144,-0.016745230052507096
12.18,-1.8526003512288765,-0.006670010963590533,-0.006200899292285895,0.01815548344204299,-0.019283910516547636,0.0028540970844988666,-0.004031184408518982,-0.0028757263163397603,0.021091075790611275,-0.016931268702570012
12.200000000000001,-1.8527127107794379,-0.006654918669426776,-0.006187958539971964,0.01815658456563849,-0.019206676039806508,0.0022589624212122606,-0.0041955510538051,-0.003079944395123035,0.020918071012684978,-0.01711029108113318
12.22,-1.8463159361792534,-0.006703580618373136,-0.006252325038957244,0.018093896174556683,-0.019250100559987243,0.0016522491909979995,-0.004355069087789218,-0.0032783179902582116,0.020749574768929316,-0.017282052019110497
12.24,-1.8390683669945123,-0.006760469522828665,-0.006326672552624225,0.01802286999654622,-0.01929269845639855,0.0010380198552399761,-0.004509719392715687,-0.0034708225193032308,0.020585616379264336,-0.017446631019150113
12.26,-1.8318207978097711,-0.006817239085937109,-0.006400880904261259,0.017951843818535755,-0.019326511223943434,0.0004209085612677745,-0.004659555947100212,-0.0036575220486693887,0.020426152030708078,-0.01760418676424314
12.28,-1.8245732286250305,-0.006873889558052331,-0.0064749503543487415,0.017880817640525296,-0.01935677155039849,-0.00019472087358668184,-0.004804649234986664,-0.003838500680160285,0.020271121274058657,-0.017754866502902786
12.3,-1.8184453127104119,-0.006919460100127328,-0.006535587505960398,0.017820764064562036,-0.01936515078898109,-0.0008048426436914656,-0.004945073523576361,-0.004013847125716348,0.02012045972496655,-0.01789880326065242
12.32,-1.8148749534289736,-0.006939897288316892,-0.0065657452572246856,0.01778577454360394,-0.01932924382784036,-0.0014056013267776167,-0.005080872833623404,-0.004183613437156283,0.019974133121338205,-0.018036064165976386
12.34,-1.811304594147535,-0.006960291603443733,-0.006595846559877886,0.01775078502264584,-0.01930103283110993,-0.001993115581844297,-0.00521203949080908,-0.004347788984855444,0.01983215885800813,-0.018166624260224022
12.36,-1.8077342348660967,-0.006980643135446808,-0.006625891519579249,0.017715795501687746,-0.019275930641806407,-0.002563779689614701,-0.005338568156599322,-0.004506365972410281,0.019694552007688822,-0.018290478331353995
12.38,-1.804163875584658,-0.007000951974076409,-0.00665588024179027,0.017680805980729648,-0.019252115458711347,-0.0031143394058902795,-0.0054604697823459405,-0.004659356360873397,0.019561311347307465,-0.018407656969402855
12.4,-1.808648560472196,-0.006942361604453041,-0.006590175194206147,0.01772475589262752,-0.01908205213778729,-0.0036419200123652944,-0.005577723927788192,-0.004806734044885461,0.019432467055378683,-0.018518130116341038
12.42,-1.816142934065594,-0.006854430144216447,-0.006488859061197612,0.017798200753842818,-0.018878824648507094,-0.004144176025379525,-0.00569012911704712,-0.004948253355150113,0.01930823057911377,-0.01862153815579675
12.44,-1.8236373076589913,-0.006766683146293135,-0.006387732569483603,0.017871645615058114,-0.018692517234133135,-0.004619233423477188,-0.005797405198175604,-0.005083573150928626,0.019188892547530347,-0.018717426427791773
12.46,-1.8311316812523897,-0.006679120223718689,-0.0062867953640977255,0.017945090476273417,-0.01851332759290636,-0.005065501140335139,-0.005899296522023683,-0.005212381934355073,0.019074719649431,-0.018805427634656677
12.48,-1.837431811903031,-0.006603432291017247,-0.006200226351749227,0.018006831756649702,-0.018359127945320634,-0.005481616884507203,-0.005995594319402445,-0.005334424996414925,0.018965932181279302,-0.018885272149186883
12.5,-1.8375441714535938,-0.006588479665362623,-0.006187286859030478,0.018007932880245218,-0.01831620766380237,-0.005866208053284601,-0.006086189197254996,-0.005449568097509326,0.018862651397440644,-0.018956867273282045
12.52,-1.837656531004157,-0.0065735584072743975,-0.006174371586167709,0.018009034003840737,-0.01825659817160453,-0.006217216585094908,-0.006171146740669207,-0.005557889185251978,0.018764823620069718,-0.019020416533816868
12.540000000000001,-1.8377688905547198,-0.006558668450949806,-0.006161480487826728,0.018010135127436253,-0.018190521924507725,-0.00653255736210199,-0.006250580933924211,-0.005659524926971216,0.018672346583564328,-0.019076155124961004
12.56,-1.8378812501052826,-0.006543809730724112,-0.0061486135187582,0.018011236251031768,-0.018122037747504833,-0.006810414826543184,-0.006324615654492239,-0.005754624022693438,0.018585107879370705,-0.019124300373402996
12.58,-1.8336607379743186,-0.006571399769492997,-0.0061872148720682595,0.01796987523214832,-0.01813172789061257,-0.007049250455499509,-0.0063934083557877185,-0.005843375930333527,0.01850296122758312,-0.019165114865186142
12.6,-1.8264131687895762,-0.0066285659624763325,-0.006261684257504037,0.017898849054137845,-0.018184912602388047,-0.007247785532026103,-0.006457236795763342,-0.00592611605965334,0.018425639586741413,-0.019199069119730853
12.620000000000001,-1.8191655996048328,-0.006685612232417672,-0.006336014252792994,0.017827822876127362,-0.0182254348481179,-0.007404984421444449,-0.00651646512051094,-0.006003284671194696,0.018352788853215323,-0.019226755664234457
12.64,-1.8119180304200904,-0.006742538830891149,-0.006410205118842506,0.017756796698116886,-0.018260855468633434,-0.007520038369404729,-0.006571460029095253,-0.006075325224152931,0.01828405160301329,-0.019248732813854422
12.66,-1.8046381730659302,-0.0067996621009906435,-0.006484640473900528,0.017685454096046115,-0.018294765705339205,-0.00759234983517511,-0.006622572768672486,-0.006142662540485425,0.018219085110214472,-0.019265513413311806
12.68,-1.7937188905547208,-0.006892294481146859,-0.006602147441745038,0.017578445127436265,-0.01839401620998816,-0.0076219539501854085,-0.00667016064916247,-0.006205728893572627,0.018157539842147217,-0.019277618550031617
12.700000000000001,-1.7827996080435105,-0.006984732537416244,-0.006719434462648865,0.017471436158826403,-0.01848312375735799,-0.007611124865821471,-0.006714645745871569,-0.006265035204495544,0.018099000682375056,-0.019285686533185836
12.72,-1.771880325532301,-0.007076976677450769,-0.006836501948303816,0.01736442719021655,-0.018568015846715337,-0.007564017026361787,-0.006756445933307423,-0.0063210874171083275,0.018043055833314496,-0.019290328653315834
12.74,-1.7609610430210916,-0.007169027308047245,-0.006953350309631113,0.0172574182216067,-0.01865104705092577,-0.007484941022590518,-0.006795953685916609,-0.006374360786107948,0.017989318046586027,-0.019292101792440095
12.76,-1.7516038942944383,-0.007245591987170956,-0.0070514327233242025,0.017165718164085495,-0.018704681597947755,-0.007377967072758216,-0.006833527808915718,-0.006425289840969696,0.017937432954208854,-0.01929150350767787
12.780000000000001,-1.7443563251096954,-0.00730134386205094,-0.007124284484920673,0.017094691986075015,-0.018723467021617566,-0.007247224736541968,-0.006869456636530243,-0.006474223743175769,0.01788711597972277,-0.019288909928573517
12.8,-1.7371087559249525,-0.007356978780840553,-0.007196999884202802,0.017023665808064536,-0.018749154855840805,-0.007097743397630263,-0.006903954064797481,-0.006521421455277585,0.017838156457541336,-0.01928458081842623
12.82,-1.72986118674021,-0.0074124969888898695,-0.007269579176410542,0.01695263963005406,-0.01877751489036804,-0.006934496596026222,-0.006937209472999893,-0.006567112265275731,0.017790367815402875,-0.019278758622979817
12.84,-1.7226136175554676,-0.007467898731034284,-0.007342022616306113,0.016881613452043583,-0.018806867529410562,-0.006762102391312191,-0.00696940071677943,-0.006611511537894539,0.017743574619093788,-0.019271681831520712
12.86,-1.7215891152738196,-0.007462262186502453,-0.007340443909006403,0.01687157332968343,-0.018723124232939568,-0.006584973059404981,-0.007000658668368931,-0.006654777705561021,0.017697648093662584,-0.019263511217751852
12.88,-1.7217014748243824,-0.0074455079104623215,-0.007325370182309573,0.016872674453278946,-0.018635266157873386,-0.006407853816517025,-0.007030959783475488,-0.006696881960075922,0.017652613768045937,-0.019254136260206747
12.9,-1.7218138343749452,-0.0074287887814845415,-0.007310324670280628,0.016873775576874462,-0.0185571526686152,-0.006235760404579266,-0.00706022582013142,-0.006737729149679614,0.017608551975750952,-0.019243392172764207
12.92,-1.7219261939255084,-0.007412104725837721,-0.007295307320107971,0.01687487670046998,-0.018483072016030593,-0.006073411436496661,-0.0070883823154268945,-0.006777228684908905,0.01756553943156563,-0.019231154764980565
12.94,-1.7220385534760707,-0.007395455669945167,-0.007280318079078875,0.016875977824065493,-0.018410755395825745,-0.005925031796025201,-0.007115364813642013,-0.006815302093178241,0.017523642988948922,-0.019217330900349622
12.96,-1.7221509130266321,-0.007378841540384508,-0.007265356894579268,0.016877078947660995,-0.018339301231218314,-0.005793119918682389,-0.007141118274284746,-0.006851882303625857,0.017482920211599473,-0.019201847327705447
12.98,-1.7222632725771936,-0.007362262263887405,-0.007250423714093553,0.016878180071256497,-0.018268350886411457,-0.005675784201373618,-0.007165596495800145,-0.00688691295079866,0.01744341993057974,-0.019184645754586605
13.0,-1.722375632127755,-0.007345717767339219,-0.007235518485204435,0.016879281194852,-0.01819776133479472,-0.005570243653819427,-0.007188761555664388,-0.0069203476980458384,0.0174051827862483,-0.01916568041496492
13.02,-1.7224879916783165,-0.00732920797777869,-0.007220641155592737,0.0168803823184475,-0.018127475172455394,-0.005473902827531906,-0.007210583267462654,-0.006952149581352484,0.01736824175436627,-0.019144916643504303
13.040000000000001,-1.7226003512288774,-0.007312732822397625,-0.007205791673037213,0.016881483442043,-0.018057468999334997,-0.005385254611797505,-0.00723103865544247,-0.0069822903742144116,0.01733262265585005,-0.019122329865802333
13.06,-1.7227127107794389,-0.007296292228540557,-0.007190969985414344,0.0168825845656385,-0.017987732920901316,-0.0053076328820544924,-0.007250111446933896,-0.00701074997403394,0.01729834464974188,-0.01909790477030883
13.08,-1.7228250703300003,-0.007279886123704442,-0.007176176040698207,0.016883685689234002,-0.01791826240806445,-0.005249576301312461,-0.007267791582934415,-0.007037515810403026,0.017265420709062545,-0.019071634569008976
13.1,-1.7229374298805618,-0.007263514435538329,-0.0071614097869602345,0.016884786812829504,-0.01784905506466571,-0.005219997788227335,-0.007284074747069485,-0.00706258227553489,0.01723385807929691,-0.019043520310038805
13.120000000000001,-1.7230497894311232,-0.007247177091843047,-0.007146671172369061,0.016885887936425006,-0.01778010934380909,-0.005226749555551441,-0.00729896191305916,-0.007085950177007534,0.017203658719343068,-0.019013570227608294
13.14,-1.7231621489816846,-0.0072308740205708905,-0.007131960145190358,0.016886989060020507,-0.017711424038096148,-0.0052746771604333595,-0.007312458910746699,-0.007107626212892349,0.017174819724830388,-0.018981799123368167
13.16,-1.723274508532246,-0.007214605149825284,-0.007117276653786611,0.01688809018361601,-0.01764299807718501,-0.005362720659594014,-0.0073245760106765015,-0.0071276224692577396,0.017147333733780055,-0.018948227776782876
13.18,-1.7233868680828075,-0.007198370407860481,-0.00710262064661697,0.016889191307211514,-0.017574830447390805,-0.005488509412853557,-0.007335327527145746,-0.007145955939961353,0.017121189314644913,-0.018912882383384677
13.200000000000001,-1.7234992276333685,-0.007182169723081244,-0.007087992072237048,0.01689029243080701,-0.017506920159749844,-0.005649735399093411,-0.007344731439596475,-0.007162648068574649,0.01709637133682317,-0.01887579402026123
13.22,-1.7297425392033654,-0.0071059827376102665,-0.00700059801126641,0.01695147688419298,-0.017327523310323334,-0.005843960309995996,-0.007352773777442506,-0.007177681555139976,0.01707289661554369,-0.018836932502711172
13.24,-1.7409362328970612,-0.006981492735914917,-0.006854591585289063,0.0170611750823912,-0.01707445546748367,-0.006067941615014232,-0.00735928007718918,-0.007190844450030097,0.017050942656858584,-0.018795976661665048
13.26,-1.7521299265907566,-0.006857263888914731,-0.006708858450907133,0.017170873280589416,-0.016841468328913433,-0.006317932158438737,-0.007363950648984241,-0.007201772881388764,0.01703081269108461,-0.018752418262018018
13.280000000000001,-1.7633236202844533,-0.006733295648760266,-0.006563398096579441,0.017280571478787643,-0.016616955579621503,-0.006590282860681822,-0.007366490077719984,-0.007210108080400074,0.017012806298652587,-0.018705809084886248
13.3,-1.7745173139781492,-0.006609587468751412,-0.0064182100117223485,0.01739026967698586,-0.016396306356667497,-0.0068815580512078,-0.007366635233673966,-0.007215530354041142,0.016997191361068295,-0.018655780968037397
13.32,-1.7820469100596,-0.006522009282749105,-0.006316797562305056,0.017464059718584078,-0.016244469722758576,-0.0071882356190373945,-0.007364174621648585,-0.007217782560803717,0.016984184623649864,-0.01860206157362647
13.34,-1.7895412836529965,-0.006434959636159708,-0.006215993131495065,0.017537504579799364,-0.01608483476840851,-0.007505940129721888,-0.007359006502648639,-0.007216740615207892,0.016973893404368584,-0.01854456932608547
13.36,-1.7970356572463926,-0.006348092602017972,-0.006115377384186758,0.017610949441014646,-0.015922131887024956,-0.007830349544281261,-0.007351068419971688,-0.007212328046926012,0.016966385911294027,-0.018483261305473186
13.38,-1.8045300308397896,-0.0062614077972401195,-0.006014949967206517,0.017684394302229938,-0.015758585600540654,-0.008157470297468819,-0.007340313380194728,-0.007204487123795977,0.01696171500413329,-0.018418099307428194
13.4,-1.8073300432493293,-0.006220861307966997,-0.005970446735578493,0.01771183442384343,-0.015680637448544577,-0.008483551159907688,-0.007326735555404337,-0.007193210027867535,0.016959892432531154,-0.018349108145143917
13.42,-1.8037596839678929,-0.006242764014287466,-0.0060016623048239634,0.01767684490288535,-0.01570670309048492,-0.008804742322783658,-0.007310482238423799,-0.007178674646501062,0.016960776676801265,-0.018276581330600585
13.44,-1.800189324686456,-0.006264620773186344,-0.006032819445458066,0.01764185538192727,-0.015711253679624896,-0.00911698117614117,-0.00729186755843754,-0.007161261248710621,0.016964058896341713,-0.018201075492069486
13.46,-1.796618965405019,-0.00628643168105197,-0.006063918266846177,0.017606865860969188,-0.01570728233886532,-0.009416450801101593,-0.007271223262262256,-0.007141371557686032,0.016969411954742046,-0.018123116319047058
13.48,-1.7930486061235826,-0.006308196834070475,-0.006094958878148976,0.01757187634001111,-0.015699948674622467,-0.009699688854437047,-0.007248860953181146,-0.007119382958550159,0.016976528183615086,-0.01804316151120396
13.5,-1.786360812768634,-0.006360435126193123,-0.006162954721063524,0.01750633596513261,-0.015748119984729046,-0.009963570669625613,-0.007225090580961983,-0.007095670917440282,0.01698510091545901,-0.017961658490209618
13.52,-1.7791132435838928,-0.006418043880075788,-0.006237469516112794,0.017435309787122148,-0.015797705991795696,-0.010205292567538306,-0.007200274958636682,-0.007070675099083759,0.016994769913087474,-0.017879150225904014
13.540000000000001,-1.7718656743991512,-0.006475531782513734,-0.006311844836018522,0.017364283609111682,-0.01584223763317497,-0.01042235541728958,-0.007174780427461598,-0.007044839547374452,0.01700517064547639,-0.017796170518027375
13.56,-1.7646181052144096,-0.006532899087028701,-0.006386080941847201,0.017293257431101213,-0.015884668365976733,-0.010612548483622546,-0.007148948543115081,-0.007018578347048012,0.017015962623897023,-0.01771319930393759
13.58,-1.7573705360296685,-0.006590146046610583,-0.0064601780941766496,0.01722223125309075,-0.01592617138928438,-0.01077393624780517,-0.007123093822773732,-0.0069922728843430405,0.0170268317092558,-0.017630669224850536
13.6,-1.7501229668449256,-0.0066472729137185965,-0.006534136553096974,0.01715120507508027,-0.01596721294394478,-0.010905013809265094,-0.007097504860406579,-0.0069662731920472854,0.017037489052409555,-0.01754897261576193
13.620000000000001,-1.7428753976601827,-0.006704279940282288,-0.006607956578211404,0.01708017889706979,-0.01600797852983018,-0.011005145567289699,-0.007072445440782409,-0.006940899293303089,0.01704767003342681,-0.0174684652725706
13.64,-1.7356278284754403,-0.006761167377702746,-0.0066816384286372795,0.017009152719059315,-0.016048542160653295,-0.011074010992051313,-0.007048155648451135,-0.006916442539636263,0.017057133203540888,-0.017389468929593154
13.66,-1.7283802592906974,-0.006817935476853667,-0.006755182363006923,0.016938126541048835,-0.01608893357662234,-0.011111423512849957,-0.007024852968281545,-0.0068931669390615465,0.017065659233226643,-0.017312273212568452
13.68,-1.7261958568468558,-0.006825017517556535,-0.006768473599059188,0.016916719397099187,-0.01603688349674135,-0.011117571592607838,-0.007002704259794467,-0.00687127516011277,0.01707307901476389,-0.017237083164366285
13.700000000000001,-1.7263082163974173,-0.006809600051179775,-0.00675447047372452,0.01691782052069469,-0.01595627835075688,-0.01109415574985698,-0.00698173126051693,-0.006850793911906128,0.017079368364452677,-0.0171638507323661
13.72,-1.7264205759479787,-0.006794214927510683,-0.00674049355912981,0.01691892164429019,-0.015887131342810244,-0.01104478580039511,-0.006961870178465657,-0.006831646178302054,0.017084588672291966,-0.01709241402653581
13.74,-1.7265329354985401,-0.006778862078700831,-0.006726542806214374,0.016920022767885692,-0.015822674663231413,-0.010973284704299443,-0.006943046001242752,-0.006813741316849111,0.017088812694444063,-0.017022631164849356
13.76,-1.7266452950491016,-0.006763541437044133,-0.006712618166009364,0.016921123891481194,-0.015760220223070213,-0.010883240776864787,-0.006925186352460689,-0.0067969918608755935,0.017092110705818155,-0.01695438451621909
13.780000000000001,-1.726757654599663,-0.006748252934976535,-0.006698719589637584,0.016922225015076696,-0.015698700030141934,-0.010777698473722059,-0.006908221526794439,-0.006781313562763114,0.017094550459445763,-0.016887568513170574
13.8,-1.726870014150224,-0.006732996505075719,-0.006684847028313333,0.016923326138672194,-0.01563768944963666,-0.01065821035329522,-0.006892084512966103,-0.006766625422592889,0.0170961971578627,-0.01682208481544267
13.82,-1.7269823737007854,-0.006717772080060798,-0.006671000433342211,0.016924427262267696,-0.015577019331881343,-0.010525710725151424,-0.0068767110055644905,-0.006752849703255832,0.01709711343561962,-0.016757840384038845
13.84,-1.7270947332513469,-0.006702579592792039,-0.006657179756120977,0.016925528385863198,-0.015516621984685055,-0.010381044712364493,-0.006862039406567126,-0.006739911933075525,0.01709735935207606,-0.016694746703100186
13.86,-1.7212301013170546,-0.006745932032609413,-0.00671434984086661,0.016868054992907135,-0.015565406844920814,-0.01022516667937029,-0.006848045186800275,-0.006727782580314449,0.017096957988162746,-0.016632783437663026
13.88,-1.7103108188058442,-0.006838677127517322,-0.006831426843804043,0.016761046024297274,-0.015690661777226805,-0.010059942690491465,-0.006834867164722867,-0.006716630214833539,0.01709576895711398,-0.016572224207100153
13.9,-1.6993915362946352,-0.006931227662085771,-0.006948284704599569,0.016654037055687423,-0.015796209545339786,-0.009888886595231364,-0.006822776502674068,-0.006706783951394168,0.017093519097755333,-0.01651354130718336
13.92,-1.6884722537834262,-0.007023584044462777,-0.00706492383343861,0.016547028087077576,-0.015893720741614485,-0.0097156471793032,-0.006812045796899538,-0.0066985747176719025,0.017089933244058844,-0.01645715513920909
13.94,-1.6775529712722173,-0.007115746681940137,-0.007181344639738802,0.01644001911846773,-0.015987830661333063,-0.009543583923991883,-0.006802920104876183,-0.006692300116323021,0.017084763225239028,-0.016403412401492207
13.96,-1.6631197494046166,-0.007242116453509512,-0.007339268576947189,0.01629857354416524,-0.016144425986107935,-0.009376073527715741,-0.006795638547656535,-0.006688250616715452,0.01707776629854949,-0.016352646821495745
13.98,-1.6485342378288137,-0.007369712000184641,-0.007498705053187643,0.016155635530722374,-0.016293627274055745,-0.009217454353863935,-0.006790493720811358,-0.006686781607030313,0.017068645688403498,-0.01630529216923316
14.0,-1.6339487262530108,-0.007497039877363093,-0.0076578430997619575,0.016012697517279507,-0.016438067213894843,-0.009072349406224492,-0.006787768963943516,-0.006688237328988907,0.017057113270453696,-0.016261750531472163
14.02,-1.6193632146772083,-0.007624100646561006,-0.007816683275264172,0.01586975950383664,-0.016580294783071013,-0.008945053423216465,-0.0067877161334400455,-0.006692923917862937,0.017042911841624327,-0.016222361713786344
14.040000000000001,-1.6075051657978063,-0.007724193779647401,-0.007942842939414291,0.0157535506248185,-0.016671612596011496,-0.008839382145865916,-0.006790540771844398,-0.006701091407050442,0.017025830032431372,-0.016187385875980745
14.06,-1.6002575966130639,-0.0077789416453417975,-0.00801402617910502,0.015682524446808024,-0.01668535547136168,-0.008758354389933047,-0.0067963329581811425,-0.006712849850222484,0.01700577162654947,-0.01615688287740536
14.08,-1.5930100274283214,-0.007833574661152823,-0.008085076179583766,0.01561149826879755,-0.016713686991311427,-0.008704025289732383,-0.006805045655588779,-0.006728143029483469,0.016982777478395463,-0.01613069375217976
14.1,-1.5857624582435785,-0.007888093068012166,-0.008155993190244746,0.015540472090787068,-0.01674772544692149,-0.008678051706433616,-0.00681659971669561,-0.0067468757687248835,0.016956920685401614,-0.01610865081617273
14.120000000000001,-1.5785148890588356,-0.007942497106346084,-0.008226777460015338,0.015469445912776589,-0.0167839441555346,-0.008681857871819859,-0.00683091223350884,-0.006768948307720813,0.01692827827578082,-0.01609060834079405
14.14,-1.582939633240389,-0.007882518369159769,-0.00815884371853195,0.015512808405755812,-0.016608203008031917,-0.00871609565907903,-0.006847830011125105,-0.006794175617763363,0.016896997812590405,-0.016076302376108038
14.16,-1.590434006833787,-0.007792614651312585,-0.008054591386511517,0.015586253266971111,-0.016407770518185243,-0.008778996152693884,-0.006866922594607858,-0.006822036364525445,0.01686350473185511,-0.016064976747991892
14.18,-1.5979283804271844,-0.0077028995331738835,-0.007950534191697911,0.015659698128186406,-0.01622819274352169,-0.008867935107947809,-0.006887653928647134,-0.00685188102173279,0.016828331084847648,-0.01605576264336373
14.200000000000001,-1.6054227540205828,-0.007613372619099825,-0.00784667176883761,0.015733142989401712,-0.016057274009524242,-0.008980321460311571,-0.006909509610111703,-0.006883086174896902,0.016791988373635422,-0.01604789379687229
14.22,-1.6154241537126066,-0.007499490437759988,-0.007713237801943725,0.015831156706383544,-0.01584447673877861,-0.009113607801669768,-0.0069319994376098835,-0.00691505761964601,0.01675496495337212,-0.01604066869784703
14.24,-1.6340331762689981,-0.0073015809644667385,-0.007477855182642276,0.01601352512743618,-0.015483351119527847,-0.00926481818313289,-0.006954565631233225,-0.006947119057125162,0.01671781785813342,-0.0160332621090048
14.26,-1.6526421988253897,-0.007104086664982332,-0.0072429131473160146,0.01619589354848882,-0.01514895835436437,-0.009430189264014302,-0.006976488785581943,-0.006978398015139008,0.01668126708859029,-0.016024567510029047
14.280000000000001,-1.671251221381783,-0.006907006668356564,-0.007008410871289594,0.016378261969541473,-0.014825902427032958,-0.00960599838440616,-0.0069970641320697075,-0.007008039575834872,0.01664601950397755,-0.01601355748437381
14.3,-1.6898602439381745,-0.0067103401054663695,-0.006774347531431343,0.01656063039059411,-0.014508066715638927,-0.009788789716106229,-0.00701565031687768,-0.007035265538201851,0.01661271996216776,-0.01599934037986891
14.32,-1.7035038004646288,-0.006562696617207286,-0.00659967734482784,0.01669433724455336,-0.014283520283939609,-0.009975275027874963,-0.007031695004814067,-0.007059405488288642,0.016581925555747175,-0.01598118133407918
14.34,-1.7146974941583228,-0.006439346319257028,-0.006454421353277157,0.016804035442751563,-0.014092244392073657,-0.010162020594319698,-0.007044826823910183,-0.007080008334744309,0.016554013383904956,-0.015958655924929867
14.36,-1.725891187852017,-0.006316254785135351,-0.006309437248675341,0.016913733640949766,-0.01389049003557617,-0.010345589706014407,-0.007054798292740499,-0.007096773140706891,0.01652923730503764,-0.015931512214830842
14.38,-1.7370848815457118,-0.006193421472008377,-0.006164724522110409,0.017023431839147975,-0.013685049467973462,-0.01052278830033454,-0.007061407391217263,-0.00710945403866587,0.016507806188163877,-0.01589952716114628
14.4,-1.7478833691743771,-0.006074714793793066,-0.006024974952048651,0.017129257017908895,-0.013485821201510824,-0.010690704140890591,-0.007064483299333707,-0.007117842946932949,0.01648989809369196,-0.015862501842342093
14.42,-1.7553777427677755,-0.005988603480036145,-0.005924716748339264,0.017202701879124198,-0.01334584102274321,-0.010846451411662659,-0.007063910067761773,-0.0071217982861004675,0.016475636512439107,-0.015820317925674347
14.44,-1.7628721163611738,-0.00590267281029551,-0.005824646205715762,0.017276146740339504,-0.013197147487381725,-0.010986466737326119,-0.0070596711730499875,-0.007121299030907244,0.016465045648405834,-0.0157730191604395
14.46,-1.7703664899545726,-0.005816922405616766,-0.005724762972918269,0.01734959160155481,-0.013045345273632904,-0.011107280402179249,-0.007051782956121006,-0.007116364011465325,0.016458116841398106,-0.015720674873333933
14.48,-1.7778608635479713,-0.005731351887840492,-0.005625066699344413,0.01742303646277012,-0.012892658724139541,-0.011205766794780067,-0.0070402736423498735,-0.007107026477732082,0.016454829499970517,-0.01566335358536511
14.5,-1.7793734564229853,-0.0057045208211813,-0.0055965787904053745,0.017437859872945254,-0.012848993950205,-0.01127916920663298,-0.007025216672981148,-0.007093374527245743,0.01645511771004158,-0.01560119566915851
14.52,-1.775803097141547,-0.005727506704789819,-0.005628494157392817,0.01740287035198716,-0.012882414946827505,-0.011325288042884338,-0.007006856225003975,-0.007075703348559825,0.016458744488223334,-0.01553464230796516
14.540000000000001,-1.7722327378601084,-0.005750444368691172,-0.005660349785902976,0.01736788083102906,-0.01289630322912573,-0.01134262092194951,-0.006985575634275076,-0.007054476971427866,0.016465333033320605,-0.015464341168879719
14.56,-1.7686623785786701,-0.005773333914040496,-0.0056921457877530035,0.01733289131007097,-0.01290243256293765,-0.01132998200319307,-0.006961765033931661,-0.007030167776104093,0.016474498934712797,-0.015390894074331578
14.58,-1.765092019297232,-0.005796175441780719,-0.005723882274550765,0.017297901789112873,-0.012905478428174855,-0.011286385333573967,-0.006935791382466977,-0.007003220144924768,0.01648588016148558,-0.015314834087923775
14.6,-1.7650722613412348,-0.005784209669779774,-0.005713403024894214,0.0172977081611441,-0.012842584136856522,-0.011211298008334031,-0.006907978666249964,-0.006974026445281302,0.01649915692937261,-0.015236609730521372
14.620000000000001,-1.7651846208917976,-0.005770975606507673,-0.005701374757299902,0.017298809284739616,-0.012786231845642282,-0.011105562485357458,-0.006878550027912065,-0.006942856830702613,0.01651410972339666,-0.015156490940559606
14.64,-1.7652969804423608,-0.005757769305607746,-0.005689369003950553,0.017299910408335135,-0.012733894270003362,-0.010971024739925485,-0.006847693535836407,-0.006909938978570469,0.016530553671070144,-0.015074712515380385
14.66,-1.7654093399929236,-0.005744590708840192,-0.00567738572270451,0.01730101153193065,-0.012683264072455182,-0.01080965406192742,-0.006815586251428389,-0.006875487269280796,0.01654831452350096,-0.014991509797617094
14.68,-1.7684085004571943,-0.005703178793531729,-0.005631149849074888,0.017330403304480504,-0.012580809635529119,-0.010623352120521241,-0.006782378643174865,-0.006839683880430788,0.016567244280818946,-0.01490707964547174
14.700000000000001,-1.7759028740505927,-0.005617846886711638,-0.005531628798473557,0.017403848165695807,-0.012404526235181406,-0.010414531855092557,-0.006748122013626671,-0.006802590762561661,0.01658729389726681,-0.01482144553210675
14.72,-1.7833972476439905,-0.005532693988870663,-0.00543229402917125,0.017477293026911107,-0.012243613129693886,-0.010187761227291045,-0.006712750301351028,-0.00676412754122498,0.01660853170661083,-0.014734443213535505
14.74,-1.7908916212373884,-0.005447719724484379,-0.005333145192490743,0.017550737888126406,-0.012089146893353003,-0.009947864610333378,-0.006676182457306525,-0.006724195647302966,0.016631041184697427,-0.014645924104095098
14.76,-1.7983859948307863,-0.005362923718816143,-0.005234181940407477,0.017624182749341705,-0.011937582655896556,-0.009699321697068821,-0.006638348769558168,-0.006682710239663649,0.016654894628561456,-0.014555782125752707
14.780000000000001,-1.8089317283925532,-0.005248433646752081,-0.005099175091463073,0.01772753093824702,-0.011731897241901846,-0.0094462036185557,-0.00659917263403177,-0.006639578099799726,0.016680171381011313,-0.014463903944478667
14.8,-1.820125422086246,-0.005127840405117445,-0.004956727706807589,0.01783722913644521,-0.011523446472897292,-0.009191902316981564,-0.00655851652682099,-0.0065946321049497976,0.016707011929544317,-0.014370066962317964
14.82,-1.8313191157799382,-0.005007500143568184,-0.004814546952012781,0.017946927334643394,-0.011320743926928119,-0.008939176598201454,-0.006516228612045732,-0.0065476877376536334,0.01673557137746457,-0.014274039995633103
14.84,-1.842512809473631,-0.004887412331403542,-0.004672632328006761,0.018056625532841583,-0.011120776770103253,-0.008690484319652803,-0.006472172330742104,-0.006498578967434616,0.016765989853968953,-0.014175631495967024
14.86,-1.8537065031673245,-0.0047675764390360705,-0.004530983336651808,0.01816632373103978,-0.01092234686925839,-0.008448069468670584,-0.006426229206092562,-0.006447161657259492,0.016798389673888917,-0.014074684145950476
14.88,-1.8649001968610213,-0.004647991937989262,-0.004389599480742579,0.01827602192923801,-0.010724976732095196,-0.008214000645051017,-0.006378297779370038,-0.0063933122780719725,0.016832876364891503,-0.01397106788487366
14.9,-1.8760938905547166,-0.004528658300895328,-0.004248480264004474,0.018385720127436223,-0.010528475045884417,-0.007990262908281394,-0.006328292573729298,-0.006336926656798458,0.0168695396690384,-0.013864676254879471
14.92,-1.8872875842484125,-0.004409575001492709,-0.004107625191091735,0.018495418325634443,-0.010332764148848879,-0.007778674404896109,-0.006276143087155447,-0.006277918759422841,0.01690845451733326,-0.01375542409366667
14.94,-1.8984812779421083,-0.00429074151462387,-0.0039670337675858,0.01860511652383266,-0.010137811517432625,-0.007580864085263538,-0.006221792815672389,-0.006216219510476335,0.01694968197609207,-0.013643245790453236
14.96,-1.899351001333169,-0.004273226065868883,-0.0039492821251942084,0.018613639813065054,-0.010131767571178155,-0.00739846035893399,-0.006165257673488981,-0.006151847649119739,0.016993210736038523,-0.013528204319075383
14.98,-1.8957806420517307,-0.004299214514666664,-0.003984280865606754,0.01857865029210696,-0.010179938144538539,-0.007233818995488529,-0.006106818554480625,-0.0060851432884354685,0.017038764196483883,-0.013410834189703524
15.0,-1.8922102827702925,-0.004325148444986404,-0.0040192140961519,0.018543660771148867,-0.010205812116970369,-0.0070900373063329,-0.006046897142006655,-0.006016617369651643,0.01708592422949766,-0.013291852417751014
15.02,-1.8886399234888542,-0.004351027971196784,-0.004054081939449569,0.01850867125019077,-0.010222806440923307,-0.006970089950623002,-0.005985910263496959,-0.005946775061189179,0.01713427668264425,-0.013171897270105778
15.040000000000001,-1.885069564207416,-0.0043768532074265525,-0.0040888845178901605,0.018473681729232676,-0.010236249208219805,-0.0068766253922985495,-0.005924244325053412,-0.005876084751284576,0.01718343698143205,-0.013051523384901977
15.06,-1.881499204925979,-0.004402624267565031,-0.004123621953634982,0.018438692208274595,-0.01024825634907662,-0.006811798315592797,-0.005862256453416505,-0.005804979424417947,0.017233049050032107,-0.012931227712646987
15.08,-1.8779288456445418,-0.004428341265262652,-0.0041582943686167,0.01840370268731651,-0.010259668214316342,-0.006776785434814526,-0.005800275646056547,-0.00573385804792362,0.017282784221465564,-0.012811460854612305
15.1,-1.8743584863631049,-0.004454004313931411,-0.004192901884539735,0.01836871316635843,-0.010270818610046029,-0.006772393041442664,-0.005738603924760143,-0.00566308696317048,0.01733234014187697,-0.012692632598867125
15.120000000000001,-1.8707881270816675,-0.004479613526745403,-0.004227444622880713,0.01833372364540034,-0.010281840188430308,-0.006799256178362323,-0.00567751748844719,-0.005593001276140089,0.017381439673155318,-0.012575115145383026
15.14,-1.8692295647120245,-0.004485474093812561,-0.004238036615641417,0.01831844973417784,-0.010256118646523406,-0.006857509187133138,-0.005617256292898143,-0.005523892212440678,0.01742984137837994,-0.012459223866186815
15.16,-1.869341924262586,-0.004474964513541607,-0.004228769906225836,0.018319550857773342,-0.010205236292706497,-0.006945528561449147,-0.00555798285577292,-0.00545595714577635,0.017477380836182044,-0.012345143501640036
15.18,-1.869454283813147,-0.004464476980231814,-0.004219520542031768,0.01832065198136884,-0.010160936806723609,-0.007060208421624417,-0.005499794307178907,-0.005389314191579637,0.017523958740139248,-0.01223296282315278
15.200000000000001,-1.8695666433637084,-0.004454011447633137,-0.004210288490592799,0.018321753104964342,-0.010119342391907142,-0.0071983135915039504,-0.005442766979645694,-0.0053240562679232216,0.017569496399278836,-0.01212275939068474
15.22,-1.8696790029142698,-0.004443567869592562,-0.00420107371950331,0.018322854228559844,-0.010078912796045031,-0.0073567912565584105,-0.005386967065024853,-0.005260264014505293,0.01761392511365924,-0.01201460824423843
15.24,-1.8769756422426416,-0.0043628141327490605,-0.004106577155076002,0.018394361293977885,-0.009908095116390495,-0.007532607360427355,-0.005332409899253487,-0.005197956410213562,0.017657226953667872,-0.011908498852532659
15.26,-1.8844700158360408,-0.004280294038280302,-0.004009909765887678,0.0184678061551932,-0.009753082743197897,-0.007722280233220712,-0.00527894253708043,-0.00513694834526229,0.017699552415432036,-0.011804124529980376
15.280000000000001,-1.891964389429441,-0.004197947054180411,-0.003913423316578108,0.01854125101640852,-0.009606619132299977,-0.007922368607698878,-0.005226377171070033,-0.005077012386213189,0.01774108721506664,-0.011701165523094354
15.3,-1.8994587630228401,-0.004115772817299076,-0.003817117468468061,0.018614695877623832,-0.009463870837241657,-0.008129664869916882,-0.005174537665307212,-0.005017935202781598,0.017782005779302282,-0.011599353951027132
15.32,-1.912989206581809,-0.0039746795472901325,-0.0036493255512615266,0.018747294224501727,-0.009212903638162765,-0.008341286364980285,-0.0051232255953525185,-0.004959476384241161,0.017822505216690467,-0.011498389559285994
15.34,-1.9353142630152171,-0.003747785489337834,-0.003377429157430048,0.018966079777549126,-0.0088187235294184,-0.008555113989362003,-0.005072071039145884,-0.004901187471955711,0.017862954730230175,-0.011397662653679821
15.36,-1.9576393194486252,-0.0035213674089558606,-0.003106041693248472,0.019184865330596528,-0.008455212862333302,-0.008770045784151465,-0.005020503384214269,-0.004842376507324321,0.017903925200968375,-0.011296240006331745
15.38,-1.9799643758820356,-0.0032954243076400947,-0.0028351622061135225,0.019403650883643948,-0.008104662656932705,-0.008985253403412923,-0.004967952933870575,-0.004782352485846183,0.017945987791490373,-0.011193264239879408
15.4,-2.0022894323154437,-0.0030699551889811338,-0.0025647897452050713,0.019622436436691346,-0.007760037564180697,-0.009199974937513152,-0.004913901367653849,-0.004720486556309075,0.017989663430554446,-0.01108800364266904
15.42,-2.0373636075358488,-0.0027201487911958236,-0.0021435529187767252,0.01996616335385132,-0.007186174998028755,-0.009413406316624205,-0.004857806035686479,-0.004656120219027079,0.018035498490363344,-0.010979680188653185
15.44,-2.0746088905547144,-0.0023498216847064445,-0.001697326964767419,0.0203311671274362,-0.0066086507368246835,-0.009624361585308557,-0.0047988777112413575,-0.0045882957767701266,0.01808428731853035,-0.010867063630364479
15.46,-2.111854173573583,-0.001980271449140691,-0.0012519362466188826,0.020696170901021115,-0.006052328766587748,-0.009831512047133645,-0.004736284405521636,-0.004516003454913907,0.01813686872703051,-0.01074891359263053
15.48,-2.149099456592449,-0.0016114964547814929,-0.0008073792009552052,0.021061174674605998,-0.0055056607793530395,-0.010033614408040544,-0.004669265149469498,-0.004438319385200586,0.018194012180679477,-0.010624162077436012
15.5,-2.1910831978976293,-0.0011971069087471685,-0.00030739449435516786,0.021472615339396765,-0.004877692883869682,-0.010229488858046913,-0.004597111579751678,-0.004354383293032835,0.01825643608134805,-0.01049183713686385
15.52,-2.2433390646652254,-0.0006830254643578886,0.00031361542272223905,0.021984722833719206,-0.0040783380957255064,-0.010417519878108943,-0.004519027637323322,-0.004263228354080618,0.01832494810629432,-0.010350789793088302
15.540000000000001,-2.2955949314328263,-0.00017002245824525905,0.0009334629471867171,0.022496830328041697,-0.003313949190743851,-0.010594876060749294,-0.004434048139145855,-0.004163682414022094,0.018400526906136458,-0.010199575197957238
15.56,-2.347850798200423,0.00034190437193471206,0.001552150254778912,0.023008937822364142,-0.002565132828153254,-0.010758669697528653,-0.0043412572031609024,-0.0040546328493591055,0.018484103805612655,-0.010036894211622661
15.58,-2.400106664968019,0.000852757283780219,0.0021696795171671224,0.023521045316686584,-0.0018241813638254184,-0.010906294799363753,-0.004239844122917373,-0.003935094346415184,0.018576506766733104,-0.009861653070026802
15.6,-2.446420137720232,0.0013043641732564963,0.0027154987854020774,0.023974917349658273,-0.0011963339385239907,-0.011035387283203284,-0.004129131771249472,-0.0038042433787353214,0.018678431734398915,-0.00967298362001403
15.620000000000001,-2.49115936674518,0.0017396122824688116,0.003241605386259791,0.024413361794102764,-0.0005849540587369185,-0.0111437087550284,-0.004008676678904747,-0.003661539619912296,0.018790342172138225,-0.009470408919726607
15.64,-2.5358985957701248,0.0021739473297023738,0.0037667272324305163,0.02485180623854722,3.399047847793612e-05,-0.011229135385033335,-0.0038781765883730422,-0.003506613888851625,0.018912561114698065,-0.009253635916223885
15.66,-2.580637824795069,0.0026073712303754716,0.0042908661671563104,0.025290250682991674,0.0006545190056484052,-0.011289767120803203,-0.0037374003364045462,-0.003339183149907582,0.019045341062630814,-0.009022435328864011
15.68,-2.619580628703698,0.0029831405332330398,0.004745203004193667,0.02567189016129624,0.0011686160760232178,-0.011323944037743927,-0.0035862074978660263,-0.0031590743566727265,0.019188844168506712,-0.00877670092498718
15.700000000000001,-2.6419056851371083,0.0031954385002757814,0.005001386705338571,0.025890675714343662,0.0013935263441644458,-0.01133018924397718,-0.0034247341576402494,-0.0029664497819386747,0.019342956079335654,-0.008516799036312056
15.72,-2.6642307415705164,0.003407291109377217,0.00525709088750382,0.02610946126739106,0.0016668299307627103,-0.011307061294570486,-0.0032535495225279438,-0.002761997033159751,0.019507128579494132,-0.008243811728801464
15.74,-2.6865557980039245,0.0036186992948077246,0.005512316448242444,0.02632824682043846,0.001958656389284065,-0.011253250561319606,-0.0030733033178906946,-0.0025465015321930653,0.019680731654889417,-0.007958818807369462
15.76,-2.7088808544373326,0.003829663988877734,0.005767064283427437,0.02654703237348586,0.0022571465115772877,-0.011167648737067902,-0.002884625212323089,-0.002320724558867281,0.0198631540048395,-0.007662779893944299
15.780000000000001,-2.72334614280697,0.00396324121534612,0.005928016165262556,0.026688792199508305,0.002414341125302881,-0.011049371772835843,-0.0026881694693627308,-0.002085457398933148,0.02005375838558157,-0.007356671895614977
15.8,-2.734539836500663,0.0040645102373026674,0.00604982309747706,0.026798490397706494,0.0025328934929714666,-0.010898040203096685,-0.0024847611887270204,-0.0018416987124907378,0.020251735163778824,-0.007041770928481881
15.82,-2.7457335301943555,0.004165566817455068,0.0061714020341727726,0.026908188595904683,0.00266804028204625,-0.010714321474338878,-0.0022753003401234616,-0.0015905381922570233,0.020456198024753944,-0.006719438313520971
15.84,-2.7569272238880487,0.0042664114014630125,0.006292753402106666,0.027017886794102875,0.0028094444099419926,-0.01049915553452497,-0.0020606533646414828,-0.0013330251173485738,0.020666292327728673,-0.0063909301779899175
15.86,-2.768120917581742,0.004367044434051279,0.00641387762723691,0.027127584992301067,0.0029530021807523707,-0.010253514371820571,-0.0018416348422055236,-0.0010701461098290303,0.020881213528036745,-0.006057396768583094
15.88,-2.7793146112754377,0.00446746635901173,0.006534775134724398,0.027237283190499288,0.003097085229238835,-0.009978511067927109,-0.0016190088984015224,-0.0008028268262485039,0.02110020587772814,-0.005719903311151972
15.9,-2.7905083049691326,0.004567677619205177,0.006655446348934155,0.027346981388697497,0.0032410481621067497,-0.009675858591984398,-0.0013934906709484078,-0.0005319337219337873,0.02132256106351138,-0.00537943968663805
15.92,-2.801701998662828,0.004667678656563459,0.006775891693436945,0.027456679586895714,0.0033846359285946725,-0.009347879518285822,-0.0011657478259023215,-0.00025827587602329875,0.02154761679183126,-0.005036925696044206
15.94,-2.812895692356523,0.004767469912091295,0.006896111591010672,0.027566377785093923,0.0035277484818808393,-0.008996927847409736,-0.0009364021143160762,1.7393133992189364e-05,0.021774755330264815,-0.004693214596628852
15.96,-2.8176565310041637,0.0048040759941838495,0.006939729097295832,0.027613034003840804,0.003553101902776833,-0.008625245342090321,-0.0007060679514398647,0.000294328456175795,0.022003364984219783,-0.004349164835219734
15.98,-2.817768890554725,0.004795097988397058,0.006928073512337171,0.027614135127436306,0.003510306280813229,-0.008235159360709579,-0.00047548540437679,0.0005716326784610941,0.02223270698499833,-0.004005877345010622
16.0,-2.8178812501052866,0.0047861388166397685,0.006916439744044371,0.027615236251031808,0.0034863303978651433,-0.007829674091192127,-0.00024547559982038487,0.0008483098762177806,0.022461959865028924,-0.0036645728566157
16.02,-2.817993609655848,0.004777198439402015,0.006904827751581478,0.02761633737462731,0.0034698543616618867,-0.007411921690994957,-1.6816496096981992e-05,0.0011234162546268954,0.022690343646083827,-0.0033263566229070813
16.04,-2.8181059692064094,0.004768276817256723,0.006893237494188971,0.02761743849822281,0.0034563828389729107,-0.006984853889034208,0.00020978196271965582,0.0013960902941344173,0.022917144801915347,-0.002992203715435676
16.060000000000002,-2.818218328756971,0.0047593739108595205,0.006881668931183635,0.027618539621818313,0.0034441305923519528,-0.006551354646651941,0.0004336747631752763,0.0016655490296494844,0.023141713314213757,-0.0026629840117648224
16.08,-2.818330688307532,0.004750489680948577,0.006870122021958389,0.02761964074541381,0.003432388588786276,-0.006114976762582724,0.0006542787656231819,0.0019310843613904497,0.02336345974893887,-0.0023394748052670295
16.1,-2.8184430478580933,0.004741624088344427,0.006858596725982172,0.027620741869009313,0.003420875166353386,-0.005680429102166878,0.0008710696825988188,0.002192059407533418,0.023581852361455793,-0.002022368456403471
16.12,-2.8185554074086547,0.004732777093949789,0.006847093002799781,0.027621842992604815,0.003409478376508211,-0.0052523495178413235,0.001083579099944393,0.0024479049078475644,0.023796414238120244,-0.0017122780260462474
16.14,-2.815470760412615,0.004692650868774125,0.006797652714348454,0.027591613452043626,0.0033398849225625407,-0.004834976243255669,0.0012913731637861515,0.0026980933907484166,0.024006702078203233,-0.0014097762794885462
16.16,-2.8082231912278726,0.004611854989305152,0.006698878541262749,0.02752058727403315,0.0032029716025899,-0.004432018656497469,0.001493973762076768,0.0029420435916347235,0.02421222736522172,-0.0011155365364775474
16.18,-2.80097562204313,0.00453122860315279,0.006600289251487265,0.027449561096022673,0.0030806484599670923,-0.004046226472330628,0.0016908485439521542,0.003179108336406569,0.024412446282869912,-0.0008303278687682617
16.200000000000003,-2.793728052858386,0.004450771354754529,0.006501884498961494,0.02737853491801218,0.0029643757366080875,-0.0036797999961789493,0.0018815058163180218,0.003408689617836612,0.024606854597380608,-0.0005548264078308382
16.22,-2.7864804836736448,0.004370482889293825,0.006403663938272755,0.027307508740001717,0.0028507612473426046,-0.0033346630012456623,0.002065515923409358,0.003630264536206807,0.024795009144922366,-0.0002895960938760593
16.240000000000002,-2.7823749534289717,0.004321122525350586,0.006342932691275951,0.02726727454360392,0.002795723861303099,-0.00301249997513394,0.0022425257488020204,0.003843402904663857,0.02497654247912196,-3.5075621491631744e-05
16.259999999999998,-2.7788045941475352,0.004277104881791491,0.006288669211050189,0.027232285022645845,0.0027428611791197395,-0.002714722288541749,0.0024123094281061127,0.004047828774992146,0.0251512137977573,0.00020850646458802255
16.28,-2.775234234866098,0.004233179578292863,0.00623450730000525,0.027197295501687757,0.0026857197658199934,-0.0024424539248817305,0.0025747141600273326,0.004243354752086315,0.025318854964129795,0.000441013421318578
16.3,-2.771663875584661,0.004189346421144055,0.006180446768026214,0.027162305980729676,0.00262701569209491,-0.0021966199530506054,0.0027296283091626213,0.00442984332901779,0.02547933872978868,0.0006623483092654656
16.32,-2.7701424287856056,0.004165663490809235,0.006150814188223274,0.027147395802098934,0.002605170563783437,-0.0019779789744636157,0.002876987267656015,0.004607214007432221,0.02563258468879215,0.0008724762711278772
16.34,-2.773943028485756,0.00419413157259212,0.006184425796961269,0.027184641679160407,0.002674821087497696,-0.0017869456358596309,0.0030168347844093135,0.004775517690827487,0.025778620770094077,0.0010715415965933692
16.36,-2.777743628185906,0.004222539934131458,0.006217974492234217,0.027221887556221878,0.0027282074441787657,-0.0016230216234994583,0.0031493682287783813,0.00493499161029217,0.025917628776333027,0.0012599366549021038
16.380000000000003,-2.781544227886057,0.004250888700708184,0.006251460391802169,0.02725913343328336,0.0027750380285725927,-0.0014852942320296614,0.0032748233381557483,0.00508591958794545,0.026049829332960423,0.0014380689627036779
16.4,-2.785344827586206,0.004279177997340382,0.006284883613204701,0.02729637931034482,0.0028191685005078673,-0.0013727903620128074,0.0033934408899866015,0.005228591627019686,0.02617544860582277,0.0016063224740267361
16.42,-2.7917618387917806,0.00433302187749881,0.0063493089594462955,0.02735926602015945,0.0029098171428812475,-0.001284471307417667,0.0035054805064975566,0.005363320655549665,0.026294732130974593,0.0017651014162124703
16.439999999999998,-2.7992562123851767,0.004397299877249443,0.006426405252509502,0.027432710881374733,0.0030125858703757076,-0.001218900663165988,0.003611268259290261,0.005490500266468696,0.02640799250884837,0.0019149224187122453
16.46,-2.806750585978575,0.004461443034834451,0.006503357238438363,0.027506155742590035,0.003109327786203806,-0.0011739489429846094,0.0037111635720577124,0.005610564595151874,0.02651557641175026,0.0020563415170612317
16.48,-2.8142449595719725,0.00452545163312523,0.006580165187343747,0.02757960060380533,0.003203465257804572,-0.0011474232692774283,0.0038055224451131746,0.005723943726931115,0.026617827839800635,0.002189889933640556
16.5,-2.8206902388693282,0.004579055617926251,0.006644373459470875,0.027642764340919414,0.0032772373098564045,-0.0011372455822226061,0.0038946845236356104,0.005831048012277141,0.026715075168407317,0.002316061486327658
16.52,-2.8208025984198897,0.004570549659106807,0.006633270714655617,0.027643865464514916,0.0032376706427021703,-0.001141582772991056,0.003978919263602495,0.005932202771933711,0.02680757722330707,0.0024352203916014137
16.54,-2.8209149579704507,0.004562061544058361,0.006622188751712276,0.027644966588110415,0.003215592662617046,-0.0011592879265917117,0.004058342495499769,0.00602754708559735,0.026895439609239437,0.002547463549731711
16.56,-2.821027317521012,0.0045535912353483225,0.006611127531741808,0.027646067711705916,0.0032004836321581536,-0.001189658567072812,0.004133042313461426,0.006117186428566233,0.026978740408702687,0.0026528843521032774
16.580000000000002,-2.8211396770715735,0.004545138695622613,0.006600087015917975,0.027647168835301418,0.0031881659757387036,-0.0012320718617896459,0.00420311600433053,0.00620123745180088,0.02705756709155755,0.0027516196473983687
16.6,-2.8170638793355764,0.004495703012184256,0.00653934112299125,0.027607226017488648,0.0031006471608932456,-0.0012857598407344322,0.004268644880898995,0.006279797462036286,0.027131991341137366,0.002843784391543823
16.62,-2.8098163101508353,0.004415320289247938,0.006441050451822979,0.027536199839478186,0.0029669273760929505,-0.0013479752675096184,0.0043296068896826355,0.006352838427672813,0.027201981536683656,0.002929308323755247
16.64,-2.8025687409660947,0.00433510619290989,0.0063429437589567475,0.027465173661467727,0.0028464048450166303,-0.0014105396081847878,0.004385903374180592,0.00642023940899451,0.027267429327647627,0.0030080089612131698
16.66,-2.7953211717813535,0.004255060369425817,0.006245020700026041,0.027394147483457264,0.0027313775804482594,-0.001464597772101738,0.004437442866177955,0.006481888159639069,0.027328233352138128,0.0030797497826124546
16.68,-2.788073602596613,0.004175182465793507,0.006147280931308927,0.027323121305446806,0.0026187860913529236,-0.0015020444027019745,0.004484158333050048,0.006537702046221041,0.027384316517437345,0.0031444508877408323
16.7,-2.7881059692064096,0.00416674064240827,0.0061361588761213275,0.027323438498222812,0.0026400988103509283,-0.0015158637552026059,0.004526047281644978,0.006587676693237943,0.027435666197321892,0.003202150515640608
16.72,-2.7882183287569706,0.004159099636518965,0.0061260073961107876,0.02732453962181831,0.002644251484097555,-0.001502274893031074,0.0045632889503457175,0.006632028131840939,0.027482451682752537,0.0032532072376382118
16.740000000000002,-2.788330688307532,0.0041514746599053964,0.006115874917415768,0.027325640745413812,0.002640819890443632,-0.0014626512129191976,0.004596106099765745,0.006671025228793247,0.02752488620903548,0.003298004836216992
16.76,-2.7884430478580935,0.004143865678941412,0.006105761404470031,0.027326741869009314,0.002634395693684412,-0.0013994198910858553,0.0046247191321167535,0.006704934054070464,0.02756318111839525,0.0033368886059139593
16.78,-2.7885554074086545,0.004136272660071378,0.0060956668217738985,0.027327842992604812,0.00262680221370549,-0.0013148921040790514,0.004649345080664362,0.006734016654502678,0.027597544843416318,0.0033701843162251355
16.8,-2.788667766959216,0.004128695569810083,0.00608559113389415,0.027328944116200314,0.002618763435539492,-0.0012114634144413012,0.004670197134820054,0.006758530476762976,0.027628182424561398,0.003398205880049501
16.82,-2.7887801265097774,0.0041211343747425445,0.0060755343054638925,0.027330045239795816,0.0026105667884705774,-0.0010922716617534605,0.004687484217131368,0.006778727853170161,0.027655295078645264,0.003421258095669878
16.84,-2.788892486060339,0.004113589041523875,0.006065496301182426,0.027331146363391318,0.0026023263417355906,-0.0009608085947890052,0.004701410609407899,0.006794855546969823,0.02767907981560761,0.003439637472262832
16.86,-2.7890048456109002,0.004106059536879145,0.0060554770858151155,0.027332247486986823,0.002594087321966124,-0.0008204133672602695,0.004712175625275799,0.006807154353824017,0.027699729100978076,0.003453632331898141
16.88,-2.789117205161463,0.004098545827603243,0.006045476624193313,0.027333348610582335,0.0025858676180288078,-0.000674066051176684,0.004719973326513555,0.006815858756311903,0.027717430561480863,0.0034635226594888833
16.9,-2.7892295647120258,0.004091047880560681,0.006035494881214153,0.02733444973417785,0.002577674262979475,-0.0005234623120376861,0.004724992280586092,0.006821196628320882,0.027732366731285322,0.003469579885702391
16.92,-2.7893419242625885,0.0040835656626855,0.006025531821840494,0.027335550857773366,0.0025695099791985996,-0.0003677138730619708,0.004727415356862237,0.006823388986289516,0.027744714836471267,0.003472066674155957
16.94,-2.7894542838131513,0.004076099140981109,0.006015587411100781,0.027336651981368882,0.002561375777523742,-0.00020544792933449726,0.00472741955907169,0.0068226497843490285,0.027754646615343995,0.0034712367391431472
16.96,-2.7895666433637136,0.004068648282520132,0.006005661614088899,0.027337753104964394,0.0025532719893881584,-3.54258454573027e-05,0.004725175891631434,0.006819185750499005,0.02776232817230243,0.003467334702305201
16.98,-2.789679002914275,0.004061213054444268,0.005995754395964088,0.027338854228559896,0.0025451986766915685,0.0001432571028009984,0.0047208492575474496,0.006813196261044299,0.027767919863035048,0.0034605959896518205
17.0,-2.789791362464837,0.004053793423964158,0.005985865721950816,0.0273399553521554,0.0025371557945626706,0.000330403415957823,0.0047145983856752985,0.006804873250613774,0.027771576208891084,0.0034512467676235774
17.02,-2.7899037220153984,0.0040463893583592165,0.005975995557338606,0.027341056475750903,0.002529143255992493,0.0005248583977474148,0.004706575785202135,0.006794401155176669,0.02777344583834904,0.003439503915883491
17.04,-2.79001608156596,0.0040390008249775,0.005966143867481985,0.027342157599346405,0.002521160957500023,0.0007253534159611942,0.004696927725292664,0.006781956885568772,0.027773671453579927,0.00342557503419903
17.06,-2.7952727165112097,0.0040819887925444736,0.006017388662244393,0.027393672621809854,0.002606968516703975,0.000930702203907325,0.004685823818970557,0.006767745705163649,0.02777241943229861,0.003409713553313965
17.080000000000002,-2.802767090104609,0.004146793408632855,0.006095106236370871,0.027467117483025168,0.0027199148841608885,0.0011396335375047026,0.004673553598520838,0.006752118363268681,0.02776997655362795,0.0033923906389135452
17.1,-2.810261463698007,0.004211462077821644,0.006172678340462836,0.027540562344240467,0.0028213492719412507,0.001350312997494291,0.0046604655279478165,0.006735497161948385,0.027766689198327858,0.003374152630666665
17.12,-2.8177558372914047,0.004275995085299786,0.00625010524680789,0.027614007205455766,0.002917998547717798,0.001560855279979327,0.004646894434756249,0.006718287960972848,0.02776289082810976,0.003355490568865518
17.14,-2.8242857444873066,0.004330950862378313,0.0063159361058944714,0.027678000295975603,0.0029949564237757528,0.0017695200646629127,0.004633143559996838,0.006700858404115871,0.027758883988191388,0.003336827956034882
17.16,-2.8243981040378676,0.0043229653768572796,0.0063054481228456945,0.0276791014195711,0.0029564608700672628,0.0019747386519598934,0.004619433020227941,0.006683475404763945,0.027754888648793104,0.003318438042462947
17.18,-2.824510463588429,0.004314996643260165,0.006294979770971375,0.027680202543166603,0.002935446642914559,0.002175208806564845,0.004605814732687783,0.006666201943848166,0.027750956866388787,0.0033003045358544966
17.2,-2.8246228231389905,0.004307044626444842,0.006284531013526315,0.027681303666762105,0.00292139603248288,0.002369909027393564,0.0045923006863716,0.00664905259135288,0.027747100836296206,0.003282390885698153
17.22,-2.824735182689552,0.0042991092913429035,0.006274101813834095,0.027682404790357606,0.002910132277465038,0.002557954069101529,0.004578901592939364,0.006632040371335423,0.02774333150033308,0.0032646902519467814
17.240000000000002,-2.8269040479760092,0.004311323212532498,0.006288109052947735,0.02770365967016489,0.0029374786051896405,0.002738553666704723,0.004565638779042668,0.006615191184636416,0.027739670448952886,0.00324722862521939
17.26,-2.8307046476761593,0.004339485729854736,0.006321463676197777,0.02774090554722636,0.0029895670288287027,0.0029110075354660155,0.004552587088700393,0.0065985958439745045,0.027736192890975245,0.0032301339660347427
17.28,-2.8345052473763097,0.00436758916794551,0.006354755867002534,0.027778151424287835,0.0030352893055008525,0.003074700467080148,0.004539862540995067,0.006582395119805268,0.027733015410704824,0.0032135974654379225
17.3,-2.83830584707646,0.004395633650741019,0.00638798574222167,0.02781539730134931,0.0030783890098292116,0.003229097531243604,0.004527579395998923,0.006566727680935525,0.027730253075228466,0.0031977905807902313
17.32,-2.84210644677661,0.004423619301917472,0.006421153418496107,0.02785264317841078,0.003120353106663085,0.0033737393905928204,0.004515840891977925,0.00655171886002206,0.027728010158195943,0.0031828580202305765
17.34,-2.853211007671837,0.0045230499594255185,0.006540979032516302,0.027961467875184002,0.0032948946685726374,0.0035081851824104887,0.004504781786107437,0.00653753224405961,0.02772642270207322,0.003169003487601334
17.36,-2.8644047013655305,0.004623144616534177,0.006661638634407517,0.028071166073382198,0.003451333050802125,0.0036317363118435328,0.004494688216006474,0.006524515051565404,0.02772577857176509,0.003156704063808337
17.38,-2.8755983950592237,0.004723029295417205,0.006782072388327439,0.02818086427158039,0.0035993776410449445,0.003743256640949849,0.004485861335787341,0.006513032791206191,0.02772638126533146,0.003146420721211784
17.4,-2.8867920887529173,0.0048227044365662065,0.006902280717013304,0.02829056246977859,0.0037437646250992763,0.0038416260940112856,0.004478573197025661,0.006503415758014259,0.027728505780150844,0.003138538327813075
17.42,-2.894842578710645,0.004891399403874078,0.006984944746154035,0.028369457271364317,0.0038290878789939346,0.00392586109285127,0.004473049612544537,0.006495938242378242,0.027732381397589857,0.0031333543260020596
17.44,-2.8986431784107936,0.00491834503936761,0.0070169950477821826,0.028406703148425777,0.0038442818411014265,0.003994968481439446,0.0044693960380332,0.006490728626130256,0.027738117389668936,0.0031309535456338095
17.46,-2.9024437781109427,0.004945234148400171,0.007048985358365375,0.028443949025487237,0.003873463036113042,0.004047506699773129,0.004467589395662993,0.006487759433085046,0.027745694581340165,0.0031312179718200658
17.48,-2.9062443778110914,0.004972066849552759,0.0070809157901935114,0.028481194902548693,0.003908111308428891,0.004081921028553373,0.004467578445084521,0.006486969024142348,0.027755065556990456,0.0031340258961701215
17.5,-2.9100449775112405,0.004998843261157646,0.007112786455346327,0.028518440779610157,0.003944843555457827,0.004096807829159449,0.004469309723887198,0.006488293050284429,0.027766180569006794,0.0031392784087801544
17.52,-2.9075396240876548,0.004963830003545943,0.007069726807417681,0.028493888316059014,0.0038673841418326357,0.004090996016906189,0.004472691652221539,0.006491620917922679,0.02777895160002891,0.0031468170086620955
17.54,-2.9039692648062183,0.004918464090461132,0.007014102930057291,0.02845889879510094,0.0037874863792381843,0.004063807808398261,0.004477486169975675,0.006496664355568034,0.027793143806258337,0.0031562252900598493
17.56,-2.9003989055247814,0.00487319334583194,0.00695858316823897,0.02842390927414286,0.0037172721355338153,0.004015240338890315,0.004483411167148383,0.006503081601735018,0.027808477747812463,0.003167050063431911
17.580000000000002,-2.8968285462433445,0.0048280175700143165,0.006903167327081552,0.028388919753184777,0.003651048591798068,0.003945486429921121,0.004490198029762407,0.006510547184928079,0.02782468690257741,0.0031788933641679626
17.6,-2.8942857444873056,0.004792996061362591,0.006860055415088484,0.028364000295975595,0.0036052828248448326,0.0038547963194666733,0.0044976032588605296,0.006518766019056831,0.02784152932575001,0.0031914127358173873
17.62,-2.8943981040378683,0.004784041299020583,0.006848548961564136,0.028365101419571107,0.003606009284006503,0.003743804355117579,0.0045054397514655885,0.006527511348145612,0.027858819016395822,0.0032043678590788966
17.64,-2.894510463588431,0.004775105321948054,0.006837064045564732,0.028366202543166623,0.0035990333659393155,0.003614566505240499,0.004513599821632918,0.0065366526819522035,0.027876449081113735,0.0032176503915276383
17.66,-2.8946228231389943,0.0047661880907373345,0.006825600626776813,0.028367303666762142,0.003589026185902317,0.0034697531366020403,0.00452199815672901,0.006546086634957158,0.027894334797173497,0.0032311663524205248
17.68,-2.894735182689557,0.004757289566063416,0.006814158664962361,0.028368404790357658,0.0035778425833726418,0.003311969089834878,0.004530555627074915,0.006555717296816456,0.027912397452137267,0.0032448166016521194
17.7,-2.894847542240119,0.004748409708683786,0.006802738119958688,0.028369505913953166,0.0035662190291014324,0.0031436755570333394,0.0045391990558454175,0.006565455955033139,0.027930564126501297,0.003258504930209316
17.72,-2.8949599017906804,0.004739548479438259,0.0067913389516782875,0.028370607037548668,0.0035544478796816974,0.0029673799161787535,0.004547860987147717,0.006575220815354664,0.027948767474031997,0.003272141063603132
17.740000000000002,-2.895072261341242,0.004730705839248806,0.006779961120108682,0.02837170816114417,0.003542645130261497,0.0027858981581523404,0.004556479453227899,0.006584936721045786,0.027966945500741858,0.003285641645769621
17.76,-2.8951846208918033,0.004721881749119374,0.006768604585312294,0.02837280928473967,0.0035308567416170175,0.002601948271947248,0.00456499774167945,0.006594534872097065,0.02798504134337853,0.0032989304222431235
17.78,-2.8952969804423643,0.004713076170135704,0.006757269307426287,0.02837391040833517,0.003519100863613624,0.0024180356474976464,0.004573364163456852,0.006603952545343095,0.028003003048230987,0.0033119381072145406
17.8,-2.8954093399929257,0.004704289063465187,0.006745955246662455,0.02837501153193067,0.0035073846025307173,0.0022363850249753664,0.004581531822429235,0.006613132816382181,0.028020783350990165,0.0033246021274770847
17.82,-2.895521699543487,0.00469552039035666,0.0067346623633070596,0.028376112655526173,0.0034957106795197976,0.0020586670962783674,0.004589458387143943,0.006622024284110398,0.02803833945833794,0.003336866320407047
17.84,-2.8956340590940486,0.004686770112140265,0.0067233906177206915,0.028377213779121675,0.003484080074738124,0.0018860754026083738,0.004597105865407752,0.006630580798607842,0.028055632831877373,0.003348680617068957
17.86,-2.89574641864461,0.004678038190227261,0.006712139970338141,0.028378314902717177,0.003472493077357224,0.0017196264928874664,0.004604440382234307,0.006638761193043274,0.028072628974959386,0.003360000723195834
17.88,-2.8958587781951715,0.0046693245861098584,0.006700910381668265,0.02837941602631268,0.0034609497025295624,0.0015602330218000423,0.004611431961650123,0.006646529020195307,0.028089297222905686,0.003370787803466811
17.900000000000002,-2.895971137745733,0.004660629261361044,0.006689701812293819,0.02838051714990818,0.0034494498569683624,0.0014090792312088966,0.004618054312798112,0.006653852294123691,0.02810561053707556,0.0033810081715507033
17.92,-2.8960834972962943,0.004651952177634431,0.006678514222871365,0.028381618273503682,0.0034379934046995246,0.0012686965556497091,0.004624284620727047,0.0066607032374630636,0.028121545303174338,0.0033906329871701817
17.94,-2.8961958568468558,0.004643293296664061,0.006667347574131085,0.028382719397099184,0.0034265801931708567,0.0011418158292312646,0.004630103342207647,0.006667058034753736,0.028137081134154397,0.0033996379609204422
17.96,-2.896308216397417,0.004634652580264248,0.006656201826876674,0.02838382052069469,0.0034152100636188876,0.0010309206042253757,0.00463549400687086,0.006672896592169496,0.02815220067801521,0.00340800306733321
17.98,-2.89642057594798,0.004626029990329439,0.0066450769419852136,0.0283849216442902,0.0034038828551843136,0.0009382447468753388,0.004640443023921554,0.006678202303951058,0.028166889430767,0.0034157122665463167
18.0,-2.8965329354985427,0.004617425488833988,0.006633972880406978,0.028386022767885717,0.003392598406544681,0.0008658270187744733,0.004644939494640944,0.006682961825805569,0.028181135554783333,0.0034227532348553905
18.02,-2.8966452950491055,0.004608839037832026,0.006622889603165348,0.028387123891481233,0.0033813565565615393,0.0008155561988248094,0.004648975030853808,0.006687164855487321,0.028194929702731027,0.0034291171043612572
18.04,-2.8967576545996683,0.004600270599457288,0.006611827071356664,0.02838822501507675,0.003370157144535967,0.0007891102238453144,0.004652543579501583,0.006690803920732568,0.028208264847231115,0.0034347982118739834
18.06,-2.893825285468713,0.0045619131031825345,0.0065646351454144315,0.02835948779759339,0.003303506688271093,0.0007879483196119298,0.004655623745373,0.006693852940833234,0.02822111858992561,0.0034397612615166017
18.080000000000002,-2.8865777162839694,0.004481391484946206,0.006466297129454992,0.0282884616195829,0.0031663439355416466,0.0008129530695854834,0.004658104284938099,0.006696176861027406,0.02823337854483414,0.003443807369911402
18.1,-2.879330147099227,0.004401038784682237,0.006368143180416541,0.028217435441572424,0.003044005476252988,0.0008631430178823629,0.004659771420493052,0.006697516242419844,0.02824482945049247,0.0034465723015782474
18.12,-2.8720825779144845,0.0043208546480350786,0.006270172953766668,0.028146409263561947,0.0029278100897881304,0.0009361938880753378,0.00466040832227966,0.006697607886285439,0.028255252541243052,0.0034477238817993915
18.14,-2.864835008729742,0.0042408387213925544,0.006172386105617876,0.02807538308555147,0.002814309416092752,0.0010296516247468577,0.004659819936579272,0.0066962149449634745,0.02826445039499824,0.003446986584191119
18.16,-2.857587439545,0.004160990651884308,0.006074782292726351,0.028004356907541,0.002702133116010252,0.001141180439299231,0.004657831885982115,0.006693125594179054,0.028272245878084166,0.003444124249076235
18.18,-2.850339870360258,0.004081310087380216,0.005977361172490748,0.02793333072953053,0.0025907360553070074,0.001268218047871773,0.004654289387782264,0.00668815172703454,0.0282784811059199,0.003438932282287415
18.2,-2.843092301175516,0.004001796676488857,0.005880122402951001,0.027862304551520056,0.0024799007998674515,0.0014071278535838175,0.004649056192755724,0.006681127672414451,0.02828301642182972,0.0034312336401243954
18.22,-2.835844731990774,0.003922450068555965,0.005783065642787113,0.027791278373509583,0.002369540051928592,0.0015542298382247104,0.0046420135463250975,0.006671908940239784,0.02828572939603696,0.00342087634063958
18.240000000000002,-2.831401799100447,0.0038707265098318587,0.0057194900322160205,0.02774773763118438,0.002310735586205285,0.0017061150955314313,0.004633075301331434,0.006660390555168333,0.02828652999104853,0.003407761630420761
18.26,-2.8352023988005977,0.0038998133093937513,0.00575390898395927,0.027784983508245858,0.002395145549336377,0.0018596978424284447,0.004622279955649132,0.006646618689217397,0.02828545276441877,0.0033920112772409723
18.28,-2.8390029985007477,0.003928839090768077,0.005788263511070713,0.027822229385307325,0.002455007407776057,0.0020124372372821832,0.0046098706703484316,0.006630887742353799,0.028282737232714957,0.003374090250455816
18.3,-2.842803598200898,0.003957803981958591,0.005822553734138955,0.027859475262368802,0.0025050215464628195,0.0021622802197199874,0.004596121712084626,0.006613529907138233,0.02827865456139996,0.003354451562265627
18.32,-2.8466041979010486,0.0039867081107005055,0.005856779773526881,0.027896721139430276,0.0025510259993793568,0.002307404213760604,0.0045812894476226175,0.006594855743068576,0.028273458573204794,0.0033334784718711823
18.34,-2.852932131364923,0.004040293487275976,0.00592094881394431,0.027958734887376244,0.002641402743464635,0.002446151158176546,0.004565627448784378,0.006575172490877856,0.028267400831351992,0.0033115389603276778
18.36,-2.86042650495832,0.004105185571631573,0.005998846902043538,0.028032179748591533,0.0027455502025452356,0.0025769608576976244,0.004549434898101611,0.0065548427782242975,0.0282607790901827,0.0032890822990534942
18.38,-2.867920878551717,0.004169941525596962,0.006076599182226204,0.028105624609806826,0.002843445309102475,0.0026981968568219813,0.004533028291147357,0.006534250312525812,0.028253909063547727,0.0032665759767382023
18.400000000000002,-2.8754152521451153,0.004234561634746017,0.006154205927412354,0.02817906947102213,0.0029386441206171827,0.0028083324367679206,0.004516705086923186,0.006513755800580847,0.02824708807337175,0.003244441409902275
18.42,-2.882473763118437,0.0042947792122652526,0.006226492407812008,0.028248242878560682,0.0030246155400295233,0.002906003382711908,0.004500735282560927,0.006493686724948344,0.028240586575528547,0.0032230493073625646
18.44,-2.8862743628185874,0.004322976435534059,0.006259962363734167,0.028285488755622156,0.0030516454782742045,0.0029898841166813425,0.004485336679999077,0.0064743073395832984,0.028234623342868397,0.00320268029506807
18.46,-2.8900749625187374,0.004351114506765377,0.006293369671333889,0.028322734632683626,0.003087313078636723,0.0030582297808775328,0.004470631228252342,0.006455765707102752,0.028229321652021074,0.003183452946696994
18.48,-2.893875562218888,0.004379193550048149,0.00632671444787492,0.0283599805097451,0.003126316649324057,0.003108898893157238,0.004456710366235766,0.006438172920464774,0.028224774493562796,0.003165460894474219
18.5,-2.8976761619190383,0.004407213689211002,0.006359996810401514,0.028397226386806574,0.0031665511948950086,0.003139867297146025,0.004443655183212985,0.006421627545223651,0.028221064689569156,0.003148799150014229
18.52,-2.8994542838131494,0.004415375562059969,0.006369203972103856,0.028414651981368864,0.003170319411220547,0.0031493483695402423,0.004431525351575089,0.006406202194272073,0.02821825379303507,0.003133533695179397
18.54,-2.899566643363711,0.0044072129706958325,0.006358616283442517,0.028415753104964366,0.0031491682055783086,0.0031363770769561256,0.004420317198513627,0.0063918926710697195,0.02821634007053221,0.003119622505861863
18.56,-2.8996790029142723,0.004399067502787634,0.006348048412582389,0.028416854228559867,0.0031345769929199984,0.0031024318710922046,0.004409975452155297,0.006378632198013471,0.02821527012765649,0.0031069483101237075
18.580000000000002,-2.8997913624648337,0.004390939122413853,0.006337500322428958,0.02841795535215537,0.0031226141883954313,0.003049502049028099,0.004400437206704124,0.0063663447234143375,0.028214982811991814,0.0030954017115674476
18.6,-2.899903722015395,0.004382827793728316,0.006326971975957125,0.02841905647575087,0.0031117184351204465,0.0029794805791781218,0.004391641960420313,0.006354957093539138,0.02821541924560123,0.0030848886882494726
18.62,-2.900016081565958,0.004374733480960067,0.006316463336211129,0.028420157599346386,0.003101269615954554,0.0028944189805353345,0.004383531628679355,0.006344399069140762,0.028216522843148274,0.0030753234974237303
18.64,-2.900128441116521,0.004366656148413164,0.006305974366304346,0.028421258722941906,0.003091021389082112,0.002797582717743961,0.004376050547628856,0.006334603330587581,0.028218239320633602,0.0030666258478197848
18.66,-2.900240800667084,0.004358595760466546,0.006295505029419187,0.02842235984653742,0.0030808758426508582,0.002693570939847548,0.004369145469195352,0.0063255054725017785,0.028220516695480147,0.003058719759957581
18.68,-2.9003531602176467,0.004350552281573897,0.0062850552888070125,0.028423460970132937,0.0030707940080467937,0.002586955430112613,0.00436276554816204,0.006317043988778607,0.028223305278670438,0.0030515330907546485
18.7,-2.901949025487258,0.004357048777716379,0.006292238789266716,0.02843910044977513,0.003087798746428577,0.0024819450298184382,0.004356870852587396,0.0063091705947462065,0.028226566199150278,0.0030450131982882435
18.72,-2.905749625187407,0.004385115372106046,0.00632558568256774,0.028476346326836585,0.0031410849574469626,0.002381983228673339,0.004351469147595779,0.006301894841727186,0.028230308249173722,0.0030391930711944647
18.740000000000002,-2.9095502248875564,0.00441312308849105,0.0063588701578922305,0.028513592203898052,0.003186936249004923,0.0022884379833549304,0.0043466236300587,0.0062952935107897234,0.028234595727272455,0.003034194932961779
18.76,-2.9133508245877056,0.004441072050385452,0.006392092332072756,0.028550838080959512,0.0032297418573516467,0.002201582046010556,0.0043424024101221086,0.006289449358912342,0.028239497983126756,0.003030129763373661
18.78,-2.9171514242878542,0.004468962381044211,0.006425252321723218,0.028588083958020972,0.0032712451405900824,0.0021215054139888307,0.0043388657001595995,0.0062844355830047344,0.028245076603380298,0.0030270843385125064
18.8,-2.9209520239880042,0.004496794203463756,0.006458350243239268,0.028625329835082442,0.0033121387528524684,0.0020482017565433028,0.0043360662499409555,0.006280316345482777,0.028251385830680466,0.003025129788175286
18.82,-2.9247526236881543,0.0045245676403824495,0.006491386212798639,0.028662575712143912,0.0033526981026994708,0.0019810427959362255,0.00433404977214717,0.006277147288259086,0.02825847297396882,0.003024325359726585
18.84,-2.9285532233883043,0.004552282814281198,0.006524360346361642,0.02869982158920538,0.003393032905304482,0.0019180274497298084,0.004332855357549037,0.0062749760343180725,0.02826637880931792,0.0030247202681958083
18.86,-2.9323538230884543,0.004579939847383961,0.006557272759671525,0.02873706746626685,0.0034331870761535464,0.0018569751909543926,0.0043325158792576705,0.006273842676154824,0.02827513797070044,0.003026354775818835
18.88,-2.9351846208918015,0.004598044775349329,0.006578609098517126,0.028764809284739654,0.003455502759465488,0.0017958761104356125,0.004333052808904057,0.00627377348709114,0.028284773747666716,0.00302925057235196
18.900000000000002,-2.935296980442363,0.004589498981141095,0.006567629449976611,0.028765910408335156,0.0034306949250688884,0.0017331114408159723,0.00433444518971152,0.006274743288539581,0.028295267001884426,0.0030333544196073916
18.92,-2.935409339992924,0.0045809711142704,0.006556670352899132,0.028767011531930654,0.003414016382049477,0.0016682134204115602,0.004336604151664751,0.006276644530247594,0.02830653056643952,0.0030384995856221966
18.94,-2.9355216995434854,0.0045724611371293486,0.006545731768816918,0.028768112655526156,0.0034005918281145957,0.0016014587082809261,0.0043394304574048545,0.00627935706360819,0.028318466709557816,0.0030445233893697256
18.96,-2.935634059094047,0.004563969012188919,0.006534813659334199,0.028769213779121658,0.0033884851384171823,0.0015332255908188938,0.00434283070186561,0.006282767785854794,0.028330983329485394,0.003051286187845021
18.98,-2.930668965349039,0.004505787870142963,0.006463631321280061,0.028720555860420584,0.00328438553730844,0.001463864481819212,0.004346687963160418,0.006286735046977886,0.02834396458679602,0.0030586079768284884
19.0,-2.923421396164298,0.004425383991226488,0.006365482362042341,0.02864952968241012,0.0031524275828452297,0.0013936659362525593,0.004350765921553764,0.006290972358393035,0.028357174873266965,0.0030660942527727104
19.02,-2.9161738269795574,0.0043451487832892235,0.006267517115853409,0.028578503504399663,0.0030321798669883694,0.0013227933661864027,0.0043547677316472765,0.006295119760719345,0.028370317495167004,0.003073273049623985
19.04,-2.9089262577948163,0.004265081892493772,0.0061697352388432325,0.0285074773263892,0.0029168385139179426,0.0012513736897109462,0.0043584089357743706,0.006298832236996575,0.02838310753613304,0.0030797259908092794
19.06,-2.902487991678321,0.004193105813911601,0.00608174525297609,0.028444382318447547,0.0028184510584013706,0.0011795253875793545,0.004361434696357292,0.006301800615711926,0.02839528913364166,0.003085099076412625
19.080000000000002,-2.9026003512288825,0.0041854094992566735,0.006071695623180582,0.02844548344204305,0.0028384331682810918,0.0011072253835359368,0.004363669492142401,0.0063038118508785355,0.02840668528964598,0.00308918211705681
19.1,-2.902712710779444,0.004177729329904018,0.006061664804059618,0.02844658456563855,0.002840821919100457,0.0010338026462779904,0.0043651072244592125,0.006304858325176045,0.02841728823804359,0.00309205794653138
19.12,-2.9028250703300054,0.004170065271984078,0.006051652760403788,0.028447685689234052,0.0028362451220076274,0.0009580115059069297,0.004365781275846551,0.00630498030301043,0.02842712972260396,0.003093828907142066
19.14,-2.902937429880567,0.004162417291698349,0.006041659457069598,0.028448786812829554,0.0028289230999014744,0.000878592137070367,0.004365725003731092,0.006304218027897925,0.02843624153206138,0.003094565289040988
19.16,-2.8990982847207682,0.004116101241693407,0.005984768595404176,0.028411163190263527,0.00274851145237881,0.0007943997234304443,0.0043649489049778925,0.00630258402750645,0.028444632640627108,0.0030942820667268747
19.18,-2.891850715536026,0.0040365148460388125,0.005887515960814221,0.02834013701225305,0.0026160790697926004,0.0007047713259413018,0.004363356632548393,0.0062999612520037995,0.02845220508842685,0.0030927962997356518
19.2,-2.8846031463512833,0.003957095406449867,0.005790445361552416,0.028269110834242574,0.002496864349074737,0.0006105795560464719,0.00436076429726058,0.0062961264540237075,0.02845877307916265,0.003089791042522078
19.22,-2.8773555771665413,0.0038778425726867173,0.005693556456889068,0.028198084656232105,0.0023831499920683287,0.0005130185111295246,0.004356988171787683,0.006290856532514173,0.02846415059239453,0.0030849847228949165
19.240000000000002,-2.8701080079817975,0.0037987559952442173,0.0055968489067322325,0.028127058478221615,0.0022718704389740672,0.00041320164681296926,0.004351864134961518,0.006283952115012221,0.028468170848607366,0.003078146412581535
19.26,-2.8628604387970573,0.0037198353253504826,0.005500322371626619,0.02805603230021116,0.0021618073818300983,0.00031226108302418387,0.0043452466418497475,0.006275236314016728,0.028470685319379317,0.003069080392638653
19.28,-2.855612869612317,0.0036410802149651994,0.005403976512752219,0.027985006122200708,0.002052476077006039,0.00021179146082224735,0.004337007713525908,0.006264553506952185,0.028471562755100814,0.0030576191515977015
19.3,-2.848365300427577,0.003562490316778201,0.005307810991923261,0.027913979944190252,0.0019436830895981016,0.00011395412384096541,0.004327035948415923,0.006251768142013896,0.02847068823217125,0.0030436197542458594
19.32,-2.8411177312428366,0.003484065284207912,0.005211825471586989,0.027842953766179797,0.0018353506696312993,2.08725580257783e-05,0.004315235556877095,0.006236763571909475,0.02846796222137633,0.003026961571988722
19.34,-2.8228521619302116,0.0032979416660468435,0.004985202765049866,0.027663951186916072,0.0015266325885492343,-6.551891119282129e-05,0.004301462063812458,0.006219364078041121,0.028463236255751662,0.0030074266235706995
19.36,-2.786383760443221,0.002934007918156564,0.0045428817976696,0.027306560852343564,0.000915856197960962,-0.00014381508934600034,0.004285237488883483,0.006198989426513748,0.02845602770939049,0.002984186516547925
19.38,-2.7499153589562306,0.002570837629224377,0.004101388756882635,0.02694917051777106,0.00036586035248696445,-0.0002142264612092061,0.004265662029314379,0.006174547665303714,0.028445430687121513,0.002955721158778184
19.400000000000002,-2.713446957469234,0.0022084291976686606,0.003660722092994232,0.02659178018319849,-0.0001588383488708875,-0.00027773082126917193,0.0042418227455928515,0.006144930664693619,0.0284305242536527,0.0029206367584463017
19.42,-2.6769785559822434,0.0018467810252677627,0.0032208802592105586,0.026234389848625986,-0.0006723350736583129,-0.0003353537917717632,0.004212898309004504,0.0061091411524022326,0.028410477263541952,0.0028777747349485157
19.44,-2.626587779443629,0.0013495954026557222,0.0026165611830008674,0.025740560238547563,-0.0014339811595296768,-0.0003881323994162912,0.004178074319690123,0.006066190036528223,0.028384463782689884,0.0028259918469609236
19.46,-2.5720322238880735,0.0008126807655507775,0.00196392478584185,0.02520591579410312,-0.0022311498692525428,-0.00043760687683120123,0.004136288329807637,0.006014787170833365,0.02835140785823302,0.0027636833128132526
19.48,-2.517476668332518,0.000276892466115268,0.0013125099790409914,0.024671271349658675,-0.0029996281568748424,-0.0004863672819636909,0.00408642132242851,0.005953573513611359,0.02831017467766262,0.0026892066656214707
19.5,-2.462921112776963,-0.0002577718584780648,0.0006623144760525164,0.024136626905214238,-0.003755007231075034,-0.0005370627779131816,0.004027454082929981,0.005881310760634799,0.028259726985669257,0.0026011487293996615
19.52,-2.4094143653321867,-0.0007810470312989918,2.5788506089529253e-05,0.02361226078025543,-0.00448436933479729,-0.000592120334750173,0.003958491621464308,0.005796910992758539,0.028199149741849495,0.002498319718750959
19.54,-2.362077570079964,-0.0012428223921736956,-0.0005362901110932313,0.023148360186783644,-0.005099632280453465,-0.0006534166806595947,0.0038788091986874146,0.005699492530693641,0.02812769645565047,0.002379811843093341
19.56,-2.3147407748277415,-0.001703629042292853,-0.0010973166419653414,0.022684459593311865,-0.005728991180324742,-0.0007212003077736292,0.0037879264599638618,0.005588469892417051,0.028044863755969093,0.0022451140689404353
19.580000000000002,-2.2674039795755108,-0.002163469013814622,-0.001657293055798768,0.022220558999840004,-0.006362494215210837,-0.0007948386567997811,0.0036854781940664507,0.005463397116104839,0.02795026252730868,0.002093842178541027
19.6,-2.220067184323288,-0.0026223443346338653,-0.002216221318179136,0.021756658406368222,-0.00699619491278089,-0.0008736044398283034,0.0035711721424421697,0.00532391662282289,0.027843575916530264,0.0019256828157743291
19.62,-2.1784655448298316,-0.0030241114754197647,-0.0027060098168065795,0.02134896233933235,-0.007524002426945243,-0.0009568160751769692,0.0034448170445368284,0.005169793250194579,0.027724587560835755,0.0017404657982048397
19.64,-2.141997143342844,-0.0033747828420871416,-0.0031339345427674474,0.020991572004759873,-0.007971519794449022,-0.0010438732590950304,0.0033064406842792282,0.005001057447521473,0.0275932999703401,0.0015383842593131723
19.66,-2.105528741855857,-0.0037247185715739042,-0.0035610582887009587,0.020634181670187397,-0.008436701800387027,-0.001134311639872339,0.003156260172416508,0.004817969294199238,0.027449905239185578,0.001319907726259013
19.68,-2.0690603403688694,-0.004073920207097187,-0.003987382553863788,0.02027679133561492,-0.008907813401702316,-0.001227716553103447,0.002994546576077865,0.0046208543737275825,0.02729464993050311,0.0010855251876633215
19.7,-2.0325919388818825,-0.0044223892886367635,-0.00441290883470634,0.019919401001042447,-0.009380198601060739,-0.0013236968324739852,0.002821591237768472,0.0044100629399051825,0.027127801473337175,0.0008357164031377729
19.72,-2.0095304118075332,-0.004638877843916671,-0.004678458641614115,0.019693398035713825,-0.009607658419529784,-0.0014220874661940697,0.0026377802086832063,0.004186060195288406,0.026949722716720137,0.0005711129269230329
19.740000000000002,-1.9876288458120026,-0.004843556559330038,-0.004929739166249936,0.019478762688957624,-0.009848319772374551,-0.0015236721979082345,0.0024438165085103377,0.003949695874662146,0.026761094621818665,0.0002929008646114647
19.76,-1.9657272798164755,-0.0050478059004418156,-0.005180549349563313,0.01926412734220146,-0.01010505554492323,-0.0016299338177806727,0.002240482714331918,0.0037019163984890768,0.026562679267099064,2.3148664993385203e-06
19.78,-1.943825713820949,-0.0052516267679919605,-0.00543089007192875,0.019049491995445297,-0.01036756621213243,-0.0017423600802350132,0.002028537957734691,0.0034436399719887556,0.026355216904317812,-0.0002995159602787881
19.8,-1.9195407446128097,-0.005478352904254022,-0.005709060387457967,0.018811499297205533,-0.01067520401719565,-0.0018622878876965506,0.0018086970979837888,0.0031757313194330852,0.026139405060583903,-0.0006115644036567286
19.82,-1.8903449143819824,-0.005752679355828077,-0.006045016742710723,0.018525380160943426,-0.01106607710239946,-0.0019907764811687924,0.0015815636812827334,0.0028989203643073145,0.025915831334229554,-0.0009330075011758804
19.84,-1.8611490841511555,-0.006026430326320447,-0.006380344262296132,0.018239261024681323,-0.01144072797161073,-0.002128332245517493,0.001347595273865767,0.0026137601542441094,0.025684938457732114,-0.0012632641510614848
19.86,-1.8319532539203283,-0.006299607022973366,-0.00671504412325488,0.017953141888419216,-0.01180810849401438,-0.0022752840922415614,0.0011072106646105506,0.0023207568364925235,0.02544713130637096,-0.0016017753914683672
19.88,-1.8027574236895014,-0.006572210650496497,-0.007049117500424484,0.017667022752157112,-0.012171776666563668,-0.0024319017542599355,0.0008608186931931553,0.0020204046099605785,0.025202805675230214,-0.00194797121550445
19.900000000000002,-1.7577628119780027,-0.00699890801386034,-0.007570144691471441,0.017226075557384427,-0.012821097612987675,-0.002598351741409459,0.0006087267971466752,0.0017130748077364183,0.024952256709304826,-0.002301456627336585
19.92,-1.706813960977263,-0.007483000571748696,-0.00816089139099178,0.01672677681757718,-0.013535207986933091,-0.0027745254713530164,0.0003508492494737866,0.0013986620183668312,0.024695386621710898,-0.0026625366084163738
19.94,-1.655865109976523,-0.007966077601942779,-0.008750532343919705,0.016227478077769922,-0.014214809348392745,-0.002960087306299368,8.69090905723873e-05,0.0010768288818510784,0.024431906012068544,-0.0030317546934971935
19.96,-1.6049162589757828,-0.008448141234813068,-0.009339069619967194,0.01572817933796267,-0.014879211879392437,-0.003154658239077851,-0.0001833565702970479,0.000747255027784668,0.02416153898202278,-0.003409530292729292
19.98,-1.5505708787727062,-0.008962444656610733,-0.009966832317578219,0.01519559461197252,-0.015597994724628151,-0.003357859378184218,-0.00046018344553542314,0.000409652978583193,0.023884036288033907,-0.003796196724038342
20.0,-1.4673529111732995,-0.009758323639888091,-0.010936224564839994,0.014380058529498335,-0.0168295084921159,-0.0035694312413812523,-0.000744004408610982,6.349607724114064e-05,0.0235989508234073,-0.004192447203053605
20.02,-1.3841349435738928,-0.01055253303098593,-0.011903802325156688,0.01356452244702415,-0.017977316483954467,-0.003789564778615253,-0.0010358578062830174,-0.0002924767694631689,0.02330522846315351,-0.004600046261215787
20.04,-1.3009169759744859,-0.011345076332368958,-0.01286956899484479,0.012748986364549962,-0.019089397308182265,-0.0040185179294706915,-0.0013368235002029342,-0.0006595772854886201,0.0230017713432569,-0.005020650863396755
20.06,-1.217699008375079,-0.012135957039154413,-0.01383352796386364,0.011933450282075772,-0.02018481310085519,-0.004256497217777839,-0.0016478563122583477,-0.001038965838163631,0.02268760450309385,-0.005455599211671466
20.080000000000002,-1.1248343597629558,-0.013019616918153055,-0.014910217777036017,0.011023376725676966,-0.02144696368031311,-0.004503521032948113,-0.0019698483855201693,-0.001431727034995459,0.022361813721567283,-0.005906110641270737
20.1,-1.0203402248655893,-0.01401527244041737,-0.016122969298424994,0.009999334203682774,-0.02288936059729046,-0.004758875035050792,-0.002303859719808035,-0.0018391493005575016,0.022023314871019665,-0.0063737315892609045
20.12,-0.9158460899682228,-0.015008839279969367,-0.0173334508183678,0.008975291681688584,-0.024285493584205422,-0.005021148338342179,-0.0026511312164114362,-0.002262740742748309,0.021670840506310966,-0.006860304928822856
20.14,-0.8113519550708563,-0.016000321818440424,-0.018541666585802887,0.007951249159694392,-0.025660146610824653,-0.005288876171418744,-0.0030128140953981832,-0.0027039010379643997,0.021303210351828368,-0.007367440662886759
20.16,-0.7068578201734896,-0.016989724428270143,-0.01974762084171563,0.006927206637700198,-0.027023173353573304,-0.005560694105077176,-0.0033899090046019377,-0.0031638475570030565,0.02091939244478724,-0.00789646458611977
20.18,-0.6217640268848679,-0.017787127614807757,-0.020720977326839626,0.006093287463471705,-0.02802490724245485,-0.005835360783125009,-0.0037831632739549234,-0.00364349071281117,0.020518606305020837,-0.008448268061526262
20.2,-0.5421103791324815,-0.018529600525375178,-0.021627920990606026,0.005312681715498318,-0.028972934176156498,-0.006111831193302278,-0.004192732625337481,-0.00414302361076037,0.0201006621124273,-0.009022722236330506
20.22,-0.46245673138009513,-0.01927051587883777,-0.022533167057303252,0.0045320759675249326,-0.029951019335978452,-0.006389174570575241,-0.0046184684658914545,-0.00466227031670551,0.01966567435426962,-0.009619321308485649
20.240000000000002,-0.38280308362769455,-0.020009876942633568,-0.023436718704456076,0.0037514702195514064,-0.03093876979612319,-0.006666535393188932,-0.005060143089191875,-0.005200958898475947,0.019213837026520953,-0.010237568792299753
20.26,-0.30791321126742854,-0.02070105096345635,-0.024282018740363964,0.0030175494704207995,-0.03184127118866653,-0.00694344314547842,-0.005517459561174253,-0.005758733393976671,0.018745413903691898,-0.010876922975202732
20.28,-0.2641938348754487,-0.021085624701318903,-0.024755648883936797,0.002589099581779397,-0.03218669457866254,-0.007221314036512033,-0.005989799331621537,-0.006334847694442045,0.018260991337822326,-0.011536295530019232
20.3,-0.2204744584834688,-0.02146939168172375,-0.025228392497093535,0.002160649693137994,-0.032617273243615165,-0.0075041428748664745,-0.006475809520300463,-0.0069276649152488455,0.01776189208124015,-0.012213338285344674
20.32,-0.17675508209148882,-0.021852353597083915,-0.025700251239222205,0.0017321998044965905,-0.03308056023867266,-0.007796168526789149,-0.006974025199577464,-0.007535411902056353,0.01724955389241303,-0.012905734583054213
20.34,-0.13303570569950895,-0.022234512136262048,-0.026171226766604792,0.0013037499158551878,-0.03355573257902523,-0.00810125328287093,-0.007483055725005939,-0.00815640518335794,0.016725343244945037,-0.013611433408561942
20.36,-0.09873453884087402,-0.022523667376723493,-0.02652949821587292,0.0009675984806405654,-0.0338628688433322,-0.0084216143522498,-0.008001529339005333,-0.00878898380670499,0.016190610626089393,-0.01432845175321295
20.38,-0.07318312304355756,-0.022726558439867317,-0.026783213159608132,0.0007171946058268641,-0.034035913252384455,-0.008754105905661854,-0.00852788825795226,-0.009431260825329097,0.01564689562522877,-0.015054470302201316
20.400000000000002,-0.047631707246236554,-0.022929023878840365,-0.027036453205329214,0.0004667907310131182,-0.03424150365170606,-0.009094192239825416,-0.009060423194712225,-0.01008116511694133,0.015095892765736932,-0.015786943459260905
20.42,-0.022080291448920097,-0.023131064586515492,-0.027289219241939673,0.00021638685619941695,-0.034459501668628295,-0.009437589497949142,-0.009597492813377,-0.01073670749868322,0.014539232137890592,-0.016523517103359
20.44,0.0034711243483964704,-0.02333268145389257,-0.0275415121566793,-3.401701861428541e-05,-0.03468191211994726,-0.009780670214460198,-0.01013757219260525,-0.011396039523190217,0.013978430741926902,-0.017262063931837275
20.46,0.032380327613546145,-0.023566747159827494,-0.027833199886647335,-0.00031732721061275223,-0.034966761129214416,-0.010122169315448262,-0.010679267927992895,-0.012057471827571373,0.013414877125339461,-0.01800067670450688
20.48,0.061576157844373425,-0.023803127840469403,-0.028127744767436715,-0.0006034463468748596,-0.03524788868721751,-0.010464430751918613,-0.01122137015162446,-0.012719537259787427,0.012849779032501745,-0.018737747025519655
20.5,0.0907719880752006,-0.024039012642536692,-0.028421738325639764,-0.0008895654831369658,-0.035524087360744985,-0.010810387079866746,-0.011762789320264245,-0.01338091426611759,0.012284226297444948,-0.019471826365072928
20.52,0.11996781830602776,-0.02427440260628173,-0.028715181593209887,-0.001175684619399072,-0.03579770751282243,-0.011162719535413767,-0.012302526756667424,-0.014040391197136157,0.011719220080807499,-0.020201579408565245
20.54,0.15730110944525955,-0.024588962210787633,-0.029104691772689276,-0.0015415508725635436,-0.036217998461400086,-0.011523136114487853,-0.012839715916564081,-0.014696916381959045,0.011155631368686945,-0.02092587184608657
20.56,0.2118566650008129,-0.025071463031408715,-0.029697953030906988,-0.0020761953170079666,-0.03692928019953924,-0.01189015838584748,-0.013373850008744881,-0.015349874223618007,0.010593972835990307,-0.02164418731623212
20.580000000000002,0.26641222055637603,-0.02555295166347654,-0.030290103835837082,-0.002610839761452485,-0.037584810728745345,-0.012261120024257366,-0.013904904270013792,-0.015999233593718756,0.010034275687566275,-0.022356791221517874
20.6,0.3209677761119294,-0.026033430230356577,-0.03088114626600123,-0.003145484205896908,-0.03821679358225998,-0.01263341539684698,-0.014432958204703363,-0.016645089815247906,0.009476466803218446,-0.023063968838109638
20.62,0.37552333166748275,-0.026512900850960176,-0.031471082396030886,-0.0036801286503413307,-0.038838022397031165,-0.013004826140177847,-0.01495809171663465,-0.017287538719546313,0.0089204724958832,-0.023765909091902623
20.64,0.4475580070134136,-0.02716248127939264,-0.03226744409892822,-0.004386068468731453,-0.03977215793556027,-0.013374632963420582,-0.015480485318140216,-0.017926798180318858,0.008366118196511488,-0.024462949413445026
20.66,0.527211654765806,-0.027885286605456056,-0.03315277534184135,-0.005166674216704898,-0.040795044630048384,-0.01374474603445826,-0.0160007480032275,-0.018563605787186375,0.007812800025240246,-0.025156182482393638
20.68,0.6068653025181984,-0.02860657563300542,-0.034036449441336145,-0.005947279964678344,-0.04177583895012043,-0.014117504782601181,-0.016519709877699348,-0.01919896746393904,0.007259691479274953,-0.0258469807954789
20.7,0.6865189502705908,-0.029326351542926517,-0.03491846949921696,-0.00672788571265179,-0.04273774889520078,-0.014495049189903608,-0.017038174852312744,-0.019833857594003232,0.006705990535159181,-0.026536555650590446
20.72,0.7668555032732995,-0.030051302958706724,-0.03580694675384046,-0.0075151839320783355,-0.043702445417396305,-0.014879282705900925,-0.017556881858219117,-0.020469171974747194,0.006150958529081939,-0.027225958528650975
20.740000000000002,0.8607350036406924,-0.03090731519865746,-0.03685455655549212,-0.008435203035678785,-0.04490617172944168,-0.015271736662512372,-0.01807659691238295,-0.021105839456600134,0.005593828131213708,-0.027916292142577407
20.76,0.9546145040080687,-0.03176153169909057,-0.03790020546431203,-0.009355222139279072,-0.04606862815269246,-0.015673689263839656,-0.01859832354798067,-0.021745077161012014,0.005033592637398085,-0.0286090934053038
20.78,1.048494004375445,-0.032613956227102364,-0.038943897150656145,-0.01027524124287936,-0.04721211213707078,-0.01608626820661179,-0.01912304531905909,-0.022388078253681377,0.004469263236174039,-0.029305794183665357
20.8,1.1423735047428212,-0.0334645925418864,-0.039985635278010176,-0.011195260346479647,-0.04834548795962089,-0.01651045560151144,-0.019651649247436107,-0.023035919094627606,0.003899945684240275,-0.030007623593453443
20.82,1.2444268665776477,-0.03439346418694213,-0.041122471859804034,-0.012195383292460947,-0.04962126248333106,-0.016947003520271404,-0.02018497763020897,-0.023689622043600707,0.003324788647247718,-0.030715742773940173
20.84,1.3594890465337626,-0.035447739898775754,-0.042411634392121214,-0.013322992656030873,-0.05110723857234304,-0.017396376077205174,-0.020724040542106057,-0.024350413171157662,0.002742771068164095,-0.03143164200888037
20.86,1.4745512264898775,-0.03649980395466605,-0.04369838389855378,-0.014450602019600798,-0.05254514679746792,-0.017858914341997933,-0.02127007728665101,-0.02501979683246657,0.0021526402992304585,-0.03215719891696775
20.88,1.5896134064459924,-0.03754966099421722,-0.04498272489575016,-0.015578211383170724,-0.05396076633087784,-0.018334886209715327,-0.021824266500600195,-0.025699204143010933,0.00155320182064014,-0.032894099731000645
20.900000000000002,1.7046755864021275,-0.038597315647300685,-0.04626466189190486,-0.01670582074674085,-0.05536434640176982,-0.01882508258240839,-0.02238765519076779,-0.02638990689687725,0.0009433904056512833,-0.03364376896361111
20.92,1.8098220118664192,-0.039545700101782946,-0.04742646951286853,-0.017736255716290908,-0.0565792442524259,-0.01933264320868646,-0.022961108827360657,-0.027092957003050654,0.0003223203560951838,-0.03440732011460824
20.94,1.910783127053508,-0.04045112203463064,-0.048536410248131705,-0.01872567464512438,-0.05773789768719836,-0.019861536273850094,-0.02354513293716603,-0.027808970062553794,-0.00031053552219178365,-0.03518525439610736
20.96,2.0117442422405967,-0.04135464457647794,-0.04964427342090184,-0.019715093573957846,-0.05891279427800563,-0.020415474807518513,-0.02413999962721788,-0.02853827871780482,-0.000955471820049732,-0.0359777565657584
20.98,2.1127053574276857,-0.042256271711860714,-0.05075006291991443,-0.02070451250279132,-0.06009144286114289,-0.020997797217192627,-0.024745891786913873,-0.029281107477345743,-0.001612694388395915,-0.03678495398503007
21.0,2.2141488855974547,-0.043160730103629745,-0.051859510321847636,-0.021698659078855057,-0.06127768574072228,-0.021611544478520237,-0.025362935618282484,-0.030037612144107467,-0.0022823527153035717,-0.03760693518411836
21.02,2.3292110655535505,-0.04419661387533431,-0.05312857550330041,-0.022826268442424795,-0.06270770629507752,-0.02225948480121249,-0.025991291219850634,-0.03080798966030053,-0.002964630485972428,-0.038443893250311195
21.04,2.4442732455096463,-0.045230324573643975,-0.05439526527664495,-0.023953877805994533,-0.06409707626258908,-0.022944060289645275,-0.026631369243878475,-0.03159274087950119,-0.0036599625387158433,-0.039296494996659395
21.06,2.559335425465742,-0.04626186675722458,-0.05565958408811755,-0.025081487169564272,-0.06546720235738458,-0.023667321744665917,-0.02728357420514304,-0.03239235931902091,-0.004368778430287185,-0.040165331449549244
21.080000000000002,2.6743976054218583,-0.04729124497517902,-0.05692153637563238,-0.02620909653313421,-0.06682659709015296,-0.02442999659695511,-0.027948228384353332,-0.03320723886774942,-0.005091426246476841,-0.041050816085003244
21.1,2.7894597853779564,-0.04831846376706654,-0.05818112656879617,-0.02733670589670397,-0.0681786525201455,-0.025229562994384464,-0.02862557742177816,-0.034037680547392146,-0.005828178028923856,-0.04195323146977037
21.12,2.904521965334058,-0.0493435276629239,-0.05943835908892506,-0.02846431526027377,-0.0695247272840438,-0.02606284495251538,-0.029315795720230048,-0.03488389904406981,-0.006579235022830062,-0.04287275232862346
21.14,3.0195841452901595,-0.05036644118328449,-0.0606932383490592,-0.029591924623843562,-0.07086537248379,-0.0269268085270444,-0.030018991654272003,-0.035746029006424825,-0.0073447327420397305,-0.043809459073062135
21.16,3.1346463252462615,-0.0513872088391986,-0.061945768753978545,-0.030719533987413363,-0.07220081849813043,-0.027818736606484384,-0.03073521258343718,-0.0366241311074984,-0.008124745848865671,-0.04476334736427256
21.18,3.249708505202363,-0.052405835132253234,-0.06319595470021826,-0.03184714335098316,-0.07353116830013912,-0.0287368508340498,-0.03146444966810773,-0.0375181978686801,-0.008919292846894947,-0.04573433592338711
21.2,3.3434718310947247,-0.05321381479664054,-0.06419091902225908,-0.0327660239447283,-0.07446828063222695,-0.029680087113661758,-0.03220652001301407,-0.038428010707406014,-0.009728217982677307,-0.04672204545130907
21.22,3.4266897986941314,-0.05391686340862885,-0.06505881582460411,-0.03358156002720249,-0.0752648052733275,-0.030647501502347373,-0.032960663973094884,-0.03935265150023447,-0.010550787763091422,-0.0477250798781107
21.240000000000002,3.509907766293553,-0.054618437167669724,-0.06592508811693079,-0.03439709610967682,-0.07610753337566753,-0.031638181878332415,-0.0337257812347784,-0.04029078874527353,-0.011385926073423772,-0.0487415862181489
21.26,3.59312573389296,-0.0553185391677043,-0.0667897389399607,-0.035212632192151004,-0.07696662205830658,-0.03265159940428713,-0.03450075980394102,-0.04124107646724596,-0.012232542795481645,-0.049769852480876335
21.28,3.6755493250586437,-0.0560093957755478,-0.06764333968764726,-0.03602038338557471,-0.07781574960930333,-0.033688161683704254,-0.03528453447786845,-0.042202225129914464,-0.013089592316442154,-0.050808323164963975
21.3,3.712017726545634,-0.05624891479599697,-0.06794971615733522,-0.036377773720147215,-0.07782922985201761,-0.034748392157919916,-0.036075809159564806,-0.0431726648710576,-0.013955795649751237,-0.05185502955959743
21.32,3.7484861280326247,-0.05648793135427312,-0.06825551915833071,-0.03673516405471972,-0.07796371214629313,-0.035832690018851386,-0.03687232369289095,-0.04414965625415565,-0.014828906015291535,-0.05290627809095967
21.34,3.784954529519615,-0.05672644650443966,-0.06856074976403972,-0.03709255438929223,-0.07814575800936337,-0.036940801215907086,-0.03767172816685136,-0.04513035036489246,-0.015706582037485796,-0.05395849579605976
21.36,3.8214229310066057,-0.056964461298348826,-0.06886540904585911,-0.03744994472386474,-0.0783462061818103,-0.038070115561381436,-0.03847185213992842,-0.04611211530417754,-0.01658665706393051,-0.0550085853691719
21.38,3.8504262586990063,-0.05712889582432586,-0.06908086516105523,-0.03773417733525026,-0.07841741961846896,-0.03921690662288939,-0.03927065460613944,-0.04709247555716432,-0.017467089455784776,-0.056053702015787576
21.400000000000002,3.8686725273557245,-0.057187676834268134,-0.06916819929726,-0.0379129907680861,-0.07831464870048732,-0.04037750968456694,-0.04006603357788466,-0.04806888109108417,-0.018345772242424983,-0.05709086044391974
21.42,3.886918796012439,-0.057246334533610964,-0.06925536996336226,-0.038091804200921904,-0.07824899638808357,-0.04154833613478471,-0.04085578537191832,-0.049038657961423024,-0.0192204922365897,-0.058116894546926756
21.44,3.9051650646691543,-0.05730486918103491,-0.06934237746534178,-0.03827061763375771,-0.0781981779916854,-0.04272474620418989,-0.04163784515977524,-0.04999930002573898,-0.020089170623911846,-0.05912893031282111
21.46,3.923411333325869,-0.057363281034677874,-0.06942922210860551,-0.038449431066593515,-0.0781533437012992,-0.04389984373781599,-0.042410342208352395,-0.050948535978871654,-0.020949918553118174,-0.06012443436987533
21.48,3.932644422833457,-0.05733333387720034,-0.06940889061212574,-0.038539915343767876,-0.07794670433242003,-0.04506669908335642,-0.04317153871719645,-0.051884255228792274,-0.021800976316673746,-0.06110106355867393
21.5,3.939891992018199,-0.05728401186031227,-0.06936502306470423,-0.038610941521778346,-0.07772891212475191,-0.04621897477247305,-0.043919662568300495,-0.05280430509220993,-0.022640546204063063,-0.06205635511889557
21.52,3.9471395612029414,-0.057234793310980706,-0.0693212376275867,-0.03868196769978882,-0.0775267160604643,-0.047351244055961875,-0.04465303666889038,-0.05370664765354734,-0.023466921908366953,-0.06298801268176188
21.54,3.9543871303876834,-0.05718567801215177,-0.0692775341470809,-0.0387529938777993,-0.07733115016980122,-0.048460220053062816,-0.045370160646294046,-0.054589458871783736,-0.024278570506494596,-0.06389404173030436
21.56,3.9598715588834805,-0.057119405098499686,-0.0692129786788986,-0.03880674127705811,-0.0771065172760418,-0.0495443866852813,-0.046069702475016766,-0.05545111847502341,-0.025074124448576287,-0.06477270539367605
21.580000000000002,3.959759199332919,-0.0569984802397389,-0.06908209331154104,-0.038805640153462606,-0.0767862164026025,-0.05060270422231589,-0.04675042765212508,-0.05629012411099025,-0.02585231101248458,-0.06562238320519115
21.6,3.9596468397823577,-0.05687780905672877,-0.06895145293251621,-0.0388045390298671,-0.07648379955451058,-0.05163430668016881,-0.04741113181540018,-0.057105009653426284,-0.026611885056009345,-0.06644146063642514
21.62,3.959534480231796,-0.05675739101730916,-0.06882105708326032,-0.0388034379062716,-0.07618914608336064,-0.052638346136596556,-0.048050747626426124,-0.05789447483924977,-0.027351736075507997,-0.06722855192618842
21.64,3.959422120681235,-0.05663722559043632,-0.06869090530606797,-0.0388023367826761,-0.07589823448918846,-0.05361357307442301,-0.04866836821540706,-0.058657413740692194,-0.028070911963098414,-0.0679825245381309
21.66,3.9593097611306725,-0.05651731224618051,-0.06856099714409047,-0.03880123565908059,-0.07560946530961798,-0.05455880059331404,-0.049263237253927,-0.05939290277001198,-0.0287686094059755,-0.06870246658096951
21.68,3.9591974015801092,-0.0563976504557237,-0.06843133214133423,-0.038800134535485066,-0.07532220090515379,-0.05547304186204459,-0.04983473931588237,-0.06010018903090089,-0.029444164553356165,-0.06938766568741767
21.7,3.9590850420295465,-0.05627823969135721,-0.06830190984265927,-0.038799033411889554,-0.0750361855944026,-0.05635526004058694,-0.05038239053640312,-0.06077867902857191,-0.030097043961483626,-0.07003759272311924
21.72,3.9589726824789837,-0.05615907942647935,-0.06817272979377739,-0.03879793228829404,-0.07475131538438011,-0.05720335937083958,-0.050905829576751056,-0.06142792774830427,-0.030726835825314207,-0.07065188769779154
21.740000000000002,3.958860322928421,-0.05604016913559317,-0.06804379154125083,-0.03879683116469852,-0.07446754652825469,-0.0580140327268717,-0.051404808901478846,-0.062047628110154664,-0.03133324150381902,-0.07123034683822793
21.76,3.9587479633778595,-0.05592150829430414,-0.06791509463249054,-0.038795730041103024,-0.07418485921274795,-0.058784059765861485,-0.051879186372544156,-0.06263760080561892,-0.031916067344255755,-0.07177291041195138
21.78,3.958635603827298,-0.055803096379317706,-0.06778663861575461,-0.03879462891750752,-0.07390324313803122,-0.05951062237644517,-0.05232891716359806,-0.06319778452023937,-0.032475216809298664,-0.07227965113899254
21.8,3.9585232442767366,-0.055684932868437155,-0.06765842304014666,-0.03879352779391202,-0.07362269179133464,-0.06019167706728943,-0.05275404599630017,-0.06372822654449703,-0.0330106829095535,-0.07275076312695725
21.82,3.958410884726175,-0.05556701724056119,-0.06753044745561429,-0.038792426670316515,-0.07334320017290974,-0.06082718990576805,-0.05315469969925097,-0.06422907377379716,-0.03352254094272485,-0.07318655130236638
21.84,3.9582985251756138,-0.055449348975681725,-0.06740271141294753,-0.03879132554672101,-0.07306476389295366,-0.06141820625113081,-0.05353108008897087,-0.06470056409694888,-0.03401094153954217,-0.07358742132537704
21.86,3.9581861656250523,-0.055331927554881505,-0.06727521446377725,-0.03879022442312551,-0.07278737881295498,-0.06196597223042602,-0.05388345717129044,-0.0651430181712473,-0.03447610401548358,-0.07395386997979138
21.88,3.9580738060744913,-0.05521475246033188,-0.06714795616057351,-0.038789123299530014,-0.07251104090323475,-0.06247182762032531,-0.05421216266054396,-0.0655568315810871,-0.03491831002635978,-0.07428647603142934
21.900000000000002,3.95796144652393,-0.05509782317529047,-0.06702093605664404,-0.03878802217593451,-0.07223574618634032,-0.06293757128103411,-0.05451758381307392,-0.06594246737596254,-0.0353378975249293,-0.07458589154774249
21.92,3.9578490869733685,-0.05498113918409897,-0.06689415370613278,-0.03878692105233901,-0.0719614907145327,-0.06336599409584524,-0.05480015757075371,-0.06630044898273715,-0.03573525501490794,-0.07485283367087374
21.94,3.961225345972226,-0.05489885256119555,-0.06680902907456415,-0.038820008390527815,-0.071751854233737,-0.06376002268810564,-0.05506038507006533,-0.06663137781571496,-0.03611083617962603,-0.07508811418335368
21.96,3.9647957052536644,-0.05481863874575992,-0.06672636833241632,-0.03885499791148591,-0.07153751217723672,-0.06412246426887389,-0.055298884256627975,-0.06693599710512249,-0.03646521268663013,-0.07529273452548778
21.98,3.968366064535102,-0.05473859320258898,-0.06664386231281547,-0.038889987432444,-0.07131988885673515,-0.06445557785800406,-0.055516322008836765,-0.06721510960809855,-0.03679900648532604,-0.07546774408814548
22.0,3.97193642381654,-0.054658715578681766,-0.06656151072615532,-0.03892497695340209,-0.07110146272712474,-0.06475960441168153,-0.055713385277107196,-0.06746954261931692,-0.03711286101866745,-0.07561419839447751
22.02,3.975506783097977,-0.05457900552177782,-0.06647931328337173,-0.038959966474360175,-0.07088321611742876,-0.06503345089309179,-0.05589077600743665,-0.0677001418193983,-0.03740743618353677,-0.07573316203855172
22.04,3.979077142379412,-0.05449946268035563,-0.06639726969594158,-0.038994955995318235,-0.07066553723840183,-0.0652759716381708,-0.05604920749822446,-0.06790776686018306,-0.037683404715229095,-0.07582570815687487
22.06,3.9826475016608467,-0.05442008670363119,-0.06631537967588186,-0.039029945516276296,-0.0704485783780498,-0.06548622227369402,-0.05618940101430514,-0.0680932872609479,-0.03794144882176906,-0.07589291556603567
22.080000000000002,3.9862178609422823,-0.05434087724155626,-0.06623364293574853,-0.03906493503723436,-0.07023239814435127,-0.06566341964962485,-0.056312082648953446,-0.06825757860443035,-0.03818225705934927,-0.07593586518146034
22.1,3.9897882202237174,-0.05426183394481705,-0.06615205918863568,-0.03909992455819243,-0.07001701795112886,-0.0658068520293616,-0.05641798042451518,-0.06840151902139623,-0.03840652144005559,-0.07595563635012928
22.12,3.9962794265731705,-0.054211550731610526,-0.06610530740100337,-0.03916353838041707,-0.06985567990088339,-0.06591595307312584,-0.05650783841795787,-0.06852600632230835,-0.03861495157630567,-0.07595333460952972
22.14,4.0035269957579125,-0.054168777580612296,-0.0660676234274917,-0.03923456455842754,-0.06970116961628192,-0.06599032019524283,-0.05658246617419746,-0.06863201793003759,-0.03880832417979273,-0.07593018048377846
22.16,4.010774564942656,-0.05412609415898237,-0.0660300099900073,-0.03930559073643802,-0.06954227898367087,-0.06602987951609983,-0.056642693448906496,-0.06872055600928882,-0.03898743789423954,-0.07588741071086641
22.18,4.018022134127398,-0.054083500278486754,-0.06599246695652237,-0.0393766169144485,-0.06938201706255241,-0.06603576388557109,-0.05668933667032552,-0.06879260679644733,-0.03915307976442515,-0.07582622206323253
22.2,4.023691783602581,-0.05402554836356672,-0.06593625953531773,-0.039432179479305295,-0.06919281817338498,-0.0660108301068492,-0.05672318395489934,-0.06884912242238281,-0.039306010208094315,-0.07574775488930659
22.22,4.02357942405202,-0.05391111378676808,-0.06581150745830323,-0.039431078355709796,-0.06890272600569383,-0.06595818367595424,-0.05674493500429717,-0.06889094801109696,-0.03944690279039281,-0.07565298979355331
22.240000000000002,4.0234670645014585,-0.053796919270428976,-0.06568698888946434,-0.03942997723211429,-0.068630202183431,-0.06588077307038756,-0.05675513591427192,-0.06891874259096731,-0.03957627877858089,-0.07554264580490949
22.26,4.023354704950897,-0.05368296431095147,-0.06556270339172564,-0.03942887610851879,-0.0683652488179408,-0.06578128382279672,-0.05675429710185947,-0.06893312207489735,-0.03969462487052712,-0.07541742526660267
22.28,4.023242345400336,-0.05356924840579398,-0.0654386505288298,-0.03942777498492329,-0.06810389341333131,-0.06566179856672483,-0.056742926379073036,-0.06893469936216715,-0.039802426228216926,-0.07527805413221118
22.3,4.020764617691157,-0.05343261476812427,-0.06528674582036682,-0.039403493253373334,-0.06780144494579124,-0.06552405596080145,-0.05672151380936901,-0.06892406597130135,-0.039900151312841636,-0.07512523652366433
22.32,4.016964017991007,-0.05328331721734491,-0.06511941896850582,-0.039366247376311864,-0.06748256287211873,-0.06536968206516423,-0.05669048422028747,-0.06890173444205416,-0.039988204310287864,-0.07495956353199808
22.34,4.013163418290857,-0.0531343328624514,-0.06495240531534137,-0.03932900149925039,-0.06717090573153657,-0.06520017998175727,-0.05665021921519477,-0.06886816501320411,-0.04006694702900503,-0.07478156582876215
22.36,4.009362818590706,-0.052985661046422494,-0.06478570427463502,-0.039291755622188916,-0.06686281615299149,-0.06501655906474144,-0.056601094993923254,-0.06882381147951681,-0.04013673666959994,-0.07459178290174631
22.38,4.005562218890557,-0.05283730111361527,-0.06461931526124577,-0.03925450974512745,-0.06655683912392452,-0.06481882713726006,-0.05654348879825866,-0.06876912900717456,-0.040197932265746854,-0.07439076452860245
22.400000000000002,4.001761619190406,-0.052689252409762126,-0.06445323769112771,-0.039217263868065975,-0.06625239421862367,-0.06460681438632963,-0.05647777752325485,-0.06870457244965662,-0.04025089329623173,-0.07417906229612135
22.42,3.9979610194902557,-0.05254151428196809,-0.0642874709813283,-0.039180017991004505,-0.06594924832780556,-0.06438041408908442,-0.056404336442722615,-0.06863059480170966,-0.04029597840837418,-0.07395722525872304
22.44,3.994160419790106,-0.05239408607870778,-0.06412201454998606,-0.03914277211394304,-0.06564730627462613,-0.06413974486374976,-0.056323538044002024,-0.06854764578550873,-0.04033354424817124,-0.0737257973311337
22.46,3.9903598200899566,-0.05224696714982257,-0.06395686781632863,-0.03910552623688157,-0.06534652766632804,-0.06388576413919729,-0.056235750967148244,-0.06845617056313341,-0.04036394439251743,-0.07348531545587884
22.48,3.986559220389807,-0.05210015684651773,-0.06379203020067073,-0.03906828035982011,-0.06504689387522485,-0.06362012611458415,-0.056141339043696926,-0.06835660856952529,-0.040387528378881106,-0.07323630816035942
22.5,3.9827586206896584,-0.0519536545213596,-0.06362750112441216,-0.03903103448275865,-0.06474839492650804,-0.06334452982388869,-0.05604066043022463,-0.06824939246015235,-0.04040464082785705,-0.07297929434633588
22.52,3.9789580209895092,-0.05180745952827268,-0.06346328001003569,-0.03899378860569719,-0.06445102429123714,-0.0630605704410001,-0.055934066831982404,-0.06813494716767964,-0.040415620654067,-0.07271478224528369
22.54,3.9751574212893606,-0.05166157122253683,-0.06329936628110508,-0.03895654272863573,-0.0641547768185514,-0.06276966003011342,-0.055821902811953254,-0.06801368906203285,-0.04042080036094371,-0.07244326850915725
22.56,3.9713568215892114,-0.051515988960784354,-0.06313575936226305,-0.03891929685157427,-0.06385964791449529,-0.062472794181311984,-0.055704505180768416,-0.06788602520834232,-0.0404205054150076,-0.07216523742051402
22.580000000000002,3.96755622188906,-0.05137071210099723,-0.06297245867922925,-0.038882050974512784,-0.06356563321588603,-0.06217081469301193,-0.05558220246300928,-0.06775235271736431,-0.04041505369532819,-0.0718811602117694
22.6,3.9637556221889096,-0.05122574000250433,-0.06280946365879835,-0.038844805097451314,-0.06327272846076727,-0.06186450896027328,-0.05545531443552236,-0.06761305818309837,-0.04040475501395339,-0.07159149448576461
22.62,3.959955022488759,-0.05108107202597841,-0.0626467737288378,-0.03880755922038984,-0.06298092943692854,-0.061554422417310975,-0.055324151733481805,-0.06746851720244704,-0.04038991070318799,-0.07129668373089336
22.64,3.9561544227886087,-0.05093670753343352,-0.062484388318286024,-0.038770313343328366,-0.06269023196142609,-0.061239975857015794,-0.05518901552004735,-0.06731909397190136,-0.04037081326570719,-0.07099715692456382
22.66,3.951013855131702,-0.05077952798086929,-0.062306397401272286,-0.038719935780290676,-0.06237620957370656,-0.060919143024657285,-0.05505018951038658,-0.06716513161147994,-0.040347738370309826,-0.07069331387392598
22.68,3.9435194815383046,-0.05059963506456693,-0.06210079287715105,-0.038646490919075384,-0.062023942256298495,-0.06058976037975458,-0.05490790442378465,-0.06700690904715004,-0.040320909230049,-0.07038546126006415
22.7,3.936025107944907,-0.050420119527002455,-0.061895573199025763,-0.03857304605786009,-0.0616804785463274,-0.06024986989206549,-0.05476232490938436,-0.0668446251396314,-0.04029048340294808,-0.07007379872208283
22.72,3.9285307343515097,-0.05024098057651202,-0.061690737646550226,-0.03849960119664479,-0.061341279327033364,-0.059898066007071545,-0.05461360189103203,-0.06667846215022366,-0.040256605053080485,-0.06975852402684483
22.740000000000002,3.921036360758111,-0.05006221742309256,-0.06148628550072651,-0.038426156335429486,-0.06100453917216059,-0.059534670419081184,-0.054461886160453374,-0.06650860222282041,-0.04021941852920037,-0.06943984752539864
22.76,3.9135419871647117,-0.04988382927839833,-0.06128221604390256,-0.03835271147421417,-0.06066953824014537,-0.059161042561181286,-0.05430732786497529,-0.06633522676249941,-0.04017906785164882,-0.0691179832725024
22.78,3.906047613571312,-0.04970581535573727,-0.0610785285597696,-0.03827926661299886,-0.060335987796039055,-0.05877863346168698,-0.054150076039151895,-0.06615851586722006,-0.040135696242134714,-0.06879314514500699
22.8,3.8985532399779124,-0.04952817487006775,-0.06087522233335958,-0.03820582175178354,-0.06000377031217949,-0.05838882678412098,-0.05399027817833925,-0.06597864781026844,-0.04008944569452473,-0.06846554497994681
22.82,3.8910588663845127,-0.049350907037994884,-0.06067229665104275,-0.038132376890568226,-0.05967283625972684,-0.05799323806731419,-0.053828079852277555,-0.06579579857110739,-0.04004045658478731,-0.0681353915475792
22.84,3.885264817310444,-0.04919065677395843,-0.06048993877426155,-0.03807559520964235,-0.05937415329249669,-0.057594327215997956,-0.05366363413410941,-0.06561015327032581,-0.039988877105871075,-0.06780290809021679
22.86,3.8851524577598826,-0.049086364816020744,-0.06037538099986046,-0.03807449408604685,-0.0591757537237439,-0.057194594652615525,-0.0534971616193164,-0.0654219789628497,-0.03993492336544051,-0.0674684415362235
22.88,3.885040098209321,-0.04898229164139185,-0.06026103765216505,-0.038073392962451345,-0.05896164218755984,-0.056796340219244484,-0.053329010369491094,-0.06523169735644174,-0.039878939534407874,-0.06713255702267219
22.900000000000002,3.8849277386587597,-0.04887843679110886,-0.06014690832981616,-0.03807229183885585,-0.05874180213736506,-0.05640145837284272,-0.05315953805782766,-0.0650397419120584,-0.03982128013631205,-0.06679579555758992
22.92,3.8848153791081983,-0.04877479980717176,-0.060032992632205934,-0.03807119071526034,-0.058520196166220624,-0.05601065478355888,-0.05298907857148625,-0.06484651734150468,-0.03976227663478757,-0.06645863410358246
22.94,3.8847030195576373,-0.04867138023254126,-0.05991929015947627,-0.038070089591664844,-0.05829839593522583,-0.05562362226594425,-0.05281794279300218,-0.06465240054842597,-0.03970223816584381,-0.06612150480035667
22.96,3.884590660007076,-0.04856817761113685,-0.0598058005125176,-0.038068988468069345,-0.05807702365157399,-0.055239885211384995,-0.05264641939750535,-0.06445774158870116,-0.039641452287612185,-0.06578480333140542
22.98,3.8844783004565144,-0.048465191487834826,-0.0596925232929673,-0.03806788734447384,-0.05785632449277086,-0.05485899533236113,-0.05247477566171299,-0.06426286464534516,-0.03958018574355293,-0.06544889298448728
23.0,3.884365940905953,-0.048362421408466215,-0.059579458103208485,-0.038066786220878335,-0.057636393921549824,-0.054480530986604866,-0.05230325828094638,-0.06406806901337649,-0.03951868523539348,-0.06511410700388688
23.02,3.8842535813553916,-0.048259866919814785,-0.05946660454636849,-0.038065685097282836,-0.05741726795469649,-0.05410409646430193,-0.05213209419069984,-0.06387363009044103,-0.03945717820233938,-0.06478075026344053
23.04,3.8841412218048283,-0.048157527569615076,-0.05935396222631747,-0.03806458397368732,-0.057198959009605296,-0.053729321243802135,-0.051961491389556774,-0.06367980036930548,-0.03939587360335905,-0.06444910066646817
23.06,3.8840288622542656,-0.0480554029065504,-0.059241530747667095,-0.0380634828500918,-0.05698147013925127,-0.053355859220968846,-0.051791639760503716,-0.06348681042864399,-0.03933496269959309,-0.06411941043162968
23.080000000000002,3.883916502703703,-0.047953492480250805,-0.059129309715769116,-0.038062381726496286,-0.05676480068500176,-0.05298354825405036,-0.05162271188793892,-0.06329486991883791,-0.03927461983417818,-0.06379190732579228
23.1,3.8838041431531396,-0.047851795841291185,-0.05901729873671395,-0.03806128060290077,-0.05654894852137344,-0.05261325079626359,-0.05145486386790649,-0.06310416853979325,-0.039215003207005245,-0.06346679586630029
23.12,3.8836917836025777,-0.04775031254118919,-0.05890549741732935,-0.03806017947930526,-0.05633391094741947,-0.052247423334664075,-0.05128823610931162,-0.06291487700805089,-0.03915625564215075,-0.06314425849985732
23.14,3.8835794240520163,-0.04764904213240328,-0.058793905365179006,-0.038059078355709756,-0.05611968504068085,-0.051888678511882703,-0.0511229541240861,-0.0627271480107239,-0.03909850534592918,-0.06282445675937776
23.16,3.883467064501455,-0.047547984168330816,-0.0586825221885611,-0.03805797723211426,-0.05590626779771743,-0.0515393919871468,-0.05095912930447648,-0.06254111714404208,-0.039041866653713925,-0.06250753239800655
23.18,3.8833547049508934,-0.047447138203305976,-0.058571347496507054,-0.03805687610851875,-0.05569365618988764,-0.05120157820291535,-0.05079685968582048,-0.06235690383451732,-0.03898644076386364,-0.062193608498807215
23.2,3.883242345400332,-0.04734650379259792,-0.05846038089878007,-0.038055774984923255,-0.05548184718547298,-0.05087647803462182,-0.05063623069336047,-0.06217461224096557,-0.038932316457270626,-0.06188279055848893
23.22,3.8865846274093476,-0.04727990045630166,-0.05839063900720543,-0.03808852934861161,-0.05533380216566157,-0.0505649003346604,-0.050477335736988246,-0.06199435622839892,-0.03887959068725638,-0.06157520452767059
23.240000000000002,3.8901549866907867,-0.04721566965225058,-0.058323735621193876,-0.03812351886956971,-0.05518152631757156,-0.05026750294122845,-0.05032033443177709,-0.06181632998029052,-0.03882842687802446,-0.06127109958924602
23.26,3.893725345972225,-0.0471515735913582,-0.05825695746345895,-0.038158508390527805,-0.05502568185507787,-0.04998474155379472,-0.050165391568771533,-0.06164073400018136,-0.03877899397037797,-0.06097071671348607
23.28,3.8972957052536636,-0.04708761199096075,-0.05819030429960113,-0.0381934979114859,-0.05486878030130106,-0.049716236892679865,-0.05001265315486943,-0.061467746054082534,-0.03873144244730432,-0.06067425321334285
23.3,3.9008660645351014,-0.04702378456898747,-0.05812377589565965,-0.038228487432443996,-0.05471181764611554,-0.04946009774640565,-0.04986224617652186,-0.06129752087865818,-0.038685904057980156,-0.06038187234985269
23.32,3.904436423816538,-0.04696009104395933,-0.05805737201811165,-0.03826347695340207,-0.05455518805228093,-0.04921420190186287,-0.04971427970795941,-0.061130191520000855,-0.03864249288721874,-0.06009370947535625
23.34,3.908006783097975,-0.04689653113498778,-0.057991092433871384,-0.03829846647436015,-0.05439904669656412,-0.04897656444921333,-0.04956884599106889,-0.06096587063833811,-0.03860130639886531,-0.059809875395396984
23.36,3.9115771423794112,-0.04683310456177353,-0.05792493691028941,-0.038333455995318226,-0.05424345385727973,-0.04874549895347066,-0.04942602148550066,-0.06080465177694003,-0.038562426451659484,-0.05953045859756888
23.38,3.915147501660848,-0.04676981104460527,-0.057858905215151725,-0.03836844551627631,-0.05408843213276362,-0.04852019958336946,-0.04928586788780523,-0.060646610593761766,-0.038525920286299586,-0.059255527001096236
23.400000000000002,3.915826615063257,-0.0466783458248494,-0.05775866931912746,-0.03837510082761991,-0.05388129322375275,-0.04830052700564736,-0.049148416493114765,-0.060491785891138815,-0.03849182483969571,-0.05898509853362673
23.42,3.915714255512694,-0.04657932418413491,-0.05764922387441935,-0.0383739997040244,-0.05366799588155801,-0.04808644694150439,-0.04901361756548239,-0.06034011820354897,-0.03846009599828626,-0.058719050955965274
23.44,3.9156018959621313,-0.04648051027067595,-0.05753998328727141,-0.03837289858042889,-0.05346052582469711,-0.047877908604064816,-0.0488813831442607,-0.060191501691151866,-0.038430651279213655,-0.0584572167741805
23.46,3.915489536411568,-0.046381903648703024,-0.05743094717423579,-0.03837179745683337,-0.05325583328527819,-0.04767484621658859,-0.04875161992133322,-0.06004582400299083,-0.038403402661817077,-0.058199439149959
23.48,3.9153771768610057,-0.046283503883360756,-0.0573221151525824,-0.03837069633323786,-0.05305270542279116,-0.04747718045889452,-0.04862423436790416,-0.0599029724933682,-0.03837826170857753,-0.057945570595462556
23.5,3.9152648173104443,-0.04618531054070603,-0.057213486840297485,-0.03836959520964235,-0.05285065886415474,-0.04728481984284432,-0.04849913307366807,-0.05976283463318218,-0.038355139904180366,-0.05769546793100802
23.52,3.915152457759883,-0.04608732318770605,-0.057105061856082356,-0.03836849408604685,-0.052649499921118614,-0.04709766201791262,-0.04837622305798158,-0.05962529838740042,-0.0383339489672627,-0.05744899052024388
23.54,3.9150400982093214,-0.04598954139223642,-0.05699683981935205,-0.03836739296245135,-0.05244914994850831,-0.04691541862472558,-0.048255412054241165,-0.059490252560122976,-0.038314601135992075,-0.05720599978467762
23.56,3.91492773865876,-0.04589196472307926,-0.05688882035023395,-0.03836629183885585,-0.05224957599234691,-0.046736870540021,-0.048136608768665316,-0.059357587108680554,-0.03829700942862008,-0.05696635920513232
23.580000000000002,3.9148153791081985,-0.045794592749921294,-0.05678100306956646,-0.038365190715260344,-0.052050763249559276,-0.04655975046694617,-0.04801972311467072,-0.05922719342820339,-0.0382810878801475,-0.05672993449650195
23.6,3.9147030195576376,-0.04569742504335199,-0.05667338759889777,-0.038364089591664846,-0.05185270413144162,-0.0463817343014345,-0.04790466642401896,-0.059098964608081055,-0.03826675175622803,-0.05649659383229098
23.62,3.914590660007076,-0.04560046117486158,-0.05656597356048435,-0.03836298846806935,-0.05165539392063994,-0.046200690103057086,-0.047791351635895186,-0.05897279566171518,-0.03825391774542399,-0.056266208070902754
23.64,3.9144783004565147,-0.045503700716839256,-0.056458760577289775,-0.03836188734447384,-0.0514588290464716,-0.046014925034000315,-0.047679693465061415,-0.05884858373094483,-0.03824250413091185,-0.05603865096559407
23.66,3.9141229385307366,-0.04540476431803914,-0.0563488631028214,-0.03835840479760122,-0.05125857743097602,-0.04582398166963562,-0.04756960715287389,-0.05872622657180838,-0.03823242954391643,-0.055813796750397916
23.68,3.910322338830588,-0.0452723075641792,-0.0561982659819372,-0.038321158920539763,-0.05099691814410792,-0.045628023448829366,-0.04746098483283028,-0.058605593890765036,-0.03822358930553912,-0.05559147643460759
23.7,3.9065217391304388,-0.04514012867763957,-0.05604795074540951,-0.0382839130434783,-0.050745418847398256,-0.04542729642833231,-0.04735364420024761,-0.05848646508476507,-0.03821580399399349,-0.05537138868068361
23.72,3.9027211394302896,-0.04500822707551114,-0.055897916865613406,-0.03824666716641684,-0.050498511336926684,-0.045222125797186125,-0.04724739528967475,-0.058368610208842646,-0.038208886135838574,-0.05515324045709764
23.740000000000002,3.89892053973014,-0.04487660217610761,-0.05574816381591157,-0.03820942128935537,-0.050253982324220375,-0.045013589863897155,-0.04714206077962991,-0.058251814599786234,-0.038202660515956076,-0.05493677355742138
23.76,3.89511994002999,-0.044745253398962986,-0.05559869107065251,-0.0381721754122939,-0.0500109507966479,-0.04480449470725398,-0.04703747557381549,-0.05813587837179918,-0.03819696378487771,-0.05472175391508695
23.78,3.8913193403298383,-0.044614180164828925,-0.05544949810516851,-0.03813492953523241,-0.04976906480852576,-0.04459784217833717,-0.046933486374223884,-0.058020615902203934,-0.038191644057115524,-0.05450796696800572
23.8,3.887518740629687,-0.04448338189567228,-0.055300584395774025,-0.03809768365817093,-0.04952818251942079,-0.044396381491909116,-0.046829951248266916,-0.05790585530977478,-0.038186560502613,-0.05429521542335089
23.82,3.8837181409295356,-0.04435285801467247,-0.05515194941976368,-0.03806043778110945,-0.04928824553148482,-0.044202467078560986,-0.04672673919190856,-0.05779143792809847,-0.038181582933286405,-0.054083317974723225
23.84,3.879917541229384,-0.044222607946218934,-0.05500359265541051,-0.03802319190404796,-0.04904922859051149,-0.04401755392339898,-0.046623729690633664,-0.05767721777618447,-0.03817659138648219,-0.053872108398197414
23.86,3.8623953951595653,-0.043958301057413676,-0.05469259749472011,-0.03785147487256374,-0.04856103027005505,-0.04384248001932236,-0.04652073337714444,-0.05756296533471281,-0.03817139672136299,-0.053661287903316784
23.88,3.843786372603175,-0.04368390841725194,-0.05436927995011708,-0.037669106451511114,-0.04809040301654264,-0.04367790273662857,-0.046417262130116044,-0.05744808870197992,-0.03816551033159154,-0.053450018361392994
23.900000000000002,3.8251773500467814,-0.04341009139702203,-0.05404656758413541,-0.037486738030458454,-0.04763847940997906,-0.04352435677195241,-0.04631277084540471,-0.05733192673329015,-0.03815838554310396,-0.05323744249420578
23.92,3.806568327490391,-0.04313684878919054,-0.053724459264015256,-0.037304369609405835,-0.047194983695677296,-0.04338188265915735,-0.046206758267361016,-0.05721387131424797,-0.03814951843166905,-0.053022835135480326
23.94,3.768485136800904,-0.04267353279004398,-0.053171736823580076,-0.03693115434064886,-0.046400894690301425,-0.04324933780206165,-0.04609865916785017,-0.05709323660729751,-0.03813833998073876,-0.05280536110588112
23.96,3.69733772038754,-0.04188749931435068,-0.052227477001864205,-0.03623390965979789,-0.045058666887548,-0.04312536660413404,-0.045987335078803024,-0.056968641392635466,-0.038123706144739006,-0.052583139440860266
23.98,3.6261903039741763,-0.04110311477696514,-0.05128498462477573,-0.035536664978946926,-0.04382758232478742,-0.04300869416696319,-0.04587090295581816,-0.05683780111382668,-0.038103725128901686,-0.05235306571112815
24.0,3.555042887560812,-0.04032037571875026,-0.050344256384050934,-0.03483942029809596,-0.0426432689992791,-0.042898224433968485,-0.045747473645657226,-0.0566984232909204,-0.03807649506881203,-0.052112289655469386
24.02,3.483895471147448,-0.03953927868782552,-0.04940528897761844,-0.03414217561724499,-0.04148015424635648,-0.04279342207273576,-0.04561534150353691,-0.056548437488426875,-0.03804029383403981,-0.0518584124180789
24.04,3.3930269109720546,-0.03856675581927634,-0.048233929729399085,-0.03325166372752613,-0.03996863481924483,-0.04269426410341486,-0.04547286193541054,-0.056385846849323996,-0.03799345682716309,-0.051589145945340434
24.06,3.29901927738427,-0.037565542464863586,-0.04702749274861054,-0.03233038891836584,-0.038459319170615874,-0.04260080593954638,-0.045318103616223376,-0.0562083063214276,-0.03793402896493147,-0.05130165328593888
24.080000000000002,3.2050116437964693,-0.03656642945236404,-0.04582331394985067,-0.0314091141092054,-0.036985159585726006,-0.04251307881969149,-0.045149162180181855,-0.056013503024571254,-0.037860078095890204,-0.05099322074435752
24.1,3.111004010208685,-0.03556941237568805,-0.044621389106304775,-0.03048783930004511,-0.0355282631584505,-0.04243114561352135,-0.044964327034639436,-0.05579935857159388,-0.037769862046096433,-0.05066151988640718
24.12,3.0169963766209005,-0.03457448683798851,-0.04342171399906918,-0.029566564490884822,-0.03408151198413096,-0.042355259244003275,-0.04476208882040335,-0.05556403817031481,-0.03766183649418559,-0.050304557446522596
24.14,2.922988743033117,-0.0335816484516422,-0.04222428441713727,-0.028645289681724546,-0.03264206705774289,-0.04228569821042108,-0.04454112823369945,-0.05530593712278932,-0.03753464420418551,-0.049920626825820415
24.16,2.828981109445333,-0.03259089283823022,-0.041029096157384495,-0.027724014872564262,-0.03120878861169813,-0.042222700277550734,-0.04430030510175155,-0.05502366762897994,-0.03738710448873733,-0.04950827945288497
24.18,2.734973475857549,-0.03160221562851869,-0.03983614502455363,-0.02680274006340398,-0.02978121170799044,-0.042166095363015445,-0.044038647729037296,-0.0547160459156121,-0.03721820292033633,-0.04906630429784496
24.2,2.6409658422697655,-0.03061561246243955,-0.03864542683124004,-0.025881465254243702,-0.02835913943620133,-0.04211366203149329,-0.04375534252896067,-0.05438207970817067,-0.03702708130591595,-0.048593710899650026
24.22,2.580682245808945,-0.029961227775360175,-0.037857343301612466,-0.02529068600892766,-0.027557136744541105,-0.04206060396235861,-0.04344991787631396,-0.054021191251796746,-0.03681322206445123,-0.04809007510832584
24.240000000000002,2.5246595185362026,-0.02934992855858909,-0.03712132424107535,-0.024741663281654783,-0.026748501907353495,-0.04200193206419711,-0.04312280744677567,-0.0536339006260499,-0.0365770128762891,-0.04755653981515896
24.26,2.46863679126347,-0.0287399117232016,-0.03638668284471967,-0.024192640554382003,-0.02589721014296861,-0.041933082491010396,-0.04277477134784082,-0.0532211239383277,-0.036319169107185335,-0.046994566877836964
24.28,2.4126140639907376,-0.028131174579022377,-0.03565341653386397,-0.023643617827109227,-0.02503098033329694,-0.041849983821062704,-0.04240660801106197,-0.05278382399474252,-0.03604044608343331,-0.04640548672794493
24.3,2.3730052085443787,-0.027684401604844054,-0.03511640483485107,-0.02325545104373491,-0.024459972098238712,-0.04174933078331592,-0.04201921916169741,-0.05232308910569229,-0.03574170421023475,-0.04579073012873318
24.32,2.361811514850687,-0.027516742267195034,-0.03491777186417427,-0.02314575284553673,-0.024363644877677795,-0.041628421497597975,-0.04161403670416045,-0.05184065084230127,-0.03542433652245241,-0.04515264949012422
24.34,2.3506178211569946,-0.027349434644724883,-0.034719510690294046,-0.023036054647338548,-0.024176076342562063,-0.04148489064801928,-0.04119317082827943,-0.05133906380519472,-0.03509041805981226,-0.044494690750311296
24.36,2.3394241274633023,-0.027182477999606717,-0.03452162061728938,-0.022926356449140362,-0.023952838707896402,-0.04131664339787535,-0.040758772320218295,-0.05082093241754841,-0.034742068932415604,-0.04382012452092954
24.38,2.32823043376961,-0.027015871595561455,-0.034324100950541885,-0.022816658250942177,-0.023715998085527143,-0.041122459816012605,-0.04031286489909813,-0.05028870759223319,-0.03438128656650476,-0.04313187124496116
24.400000000000002,2.3259389746138224,-0.026936765056421796,-0.03423264733587548,-0.022794201951215457,-0.0236365674229499,-0.040903782835067716,-0.03985739975930251,-0.04974475284501434,-0.034010000037217034,-0.04243270209686717
24.42,2.325826615063259,-0.026879157235590534,-0.03416723737822529,-0.022793100827619938,-0.023571820403840295,-0.040662809501375456,-0.03939441642265357,-0.04919153935584938,-0.03363023093741278,-0.041725563499096875
24.44,2.3257142555126964,-0.026821670264246655,-0.03410194985348558,-0.022791999704024422,-0.023491614704070147,-0.040401682421842826,-0.03892591321284439,-0.04863148890290919,-0.03324396390154596,-0.04101330298589711
24.46,2.3256018959621336,-0.026764303888872507,-0.03403678453248915,-0.02279089858042891,-0.023405475934780793,-0.040122391412664736,-0.03845375738316642,-0.04806686485274178,-0.03285305655247654,-0.04029852333554091
24.48,2.326337621421326,-0.02671536036888869,-0.03398181051015246,-0.022798108689928993,-0.02333264325196502,-0.03982654482004338,-0.037979682177216284,-0.047499768558524336,-0.032459236283842174,-0.03958360974207813
24.5,2.329907980702763,-0.026694269785934994,-0.033960595028885106,-0.022833098210887075,-0.023308569948729096,-0.03951526232048591,-0.037505322259156,-0.04693218229234243,-0.03206413544611283,-0.03887080972560192
24.52,2.3334783399841994,-0.026673223446733303,-0.033939419258285836,-0.022868087731845153,-0.02327598385842617,-0.03918953546435726,-0.037032249123909206,-0.04636601216291795,-0.031669326586963885,-0.0381622953142257
24.54,2.337048699265636,-0.026652221258469222,-0.03391828312402513,-0.02290307725280323,-0.023240104186379847,-0.03885032497657736,-0.036561917789695406,-0.04580302344592424,-0.03127626895516262,-0.03746005298453287
24.560000000000002,2.340619058547073,-0.026631263128523066,-0.03389718655191255,-0.022938066773761315,-0.02320300319907441,-0.038498539503644305,-0.03609565559721024,-0.04524482696684881,-0.030886297043382357,-0.03676587288120768
24.580000000000002,2.34178167124303,-0.02658677780631023,-0.03384754226334879,-0.022949460378181696,-0.023121619819719295,-0.03813496928604217,-0.03563465417102931,-0.04469286931600549,-0.030500612273040077,-0.03608134102381645
24.6,2.3416693116924687,-0.026529904187522258,-0.03378285313684675,-0.022948359254586194,-0.023023327472912167,-0.03776033075171138,-0.03517992867529736,-0.04414838339577513,-0.03012024192218516,-0.03540776864089504
24.62,2.3415569521419073,-0.026473149878015148,-0.03371828509401942,-0.022947258130990692,-0.022931099224590475,-0.037375312748640636,-0.0347323483635837,-0.043612425422627776,-0.02974606933687658,-0.03474626221353446
24.64,2.341444592591346,-0.026416514627502306,-0.033653837908225036,-0.022946157007395187,-0.02284147989881558,-0.03698060766836247,-0.034292680489316926,-0.043085928141380035,-0.02937887758132742,-0.03409780253576056
24.66,2.3407362857393554,-0.026354164030675555,-0.03358243566367462,-0.022939215600245682,-0.022742234900730157,-0.036577182141360846,-0.03386159957032068,-0.04256971203286599,-0.02901935849797157,-0.03346324935507771
24.68,2.333241912145957,-0.026225510558421847,-0.033430596015155745,-0.02286577073903038,-0.02252158134810149,-0.03616677612307301,-0.033439643597931695,-0.04206443217835622,-0.02866806867584044,-0.03284325250836684
24.7,2.325747538552559,-0.026097126974977444,-0.03327904057672908,-0.022792325877815076,-0.02232008940105719,-0.03575120769344703,-0.03302711974897696,-0.041570463868866134,-0.028325334776797453,-0.032238085324943246
24.72,2.3182531649591613,-0.02596901271417053,-0.03312776881641648,-0.02271888101659978,-0.022126636558143564,-0.035332164839749755,-0.03262424111727713,-0.04108806837018935,-0.02799138992594931,-0.03164792817393904
24.740000000000002,2.3107587913657617,-0.025841167211016976,-0.03297678020323548,-0.022645436155384464,-0.02193680434863558,-0.03491128623038748,-0.032231171109776045,-0.04061744674078151,-0.027666417956833417,-0.03107292636452364
24.76,2.287957147181135,-0.025563736051537896,-0.03264433079694901,-0.022421980042375122,-0.021469845738534027,-0.03449044968794121,-0.031847938901749674,-0.040158637281745554,-0.027350468673481322,-0.03051301116685467
24.78,2.250711864162265,-0.025145487746671098,-0.032141014162225895,-0.022056976268790197,-0.02078149740375309,-0.03407172108613231,-0.03147411072630619,-0.03971111683841916,-0.027043128512765448,-0.02996730196685915
24.8,2.213466581143396,-0.024728116841652235,-0.031638639624435715,-0.02169197249520528,-0.02014907610903699,-0.03365705658353474,-0.031108848064524693,-0.03927387124672673,-0.02674357782348031,-0.029434308388800717
24.82,2.176221298124527,-0.024311621495874944,-0.031137205420182276,-0.021326968721620362,-0.019540219455934097,-0.033248239177295864,-0.030751274313279175,-0.03884583991881662,-0.02645095706932314,-0.028912635269141125
24.84,2.138976015105657,-0.023895999872594064,-0.030636709789370088,-0.020961964948035438,-0.018942070920195182,-0.03284674597809895,-0.03040056067407483,-0.038426019999421086,-0.026164452727968267,-0.028401053860184735
24.86,2.090754634407464,-0.02337379724668598,-0.03000683163370791,-0.020489395417193145,-0.018149469253337523,-0.03245335403179342,-0.030055862001732176,-0.038013388576420275,-0.025883233172758455,-0.027898324233175398
24.88,2.0422599294150343,-0.022850014328096857,-0.029374887287355426,-0.020014147308267335,-0.017384629511273553,-0.03206859943656867,-0.02971613556811294,-0.037606682872642315,-0.025606267211738105,-0.027402851861692456
24.900000000000002,1.9937652244225958,-0.022327330199503375,-0.02874412580043843,-0.019538899199341438,-0.01663519946517175,-0.03169294121244479,-0.029380343324710623,-0.0372046454971052,-0.025332526147769603,-0.02691311033045735
24.92,1.945270519430166,-0.021805742555867872,-0.028114544958907053,-0.019063651090415627,-0.01589357129032542,-0.031326735684069296,-0.029047520377815245,-0.03680610749382274,-0.02506105233544945,-0.02642773328378689
24.94,1.8984551457264747,-0.021301689275388443,-0.027506081273709113,-0.01860486042811945,-0.015187325043324287,-0.03097009261637975,-0.02871678352476425,-0.036409998715198344,-0.02479096787995038,-0.025945497866060714
24.96,1.8537159167015287,-0.020819018265407722,-0.026923406588433663,-0.01816641598367498,-0.014518019902402117,-0.03062284387171961,-0.02838736772326559,-0.036015392075073184,-0.024521511316201856,-0.025465377336691533
24.98,1.8089766876765827,-0.020337359801002996,-0.02634182254073309,-0.01772797153923051,-0.01384444906834872,-0.030284752785676355,-0.02805862525850052,-0.03562150257143121,-0.02425203702325479,-0.024986523567638537
25.0,1.7642374586516367,-0.019856711758059652,-0.025761327089176136,-0.01728952709478604,-0.013170723672899065,-0.029955570348950897,-0.027729973745808646,-0.035227624256382886,-0.02398196341873802,-0.024508163952109058
25.02,1.7194982296266905,-0.019377072016919045,-0.02518191819615264,-0.016851082650341565,-0.012498470473241007,-0.02963474383025039,-0.027400881351528177,-0.03483311233017743,-0.02371075830136831,-0.024029585139489242
25.04,1.6713219566465005,-0.01886479077404601,-0.024562785763105437,-0.016378955175135705,-0.01176568600770143,-0.02932051583963067,-0.027070844744320546,-0.03443735641462905,-0.02343791688527288,-0.02355010031268374
25.060000000000002,1.622827251654062,-0.018350466833646068,-0.023941031461276657,-0.015903707066209808,-0.011038596211636957,-0.029010684215287432,-0.02673932908720112,-0.034039707783273726,-0.023162901788844555,-0.0230689466008842
25.080000000000002,1.5743325466616325,-0.01783722184023021,-0.023320440945383873,-0.015428458957283998,-0.010318543460578325,-0.02870314128589311,-0.02640582571574655,-0.03363954930537574,-0.0228852007073706,-0.022585412106983477
25.1,1.5258378416692027,-0.01732505353038709,-0.022701012037078225,-0.014953210848358186,-0.00960291341488965,-0.028395958716668033,-0.026069876169300364,-0.033236324598528245,-0.022604350524442263,-0.02209887305298367
25.12,1.487462260686826,-0.01691302300781589,-0.022202887044761137,-0.014577130154730894,-0.00907509322646681,-0.02808752120264319,-0.025731129627406146,-0.03282960770183451,-0.022319994914145238,-0.02160889122405366
25.14,1.465137204253415,-0.016658986937683938,-0.021896262505321028,-0.014358344601683466,-0.008815865773481927,-0.027776738837360777,-0.025389597196460226,-0.03241941150562156,-0.022032139120851228,-0.02111566817164866
25.16,1.4428121478200042,-0.01640548378354163,-0.021590211898904862,-0.01413955904863604,-0.008505750250036333,-0.027462710146737332,-0.02504571878347958,-0.032006268955629046,-0.02174121766327421,-0.02062009386679082
25.18,1.420487091386593,-0.016152512427439637,-0.021284734151237505,-0.013920773495588611,-0.008176208686312813,-0.02714461819518625,-0.0246999970885272,-0.03159078927494256,-0.021447728842934725,-0.02012301674632009
25.2,1.3981620349531823,-0.01590007175377388,-0.020979828190054648,-0.013701987942541186,-0.007839731992634241,-0.026821642845887242,-0.02435290211084434,-0.03117354216559461,-0.021152139281853805,-0.019625144005656684
25.22,1.3727325401681754,-0.01561776907575603,-0.02063863391072295,-0.013452778893648118,-0.007444695891215972,-0.026492636770367704,-0.024004854332177274,-0.030755037404005828,-0.020854867019544362,-0.019127066768758774
25.240000000000002,1.3466858534211847,-0.015330016476554666,-0.020290750343603788,-0.01319752136352761,-0.0070466519795100305,-0.0261561612596163,-0.02365617172663746,-0.030335660560493877,-0.020556228363225452,-0.01862918841224452
25.26,1.320639166674199,-0.015042867523761105,-0.019943517937243128,-0.01294226383340715,-0.006654389497690679,-0.025810840793183045,-0.023307119598280898,-0.02991573341419406,-0.020256487562483404,-0.018131842320650376
25.28,1.294592479927213,-0.014756320951047952,-0.01959693547281261,-0.012687006303286688,-0.006265306964316395,-0.02545544227182607,-0.02295794161711064,-0.02949555157905887,-0.019955887767266405,-0.01763534639264838
25.3,1.2674832571468706,-0.014459973567463813,-0.019238386230494287,-0.012421335920039332,-0.0058590021540202925,-0.025089146797787454,-0.022608858032786675,-0.029075382331371163,-0.019654649194286628,-0.017139990184605134
25.32,1.2377093309976623,-0.01413816116799539,-0.018848870057141157,-0.01212955144377709,-0.005408683824794719,-0.024712389288207473,-0.0222600336900393,-0.028655425812151823,-0.01935293705965528,-0.016645972088826934
25.34,1.2079354048484543,-0.013817023865465967,-0.018460082971537024,-0.011837766967514853,-0.0049681654818009595,-0.024326094660064877,-0.021911555435371932,-0.028235787610609513,-0.019050838845503845,-0.016153364565853215
25.36,1.1781614786992463,-0.013496560243659519,-0.018072023608991575,-0.011545982491252613,-0.00453252669515475,-0.023931199773451546,-0.02156348946814144,-0.027816548298319272,-0.018748421547507808,-0.015662229942609976
25.38,1.148387552550038,-0.013176768889330953,-0.017684690607368908,-0.011254198014990372,-0.004099809787422842,-0.023528569841746578,-0.021215897504114786,-0.027397783026752005,-0.018445747812061986,-0.01517263885030601
25.400000000000002,1.1241214028990083,-0.012911567966513552,-0.017363476504557798,-0.011016389748410281,-0.003769618541688633,-0.023118840269658242,-0.020868868593679587,-0.026979600115278488,-0.01814290777849636,-0.014684720537468337
25.42,1.1017963464655998,-0.012665926134932998,-0.017065910266617343,-0.010797604195362877,-0.0034619898894502725,-0.022702251389183067,-0.02052262003046866,-0.02656226344105644,-0.017840120151094454,-0.014198838683063472
25.44,1.0794712900321912,-0.012420799609937474,-0.016768901006572638,-0.010578818642315474,-0.0031449113279224095,-0.022278963495085558,-0.02017742476204015,-0.02614610443749233,-0.017537659802838824,-0.013715424418576223
25.46,1.057146233598783,-0.012176187310518605,-0.0164724476818848,-0.010360033089268071,-0.002824815930324407,-0.02184914695642433,-0.019833542395313968,-0.025731438432475842,-0.017235788825251102,-0.013234854482074966
25.48,1.0355156959114487,-0.011938887300049382,-0.016184795281501175,-0.010148053819932196,-0.0025169138725566298,-0.021412881502801764,-0.019491212655390427,-0.025318556711410728,-0.016934749952324638,-0.01275746005179093
25.5,1.0169066733550576,-0.011731664875366797,-0.015933555788478486,-0.009965685398879563,-0.0022627812511254288,-0.020969805569489117,-0.0191506851833189,-0.02490776265049854,-0.01663479634783992,-0.012283592337387702
25.52,0.9982976507986664,-0.011524877161170281,-0.015682786559976136,-0.00978331697782693,-0.0020008048967959185,-0.020519248301676535,-0.018812256646020115,-0.024499416726413113,-0.016336228775089463,-0.011813687740353076
25.54,0.9796886282422752,-0.011318523245525675,-0.015432486715763409,-0.009600948556774297,-0.001736321718121025,-0.020060553876997768,-0.018476210521291846,-0.024093863500054533,-0.016039335417389933,-0.011348144242543098
25.560000000000002,0.9610796056858809,-0.011112602218411843,-0.01518265537725714,-0.009418580135721633,-0.0014714487555833975,-0.019593147902815574,-0.01814280050166544,-0.02369141148490796,-0.01574437523680946,-0.010887301990430292
25.580000000000002,0.9377777208910629,-0.010861171377547699,-0.014877573256979486,-0.009190221664732417,-0.0011214921621889196,-0.01911711589860359,-0.01781222505372208,-0.02329230228416282,-0.015451552444212787,-0.010431404952995316
25.6,0.9117310341440741,-0.010583397152552625,-0.014540473115636223,-0.008934964134611926,-0.0007347642114419008,-0.018634891733754815,-0.017484536810746746,-0.02289660068645839,-0.015160925680769727,-0.009980442669455246
25.62,0.8856843473970851,-0.01030620564136639,-0.01420400395087378,-0.008679706604491433,-0.0003613437596936265,-0.018149456426540138,-0.017159688290740268,-0.022504250072816458,-0.014872453477737985,-0.009534263841255133
25.64,0.8596376606500962,-0.010029595621573986,-0.013868164581644166,-0.008424449074370942,5.962237183523382e-06,-0.01766359991905487,-0.016837612927187204,-0.022115170663646967,-0.014586075162101055,-0.009092726471772375
25.66,0.833285819317167,-0.009750578496226377,-0.013529330724992874,-0.008166201029308236,0.0003755750936098897,-0.017179943051392907,-0.016518240251919544,-0.021729277927388456,-0.014301726015302009,-0.008655704301709227
25.68,0.80351189316796,-0.009438645449456568,-0.013150500635330594,-0.007874416553046009,0.0008046314887746538,-0.01670119680380717,-0.01620147166064497,-0.021346453187801817,-0.01401931300512318,-0.008223028984126562
25.7,0.7737379670187531,-0.009127366774753823,-0.012772379631442454,-0.00758263207678378,0.0012225974163869394,-0.016230241300331856,-0.015887130904813168,-0.020966483572614353,-0.013738665166464888,-0.0077943993584492065
25.72,0.743964040869546,-0.008816741099378684,-0.012394966386077408,-0.007290847600521551,0.0016352245875343827,-0.015769781772472624,-0.015575031054656685,-0.02058914320536119,-0.013459600471669159,-0.00736951998429825
25.740000000000002,0.7141901147203338,-0.00850676705347136,-0.012018259574468648,-0.006999063124259271,0.002044800588027716,-0.015322267158413071,-0.0152649949085759,-0.02021421795514299,-0.013181946238911493,-0.006948126831601268
25.76,0.6864147690838338,-0.008217008808065196,-0.011665987045109304,-0.006726864737021571,0.002415811162071161,-0.014889552017511428,-0.014956866300835587,-0.01984151915341567,-0.012905550472203807,-0.006529997996902042
25.78,0.6603680823368485,-0.007944781498166726,-0.01133489827972964,-0.006471607206901115,0.0027588548731414743,-0.014471861067781873,-0.014650552350818465,-0.01947093483993135,-0.012630324199200554,-0.006115025214991007
25.8,0.6343213955898631,-0.0076731252657777855,-0.011004429238970366,-0.006216349676780658,0.003107042215851456,-0.014068795845287073,-0.01434601351200409,-0.01910241771152622,-0.012356231642624126,-0.0057031811553408425
25.82,0.6082747088428777,-0.00740203891289395,-0.010674578762844658,-0.005961092146660202,0.0034564719865617798,-0.013679886690237848,-0.01404321884797127,-0.01873593089532891,-0.01208324556129225,-0.005294433099449333
25.84,0.5822280220958923,-0.007131521244023966,-0.010345345693536935,-0.0057058346165397445,0.003805598001876705,-0.013304607405795062,-0.013742135887168232,-0.018371435646963762,-0.01181133711231313,-0.004888734732860035
25.86,0.5708430463822203,-0.007005105070857294,-0.010190807549150123,-0.0055942618545457585,0.003886584454465704,-0.012942123619968906,-0.01344281516472973,-0.01800899388283674,-0.011540560478478762,-0.004486190485124193
25.88,0.5596493526885277,-0.006880826689982528,-0.010038829759594324,-0.005484563656347571,0.004001909082195411,-0.012591094287445488,-0.013145630047714442,-0.017649059064013182,-0.01127129311972102,-0.004087482156119524
25.900000000000002,0.5484556589948331,-0.006756809019865468,-0.009887136438700045,-0.0053748654581493634,0.004132435589742567,-0.012250128882352685,-0.012851002356567899,-0.017292143517188052,-0.011003961784323302,-0.003693285890667474
25.92,0.5372619653011406,-0.006633051513588036,-0.009735727054005196,-0.005265167259951177,0.004268679047900466,-0.011917915276417518,-0.012559312727297897,-0.01693870973462958,-0.010738952878695432,-0.003304149603246786
25.94,0.5213448791969824,-0.006463312949460003,-0.00952852017840031,-0.005109179816130427,0.004492962811851094,-0.011593327693245723,-0.012270874429373236,-0.016589138608908226,-0.01047658617128421,-0.0029204857538340213
25.96,0.4990198227635739,-0.006231198244960607,-0.009245619238237163,-0.004890394263083023,0.00482193863372708,-0.011275795918056762,-0.011985821775378998,-0.016243594076976,-0.010217002943548117,-0.00254238715131213
25.98,0.47669476633016533,-0.005999570469885815,-0.008963247825790093,-0.00467160871003562,0.005128608833524643,-0.0109651131884259,-0.011704097397472742,-0.015902007639784034,-0.009960152877239656,-0.002169642586461531
26.0,0.45436970989675685,-0.005768428602756768,-0.008681404949900851,-0.0044528231569882165,0.005425756747591391,-0.010661123735101264,-0.011425603399616464,-0.015564261627767945,-0.009705944962873787,-0.0018020375173685174
26.02,0.4320446534633483,-0.005537771624237454,-0.008400089621266404,-0.0042340376039408135,0.005718461265380004,-0.010363656937836281,-0.011150240380147032,-0.015230236516517084,-0.009454286478177205,-0.0014393941918095679
26.04,0.39671186416227744,-0.005180256490952812,-0.00796485988159863,-0.003887776268790319,0.006245821113900694,-0.01007243529692421,-0.010877833095558773,-0.014899720771123517,-0.009205008570628765,-0.0010814099471023397
26.060000000000002,0.3594665811434043,-0.004804768579036162,-0.007507737734105946,-0.003522772495205362,0.00677183682223394,-0.009786861251016804,-0.010607908289968349,-0.014572141376042526,-0.008957643694295785,-0.0007272542274465472
26.080000000000002,0.3222212981245378,-0.00443006836436302,-0.0070514712177278645,-0.0031577687216204704,0.0072773286318156445,-0.00950628881329138,-0.010339910347229255,-0.014246825297331265,-0.00871164086263651,-0.0003760338753594043
26.1,0.2849760151056713,-0.004056154194504764,-0.006596058730912928,-0.0027927649480355785,0.007773550522371389,-0.009230107291729722,-0.010073314358573457,-0.013923136589252939,-0.00846647866194779,-2.6971674293704758e-05
26.12,0.23896320352724676,-0.0035971927953651426,-0.006037401701687628,-0.002341839394567018,0.008424773035093864,-0.008957690515906006,-0.009807585576886218,-0.01360042722894788,-0.008221624727537461,0.0003207119783842653
26.14,0.175389607169127,-0.002967279087072281,-0.005271290942653073,-0.0017188181502574445,0.009369734031768941,-0.008688191540026282,-0.009541934177280421,-0.013277739686551568,-0.007976290226046658,0.0006682618534866617
26.16,0.11181601081100712,-0.002338686809578867,-0.004506614172774798,-0.0010957969059478697,0.010256172202136826,-0.008420528023198176,-0.009275194011081594,-0.012953659807848225,-0.007729307946418608,0.00101755043302794
26.18,0.04824241445288735,-0.001711413190791942,-0.0037433687079436503,-0.000472775661638296,0.011117440690660648,-0.008153639058048041,-0.009006205126701724,-0.01262678063452324,-0.0074795144322800005,0.0013703078450306686
26.2,-0.015331181905232416,-0.0010854554644338288,-0.002981551869074535,0.00015024558267127768,0.011966791623697716,-0.007886547372124124,-0.00873391424655544,-0.012295824265307773,-0.007225850577408745,0.0017280136580930228
26.22,-0.09131706407067364,-0.00033929810218037064,-0.002073789761463094,0.0008949072278926016,0.01303572151713348,-0.007618493969293199,-0.00845729833943087,-0.011959549194048786,-0.0069672853418431225,0.0020920973946420857
26.240000000000002,-0.1700613563081257,0.0004322980282627156,-0.0011349761464697072,0.0016666012918196316,0.014117379774888686,-0.007349357257682256,-0.00817514185109434,-0.01161648014283394,-0.0067025928120141385,0.0024643560955677317
26.26,-0.24880564854556386,0.0012022755070108697,-0.00019791978201473136,0.0024382953557465256,0.01517450354587181,-0.007079285603743307,-0.007886222002312895,-0.011265132739998835,-0.006430537289100736,0.0028465508846175916
26.28,-0.3275499407830018,0.0019706377296661547,0.0007373826210846473,0.003209989419673418,0.01621951530097402,-0.006808448878368978,-0.0075894291770264655,-0.010904159526072536,-0.006149993788481257,0.0032402089493273217
26.3,-0.40388568386776047,0.0027138090696420683,0.0016423376124165515,0.003958079701904053,0.017213458767959766,-0.006536981419018509,-0.00728379061775856,-0.010532378723318598,-0.005859971997675713,0.003646622015354004
26.32,-0.47503310028113277,0.003404629136500311,0.002483997663243234,0.004655324382755101,0.018114044310160254,-0.006264824389087393,-0.006968532826131566,-0.01014884995343369,-0.005559679029807575,0.004066753595061683
26.34,-0.5461805166945051,0.004094000003410678,0.003324082313421999,0.00535256906360615,0.019026634982717287,-0.005991554047155375,-0.006643113866907657,-0.009752913471143078,-0.005248552180019898,0.004501205050119481
26.36,-0.6173279331078774,0.00478192471049981,0.004162594511752897,0.006049813744457198,0.019941898027672322,-0.005716699609701581,-0.006307104608819252,-0.009344046196420347,-0.004926140527847614,0.004950456033792394
26.38,-0.6884753495212497,0.005468406291516778,0.004999537201516483,0.006747058425308246,0.020856135229209063,-0.005439834058485411,-0.005960152362750231,-0.008921817645904016,-0.004592068774093801,0.005414908415983304
26.400000000000002,-0.7382568724141159,0.005944281718572066,0.0055812358063719635,0.007234917349658335,0.02137847041376158,-0.005160307793400144,-0.0056020987294186034,-0.008486032880251728,-0.00424615537282425,0.005894647871173777
26.42,-0.7829961014390601,0.006369796224799409,0.006101978384124141,0.007673361794102789,0.021862648079649064,-0.004876318952596949,-0.005233351309148953,-0.008037183368820667,-0.0038887850395804284,0.006388775952497931
26.44,-0.8277353304640043,0.006794418088166725,0.006621746247449059,0.008111806238547242,0.022380181292421832,-0.004585271545748297,-0.0048545563679675136,-0.00757605015288549,-0.0035205822622528314,0.006896128849860454
26.46,-0.8724745594889485,0.007218149181257119,0.0071405412207956,0.008550250682991695,0.022909732436223854,-0.0042846331011692175,-0.004466373193688136,-0.007103430248907474,-0.003142185921355887,0.007415654098588167
26.48,-0.907918214879041,0.007549990335635672,0.007547998666164616,0.008897598505814602,0.02327341136049445,-0.003972110263599564,-0.004069496358842249,-0.006620163652342383,-0.0027542716036879312,0.007946291845358791
26.5,-0.9191119085727353,0.007643735087688192,0.007666773351002028,0.009007296704012806,0.02322001325279692,-0.0036457844323819176,-0.0036649456384239736,-0.00612748496048493,-0.002357841898694407,0.008486410375886173
26.52,-0.9303056022664293,0.00773728318232396,0.0077853257160141525,0.009116994902211007,0.02324005255980188,-0.0033045344435869545,-0.003254283817716366,-0.005627287619539426,-0.0019544451179975384,0.0090334684411579
26.54,-0.9414992959601234,0.007830635032090225,0.007903656177334321,0.009226693100409208,0.023289098845277346,-0.0029475910348657716,-0.0028391022427520663,-0.005121500146267254,-0.0015456614458175132,0.009585058729945925
26.560000000000002,-0.9526929896538194,0.007923791048668813,0.008021765150316967,0.00933639129860743,0.023349508960508438,-0.0025743183512479052,-0.0024208790719195206,-0.004611914221930329,-0.001132961101668368,0.010139068871215358
26.580000000000002,-0.9586056971514221,0.007965052281485155,0.008076951836084059,0.009394335832083937,0.023318025810965752,-0.002184400179817082,-0.00200101374949044,-0.0041002264700889515,-0.0007177386124012732,0.010693538483040025
26.6,-0.962406296851571,0.00798555001859861,0.008106958143019437,0.009431581709145395,0.023263663800118864,-0.0017791657567523603,-0.0015809292070797529,-0.0035881623846441804,-0.00030141495571392674,0.011246446675487442
26.62,-0.9662068965517199,0.008006004755630014,0.008136908284813867,0.009468827586206855,0.023221131080635803,-0.0013629653109054345,-0.0011620103727443913,-0.0030774017591197497,0.00011462394601527976,0.011795844941263853
26.64,-0.9700074962518688,0.00802641658278479,0.008166802366596011,0.009506073463268313,0.02318337494967858,-0.0009405363345053187,-0.0007455372984797459,-0.002569497572246561,0.0005290942482789832,0.012339972533774711
26.66,-0.972741719896034,0.008036346070063033,0.008183979397391286,0.009532868854981133,0.0231281586113487,-0.0005162524041748464,-0.0003326837418605838,-0.002065874238312213,0.0009408158245294588,0.01287723752433848
26.68,-0.9691713606145975,0.007984534643396522,0.008126269886703685,0.009497879334023055,0.02296173275565314,-9.384175330329746e-05,7.542411670328122e-05,-0.0015678987899155968,0.0013486537104665354,0.013406098377462141
26.7,-0.9656010013331608,0.007932831906561742,0.008068668395400437,0.009462889813064977,0.022813648162343596,0.00032454968974744697,0.000477620241502676,-0.0010769869028042747,0.0017514306796491113,0.013924913114174858
26.72,-0.9620306420517244,0.007881237631549543,0.008011174721293257,0.009427900292106899,0.022673156586467052,0.000737693210971067,0.0008728194097580459,-0.0005944565592656749,0.0021480479547739883,0.014432192036301274
26.740000000000002,-0.9584602827702873,0.007829751590829078,0.007953788662572292,0.009392910771148816,0.022535988632222215,0.0011445871123745522,0.001260049201244333,-0.00012148922822381965,0.002537517400608766,0.014926636182910001
26.76,-0.9548899234888515,0.007778373557346848,0.007896510017805471,0.009357921250190745,0.0224004477190389,0.0015444935367491838,0.0016384441760313184,0.000340863104969963,0.002918955932502034,0.01540710942775062
26.78,-0.9513195642074166,0.007727103304525637,0.00783933858593773,0.009322931729232682,0.022265858959425306,0.0019383037008634202,0.0020072401567498782,0.0007916710338609326,0.003291580017302526,0.015872622450096338
26.8,-0.9477492049259817,0.007675940606263538,0.007782274166290323,0.00928794220827462,0.022131953194022606,0.002330595732800062,0.002365768626609515,0.0012301209649753532,0.0036547002781438923,0.016322321539808532
26.82,-0.9441788456445468,0.007624885236932966,0.007725316558560147,0.009252952687316558,0.02199862238622112,0.0027264578553470023,0.0027134512530799185,0.0016555085027224283,0.004007716213261326,0.01675547944826685
26.84,-0.9406084863631119,0.007573936971379662,0.00766846556281902,0.009217963166358496,0.021865822487087346,0.003130552033126779,0.0030497945459092833,0.002067231995669501,0.00435011103778578,0.017171487183849067
26.86,-0.9370381270816734,0.007523095584921658,0.007611720979512941,0.0091829736454004,0.02173353486211321,0.003546727523881804,0.003374384656983033,0.0024647862533307085,0.004681446656309423,0.01756984631964317
26.88,-0.9334677678002348,0.007472360853348388,0.007555082609461508,0.0091479841244423,0.02160175097340583,0.003976221604363671,0.0036868823284267665,0.00284775644127736,0.005001358772930722,0.01795016164585734
26.900000000000002,-0.9298974085187957,0.0074217325529196,0.0074985502538570965,0.009112994603484198,0.021470466296827136,0.004417108918401904,0.003987017994324733,0.003215812161127791,0.005309552144467426,0.018312134103717008
26.92,-0.9263270492373572,0.007371210460364423,0.007442123714264231,0.0090780050825261,0.02133967790641777,0.004866938239352418,0.0042745870404581505,0.003568701720803034,0.005605795981568983,0.018655553978296883
26.94,-0.927350736016084,0.007365768764609547,0.0074403479574695845,0.009088037212957622,0.0212931147451176,0.005323426899985359,0.004549471642637207,0.0039062786380826406,0.005889945946385372,0.018980343525222425
26.96,-0.9348451096094814,0.007423684678425558,0.00751540206789303,0.009161482074172918,0.021352765003472256,0.005784615637484401,0.004811748293310896,0.004228632073234396,0.00616205197437847,0.019286752001455718
26.98,-0.9423394832028789,0.007481479096437799,0.007590315693694361,0.009234926935388212,0.021390708123589747,0.0062493569101979285,0.005061701802107183,0.004536103862244432,0.006422372697632853,0.019575350777635933
27.0,-0.9498338567962763,0.007539152273519748,0.007665089097829581,0.009308371796603508,0.021419977324292506,0.006716892335081381,0.005299671647589466,0.00482910222860127,0.00667122207269123,0.01984673096620217
27.02,-0.9573282303896737,0.007596704464010208,0.007739722542762501,0.009381816657818802,0.021445748420265358,0.007186553291216494,0.005526010621702243,0.005108051641924135,0.006908928096366329,0.020101460776870254
27.04,-0.9585554074086513,0.007592781839618942,0.00773980578917184,0.009393842992604783,0.02135585085308332,0.007657772714514207,0.005741046492112341,0.005373346325344352,0.007135794455771609,0.020340038774823804
27.060000000000002,-0.9586677669592127,0.007577953696351015,0.007726652638375843,0.009394944116200284,0.021261670181083388,0.00813046360354427,0.0059449714906845575,0.005625216219588831,0.007351989848168194,0.02056270816229806
27.080000000000002,-0.9587801265097742,0.007563156659510775,0.0077135241073562864,0.009396045239795786,0.021176965252683432,0.008605477805944724,0.0061379408737452755,0.00586384647997005,0.0075576463601278055,0.020769677843565804
27.1,-0.9588924860603356,0.007548390663843257,0.007700420150030412,0.009397146363391288,0.02109620180580868,0.009083806374398757,0.006320129019227501,0.00608944550100547,0.007752915545951791,0.020961215598211277
27.12,-0.9600224887556159,0.007543618082826924,0.007699423209858945,0.009408220389805036,0.021035729056168642,0.009566348300876737,0.006491739278048806,0.006302256869363026,0.007937978329552002,0.02113764698732247
27.14,-0.9638230884557664,0.00756499990314531,0.00773013616651804,0.00944546626686651,0.021022094670939784,0.010053734780897286,0.006653033322485954,0.0065025949655409445,0.008113074444495267,0.021299399612196984
27.16,-0.9676236881559166,0.0075863368687549525,0.0077607916353448735,0.009482712143927983,0.021000775834493318,0.0105456664970423,0.006804352890269616,0.0066908713510735515,0.00827852432341226,0.021447031578635582
27.18,-0.971424287856067,0.007607629073751909,0.007791389723943904,0.009519958020989457,0.02097646547105446,0.011041064936504912,0.006946060929383754,0.006867523410487032,0.008434670349114734,0.021581111248796876
27.2,-0.9752248875562175,0.007628876612034838,0.007821930539718169,0.00955720389805093,0.020951026957515165,0.011538776780669476,0.0070785238708307744,0.007032992857259418,0.008581859153282106,0.021702195639144627
27.22,-0.973819564207415,0.007599115062895266,0.00779060420207533,0.009543431729232667,0.02083031671275755,0.01203773455397879,0.007202080145707859,0.007187687551950666,0.008720410107783485,0.02181078105139794
27.240000000000002,-0.9702492049259777,0.007548220857923936,0.007733631002368576,0.00950844220827458,0.020683891773632713,0.012536574460626584,0.007316941620967217,0.007331861955185397,0.00885051659810944,0.021907131665227265
27.26,-0.966678845644541,0.007497433418639849,0.0076767644438355985,0.0094734526873165,0.020548903918661172,0.013032534323613133,0.0074232556671056,0.0074656923687443895,0.00897230789047071,0.02199142631976792
27.28,-0.9631084863631043,0.0074467525210703015,0.007620004326867799,0.009438463166358421,0.020418747911109692,0.013522621046934278,0.0075211755691045505,0.007589362312466393,0.009085919481253243,0.022063885571440973
27.3,-0.9600160815659566,0.007400856980947746,0.007569025211646045,0.009408157599346375,0.020299510869117056,0.014004080221560317,0.00761087422146966,0.007703079135189258,0.009191506818862709,0.02212477683759173
27.32,-0.9601284411165179,0.007386431456984797,0.007556191724153805,0.009409258722941875,0.02023857790752272,0.014474399267346616,0.007692568372032782,0.007807103423028441,0.009289269614171605,0.022174447776954424
27.34,-0.9602408006670793,0.007372036194836146,0.00754338225809931,0.009410359846537377,0.020169354581862274,0.014931243981672922,0.00776655985085665,0.007901799013898345,0.009379493204821376,0.022213391863382215
27.36,-0.9603531602176407,0.007357671131018662,0.007530596768519759,0.009411460970132879,0.02009700905049366,0.015372436876943809,0.007833170315465843,0.007987553879443911,0.009462483410584553,0.022242111359421488
27.38,-0.9604655197682019,0.007343336202182386,0.007517835210536516,0.009412562093728379,0.020023592995166373,0.015796014934535363,0.007892720827825113,0.008064755361182275,0.00953854613052909,0.022261090469336057
27.400000000000002,-0.9605778793187634,0.007329031345110263,0.007505097539354954,0.00941366321732388,0.019949920518415275,0.016200235611608577,0.007945530794759745,0.008133788885104125,0.009607986281075098,0.022270803244296786
27.42,-0.9606902388693248,0.007314756496717853,0.007492383710264287,0.009414764340919382,0.019876314271055125,0.01658377197739098,0.007991917000286836,0.008195036787455224,0.009671106823833918,0.02227171598975834
27.44,-0.960802598419886,0.0073005115940530454,0.007479693678637411,0.009415865464514882,0.01980290174628886,0.01694631370588345,0.008032192725719202,0.008248877246704863,0.009728207879279915,0.022264287561963983
27.46,-0.9609149579704475,0.0072862965742958,0.007467027399930768,0.009416966588110386,0.019729732940824713,0.017287950257604757,0.008066666953437437,0.008295683316747912,0.009779585922330544,0.022248968894952863
27.48,-0.9610273175210089,0.007272111374757857,0.007454384829684161,0.009418067711705887,0.01965682707918319,0.017608861315208967,0.008095643650270878,0.008335822056440727,0.009825533055946814,0.02222620228718715
27.5,-0.9611396770715717,0.0072579559328824735,0.0074417659235206405,0.009419168835301401,0.01958419116834181,0.017909330035620383,0.008119421126483726,0.008369653750637427,0.009866336358913475,0.022196420654426157
27.52,-0.9612520366221347,0.00724383018624412,0.007429170637146282,0.009420269958896919,0.019511827365946813,0.018189966729193086,0.008138291466427467,0.008397531217970544,0.009902277304014622,0.022160046827481596
27.54,-0.9613643961726976,0.007229734072548227,0.007416598926350088,0.009421371082492436,0.019439735906289196,0.018451825966856895,0.008152540026993865,0.008419799200707633,0.009933631242885458,0.02211749292273796
27.560000000000002,-0.9614767557232606,0.007215667529630909,0.0074040507470038075,0.009422472206087953,0.019367916262227895,0.018696034533299846,0.008162445000083337,0.008436793832112035,0.009960666953893442,0.022069159793251143
27.580000000000002,-0.9646200533454188,0.0072313025220279575,0.007427512419717802,0.009453276522785103,0.019351609580532655,0.018923688449372155,0.00816829446414761,0.00844886331451384,0.009983663696544832,0.022015469008389237
27.6,-0.9721144269388167,0.00728950051866277,0.007502590555416626,0.009526721384000403,0.0194068178965813,0.01913587270604405,0.008170460388893817,0.008456457675104254,0.010002985314682713,0.021956996173008142
27.62,-0.9796088005322143,0.007347576427741448,0.007577528161523352,0.0096001662452157,0.019447432549802295,0.019333727250270657,0.008169411742065895,0.008460144684741891,0.010019093533206918,0.021894473737607258
27.64,-0.9871031741256122,0.007405530505378849,0.007652325501078166,0.009673611106431,0.01948218136645963,0.019518398484339214,0.008165614041205136,0.008460488060279124,0.01003244760802294,0.021828591788153617
27.66,-0.9945975477190099,0.007463363007152545,0.007726982836628888,0.009747055967646296,0.019514530513308138,0.019690992283424538,0.008159503997962303,0.008458016711882144,0.01004347893647579,0.021759972744785985
27.68,-0.9958587781951695,0.0074600534797239415,0.007727494246050162,0.009759416026312662,0.019432251237310152,0.01985255404701552,0.008151454513207257,0.00845318228080753,0.010052555955199285,0.02168912168415294
27.7,-0.995971137745731,0.007445503773550523,0.007714364139727994,0.009760517149908164,0.01934512772877654,0.02000396075668117,0.008141667539905823,0.008446229185308678,0.01005987675645691,0.021616242441996402
27.72,-0.9960834972962922,0.007430984589700409,0.007701258610048124,0.009761618273503664,0.01926757657387547,0.02014575268796498,0.008130274339426483,0.008437316164873488,0.010065569090763867,0.021541459216531195
27.740000000000002,-0.9961958568468536,0.007416495864143979,0.007688177611008536,0.009762719397099166,0.01919398883902692,0.020278388669877318,0.008117394797014742,0.0084265881988101,0.010069749596212159,0.02146491428994457
27.76,-0.9963082163974155,0.007402037532985935,0.007675121096693335,0.00976382052069467,0.019122136552799648,0.020402321796769048,0.008103144278606547,0.008414184819033093,0.010072530638596299,0.021386759972762116
27.78,-0.9964205759479783,0.007387609532465016,0.007662089021272554,0.009764921644290186,0.01905113435736024,0.020517916902512576,0.008087633600199495,0.00840024007161497,0.010074020271261822,0.021307148460160227
27.8,-0.9965329354985413,0.007373211798953711,0.007649081339002003,0.009766022767885704,0.018980630061433853,0.020625155994068545,0.008070969015415633,0.008384882500394522,0.010074322213100121,0.021226227818621882
27.82,-0.9966452950491043,0.0073588442689579885,0.007636098004223125,0.009767123891481221,0.01891048320140234,0.020723726424292828,0.0080532522198188,0.008368235150904187,0.010073535843289365,0.02114414041989941
27.84,-0.9967576545996673,0.007344506879117017,0.00762313897136282,0.009768225015076739,0.018840637394939675,0.02081331045857431,0.0080345803706086,0.008350415592949913,0.010071756211437207,0.021061022358572337
27.86,-0.9994452773613176,0.007355410664752988,0.007640780326418096,0.009794563718140912,0.018818006480856814,0.02089364560692174,0.008015060928868924,0.00833155392005838,0.010069088885888585,0.020977030840613
27.88,-1.0032458770614665,0.0073771873059423005,0.007671603049527982,0.009831809595202372,0.018809082592420496,0.0209643718313863,0.007994859998717421,0.008311851378184314,0.010065698365287208,0.020892430116385547
27.900000000000002,-1.007046476761616,0.007398918264169021,0.0077023680793472035,0.009869055472263837,0.018794663904051035,0.02102462412831677,0.007974171714828998,0.008291543254783047,0.010061777557095065,0.02080751992189803
27.92,-1.010847076461765,0.007420603635266699,0.0077330755238647735,0.009906301349325297,0.018778104232798257,0.02107350550067441,0.00795318208947899,0.008270855039942768,0.010057511645525891,0.020722570497322575
27.94,-1.0146476761619139,0.007442243514867862,0.007763725490867591,0.009943547226386755,0.018760735255404917,0.02111023115930014,0.00793206288484885,0.008249994992363202,0.010053071940357488,0.020637821740168837
27.96,-1.0184482758620643,0.007463837998404428,0.007794318087940812,0.00998079310344823,0.018743085638611625,0.021134093584016446,0.007910972179978612,0.008229154822956036,0.010048616414554486,0.020553490107628827
27.98,-1.0222488755622148,0.007485387181108092,0.007824853422468183,0.010018038980509705,0.01872536516705539,0.021144345130226096,0.007890054938808753,0.008208510379929522,0.010044290244172268,0.02046977186554585
28.0,-1.026049475262365,0.007506891158010777,0.007855331601632468,0.010055284857571177,0.018707656994926186,0.021140199591532675,0.007869443577262884,0.008188222332872646,0.0100402263484936,0.020386844882821598
28.02,-1.0298500749625155,0.007528350023945066,0.007885752732415813,0.01009253073463265,0.01868999399087267,0.021120955267540813,0.007849258527492544,0.00816843685355984,0.010036545928515248,0.02030486984299802
28.04,-1.0315891152738212,0.0075295817901384005,0.007891640001856279,0.010109573329683447,0.018634815008108315,0.02108601964069496,0.007829596943014583,0.008149271914139167,0.010033347135055689,0.020223969147643767
28.060000000000002,-1.0317014748243827,0.007514886227715773,0.007878202651142746,0.01011067445327895,0.018555531885511685,0.021034987928641766,0.007810490362335531,0.008130765934946816,0.010030662639025585,0.020144151110327805
28.080000000000002,-1.0318138343749441,0.007500221493593189,0.007864790452164767,0.010111775576874453,0.018482879519980962,0.02096788107109696,0.0077919178394200055,0.008112893691161596,0.010028472637896501,0.020065346964726654
28.1,-1.0319261939255056,0.007485587523099148,0.007851403357843872,0.010112876700469954,0.018413015699831278,0.0208848668793426,0.007773849411708399,0.008095619016605982,0.010026748259158433,0.01998749335962114
28.12,-1.0320385534760668,0.0074709842516978145,0.007838041321189721,0.010113977824065454,0.018344414060650495,0.02078615715775102,0.007756255920957644,0.0080789067120449,0.010025461372541369,0.019910539706067605
28.14,-1.0321509130266298,0.007456411614988754,0.007824704295299951,0.010115078947660972,0.018276467884576382,0.020672151769807055,0.0077391090481947035,0.008062722587813922,0.01002458462669456,0.019834441283456985
28.16,-1.0322632725771927,0.0074418695487066,0.007811392233359946,0.01011618007125649,0.01820893565608939,0.02054405866704847,0.007722381342931111,0.008047033499496377,0.01002409148019422,0.019759156519732035
28.18,-1.0323756321277555,0.007427357988720814,0.007798105088642736,0.010117281194852003,0.01814172088709037,0.02040394859951904,0.00770604624700463,0.008031807377091778,0.010023956227234026,0.019684645924932402
28.2,-1.0324879916783185,0.007412876871035399,0.007784842814508819,0.01011838231844752,0.01807478468339764,0.020253953202033995,0.007690078113402859,0.00801701324810436,0.010024154018342394,0.019610871677323023
28.22,-1.0295620094776856,0.007368681625289807,0.007735531095771872,0.010089707692881318,0.017952734110445526,0.020096064804490915,0.007674434749081798,0.008002600065660356,0.010024643386778009,0.019537764937695042
28.240000000000002,-1.0223144402929427,0.007282271977751674,0.007635001422697406,0.010018681514870838,0.017760251343265424,0.019932116837561888,0.007658983148696752,0.00798840663352744,0.010025291869507166,0.019465092181705588
28.26,-1.015066871108201,0.007196043600073415,0.007534659918839188,0.00994765533686037,0.017582813229814694,0.01976371577755913,0.00764348674623805,0.007974146119971277,0.010025863054743218,0.01939245319294683
28.28,-1.0078193019234591,0.007109996111987729,0.007434506231986226,0.0098766291588499,0.0174117307680921,0.019592312015781318,0.007627705132841706,0.007959526967636917,0.010026116187020167,0.01931947888256234
28.3,-1.0005717327387176,0.007024129134025062,0.007334540010586813,0.009805602980839432,0.01724355203583725,0.019419243977509344,0.00761141906576128,0.007944283223608413,0.010025831194363146,0.019245856139080694
28.32,-0.9994542838131479,0.0069984544312463965,0.007307543896279866,0.009794651981368849,0.017188632576261055,0.019245710512569115,0.007594464751567057,0.007928216124149307,0.01002484305194641,0.01917137634403948
28.34,-0.9995666433637092,0.0069848730659609806,0.007295199843724263,0.009795753104964349,0.017140815576712654,0.019072564477274644,0.00757683968082051,0.007911322466774359,0.010023147844376655,0.01909611712200365
28.36,-0.9996790029142706,0.006971320191616707,0.007282878896492926,0.009796854228559852,0.017083831302972488,0.01890013252292435,0.007558605582321201,0.007893676957026504,0.010020805956702615,0.0190202271863806
28.38,-0.999791362464832,0.006957795748445375,0.007270581011337818,0.009797955352155354,0.017023350053938804,0.018728609323848323,0.007539828155042487,0.007875359132712246,0.010017881877947428,0.018943826187468864
28.400000000000002,-1.000862068965513,0.006953681622424575,0.007269684610108071,0.009808448275862027,0.016979089878268516,0.018558170581507282,0.007520575236782238,0.007856451143889217,0.010014442376173147,0.018867022128668597
28.42,-1.0046626686656617,0.006976301009409982,0.0073012019419633045,0.009845694152923483,0.01698168465003233,0.01838919099909137,0.007500948150629018,0.007837075770550662,0.010010587882363756,0.01878997848078917
28.44,-1.0084632683658106,0.006998872945523574,0.007332660280374598,0.009882940029984943,0.016975981863186322,0.01822295694125989,0.007481108027521863,0.00781742835588563,0.010006478910952413,0.018712958271929266
28.46,-1.0122638680659595,0.007021397530307627,0.007364059735764574,0.009920185907046403,0.016967009457039772,0.01806122964970602,0.007461218538551132,0.007797707368102898,0.010002278857566674,0.018636208424002893
28.48,-1.0160644677661084,0.0070438748630955944,0.0073954004183491686,0.009957431784107861,0.01695676397676493,0.017905704783689063,0.007441430046706017,0.007778095180213818,0.009998138139463809,0.01855994189874762
28.5,-1.0198650674662593,0.007066305043012569,0.0074266824381380376,0.00999467766116934,0.016946038173294407,0.017757920664351015,0.007421880171043322,0.0077587587505266505,0.009994194732345174,0.01848434761418294
28.52,-1.0236656671664113,0.007088688168975672,0.007457905904934897,0.01003192353823083,0.01693514676011392,0.01761929781122489,0.007402694348931426,0.00773985030096808,0.009990574706428461,0.01840959488105087
28.54,-1.027466266866563,0.007111024339694514,0.0074890709283379235,0.010069169415292317,0.01692421461798463,0.017491214036559965,0.0073839863945859745,0.007721507991068152,0.009987392759988532,0.018335835657245204
28.560000000000002,-1.0312668665667157,0.007133313653671652,0.007520177617740175,0.010106415292353814,0.016913291243698152,0.017374923797577303,0.0073658590522718064,0.007703856585635858,0.009984752748731767,0.01826320592867378
28.580000000000002,-1.037300718997163,0.007177419121866962,0.0075777415192088944,0.010165547046172197,0.016943099534207234,0.017271538805131506,0.007348417384535346,0.00768702368897401,0.009982761064844142,0.018191850643376764
28.6,-1.059625775430568,0.007380918345787335,0.00782862333747665,0.010384332599219566,0.017263930621056803,0.01718188272088928,0.00733189931858712,0.007671298072690877,0.009981657325363803,0.018122163192895398
28.62,-1.081950831863973,0.007583990669739328,0.008079035560711755,0.010603118152266935,0.017539061762746163,0.017105875945867526,0.0073168988916001015,0.00765740046494951,0.009982038130984826,0.01805516467982208
28.64,-1.104275888297378,0.0077866369892722175,0.00832897906789179,0.010821903705314304,0.017795487367393455,0.017042509704062233,0.007304045081163302,0.007646094132119982,0.009984536306995653,0.017991831597805152
28.66,-1.126600944730783,0.007988858198056604,0.008578454736349092,0.011040689258361673,0.018043929268907254,0.01699063209609895,0.007293906819254032,0.00763806968858006,0.00998972589085601,0.01793297491063328
28.68,-1.155277714084114,0.00825283666110505,0.008902877406667668,0.011321721598024316,0.018404413825996793,0.01694914529144511,0.00728703244126406,0.007633992923887393,0.009998161496563249,0.01787936107999867
28.7,-1.1887845014144303,0.008563545861108204,0.009284039692109461,0.011650088113861416,0.018834013950508252,0.016916979313533233,0.007284083669420523,0.007634667292527539,0.010010512395552257,0.017831969935427423
28.72,-1.2222912887447466,0.008873603256425808,0.009664488526424691,0.011978454629698517,0.01924251230065307,0.016893015450432758,0.007285796718630731,0.007640986773713583,0.010027523819799464,0.01779188977943013
28.740000000000002,-1.2557980760750687,0.009183010214411534,0.010044225245035444,0.012306821145535673,0.019641732867202163,0.016876160013932457,0.00729285625265244,0.007653783024957042,0.0100498909420354,0.017760080077032534
28.76,-1.2894979691045523,0.009493658549734866,0.0104255439271832,0.012637080097224612,0.020039894006930317,0.01686538054545265,0.007305871654432667,0.007673796588125208,0.010078235012901225,0.01773735985951179
28.78,-1.3304873950864242,0.009875017674172641,0.010892697579031099,0.013038776471846958,0.020567691365100834,0.016859773341128845,0.007325426204819008,0.007701736512616631,0.010113152433226075,0.017724518650727335
28.8,-1.3714768210682964,0.010255576784757648,0.011358976823016733,0.013440472846469305,0.021073935232266805,0.016858883387952737,0.007352196041029296,0.00773842462125514,0.01015533378263242,0.017722532577326932
28.82,-1.4124662470501685,0.010635337559756182,0.011824383295837376,0.013842169221091652,0.021570500151647607,0.01686287056841543,0.007386814898501312,0.0077846314937687145,0.010205428614313372,0.017732278622623828
28.84,-1.4534556730320407,0.011014301673913877,0.012288918631126773,0.014243865595713999,0.022062105841464785,0.016871994938230564,0.0074298351193854174,0.007841029165753808,0.010264006333526187,0.017754484634250202
28.86,-1.4907754516406757,0.011356545988458233,0.0127090146914838,0.014609599426078621,0.022483747646871412,0.01688647767126141,0.00748171127251995,0.007908171240279817,0.010331539629436705,0.017789718303825502
28.88,-1.5242822389709936,0.011660744237764966,0.01308305273342769,0.014937965941915737,0.022843319060590454,0.016906461533509012,0.007542723134195813,0.007986399451543651,0.010408327169661478,0.017838256013674822
28.900000000000002,-1.5577890263013172,0.011964304341036062,0.01345639065924632,0.015266332457752909,0.023214988504027086,0.01693187923236984,0.007612987640721309,0.008075858112854375,0.010494505198322842,0.017900130706464627
28.92,-1.591295813631635,0.012267227636971967,0.013829029779401425,0.015594698973590023,0.023590598162622285,0.016962550156677584,0.007692557028437109,0.008176613096503901,0.010590145437183007,0.017975321822846353
28.94,-1.624802600961953,0.012569515461464956,0.014200971401902037,0.015923065489427138,0.023966911754585336,0.016998275611012397,0.007781444980762412,0.008288683527233274,0.01069528112428429,0.018063780815557876
28.96,-1.6441835522088502,0.012732881207145602,0.01440450060836719,0.016112998811646732,0.02408518943302581,0.017038847111999416,0.007879548494387316,0.0084119470106203,0.010809828717111142,0.018165269578734298
28.98,-1.662792574765239,0.012888347281151723,0.01459848373462168,0.01629536723269934,0.024225868340916657,0.017083974654228326,0.007986416615201884,0.008545859123010683,0.01093335614056481,0.018278944464413787
29.0,-1.6814015973216279,0.013043487218965288,0.014792103767555433,0.016477735653751952,0.024382675335813855,0.017133178299991537,0.00810150826145156,0.008689766005260419,0.011065340150231149,0.018403904139061084
