amplitude_deg,method,time_s,theta_rad,lambda_induced,velocity_up_mps,acceleration_up_mps2,CT
0.1,DIRECT,0,0.112713353641248,0.0693205226144619,0,0,0.00961066971108423
0.1,DIRECT,0.005,0.112713353641248,0.0693205226144619,0,0,0.00961066971108423
0.1,DIRECT,0.01,0.112713353641248,0.0693205226144619,0,0,0.00961066971108423
0.1,DIRECT,0.015,0.112713353641248,0.0693205226144619,0,0,0.00961066971108423
0.1,DIRECT,0.02,0.112713353641248,0.0693205226144619,0,0,0.00961066971108423
0.1,DIRECT,0.025,0.112713353641248,0.0693205226144619,0,0,0.00961066971108423
0.1,DIRECT,0.03,0.112713353641248,0.0693205226144619,0,0,0.00961066971108423
0.1,DIRECT,0.035,0.112713353641248,0.0693205226144619,0,0,0.00961066971108423
0.1,DIRECT,0.04,0.112713353641248,0.0693205226144619,0,0,0.00961066971108423
0.1,DIRECT,0.045,0.112713353641248,0.0693205226144619,0,0,0.00961066971108423
0.1,DIRECT,0.05,0.112713353641248,0.0693205226144619,0,0,0.00961066971108423
0.1,DIRECT,0.055,0.112713353641248,0.0693205226144619,0,0,0.00961066971108423
0.1,DIRECT,0.06,0.112713353641248,0.0693205226144619,0,0,0.00961066971108423
0.1,DIRECT,0.065,0.112713353641248,0.0693205226144619,0,0,0.00961066971108423
0.1,DIRECT,0.07,0.112713353641248,0.0693205226144619,0,0,0.00961066971108423
0.1,DIRECT,0.075,0.112713353641248,0.0693205226144619,0,0,0.00961066971108423
0.1,DIRECT,0.08,0.112713353641248,0.0693205226144619,0,0,0.00961066971108423
0.1,DIRECT,0.085,0.112713353641248,0.0693205226144619,0,0,0.00961066971108423
0.1,DIRECT,0.09,0.112713353641248,0.0693205226144619,0,0,0.00961066971108423
0.1,DIRECT,0.095,0.112713353641248,0.0693205226144619,0,0,0.00961066971108423
0.1,DIRECT,0.1,0.112713353641248,0.0693205226144619,0,0,0.00961066971108423
0.1,DIRECT,0.105,0.112713353641248,0.0693205226144619,0,0,0.00961066971108423
0.1,DIRECT,0.11,0.112713353641248,0.0693205226144619,0,0,0.00961066971108423
0.1,DIRECT,0.115,0.112713353641248,0.0693205226144619,0,0,0.00961066971108423
0.1,DIRECT,0.12,0.112713353641248,0.0693205226144619,0,0,0.00961066971108423
0.1,DIRECT,0.125,0.112713353641248,0.0693205226144619,0,0,0.00961066971108423
0.1,DIRECT,0.13,0.112713353641248,0.0693205226144619,0,0,0.00961066971108423
0.1,DIRECT,0.135,0.112713353641248,0.0693205226144619,0,0,0.00961066971108423
0.1,DIRECT,0.14,0.112713353641248,0.0693205226144619,0,0,0.00961066971108423
0.1,DIRECT,0.145,0.112713353641248,0.0693205226144619,0,0,0.00961066971108423
0.1,DIRECT,0.15,0.112713353641248,0.0693205226144619,0,0,0.00961066971108423
0.1,DIRECT,0.155,0.112713353641248,0.0693205226144619,0,0,0.00961066971108423
0.1,DIRECT,0.16,0.112713353641248,0.0693205226144619,0,0,0.00961066971108423
0.1,DIRECT,0.165,0.112713353641248,0.0693205226144619,0,0,0.00961066971108423
0.1,DIRECT,0.17,0.112713353641248,0.0693205226144619,0,0,0.00961066971108423
0.1,DIRECT,0.175,0.112713353641248,0.0693205226144619,0,0,0.00961066971108423
0.1,DIRECT,0.18,0.112713353641248,0.0693205226144619,0,0,0.00961066971108423
0.1,DIRECT,0.185,0.112713353641248,0.0693205226144619,0,0,0.00961066971108423
0.1,DIRECT,0.19,0.112713353641248,0.0693205226144619,0,0,0.00961066971108423
0.1,DIRECT,0.195,0.112713353641248,0.0693205226144619,0,0,0.00961066971108423
0.1,DIRECT,0.2,0.112713353641248,0.0693205226144619,0,0,0.00961066971108423
0.1,DIRECT,0.205,0.112713353641248,0.0693205226144619,0,0,0.00961066971108423
0.1,DIRECT,0.21,0.112713353641248,0.0693205226144619,0,0,0.00961066971108423
0.1,DIRECT,0.215,0.112713353641248,0.0693205226144619,0,0,0.00961066971108423
0.1,DIRECT,0.22,0.112713353641248,0.0693205226144619,0,0,0.00961066971108423
0.1,DIRECT,0.225,0.112713353641248,0.0693205226144619,0,0,0.00961066971108423
0.1,DIRECT,0.23,0.112713353641248,0.0693205226144619,0,0,0.00961066971108423
0.1,DIRECT,0.235,0.112713353641248,0.0693205226144619,0,0,0.00961066971108423
0.1,DIRECT,0.24,0.112713353641248,0.0693205226144619,0,0,0.00961066971108423
0.1,DIRECT,0.245,0.112713353641248,0.0693205226144619,0,0,0.00961066971108423
0.1,DIRECT,0.25,0.112713353641248,0.0693205226144619,0,0,0.00961066971108423
0.1,DIRECT,0.255,0.112713353641248,0.0693205226144619,0,0,0.00961066971108423
0.1,DIRECT,0.26,0.112713353641248,0.0693205226144619,0,0,0.00961066971108423
0.1,DIRECT,0.265,0.112713353641248,0.0693205226144619,0,0,0.00961066971108423
0.1,DIRECT,0.27,0.112713353641248,0.0693205226144619,0,0,0.00961066971108423
0.1,DIRECT,0.275,0.112713353641248,0.0693205226144619,0,0,0.00961066971108423
0.1,DIRECT,0.28,0.112713353641248,0.0693205226144619,0,0,0.00961066971108423
0.1,DIRECT,0.285,0.112713353641248,0.0693205226144619,0,0,0.00961066971108423
0.1,DIRECT,0.29,0.112713353641248,0.0693205226144619,0,0,0.00961066971108423
0.1,DIRECT,0.295,0.112713353641248,0.0693205226144619,0,0,0.00961066971108423
0.1,DIRECT,0.3,0.112713353641248,0.0693205226144619,0,0,0.00961066971108423
0.1,DIRECT,0.305,0.112713353641248,0.0693205226144619,0,0,0.00961066971108423
0.1,DIRECT,0.31,0.112713353641248,0.0693205226144619,0,0,0.00961066971108423
0.1,DIRECT,0.315,0.112713353641248,0.0693205226144619,0,0,0.00961066971108423
0.1,DIRECT,0.32,0.112713353641248,0.0693205226144619,0,0,0.00961066971108423
0.1,DIRECT,0.325,0.112713353641248,0.0693205226144619,0,0,0.00961066971108423
0.1,DIRECT,0.33,0.112713353641248,0.0693205226144619,0,0,0.00961066971108423
0.1,DIRECT,0.335,0.112713353641248,0.0693205226144619,0,0,0.00961066971108423
0.1,DIRECT,0.34,0.112713353641248,0.0693205226144619,0,0,0.00961066971108423
0.1,DIRECT,0.345,0.112713353641248,0.0693205226144619,0,0,0.00961066971108423
0.1,DIRECT,0.35,0.112713353641248,0.0693205226144619,0,0,0.00961066971108423
0.1,DIRECT,0.355,0.112713353641248,0.0693205226144619,0,0,0.00961066971108423
0.1,DIRECT,0.36,0.112713353641248,0.0693205226144619,0,0,0.00961066971108423
0.1,DIRECT,0.365,0.112713353641248,0.0693205226144619,0,0,0.00961066971108423
0.1,DIRECT,0.37,0.112713353641248,0.0693205226144619,0,0,0.00961066971108423
0.1,DIRECT,0.375,0.112713353641248,0.0693205226144619,0,0,0.00961066971108423
0.1,DIRECT,0.38,0.112713353641248,0.0693205226144619,0,0,0.00961066971108423
0.1,DIRECT,0.385,0.112713353641248,0.0693205226144619,0,0,0.00961066971108423
0.1,DIRECT,0.39,0.112713353641248,0.0693205226144619,0,0,0.00961066971108423
0.1,DIRECT,0.395,0.112713353641248,0.0693205226144619,0,0,0.00961066971108423
0.1,DIRECT,0.4,0.112713353641248,0.0693205226144619,0,0,0.00961066971108423
0.1,DIRECT,0.405,0.112713353641248,0.0693205226144619,0,0,0.00961066971108423
0.1,DIRECT,0.41,0.112713353641248,0.0693205226144619,0,0,0.00961066971108423
0.1,DIRECT,0.415,0.112713353641248,0.0693205226144619,0,0,0.00961066971108423
0.1,DIRECT,0.42,0.112713353641248,0.0693205226144619,0,0,0.00961066971108423
0.1,DIRECT,0.425,0.112713353641248,0.0693205226144619,0,0,0.00961066971108423
0.1,DIRECT,0.43,0.112713353641248,0.0693205226144619,0,0,0.00961066971108423
0.1,DIRECT,0.435,0.112713353641248,0.0693205226144619,0,0,0.00961066971108423
0.1,DIRECT,0.44,0.112713353641248,0.0693205226144619,0,0,0.00961066971108423
0.1,DIRECT,0.445,0.112713353641248,0.0693205226144619,0,0,0.00961066971108423
0.1,DIRECT,0.45,0.112713353641248,0.0693205226144619,0,0,0.00961066971108423
0.1,DIRECT,0.455,0.112713353641248,0.0693205226144619,0,0,0.00961066971108423
0.1,DIRECT,0.46,0.112713353641248,0.0693205226144619,0,0,0.00961066971108423
0.1,DIRECT,0.465,0.112713353641248,0.0693205226144619,0,0,0.00961066971108423
0.1,DIRECT,0.47,0.112713353641248,0.0693205226144619,0,0,0.00961066971108423
0.1,DIRECT,0.475,0.112713353641248,0.0693205226144619,0,0,0.00961066971108423
0.1,DIRECT,0.48,0.112713353641248,0.0693205226144619,0,0,0.00961066971108423
0.1,DIRECT,0.485,0.112713353641248,0.0693205226144619,0,0,0.00961066971108423
0.1,DIRECT,0.49,0.112713353641248,0.0693205226144619,0,0,0.00961066971108423
0.1,DIRECT,0.495,0.112713353641248,0.0693205226144619,0,0,0.00961066971108423
0.1,DIRECT,0.5,0.112713353641248,0.0693205226144619,0,0,0.00961066971108423
0.1,DIRECT,0.505,0.112713353641248,0.0693205226144619,0,0,0.00961066971108423
0.1,DIRECT,0.51,0.112713353641248,0.0693205226144619,0,0,0.00961066971108423
0.1,DIRECT,0.515,0.112713353641248,0.0693205226144619,0,0,0.00961066971108423
0.1,DIRECT,0.52,0.112713353641248,0.0693205226144619,0,0,0.00961066971108423
0.1,DIRECT,0.525,0.112713353641248,0.0693205226144619,0,0,0.00961066971108423
0.1,DIRECT,0.53,0.112713353641248,0.0693205226144619,0,0,0.00961066971108423
0.1,DIRECT,0.535,0.112713353641248,0.0693205226144619,0,0,0.00961066971108423
0.1,DIRECT,0.54,0.112713353641248,0.0693205226144619,0,0,0.00961066971108423
0.1,DIRECT,0.545,0.112713353641248,0.0693205226144619,0,0,0.00961066971108423
0.1,DIRECT,0.55,0.112713353641248,0.0693205226144619,0,0,0.00961066971108423
0.1,DIRECT,0.555,0.112713353641248,0.0693205226144619,0,0,0.00961066971108423
0.1,DIRECT,0.56,0.112713353641248,0.0693205226144619,0,0,0.00961066971108423
0.1,DIRECT,0.565,0.112713353641248,0.0693205226144619,0,0,0.00961066971108423
0.1,DIRECT,0.57,0.112713353641248,0.0693205226144619,0,0,0.00961066971108423
0.1,DIRECT,0.575,0.112713353641248,0.0693205226144619,0,0,0.00961066971108423
0.1,DIRECT,0.58,0.112713353641248,0.0693205226144619,0,0,0.00961066971108423
0.1,DIRECT,0.585,0.112713353641248,0.0693205226144619,0,0,0.00961066971108423
0.1,DIRECT,0.59,0.112713353641248,0.0693205226144619,0,0,0.00961066971108423
0.1,DIRECT,0.595,0.112713353641248,0.0693205226144619,0,0,0.00961066971108423
0.1,DIRECT,0.6,0.112713353641248,0.0693205226144619,0,0,0.00961066971108423
0.1,DIRECT,0.605,0.112713353641248,0.0693205226144619,0,0,0.00961066971108423
0.1,DIRECT,0.61,0.112713353641248,0.0693205226144619,0,0,0.00961066971108423
0.1,DIRECT,0.615,0.112713353641248,0.0693205226144619,0,0,0.00961066971108423
0.1,DIRECT,0.62,0.112713353641248,0.0693205226144619,0,0,0.00961066971108423
0.1,DIRECT,0.625,0.112713353641248,0.0693205226144619,0,0,0.00961066971108423
0.1,DIRECT,0.63,0.112713353641248,0.0693205226144619,0,0,0.00961066971108423
0.1,DIRECT,0.635,0.112713353641248,0.0693205226144619,0,0,0.00961066971108423
0.1,DIRECT,0.64,0.112713353641248,0.0693205226144619,0,0,0.00961066971108423
0.1,DIRECT,0.645,0.112713353641248,0.0693205226144619,0,0,0.00961066971108423
0.1,DIRECT,0.65,0.112713353641248,0.0693205226144619,0,0,0.00961066971108423
0.1,DIRECT,0.655,0.112713353641248,0.0693205226144619,0,0,0.00961066971108423
0.1,DIRECT,0.66,0.112713353641248,0.0693205226144619,0,0,0.00961066971108423
0.1,DIRECT,0.665,0.112713353641248,0.0693205226144619,0,0,0.00961066971108423
0.1,DIRECT,0.67,0.112713353641248,0.0693205226144619,0,0,0.00961066971108423
0.1,DIRECT,0.675,0.112713353641248,0.0693205226144619,0,0,0.00961066971108423
0.1,DIRECT,0.68,0.112713353641248,0.0693205226144619,0,0,0.00961066971108423
0.1,DIRECT,0.685,0.112713353641248,0.0693205226144619,0,0,0.00961066971108423
0.1,DIRECT,0.69,0.112713353641248,0.0693205226144619,0,0,0.00961066971108423
0.1,DIRECT,0.695,0.112713353641248,0.0693205226144619,0,0,0.00961066971108423
0.1,DIRECT,0.7,0.112713353641248,0.0693205226144619,0,0,0.00961066971108423
0.1,DIRECT,0.705,0.112713353641248,0.0693205226144619,0,0,0.00961066971108423
0.1,DIRECT,0.71,0.112713353641248,0.0693205226144619,0,0,0.00961066971108423
0.1,DIRECT,0.715,0.112713353641248,0.0693205226144619,0,0,0.00961066971108423
0.1,DIRECT,0.72,0.112713353641248,0.0693205226144619,0,0,0.00961066971108423
0.1,DIRECT,0.725,0.112713353641248,0.0693205226144619,0,0,0.00961066971108423
0.1,DIRECT,0.73,0.112713353641248,0.0693205226144619,0,0,0.00961066971108423
0.1,DIRECT,0.735,0.112713353641248,0.0693205226144619,0,0,0.00961066971108423
0.1,DIRECT,0.74,0.112713353641248,0.0693205226144619,0,0,0.00961066971108423
0.1,DIRECT,0.745,0.112713353641248,0.0693205226144619,0,0,0.00961066971108423
0.1,DIRECT,0.75,0.112713353641248,0.0693205226144619,0,0,0.00961066971108423
0.1,DIRECT,0.755,0.112713353641248,0.0693205226144619,0,0,0.00961066971108423
0.1,DIRECT,0.76,0.112713353641248,0.0693205226144619,0,0,0.00961066971108423
0.1,DIRECT,0.765,0.112713353641248,0.0693205226144619,0,0,0.00961066971108423
0.1,DIRECT,0.77,0.112713353641248,0.0693205226144619,0,0,0.00961066971108423
0.1,DIRECT,0.775,0.112713353641248,0.0693205226144619,0,0,0.00961066971108423
0.1,DIRECT,0.78,0.112713353641248,0.0693205226144619,0,0,0.00961066971108423
0.1,DIRECT,0.785,0.112713353641248,0.0693205226144619,0,0,0.00961066971108423
0.1,DIRECT,0.79,0.112713353641248,0.0693205226144619,0,0,0.00961066971108423
0.1,DIRECT,0.795,0.112713353641248,0.0693205226144619,0,0,0.00961066971108423
0.1,DIRECT,0.8,0.112713353641248,0.0693205226144619,0,0,0.00961066971108423
0.1,DIRECT,0.805,0.112713353641248,0.0693205226144619,0,0,0.00961066971108423
0.1,DIRECT,0.81,0.112713353641248,0.0693205226144619,0,0,0.00961066971108423
0.1,DIRECT,0.815,0.112713353641248,0.0693205226144619,0,0,0.00961066971108423
0.1,DIRECT,0.82,0.112713353641248,0.0693205226144619,0,0,0.00961066971108423
0.1,DIRECT,0.825,0.112713353641248,0.0693205226144619,0,0,0.00961066971108423
0.1,DIRECT,0.83,0.112713353641248,0.0693205226144619,0,0,0.00961066971108423
0.1,DIRECT,0.835,0.112713353641248,0.0693205226144619,0,0,0.00961066971108423
0.1,DIRECT,0.84,0.112713353641248,0.0693205226144619,0,0,0.00961066971108423
0.1,DIRECT,0.845,0.112713353641248,0.0693205226144619,0,0,0.00961066971108423
0.1,DIRECT,0.85,0.112713353641248,0.0693205226144619,0,0,0.00961066971108423
0.1,DIRECT,0.855,0.112713353641248,0.0693205226144619,0,0,0.00961066971108423
0.1,DIRECT,0.86,0.112713353641248,0.0693205226144619,0,0,0.00961066971108423
0.1,DIRECT,0.865,0.112713353641248,0.0693205226144619,0,0,0.00961066971108423
0.1,DIRECT,0.87,0.112713353641248,0.0693205226144619,0,0,0.00961066971108423
0.1,DIRECT,0.875,0.112713353641248,0.0693205226144619,0,0,0.00961066971108423
0.1,DIRECT,0.88,0.112713353641248,0.0693205226144619,0,0,0.00961066971108423
0.1,DIRECT,0.885,0.112713353641248,0.0693205226144619,0,0,0.00961066971108423
0.1,DIRECT,0.89,0.112713353641248,0.0693205226144619,0,0,0.00961066971108423
0.1,DIRECT,0.895,0.112713353641248,0.0693205226144619,0,0,0.00961066971108423
0.1,DIRECT,0.9,0.112713353641248,0.0693205226144619,0,0,0.00961066971108423
0.1,DIRECT,0.905,0.112713353641248,0.0693205226144619,0,0,0.00961066971108423
0.1,DIRECT,0.91,0.112713353641248,0.0693205226144619,0,0,0.00961066971108423
0.1,DIRECT,0.915,0.112713353641248,0.0693205226144619,0,0,0.00961066971108423
0.1,DIRECT,0.92,0.112713353641248,0.0693205226144619,0,0,0.00961066971108423
0.1,DIRECT,0.925,0.112713353641248,0.0693205226144619,0,0,0.00961066971108423
0.1,DIRECT,0.93,0.112713353641248,0.0693205226144619,0,0,0.00961066971108423
0.1,DIRECT,0.935,0.112713353641248,0.0693205226144619,0,0,0.00961066971108423
0.1,DIRECT,0.94,0.112713353641248,0.0693205226144619,0,0,0.00961066971108423
0.1,DIRECT,0.945,0.112713353641248,0.0693205226144619,0,0,0.00961066971108423
0.1,DIRECT,0.95,0.112713353641248,0.0693205226144619,0,0,0.00961066971108423
0.1,DIRECT,0.955,0.112713353641248,0.0693205226144619,0,0,0.00961066971108423
0.1,DIRECT,0.96,0.112713353641248,0.0693205226144619,0,0,0.00961066971108423
0.1,DIRECT,0.965,0.112713353641248,0.0693205226144619,0,0,0.00961066971108423
0.1,DIRECT,0.97,0.112713353641248,0.0693205226144619,0,0,0.00961066971108423
0.1,DIRECT,0.975,0.112713353641248,0.0693205226144619,0,0,0.00961066971108423
0.1,DIRECT,0.98,0.112713353641248,0.0693205226144619,0,0,0.00961066971108423
0.1,DIRECT,0.985,0.112713353641248,0.0693205226144619,0,0,0.00961066971108423
0.1,DIRECT,0.99,0.112713353641248,0.0693205227703267,1.98209057731047e-09,-2.29963124098731e-08,0.00961066968854749
0.1,DIRECT,0.995,0.112713353641248,0.0693205224253411,-1.11572520217383e-09,2.71321471956298e-08,0.00961066973767416
0.1,DIRECT,1,0.112713353641248,0.0693205219432102,-6.58075178841232e-09,9.78675647189675e-08,0.00961066980699597
0.1,DIRECT,1.005,0.112713461299717,0.0693205237977395,1.00048087915272e-08,8.23527915194688e-06,0.00961067778178604
0.1,DIRECT,1.01,0.112713784248562,0.069320533432218,1.0434281223717e-07,3.20491331766704e-05,0.00961070111973382
0.1,DIRECT,1.015,0.112714322408099,0.0693205577210275,3.547470314228e-07,7.05244537719807e-05,0.00961073882614715
0.1,DIRECT,1.02,0.112715075645546,0.069320601858094,8.32736480092028e-07,0.000122881373171069,0.00961079013674348
0.1,DIRECT,1.025,0.112716043775053,0.069320669715654,1.60577271795026e-06,0.000188523292944609,0.00961085446684704
0.1,DIRECT,1.03,0.112717226557748,0.0693207644292019,2.7389992808848e-06,0.000266953991463481,0.00961093133015293
0.1,DIRECT,1.035,0.112718623701797,0.0693208886109765,4.29586524104186e-06,0.000357747380736129,0.00961102030908827
0.1,DIRECT,1.04,0.112720234862476,0.0693210439231689,6.33682760084638e-06,0.00046060619572863,0.0096111211123287
0.1,DIRECT,1.045,0.112722059642255,0.0693212317287181,8.92125443182954e-06,0.000575246435397858,0.00961123346154878
0.1,DIRECT,1.05,0.112724097590898,0.0693214534024902,1.21084388673167e-05,0.000701459490166201,0.00961135715230786
0.1,DIRECT,1.055,0.11272634820557,0.0693217095556293,1.59552212884369e-05,0.000839061526567875,0.0096114920044463
0.1,DIRECT,1.06,0.112728810930966,0.0693220006163549,2.05176923639344e-05,0.000987916099594699,0.00961163788424586
0.1,DIRECT,1.065,0.112731485159446,0.0693223273119551,2.5852623582951e-05,0.00114784046268213,0.00961179461261206
0.1,DIRECT,1.07,0.112734370231183,0.0693226897507172,3.20147125367891e-05,0.00131873566305174,0.00961196209256964
0.1,DIRECT,1.075,0.11273746543433,0.0693230879087977,3.90580318788698e-05,0.00150051757491987,0.00961214024167401
0.1,DIRECT,1.08,0.112740770005191,0.069323522158166,4.70375961827202e-05,0.00169304211704713,0.00961232891872332
0.1,DIRECT,1.085,0.112744283128414,0.0693239923302131,5.60065409002032e-05,0.00189623795373883,0.00961252805380749
0.1,DIRECT,1.09,0.112748003937186,0.0693244981923835,6.60175414796311e-05,0.00211003898106732,0.00961273758214362
0.1,DIRECT,1.095,0.112751931513455,0.0693250399231337,7.71242216354971e-05,0.0023343170548582,0.00961295737814844
0.1,DIRECT,1.1,0.11275606488815,0.0693256171862618,8.93783648960725e-05,0.00256901317503022,0.00961318738400094
0.1,DIRECT,1.105,0.112760403041422,0.0693262296550635,0.00010283147610723,0.00281406324104871,0.00961342753688161
0.1,DIRECT,1.11,0.112764944902898,0.0693268773937529,0.000117535909434617,0.00306934403632475,0.00961367771603626
0.1,DIRECT,1.115,0.11276968935194,0.0693275599569616,0.000133542156003286,0.00333480084838733,0.00961393786784583
0.1,DIRECT,1.12,0.112774635217926,0.0693282769794336,0.000150900601747956,0.00361036394117242,0.00961420792396788
0.1,DIRECT,1.125,0.11277978128054,0.0693290284483238,0.000169662328443528,0.00389591000381095,0.00961448776355585
0.1,DIRECT,1.13,0.112785126270065,0.0693298138414947,0.000189876518366226,0.00419138427569976,0.00961477733294348
0.1,DIRECT,1.135,0.112790668867707,0.0693306327807869,0.000211592402579696,0.00449670801377167,0.00961507655496135
0.1,DIRECT,1.14,0.112796407705913,0.0693314851943064,0.000234859732398123,0.00481175553151481,0.00961538530643472
0.1,DIRECT,1.145,0.112802341368709,0.0693323705025312,0.000259726328093097,0.00513646955190339,0.00961570353123122
0.1,DIRECT,1.15,0.112808468392053,0.0693332883243674,0.000286240185278968,0.0054707611984437,0.00961603114225048
0.1,DIRECT,1.155,0.112814787264194,0.069334238538637,0.000314449644501743,0.00581450131920569,0.00961636801292162
0.1,DIRECT,1.16,0.112821296426046,0.0693352205231881,0.00034440111383192,0.00616762832299145,0.00961671408288429
0.1,DIRECT,1.165,0.112827994271568,0.0693362338902942,0.000376141200974179,0.00653004405297608,0.00961706925594328
0.1,DIRECT,1.17,0.11283487914817,0.069337278476342,0.000409716741838942,0.00690165757155725,0.00961743344297833
0.1,DIRECT,1.175,0.112841949357109,0.0693383536835576,0.000445173219350543,0.00728242654344413,0.00961780660250019
0.1,DIRECT,1.18,0.112849203153918,0.0693394590785003,0.000482555481039091,0.00767205952544714,0.00961818844888999
0.1,DIRECT,1.185,0.112856638748831,0.0693405944385088,0.000521908554974726,0.00807053638700417,0.00961857896241948
0.1,DIRECT,1.19,0.112864254307226,0.0693417590757156,0.000563275716789761,0.0084777851703759,0.00961897807256894
0.1,DIRECT,1.195,0.112872047950079,0.069342952590442,0.000606700596925689,0.00889368991857431,0.00961938566569873
0.1,DIRECT,1.2,0.112880017754423,0.0693441747571883,0.000652226802961354,0.00931810689040091,0.00961980160094022
0.1,DIRECT,1.205,0.112888161753831,0.0693454248701659,0.000699895957502021,0.00975095735330989,0.0096202258011343
0.1,DIRECT,1.21,0.11289647793889,0.0693467025103532,0.000749749986612769,0.0101921189126983,0.00962065814633236
0.1,DIRECT,1.215,0.112904964257708,0.0693480074265498,0.00080183075022684,0.0106414424154391,0.009621098490362
0.1,DIRECT,1.22,0.112913618616412,0.0693493388947417,0.000856178112675856,0.0110988427894192,0.00962154674985123
0.1,DIRECT,1.225,0.112922438879669,0.0693506964702878,0.000912832188242466,0.0115641924821297,0.0096220027997966
0.1,DIRECT,1.23,0.11293142287121,0.0693520798840429,0.000971833017255407,0.0120373362306196,0.00962246648803801
0.1,DIRECT,1.235,0.11294056837437,0.0693534884011169,0.00103321863519115,0.0125181819885594,0.00962293772436862
0.1,DIRECT,1.24,0.112949873132633,0.0693549215420366,0.00109702722561962,0.013006598764628,0.00962341638041489
0.1,DIRECT,1.245,0.112959334850189,0.0693563790262737,0.00116329693894303,0.0135024246755773,0.00962390229752872
0.1,DIRECT,1.25,0.112968951192501,0.0693578601165233,0.00123206392523941,0.0140055599234987,0.0096243953779066
0.1,DIRECT,1.255,0.11297871978688,0.069359364289518,0.00130336433056044,0.0145158717756981,0.00962489549146843
0.1,DIRECT,1.26,0.112988638223072,0.0693608912617789,0.00137723438160434,0.0150332655280607,0.0096254025454027
0.1,DIRECT,1.265,0.112998704053852,0.0693624403312128,0.00145370857618995,0.0155575279681752,0.00962591633075793
0.1,DIRECT,1.27,0.113008914795625,0.0693640108796759,0.00153282059864298,0.0160885094090677,0.00962643670083856
0.1,DIRECT,1.275,0.113019267929044,0.0693656026184424,0.0016146045197876,0.0166260829711078,0.00962696353130056
0.1,DIRECT,1.28,0.113029760899629,0.069367214836978,0.00169909254259975,0.017170130238334,0.00962749670609445
0.1,DIRECT,1.285,0.113040391118396,0.0693688468662756,0.00178631629543169,0.0177205246173546,0.00962803610115674
0.1,DIRECT,1.29,0.113051155962498,0.0693704984274228,0.00187630786664429,0.0182770819820561,0.00962858153604097
0.1,DIRECT,1.295,0.11306205277587,0.0693721688537535,0.00196909746459993,0.0188396709896086,0.00962913288202911
0.1,DIRECT,1.3,0.113073078869886,0.0693738574084157,0.00206471436386963,0.0194081681176339,0.00962969001806733
0.1,DIRECT,1.305,0.113084231524024,0.0693755637951698,0.00216318842686307,0.0199823853143517,0.00963025275986194
0.1,DIRECT,1.31,0.113095507986532,0.0693772873909839,0.00226454779524762,0.0205621788353216,0.00963082096654115
0.1,DIRECT,1.315,0.113106905475113,0.0693790273941427,0.00236881932900072,0.0211474283034079,0.00963139452013349
0.1,DIRECT,1.32,0.113118421177605,0.0693807834772815,0.00247603055492883,0.021737944198593,0.0096319732349064
0.1,DIRECT,1.325,0.113130052252683,0.0693825550734431,0.0025862075187471,0.0223335691176931,0.00963255695660231
0.1,DIRECT,1.33,0.113141795830552,0.0693843413401527,0.00269937467382527,0.022934182922274,0.00963314556748367
0.1,DIRECT,1.335,0.11315364901366,0.0693861418829568,0.002815557039124,0.0235396002376262,0.0096337388858804
0.1,DIRECT,1.34,0.113165608877412,0.0693879561993059,0.00293477852389461,0.0241496493422808,0.00963433674350276
0.1,DIRECT,1.345,0.11317767247089,0.0693897834370101,0.00305706114912093,0.0247641445104883,0.00963493895833665
0.1,DIRECT,1.35,0.113189836817583,0.0693916230809626,0.00318242712727072,0.0253830389414649,0.00963554548451655
0.1,DIRECT,1.355,0.113202098916121,0.0693934747211222,0.0033108984133414,0.0260060789031282,0.00963615607338108
0.1,DIRECT,1.36,0.113214455741014,0.0693953375614175,0.00344249487174729,0.0266331281711381,0.00963677059142826
0.1,DIRECT,1.365,0.1132269042434,0.0693972109460409,0.00357723594060285,0.0272640292899595,0.00963738888434923
0.1,DIRECT,1.37,0.113239441351799,0.069399094491477,0.00371514107858903,0.0278985848881526,0.00963801075871688
0.1,DIRECT,1.375,0.113252063972865,0.0694009874871064,0.00385622793783416,0.0285366427070102,0.00963863606531532
0.1,DIRECT,1.38,0.113264768992156,0.0694028891388927,0.00400051309483059,0.0291780611210211,0.00963926466534935
0.1,DIRECT,1.385,0.113277553274899,0.0694047990601976,0.00414801351501417,0.0298226396385175,0.009639896362334
0.1,DIRECT,1.39,0.113290413666763,0.0694067166501895,0.00429874468518058,0.0304702070613985,0.00964053098849247
0.1,DIRECT,1.395,0.113303346994639,0.0694086410565108,0.00445272048842887,0.0311206268437676,0.00964116841000765
0.1,DIRECT,1.4,0.113316350067422,0.0694105717894935,0.0046099550966976,0.0317737100699844,0.00964180844173929
0.1,DIRECT,1.405,0.113329419676798,0.0694125083650139,0.00477046186553904,0.0324292993476618,0.00964245092944038
0.1,DIRECT,1.41,0.113342552598037,0.069414449969504,0.00493425212344727,0.0330870718166612,0.00964309555670296
0.1,DIRECT,1.415,0.113355745590786,0.069416395815586,0.00510133585579512,0.033746973056644,0.00964374227019425
0.1,DIRECT,1.42,0.113368995399873,0.0694183456007542,0.00527172506431029,0.034409083417513,0.00964439114865842
0.1,DIRECT,1.425,0.113382298756105,0.069420298724729,0.00544542967254112,0.0350729383864028,0.00964504173686561
0.1,DIRECT,1.43,0.113395652377078,0.0694222543159231,0.00562245731860323,0.0357384392534144,0.00964569393807859
0.1,DIRECT,1.435,0.113409052967986,0.0694242118859273,0.00580281615179042,0.0364053921739291,0.00964634756232662
0.1,DIRECT,1.44,0.113422497222433,0.0694261709117381,0.00598651333716054,0.0370736077775646,0.00964700242402377
0.1,DIRECT,1.445,0.113435981823252,0.0694281306190996,0.00617355441193462,0.0377429318898646,0.00964765837207667
0.1,DIRECT,1.45,0.113449503443318,0.0694300902804413,0.00636394417925973,0.0384132034301459,0.00964831524862374
0.1,DIRECT,1.455,0.113463058746374,0.06943204945029,0.00655768741018324,0.0390842211614757,0.00964897285644967
0.1,DIRECT,1.46,0.113476644387852,0.0694340075166478,0.00675478749957226,0.0397558072445481,0.00964963102126915
0.1,DIRECT,1.465,0.113490257015698,0.0694359636821087,0.00695524640900146,0.0404278099743536,0.00965028959440892
0.1,DIRECT,1.47,0.1135038932712,0.069437917342228,0.00715906579724618,0.0411000502989882,0.00965094840039532
0.1,DIRECT,1.475,0.113517549789816,0.0694398680095719,0.00736624679195089,0.0417723326336095,0.00965160724755216
0.1,DIRECT,1.48,0.113531223202004,0.0694418150304271,0.00757678914142662,0.0424444850160732,0.00965226596735386
0.1,DIRECT,1.485,0.113544910134054,0.0694437576157647,0.00779069123543067,0.0431163548325149,0.00965292441023646
0.1,DIRECT,1.49,0.113558607208922,0.0694456951949907,0.00800795118296835,0.0437876723753448,0.00965358231188233
0.1,DIRECT,1.495,0.113572311047058,0.0694476272729332,0.00822856669445001,0.0444584075120655,0.00965423964276113
0.1,DIRECT,1.5,0.113586018267245,0.0694495532047937,0.00845253406956241,0.0451283105506857,0.00965489615817084
0.1,DIRECT,1.505,0.113599725487432,0.0694514722398134,0.00867984827728478,0.0457972247443301,0.00965555170449708
0.1,DIRECT,1.51,0.113613429325568,0.0694533838351482,0.00891050419998393,0.0464650158910995,0.00965620615021989
0.1,DIRECT,1.515,0.113627126400436,0.0694552874668545,0.00914449610184543,0.047131529982817,0.00965685934440886
0.1,DIRECT,1.52,0.113640813332486,0.0694571824930477,0.0093818166836654,0.0477963879194938,0.0096575109155401
0.1,DIRECT,1.525,0.113654486744674,0.0694590682028634,0.00962245730951043,0.0484595529376222,0.0096581608275848
0.1,DIRECT,1.53,0.11366814326329,0.069460944015887,0.00986640913181714,0.0491208471921638,0.00965880890625206
0.1,DIRECT,1.535,0.113681779518792,0.0694628093298545,0.0101136623781347,0.0497800967249713,0.00965945498106017
0.1,DIRECT,1.54,0.113695392146638,0.0694646635432024,0.0103642063943419,0.0504371283535416,0.0096600988822876
0.1,DIRECT,1.545,0.113708977788116,0.0694665060770444,0.0106180297548007,0.0510917666001234,0.0096607404379634
0.1,DIRECT,1.55,0.113722533091172,0.0694683363203779,0.0108751199776084,0.0517438415823452,0.00966137948160022
0.1,DIRECT,1.555,0.113736054711238,0.0694701536165364,0.0111354635243503,0.0523931909712818,0.00966201585411317
0.1,DIRECT,1.56,0.113749539312057,0.0694719574280748,0.011399046699236,0.0530397160420009,0.00966264945875029
0.1,DIRECT,1.565,0.113762983566504,0.0694737472965662,0.0116658553033928,0.0536831510852167,0.00966328003511234
0.1,DIRECT,1.57,0.113776384157412,0.0694755225367666,0.011935872896032,0.0543232655433759,0.00966390735724933
0.1,DIRECT,1.575,0.113789737778385,0.0694772824603552,0.0122090824371635,0.0549599803141376,0.00966453134763972
0.1,DIRECT,1.58,0.113803041134617,0.0694790265218677,0.0124854665303305,0.0555931235210494,0.00966515183784192
0.1,DIRECT,1.585,0.113816290943704,0.0694807542935474,0.0127650073058809,0.0562225080575249,0.00966576864448857
0.1,DIRECT,1.59,0.113829483936453,0.0694824651435939,0.0130476854333707,0.0568479771877204,0.00966638161397609
0.1,DIRECT,1.595,0.113842616857692,0.0694841583643149,0.0133334805166429,0.0574693864720306,0.00966699060475142
0.1,DIRECT,1.6,0.113855686467068,0.0694858334440019,0.01362237191287,0.058086565362018,0.00966759544967444
0.1,DIRECT,1.605,0.113868689539851,0.0694874900524577,0.0139143388356079,0.0586993192242744,0.00966819595800138
0.1,DIRECT,1.61,0.113881622867727,0.0694891274969071,0.0142093581508923,0.0593073834744509,0.00966879187043545
0.1,DIRECT,1.615,0.113894483259591,0.069490744919522,0.0145074048174255,0.0599105604253847,0.00966938299324015
0.1,DIRECT,1.62,0.113907267542334,0.0694923418888128,0.0148084552677034,0.0605090823958037,0.00966996955409146
0.1,DIRECT,1.625,0.113919972561625,0.0694939182757316,0.0151124867746729,0.0611026363202729,0.00967055124618038
0.1,DIRECT,1.63,0.113932595182691,0.0694954733976142,0.0154194732833683,0.0616909813154543,0.00967112783343748
0.1,DIRECT,1.635,0.11394513229109,0.0694970065443201,0.0157293878276962,0.0622739879486698,0.00967169918901673
0.1,DIRECT,1.64,0.113957580793476,0.0694985173013141,0.0160422035643745,0.0628514870285741,0.00967226514710797
0.1,DIRECT,1.645,0.113969937618369,0.0695000053588454,0.0163578931709273,0.0634232966896278,0.00967282552948013
0.1,DIRECT,1.65,0.113982199716906,0.069501469984882,0.0166764273456933,0.0639892969961107,0.00967338021859435
0.1,DIRECT,1.655,0.1139943640636,0.0695029106060763,0.0169977766179987,0.064549502038858,0.00967392922825987
0.1,DIRECT,1.66,0.114006427657078,0.0695043269746735,0.0173219118290619,0.0651036012235622,0.00967447225408942
0.1,DIRECT,1.665,0.11401838752083,0.0695057186544844,0.0176488023127026,0.0656514103760859,0.00967500911558948
0.1,DIRECT,1.67,0.114030240703938,0.0695070848875275,0.0179784155626891,0.0661928226173885,0.00967553970801694
0.1,DIRECT,1.675,0.114041984281807,0.0695084252290374,0.0183107192864769,0.0667276892121489,0.00967606388560885
0.1,DIRECT,1.68,0.114053615356885,0.0695097394627723,0.0186456811851008,0.0672558315925045,0.00967658147336594
0.1,DIRECT,1.685,0.114065131059377,0.0695110268871608,0.0189832665293928,0.067777034463397,0.00967709226029569
0.1,DIRECT,1.69,0.114076528547957,0.0695122868678358,0.0193234399621617,0.0682912630002175,0.00967759621226944
0.1,DIRECT,1.695,0.114087805010466,0.0695135191891629,0.0196661669621337,0.068798376975904,0.00967809319186249
0.1,DIRECT,1.7,0.114098957664603,0.0695147234579276,0.0200114118300685,0.0692982335624137,0.00967858305910113
0.1,DIRECT,1.705,0.11410998375862,0.0695158989824148,0.0203591372256296,0.0697907238383042,0.00967906570724066
0.1,DIRECT,1.71,0.114120880571992,0.0695170454182117,0.0207093060472726,0.0702756443889818,0.0096795409369316
0.1,DIRECT,1.715,0.114131645416094,0.0695181625577384,0.0210618809220335,0.0707529059975034,0.00968000866073997
0.1,DIRECT,1.72,0.114142275634861,0.0695192497307533,0.0214168225763976,0.0712224165293058,0.00968046878837244
0.1,DIRECT,1.725,0.114152768605446,0.0695203065139386,0.0217740918870878,0.0716841166127598,0.00968092126164391
0.1,DIRECT,1.73,0.114163121738865,0.0695213328168399,0.0221336501419531,0.0721377825677045,0.00968136586134434
0.1,DIRECT,1.735,0.114173332480638,0.0695223280904337,0.0224954564787176,0.0725833047079192,0.0096818024799795
0.1,DIRECT,1.74,0.114183398311418,0.0695232917903576,0.0228594694051758,0.0730205852756711,0.00968223102174532
0.1,DIRECT,1.745,0.11419331674761,0.0695242237853916,0.0232256480455944,0.0734494712286917,0.00968265133665798
0.1,DIRECT,1.75,0.114203085341989,0.0695251237010841,0.0235939501857656,0.0738698471425216,0.00968306331159971
0.1,DIRECT,1.755,0.114212701684301,0.0695259909310866,0.02396433231943,0.0742816336479244,0.00968346686878742
0.1,DIRECT,1.76,0.114222163401857,0.0695268252992684,0.0243367516363611,0.0746846938045138,0.00968386187401741
0.1,DIRECT,1.765,0.11423146816012,0.0695276265911306,0.0247111646304229,0.0750788994335565,0.00968424820167252
0.1,DIRECT,1.77,0.11424061366328,0.0695283941817355,0.0250875260009554,0.0754641837924837,0.00968462578634399
0.1,DIRECT,1.775,0.114249597654821,0.0695291278400757,0.0254657910676351,0.0758404278212144,0.0096849945113511
0.1,DIRECT,1.78,0.114258417918078,0.0695298274716898,0.0258459150088771,0.0762074965945789,0.00968535424446506
0.1,DIRECT,1.785,0.114267072276782,0.0695304924745974,0.0262278509509724,0.0765653304724854,0.00968570492723767
0.1,DIRECT,1.79,0.1142755585956,0.0695311225694206,0.0266115524610262,0.0769138277006434,0.00968604645994813
0.1,DIRECT,1.795,0.114283874780659,0.0695317177289946,0.0269969732712718,0.0772528075699022,0.00968637866549867
0.1,DIRECT,1.8,0.114292018780067,0.0695322773930344,0.0273840649945576,0.0775822572878564,0.00968670153135252
0.1,DIRECT,1.805,0.114299988584411,0.0695328012497776,0.0277727795932809,0.0779020964478168,0.00968701497870988
0.1,DIRECT,1.81,0.114307782227264,0.0695332893331184,0.0281630695719655,0.078212193446598,0.00968731887859757
0.1,DIRECT,1.815,0.114315397785659,0.0695337411821273,0.0285548856045426,0.0785125353087395,0.00968761321829945
0.1,DIRECT,1.82,0.114322833380572,0.0695341564802577,0.0289481784076604,0.0788030524023569,0.00968789792957519
0.1,DIRECT,1.825,0.114330087177381,0.0695345352938513,0.0293428992963177,0.0790835672544308,0.00968817283849845
0.1,DIRECT,1.83,0.11433715738632,0.069534877205958,0.0297389976439407,0.079354026973359,0.00968843789323465
0.1,DIRECT,1.835,0.114344042262921,0.0695351818588185,0.0301364225798071,0.0796143741101396,0.00968869303748288
0.1,DIRECT,1.84,0.114350740108444,0.069535449335852,0.0305351241439874,0.079864492647383,0.00968893815754427
0.1,DIRECT,1.845,0.114357249270295,0.0695356792855382,0.0309350506830036,0.0801043319654564,0.00968917320381081
0.1,DIRECT,1.85,0.114363568142437,0.0695358713536004,0.0313361501560895,0.0803338457277221,0.00968939813087186
0.1,DIRECT,1.855,0.114369695165781,0.069536025651439,0.0317383715523276,0.0805529256356099,0.00968961283259315
0.1,DIRECT,1.86,0.114375628828577,0.0695361418759132,0.0321416622173852,0.0807615078470558,0.00968981724640845
0.1,DIRECT,1.865,0.114381367666783,0.0695362196699565,0.0325459689257115,0.0809595342163032,0.00969001131533401
0.1,DIRECT,1.87,0.114386910264425,0.0695362591668785,0.0329512396377239,0.0811469499876925,0.00969019498570845
0.1,DIRECT,1.875,0.11439225525395,0.0695362601239486,0.033357420969659,0.0813237129510131,0.00969036821616509
0.1,DIRECT,1.88,0.114397401316564,0.0695362222208317,0.0337644589545035,0.0814897836649617,0.00969053096805085
0.1,DIRECT,1.885,0.11440234718255,0.0695361455864901,0.034172300416608,0.0816449730553686,0.00969068305607009
0.1,DIRECT,1.89,0.114407091631592,0.06953602999218,0.0345808909760152,0.0817893688566862,0.00969082456620394
0.1,DIRECT,1.895,0.114411633493068,0.0695358751630096,0.0349901760093318,0.0819229495616511,0.00969095547737495
0.1,DIRECT,1.9,0.11441597164634,0.0695356813102692,0.0354001020950288,0.082045628987979,0.00969107570512314
0.1,DIRECT,1.905,0.114420105021035,0.0695354482431602,0.0358106143732763,0.0821573819348718,0.00969118522475133
0.1,DIRECT,1.91,0.114424032597304,0.0695351757153248,0.0362216575973978,0.0822581951795662,0.00969128402330102
0.1,DIRECT,1.915,0.114427753406076,0.0695348639670542,0.0366331777640438,0.0823479907990379,0.00969137202440641
0.1,DIRECT,1.92,0.114431266529298,0.0695345128151357,0.0370451194085582,0.0824267549175648,0.0096914492144691
0.1,DIRECT,1.925,0.11443457110016,0.0695341220517793,0.0374574268130212,0.0824944812892667,0.00969151558736802
0.1,DIRECT,1.93,0.114437666303307,0.0695336919497896,0.0378700455257509,0.0825510998552481,0.00969157107444435
0.1,DIRECT,1.935,0.114440551375044,0.0695332223299578,0.038282919590058,0.0825966086639411,0.00969161567378555
0.1,DIRECT,1.94,0.114443225603524,0.0695327130314918,0.0386959929658683,0.0826310073367189,0.00969164938502053
0.1,DIRECT,1.945,0.11444568832892,0.0695321643607135,0.0391092108804326,0.0826542336102456,0.00969167214713027
0.1,DIRECT,1.95,0.114447938943592,0.0695315761388528,0.0395225169990487,0.0826662980251509,0.00969168397044475
0.1,DIRECT,1.955,0.114449976892235,0.0695309482592796,0.0399358551058629,0.0826672051110044,0.00969168485940301
0.1,DIRECT,1.96,0.114451801672014,0.0695302810600874,0.040349170227105,0.0826569006916813,0.00969167476091161
0.1,DIRECT,1.965,0.114453412832693,0.069529574360821,0.0407624057692717,0.0826354081354381,0.00969165369787181
0.1,DIRECT,1.97,0.114454809976742,0.0695288281153022,0.0411755054852709,0.0826027360159642,0.00969162167868595
0.1,DIRECT,1.975,0.114455992759437,0.0695280426891328,0.0415884143135479,0.0825588388632017,0.00969157865879266
0.1,DIRECT,1.98,0.114456960888944,0.0695272179002427,0.0420010755281527,0.0825037528694761,0.009691524673661
0.1,DIRECT,1.985,0.114457714126391,0.06952635376829,0.0424134329930821,0.0824374898877078,0.00969145973490701
0.1,DIRECT,1.99,0.114458252285928,0.0695254506797342,0.0428254316655224,0.0823600140816527,0.0096913838074106
0.1,DIRECT,1.995,0.114458575234773,0.0695245084536517,0.043237014821768,0.0822713740545709,0.00969129693880375
0.1,DIRECT,2,0.114458682893242,0.0695235271798213,0.043648126576143,0.0821715843005197,0.00969119914329083
0.1,DIRECT,2.005,0.114458575234773,0.0695225072567068,0.044058712004654,0.0820606198275566,0.00969109039637936
0.1,DIRECT,2.01,0.114458252285928,0.06952144851025,0.0444687145293621,0.0819385407896895,0.00969097075702122
0.1,DIRECT,2.015,0.114457714126391,0.069520351103138,0.044878078649605,0.0818053638669536,0.00969084024156308
0.1,DIRECT,2.02,0.114456960888944,0.0695192154355062,0.0452867496556849,0.0816610763027228,0.00969069883750326
0.1,DIRECT,2.025,0.114455992759437,0.0695180413484367,0.0456946712663164,0.0815057485512973,0.00969054661388807
0.1,DIRECT,2.03,0.114454809976742,0.0695168290780985,0.0461017884935589,0.0813393993081046,0.00969038358903931
0.1,DIRECT,2.035,0.114453412832693,0.0695155790167943,0.0465080469394386,0.081162029297106,0.00969020976366649
0.1,DIRECT,2.04,0.114451801672014,0.0695142910294731,0.0469133907710357,0.0809737179301191,0.00969002521559443
0.1,DIRECT,2.045,0.114449976892235,0.0695129654245258,0.0473177656346781,0.08077448597823,0.0096898299651791
0.1,DIRECT,2.05,0.114447938943592,0.069511602578568,0.0477211175457174,0.0805643486296095,0.00968962402730515
0.1,DIRECT,2.055,0.11444568832892,0.0695102023888485,0.0481233912695623,0.0803433929240764,0.00968940748727296
0.1,DIRECT,2.06,0.114443225603524,0.0695087652317897,0.0485245331916429,0.0801116421592258,0.00968918036791454
0.1,DIRECT,2.065,0.114440551375044,0.069507291436706,0.0489244895970141,0.0798690235776967,0.00968894259792653
0.1,DIRECT,2.07,0.114437666303307,0.0695057809228976,0.0493232057763915,0.0796157369169297,0.00968869437305475
0.1,DIRECT,2.075,0.11443457110016,0.0695042341370671,0.0497206289637946,0.0793518077609665,0.00968843571837195
0.1,DIRECT,2.08,0.114431266529298,0.069502651419059,0.0501167063573057,0.0790772805091429,0.00968816667739017
0.1,DIRECT,2.085,0.114427753406076,0.0695010327567217,0.050511384354415,0.0787922533134218,0.00968788734629987
0.1,DIRECT,2.09,0.114424032597304,0.0694993786570257,0.0509046111900253,0.0784967547452258,0.00968759775310147
0.1,DIRECT,2.095,0.114420105021035,0.069497689424359,0.0512963347450093,0.0781908190570739,0.00968729793136299
0.1,DIRECT,2.1,0.11441597164634,0.0694959650717999,0.0516865022016796,0.0778745411264126,0.0096869879740658
0.1,DIRECT,2.105,0.114411633493068,0.0694942061545113,0.0520750627941224,0.0775479900380116,0.00968666794891405
0.1,DIRECT,2.11,0.114407091631592,0.0694924129616925,0.0524619653322652,0.077211240548074,0.00968633792916998
0.1,DIRECT,2.115,0.11440234718255,0.0694905855847397,0.0528471583698915,0.0768643991821243,0.00968599801923027
0.1,DIRECT,2.12,0.114397401316564,0.0694887246266695,0.0532305923491245,0.0765075037748417,0.00968564825617349
0.1,DIRECT,2.125,0.11439225525395,0.0694868303255894,0.0536122168099645,0.0761405278742302,0.00968528861407627
0.1,DIRECT,2.13,0.114386910264425,0.0694849027902278,0.0539919811842918,0.0757636893107207,0.00968491930641583
0.1,DIRECT,2.135,0.114381367666783,0.0694829426692505,0.0543698371632247,0.0753770426904889,0.00968454038670706
0.1,DIRECT,2.14,0.114375628828577,0.0694809502216924,0.0547457357010659,0.0749806891978224,0.00968415195411215
0.1,DIRECT,2.145,0.114369695165781,0.069478925647179,0.0551196279772548,0.0745747420069254,0.00968375411954358
0.1,DIRECT,2.15,0.114363568142437,0.0694768696223332,0.0554914670297236,0.074159250303472,0.00968334693120408
0.1,DIRECT,2.155,0.114357249270295,0.0694747823911156,0.0558612050452067,0.0737343280182419,0.00968293050074758
0.1,DIRECT,2.16,0.114350740108444,0.0694726641986331,0.0562287946703617,0.0733000923797071,0.00968250494305981
0.1,DIRECT,2.165,0.114344042262921,0.0694705157444878,0.0565941903760306,0.0728565997023587,0.00968207031332986
0.1,DIRECT,2.17,0.11433715738632,0.0694683372688902,0.0569573457380407,0.0724039747144598,0.00968162673379335
0.1,DIRECT,2.175,0.114330087177381,0.0694661290591198,0.0573182149649936,0.0719423388234954,0.00968117432343152
0.1,DIRECT,2.18,0.114322833380572,0.0694638918378052,0.0576767540795129,0.0714717551056498,0.00968071314406001
0.1,DIRECT,2.185,0.114315397785659,0.0694616258436576,0.0580329181203469,0.0709923584301926,0.0096802433278528
0.1,DIRECT,2.19,0.114307782227264,0.0694593314113749,0.0583866630460756,0.0705043256181561,0.00967976504809726
0.1,DIRECT,2.195,0.114299988584411,0.0694570093191071,0.0587379468776832,0.0700077162771127,0.00967927836320974
0.1,DIRECT,2.2,0.114292018780067,0.0694546598175509,0.059086726366125,0.0695026280359787,0.0096787833688681
0.1,DIRECT,2.205,0.114283874780659,0.0694522832540054,0.0594329590846283,0.0689891929490098,0.00967828019448756
0.1,DIRECT,2.21,0.1142755585956,0.0694498803778407,0.0597766043773209,0.068467483225497,0.00967776891083435
0.1,DIRECT,2.215,0.114267072276782,0.0694474514435097,0.0601176205949436,0.0679376081553293,0.00967724962501426
0.1,DIRECT,2.22,0.114258417918078,0.0694449968146911,0.0604559670096292,0.0673997533972077,0.00967672251897573
0.1,DIRECT,2.225,0.114249597654821,0.0694425172614886,0.0607916047540681,0.0668540030667391,0.00967618767515333
0.1,DIRECT,2.23,0.11424061366328,0.0694400131411901,0.0611244947541469,0.0663006996027171,0.00967564542914244
0.1,DIRECT,2.235,0.11423146816012,0.0694374849195243,0.0614545990863743,0.0657398861858578,0.00967509582326082
0.1,DIRECT,2.24,0.114222163401857,0.0694349333751387,0.0617818809358654,0.0651715506126092,0.00967453884554881
0.1,DIRECT,2.245,0.114212701684301,0.0694323588194816,0.0621063026253834,0.0645958532489797,0.00967397465316758
0.1,DIRECT,2.25,0.114203085341989,0.0694297616286879,0.0624278273224675,0.0640129471863826,0.0096734033961491
0.1,DIRECT,2.255,0.11419331674761,0.069427142588034,0.0627464200731401,0.0634229306349017,0.0096728251707408
0.1,DIRECT,2.26,0.114183398311418,0.0694245020639152,0.063062045339272,0.0628259636209396,0.00967224013377103
0.1,DIRECT,2.265,0.114173332480638,0.0694218404347305,0.0633746682974589,0.0622222069591736,0.00967164844284068
0.1,DIRECT,2.27,0.114163121738865,0.0694191584980118,0.0636842560627876,0.0616117645873953,0.00967105019981041
0.1,DIRECT,2.275,0.114152768605446,0.0694164566827336,0.0639907753431099,0.0609947949769936,0.00967044555998464
0.1,DIRECT,2.28,0.114142275634861,0.069413735358091,0.0642941933724413,0.0603714673820903,0.00966983468923506
0.1,DIRECT,2.285,0.114131645416094,0.0694109953192982,0.0645944793703258,0.059741893039293,0.00966921769657526
0.1,DIRECT,2.29,0.114120880571992,0.0694082370694256,0.0648916024037816,0.0591062267380682,0.00966859473370134
0.1,DIRECT,2.295,0.11410998375862,0.0694054609599266,0.065185531805332,0.058464646884163,0.0096679659754537
0.1,DIRECT,2.3,0.114098957664603,0.0694026677552677,0.0654762388071246,0.057817179033206,0.00966733144687727
0.1,DIRECT,2.305,0.114087805010466,0.0693998579757302,0.0657636942491805,0.0571639720460659,0.009666691293858
0.1,DIRECT,2.31,0.114076528547957,0.0693970319600415,0.0660478695543673,0.0565053166763825,0.009666045801339
0.1,DIRECT,2.315,0.114065131059377,0.0693941904658552,0.0663287382707059,0.0558413419348778,0.00966539509575278
0.1,DIRECT,2.32,0.114053615356885,0.0693913341888898,0.0666062745224206,0.0551721570252308,0.00966473928412065
0.1,DIRECT,2.325,0.114041984281807,0.0693884634403672,0.0668804518676867,0.0544979871418789,0.00966407858713666
0.1,DIRECT,2.33,0.114030240703938,0.0693855789699757,0.0671512464943558,0.0538191767989602,0.00966341334243003
0.1,DIRECT,2.335,0.11401838752083,0.069382681616261,0.06741863572658,0.0531356436352173,0.00966274346928545
0.1,DIRECT,2.34,0.114006427657078,0.0693797717015367,0.0676825956595298,0.0524475869622307,0.00966206916303137
0.1,DIRECT,2.345,0.1139943640636,0.0693768498308597,0.0679431040721262,0.0517551676285617,0.00966139058130188
0.1,DIRECT,2.35,0.113982199716906,0.0693739168355584,0.0682001402329718,0.0510585452181402,0.00966070788049173
0.1,DIRECT,2.355,0.113969937618369,0.069370973153417,0.0684536833807744,0.0503580334959857,0.00966002136809551
0.1,DIRECT,2.36,0.113957580793476,0.0693680193474771,0.0687037138927298,0.0496536490474018,0.00965933106036708
0.1,DIRECT,2.365,0.11394513229109,0.0693650562435536,0.0689502134358503,0.0489455270803472,0.00965863708981236
0.1,DIRECT,2.37,0.113932595182691,0.0693620843372723,0.069193163524809,0.0482338507592335,0.0096579396359353
0.1,DIRECT,2.375,0.113919972561625,0.0693591040697409,0.0694325463608195,0.047518812135749,0.00965723888694956
0.1,DIRECT,2.38,0.113907267542334,0.0693561162241393,0.0696683460035926,0.0468005559891065,0.00965653498474103
0.1,DIRECT,2.385,0.113894483259591,0.0693531214689559,0.0699005469866239,0.0460792006175268,0.00965582804524379
0.1,DIRECT,2.39,0.113881622867727,0.06935012012066,0.0701291331706312,0.0453547161501344,0.00965511803918393
0.1,DIRECT,2.395,0.113868689539851,0.0693471127276503,0.07035408943113,0.0446273112103732,0.00965440517101568
0.1,DIRECT,2.4,0.113855686467068,0.0693441000224821,0.070575402125491,0.0438972753502576,0.0096536897245045
0.1,DIRECT,2.405,0.113842616857692,0.0693410824870831,0.0707930586703229,0.0431649240390009,0.00965297200881515
0.1,DIRECT,2.41,0.113829483936453,0.0693380607248523,0.0710070476695084,0.042430433060602,0.00965225219621868
0.1,DIRECT,2.415,0.113816290943704,0.0693350356089218,0.0712173593950994,0.0416939406951542,0.00965153042223174
0.1,DIRECT,2.42,0.113803041134617,0.0693320077658812,0.0714239842464683,0.0409556207234996,0.00965080685716225
0.1,DIRECT,2.425,0.113789737778385,0.069328977667522,0.0716269130279923,0.0402156693770248,0.00965008169332004
0.1,DIRECT,2.43,0.113776384157412,0.0693259460435581,0.0718261381862636,0.0394742468582621,0.00964935508770607
0.1,DIRECT,2.435,0.113762983566504,0.0693229137032471,0.0720216532970998,0.0387315025109043,0.0096486271866795
0.1,DIRECT,2.44,0.113749539312057,0.0693198810980852,0.0722134516797277,0.0379876366958865,0.00964789818659716
0.1,DIRECT,2.445,0.113736054711238,0.0693168488281446,0.072401528143852,0.0372429241043619,0.00964716835666065
0.1,DIRECT,2.45,0.113722533091172,0.0693138177070669,0.07258587899656,0.0364971253480615,0.00964643746226575
0.1,DIRECT,2.455,0.113708977788116,0.0693107880537727,0.0727664976548358,0.0357501946846828,0.00964570545858429
0.1,DIRECT,2.46,0.113695392146638,0.0693077603297088,0.0729433805522837,0.0350029278692627,0.00964497312546859
0.1,DIRECT,2.465,0.113681779518792,0.0693047352634936,0.0731165263201049,0.0342554520482192,0.00964424058752413
0.1,DIRECT,2.47,0.11366814326329,0.0693017137075091,0.0732859347908797,0.0335079116258701,0.00964350798626938
0.1,DIRECT,2.475,0.113654486744674,0.069298696241592,0.0734516058778456,0.0327604895243923,0.00964277550097093
0.1,DIRECT,2.48,0.113640813332486,0.0692956834183477,0.0736135402979898,0.032013372345622,0.00964204331450148
0.1,DIRECT,2.485,0.113627126400436,0.0692926759463743,0.0737717401190669,0.0312667243295195,0.00964131158781875
0.1,DIRECT,2.49,0.113613429325568,0.0692896745868062,0.0739262083814811,0.0305207019971423,0.00964058047431581
0.1,DIRECT,2.495,0.113599725487432,0.0692866799200571,0.0740769488245832,0.0297756436363716,0.00963985030552006
0.1,DIRECT,2.5,0.113586018267245,0.0692836925749741,0.0742239663718319,0.0290316183128088,0.00963912114911686
0.1,DIRECT,2.505,0.113572311047058,0.0692807132281495,0.074367266643207,0.0282887414516377,0.00963839311822469
0.1,DIRECT,2.51,0.113558607208922,0.0692777425360006,0.0745068557862441,0.0275471829189371,0.00963766637931495
0.1,DIRECT,2.515,0.113544910134054,0.0692747810853526,0.0746427410681058,0.0268071897766387,0.00963694117451218
0.1,DIRECT,2.52,0.113531223202004,0.0692718295231506,0.0747749310155027,0.0260690661732923,0.00963621780188669
0.1,DIRECT,2.525,0.113517549789816,0.0692688884901628,0.0749034347760796,0.0253327766878506,0.00963549622672531
0.1,DIRECT,2.53,0.1135038932712,0.0692659585895273,0.0750282620596421,0.0245984952376848,0.00963477661946978
0.1,DIRECT,2.535,0.113490257015698,0.0692630403928286,0.0751494233250379,0.0238663993370007,0.00963405915408676
0.1,DIRECT,2.54,0.113476644387852,0.0692601344971715,0.0752669299737656,0.0231366619298505,0.00963334400006414
0.1,DIRECT,2.545,0.113463058746374,0.0692572414782793,0.0753807942111294,0.0224094579713672,0.00963263132886067
0.1,DIRECT,2.55,0.113449503443318,0.0692543618842663,0.0754910290264049,0.0216849652463846,0.00963192131470824
0.1,DIRECT,2.555,0.113435981823252,0.0692514963356356,0.0755976484887866,0.0209633501353661,0.00963121412066231
0.1,DIRECT,2.56,0.113422497222433,0.0692486454627535,0.0757006675560185,0.0202447764137919,0.00963050990722539
0.1,DIRECT,2.565,0.113409052967986,0.0692458098089376,0.0758001017810426,0.0195294189242734,0.00962980884574598
0.1,DIRECT,2.57,0.113395652377078,0.0692429898606207,0.0758959674073037,0.0188174592350965,0.00962911111416381
0.1,DIRECT,2.575,0.113382298756105,0.0692401862776096,0.0759882820486173,0.0181090529497752,0.00962841686497275
0.1,DIRECT,2.58,0.113368995399873,0.0692373997063812,0.0760770640696767,0.0174043561395774,0.00962772625112508
0.1,DIRECT,2.585,0.113355745590786,0.069234630637244,0.0761623321480176,0.0167034978954579,0.00962703939913194
0.1,DIRECT,2.59,0.113342552598037,0.0692318794952958,0.0762441056525716,0.0160066379537245,0.0096263564655374
0.1,DIRECT,2.595,0.113329419676798,0.0692291470969014,0.0763224069121046,0.0153146740904919,0.00962567833017604
0.1,DIRECT,2.6,0.113316350067422,0.0692264341966491,0.0763972588361172,0.0146268967374841,0.00962500429765988
0.1,DIRECT,2.605,0.113303346994639,0.0692237412362558,0.0764686834402918,0.013943578595546,0.00962433463524002
0.1,DIRECT,2.61,0.113290413666763,0.0692210684766458,0.0765367025715005,0.0132649673853251,0.00962366958568654
0.1,DIRECT,2.615,0.113277553274899,0.0692184166184236,0.0766013406400604,0.0125911995013261,0.00962300928266817
0.1,DIRECT,2.62,0.113264768992156,0.0692157863378999,0.0766626227353805,0.011922412887639,0.00962235386137228
0.1,DIRECT,2.625,0.113252063972865,0.0692131780326339,0.0767205739076472,0.0112587830190272,0.00962170349376687
0.1,DIRECT,2.63,0.113239441351799,0.0692105919807111,0.0767752196454572,0.0106005002643812,0.0096210583664164
0.1,DIRECT,2.635,0.1132269042434,0.0692080289145553,0.0768265875870397,0.00994768849747452,0.00962041860071912
0.1,DIRECT,2.64,0.113214455741014,0.0692054894710601,0.0768747058647611,0.00930048298273611,0.00961978432923627
0.1,DIRECT,2.645,0.113202098916121,0.069202973987938,0.0769196024935745,0.00865905918400323,0.00961915572392513
0.1,DIRECT,2.65,0.113189836817583,0.0692004828289051,0.076961306385022,0.00802358658949665,0.00961853295088681
0.1,DIRECT,2.655,0.11317767247089,0.0691980167228081,0.076999848065635,0.00739418076228304,0.00961791612337491
0.1,DIRECT,2.66,0.113165608877412,0.0691955762394195,0.0770352588591869,0.00677118028436929,0.00961730557320507
0.1,DIRECT,2.665,0.11315364901366,0.0691931617396956,0.0770675708034331,0.00615471316979566,0.00961670142583304
0.1,DIRECT,2.67,0.113141795830552,0.0691907737531591,0.0770968164097635,0.00554474336757593,0.00961610364592829
0.1,DIRECT,2.675,0.113130052252683,0.0691884129345076,0.0771230290878102,0.00494138700800839,0.00961551234730033
0.1,DIRECT,2.68,0.113118421177605,0.0691860795988938,0.0771462419956934,0.00434480574453211,0.00961492768837205
0.1,DIRECT,2.685,0.113106905475113,0.0691837739727965,0.0771664887437931,0.00375517117474544,0.00961434983731175
0.1,DIRECT,2.69,0.113095507986532,0.0691814967578946,0.0771838050750532,0.00317258487949879,0.00961377889367026
0.1,DIRECT,2.695,0.113084231524024,0.0691792484347976,0.0771982267673894,0.00259717705112372,0.00961321498503809
0.1,DIRECT,2.7,0.113073078869886,0.0691770291665016,0.0772097893392294,0.00202912012596101,0.00961265828040553
0.1,DIRECT,2.705,0.11306205277587,0.0691748394804581,0.0772185300848494,0.00146853207400532,0.00961210889538503
0.1,DIRECT,2.71,0.113051155962498,0.0691726799895526,0.0772244872271646,0.000915515896480201,0.00961156693091938
0.1,DIRECT,2.715,0.113040391118396,0.0691705509139453,0.0772276984650589,0.000370227351874419,0.00961103253965432
0.1,DIRECT,2.72,0.113029760899629,0.0691684525555253,0.0772282024015481,-0.000167192338537347,0.00961050585998892
0.1,DIRECT,2.725,0.113019267929044,0.0691663856472375,0.0772260399700653,-0.000696483261737768,0.00960998714664196
0.1,DIRECT,2.73,0.113008914795625,0.0691643505144771,0.0772212512422749,-0.00121777387059119,0.00960947627372764
0.1,DIRECT,2.735,0.112998704053852,0.0691623472665667,0.0772138760440807,-0.00173082895461008,0.00960897347175591
0.1,DIRECT,2.74,0.112988638223072,0.0691603765209801,0.0772039563350133,-0.00223561315205778,0.00960847877538181
0.1,DIRECT,2.745,0.11297871978688,0.0691584386522258,0.0771915338252154,-0.00273209278721076,0.00960799221760808
0.1,DIRECT,2.75,0.112968951192501,0.069156533715498,0.0771766498986562,-0.00321997658307893,0.00960751408389071
0.1,DIRECT,2.755,0.112959334850189,0.0691546622501536,0.0771593481906059,-0.00369917882076365,0.00960704445823555
0.1,DIRECT,2.76,0.112949873132633,0.0691528247569758,0.0771396728128841,-0.00416961161024254,0.00960658342677618
0.1,DIRECT,2.765,0.11294056837437,0.0691510213191156,0.0771176671894225,-0.0046311311968612,0.00960613113039442
0.1,DIRECT,2.77,0.11293142287121,0.0691492523306201,0.0770933762336546,-0.0050836412495574,0.00960568766349621
0.1,DIRECT,2.775,0.112922438879669,0.0691475183399535,0.0770668458660669,-0.00552707071949854,0.00960525309571049
0.1,DIRECT,2.78,0.112913618616412,0.069145819446019,0.0770381211931654,-0.00596128827867659,0.00960482755574078
0.1,DIRECT,2.785,0.112904964257708,0.069144155903671,0.0770072483142067,-0.00638618817081316,0.00960441114722986
0.1,DIRECT,2.79,0.11289647793889,0.0691425282832873,0.0769742747861489,-0.00680171285939934,0.00960400392656441
0.1,DIRECT,2.795,0.112888161753831,0.0691409367113482,0.0769392473347603,-0.00720774543258251,0.00960360600831987
0.1,DIRECT,2.8,0.112880017754423,0.0691393813277427,0.0769022132176266,-0.00760417444827688,0.00960321750171122
0.1,DIRECT,2.805,0.112872047950079,0.069137862699495,0.0768632214511463,-0.00799095259945659,0.00960283845310008
0.1,DIRECT,2.81,0.112864254307226,0.0691363809782504,0.0768223202710508,-0.00836797733927419,0.00960246896298396
0.1,DIRECT,2.815,0.112856638748831,0.0691349362146834,0.0767795580671809,-0.00873513547182903,0.00960210914229659
0.1,DIRECT,2.82,0.112849203153918,0.0691335289543105,0.0767349851565131,-0.0090923876214557,0.00960175902962676
0.1,DIRECT,2.825,0.112841949357109,0.0691321593662719,0.0766886511563612,-0.00943964478595838,0.00960141871219799
0.1,DIRECT,2.83,0.11283487914817,0.069130827408175,0.0766406053119643,-0.00977690611473747,0.00960108819084388
0.1,DIRECT,2.835,0.112827994271568,0.0691295335515556,0.0765908986433307,-0.0101040782022555,0.00960076755710333
0.1,DIRECT,2.84,0.112821296426046,0.0691282779714561,0.0765395818990093,-0.010421019484248,0.0096004569497115
0.1,DIRECT,2.845,0.112814787264194,0.0691270606175436,0.0764867056723792,-0.0107276249568073,0.00960015647157388
0.1,DIRECT,2.85,0.112808468392053,0.0691258820000655,0.076432322738486,-0.0110238037604269,0.00959986621173417
0.1,DIRECT,2.855,0.112802341368709,0.069124742315689,0.0763764852590505,-0.0113095641314356,0.00959958616212067
0.1,DIRECT,2.86,0.112796407705913,0.0691236414519366,0.0763192446825197,-0.0115848049885852,0.00959931642179456
0.1,DIRECT,2.865,0.112790668867707,0.0691225798496844,0.0762606544642448,-0.0118495064481241,0.00959905701024222
0.1,DIRECT,2.87,0.112785126270065,0.0691215576697399,0.0762007675348494,-0.0121036128637595,0.00959880798199791
0.1,DIRECT,2.875,0.11277978128054,0.0691205747659639,0.0761396362131851,-0.0123470290400221,0.00959856943035465
0.1,DIRECT,2.88,0.112774635217926,0.069119631545701,0.076077314772522,-0.0125797421751415,0.00959834136785837
0.1,DIRECT,2.885,0.11276968935194,0.069118728147864,0.0760138569602103,-0.0128017054081297,0.00959812384043359
0.1,DIRECT,2.89,0.112764944902898,0.0691178643936581,0.0759493158336612,-0.0130128308497959,0.00959791693421307
0.1,DIRECT,2.895,0.112760403041422,0.0691170406651688,0.0758837464200431,-0.0132131141194769,0.00959772065348993
0.1,DIRECT,2.9,0.11275606488815,0.0691162570608192,0.0758172030470857,-0.0134025520223098,0.00959753500139519
0.1,DIRECT,2.905,0.112751931513455,0.0691155133574351,0.0757497392429046,-0.0135810376330383,0.00959736008271726
0.1,DIRECT,2.91,0.112748003937186,0.0691148099154422,0.0756814106430596,-0.0137485601927949,0.00959719590800001
0.1,DIRECT,2.915,0.112744283128414,0.0691141468087924,0.0756122722214988,-0.0139050877874904,0.00959704250851973
0.1,DIRECT,2.92,0.112740770005191,0.0691135238126973,0.0755423782466613,-0.0140505502544404,0.00959689995303695
0.1,DIRECT,2.925,0.11273746543433,0.0691129412630022,0.0754717848444448,-0.0141849609653839,0.00959676822844715
0.1,DIRECT,2.93,0.112734370231183,0.0691123991842165,0.0754005473669306,-0.0143082932549987,0.00959664736088278
0.1,DIRECT,2.935,0.112731485159446,0.0691118973288181,0.0753287205006498,-0.0144204860004464,0.00959653741024515
0.1,DIRECT,2.94,0.112728810930966,0.069111436011218,0.0752563607530564,-0.0145215618186931,0.00959643835436929
0.1,DIRECT,2.945,0.11272634820557,0.0691110152025231,0.0751835237214228,-0.0146114987770982,0.00959635021474954
0.1,DIRECT,2.95,0.112724097590898,0.069110634640921,0.0751102644170635,-0.0146902460455003,0.00959627304120024
0.1,DIRECT,2.955,0.112722059642255,0.069110294617612,0.0750366395931422,-0.0147578352747999,0.00959620680270301
0.1,DIRECT,2.96,0.112720234862476,0.0691099950523619,0.0749627050209925,-0.0148142242061375,0.0095961515406722
0.1,DIRECT,2.965,0.112718623701797,0.0691097356815756,0.074888515997122,-0.0148594006602849,0.00959610726704364
0.1,DIRECT,2.97,0.112717226557748,0.0691095167691714,0.0748141293886003,-0.0148934068774711,0.00959607394042125
0.1,DIRECT,2.975,0.112716043775053,0.0691093381635096,0.0747396008575494,-0.0149162282136306,0.00959605157515643
0.1,DIRECT,2.98,0.112715075645546,0.0691091995919933,0.0746649857313969,-0.0149278369963284,0.00959604019836862
0.1,DIRECT,2.985,0.112714322408099,0.0691091012926723,0.0745903408817035,-0.014928282033944,0.00959603976222482
0.1,DIRECT,2.99,0.112713784248562,0.0691090430373182,0.0745157216646277,-0.0149175500894856,0.00959605027969751
0.1,DIRECT,2.995,0.112713461299717,0.0691090245977425,0.074441183621676,-0.0148956321527614,0.00959607175961681
0.1,DIRECT,3,0.112713353641248,0.0691090464269473,0.0743667863984693,-0.0148626210994163,0.00959610411096314
0.1,DIRECT,3.005,0.112713353641248,0.0691091060850157,0.074292564527027,-0.0148266011923859,0.00959613941103294
0.1,DIRECT,3.01,0.112713353641248,0.0691091972296512,0.0742185117095,-0.0147950882797119,0.00959617029417809
0.1,DIRECT,3.015,0.112713353641248,0.0691093133385612,0.0741446075849144,-0.0147671575211241,0.00959619766675645
0.1,DIRECT,3.02,0.112713353641248,0.0691094489632103,0.0740708357353547,-0.0147420366849147,0.00959622228556712
0.1,DIRECT,3.025,0.112713353641248,0.0691095999125699,0.0739971835152192,-0.0147191317581932,0.00959624473275199
0.1,DIRECT,3.03,0.112713353641248,0.0691097630494927,0.0739236414403995,-0.014697998088252,0.00959626544407763
0.1,DIRECT,3.035,0.112713353641248,0.0691099356755944,0.0738502013430638,-0.014678253205652,0.00959628479437005
0.1,DIRECT,3.04,0.112713353641248,0.0691101157302234,0.0737768569685213,-0.0146596050229775,0.00959630306987946
0.1,DIRECT,3.045,0.112713353641248,0.0691103017104735,0.0737036037352765,-0.0146418404987294,0.00959632047938986
0.1,DIRECT,3.05,0.112713353641248,0.069110492286513,0.0736304375811003,-0.0146247711202374,0.00959633720764659
0.1,DIRECT,3.055,0.112713353641248,0.0691106863633724,0.0735573551483784,-0.0146082416604898,0.00959635340677454
0.1,DIRECT,3.06,0.112713353641248,0.0691108832392252,0.0734843542589169,-0.0145921526102946,0.00959636917429427
0.1,DIRECT,3.065,0.112713353641248,0.0691110823168375,0.073411433048354,-0.0145764192838023,0.00959638459319924
0.1,DIRECT,3.07,0.112713353641248,0.0691112830401696,0.0733385897759766,-0.0145609628333574,0.00959639974076136
0.1,DIRECT,3.075,0.112713353641248,0.0691114849836729,0.0732658230925928,-0.0145457229051349,0.00959641467612834
0.1,DIRECT,3.08,0.112713353641248,0.0691116878944902,0.0731931321671204,-0.0145306636198104,0.00959642943446247
0.1,DIRECT,3.085,0.112713353641248,0.0691118915386913,0.0731205162253284,-0.0145157517805483,0.00959644404829715
0.1,DIRECT,3.09,0.112713353641248,0.0691120956963777,0.0730479745351509,-0.0145009561791518,0.00959645854821692
0.1,DIRECT,3.095,0.112713353641248,0.0691123002018441,0.0729755065271638,-0.014486253287977,0.00959647295727923
0.1,DIRECT,3.1,0.112713353641248,0.0691125049587041,0.0729031118399563,-0.0144716294035412,0.0095964872889137
0.1,DIRECT,3.105,0.112713353641248,0.0691127098760748,0.0728307901287002,-0.0144570716024024,0.00959650155578552
0.1,DIRECT,3.11,0.112713353641248,0.0691129148685286,0.0727585410650046,-0.0144425677343296,0.00959651576980208
0.1,DIRECT,3.115,0.112713353641248,0.0691131198717218,0.0726863643837968,-0.0144281086371567,0.00959652993994247
0.1,DIRECT,3.12,0.112713353641248,0.0691133248482828,0.0726142599009885,-0.0144136889714499,0.00959654407143941
0.1,DIRECT,3.125,0.112713353641248,0.0691135297629793,0.0725422274389795,-0.0143993037009427,0.00959655816922852
0.1,DIRECT,3.13,0.112713353641248,0.0691137345826981,0.0724702668265983,-0.0143849480897522,0.00959657223795103
0.1,DIRECT,3.135,0.112713353641248,0.0691139392825283,0.0723983779173507,-0.0143706185645005,0.00959658628110892
0.1,DIRECT,3.14,0.112713353641248,0.0691141438480571,0.0723265605963067,-0.0143563130397073,0.00959660030074599
0.1,DIRECT,3.145,0.112713353641248,0.0691143482657019,0.0722548147510978,-0.0143420295475831,0.0095966142987907
0.1,DIRECT,3.15,0.112713353641248,0.0691145525227013,0.0721831402718901,-0.0143277662367467,0.00959662827705743
0.1,DIRECT,3.155,0.112713353641248,0.0691147566094849,0.0721115370584941,-0.0143135217081003,0.00959664223691732
0.1,DIRECT,3.16,0.112713353641248,0.0691149605205713,0.0720400050230577,-0.0142992951421306,0.00959665617917351
0.1,DIRECT,3.165,0.112713353641248,0.0691151642507999,0.0719685440787624,-0.0142850857648149,0.00959667010458455
0.1,DIRECT,3.17,0.112713353641248,0.0691153677953264,0.0718971541398097,-0.0142708928469979,0.00959668401386502
0.1,DIRECT,3.175,0.112713353641248,0.069115571150548,0.0718258351241965,-0.0142567158355167,0.00959669790755704
0.1,DIRECT,3.18,0.112713353641248,0.0691157743144575,0.0717545869547771,-0.0142425544033724,0.00959671178598107
0.1,DIRECT,3.185,0.112713353641248,0.0691159772851702,0.0716834095548451,-0.0142284082410118,0.00959672564944047
0.1,DIRECT,3.19,0.112713353641248,0.0691161800609215,0.0716123028481242,-0.0142142770558991,0.00959673949822193
0.1,DIRECT,3.195,0.112713353641248,0.0691163826404297,0.0715412667598582,-0.0142001606239965,0.00959675333254502
0.1,DIRECT,3.2,0.112713353641248,0.0691165850230386,0.071470301217238,-0.0141860588099636,0.00959676715254237
0.1,DIRECT,3.205,0.112713353641248,0.0691167872081375,0.0713994061476621,-0.0141719714849611,0.00959678095834024
0.1,DIRECT,3.21,0.112713353641248,0.0691169891951595,0.0713285814787303,-0.0141578985263564,0.00959679475005882
0.1,DIRECT,3.215,0.112713353641248,0.0691171909837254,0.0712578271386764,-0.0141438398381979,0.00959680852779214
0.1,DIRECT,3.22,0.112713353641248,0.069117392573704,0.0711871430565492,-0.0141297953597341,0.00959682229159974
0.1,DIRECT,3.225,0.112713353641248,0.06911759396498,0.0711165291615147,-0.0141157650324502,0.00959683604153896
0.1,DIRECT,3.23,0.112713353641248,0.0691177951574516,0.0710459853828509,-0.0141017487998685,0.00959684977766516
0.1,DIRECT,3.235,0.112713353641248,0.0691179961510904,0.0709755116501252,-0.0140877466158891,0.0095968635000235
0.1,DIRECT,3.24,0.112713353641248,0.0691181969459691,0.0709051078932791,-0.0140737584488075,0.00959687720864506
0.1,DIRECT,3.245,0.112713353641248,0.0691183975421643,0.0708347740423363,-0.0140597842675216,0.00959689090356033
0.1,DIRECT,3.25,0.112713353641248,0.0691185979397551,0.0707645100273972,-0.0140458240413039,0.00959690458479942
0.1,DIRECT,3.255,0.112713353641248,0.0691187981388488,0.0706943157787178,-0.0140318777434949,0.00959691825238845
0.1,DIRECT,3.26,0.112713353641248,0.069118998139597,0.0706241912267561,-0.0140179453537232,0.00959693190634738
0.1,DIRECT,3.265,0.112713353641248,0.0691191979421506,0.0705541363020387,-0.0140040268515751,0.00959694554669623
0.1,DIRECT,3.27,0.112713353641248,0.0691193975466583,0.0704841509351549,-0.0139901222163878,0.00959695917345524
0.1,DIRECT,3.275,0.112713353641248,0.0691195969532801,0.0704142350567977,-0.0139762314290959,0.00959697278664309
0.1,DIRECT,3.28,0.112713353641248,0.0691197961621975,0.0703443885977946,-0.0139623544737635,0.00959698638627541
0.1,DIRECT,3.285,0.112713353641248,0.06911999517359,0.0702746114890361,-0.0139484913341761,0.00959699997236809
0.1,DIRECT,3.29,0.112713353641248,0.0691201939876328,0.0702049036614705,-0.0139346419936093,0.00959701354493751
0.1,DIRECT,3.295,0.112713353641248,0.069120392604506,0.0701352650461289,-0.0139208064360083,0.00959702710399941
0.1,DIRECT,3.3,0.112713353641248,0.0691205910244023,0.0700656955741503,-0.0139069846471784,0.0095970406495677
0.1,DIRECT,3.305,0.112713353641248,0.0691207892475116,0.0699961951767349,-0.0138931766125765,0.00959705418165663
0.1,DIRECT,3.31,0.112713353641248,0.0691209872740193,0.0699267637851382,-0.0138793823170538,0.00959706770028105
0.1,DIRECT,3.315,0.112713353641248,0.0691211851041126,0.0698574013306903,-0.0138656017457439,0.00959708120545552
0.1,DIRECT,3.32,0.112713353641248,0.0691213827379881,0.0697881077448189,-0.0138518348851733,0.00959709469719327
0.1,DIRECT,3.325,0.112713353641248,0.0691215801758394,0.0697188829590117,-0.0138380817214792,0.00959710817550785
0.1,DIRECT,3.33,0.112713353641248,0.0691217774178552,0.0696497269048107,-0.0138243422401541,0.0095971216404135
0.1,DIRECT,3.335,0.112713353641248,0.0691219744642252,0.0695806395138294,-0.0138106164268414,0.00959713509192429
0.1,DIRECT,3.34,0.112713353641248,0.0691221713151468,0.0695116207177742,-0.0137969042683714,0.00959714853005312
0.1,DIRECT,3.345,0.112713353641248,0.0691223679708148,0.0694426704484113,-0.0137832057511815,0.00959716195481328
0.1,DIRECT,3.35,0.112713353641248,0.0691225644314187,0.0693737886375606,-0.0137695208610502,0.00959717536621872
0.1,DIRECT,3.355,0.112713353641248,0.0691227606971486,0.0693049752171118,-0.0137558495838483,0.00959718876428326
0.1,DIRECT,3.36,0.112713353641248,0.0691229567682019,0.0692362301190459,-0.0137421919065677,0.00959720214901968
0.1,DIRECT,3.365,0.112713353641248,0.069123152644773,0.069167553275403,-0.0137285478157807,0.00959721552044112
0.1,DIRECT,3.37,0.112713353641248,0.0691233483270517,0.069098944618277,-0.0137149172974205,0.00959722887856137
0.1,DIRECT,3.375,0.112713353641248,0.0691235438152274,0.0690304040798305,-0.0137013003374804,0.00959724222339416
0.1,DIRECT,3.38,0.112713353641248,0.0691237391094973,0.0689619315923168,-0.013687696923034,0.00959725555495215
0.1,DIRECT,3.385,0.112713353641248,0.0691239342100552,0.0688935270880476,-0.0136741070407584,0.0095972688732484
0.1,DIRECT,3.39,0.112713353641248,0.0691241291170903,0.0688251904993884,-0.0136605306766704,0.00959728217829662
0.1,DIRECT,3.395,0.112713353641248,0.0691243238307915,0.068756921758773,-0.0136469678168449,0.00959729547011046
0.1,DIRECT,3.4,0.112713353641248,0.0691245183513554,0.0686887207987248,-0.0136334184484319,0.00959730874870249
0.1,DIRECT,3.405,0.112713353641248,0.0691247126789751,0.0686205875518261,-0.0136198825581566,0.00959732201408575
0.1,DIRECT,3.41,0.112713353641248,0.0691249068138389,0.0685525219507123,-0.013606360132119,0.00959733526627384
0.1,DIRECT,3.415,0.112713353641248,0.0691251007561355,0.0684845239280867,-0.0135928511564725,0.00959734850528034
0.1,DIRECT,3.42,0.112713353641248,0.0691252945060602,0.0684165934167422,-0.0135793556183916,0.00959736173111781
0.1,DIRECT,3.425,0.112713353641248,0.0691254880638058,0.0683487303495298,-0.0135658735046942,0.00959737494379918
0.1,DIRECT,3.43,0.112713353641248,0.0691256814295597,0.0682809346593537,-0.0135524048015228,0.00959738814333803
0.1,DIRECT,3.435,0.112713353641248,0.0691258746035099,0.0682132062791858,-0.0135389494950857,0.00959740132974786
0.1,DIRECT,3.44,0.112713353641248,0.069126067585851,0.0681455451420869,-0.0135255075726324,0.00959741450304119
0.1,DIRECT,3.445,0.112713353641248,0.0691262603767749,0.0680779511811758,-0.0135120790210106,0.00959742766323089
0.1,DIRECT,3.45,0.112713353641248,0.0691264529764685,0.0680104243296242,-0.0134986638264376,0.00959744081033048
0.1,DIRECT,3.455,0.112713353641248,0.0691266453851189,0.0679429645206717,-0.0134852619751786,0.00959745394435341
0.1,DIRECT,3.46,0.112713353641248,0.0691268376029201,0.0678755716876456,-0.0134718734545274,0.00959746706531213
0.1,DIRECT,3.465,0.112713353641248,0.0691270296300629,0.0678082457639315,-0.0134584982513886,0.00959748017321949
0.1,DIRECT,3.47,0.112713353641248,0.0691272214667338,0.0677409866829678,-0.0134451363520292,0.00959749326808894
0.1,DIRECT,3.475,0.112713353641248,0.069127413113119,0.0676737943782601,-0.0134317877427836,0.00959750634993386
0.1,DIRECT,3.48,0.112713353641248,0.0691276045694117,0.0676066687834018,-0.0134184524109902,0.00959751941876668
0.1,DIRECT,3.485,0.112713353641248,0.0691277958358022,0.0675396098320439,-0.0134051303436031,0.00959753247460017
0.1,DIRECT,3.49,0.112713353641248,0.0691279869124759,0.0674726174578903,-0.01339182152695,0.00959754551744774
0.1,DIRECT,3.495,0.112713353641248,0.0691281777996186,0.0674056915947116,-0.0133785259474184,0.00959755854732272
0.1,DIRECT,3.5,0.112713353641248,0.0691283684974225,0.0673388321763662,-0.0133652435923963,0.00959757156423748
0.1,DIRECT,3.505,0.112713353641248,0.0691285590060772,0.0672720391367695,-0.0133519744488915,0.00959758456820475
0.1,DIRECT,3.51,0.112713353641248,0.0691287493257674,0.0672053124098898,-0.013338718503288,0.00959759755923786
0.1,DIRECT,3.515,0.112713353641248,0.0691289394566781,0.0671386519297618,-0.0133254757420271,0.00959761053735012
0.1,DIRECT,3.52,0.112713353641248,0.0691291293990008,0.0670720576305076,-0.0133122461525446,0.00959762350255382
0.1,DIRECT,3.525,0.112713353641248,0.0691293191529243,0.067005529446306,-0.0132990297219013,0.00959763645486166
0.1,DIRECT,3.53,0.112713353641248,0.0691295087186327,0.0669390673113886,-0.0132858264365421,0.00959764939428692
0.1,DIRECT,3.535,0.112713353641248,0.0691296980963101,0.0668726711600534,-0.0132726362829576,0.00959766232084283
0.1,DIRECT,3.54,0.112713353641248,0.0691298872861473,0.0668063409266847,-0.0132594592486388,0.00959767523454166
0.1,DIRECT,3.545,0.112713353641248,0.0691300762883324,0.0667400765457241,-0.0132462953206911,0.00959768813539604
0.1,DIRECT,3.55,0.112713353641248,0.0691302651030487,0.0666738779516652,-0.013233144485616,0.0095977010234192
0.1,DIRECT,3.555,0.112713353641248,0.0691304537304795,0.066607745079068,-0.0132200067299646,0.00959771389862432
0.1,DIRECT,3.56,0.112713353641248,0.0691306421708151,0.0665416778625784,-0.0132068820412652,0.00959772676102363
0.1,DIRECT,3.565,0.112713353641248,0.0691308304242425,0.0664756762368994,-0.0131937704066871,0.00959773961062969
0.1,DIRECT,3.57,0.112713353641248,0.0691310184909445,0.0664097401367859,-0.0131806718127834,0.00959775244745569
0.1,DIRECT,3.575,0.112713353641248,0.0691312063711037,0.0663438694970586,-0.0131675862461584,0.00959776527151475
0.1,DIRECT,3.58,0.112713353641248,0.0691313940649095,0.0662780642526241,-0.0131545136943902,0.00959777808281905
0.1,DIRECT,3.585,0.112713353641248,0.0691315815725483,0.0662123243384456,-0.0131414541446997,0.00959779088138112
0.1,DIRECT,3.59,0.112713353641248,0.0691317688942021,0.0661466496895381,-0.0131284075836895,0.00959780366721407
0.1,DIRECT,3.595,0.112713353641248,0.0691319560300527,0.0660810402409823,-0.0131153739980192,0.00959781644033099
0.1,DIRECT,3.6,0.112713353641248,0.0691321429802889,0.0660154959279442,-0.0131023533753325,0.00959782920074398
0.1,DIRECT,3.605,0.112713353641248,0.0691323297450962,0.0659500166856462,-0.0130893457028787,0.00959784194846555
0.1,DIRECT,3.61,0.112713353641248,0.069132516324656,0.0658846024493625,-0.0130763509673244,0.00959785468350875
0.1,DIRECT,3.615,0.112713353641248,0.0691327027191494,0.0658192531544328,-0.0130633691553861,0.0095978674058866
0.1,DIRECT,3.62,0.112713353641248,0.0691328889287643,0.0657539687362812,-0.0130504002547465,0.00959788011561118
0.1,DIRECT,3.625,0.112713353641248,0.0691330749536856,0.0656887491303885,-0.0130374442527188,0.00959789281269492
0.1,DIRECT,3.63,0.112713353641248,0.0691332607940939,0.065623594272287,-0.0130245011360142,0.00959790549715085
0.1,DIRECT,3.635,0.112713353641248,0.0691334464501697,0.065558504097574,-0.0130115708914129,0.00959791816899191
0.1,DIRECT,3.64,0.112713353641248,0.0691336319221,0.0654934785419313,-0.0129986535066315,0.00959793082823014
0.1,DIRECT,3.645,0.112713353641248,0.069133817210069,0.0654285175410967,-0.0129857489690419,0.00959794347487793
0.1,DIRECT,3.65,0.112713353641248,0.0691340023142566,0.0653636210308594,-0.0129728572654173,0.00959795610894824
0.1,DIRECT,3.655,0.112713353641248,0.0691341872348427,0.0652987889470737,-0.0129599783825771,0.00959796873045397
0.1,DIRECT,3.66,0.112713353641248,0.0691343719720134,0.0652340212256776,-0.0129471123082965,0.00959798133940712
0.1,DIRECT,3.665,0.112713353641248,0.0691345565259523,0.065169317802665,-0.0129342590299881,0.00959799393582002
0.1,DIRECT,3.67,0.112713353641248,0.0691347408968384,0.0651046786140814,-0.0129214185344892,0.00959800651970556
0.1,DIRECT,3.675,0.112713353641248,0.0691349250848509,0.0650401035960365,-0.0129085908086672,0.00959801909107662
0.1,DIRECT,3.68,0.112713353641248,0.0691351090901755,0.0649755926847238,-0.0128957758403487,0.00959803164994513
0.1,DIRECT,3.685,0.112713353641248,0.0691352929129946,0.0649111458163924,-0.0128829736169944,0.00959804419632338
0.1,DIRECT,3.69,0.112713353641248,0.0691354765534869,0.0648467629273425,-0.0128701841254877,0.00959805673022422
0.1,DIRECT,3.695,0.112713353641248,0.0691356600118307,0.0647824439539387,-0.0128574073527652,0.00959806925166045
0.1,DIRECT,3.7,0.112713353641248,0.0691358432882107,0.0647181888326288,-0.0128446432866927,0.00959808176064396
0.1,DIRECT,3.705,0.112713353641248,0.0691360263828091,0.0646539974999158,-0.0128318919147734,0.00959809425718701
0.1,DIRECT,3.71,0.112713353641248,0.0691362092958035,0.0645898698923541,-0.0128191532239583,0.00959810674130238
0.1,DIRECT,3.715,0.112713353641248,0.0691363920273717,0.0645258059465619,-0.0128064272012267,0.00959811921300283
0.1,DIRECT,3.72,0.112713353641248,0.0691365745776977,0.0644618055992402,-0.0127937138344958,0.0095981316723002
0.1,DIRECT,3.725,0.112713353641248,0.0691367569469627,0.0643978687871453,-0.012781013111324,0.00959814411920668
0.1,DIRECT,3.73,0.112713353641248,0.0691369391353438,0.0643339954470843,-0.0127683250187047,0.00959815655373503
0.1,DIRECT,3.735,0.112713353641248,0.069137121143018,0.0642701855159281,-0.0127556495436796,0.00959816897589794
0.1,DIRECT,3.74,0.112713353641248,0.0691373029701686,0.06420643893063,-0.0127429866742084,0.00959818138570721
0.1,DIRECT,3.745,0.112713353641248,0.0691374846169762,0.0641427556281984,-0.0127303363978939,0.00959819378317499
0.1,DIRECT,3.75,0.112713353641248,0.069137666083617,0.0640791355456922,-0.0127176987017936,0.00959820616831397
0.1,DIRECT,3.755,0.112713353641248,0.0691378473702675,0.0640155786202341,-0.012705073572997,0.00959821854113679
0.1,DIRECT,3.76,0.112713353641248,0.0691380284771102,0.0639520847890286,-0.0126924609995065,0.00959823090165522
0.1,DIRECT,3.765,0.112713353641248,0.0691382094043249,0.063888653989335,-0.0126798609689871,0.00959824324988134
0.1,DIRECT,3.77,0.112713353641248,0.0691383901520871,0.0638252861584634,-0.0126672734685371,0.00959825558582779
0.1,DIRECT,3.775,0.112713353641248,0.0691385707205727,0.0637619812337869,-0.0126546984852958,0.00959826790950719
0.1,DIRECT,3.78,0.112713353641248,0.0691387511099634,0.0636987391527602,-0.0126421360073223,0.00959828022093123
0.1,DIRECT,3.785,0.112713353641248,0.0691389313204383,0.0636355598528929,-0.0126295860223298,0.00959829252011195
0.1,DIRECT,3.79,0.112713353641248,0.0691391113521723,0.0635724432717448,-0.0126170485174608,0.00959830480706196
0.1,DIRECT,3.795,0.112713353641248,0.0691392912053404,0.0635093893469386,-0.0126045234799186,0.00959831708179379
0.1,DIRECT,3.8,0.112713353641248,0.0691394708801237,0.0634463980161785,-0.0125920108978068,0.00959832934431911
0.1,DIRECT,3.805,0.112713353641248,0.0691396503767007,0.0633834692172228,-0.012579510758874,0.00959834159464992
0.1,DIRECT,3.81,0.112713353641248,0.0691398296952454,0.0633206028878804,-0.0125670230503339,0.00959835383279875
0.1,DIRECT,3.815,0.112713353641248,0.0691400088359322,0.0632577989660227,-0.0125545477594269,0.00959836605877811
0.1,DIRECT,3.82,0.112713353641248,0.0691401877989415,0.0631950573896019,-0.0125420848743065,0.0095983782725996
0.1,DIRECT,3.825,0.112713353641248,0.069140366584451,0.0631323780966245,-0.0125296343827781,0.00959839047427518
0.1,DIRECT,3.83,0.112713353641248,0.0691405451926341,0.0630697610251472,-0.0125171962720962,0.00959840266381734
0.1,DIRECT,3.835,0.112713353641248,0.0691407236236646,0.0630072061132892,-0.0125047705295689,0.00959841484123851
0.1,DIRECT,3.84,0.112713353641248,0.0691409018777219,0.0629447132992497,-0.0124923571433833,0.00959842700655027
0.1,DIRECT,3.845,0.112713353641248,0.0691410799549832,0.0628822825212825,-0.0124799561013926,0.00959843915976454
0.1,DIRECT,3.85,0.112713353641248,0.0691412578556212,0.0628199137176911,-0.0124675673909085,0.00959845130089373
0.1,DIRECT,3.855,0.112713353641248,0.069141435579809,0.0627576068268412,-0.0124551909992903,0.00959846342995024
0.1,DIRECT,3.86,0.112713353641248,0.0691416131277253,0.0626953617871786,-0.0124428269147696,0.00959847554694561
0.1,DIRECT,3.865,0.112713353641248,0.0691417904995464,0.0626331785372028,-0.0124304751252495,0.00959848765189168
0.1,DIRECT,3.87,0.112713353641248,0.0691419676954447,0.0625710570154632,-0.0124181356180912,0.00959849974480085
0.1,DIRECT,3.875,0.112713353641248,0.0691421447155922,0.0625089971605715,-0.0124058083807075,0.00959851182568545
0.1,DIRECT,3.88,0.112713353641248,0.0691423215601671,0.0624469989112183,-0.0123934934013743,0.00959852389455697
0.1,DIRECT,3.885,0.112713353641248,0.0691424982293451,0.0623850622061486,-0.0123811906680462,0.00959853595142721
0.1,DIRECT,3.89,0.112713353641248,0.0691426747232976,0.0623231869841566,-0.0123689001681289,0.00959854799630852
0.1,DIRECT,3.895,0.112713353641248,0.0691428510421963,0.0622613731840984,-0.0123566218890971,0.00959856002921317
0.1,DIRECT,3.9,0.112713353641248,0.0691430271862185,0.0621996207449092,-0.0123443558192644,0.00959857205015262
0.1,DIRECT,3.905,0.112713353641248,0.0691432031555392,0.0621379296055779,-0.0123321019466331,0.00959858405913861
0.1,DIRECT,3.91,0.112713353641248,0.0691433789503291,0.0620762997051427,-0.0123198602586712,0.00959859605618345
0.1,DIRECT,3.915,0.112713353641248,0.0691435545707591,0.0620147309827035,-0.0123076307428889,0.00959860804129935
0.1,DIRECT,3.92,0.112713353641248,0.0691437300170061,0.0619532233774386,-0.0122954133876547,0.00959862001449774
0.1,DIRECT,3.925,0.112713353641248,0.0691439052892441,0.0618917768285801,-0.0122832081810138,0.0095986319757903
0.1,DIRECT,3.93,0.112713353641248,0.0691440803876434,0.0618303912754092,-0.0122710151104908,0.00959864392518929
0.1,DIRECT,3.935,0.112713353641248,0.0691442553123742,0.0617690666572684,-0.0122588341636387,0.00959865586270689
0.1,DIRECT,3.94,0.112713353641248,0.0691444300636124,0.0617078029135784,-0.0122466653288829,0.00959866778835445
0.1,DIRECT,3.945,0.112713353641248,0.0691446046415316,0.0616465999838134,-0.0122345085943074,0.00959867970214364
0.1,DIRECT,3.95,0.112713353641248,0.0691447790463012,0.0615854578074966,-0.0122223639474868,0.00959869160408664
0.1,DIRECT,3.955,0.112713353641248,0.0691449532780909,0.0615243763242122,-0.0122102313760397,0.00959870349419559
0.1,DIRECT,3.96,0.112713353641248,0.0691451273370758,0.0614633554736223,-0.0121981108684164,0.0095987153724818
0.1,DIRECT,3.965,0.112713353641248,0.0691453012234289,0.0614023951954423,-0.012186002412756,0.0095987272389569
0.1,DIRECT,3.97,0.112713353641248,0.0691454749373189,0.0613414954294363,-0.0121739059966881,0.00959873909363302
0.1,DIRECT,3.975,0.112713353641248,0.0691456484789148,0.0612806561154293,-0.0121618216078758,0.00959875093652224
0.1,DIRECT,3.98,0.112713353641248,0.069145821848391,0.0612198771933238,-0.0121497492348208,0.00959876276763582
0.1,DIRECT,3.985,0.112713353641248,0.0691459950459198,0.0611591586030753,-0.0121376888657032,0.00959877458698536
0.1,DIRECT,3.99,0.112713353641248,0.0691461680716693,0.0610985002846882,-0.0121256404882129,0.00959878639458293
0.1,DIRECT,3.995,0.112713353641248,0.0691463409258091,0.0610379021782309,-0.0121136040902332,0.00959879819044038
0.1,DIRECT,4,0.112713353641248,0.0691465136085109,0.0609773642238395,-0.0121015796600332,0.00959880997456922
0.1,LUT,0,0.112713353641248,0.0693205226144619,0,0,0.00961066971108423
0.1,LUT,0.005,0.112713353641248,0.0693205226144619,0,0,0.00961066971108423
0.1,LUT,0.01,0.112713353641248,0.0693205226144619,0,0,0.00961066971108423
0.1,LUT,0.015,0.112713353641248,0.0693205226144619,0,0,0.00961066971108423
0.1,LUT,0.02,0.112713353641248,0.0693205226144619,0,0,0.00961066971108423
0.1,LUT,0.025,0.112713353641248,0.0693205226144619,0,0,0.00961066971108423
0.1,LUT,0.03,0.112713353641248,0.0693205226144619,0,0,0.00961066971108423
0.1,LUT,0.035,0.112713353641248,0.0693205226144619,0,0,0.00961066971108423
0.1,LUT,0.04,0.112713353641248,0.0693205226144619,0,0,0.00961066971108423
0.1,LUT,0.045,0.112713353641248,0.0693205226144619,0,0,0.00961066971108423
0.1,LUT,0.05,0.112713353641248,0.0693205226144619,0,0,0.00961066971108423
0.1,LUT,0.055,0.112713353641248,0.0693205226144619,0,0,0.00961066971108423
0.1,LUT,0.06,0.112713353641248,0.0693205226144619,0,0,0.00961066971108423
0.1,LUT,0.065,0.112713353641248,0.0693205226144619,0,0,0.00961066971108423
0.1,LUT,0.07,0.112713353641248,0.0693205226144619,0,0,0.00961066971108423
0.1,LUT,0.075,0.112713353641248,0.0693205226144619,0,0,0.00961066971108423
0.1,LUT,0.08,0.112713353641248,0.0693205226144619,0,0,0.00961066971108423
0.1,LUT,0.085,0.112713353641248,0.0693205226144619,0,0,0.00961066971108423
0.1,LUT,0.09,0.112713353641248,0.0693205226144619,0,0,0.00961066971108423
0.1,LUT,0.095,0.112713353641248,0.0693205226144619,0,0,0.00961066971108423
0.1,LUT,0.1,0.112713353641248,0.0693205226144619,0,0,0.00961066971108423
0.1,LUT,0.105,0.112713353641248,0.0693205226144619,0,0,0.00961066971108423
0.1,LUT,0.11,0.112713353641248,0.0693205226144619,0,0,0.00961066971108423
0.1,LUT,0.115,0.112713353641248,0.0693205226144619,0,0,0.00961066971108423
0.1,LUT,0.12,0.112713353641248,0.0693205226144619,0,0,0.00961066971108423
0.1,LUT,0.125,0.112713353641248,0.0693205226144619,0,0,0.00961066971108423
0.1,LUT,0.13,0.112713353641248,0.0693205226144619,0,0,0.00961066971108423
0.1,LUT,0.135,0.112713353641248,0.0693205226144619,0,0,0.00961066971108423
0.1,LUT,0.14,0.112713353641248,0.0693205226144619,0,0,0.00961066971108423
0.1,LUT,0.145,0.112713353641248,0.0693205226144619,0,0,0.00961066971108423
0.1,LUT,0.15,0.112713353641248,0.0693205226144619,0,0,0.00961066971108423
0.1,LUT,0.155,0.112713353641248,0.0693205226144619,0,0,0.00961066971108423
0.1,LUT,0.16,0.112713353641248,0.0693205226144619,0,0,0.00961066971108423
0.1,LUT,0.165,0.112713353641248,0.0693205226144619,0,0,0.00961066971108423
0.1,LUT,0.17,0.112713353641248,0.0693205226144619,0,0,0.00961066971108423
0.1,LUT,0.175,0.112713353641248,0.0693205226144619,0,0,0.00961066971108423
0.1,LUT,0.18,0.112713353641248,0.0693205226144619,0,0,0.00961066971108423
0.1,LUT,0.185,0.112713353641248,0.0693205226144619,0,0,0.00961066971108423
0.1,LUT,0.19,0.112713353641248,0.0693205226144619,0,0,0.00961066971108423
0.1,LUT,0.195,0.112713353641248,0.0693205226144619,0,0,0.00961066971108423
0.1,LUT,0.2,0.112713353641248,0.0693205226144619,0,0,0.00961066971108423
0.1,LUT,0.205,0.112713353641248,0.0693205226144619,0,0,0.00961066971108423
0.1,LUT,0.21,0.112713353641248,0.0693205226144619,0,0,0.00961066971108423
0.1,LUT,0.215,0.112713353641248,0.0693205226144619,0,0,0.00961066971108423
0.1,LUT,0.22,0.112713353641248,0.0693205226144619,0,0,0.00961066971108423
0.1,LUT,0.225,0.112713353641248,0.0693205226144619,0,0,0.00961066971108423
0.1,LUT,0.23,0.112713353641248,0.0693205226144619,0,0,0.00961066971108423
0.1,LUT,0.235,0.112713353641248,0.0693205226144619,0,0,0.00961066971108423
0.1,LUT,0.24,0.112713353641248,0.0693205226144619,0,0,0.00961066971108423
0.1,LUT,0.245,0.112713353641248,0.0693205226144619,0,0,0.00961066971108423
0.1,LUT,0.25,0.112713353641248,0.0693205226144619,0,0,0.00961066971108423
0.1,LUT,0.255,0.112713353641248,0.0693205226144619,0,0,0.00961066971108423
0.1,LUT,0.26,0.112713353641248,0.0693205226144619,0,0,0.00961066971108423
0.1,LUT,0.265,0.112713353641248,0.0693205226144619,0,0,0.00961066971108423
0.1,LUT,0.27,0.112713353641248,0.0693205226144619,0,0,0.00961066971108423
0.1,LUT,0.275,0.112713353641248,0.0693205226144619,0,0,0.00961066971108423
0.1,LUT,0.28,0.112713353641248,0.0693205226144619,0,0,0.00961066971108423
0.1,LUT,0.285,0.112713353641248,0.0693205226144619,0,0,0.00961066971108423
0.1,LUT,0.29,0.112713353641248,0.0693205226144619,0,0,0.00961066971108423
0.1,LUT,0.295,0.112713353641248,0.0693205226144619,0,0,0.00961066971108423
0.1,LUT,0.3,0.112713353641248,0.0693205226144619,0,0,0.00961066971108423
0.1,LUT,0.305,0.112713353641248,0.0693205226144619,0,0,0.00961066971108423
0.1,LUT,0.31,0.112713353641248,0.0693205226144619,0,0,0.00961066971108423
0.1,LUT,0.315,0.112713353641248,0.0693205226144619,0,0,0.00961066971108423
0.1,LUT,0.32,0.112713353641248,0.0693205226144619,0,0,0.00961066971108423
0.1,LUT,0.325,0.112713353641248,0.0693205226144619,0,0,0.00961066971108423
0.1,LUT,0.33,0.112713353641248,0.0693205226144619,0,0,0.00961066971108423
0.1,LUT,0.335,0.112713353641248,0.0693205226144619,0,0,0.00961066971108423
0.1,LUT,0.34,0.112713353641248,0.0693205226144619,0,0,0.00961066971108423
0.1,LUT,0.345,0.112713353641248,0.0693205226144619,0,0,0.00961066971108423
0.1,LUT,0.35,0.112713353641248,0.0693205226144619,0,0,0.00961066971108423
0.1,LUT,0.355,0.112713353641248,0.0693205226144619,0,0,0.00961066971108423
0.1,LUT,0.36,0.112713353641248,0.0693205226144619,0,0,0.00961066971108423
0.1,LUT,0.365,0.112713353641248,0.0693205226144619,0,0,0.00961066971108423
0.1,LUT,0.37,0.112713353641248,0.0693205226144619,0,0,0.00961066971108423
0.1,LUT,0.375,0.112713353641248,0.0693205226144619,0,0,0.00961066971108423
0.1,LUT,0.38,0.112713353641248,0.0693205226144619,0,0,0.00961066971108423
0.1,LUT,0.385,0.112713353641248,0.0693205226144619,0,0,0.00961066971108423
0.1,LUT,0.39,0.112713353641248,0.0693205226144619,0,0,0.00961066971108423
0.1,LUT,0.395,0.112713353641248,0.0693205226144619,0,0,0.00961066971108423
0.1,LUT,0.4,0.112713353641248,0.0693205226144619,0,0,0.00961066971108423
0.1,LUT,0.405,0.112713353641248,0.0693205226144619,0,0,0.00961066971108423
0.1,LUT,0.41,0.112713353641248,0.0693205226144619,0,0,0.00961066971108423
0.1,LUT,0.415,0.112713353641248,0.0693205226144619,0,0,0.00961066971108423
0.1,LUT,0.42,0.112713353641248,0.0693205226144619,0,0,0.00961066971108423
0.1,LUT,0.425,0.112713353641248,0.0693205226144619,0,0,0.00961066971108423
0.1,LUT,0.43,0.112713353641248,0.0693205226144619,0,0,0.00961066971108423
0.1,LUT,0.435,0.112713353641248,0.0693205226144619,0,0,0.00961066971108423
0.1,LUT,0.44,0.112713353641248,0.0693205226144619,0,0,0.00961066971108423
0.1,LUT,0.445,0.112713353641248,0.0693205226144619,0,0,0.00961066971108423
0.1,LUT,0.45,0.112713353641248,0.0693205226144619,0,0,0.00961066971108423
0.1,LUT,0.455,0.112713353641248,0.0693205226144619,0,0,0.00961066971108423
0.1,LUT,0.46,0.112713353641248,0.0693205226144619,0,0,0.00961066971108423
0.1,LUT,0.465,0.112713353641248,0.0693205226144619,0,0,0.00961066971108423
0.1,LUT,0.47,0.112713353641248,0.0693205226144619,0,0,0.00961066971108423
0.1,LUT,0.475,0.112713353641248,0.0693205226144619,0,0,0.00961066971108423
0.1,LUT,0.48,0.112713353641248,0.0693205226144619,0,0,0.00961066971108423
0.1,LUT,0.485,0.112713353641248,0.0693205226144619,0,0,0.00961066971108423
0.1,LUT,0.49,0.112713353641248,0.0693205226144619,0,0,0.00961066971108423
0.1,LUT,0.495,0.112713353641248,0.0693205226144619,0,0,0.00961066971108423
0.1,LUT,0.5,0.112713353641248,0.0693205226144619,0,0,0.00961066971108423
0.1,LUT,0.505,0.112713353641248,0.0693205226144619,0,0,0.00961066971108423
0.1,LUT,0.51,0.112713353641248,0.0693205226144619,0,0,0.00961066971108423
0.1,LUT,0.515,0.112713353641248,0.0693205226144619,0,0,0.00961066971108423
0.1,LUT,0.52,0.112713353641248,0.0693205226144619,0,0,0.00961066971108423
0.1,LUT,0.525,0.112713353641248,0.0693205226144619,0,0,0.00961066971108423
0.1,LUT,0.53,0.112713353641248,0.0693205226144619,0,0,0.00961066971108423
0.1,LUT,0.535,0.112713353641248,0.0693205226144619,0,0,0.00961066971108423
0.1,LUT,0.54,0.112713353641248,0.0693205226144619,0,0,0.00961066971108423
0.1,LUT,0.545,0.112713353641248,0.0693205226144619,0,0,0.00961066971108423
0.1,LUT,0.55,0.112713353641248,0.0693205226144619,0,0,0.00961066971108423
0.1,LUT,0.555,0.112713353641248,0.0693205226144619,0,0,0.00961066971108423
0.1,LUT,0.56,0.112713353641248,0.0693205226144619,0,0,0.00961066971108423
0.1,LUT,0.565,0.112713353641248,0.0693205226144619,0,0,0.00961066971108423
0.1,LUT,0.57,0.112713353641248,0.0693205226144619,0,0,0.00961066971108423
0.1,LUT,0.575,0.112713353641248,0.0693205226144619,0,0,0.00961066971108423
0.1,LUT,0.58,0.112713353641248,0.0693205226144619,0,0,0.00961066971108423
0.1,LUT,0.585,0.112713353641248,0.0693205226144619,0,0,0.00961066971108423
0.1,LUT,0.59,0.112713353641248,0.0693205226144619,0,0,0.00961066971108423
0.1,LUT,0.595,0.112713353641248,0.0693205226144619,0,0,0.00961066971108423
0.1,LUT,0.6,0.112713353641248,0.0693205226144619,0,0,0.00961066971108423
0.1,LUT,0.605,0.112713353641248,0.0693205226144619,0,0,0.00961066971108423
0.1,LUT,0.61,0.112713353641248,0.0693205226144619,0,0,0.00961066971108423
0.1,LUT,0.615,0.112713353641248,0.0693205226144619,0,0,0.00961066971108423
0.1,LUT,0.62,0.112713353641248,0.0693205226144619,0,0,0.00961066971108423
0.1,LUT,0.625,0.112713353641248,0.0693205226144619,0,0,0.00961066971108423
0.1,LUT,0.63,0.112713353641248,0.0693205226144619,0,0,0.00961066971108423
0.1,LUT,0.635,0.112713353641248,0.0693205226144619,0,0,0.00961066971108423
0.1,LUT,0.64,0.112713353641248,0.0693205226144619,0,0,0.00961066971108423
0.1,LUT,0.645,0.112713353641248,0.0693205226144619,0,0,0.00961066971108423
0.1,LUT,0.65,0.112713353641248,0.0693205226144619,0,0,0.00961066971108423
0.1,LUT,0.655,0.112713353641248,0.0693205226144619,0,0,0.00961066971108423
0.1,LUT,0.66,0.112713353641248,0.0693205226144619,0,0,0.00961066971108423
0.1,LUT,0.665,0.112713353641248,0.0693205226144619,0,0,0.00961066971108423
0.1,LUT,0.67,0.112713353641248,0.0693205226144619,0,0,0.00961066971108423
0.1,LUT,0.675,0.112713353641248,0.0693205226144619,0,0,0.00961066971108423
0.1,LUT,0.68,0.112713353641248,0.0693205226144619,0,0,0.00961066971108423
0.1,LUT,0.685,0.112713353641248,0.0693205226144619,0,0,0.00961066971108423
0.1,LUT,0.69,0.112713353641248,0.0693205226144619,0,0,0.00961066971108423
0.1,LUT,0.695,0.112713353641248,0.0693205226144619,0,0,0.00961066971108423
0.1,LUT,0.7,0.112713353641248,0.0693205226144619,0,0,0.00961066971108423
0.1,LUT,0.705,0.112713353641248,0.0693205226144619,0,0,0.00961066971108423
0.1,LUT,0.71,0.112713353641248,0.0693205226144619,0,0,0.00961066971108423
0.1,LUT,0.715,0.112713353641248,0.0693205226144619,0,0,0.00961066971108423
0.1,LUT,0.72,0.112713353641248,0.0693205226144619,0,0,0.00961066971108423
0.1,LUT,0.725,0.112713353641248,0.0693205226144619,0,0,0.00961066971108423
0.1,LUT,0.73,0.112713353641248,0.0693205226144619,0,0,0.00961066971108423
0.1,LUT,0.735,0.112713353641248,0.0693205226144619,0,0,0.00961066971108423
0.1,LUT,0.74,0.112713353641248,0.0693205226144619,0,0,0.00961066971108423
0.1,LUT,0.745,0.112713353641248,0.0693205226144619,0,0,0.00961066971108423
0.1,LUT,0.75,0.112713353641248,0.0693205226144619,0,0,0.00961066971108423
0.1,LUT,0.755,0.112713353641248,0.0693205226144619,0,0,0.00961066971108423
0.1,LUT,0.76,0.112713353641248,0.0693205226144619,0,0,0.00961066971108423
0.1,LUT,0.765,0.112713353641248,0.0693205226144619,0,0,0.00961066971108423
0.1,LUT,0.77,0.112713353641248,0.0693205226144619,0,0,0.00961066971108423
0.1,LUT,0.775,0.112713353641248,0.0693205226144619,0,0,0.00961066971108423
0.1,LUT,0.78,0.112713353641248,0.0693205226144619,0,0,0.00961066971108423
0.1,LUT,0.785,0.112713353641248,0.0693205226144619,0,0,0.00961066971108423
0.1,LUT,0.79,0.112713353641248,0.0693205226144619,0,0,0.00961066971108423
0.1,LUT,0.795,0.112713353641248,0.0693205226144619,0,0,0.00961066971108423
0.1,LUT,0.8,0.112713353641248,0.0693205226144619,0,0,0.00961066971108423
0.1,LUT,0.805,0.112713353641248,0.0693205226144619,0,0,0.00961066971108423
0.1,LUT,0.81,0.112713353641248,0.0693205226144619,0,0,0.00961066971108423
0.1,LUT,0.815,0.112713353641248,0.0693205226144619,0,0,0.00961066971108423
0.1,LUT,0.82,0.112713353641248,0.0693205226144619,0,0,0.00961066971108423
0.1,LUT,0.825,0.112713353641248,0.0693205226144619,0,0,0.00961066971108423
0.1,LUT,0.83,0.112713353641248,0.0693205226144619,0,0,0.00961066971108423
0.1,LUT,0.835,0.112713353641248,0.0693205226144619,0,0,0.00961066971108423
0.1,LUT,0.84,0.112713353641248,0.0693205226144619,0,0,0.00961066971108423
0.1,LUT,0.845,0.112713353641248,0.0693205226144619,0,0,0.00961066971108423
0.1,LUT,0.85,0.112713353641248,0.0693205226144619,0,0,0.00961066971108423
0.1,LUT,0.855,0.112713353641248,0.0693205226144619,0,0,0.00961066971108423
0.1,LUT,0.86,0.112713353641248,0.0693205226144619,0,0,0.00961066971108423
0.1,LUT,0.865,0.112713353641248,0.0693205226144619,0,0,0.00961066971108423
0.1,LUT,0.87,0.112713353641248,0.0693205226144619,0,0,0.00961066971108423
0.1,LUT,0.875,0.112713353641248,0.0693205226144619,0,0,0.00961066971108423
0.1,LUT,0.88,0.112713353641248,0.0693205226144619,0,0,0.00961066971108423
0.1,LUT,0.885,0.112713353641248,0.0693205226144619,0,0,0.00961066971108423
0.1,LUT,0.89,0.112713353641248,0.0693205226144619,0,0,0.00961066971108423
0.1,LUT,0.895,0.112713353641248,0.0693205226144619,0,0,0.00961066971108423
0.1,LUT,0.9,0.112713353641248,0.0693205226144619,0,0,0.00961066971108423
0.1,LUT,0.905,0.112713353641248,0.0693205226144619,0,0,0.00961066971108423
0.1,LUT,0.91,0.112713353641248,0.0693205226144619,0,0,0.00961066971108423
0.1,LUT,0.915,0.112713353641248,0.0693205226144619,0,0,0.00961066971108423
0.1,LUT,0.92,0.112713353641248,0.0693205226144619,0,0,0.00961066971108423
0.1,LUT,0.925,0.112713353641248,0.0693205226144619,0,0,0.00961066971108423
0.1,LUT,0.93,0.112713353641248,0.0693205226144619,0,0,0.00961066971108423
0.1,LUT,0.935,0.112713353641248,0.0693205226144619,0,0,0.00961066971108423
0.1,LUT,0.94,0.112713353641248,0.0693205226144619,0,0,0.00961066971108423
0.1,LUT,0.945,0.112713353641248,0.0693205226144619,0,0,0.00961066971108423
0.1,LUT,0.95,0.112713353641248,0.0693205226144619,0,0,0.00961066971108423
0.1,LUT,0.955,0.112713353641248,0.0693205226144619,0,0,0.00961066971108423
0.1,LUT,0.96,0.112713353641248,0.0693205226144619,0,0,0.00961066971108423
0.1,LUT,0.965,0.112713353641248,0.0693205226144619,0,0,0.00961066971108423
0.1,LUT,0.97,0.112713353641248,0.0693205226144619,0,0,0.00961066971108423
0.1,LUT,0.975,0.112713353641248,0.0693205226144619,0,0,0.00961066971108423
0.1,LUT,0.98,0.112713353641248,0.0693205226144619,0,0,0.00961066971108423
0.1,LUT,0.985,0.112713353641248,0.0693205226144619,0,0,0.00961066971108423
0.1,LUT,0.99,0.112713353641248,0.0693205227702968,1.98145916530607e-09,-2.30110650534243e-08,0.00961066968853303
0.1,LUT,0.995,0.112713353641248,0.0693205224255132,-1.11454013194836e-09,2.70596380858024e-08,0.0096106697376031
0.1,LUT,1,0.112713353641248,0.0693205219435448,-6.57739776448073e-09,9.76465504010093e-08,0.00961066980677937
0.1,LUT,1.005,0.112713461299717,0.0693205237969801,9.9983734843863e-09,8.23079397349602e-06,0.0096106777773905
0.1,LUT,1.01,0.112713784248562,0.0693205334265616,1.04287954893578e-07,3.20331414549457e-05,0.00961070110406169
0.1,LUT,1.015,0.112714322408099,0.0693205577038605,3.54572731335853e-07,7.04918994625103e-05,0.00961073879424342
0.1,LUT,1.02,0.112715075645546,0.0693206018215499,8.32349976197498e-07,0.000122828742044945,0.00961079008516415
0.1,LUT,1.025,0.112716043775053,0.0693206696518964,1.60506806997212e-06,0.000188448099660121,0.00961085439315645
0.1,LUT,1.03,0.112717226557748,0.0693207643301613,2.73785922843033e-06,0.000266854633071745,0.00961093123278016
0.1,LUT,1.035,0.112718623701797,0.0693208884689694,4.29416494375394e-06,0.000357622919541001,0.00961102018711436
0.1,LUT,1.04,0.112720234862476,0.0693210437329964,6.33445020098434e-06,0.000460457638158829,0.00961112096673997
0.1,LUT,1.045,0.112722059642255,0.0693212314923197,8.91814890521512e-06,0.000575101148010404,0.00961123331916487
0.1,LUT,1.05,0.112724097590898,0.0693214531194228,1.21045368452472e-05,0.000701291486063127,0.00961135698766123
0.1,LUT,1.055,0.11272634820557,0.0693217092230945,1.59504238130466e-05,0.000838870769872102,0.00961149181750177
0.1,LUT,1.06,0.112728810930966,0.0693220002297874,2.05118847211835e-05,0.000987702963330506,0.009611637675369
0.1,LUT,1.065,0.112731485159446,0.0693223268679182,2.58456937004276e-05,0.00114760537932312,0.00961179438222671
0.1,LUT,1.07,0.112734370231183,0.0693226892479174,3.20065550290835e-05,0.00131847885133141,0.00961196184089015
0.1,LUT,1.075,0.11273746543433,0.0693230873442534,3.90485370076357e-05,0.00150023955567136,0.00961213996921082
0.1,LUT,1.08,0.112740770005191,0.069323521529923,4.7026656823182e-05,0.00169274341662451,0.00961232862599226
0.1,LUT,1.085,0.112744283128414,0.069323991639168,5.59940596580673e-05,0.00189591873215633,0.00961252774096537
0.1,LUT,1.09,0.112748003937186,0.0693244974365456,6.60034137368758e-05,0.00210969983220544,0.00961273724977246
0.1,LUT,1.095,0.112751931513455,0.0693250391016201,7.71083463083795e-05,0.00233395853241447,0.00961295702679086
0.1,LUT,1.1,0.11275606488815,0.0693256163015539,8.93606527763688e-05,0.00256863536441543,0.00961318701374066
0.1,LUT,1.105,0.112760403041422,0.0693262287054795,0.000102811827331386,0.00281366682854767,0.00961342714839118
0.1,LUT,1.11,0.112764944902898,0.0693268763791722,0.000117514229486594,0.00306892958636418,0.00961367730986885
0.1,LUT,1.115,0.11276968935194,0.0693275588810609,0.000133518363982851,0.00333436837890133,0.009613937444019
0.1,LUT,1.12,0.112774635217926,0.0693282758404502,0.000150874602514253,0.00360991424979318,0.00961420748326333
0.1,LUT,1.125,0.11277978128054,0.069329027246744,0.000169634034617623,0.00389544365944516,0.00961448730653111
0.1,LUT,1.13,0.112785126270065,0.0693298125819257,0.000189845857516117,0.00419090124469612,0.00961477685956558
0.1,LUT,1.135,0.112790668867707,0.0693306314611674,0.000211559284524386,0.00449620921982508,0.00961507606613552
0.1,LUT,1.14,0.112796407705913,0.0693314838156544,0.000234824077520006,0.00481124154627643,0.00961538480272119
0.1,LUT,1.145,0.112802341368709,0.0693323690702051,0.000259688072696674,0.00513594030714515,0.00961570301256311
0.1,LUT,1.15,0.112808468392053,0.069333286835905,0.000286199244626659,0.00547021775214418,0.00961603060966464
0.1,LUT,1.155,0.112814787264194,0.0693342369955481,0.000314405947392368,0.00581394424710524,0.00961636746698228
0.1,LUT,1.16,0.112821296426046,0.069335218929429,0.000344354585305701,0.00616705783410865,0.0096167135237963
0.1,LUT,1.165,0.112827994271568,0.0693362322462095,0.000376091791353923,0.0065294608720361,0.00961706868441688
0.1,LUT,1.17,0.11283487914817,0.0693372767869578,0.000409664424934523,0.00690101950438127,0.00961743281766256
0.1,LUT,1.175,0.112841949357109,0.0693383518965587,0.000445117379832635,0.0072816667665272,0.00961780585790698
0.1,LUT,1.18,0.112849203153918,0.06933945717832,0.000482495833719554,0.00767129587222648,0.00961818770049794
0.1,LUT,1.185,0.112856638748831,0.0693405924374199,0.000521845064870589,0.00806976825535521,0.0096185782096385
0.1,LUT,1.19,0.112864254307226,0.0693417569905028,0.000563208375080769,0.00847701127585765,0.00961897731414026
0.1,LUT,1.195,0.112872047950079,0.0693429504299829,0.00060662936825309,0.00889291013868743,0.00961938490150229
0.1,LUT,1.2,0.112880017754423,0.0693441725310949,0.00065215165859567,0.00931732108660555,0.00961980083084027
0.1,LUT,1.205,0.112888161753831,0.0693454225884049,0.000699816874662101,0.00975016529898554,0.00962022502490873
0.1,LUT,1.21,0.11289647793889,0.0693467001762782,0.000749666926608636,0.010191321357782,0.00962065736471612
0.1,LUT,1.215,0.112904964257708,0.0693480050463055,0.000801743686068887,0.0106406398037411,0.00962109770379004
0.1,LUT,1.22,0.112913618616412,0.0693493364768528,0.000856087029698512,0.0110980351911998,0.0096215459583924
0.1,LUT,1.225,0.112922438879669,0.0693506940159014,0.000912737053924564,0.011563381051781,0.00962200200458223
0.1,LUT,1.23,0.11293142287121,0.0693520773979096,0.000971733813523287,0.0120365217033331,0.00962246568978859
0.1,LUT,1.235,0.11294056837437,0.0693534858913361,0.00103311535949543,0.0125173645915861,0.00962293692330685
0.1,LUT,1.24,0.112949873132633,0.0693549190084284,0.00109691985525112,0.0130057799333567,0.00962341557794749
0.1,LUT,1.245,0.112959334850189,0.0693563764728162,0.0011631854676015,0.0135016053511396,0.00962390149457801
0.1,LUT,1.25,0.112968951192501,0.0693578575504742,0.00123194835538204,0.0140047405574268,0.00962439457491509
0.1,LUT,1.255,0.11297871978688,0.0693593617077131,0.0013032446310759,0.0145150543288466,0.00962489469035779
0.1,LUT,1.26,0.112988638223072,0.069360888662713,0.00137711050364783,0.0150323772691525,0.00962540167489514
0.1,LUT,1.265,0.112998704053852,0.0693624376881735,0.00145358018266049,0.0155566004984493,0.00962591542182316
0.1,LUT,1.27,0.113008914795625,0.069364008193917,0.00153268761484277,0.016087593294511,0.00962643580303202
0.1,LUT,1.275,0.113019267929044,0.069365599895989,0.00161446697943557,0.0166251792282885,0.00962696264561852
0.1,LUT,1.28,0.113029760899629,0.0693672120852068,0.00169895049040894,0.0171692396765444,0.00962749583333003
0.1,LUT,1.285,0.113040391118396,0.0693688441053532,0.00178616982121263,0.0177196462346956,0.00962803524032805
0.1,LUT,1.29,0.113051155962498,0.069370495669799,0.00187615704230458,0.018276215988557,0.00962858068735385
0.1,LUT,1.295,0.11306205277587,0.0693721661008681,0.00196894233615437,0.0188388191544071,0.00962913204721735
0.1,LUT,1.3,0.113073078869886,0.0693738546706656,0.00206455501161006,0.0194073309239666,0.0096296891976045
0.1,LUT,1.305,0.113084231524024,0.0693755610826989,0.00216302493590587,0.0199815634013554,0.0096302519543744
0.1,LUT,1.31,0.113095507986532,0.0693772847049108,0.00226438023087927,0.0205613741382127,0.00963082017792545
0.1,LUT,1.315,0.113106905475113,0.0693790247415064,0.0023686477823107,0.0211466418841333,0.00963139374943035
0.1,LUT,1.32,0.113118421177605,0.0693807808680021,0.0024758551316848,0.0217371768265071,0.00963197248286981
0.1,LUT,1.325,0.113130052252683,0.069382552509729,0.00258602830887693,0.0223328226937429,0.00963255622509521
0.1,LUT,1.33,0.113141795830552,0.0693843388256606,0.00269919177943448,0.0229334590969525,0.00963314485812359
0.1,LUT,1.335,0.11315364901366,0.0693861394278312,0.00281537058946841,0.0235388998407569,0.00963373819948056
0.1,LUT,1.34,0.113165608877412,0.0693879538079371,0.00293458864219365,0.0241489740797078,0.00963433608173493
0.1,LUT,1.345,0.11317767247089,0.0693897811203961,0.0030568680444476,0.0247635570564402,0.00963493838262253
0.1,LUT,1.35,0.113189836817583,0.0693916208676909,0.00318223115081993,0.0253824732345329,0.00963554493011495
0.1,LUT,1.355,0.113202098916121,0.0693934726102574,0.00331069968841323,0.0260055373901338,0.00963615554268991
0.1,LUT,1.36,0.113214455741014,0.0693953355456358,0.00344229349298338,0.0266326141889337,0.0096367700877177
0.1,LUT,1.365,0.1132269042434,0.0693972090312119,0.00357703206803319,0.0272635443177887,0.00963738840906895
0.1,LUT,1.37,0.113239441351799,0.0693990926799475,0.00371493486462443,0.0278981310093318,0.00963801031390857
0.1,LUT,1.375,0.113252063972865,0.0694009857763465,0.00385601952889877,0.0285362226976602,0.00963863565369962
0.1,LUT,1.38,0.113264768992156,0.0694028875344712,0.00400030267063873,0.0291776765891196,0.0096392642885021
0.1,LUT,1.385,0.113277553274899,0.0694047975692694,0.00414780126738726,0.0298222920718541,0.00963989602171325
0.1,LUT,1.39,0.113290413666763,0.069406715274265,0.00429853079747455,0.0304698987840393,0.00964053068637586
0.1,LUT,1.395,0.113303346994639,0.06940863979896,0.00445250516999593,0.0311203598693854,0.0096411681483686
0.1,LUT,1.4,0.113316350067422,0.0694105706552443,0.00460973853377231,0.0317734862861343,0.00964180822242763
0.1,LUT,1.405,0.113329419676798,0.0694125073477309,0.00477024416695385,0.0324290891469357,0.00964245072344039
0.1,LUT,1.41,0.113342552598037,0.0694144490818519,0.00493403360100801,0.033087021058952,0.00964309550695961
0.1,LUT,1.415,0.113355745590786,0.0694163951731951,0.00510111784195143,0.0337471183024629,0.00964374241253742
0.1,LUT,1.42,0.113368995399873,0.0694183452012875,0.00527150782621159,0.0344091791502006,0.00964439124247794
0.1,LUT,1.425,0.113382298756105,0.0694202985017759,0.00544521289838637,0.0350730357404405,0.00964504183227408
0.1,LUT,1.43,0.113395652377078,0.0694222542465276,0.00562224105384886,0.0357385428094137,0.00964569403956508
0.1,LUT,1.435,0.113409052967986,0.0694242119521949,0.00580260041901969,0.0364055058663109,0.00964634767374692
0.1,LUT,1.44,0.113422497222433,0.0694261710753619,0.00598629799995514,0.0370736613825748,0.00964700247655751
0.1,LUT,1.445,0.113435981823252,0.0694281308248882,0.00617333914117435,0.0377429139519574,0.00964765835449724
0.1,LUT,1.45,0.113449503443318,0.0694300904948561,0.00636372864350241,0.0384131176759634,0.00964831516458331
0.1,LUT,1.455,0.113463058746374,0.0694320496454158,0.00655747130193392,0.0390840707759814,0.00964897270906954
0.1,LUT,1.46,0.113476644387852,0.0694340076590726,0.00675457049199167,0.0397555960880389,0.00964963081433248
0.1,LUT,1.465,0.113490257015698,0.0694359637399244,0.00695502817614254,0.0404275417725959,0.00965028933156702
0.1,LUT,1.47,0.1135038932712,0.0694379173085139,0.00715884608515212,0.0410997252660952,0.00965094808185802
0.1,LUT,1.475,0.113517549789816,0.069439867873435,0.007366025332452,0.0417719515493769,0.00965160687408368
0.1,LUT,1.48,0.113531223202004,0.069441814773088,0.00757656563998155,0.0424440498221959,0.00965226554085708
0.1,LUT,1.485,0.113544910134054,0.0694437572349565,0.00779046551556292,0.0431158651635712,0.00965292393035327
0.1,LUT,1.49,0.113558607208922,0.0694456947200694,0.00800772328376829,0.0437872097668297,0.00965358185851878
0.1,LUT,1.495,0.113572311047058,0.0694476266953731,0.00822833640434297,0.0444578952737285,0.00965423914075958
0.1,LUT,1.5,0.113586018267245,0.0694495525025564,0.008452301079634,0.0451277514338226,0.00965489561022761
0.1,LUT,1.505,0.113599725487432,0.0694514714155674,0.00867961242700266,0.0457966180154568,0.00965555110989333
0.1,LUT,1.51,0.113613429325568,0.0694533828814608,0.00891026520048398,0.0464643107304248,0.00965620545915144
0.1,LUT,1.515,0.113627126400436,0.0694552863299823,0.00914425322172838,0.0471306482909117,0.00965685848033706
0.1,LUT,1.52,0.113640813332486,0.0694571811291094,0.00938156924805004,0.0477954587758429,0.00965751000496485
0.1,LUT,1.525,0.113654486744674,0.0694590666225007,0.00962220508505904,0.0484585743871975,0.00965815986859015
0.1,LUT,1.53,0.11366814326329,0.0694609422286903,0.0098661518853686,0.0491198174541783,0.0096588078970928
0.1,LUT,1.535,0.113681779518792,0.0694628073414866,0.0101133998524731,0.0497790146153889,0.00965945392057593
0.1,LUT,1.54,0.113695392146638,0.0694646613580694,0.0103639383269618,0.0504359929002298,0.00966009776952567
0.1,LUT,1.545,0.113708977788116,0.0694665036947993,0.0106177558346773,0.0510905775528734,0.00966073927267858
0.1,LUT,1.55,0.113722533091172,0.0694683337441561,0.0108748399607659,0.0517425981991195,0.0096613782630653
0.1,LUT,1.555,0.113736054711238,0.0694701508665367,0.0111351773281712,0.0523918900719202,0.00966201457921154
0.1,LUT,1.56,0.113749539312057,0.0694719544908779,0.011398753901862,0.0530382798130038,0.00966264805122351
0.1,LUT,1.565,0.113762983566504,0.069473744108735,0.0116655549722548,0.0536815863769426,0.00966327850167387
0.1,LUT,1.57,0.113776384157412,0.0694755190889832,0.0119355646047665,0.0543216473554153,0.00966390577139993
0.1,LUT,1.575,0.113789737778385,0.0694772787611677,0.0122087658933006,0.0549583072256645,0.00966452970798696
0.1,LUT,1.58,0.113803041134617,0.0694790225883186,0.0124851414814279,0.0555913929204372,0.00966515014182638
0.1,LUT,1.585,0.113816290943704,0.0694807501392986,0.0127646734810899,0.0562207178113585,0.00966576689001945
0.1,LUT,1.59,0.113829483936453,0.0694824607618772,0.0130473424995627,0.0568461281021317,0.00966637980184342
0.1,LUT,1.595,0.113842616857692,0.0694841537573931,0.0133331281671412,0.0574674781348445,0.00966698873455126
0.1,LUT,1.6,0.113855686467068,0.0694858286251351,0.0136220098733343,0.0580845958177552,0.00966759351949039
0.1,LUT,1.605,0.113868689539851,0.0694874850120332,0.013913966618082,0.0586972898186957,0.00966819396915231
0.1,LUT,1.61,0.113881622867727,0.069489122247144,0.0142089756253262,0.0593054155941886,0.00966878994188214
0.1,LUT,1.615,0.113894483259591,0.0694907396096777,0.0145070131509429,0.0599088374639081,0.00966938130471107
0.1,LUT,1.62,0.113907267542334,0.0694923366387049,0.0148080554151626,0.0605073847814097,0.00966996789040292
0.1,LUT,1.625,0.113919972561625,0.0694939130430452,0.0151120783350203,0.0611008647666811,0.00967054951003028
0.1,LUT,1.63,0.113932595182691,0.0694954681296498,0.0154190558220091,0.061689143565145,0.00967112603241356
0.1,LUT,1.635,0.11394513229109,0.0694970012082792,0.015728960999619,0.0622720889579327,0.00967169732797624
0.1,LUT,1.64,0.113957580793476,0.0694985118837044,0.0160417670833013,0.0628495290143949,0.00967226322822358
0.1,LUT,1.645,0.113969937618369,0.0694999998502146,0.0163574467694372,0.0634212812710579,0.00967282355433855
0.1,LUT,1.65,0.113982199716906,0.0695014643604797,0.0166759706546166,0.0639872280487381,0.00967337819099371
0.1,LUT,1.655,0.1139943640636,0.069502904824914,0.0169973090371915,0.0645472315762987,0.0096739270031712
0.1,LUT,1.66,0.114006427657078,0.0695043209673106,0.0173214323871297,0.065101111996503,0.00967446981460814
0.1,LUT,1.665,0.11401838752083,0.0695057123426232,0.0176483099102594,0.0656487157501804,0.00967500647481414
0.1,LUT,1.67,0.114030240703938,0.0695070782130935,0.0179779091863673,0.0661899331800537,0.00967553687632336
0.1,LUT,1.675,0.114041984281807,0.0695084181539133,0.0183101979897563,0.06672461276532,0.00967606087064305
0.1,LUT,1.68,0.114053615356885,0.0695097319516638,0.0186451439892497,0.0672525755694426,0.00967657828241263
0.1,LUT,1.685,0.114065131059377,0.0695110189367081,0.0189827127609812,0.0677737098838467,0.00967708900215596
0.1,LUT,1.69,0.114076528547957,0.0695122785293078,0.0193228694316452,0.0682878938989866,0.00967759291049777
0.1,LUT,1.695,0.114087805010466,0.0695135105102976,0.0196655794940681,0.068794957407416,0.00967808984063212
0.1,LUT,1.7,0.114098957664603,0.0695147144606627,0.0200108071387114,0.0692947612590995,0.00967857965618981
0.1,LUT,1.705,0.11410998375862,0.0695158896906406,0.0203585150520166,0.0697872074535741,0.00967906226112887
0.1,LUT,1.71,0.114120880571992,0.0695170358780103,0.0207086663347873,0.070272148754805,0.00967953751115568
0.1,LUT,1.715,0.114131645416094,0.069518152819617,0.021061223764652,0.0707494239476851,0.00968000524827692
0.1,LUT,1.72,0.114142275634861,0.0695192398293016,0.0214161480063836,0.0712189431842987,0.00968046538444025
0.1,LUT,1.725,0.114152768605446,0.0695202964721719,0.02177339981918,0.0716805839990009,0.00968091779962742
0.1,LUT,1.73,0.114163121738865,0.0695213226308457,0.0221329402603428,0.0721341819740324,0.00968136233270647
0.1,LUT,1.735,0.114173332480638,0.0695223177453011,0.0224947284228179,0.0725796384780573,0.00968179888701715
0.1,LUT,1.74,0.114183398311418,0.0695232812811944,0.022858722847549,0.0730168543601764,0.00968222736539004
0.1,LUT,1.745,0.11419331674761,0.0695242131149189,0.023224882682636,0.0734456754446189,0.00968264761673048
0.1,LUT,1.75,0.114203085341989,0.0695251128606503,0.0235931656802599,0.073865987913095,0.00968305952949477
0.1,LUT,1.755,0.114212701684301,0.06952597991799,0.0239635283517242,0.074277711594652,0.00968346302511414
0.1,LUT,1.76,0.114222163401857,0.0695268141190458,0.024335927912241,0.0746807083377981,0.00968385796819797
0.1,LUT,1.765,0.11423146816012,0.0695276152377956,0.0247103208218955,0.0750748515608706,0.00968424423469425
0.1,LUT,1.77,0.11424061366328,0.0695283826519799,0.0250866617876007,0.0754600741875251,0.00968462175886714
0.1,LUT,1.775,0.114249597654821,0.0695291161406294,0.0254649061595378,0.0758362557042798,0.00968499042261153
0.1,LUT,1.78,0.114258417918078,0.0695298155998017,0.0258450090885824,0.076203262472232,0.00968535009495923
0.1,LUT,1.785,0.114267072276782,0.0695304804256719,0.0262269236949309,0.07656103515464,0.00968570071775929
0.1,LUT,1.79,0.1142755585956,0.0695311103498718,0.0266106035787808,0.0769094704174194,0.00968604218974272
0.1,LUT,1.795,0.114283874780659,0.0695317053505764,0.0269960025617653,0.077248433564522,0.00968637437890528
0.1,LUT,1.8,0.114292018780067,0.0695322648722497,0.0273830723675795,0.0775778691001481,0.00968669723086023
0.1,LUT,1.805,0.114299988584411,0.0695327886103715,0.0277717649818335,0.0778976895988013,0.00968701065992922
0.1,LUT,1.81,0.114307782227264,0.0695332765942355,0.0281620329074378,0.078207764013408,0.00968731453768407
0.1,LUT,1.815,0.114315397785659,0.0695337283330111,0.0285538266249527,0.0785080386705275,0.00968760881152398
0.1,LUT,1.82,0.114322833380572,0.0695341434980941,0.028947096646843,0.0787984406419131,0.00968789340997814
0.1,LUT,1.825,0.114330087177381,0.0695345221531328,0.0293417942137181,0.0790788451944717,0.00968816821080616
0.1,LUT,1.83,0.11433715738632,0.0695348638739612,0.0297378686764362,0.0793492004818361,0.0096884331631978
0.1,LUT,1.835,0.114344042262921,0.0695351683207552,0.0301352692214171,0.0796094465240405,0.00968868820837177
0.1,LUT,1.84,0.114350740108444,0.0695354355843054,0.0305339459150366,0.0798594661887115,0.0096889332315365
0.1,LUT,1.845,0.114357249270295,0.0695356653011577,0.0309338470713123,0.0800992105564813,0.00968916818475026
0.1,LUT,1.85,0.114363568142437,0.0695358571323694,0.0313349206984331,0.0803286311292872,0.00968939302048419
0.1,LUT,1.855,0.114369695165781,0.0695360111942132,0.0317371157960841,0.0805476188497991,0.00968960763186041
0.1,LUT,1.86,0.114375628828577,0.0695361271745792,0.0321403797269069,0.0807561292832553,0.00968981197533217
0.1,LUT,1.865,0.114381367666783,0.069536204746061,0.0325446594670848,0.0809541241257552,0.00969000601336103
0.1,LUT,1.87,0.114386910264425,0.069536244051715,0.0329499030686431,0.0811415024234083,0.00969018964701062
0.1,LUT,1.875,0.11439225525395,0.0695362448203795,0.033356057027792,0.0813182259025194,0.00969036283877212
0.1,LUT,1.88,0.114397401316564,0.0695362067454275,0.0337630674331782,0.0814842653389274,0.0096905255600054
0.1,LUT,1.885,0.11440234718255,0.0695361299992576,0.0341708815143349,0.0816395277055602,0.00969067771954248
0.1,LUT,1.89,0.114407091631592,0.0695360143414516,0.0345794449888461,0.0817839825118778,0.00969081928750215
0.1,LUT,1.895,0.114411633493068,0.0695358594943222,0.0349887032012484,0.0819176086252167,0.00969095024317407
0.1,LUT,1.9,0.11441597164634,0.0695356656622725,0.0353986026861755,0.0820403207264562,0.00969107050294419
0.1,LUT,1.905,0.114420105021035,0.0695354326262535,0.0358090884748889,0.0821520975851602,0.00969118004600633
0.1,LUT,1.91,0.114424032597304,0.0695351601449684,0.0362201053110447,0.0822529252445801,0.00969127885868267
0.1,LUT,1.915,0.114427753406076,0.0695348484567793,0.0366315991616909,0.0823427259471483,0.00969136686476958
0.1,LUT,1.92,0.114431266529298,0.0695344973558666,0.0370435144695072,0.0824214889965447,0.0096914440537845
0.1,LUT,1.925,0.11443457110016,0.069534106644348,0.0374557955208612,0.0824892067288072,0.00969151041821663
0.1,LUT,1.93,0.114437666303307,0.0695336765951963,0.0378683878401976,0.0825458089578728,0.00969156588928254
0.1,LUT,1.935,0.114440551375044,0.0695332070092702,0.0382812353855701,0.0825912965421001,0.00969161046782342
0.1,LUT,1.94,0.114443225603524,0.0695326977388274,0.038694282130114,0.0826256672411567,0.00969164415164372
0.1,LUT,1.945,0.11444568832892,0.0695321490903587,0.0391074732767221,0.0826488586689536,0.0096916668796041
0.1,LUT,1.95,0.114447938943592,0.0695315608668176,0.039520752409835,0.0826608839519967,0.00969167866456875
0.1,LUT,1.955,0.114449976892235,0.0695309329769935,0.0399340633334878,0.0826617454230334,0.00969167950882378
0.1,LUT,1.96,0.114451801672014,0.0695302657577465,0.0403473510449243,0.0826513889869549,0.00969166935935515
0.1,LUT,1.965,0.114453412832693,0.0695295590119078,0.0407605588739505,0.0826298403879129,0.00969164824139253
0.1,LUT,1.97,0.114454809976742,0.0695288127106849,0.0411736305989028,0.082597105724064,0.00969161616091221
0.1,LUT,1.975,0.114455992759437,0.0695280272159166,0.0415865111212922,0.0825531399709813,0.00969157307378954
0.1,LUT,1.98,0.114456960888944,0.0695272023308462,0.0419991436440869,0.0824979814215023,0.00969151901755211
0.1,LUT,1.985,0.114457714126391,0.0695263380942089,0.0424114720614991,0.0824316392126487,0.00969145400115434
0.1,LUT,1.99,0.114458252285928,0.0695254348851433,0.042823441282808,0.0823540784656487,0.00969137799041449
0.1,LUT,1.995,0.114458575234773,0.0695244925108946,0.0432349945213746,0.0822653494914309,0.00969129103463805
0.1,LUT,2,0.114458682893242,0.0695235110817337,0.0436460759257707,0.0821654638665077,0.00969119314517019
0.1,LUT,2.005,0.114458575234773,0.0695224909842643,0.0440566305102378,0.0820543982091664,0.00969108429909646
0.1,LUT,2.01,0.114458252285928,0.0695214320365116,0.0444666016452924,0.0819322138375842,0.00969096455650963
0.1,LUT,2.015,0.114457714126391,0.0695203344224433,0.0448759338667646,0.0817989244010864,0.00969083393078625
0.1,LUT,2.02,0.114456960888944,0.0695191985257381,0.0452845723891719,0.0816545194164195,0.00969069241165258
0.1,LUT,2.025,0.114455992759437,0.0695180241837913,0.0456924608921385,0.0814990699126668,0.00969054006871821
0.1,LUT,2.03,0.114454809976742,0.0695168116543347,0.0460995444250064,0.0813325915133216,0.00969037691729441
0.1,LUT,2.035,0.114453412832693,0.0695155613089173,0.0465057685009435,0.0811550878383969,0.00969020296092887
0.1,LUT,2.04,0.114451801672014,0.0695142730131112,0.0469110772607266,0.0809666382724927,0.00969001827741971
0.1,LUT,2.045,0.114449976892235,0.069512947096641,0.0473154163872989,0.0807672605463612,0.00968982288414335
0.1,LUT,2.05,0.114447938943592,0.0695115839115516,0.0477187317955735,0.080556973300709,0.00968961679936797
0.1,LUT,2.055,0.11444568832892,0.0695101833600056,0.0481209682374784,0.0803358629474999,0.00968940010777866
0.1,LUT,2.06,0.114443225603524,0.0695087458401555,0.0485220721433367,0.0801039496837515,0.00968917282916878
0.1,LUT,2.065,0.114440551375044,0.0695072716795334,0.0489219899389344,0.0798612677251054,0.00968893499707022
0.1,LUT,2.07,0.114437666303307,0.0695057608242873,0.0493206671331394,0.0796079092991882,0.00968868670186747
0.1,LUT,2.075,0.11443457110016,0.0695042137358632,0.0497180510115107,0.0793438976226604,0.00968842796631323
0.1,LUT,2.08,0.114431266529298,0.06950263071491,0.0501140886263904,0.0790692826390522,0.00968815883935294
0.1,LUT,2.085,0.114427753406076,0.0695010117574454,0.0505087263834128,0.0787841613662525,0.00968787941606563
0.1,LUT,2.09,0.114424032597304,0.0694993573818595,0.050901912526084,0.0784885607386663,0.00968758972284745
0.1,LUT,2.095,0.114420105021035,0.0694976678621873,0.0512935948552554,0.0781825461795655,0.00968728982381421
0.1,LUT,2.1,0.11441597164634,0.069495943248352,0.0516837208059048,0.0778662187063581,0.00968697981796455
0.1,LUT,2.105,0.114411633493068,0.0694941841085811,0.0520722396781384,0.0775396097495982,0.00968665973610091
0.1,LUT,2.11,0.114407091631592,0.0694923906929572,0.0524591001485196,0.0772027995986093,0.00968632965690806
0.1,LUT,2.115,0.11440234718255,0.0694905631073152,0.0528442508058782,0.0768558927404914,0.00968598968278501
0.1,LUT,2.12,0.114397401316564,0.0694887019623797,0.0532276421028049,0.0764989258870941,0.00968563984970992
0.1,LUT,2.125,0.11439225525395,0.0694868074888876,0.0536092237224134,0.0761319932783699,0.00968528025003942
0.1,LUT,2.13,0.114386910264425,0.0694848798485236,0.0539889455234444,0.07575520260818,0.00968491098931518
0.1,LUT,2.135,0.114381367666783,0.0694829196874769,0.0543667592054339,0.0753685965854505,0.0096845321093926
0.1,LUT,2.14,0.114375628828577,0.0694809272231137,0.054742615590523,0.0749722822660495,0.0096841437151881
0.1,LUT,2.145,0.114369695165781,0.0694789026709256,0.0551164659149691,0.0745663705429251,0.0096837459153785
0.1,LUT,2.15,0.114363568142437,0.0694768467063415,0.0554882632195157,0.0741509106983678,0.00968333875826121
0.1,LUT,2.155,0.114357249270295,0.0694747595400793,0.0558579595973311,0.0737260213387199,0.0096829223600723
0.1,LUT,2.16,0.114350740108444,0.0694726414375951,0.0562255077616247,0.0732918167786121,0.00968249683284187
0.1,LUT,2.165,0.114344042262921,0.0694704930985356,0.056590862189332,0.0728483532553206,0.00968206223168335
0.1,LUT,2.17,0.11433715738632,0.069468314733875,0.0569539763742251,0.0723957596102505,0.0096816186828633
0.1,LUT,2.175,0.114330087177381,0.0694661066536335,0.0573148045982018,0.0719341539991891,0.00968116630217625
0.1,LUT,2.18,0.114322833380572,0.0694638695780814,0.057673302870512,0.0714635997702295,0.0096807051517043
0.1,LUT,2.185,0.114315397785659,0.0694616037251251,0.0580294262112121,0.0709842346935545,0.00968023536646439
0.1,LUT,2.19,0.114307782227264,0.069459309442659,0.0583831305554793,0.0704961813452343,0.00967975706658298
0.1,LUT,2.195,0.114299988584411,0.069456987469403,0.0587343735418721,0.0699995101162028,0.00967927032104426
0.1,LUT,2.2,0.114292018780067,0.0694546380364763,0.0590831118377785,0.0694943664326306,0.00967877527236817
0.1,LUT,2.205,0.114283874780659,0.069452261521934,0.0594293031096565,0.0689808779929795,0.00967827204570116
0.1,LUT,2.21,0.1142755585956,0.0694498586819018,0.0597729067221372,0.0684591219811228,0.00967776071668466
0.1,LUT,2.215,0.114267072276782,0.0694474297667411,0.0601138811065542,0.0679292502205335,0.00967724143410801
0.1,LUT,2.22,0.114258417918078,0.0694449751761776,0.0604521857325659,0.0673913963229875,0.00967671432891285
0.1,LUT,2.225,0.114249597654821,0.0694424956832289,0.0607877817853872,0.0668456439196312,0.009676179483059
0.1,LUT,2.23,0.11424061366328,0.0694399915637504,0.061120629573676,0.0662921499203755,0.00967563705032061
0.1,LUT,2.235,0.11423146816012,0.0694374632301097,0.0614506904366125,0.0657310546975669,0.00967508716826477
0.1,LUT,2.24,0.114222163401857,0.0694349114713222,0.0617779274693241,0.0651624480178565,0.0096745299248642
0.1,LUT,2.245,0.114212701684301,0.0694323365959713,0.0621023029699922,0.0645864904081197,0.00967396547743773
0.1,LUT,2.25,0.114203085341989,0.0694297390197658,0.0624237802086287,0.0640033298679601,0.00967339397102729
0.1,LUT,2.255,0.11419331674761,0.0694271195452845,0.0627423242707407,0.0634130621872853,0.00967281549950846
0.1,LUT,2.26,0.114183398311418,0.0694244785229471,0.0630578995575252,0.0628158497563618,0.00967223022202625
0.1,LUT,2.265,0.114173332480638,0.0694218163626226,0.0633704713270894,0.0622118490338863,0.0096716382919126
0.1,LUT,2.27,0.114163121738865,0.0694191338751897,0.0636800067228771,0.0616011621038464,0.00967103980921143
0.1,LUT,2.275,0.114152768605446,0.0694164314646237,0.0639864723658981,0.0609839510790984,0.00967043493279584
0.1,LUT,2.28,0.114142275634861,0.0694137095265697,0.0642898355574105,0.0603603815794553,0.00966982382497584
0.1,LUT,2.285,0.114131645416094,0.0694109688709248,0.0645900655496894,0.059730562806724,0.0096692065927709
0.1,LUT,2.29,0.114120880571992,0.0694082099696392,0.0648871313037587,0.0590946540565263,0.00966858339229321
0.1,LUT,2.295,0.11410998375862,0.0694054331977705,0.0651810022203538,0.0584528305100314,0.00966795439522305
0.1,LUT,2.3,0.114098957664603,0.0694026393502032,0.0654716496924443,0.0578052099681869,0.00966731971700717
0.1,LUT,2.305,0.114087805010466,0.0693998289826755,0.0657590451405988,0.0571519461569512,0.0096666795082994
0.1,LUT,2.31,0.114076528547957,0.0693970024474637,0.0660431601289077,0.0564932236137796,0.00966603394994934
0.1,LUT,2.315,0.114065131059377,0.0693941605059321,0.0663239682044964,0.0558291708403758,0.00966538316789064
0.1,LUT,2.32,0.114053615356885,0.0693913038110096,0.0666014433548021,0.0551599335681701,0.00966472730494239
0.1,LUT,2.325,0.114041984281807,0.0693884326977888,0.0668755593894054,0.0544857043685312,0.00966406654982751
0.1,LUT,2.33,0.114030240703938,0.0693855478731854,0.0671462920106293,0.053806624875909,0.00966340104134998
0.1,LUT,2.335,0.11401838752083,0.0693826500904693,0.0674136178442617,0.0531228318422698,0.00966273091352885
0.1,LUT,2.34,0.114006427657078,0.06937973968677,0.0676775130631305,0.0524345226080349,0.00966205635976082
0.1,LUT,2.345,0.1139943640636,0.0693768172961902,0.06793795552814,0.0517418539977701,0.00966137753373639
0.1,LUT,2.35,0.113982199716906,0.0693738837511001,0.0681949244965617,0.0510449562438513,0.00966069456308532
0.1,LUT,2.355,0.113969937618369,0.0693709394326904,0.0684483986852773,0.0503440249485578,0.00966000763950089
0.1,LUT,2.36,0.113957580793476,0.0693679848923009,0.0686983581367825,0.0496392329815052,0.00965931693239802
0.1,LUT,2.365,0.11394513229109,0.0693650209830098,0.0689447846165189,0.0489307117700264,0.00965862257057754
0.1,LUT,2.37,0.113932595182691,0.0693620481982457,0.0691876596389514,0.0482186449551278,0.00965792473401049
0.1,LUT,2.375,0.113919972561625,0.0693590670033538,0.0694269654658117,0.0475032213455346,0.00965722360773237
0.1,LUT,2.38,0.113907267542334,0.0693560782030789,0.0696626862099074,0.0467845827792566,0.00965651933074664
0.1,LUT,2.385,0.113894483259591,0.069353082455127,0.0698948063830204,0.0460628929905198,0.00965581206351538
0.1,LUT,2.39,0.113881622867727,0.0693500801617229,0.0701233105764427,0.0453383529138858,0.0096551020029576
0.1,LUT,2.395,0.113868689539851,0.069347072023497,0.0703481851233452,0.0446111221285577,0.0096543893054634
0.1,LUT,2.4,0.113855686467068,0.0693440588500684,0.0705694175341476,0.0438813456355032,0.00965367411313598
0.1,LUT,2.405,0.113842616857692,0.0693410410549664,0.0707869949889674,0.0431492253695751,0.00965295662387465
0.1,LUT,2.41,0.113829483936453,0.0693380192171741,0.0710009060228044,0.0424149405561671,0.00965223701332308
0.1,LUT,2.415,0.113816290943704,0.069334994173916,0.0712111408052659,0.0416786344956055,0.00965151542191783
0.1,LUT,2.42,0.113803041134617,0.0693319664911426,0.0714176895585574,0.0409404895397412,0.00965079202836654
0.1,LUT,2.425,0.113789737778385,0.0693289366343375,0.0716205430720991,0.0402007028212203,0.00965006702586229
0.1,LUT,2.43,0.113776384157412,0.069325905335705,0.0718196938043933,0.0394594341488244,0.00964934057102016
0.1,LUT,2.435,0.113762983566504,0.0693228733691418,0.0720151352108172,0.038716837832883,0.00964861281506668
0.1,LUT,2.44,0.113749539312057,0.0693198411720719,0.0722068606139404,0.0379731162162944,0.00964788395630104
0.1,LUT,2.445,0.113736054711238,0.0693168093330522,0.0723948646658575,0.0372284505024769,0.00964715417230542
0.1,LUT,2.45,0.113722533091172,0.0693137786576802,0.0725791435464888,0.0364829913473361,0.00964642361072495
0.1,LUT,2.455,0.113708977788116,0.0693107497624436,0.0727596937489884,0.0357369163574823,0.00964569244561686
0.1,LUT,2.46,0.113695392146638,0.0693077231172204,0.0729365122083972,0.034990424002272,0.00964496087148423
0.1,LUT,2.465,0.113681779518792,0.0693046993853205,0.0731095973211055,0.0342436853520844,0.00964422905597869
0.1,LUT,2.47,0.11366814326329,0.069301679361337,0.0732789487590592,0.0334968528201554,0.00964349714846757
0.1,LUT,2.475,0.113654486744674,0.0692986635721374,0.0734445662757132,0.0327501166523234,0.00964276533539477
0.1,LUT,2.48,0.113640813332486,0.0692956525417154,0.0736064504994516,0.0320036673225026,0.00964203380342769
0.1,LUT,2.485,0.113627126400436,0.0692926469560989,0.0737646034276645,0.031257672092007,0.00964130271648502
0.1,LUT,2.49,0.113613429325568,0.0692896475647068,0.0739190281311934,0.0305122889253013,0.0096405722293744
0.1,LUT,2.495,0.113599725487432,0.0692866548851492,0.0740697278700288,0.029767708268631,0.00963984252873611
0.1,LUT,2.5,0.113586018267245,0.0692836694762094,0.0742167069100167,0.0290241142913619,0.00963911379505899
0.1,LUT,2.505,0.113572311047058,0.0692806920048502,0.0743599707229712,0.0282816753221393,0.00963838619330775
0.1,LUT,2.51,0.113558607208922,0.0692777231668237,0.0744995257482935,0.0275405550367278,0.00963765988388717
0.1,LUT,2.515,0.113544910134054,0.0692747635107866,0.0746353788647984,0.0268009373262572,0.00963693504701344
0.1,LUT,2.52,0.113531223202004,0.0692718136235337,0.0747675379436116,0.026062999975645,0.00963621185691853
0.1,LUT,2.525,0.113517549789816,0.0692688741350289,0.0748960118618363,0.0253269138856478,0.00963549048108786
0.1,LUT,2.53,0.1135038932712,0.0692659456746233,0.0750208103703669,0.0245928492146028,0.00963477108627923
0.1,LUT,2.535,0.113490257015698,0.069263028831719,0.0751419439735867,0.0238609808912393,0.00963405384392554
0.1,LUT,2.54,0.113476644387852,0.0692601242189128,0.0752594241155026,0.0231314796002522,0.00963333892130044
0.1,LUT,2.545,0.113463058746374,0.0692572324266381,0.0753732630416368,0.0224045181489618,0.00963262648775778
0.1,LUT,2.55,0.113449503443318,0.0692543540134575,0.0754834737544764,0.0216802727883092,0.00963191671602625
0.1,LUT,2.555,0.113435981823252,0.0692514896166241,0.0755900704318719,0.0209589419200835,0.00963120980054269
0.1,LUT,2.56,0.113422497222433,0.0692486398842803,0.0756930681740421,0.0202406623822498,0.00963050587541042
0.1,LUT,2.565,0.113409052967986,0.0692458053646008,0.0757924825673916,0.0195255979707021,0.00962980510115198
0.1,LUT,2.57,0.113395652377078,0.069242986538898,0.0758883298063656,0.0188139309189932,0.00962910765635908
0.1,LUT,2.575,0.113382298756105,0.0692401840690784,0.0759806275011491,0.0181058164486281,0.00962841369315123
0.1,LUT,2.58,0.113368995399873,0.0692373986098664,0.0760693940805663,0.0174014093479684,0.00962772336322341
0.1,LUT,2.585,0.113355745590786,0.0692346306639195,0.0761546483577164,0.0167008844510548,0.00962703683791573
0.1,LUT,2.59,0.113342552598037,0.0692318806460507,0.076236409720333,0.0160044274715858,0.00962635429923048
0.1,LUT,2.595,0.113329419676798,0.0692291492520781,0.0763146992304408,0.0153121826473122,0.00962567588852292
0.1,LUT,2.6,0.113316350067422,0.0692264371560634,0.0763895387108387,0.014624295606799,0.00962500174851131
0.1,LUT,2.605,0.113303346994639,0.0692237448158404,0.0764609501576715,0.0139409408838436,0.00962433205024148
0.1,LUT,2.61,0.113290413666763,0.0692210725788689,0.0765289560550123,0.0132623068501356,0.00962366697832062
0.1,LUT,2.615,0.113277553274899,0.0692184211688518,0.0765935808264273,0.0125885266616876,0.0096230066632437
0.1,LUT,2.62,0.113264768992156,0.0692157912609273,0.0766548495546697,0.0119197384335052,0.00962235124036558
0.1,LUT,2.625,0.113252063972865,0.0692131832600292,0.0767127873122178,0.0112561166093759,0.00962170088064389
0.1,LUT,2.63,0.113239441351799,0.0692105974844755,0.0767674197080922,0.0105978458740061,0.0096210557650725
0.1,LUT,2.635,0.1132269042434,0.0692080346852355,0.076818774436525,0.00994504746892311,0.00962041601247002
0.1,LUT,2.64,0.113214455741014,0.0692054954825601,0.076866879580043,0.00929785901920965,0.00961978175771115
0.1,LUT,2.645,0.113202098916121,0.0692029801982632,0.0769117631020893,0.00865645826039696,0.00961915317497949
0.1,LUT,2.65,0.113189836817583,0.0692004892268532,0.076953453953871,0.00802101035937319,0.00961853042614117
0.1,LUT,2.655,0.11317767247089,0.0691980233273804,0.0769919829413449,0.00739162647659697,0.00961791362013516
0.1,LUT,2.66,0.113165608877412,0.0691955829989284,0.0770273808434521,0.00676845226853295,0.00961730289970707
0.1,LUT,2.665,0.11315364901366,0.0691931684691725,0.0770596783743972,0.00615166945693879,0.00961669844294704
0.1,LUT,2.67,0.113141795830552,0.0691907803215023,0.0770889080553725,0.0055414068503552,0.00961610037608946
0.1,LUT,2.675,0.113130052252683,0.06918841922439,0.0771151033939411,0.00493777866868683,0.00961550881107161
0.1,LUT,2.68,0.113118421177605,0.0691860854952073,0.0771382975685561,0.00434094634575821,0.00961492390610115
0.1,LUT,2.685,0.113106905475113,0.0691837794241747,0.0771585243943742,0.00375107254114049,0.00961434582058699
0.1,LUT,2.69,0.113095507986532,0.0691815017353621,0.0771758196960164,0.00316825571763069,0.00961377465102421
0.1,LUT,2.695,0.113084231524024,0.069179252887986,0.077190219201672,0.00259262917489522,0.00961321052804856
0.1,LUT,2.7,0.113073078869886,0.0691770330498941,0.0772017584589431,0.00202436476092416,0.00961265362007375
0.1,LUT,2.705,0.11306205277587,0.0691748428039826,0.0772104749435467,0.00146357264778096,0.0096121040350701
0.1,LUT,2.71,0.113051155962498,0.0691726827403742,0.077216406825451,0.000910359118750037,0.0096115618771969
0.1,LUT,2.715,0.113040391118396,0.0691705530596324,0.0772195917713193,0.000364882792014853,0.00961102730190243
0.1,LUT,2.72,0.113029760899629,0.069168454117343,0.0772200685700739,-0.000172722654047774,0.0096105004401936
0.1,LUT,2.725,0.113019267929044,0.0691663865813713,0.0772178775933297,-0.000702370826854093,0.00960998137673646
0.1,LUT,2.73,0.113008914795625,0.0691643507401619,0.0772130587102825,-0.00122392456816378,0.00960947024594824
0.1,LUT,2.735,0.112998704053852,0.0691623467665715,0.0772056520728367,-0.00173723341386278,0.00960896719528611
0.1,LUT,2.74,0.112988638223072,0.0691603753199053,0.0771956999099389,-0.00224221901601851,0.00960847230153226
0.1,LUT,2.745,0.11297871978688,0.0691584367798111,0.0771832442173767,-0.0027387665345433,0.00960798567723177
0.1,LUT,2.75,0.112968951192501,0.0691565312283796,0.0771683266979512,-0.00322672214010034,0.00960750747313978
0.1,LUT,2.755,0.112959334850189,0.0691546592322178,0.0771509910959547,-0.00370600396879084,0.0096070377694842
0.1,LUT,2.76,0.112949873132633,0.0691528212504483,0.0771312814086578,-0.00417651820147213,0.00960657665820923
0.1,LUT,2.765,0.11294056837437,0.0691510173438621,0.0771092410060973,-0.00463811785312629,0.00960612428336249
0.1,LUT,2.77,0.11293142287121,0.0691492479452711,0.0770849149315829,-0.00509071206569978,0.00960568073398628
0.1,LUT,2.775,0.112922438879669,0.0691475135722777,0.0770583490267585,-0.00553422540747306,0.00960524608400486
0.1,LUT,2.78,0.112913618616412,0.0691458142968911,0.0770295883310087,-0.00596852268597559,0.00960482046590897
0.1,LUT,2.785,0.112904964257708,0.0691441504183549,0.0769986790905387,-0.00639350440919095,0.00960440397720232
0.1,LUT,2.79,0.11289647793889,0.0691425224857237,0.0769656688124496,-0.0068091100211749,0.00960399667723068
0.1,LUT,2.795,0.112888161753831,0.06914093059328,0.0769306041398024,-0.00721521800392289,0.0096035986850836
0.1,LUT,2.8,0.112880017754423,0.0691393749245252,0.0768935324749681,-0.00761172306508229,0.0096032101039492
0.1,LUT,2.805,0.112872047950079,0.0691378560352172,0.0768545028149775,-0.00799857631284873,0.00960283098174224
0.1,LUT,2.81,0.112864254307226,0.0691363740413056,0.0768135633026239,-0.00837567010848872,0.00960246142395033
0.1,LUT,2.815,0.112856638748831,0.0691349290327633,0.076770762459725,-0.00874289679224738,0.00960210153608172
0.1,LUT,2.82,0.112849203153918,0.0691335215532346,0.0767261506123326,-0.00910021674235573,0.00960175135696636
0.1,LUT,2.825,0.112841949357109,0.069132151733871,0.0766797772783507,-0.0094475355495085,0.00960141097912683
0.1,LUT,2.83,0.11283487914817,0.0691308195913389,0.0766316920534,-0.0097847463131675,0.00960108050732733
0.1,LUT,2.835,0.112827994271568,0.0691295256450869,0.0765819464489419,-0.0101118172186947,0.0096007599727467
0.1,LUT,2.84,0.112821296426046,0.0691282700324329,0.0765305912227784,-0.0104286660473747,0.00960044945596057
0.1,LUT,2.845,0.112814787264194,0.0691270527126399,0.0764776769829956,-0.0107351891479279,0.00960014905854879
0.1,LUT,2.85,0.112808468392053,0.0691258741748625,0.0764232562981451,-0.0110313618738278,0.00959985880466534
0.1,LUT,2.855,0.112802341368709,0.0691247345527316,0.0763673810256272,-0.0113171130175704,0.0095995787640947
0.1,LUT,2.86,0.112796407705913,0.0691236337596095,0.0763101027089297,-0.0115923440180588,0.00959930903342827
0.1,LUT,2.865,0.112790668867707,0.0691225722527603,0.076251474856473,-0.0118570373717084,0.00959904962981984
0.1,LUT,2.87,0.112785126270065,0.0691215501523276,0.076191550282722,-0.0121111316849305,0.00959880061343608
0.1,LUT,2.875,0.11277978128054,0.0691205673338607,0.0761303813769783,-0.0123545348184724,0.00959856207457488
0.1,LUT,2.88,0.112774635217926,0.069119624223959,0.0760680224765962,-0.0125872367612736,0.00959833402304726
0.1,LUT,2.885,0.11276968935194,0.0691187209199259,0.0760045272097841,-0.0128091847745306,0.00959811651053805
0.1,LUT,2.89,0.112764944902898,0.0691178572655054,0.075939948713787,-0.0130202941517492,0.00959790962006094
0.1,LUT,2.895,0.112760403041422,0.0691170336591051,0.0758743420457637,-0.0132205628754036,0.00959771335359313
0.1,LUT,2.9,0.11275606488815,0.0691162501664709,0.0758077615043708,-0.0134099457665204,0.00959752775541073
0.1,LUT,2.905,0.112751931513455,0.069115506604712,0.0757402608726316,-0.01358836641786,0.00959735290039401
0.1,LUT,2.91,0.112748003937186,0.0691148033464765,0.0756718958165573,-0.0137558312746258,0.00959718878222659
0.1,LUT,2.915,0.112744283128414,0.0691141404179917,0.0756027211626079,-0.013912301704071,0.00959703543876914
0.1,LUT,2.92,0.112740770005191,0.0691135176150004,0.0755327912361834,-0.0140577104524269,0.00959689293593142
0.1,LUT,2.925,0.11273746543433,0.0691129352858511,0.0754621621968236,-0.0141920727328184,0.00959676125880432
0.1,LUT,2.93,0.112734370231183,0.0691123934101838,0.0753908892574648,-0.0143153555453566,0.00959664043972825
0.1,LUT,2.935,0.112731485159446,0.0691118917682754,0.0753190271831042,-0.0144275017074555,0.00959653053474303
0.1,LUT,2.94,0.112728810930966,0.0691114306841037,0.0752466325056917,-0.014528535261789,0.00959643152028647
0.1,LUT,2.945,0.11272634820557,0.069111010084718,0.0751737606854094,-0.0146184280527635,0.00959634342395149
0.1,LUT,2.95,0.112724097590898,0.0691106297416016,0.0751004668253691,-0.014697133969662,0.0095962662909273
0.1,LUT,2.955,0.112722059642255,0.0691102899525436,0.075026807702627,-0.0147646856721515,0.00959620008920693
0.1,LUT,2.96,0.112720234862476,0.0691099905872712,0.0749528388883592,-0.0148210592142792,0.00959614484225779
0.1,LUT,2.965,0.112718623701797,0.0691097314157202,0.0748786157232685,-0.0148662206128591,0.00959610058338392
0.1,LUT,2.97,0.112717226557748,0.0691095127060008,0.0748041950965149,-0.014900210668193,0.00959606727260039
0.1,LUT,2.975,0.112716043775053,0.0691093342672748,0.0747296325579033,-0.0149230091939394,0.00959604492969014
0.1,LUT,2.98,0.112715075645546,0.069109195875307,0.0746549835850884,-0.0149345953819875,0.00959603357504543
0.1,LUT,2.985,0.112714322408099,0.0691090977636644,0.0745803050417943,-0.0149350174755529,0.00959603316138716
0.1,LUT,2.99,0.112713784248562,0.0691090396632549,0.0745056521485777,-0.0149242564432779,0.00959604370736636
0.1,LUT,2.995,0.112713461299717,0.069109021438962,0.0744310810557186,-0.0149023166862232,0.00959606520866993
0.1,LUT,3,0.112713353641248,0.0691090433497243,0.0743566495855456,-0.0148692629099312,0.00959609760188541
0.1,LUT,3.005,0.112713353641248,0.0691091031484655,0.0742823942419174,-0.0148332105629372,0.00959613293374688
0.1,LUT,3.01,0.112713353641248,0.0691091944888896,0.074208308450004,-0.0148016772470445,0.0095961638368875
0.1,LUT,3.015,0.112713353641248,0.06910931078826,0.0741343714567906,-0.014773728596909,0.00959619122699985
0.1,LUT,3.02,0.112713353641248,0.0691094465728115,0.0740605667587414,-0.014748588107274,0.00959621586507119
0.1,LUT,3.025,0.112713353641248,0.0691095976958433,0.073986881835671,-0.0147256675188316,0.00959623832760479
0.1,LUT,3.03,0.112713353641248,0.0691097609994,0.0739133071352682,-0.0147045188272443,0.00959625905365187
0.1,LUT,3.035,0.112713353641248,0.0691099337714419,0.0738398344437558,-0.0146847572820228,0.00959627842027392
0.1,LUT,3.04,0.112713353641248,0.0691101139823333,0.0737664575957233,-0.0146660949326236,0.00959629670966695
0.1,LUT,3.045,0.112713353641248,0.0691103001169292,0.0736931719701261,-0.0146483168098293,0.00959631413250413
0.1,LUT,3.05,0.112713353641248,0.0691104908286157,0.0736199734518578,-0.0146312318508066,0.00959633087603002
0.1,LUT,3.055,0.112713353641248,0.0691106850421256,0.0735468587403592,-0.0146146874836859,0.00959634708976743
0.1,LUT,3.06,0.112713353641248,0.0691108820618677,0.0734738256747747,-0.0145985849942285,0.00959636287045785
0.1,LUT,3.065,0.112713353641248,0.0691110812778885,0.0734008723513738,-0.0145828378160644,0.00959637830293767
0.1,LUT,3.07,0.112713353641248,0.0691112821256779,0.0733279970029032,-0.0145673658290555,0.00959639346572587
0.1,LUT,3.075,0.112713353641248,0.0691114841984502,0.073255198335607,-0.0145521112865534,0.00959640841541507
0.1,LUT,3.08,0.112713353641248,0.0691116872415283,0.0731824755123689,-0.0145370380187817,0.00959642318745221
0.1,LUT,3.085,0.112713353641248,0.0691118910154159,0.0731098277417124,-0.0145221120094039,0.00959643781517383
0.1,LUT,3.09,0.112713353641248,0.0691120952960923,0.073037254278687,-0.0145073014373871,0.00959645232976504
0.1,LUT,3.095,0.112713353641248,0.0691122999262882,0.0729647545787735,-0.0144925839504797,0.00959646675313139
0.1,LUT,3.1,0.112713353641248,0.0691125048087653,0.0728923282777139,-0.0144779457120006,0.00959648109883305
0.1,LUT,3.105,0.112713353641248,0.0691127098505013,0.0728199750239776,-0.0144633734833359,0.00959649537984407
0.1,LUT,3.11,0.112713353641248,0.0691129149644896,0.0727476944841631,-0.014448854879257,0.00959650960830215
0.1,LUT,3.115,0.112713353641248,0.0691131200896865,0.0726754864028705,-0.0144343811974394,0.00959652379273572
0.1,LUT,3.12,0.112713353641248,0.0691133251884001,0.0726033505948654,-0.0144199470481166,0.00959653793842683
0.1,LUT,3.125,0.112713353641248,0.069113530224576,0.0725312868798993,-0.0144055472737978,0.00959655205042989
0.1,LUT,3.13,0.112713353641248,0.0691137351644959,0.0724592950848085,-0.014391177048461,0.0095965661334745
0.1,LUT,3.135,0.112713353641248,0.0691139399845405,0.0723873750668142,-0.0143768329786607,0.00959658019088627
0.1,LUT,3.14,0.112713353641248,0.0691141446701769,0.0723155267104831,-0.0143625129599325,0.00959659422472762
0.1,LUT,3.145,0.112713353641248,0.0691143492075064,0.0722437499023568,-0.0143482149777903,0.00959660823697277
0.1,LUT,3.15,0.112713353641248,0.0691145535835358,0.0721720445317665,-0.0143339371462474,0.00959662222947002
0.1,LUT,3.155,0.112713353641248,0.0691147577892007,0.0721004104999083,-0.0143196781366814,0.00959663620352144
0.1,LUT,3.16,0.112713353641248,0.0691149618189748,0.0720288477186695,-0.0143054371223936,0.00959665015993721
0.1,LUT,3.165,0.112713353641248,0.0691151656675761,0.0719573561007414,-0.0142912133113455,0.00959666409949353
0.1,LUT,3.17,0.112713353641248,0.0691153693300713,0.0718859355599342,-0.0142770059610466,0.00959667802291806
0.1,LUT,3.175,0.112713353641248,0.0691155728030565,0.0718145860147196,-0.0142628145459796,0.00959669193072582
0.1,LUT,3.18,0.112713353641248,0.0691157760845078,0.0717433073877833,-0.0142486387364382,0.00959670582323992
0.1,LUT,3.185,0.112713353641248,0.0691159791724937,0.0716720996021591,-0.0142344782158581,0.0095967197007706
0.1,LUT,3.19,0.112713353641248,0.0691161820652155,0.0716009625813501,-0.0142203326865289,0.00959673356360962
0.1,LUT,3.195,0.112713353641248,0.06911638476147,0.0715298962507191,-0.0142062019353109,0.00959674741196586
0.1,LUT,3.2,0.112713353641248,0.0691165872605952,0.0714589005373231,-0.014192085825826,0.00959676124597297
0.1,LUT,3.205,0.112713353641248,0.0691167895619623,0.0713879753683903,-0.0141779842264729,0.00959677506575993
0.1,LUT,3.21,0.112713353641248,0.069116991664991,0.0713171206713649,-0.0141638970125584,0.00959678887144893
0.1,LUT,3.215,0.112713353641248,0.0691171935693339,0.0712463363744613,-0.0141498240924758,0.00959680266312976
0.1,LUT,3.22,0.112713353641248,0.0691173952748578,0.0711756224066078,-0.0141357654050704,0.00959681644086234
0.1,LUT,3.225,0.112713353641248,0.0691175967814402,0.0711049786968347,-0.0141217208907047,0.00959683020470513
0.1,LUT,3.23,0.112713353641248,0.0691177980889742,0.0710344051742902,-0.0141076904920148,0.00959684395471433
0.1,LUT,3.235,0.112713353641248,0.0691179991974446,0.070963901768468,-0.0140936741647071,0.00959685769093335
0.1,LUT,3.24,0.112713353641248,0.0691182001069238,0.0708934684091949,-0.0140796718769014,0.00959687141339345
0.1,LUT,3.245,0.112713353641248,0.0691184008174853,0.0708231050263723,-0.0140656835969857,0.00959688512212559
0.1,LUT,3.25,0.112713353641248,0.0691186013292061,0.0707528115499811,-0.014051709293831,0.0095968988171603
0.1,LUT,3.255,0.112713353641248,0.0691188016421997,0.0706825879101829,-0.0140377489415613,0.00959691249852291
0.1,LUT,3.26,0.112713353641248,0.0691190017566177,0.0706124340373234,-0.0140238025197217,0.00959692616623349
0.1,LUT,3.265,0.112713353641248,0.0691192016726097,0.0705423498618124,-0.0140098700076408,0.00959693982031229
0.1,LUT,3.27,0.112713353641248,0.0691194013903236,0.0704723353141242,-0.0139959513844143,0.0095969534607798
0.1,LUT,3.275,0.112713353641248,0.0691196009099224,0.0704023903248495,-0.0139820466313747,0.0095969670876543
0.1,LUT,3.28,0.112713353641248,0.0691198002315882,0.0703325148247048,-0.0139681557325471,0.00959698070095147
0.1,LUT,3.285,0.112713353641248,0.0691199993554996,0.0702627087444667,-0.0139542786715374,0.00959699430068735
0.1,LUT,3.29,0.112713353641248,0.0691201982818315,0.0701929720149701,-0.013940415431458,0.00959700788687851
0.1,LUT,3.295,0.112713353641248,0.0691203970107659,0.0701233045671411,-0.0139265659964849,0.00959702145954045
0.1,LUT,3.3,0.112713353641248,0.0691205955424961,0.0700537063320089,-0.0139127303524074,0.0095970350186871
0.1,LUT,3.305,0.112713353641248,0.0691207938772116,0.0699841772406608,-0.0138989084845313,0.00959704856433286
0.1,LUT,3.31,0.112713353641248,0.0691209920150973,0.0699147172242403,-0.0138851003775731,0.0095970620964927
0.1,LUT,3.315,0.112713353641248,0.0691211899563421,0.0698453262139719,-0.0138713060168438,0.00959707561518102
0.1,LUT,3.32,0.112713353641248,0.0691213877011433,0.069776004141174,-0.013857525388854,0.00959708912041104
0.1,LUT,3.325,0.112713353641248,0.0691215852496939,0.0697067509372223,-0.0138437584796005,0.00959710261219649
0.1,LUT,3.33,0.112713353641248,0.0691217826021824,0.0696375665335478,-0.0138300052744658,0.00959711609055169
0.1,LUT,3.335,0.112713353641248,0.0691219797588001,0.0695684508616582,-0.01381626575923,0.00959712955549058
0.1,LUT,3.34,0.112713353641248,0.0691221767197449,0.0694994038531515,-0.0138025399207127,0.00959714300702607
0.1,LUT,3.345,0.112713353641248,0.069122373485211,0.0694304254396826,-0.0137888277452216,0.00959715644517158
0.1,LUT,3.35,0.112713353641248,0.0691225700553879,0.0693615155529609,-0.0137751292184234,0.00959716986994115
0.1,LUT,3.355,0.112713353641248,0.0691227664304671,0.0692926741247709,-0.0137614443263221,0.00959718328134852
0.1,LUT,3.36,0.112713353641248,0.0691229626106464,0.0692239010869857,-0.0137477730558935,0.00959719667940643
0.1,LUT,3.365,0.112713353641248,0.0691231585961202,0.0691551963715349,-0.0137341153935893,0.00959721006412817
0.1,LUT,3.37,0.112713353641248,0.0691233543870775,0.0690865599104023,-0.0137204713252252,0.00959722343552763
0.1,LUT,3.375,0.112713353641248,0.0691235499837097,0.0690179916356462,-0.0137068408369352,0.00959723679361841
0.1,LUT,3.38,0.112713353641248,0.0691237453862142,0.0689494914794121,-0.0136932239157712,0.0095972501384132
0.1,LUT,3.385,0.112713353641248,0.0691239405947845,0.0688810593739021,-0.0136796205482845,0.00959726346992517
0.1,LUT,3.39,0.112713353641248,0.0691241356096095,0.0688126952513722,-0.0136660307203815,0.00959727678816814
0.1,LUT,3.395,0.112713353641248,0.0691243304308798,0.0687443990441524,-0.0136524544182759,0.00959729009315562
0.1,LUT,3.4,0.112713353641248,0.0691245250587921,0.0686761706846591,-0.0136388916290926,0.00959730338490022
0.1,LUT,3.405,0.112713353641248,0.0691247194935394,0.0686080101053653,-0.0136253423394432,0.00959731666341507
0.1,LUT,3.41,0.112713353641248,0.0691249137353098,0.0685399172387976,-0.013611806535307,0.0095973299287139
0.1,LUT,3.415,0.112713353641248,0.0691251077842933,0.0684718920175563,-0.0135982842029669,0.00959734318081017
0.1,LUT,3.42,0.112713353641248,0.0691253016406858,0.0684039343743276,-0.0135847753295995,0.00959735641971643
0.1,LUT,3.425,0.112713353641248,0.0691254953046796,0.0683360442418539,-0.0135712799018783,0.00959736964544575
0.1,LUT,3.43,0.112713353641248,0.069125688776462,0.0682682215529314,-0.0135577979058503,0.0095973828580118
0.1,LUT,3.435,0.112713353641248,0.0691258820562223,0.0682004662404292,-0.0135443293278446,0.00959739605742798
0.1,LUT,3.44,0.112713353641248,0.0691260751441558,0.0681327782373021,-0.0135308741551015,0.0095974092437068
0.1,LUT,3.445,0.112713353641248,0.0691262680404539,0.0680651574765611,-0.0135174323743446,0.00959742241686126
0.1,LUT,3.45,0.112713353641248,0.0691264607453033,0.0679976038912705,-0.0135040039716827,0.00959743557690498
0.1,LUT,3.455,0.112713353641248,0.0691266532588925,0.0679301174145673,-0.0134905889335073,0.00959744872385129
0.1,LUT,3.46,0.112713353641248,0.0691268455814159,0.0678626979796739,-0.0134771872470978,0.00959746185771267
0.1,LUT,3.465,0.112713353641248,0.0691270377130641,0.0677953455198684,-0.0134637988992345,0.00959747497850206
0.1,LUT,3.47,0.112713353641248,0.0691272296540233,0.0677280599684823,-0.0134504238760886,0.00959748808623302
0.1,LUT,3.475,0.112713353641248,0.0691274214044812,0.0676608412589194,-0.0134370621641065,0.00959750118091883
0.1,LUT,3.48,0.112713353641248,0.0691276129646314,0.0675936893246685,-0.0134237137506172,0.00959751426257192
0.1,LUT,3.485,0.112713353641248,0.0691278043346638,0.0675266040992739,-0.0134103786224546,0.00959752733120517
0.1,LUT,3.49,0.112713353641248,0.0691279955147637,0.0674595855163332,-0.0133970567658448,0.0095975403868321
0.1,LUT,3.495,0.112713353641248,0.0691281865051181,0.0673926335095159,-0.0133837481672909,0.00959755342946593
0.1,LUT,3.5,0.112713353641248,0.0691283773059199,0.0673257480125761,-0.0133704528141738,0.00959756645911902
0.1,LUT,3.505,0.112713353641248,0.0691285679173583,0.0672589289593232,-0.0133571706933733,0.00959757947580424
0.1,LUT,3.51,0.112713353641248,0.0691287583396178,0.0671921762836198,-0.0133439017911794,0.00959759247953501
0.1,LUT,3.515,0.112713353641248,0.0691289485728846,0.0671254899194,-0.0133306460941469,0.00959760547032452
0.1,LUT,3.52,0.112713353641248,0.0691291386173509,0.0670588698006822,-0.0133174035897028,0.0095976184481851
0.1,LUT,3.525,0.112713353641248,0.0691293284732051,0.0669923158615399,-0.0133041742647926,0.00959763141312952
0.1,LUT,3.53,0.112713353641248,0.069129518140631,0.0669258280360996,-0.0132909581057419,0.00959764436517119
0.1,LUT,3.535,0.112713353641248,0.0691297076198142,0.066859406258559,-0.0132777550991783,0.00959765730432322
0.1,LUT,3.54,0.112713353641248,0.0691298969109459,0.0667930504631995,-0.0132645652325696,0.0095976702305979
0.1,LUT,3.545,0.112713353641248,0.0691300860142138,0.0667267605843578,-0.0132513884929075,0.00959768314400795
0.1,LUT,3.55,0.112713353641248,0.069130274929801,0.0666605365564232,-0.0132382248665923,0.00959769604456673
0.1,LUT,3.555,0.112713353641248,0.0691304636578924,0.0665943783138558,-0.0132250743402871,0.00959770893228729
0.1,LUT,3.56,0.112713353641248,0.0691306521986784,0.0665282857911994,-0.0132119369015182,0.00959772180718186
0.1,LUT,3.565,0.112713353641248,0.069130840552346,0.0664622589230525,-0.013198812537329,0.00959773466926315
0.1,LUT,3.57,0.112713353641248,0.0691310287190776,0.066396297644066,-0.0131857012341676,0.00959774751854441
0.1,LUT,3.575,0.112713353641248,0.0691312166990572,0.0663304018889618,-0.0131726029787647,0.00959776035503868
0.1,LUT,3.58,0.112713353641248,0.0691314044924747,0.0662645715925446,-0.0131595177586856,0.00959777317875812
0.1,LUT,3.585,0.112713353641248,0.0691315920995161,0.0661988066896737,-0.0131464455610253,0.00959778598971539
0.1,LUT,3.59,0.112713353641248,0.0691317795203632,0.066133107115261,-0.0131333863722958,0.00959779878792371
0.1,LUT,3.595,0.112713353641248,0.0691319667551993,0.0660674728042886,-0.0131203401792721,0.00959781157339603
0.1,LUT,3.6,0.112713353641248,0.0691321538042134,0.0660019036918212,-0.0131073069695695,0.00959782434614449
0.1,LUT,3.605,0.112713353641248,0.0691323406675909,0.0659363997129782,-0.0130942867303414,0.00959783710618169
0.1,LUT,3.61,0.112713353641248,0.0691325273455129,0.0658709608029309,-0.0130812794481461,0.00959784985352079
0.1,LUT,3.615,0.112713353641248,0.0691327138381618,0.0658055868969209,-0.0130682851098207,0.0095978625881747
0.1,LUT,3.62,0.112713353641248,0.0691329001457261,0.065740277930272,-0.013055303703025,0.00959787531015551
0.1,LUT,3.625,0.112713353641248,0.0691330862683902,0.0656750338383622,-0.013042335214962,0.00959788801947576
0.1,LUT,3.63,0.112713353641248,0.0691332722063346,0.0656098545566215,-0.0130293796322469,0.00959790071614857
0.1,LUT,3.635,0.112713353641248,0.0691334579597411,0.06554474002055,-0.013016436941772,0.00959791340018678
0.1,LUT,3.64,0.112713353641248,0.0691336435287971,0.0654796901657292,-0.0130035071312413,0.00959792607160244
0.1,LUT,3.645,0.112713353641248,0.0691338289136867,0.0654147049277949,-0.012990590187913,0.00959793873040805
0.1,LUT,3.65,0.112713353641248,0.0691340141145893,0.0653497842424349,-0.0129776860984556,0.00959795137661667
0.1,LUT,3.655,0.112713353641248,0.0691341991316863,0.0652849280454064,-0.0129647948498111,0.00959796401024108
0.1,LUT,3.66,0.112713353641248,0.0691343839651642,0.0652201362725479,-0.0129519164297403,0.0095979766312933
0.1,LUT,3.665,0.112713353641248,0.0691345686152063,0.0651554088597519,-0.0129390508255423,0.00959798923978576
0.1,LUT,3.67,0.112713353641248,0.0691347530819915,0.0650907457429627,-0.0129261980239459,0.00959800183573147
0.1,LUT,3.675,0.112713353641248,0.0691349373657002,0.0650261468581938,-0.0129133580119465,0.00959801441914317
0.1,LUT,3.68,0.112713353641248,0.0691351214665184,0.0649616121415396,-0.0129005307773493,0.00959802699003283
0.1,LUT,3.685,0.112713353641248,0.0691353053846285,0.0648971415291484,-0.0128877163075067,0.00959803954841282
0.1,LUT,3.69,0.112713353641248,0.0691354891202087,0.0648327349572199,-0.0128749145891991,0.00959805209429612
0.1,LUT,3.695,0.112713353641248,0.0691356726734388,0.0647683923620229,-0.0128621256094803,0.00959806462769539
0.1,LUT,3.7,0.112713353641248,0.069135856044504,0.0647041136799065,-0.0128493493561965,0.00959807714862256
0.1,LUT,3.705,0.112713353641248,0.069136039233586,0.0646398988472738,-0.0128365858167534,0.00959808965708998
0.1,LUT,3.71,0.112713353641248,0.0691362222408623,0.064575747800579,-0.0128238349779881,0.00959810215311052
0.1,LUT,3.715,0.112713353641248,0.069136405066512,0.064511660476345,-0.0128110968270025,0.00959811463669685
0.1,LUT,3.72,0.112713353641248,0.0691365877107194,0.064447636811175,-0.0127983713516961,0.00959812710786081
0.1,LUT,3.725,0.112713353641248,0.0691367701736657,0.0643836767417255,-0.0127856585395172,0.00959813956661472
0.1,LUT,3.73,0.112713353641248,0.0691369524555275,0.0643197802047042,-0.0127729583773633,0.0095981520129714
0.1,LUT,3.735,0.112713353641248,0.0691371345564833,0.0642559471368874,-0.0127602708523895,0.00959816444694344
0.1,LUT,3.74,0.112713353641248,0.0691373164767167,0.0641921774751307,-0.0127475959525345,0.00959817686854268
0.1,LUT,3.745,0.112713353641248,0.069137498216408,0.0641284711563436,-0.0127349336653015,0.00959818927778134
0.1,LUT,3.75,0.112713353641248,0.0691376797757334,0.0640648281174861,-0.0127222839776451,0.00959820167467223
0.1,LUT,3.755,0.112713353641248,0.0691378611548705,0.0640012482955866,-0.0127096468767629,0.00959821405922788
0.1,LUT,3.76,0.112713353641248,0.0691380423540021,0.0639377316277528,-0.012697022350654,0.00959822643146006
0.1,LUT,3.765,0.112713353641248,0.069138223373308,0.0638742780511455,-0.0126844103868606,0.00959823879138097
0.1,LUT,3.77,0.112713353641248,0.0691384042129634,0.0638108875029763,-0.0126718109723942,0.00959825113900335
0.1,LUT,3.775,0.112713353641248,0.0691385848731454,0.0637475599205248,-0.0126592240945076,0.00959826347433969
0.1,LUT,3.78,0.112713353641248,0.0691387653540361,0.0636842952411492,-0.0126466497412405,0.0095982757974017
0.1,LUT,3.785,0.112713353641248,0.0691389456558145,0.0636210934022612,-0.012634087900194,0.00959828810820154
0.1,LUT,3.79,0.112713353641248,0.0691391257786551,0.0635579543413227,-0.0126215385584239,0.0095983004067519
0.1,LUT,3.795,0.112713353641248,0.0691393057227344,0.0634948779958635,-0.0126090017032379,0.0095983126930652
0.1,LUT,3.8,0.112713353641248,0.0691394854882337,0.0634318643034917,-0.0125964773227256,0.00959832496715314
0.1,LUT,3.805,0.112713353641248,0.0691396650753312,0.0633689132018683,-0.012583965404529,0.00959833722902781
0.1,LUT,3.81,0.112713353641248,0.0691398444842009,0.0633060246287049,-0.0125714659357641,0.00959834947870184
0.1,LUT,3.815,0.112713353641248,0.0691400237150184,0.0632431985217802,-0.0125589789037903,0.00959836171618763
0.1,LUT,3.82,0.112713353641248,0.0691402027679644,0.0631804348189513,-0.0125465042967381,0.0095983739414968
0.1,LUT,3.825,0.112713353641248,0.0691403816432163,0.0631177334581277,-0.0125340421023044,0.0095983861546414
0.1,LUT,3.83,0.112713353641248,0.0691405603409476,0.0630550943772694,-0.0125215923076585,0.00959839835563403
0.1,LUT,3.835,0.112713353641248,0.069140738861333,0.0629925175144034,-0.0125091549002061,0.00959841054448701
0.1,LUT,3.84,0.112713353641248,0.0691409172045526,0.0629300028076342,-0.0124967298681256,0.00959842272121193
0.1,LUT,3.845,0.112713353641248,0.069141095370783,0.0628675501951193,-0.0124843171991653,0.00959843488582081
0.1,LUT,3.85,0.112713353641248,0.069141273360197,0.062805159615066,-0.0124719168805463,0.00959844703832615
0.1,LUT,3.855,0.112713353641248,0.0691414511729688,0.0627428310057484,-0.0124595288997291,0.00959845917874026
0.1,LUT,3.86,0.112713353641248,0.0691416288092776,0.062680564305518,-0.0124471532449313,0.00959847130707468
0.1,LUT,3.865,0.112713353641248,0.0691418062692995,0.0626183594527786,-0.0124347899039545,0.00959848342334136
0.1,LUT,3.87,0.112713353641248,0.0691419835532063,0.062556216385984,-0.0124224388640659,0.00959849552755279
0.1,LUT,3.875,0.112713353641248,0.0691421606611717,0.0624941350436545,-0.0124101001127812,0.00959850761972119
0.1,LUT,3.88,0.112713353641248,0.0691423375933742,0.0624321153643874,-0.0123977736383694,0.00959851969985806
0.1,LUT,3.885,0.112713353641248,0.069142514349989,0.0623701572868321,-0.012385459428673,0.00959853176797532
0.1,LUT,3.89,0.112713353641248,0.0691426909311876,0.0623082607496879,-0.012373157471016,0.00959854382408539
0.1,LUT,3.895,0.112713353641248,0.0691428673371427,0.0622464256917203,-0.0123608677529603,0.00959855586820047
0.1,LUT,3.9,0.112713353641248,0.0691430435680321,0.0621846520517712,-0.0123485902628246,0.00959856790033199
0.1,LUT,3.905,0.112713353641248,0.0691432196240305,0.0621229397687348,-0.012336324988496,0.00959857992049183
0.1,LUT,3.91,0.112713353641248,0.0691433955053085,0.0620612887815548,-0.0123240719173552,0.00959859192869235
0.1,LUT,3.915,0.112713353641248,0.0691435712120383,0.0619996990292409,-0.0123118310370174,0.0095986039249457
0.1,LUT,3.92,0.112713353641248,0.0691437467443969,0.0619381704508788,-0.0122996023358368,0.00959861590926329
0.1,LUT,3.925,0.112713353641248,0.0691439221025582,0.0618767029856064,-0.0122873858017538,0.00959862788165692
0.1,LUT,3.93,0.112713353641248,0.0691440972866924,0.0618152965726109,-0.0122751814222024,0.00959863984213893
0.1,LUT,3.935,0.112713353641248,0.0691442722969707,0.0617539511511451,-0.0122629891848423,0.00959865179072141
0.1,LUT,3.94,0.112713353641248,0.0691444471335696,0.0616926666605377,-0.0122508090780808,0.0095986637274157
0.1,LUT,3.945,0.112713353641248,0.0691446217966623,0.061631443040169,-0.0122386410899047,0.0095986756522336
0.1,LUT,3.95,0.112713353641248,0.0691447962864182,0.0615702802294689,-0.012226485207794,0.00959868756518736
0.1,LUT,3.955,0.112713353641248,0.069144970603008,0.0615091781679324,-0.0122143414194689,0.00959869946628903
0.1,LUT,3.96,0.112713353641248,0.0691451447466074,0.0614481367951301,-0.0122022097133687,0.00959871135554992
0.1,LUT,3.965,0.112713353641248,0.0691453187173888,0.061387156050684,-0.0121900900775387,0.00959872323298176
0.1,LUT,3.97,0.112713353641248,0.0691454925155211,0.0613262358742654,-0.0121779824995052,0.00959873509859678
0.1,LUT,3.975,0.112713353641248,0.0691456661411743,0.0612653762056107,-0.012165886967038,0.00959874695240695
0.1,LUT,3.98,0.112713353641248,0.0691458395945233,0.0612045769845313,-0.0121538034686264,0.00959875879442356
0.1,LUT,3.985,0.112713353641248,0.0691460128757399,0.0611438381508899,-0.0121417319923545,0.00959877062465829
0.1,LUT,3.99,0.112713353641248,0.0691461859849924,0.0610831596445988,-0.0121296725258251,0.00959878244312328
0.1,LUT,3.995,0.112713353641248,0.0691463589224513,0.0610225414056381,-0.0121176250570123,0.00959879424983032
0.1,LUT,4,0.112713353641248,0.0691465316882884,0.0609619833740521,-0.0121055895741318,0.00959880604479096
0.1,SCHEDULED_RHS,0,0.112713353641248,0.0693205226144619,0,0,0.00961066971108423
0.1,SCHEDULED_RHS,0.005,0.112713353641248,0.0693205226144619,0,0,0.00961066971108423
0.1,SCHEDULED_RHS,0.01,0.112713353641248,0.0693205226144619,0,0,0.00961066971108423
0.1,SCHEDULED_RHS,0.015,0.112713353641248,0.0693205226144619,0,0,0.00961066971108423
0.1,SCHEDULED_RHS,0.02,0.112713353641248,0.0693205226144619,0,0,0.00961066971108423
0.1,SCHEDULED_RHS,0.025,0.112713353641248,0.0693205226144619,0,0,0.00961066971108423
0.1,SCHEDULED_RHS,0.03,0.112713353641248,0.0693205226144619,0,0,0.00961066971108423
0.1,SCHEDULED_RHS,0.035,0.112713353641248,0.0693205226144619,0,0,0.00961066971108423
0.1,SCHEDULED_RHS,0.04,0.112713353641248,0.0693205226144619,0,0,0.00961066971108423
0.1,SCHEDULED_RHS,0.045,0.112713353641248,0.0693205226144619,0,0,0.00961066971108423
0.1,SCHEDULED_RHS,0.05,0.112713353641248,0.0693205226144619,0,0,0.00961066971108423
0.1,SCHEDULED_RHS,0.055,0.112713353641248,0.0693205226144619,0,0,0.00961066971108423
0.1,SCHEDULED_RHS,0.06,0.112713353641248,0.0693205226144619,0,0,0.00961066971108423
0.1,SCHEDULED_RHS,0.065,0.112713353641248,0.0693205226144619,0,0,0.00961066971108423
0.1,SCHEDULED_RHS,0.07,0.112713353641248,0.0693205226144619,0,0,0.00961066971108423
0.1,SCHEDULED_RHS,0.075,0.112713353641248,0.0693205226144619,0,0,0.00961066971108423
0.1,SCHEDULED_RHS,0.08,0.112713353641248,0.0693205226144619,0,0,0.00961066971108423
0.1,SCHEDULED_RHS,0.085,0.112713353641248,0.0693205226144619,0,0,0.00961066971108423
0.1,SCHEDULED_RHS,0.09,0.112713353641248,0.0693205226144619,0,0,0.00961066971108423
0.1,SCHEDULED_RHS,0.095,0.112713353641248,0.0693205226144619,0,0,0.00961066971108423
0.1,SCHEDULED_RHS,0.1,0.112713353641248,0.0693205226144619,0,0,0.00961066971108423
0.1,SCHEDULED_RHS,0.105,0.112713353641248,0.0693205226144619,0,0,0.00961066971108423
0.1,SCHEDULED_RHS,0.11,0.112713353641248,0.0693205226144619,0,0,0.00961066971108423
0.1,SCHEDULED_RHS,0.115,0.112713353641248,0.0693205226144619,0,0,0.00961066971108423
0.1,SCHEDULED_RHS,0.12,0.112713353641248,0.0693205226144619,0,0,0.00961066971108423
0.1,SCHEDULED_RHS,0.125,0.112713353641248,0.0693205226144619,0,0,0.00961066971108423
0.1,SCHEDULED_RHS,0.13,0.112713353641248,0.0693205226144619,0,0,0.00961066971108423
0.1,SCHEDULED_RHS,0.135,0.112713353641248,0.0693205226144619,0,0,0.00961066971108423
0.1,SCHEDULED_RHS,0.14,0.112713353641248,0.0693205226144619,0,0,0.00961066971108423
0.1,SCHEDULED_RHS,0.145,0.112713353641248,0.0693205226144619,0,0,0.00961066971108423
0.1,SCHEDULED_RHS,0.15,0.112713353641248,0.0693205226144619,0,0,0.00961066971108423
0.1,SCHEDULED_RHS,0.155,0.112713353641248,0.0693205226144619,0,0,0.00961066971108423
0.1,SCHEDULED_RHS,0.16,0.112713353641248,0.0693205226144619,0,0,0.00961066971108423
0.1,SCHEDULED_RHS,0.165,0.112713353641248,0.0693205226144619,0,0,0.00961066971108423
0.1,SCHEDULED_RHS,0.17,0.112713353641248,0.0693205226144619,0,0,0.00961066971108423
0.1,SCHEDULED_RHS,0.175,0.112713353641248,0.0693205226144619,0,0,0.00961066971108423
0.1,SCHEDULED_RHS,0.18,0.112713353641248,0.0693205226144619,0,0,0.00961066971108423
0.1,SCHEDULED_RHS,0.185,0.112713353641248,0.0693205226144619,0,0,0.00961066971108423
0.1,SCHEDULED_RHS,0.19,0.112713353641248,0.0693205226144619,0,0,0.00961066971108423
0.1,SCHEDULED_RHS,0.195,0.112713353641248,0.0693205226144619,0,0,0.00961066971108423
0.1,SCHEDULED_RHS,0.2,0.112713353641248,0.0693205226144619,0,0,0.00961066971108423
0.1,SCHEDULED_RHS,0.205,0.112713353641248,0.0693205226144619,0,0,0.00961066971108423
0.1,SCHEDULED_RHS,0.21,0.112713353641248,0.0693205226144619,0,0,0.00961066971108423
0.1,SCHEDULED_RHS,0.215,0.112713353641248,0.0693205226144619,0,0,0.00961066971108423
0.1,SCHEDULED_RHS,0.22,0.112713353641248,0.0693205226144619,0,0,0.00961066971108423
0.1,SCHEDULED_RHS,0.225,0.112713353641248,0.0693205226144619,0,0,0.00961066971108423
0.1,SCHEDULED_RHS,0.23,0.112713353641248,0.0693205226144619,0,0,0.00961066971108423
0.1,SCHEDULED_RHS,0.235,0.112713353641248,0.0693205226144619,0,0,0.00961066971108423
0.1,SCHEDULED_RHS,0.24,0.112713353641248,0.0693205226144619,0,0,0.00961066971108423
0.1,SCHEDULED_RHS,0.245,0.112713353641248,0.0693205226144619,0,0,0.00961066971108423
0.1,SCHEDULED_RHS,0.25,0.112713353641248,0.0693205226144619,0,0,0.00961066971108423
0.1,SCHEDULED_RHS,0.255,0.112713353641248,0.0693205226144619,0,0,0.00961066971108423
0.1,SCHEDULED_RHS,0.26,0.112713353641248,0.0693205226144619,0,0,0.00961066971108423
0.1,SCHEDULED_RHS,0.265,0.112713353641248,0.0693205226144619,0,0,0.00961066971108423
0.1,SCHEDULED_RHS,0.27,0.112713353641248,0.0693205226144619,0,0,0.00961066971108423
0.1,SCHEDULED_RHS,0.275,0.112713353641248,0.0693205226144619,0,0,0.00961066971108423
0.1,SCHEDULED_RHS,0.28,0.112713353641248,0.0693205226144619,0,0,0.00961066971108423
0.1,SCHEDULED_RHS,0.285,0.112713353641248,0.0693205226144619,0,0,0.00961066971108423
0.1,SCHEDULED_RHS,0.29,0.112713353641248,0.0693205226144619,0,0,0.00961066971108423
0.1,SCHEDULED_RHS,0.295,0.112713353641248,0.0693205226144619,0,0,0.00961066971108423
0.1,SCHEDULED_RHS,0.3,0.112713353641248,0.0693205226144619,0,0,0.00961066971108423
0.1,SCHEDULED_RHS,0.305,0.112713353641248,0.0693205226144619,0,0,0.00961066971108423
0.1,SCHEDULED_RHS,0.31,0.112713353641248,0.0693205226144619,0,0,0.00961066971108423
0.1,SCHEDULED_RHS,0.315,0.112713353641248,0.0693205226144619,0,0,0.00961066971108423
0.1,SCHEDULED_RHS,0.32,0.112713353641248,0.0693205226144619,0,0,0.00961066971108423
0.1,SCHEDULED_RHS,0.325,0.112713353641248,0.0693205226144619,0,0,0.00961066971108423
0.1,SCHEDULED_RHS,0.33,0.112713353641248,0.0693205226144619,0,0,0.00961066971108423
0.1,SCHEDULED_RHS,0.335,0.112713353641248,0.0693205226144619,0,0,0.00961066971108423
0.1,SCHEDULED_RHS,0.34,0.112713353641248,0.0693205226144619,0,0,0.00961066971108423
0.1,SCHEDULED_RHS,0.345,0.112713353641248,0.0693205226144619,0,0,0.00961066971108423
0.1,SCHEDULED_RHS,0.35,0.112713353641248,0.0693205226144619,0,0,0.00961066971108423
0.1,SCHEDULED_RHS,0.355,0.112713353641248,0.0693205226144619,0,0,0.00961066971108423
0.1,SCHEDULED_RHS,0.36,0.112713353641248,0.0693205226144619,0,0,0.00961066971108423
0.1,SCHEDULED_RHS,0.365,0.112713353641248,0.0693205226144619,0,0,0.00961066971108423
0.1,SCHEDULED_RHS,0.37,0.112713353641248,0.0693205226144619,0,0,0.00961066971108423
0.1,SCHEDULED_RHS,0.375,0.112713353641248,0.0693205226144619,0,0,0.00961066971108423
0.1,SCHEDULED_RHS,0.38,0.112713353641248,0.0693205226144619,0,0,0.00961066971108423
0.1,SCHEDULED_RHS,0.385,0.112713353641248,0.0693205226144619,0,0,0.00961066971108423
0.1,SCHEDULED_RHS,0.39,0.112713353641248,0.0693205226144619,0,0,0.00961066971108423
0.1,SCHEDULED_RHS,0.395,0.112713353641248,0.0693205226144619,0,0,0.00961066971108423
0.1,SCHEDULED_RHS,0.4,0.112713353641248,0.0693205226144619,0,0,0.00961066971108423
0.1,SCHEDULED_RHS,0.405,0.112713353641248,0.0693205226144619,0,0,0.00961066971108423
0.1,SCHEDULED_RHS,0.41,0.112713353641248,0.0693205226144619,0,0,0.00961066971108423
0.1,SCHEDULED_RHS,0.415,0.112713353641248,0.0693205226144619,0,0,0.00961066971108423
0.1,SCHEDULED_RHS,0.42,0.112713353641248,0.0693205226144619,0,0,0.00961066971108423
0.1,SCHEDULED_RHS,0.425,0.112713353641248,0.0693205226144619,0,0,0.00961066971108423
0.1,SCHEDULED_RHS,0.43,0.112713353641248,0.0693205226144619,0,0,0.00961066971108423
0.1,SCHEDULED_RHS,0.435,0.112713353641248,0.0693205226144619,0,0,0.00961066971108423
0.1,SCHEDULED_RHS,0.44,0.112713353641248,0.0693205226144619,0,0,0.00961066971108423
0.1,SCHEDULED_RHS,0.445,0.112713353641248,0.0693205226144619,0,0,0.00961066971108423
0.1,SCHEDULED_RHS,0.45,0.112713353641248,0.0693205226144619,0,0,0.00961066971108423
0.1,SCHEDULED_RHS,0.455,0.112713353641248,0.0693205226144619,0,0,0.00961066971108423
0.1,SCHEDULED_RHS,0.46,0.112713353641248,0.0693205226144619,0,0,0.00961066971108423
0.1,SCHEDULED_RHS,0.465,0.112713353641248,0.0693205226144619,0,0,0.00961066971108423
0.1,SCHEDULED_RHS,0.47,0.112713353641248,0.0693205226144619,0,0,0.00961066971108423
0.1,SCHEDULED_RHS,0.475,0.112713353641248,0.0693205226144619,0,0,0.00961066971108423
0.1,SCHEDULED_RHS,0.48,0.112713353641248,0.0693205226144619,0,0,0.00961066971108423
0.1,SCHEDULED_RHS,0.485,0.112713353641248,0.0693205226144619,0,0,0.00961066971108423
0.1,SCHEDULED_RHS,0.49,0.112713353641248,0.0693205226144619,0,0,0.00961066971108423
0.1,SCHEDULED_RHS,0.495,0.112713353641248,0.0693205226144619,0,0,0.00961066971108423
0.1,SCHEDULED_RHS,0.5,0.112713353641248,0.0693205226144619,0,0,0.00961066971108423
0.1,SCHEDULED_RHS,0.505,0.112713353641248,0.0693205226144619,0,0,0.00961066971108423
0.1,SCHEDULED_RHS,0.51,0.112713353641248,0.0693205226144619,0,0,0.00961066971108423
0.1,SCHEDULED_RHS,0.515,0.112713353641248,0.0693205226144619,0,0,0.00961066971108423
0.1,SCHEDULED_RHS,0.52,0.112713353641248,0.0693205226144619,0,0,0.00961066971108423
0.1,SCHEDULED_RHS,0.525,0.112713353641248,0.0693205226144619,0,0,0.00961066971108423
0.1,SCHEDULED_RHS,0.53,0.112713353641248,0.0693205226144619,0,0,0.00961066971108423
0.1,SCHEDULED_RHS,0.535,0.112713353641248,0.0693205226144619,0,0,0.00961066971108423
0.1,SCHEDULED_RHS,0.54,0.112713353641248,0.0693205226144619,0,0,0.00961066971108423
0.1,SCHEDULED_RHS,0.545,0.112713353641248,0.0693205226144619,0,0,0.00961066971108423
0.1,SCHEDULED_RHS,0.55,0.112713353641248,0.0693205226144619,0,0,0.00961066971108423
0.1,SCHEDULED_RHS,0.555,0.112713353641248,0.0693205226144619,0,0,0.00961066971108423
0.1,SCHEDULED_RHS,0.56,0.112713353641248,0.0693205226144619,0,0,0.00961066971108423
0.1,SCHEDULED_RHS,0.565,0.112713353641248,0.0693205226144619,0,0,0.00961066971108423
0.1,SCHEDULED_RHS,0.57,0.112713353641248,0.0693205226144619,0,0,0.00961066971108423
0.1,SCHEDULED_RHS,0.575,0.112713353641248,0.0693205226144619,0,0,0.00961066971108423
0.1,SCHEDULED_RHS,0.58,0.112713353641248,0.0693205226144619,0,0,0.00961066971108423
0.1,SCHEDULED_RHS,0.585,0.112713353641248,0.0693205226144619,0,0,0.00961066971108423
0.1,SCHEDULED_RHS,0.59,0.112713353641248,0.0693205226144619,0,0,0.00961066971108423
0.1,SCHEDULED_RHS,0.595,0.112713353641248,0.0693205226144619,0,0,0.00961066971108423
0.1,SCHEDULED_RHS,0.6,0.112713353641248,0.0693205226144619,0,0,0.00961066971108423
0.1,SCHEDULED_RHS,0.605,0.112713353641248,0.0693205226144619,0,0,0.00961066971108423
0.1,SCHEDULED_RHS,0.61,0.112713353641248,0.0693205226144619,0,0,0.00961066971108423
0.1,SCHEDULED_RHS,0.615,0.112713353641248,0.0693205226144619,0,0,0.00961066971108423
0.1,SCHEDULED_RHS,0.62,0.112713353641248,0.0693205226144619,0,0,0.00961066971108423
0.1,SCHEDULED_RHS,0.625,0.112713353641248,0.0693205226144619,0,0,0.00961066971108423
0.1,SCHEDULED_RHS,0.63,0.112713353641248,0.0693205226144619,0,0,0.00961066971108423
0.1,SCHEDULED_RHS,0.635,0.112713353641248,0.0693205226144619,0,0,0.00961066971108423
0.1,SCHEDULED_RHS,0.64,0.112713353641248,0.0693205226144619,0,0,0.00961066971108423
0.1,SCHEDULED_RHS,0.645,0.112713353641248,0.0693205226144619,0,0,0.00961066971108423
0.1,SCHEDULED_RHS,0.65,0.112713353641248,0.0693205226144619,0,0,0.00961066971108423
0.1,SCHEDULED_RHS,0.655,0.112713353641248,0.0693205226144619,0,0,0.00961066971108423
0.1,SCHEDULED_RHS,0.66,0.112713353641248,0.0693205226144619,0,0,0.00961066971108423
0.1,SCHEDULED_RHS,0.665,0.112713353641248,0.0693205226144619,0,0,0.00961066971108423
0.1,SCHEDULED_RHS,0.67,0.112713353641248,0.0693205226144619,0,0,0.00961066971108423
0.1,SCHEDULED_RHS,0.675,0.112713353641248,0.0693205226144619,0,0,0.00961066971108423
0.1,SCHEDULED_RHS,0.68,0.112713353641248,0.0693205226144619,0,0,0.00961066971108423
0.1,SCHEDULED_RHS,0.685,0.112713353641248,0.0693205226144619,0,0,0.00961066971108423
0.1,SCHEDULED_RHS,0.69,0.112713353641248,0.0693205226144619,0,0,0.00961066971108423
0.1,SCHEDULED_RHS,0.695,0.112713353641248,0.0693205226144619,0,0,0.00961066971108423
0.1,SCHEDULED_RHS,0.7,0.112713353641248,0.0693205226144619,0,0,0.00961066971108423
0.1,SCHEDULED_RHS,0.705,0.112713353641248,0.0693205226144619,0,0,0.00961066971108423
0.1,SCHEDULED_RHS,0.71,0.112713353641248,0.0693205226144619,0,0,0.00961066971108423
0.1,SCHEDULED_RHS,0.715,0.112713353641248,0.0693205226144619,0,0,0.00961066971108423
0.1,SCHEDULED_RHS,0.72,0.112713353641248,0.0693205226144619,0,0,0.00961066971108423
0.1,SCHEDULED_RHS,0.725,0.112713353641248,0.0693205226144619,0,0,0.00961066971108423
0.1,SCHEDULED_RHS,0.73,0.112713353641248,0.0693205226144619,0,0,0.00961066971108423
0.1,SCHEDULED_RHS,0.735,0.112713353641248,0.0693205226144619,0,0,0.00961066971108423
0.1,SCHEDULED_RHS,0.74,0.112713353641248,0.0693205226144619,0,0,0.00961066971108423
0.1,SCHEDULED_RHS,0.745,0.112713353641248,0.0693205226144619,0,0,0.00961066971108423
0.1,SCHEDULED_RHS,0.75,0.112713353641248,0.0693205226144619,0,0,0.00961066971108423
0.1,SCHEDULED_RHS,0.755,0.112713353641248,0.0693205226144619,0,0,0.00961066971108423
0.1,SCHEDULED_RHS,0.76,0.112713353641248,0.0693205226144619,0,0,0.00961066971108423
0.1,SCHEDULED_RHS,0.765,0.112713353641248,0.0693205226144619,0,0,0.00961066971108423
0.1,SCHEDULED_RHS,0.77,0.112713353641248,0.0693205226144619,0,0,0.00961066971108423
0.1,SCHEDULED_RHS,0.775,0.112713353641248,0.0693205226144619,0,0,0.00961066971108423
0.1,SCHEDULED_RHS,0.78,0.112713353641248,0.0693205226144619,0,0,0.00961066971108423
0.1,SCHEDULED_RHS,0.785,0.112713353641248,0.0693205226144619,0,0,0.00961066971108423
0.1,SCHEDULED_RHS,0.79,0.112713353641248,0.0693205226144619,0,0,0.00961066971108423
0.1,SCHEDULED_RHS,0.795,0.112713353641248,0.0693205226144619,0,0,0.00961066971108423
0.1,SCHEDULED_RHS,0.8,0.112713353641248,0.0693205226144619,0,0,0.00961066971108423
0.1,SCHEDULED_RHS,0.805,0.112713353641248,0.0693205226144619,0,0,0.00961066971108423
0.1,SCHEDULED_RHS,0.81,0.112713353641248,0.0693205226144619,0,0,0.00961066971108423
0.1,SCHEDULED_RHS,0.815,0.112713353641248,0.0693205226144619,0,0,0.00961066971108423
0.1,SCHEDULED_RHS,0.82,0.112713353641248,0.0693205226144619,0,0,0.00961066971108423
0.1,SCHEDULED_RHS,0.825,0.112713353641248,0.0693205226144619,0,0,0.00961066971108423
0.1,SCHEDULED_RHS,0.83,0.112713353641248,0.0693205226144619,0,0,0.00961066971108423
0.1,SCHEDULED_RHS,0.835,0.112713353641248,0.0693205226144619,0,0,0.00961066971108423
0.1,SCHEDULED_RHS,0.84,0.112713353641248,0.0693205226144619,0,0,0.00961066971108423
0.1,SCHEDULED_RHS,0.845,0.112713353641248,0.0693205226144619,0,0,0.00961066971108423
0.1,SCHEDULED_RHS,0.85,0.112713353641248,0.0693205226144619,0,0,0.00961066971108423
0.1,SCHEDULED_RHS,0.855,0.112713353641248,0.0693205226144619,0,0,0.00961066971108423
0.1,SCHEDULED_RHS,0.86,0.112713353641248,0.0693205226144619,0,0,0.00961066971108423
0.1,SCHEDULED_RHS,0.865,0.112713353641248,0.0693205226144619,0,0,0.00961066971108423
0.1,SCHEDULED_RHS,0.87,0.112713353641248,0.0693205226144619,0,0,0.00961066971108423
0.1,SCHEDULED_RHS,0.875,0.112713353641248,0.0693205226144619,0,0,0.00961066971108423
0.1,SCHEDULED_RHS,0.88,0.112713353641248,0.0693205226144619,0,0,0.00961066971108423
0.1,SCHEDULED_RHS,0.885,0.112713353641248,0.0693205226144619,0,0,0.00961066971108423
0.1,SCHEDULED_RHS,0.89,0.112713353641248,0.0693205226144619,0,0,0.00961066971108423
0.1,SCHEDULED_RHS,0.895,0.112713353641248,0.0693205226144619,0,0,0.00961066971108423
0.1,SCHEDULED_RHS,0.9,0.112713353641248,0.0693205226144619,0,0,0.00961066971108423
0.1,SCHEDULED_RHS,0.905,0.112713353641248,0.0693205226144619,0,0,0.00961066971108423
0.1,SCHEDULED_RHS,0.91,0.112713353641248,0.0693205226144619,0,0,0.00961066971108423
0.1,SCHEDULED_RHS,0.915,0.112713353641248,0.0693205226144619,0,0,0.00961066971108423
0.1,SCHEDULED_RHS,0.92,0.112713353641248,0.0693205226144619,0,0,0.00961066971108423
0.1,SCHEDULED_RHS,0.925,0.112713353641248,0.0693205226144619,0,0,0.00961066971108423
0.1,SCHEDULED_RHS,0.93,0.112713353641248,0.0693205226144619,0,0,0.00961066971108423
0.1,SCHEDULED_RHS,0.935,0.112713353641248,0.0693205226144619,0,0,0.00961066971108423
0.1,SCHEDULED_RHS,0.94,0.112713353641248,0.0693205226144619,0,0,0.00961066971108423
0.1,SCHEDULED_RHS,0.945,0.112713353641248,0.0693205226144619,0,0,0.00961066971108423
0.1,SCHEDULED_RHS,0.95,0.112713353641248,0.0693205226144619,0,0,0.00961066971108423
0.1,SCHEDULED_RHS,0.955,0.112713353641248,0.0693205226144619,0,0,0.00961066971108423
0.1,SCHEDULED_RHS,0.96,0.112713353641248,0.0693205226144619,0,0,0.00961066971108423
0.1,SCHEDULED_RHS,0.965,0.112713353641248,0.0693205226144619,0,0,0.00961066971108423
0.1,SCHEDULED_RHS,0.97,0.112713353641248,0.0693205226144619,0,0,0.00961066971108423
0.1,SCHEDULED_RHS,0.975,0.112713353641248,0.0693205226144619,0,0,0.00961066971108423
0.1,SCHEDULED_RHS,0.98,0.112713353641248,0.0693205226144619,0,0,0.00961066971108423
0.1,SCHEDULED_RHS,0.985,0.112713353641248,0.0693205226144619,0,0,0.00961066971108423
0.1,SCHEDULED_RHS,0.99,0.112713353641248,0.0693205227703186,1.9819182996933e-09,-2.29840146914739e-08,0.00961066968855954
0.1,SCHEDULED_RHS,0.995,0.112713353641248,0.0693205224253882,-1.11540143087067e-09,2.71123372641568e-08,0.00961066973765475
0.1,SCHEDULED_RHS,1,0.112713353641248,0.0693205219433016,-6.57983603405731e-09,9.78072076662784e-08,0.00961066980693682
0.1,SCHEDULED_RHS,1.005,0.112713461299717,0.0693205237975321,1.00030511172413e-08,8.2340543876569e-06,0.00961067778058576
0.1,SCHEDULED_RHS,1.01,0.112713784248562,0.069320533430673,1.04327827616378e-07,3.20447633779253e-05,0.00961070111545135
0.1,SCHEDULED_RHS,1.015,0.112714322408099,0.0693205577163351,3.54699389583326e-07,7.05155479536757e-05,0.00961073881741931
0.1,SCHEDULED_RHS,1.02,0.112715075645546,0.0693206018480947,8.3263073643222e-07,0.000122866951400624,0.00961079012260991
0.1,SCHEDULED_RHS,1.025,0.112716043775053,0.0693206696982377,1.60557985978228e-06,0.000188502637463728,0.00961085444660435
0.1,SCHEDULED_RHS,1.03,0.112717226557748,0.0693207644022385,2.73868719484135e-06,0.00026692660532035,0.00961093130331408
0.1,SCHEDULED_RHS,1.035,0.112718623701797,0.0693208885720764,4.29539845738232e-06,0.000357712986126302,0.00961102027538101
0.1,SCHEDULED_RHS,1.04,0.112720234862476,0.0693210438712735,6.33617883459247e-06,0.000460566256437644,0.00961112107318757
0.1,SCHEDULED_RHS,1.045,0.112722059642255,0.0693212316707655,8.92046762651251e-06,0.000575228340219169,0.00961123344381522
0.1,SCHEDULED_RHS,1.05,0.112724097590898,0.0693214533417518,1.21075395131847e-05,0.000701437141326977,0.00961135713040565
0.1,SCHEDULED_RHS,1.055,0.11272634820557,0.0693217094908409,1.59541984843325e-05,0.000839034909251524,0.00961149197836092
0.1,SCHEDULED_RHS,1.06,0.112728810930966,0.06932200054649,2.05165256478018e-05,0.000987885179020154,0.00961163785394322
0.1,SCHEDULED_RHS,1.065,0.112731485159446,0.0693223272359618,2.58512925456213e-05,0.0011478052262941,0.00961179457807985
0.1,SCHEDULED_RHS,1.07,0.112734370231183,0.0693226896667733,3.20131939721326e-05,0.001318696207953,0.00961196205390302
0.1,SCHEDULED_RHS,1.075,0.11273746543433,0.0693230878161905,3.90563054430518e-05,0.00150047383829133,0.00961214019881143
0.1,SCHEDULED_RHS,1.08,0.112740770005191,0.0693235220562208,4.70356409370283e-05,0.00169299404298862,0.00961232887161
0.1,SCHEDULED_RHS,1.085,0.112744283128414,0.0693239922176897,5.60043337495453e-05,0.00189618556184179,0.00961252800246261
0.1,SCHEDULED_RHS,1.09,0.112748003937186,0.0693244980689034,6.60150614525118e-05,0.00210998216319069,0.00961273752646122
0.1,SCHEDULED_RHS,1.095,0.112751931513455,0.0693250397882334,7.71214467949333e-05,0.00233425572545798,0.00961295731804467
0.1,SCHEDULED_RHS,1.1,0.11275606488815,0.0693256170390229,8.9375271490534e-05,0.0025689473066457,0.0096131873194489
0.1,SCHEDULED_RHS,1.105,0.112760403041422,0.0693262294952252,0.000102828041879612,0.00281399270819449,0.00961342746775831
0.1,SCHEDULED_RHS,1.11,0.112764944902898,0.069326877220927,0.000117532111028731,0.0030692687430065,0.00961367764224764
0.1,SCHEDULED_RHS,1.115,0.11276968935194,0.0693275597704461,0.000133537968688789,0.00333472073677932,0.00961393778933521
0.1,SCHEDULED_RHS,1.12,0.112774635217926,0.0693282767789882,0.00015089600169031,0.00361027888590826,0.0096142078406124
0.1,SCHEDULED_RHS,1.125,0.11277978128054,0.0693290282335881,0.000169657290738563,0.00389581991030497,0.00961448767526281
0.1,SCHEDULED_RHS,1.13,0.112785126270065,0.0693298136119388,0.0001898710172077,0.00419128906810684,0.00961477723963856
0.1,SCHEDULED_RHS,1.135,0.112790668867707,0.0693306325361362,0.000211586412445844,0.00449660758185644,0.00961507645653651
0.1,SCHEDULED_RHS,1.14,0.112796407705913,0.069331484934223,0.000234853226902915,0.0048116497907742,0.00961538520280715
0.1,SCHEDULED_RHS,1.145,0.112802341368709,0.0693323702266447,0.000259719280426218,0.00513635841882909,0.00961570342231907
0.1,SCHEDULED_RHS,1.15,0.112808468392053,0.0693332880323433,0.000286232568292957,0.00547064459077262,0.00961603102797315
0.1,SCHEDULED_RHS,1.155,0.112814787264194,0.0693342382301764,0.000314441430549161,0.00581437916979866,0.00961636789321329
0.1,SCHEDULED_RHS,1.16,0.112821296426046,0.0693352201960465,0.000344392254905781,0.006167500847436,0.00961671395795626
0.1,SCHEDULED_RHS,1.165,0.112827994271568,0.0693362335473103,0.000376131697469924,0.00652991073771503,0.00961706912529225
0.1,SCHEDULED_RHS,1.17,0.11283487914817,0.0693372781203425,0.000409706601143323,0.00690147559493859,0.00961743326463841
0.1,SCHEDULED_RHS,1.175,0.112841949357109,0.0693383532556287,0.000445161842938568,0.00728212910934722,0.00961780631101014
0.1,SCHEDULED_RHS,1.18,0.112849203153918,0.0693394585659344,0.00048254262585068,0.00767176314143647,0.00961818815842905
0.1,SCHEDULED_RHS,1.185,0.112856638748831,0.0693405938510685,0.000521894209481322,0.00807023983706578,0.00961857867179592
0.1,SCHEDULED_RHS,1.19,0.112864254307226,0.0693417584232187,0.000563259878572386,0.00847748722246244,0.00961897778057535
0.1,SCHEDULED_RHS,1.195,0.112872047950079,0.069342951884977,0.000606683264435022,0.00889338904829096,0.00961938537084116
0.1,SCHEDULED_RHS,1.2,0.112880017754423,0.0693441740056522,0.000652207960823317,0.00931780235268143,0.00961980130248851
0.1,SCHEDULED_RHS,1.205,0.112888161753831,0.0693454240751777,0.000699875578641181,0.00975064900862677,0.00962022549895171
0.1,SCHEDULED_RHS,1.21,0.11289647793889,0.0693467016788077,0.000749728057518487,0.0101918060454871,0.00962065783971762
0.1,SCHEDULED_RHS,1.215,0.112904964257708,0.0693480065618095,0.000801807247369705,0.0106411248593954,0.00962109817915213
0.1,SCHEDULED_RHS,1.22,0.112913618616412,0.0693493379975561,0.000856153006090581,0.0110985207509273,0.00962154643424849
0.1,SCHEDULED_RHS,1.225,0.112922438879669,0.0693506955456407,0.00091280546168921,0.0115638656006922,0.0096220024794477
0.1,SCHEDULED_RHS,1.23,0.11293142287121,0.0693520789340073,0.000971804646616136,0.0120370046117895,0.00962246616304639
0.1,SCHEDULED_RHS,1.235,0.11294056837437,0.0693534874255247,0.00103318859133341,0.0125178460613959,0.00962293739515476
0.1,SCHEDULED_RHS,1.24,0.112949873132633,0.0693549205447743,0.00109699549293945,0.0130062584188089,0.00962341604687068
0.1,SCHEDULED_RHS,1.245,0.112959334850189,0.0693563780089535,0.00116326349617121,0.0135020801820698,0.00962390195991971
0.1,SCHEDULED_RHS,1.25,0.112968951192501,0.0693578590775908,0.00123202873680782,0.0140052120161087,0.00962439503695194
0.1,SCHEDULED_RHS,1.255,0.11297871978688,0.0693593632299753,0.0013033273629023,0.0145155208661354,0.0096248951475716
0.1,SCHEDULED_RHS,1.26,0.112988638223072,0.0693608901783096,0.00137719556274783,0.0150328381483327,0.00962540212656392
0.1,SCHEDULED_RHS,1.265,0.112998704053852,0.0693624391877521,0.00145366751966269,0.015557056088694,0.00962591586830869
0.1,SCHEDULED_RHS,1.27,0.113008914795625,0.069364009681502,0.00153277721709237,0.0160880420862579,0.00962643624285493
0.1,SCHEDULED_RHS,1.275,0.113019267929044,0.0693656013706008,0.00161455881659396,0.0166256203875186,0.00962696307796144
0.1,SCHEDULED_RHS,1.28,0.113029760899629,0.0693672135370805,0.00169904450230563,0.0171696736480023,0.00962749625862881
0.1,SCHEDULED_RHS,1.285,0.113040391118396,0.0693688455379469,0.00178626598389144,0.0177200716167505,0.00962803565720909
0.1,SCHEDULED_RHS,1.29,0.113051155962498,0.0693704970832721,0.00187625531932946,0.0182766318148282,0.00962858109487007
0.1,SCHEDULED_RHS,1.295,0.11306205277587,0.0693721674853859,0.00196904265782176,0.0188392259033723,0.00962913244583767
0.1,SCHEDULED_RHS,1.3,0.113073078869886,0.0693738560284188,0.00206465734081664,0.0194077274085025,0.00962968958616552
0.1,SCHEDULED_RHS,1.305,0.113084231524024,0.0693755624153192,0.00216312923138121,0.0199819484841477,0.00963025233176153
0.1,SCHEDULED_RHS,1.31,0.113095507986532,0.0693772860031703,0.0022644864157244,0.0205617482423577,0.00963082054455334
0.1,SCHEDULED_RHS,1.315,0.113106905475113,0.0693790260052299,0.00236875580332428,0.0211470041984914,0.00963139410450407
0.1,SCHEDULED_RHS,1.32,0.113118421177605,0.0693807821006456,0.00247596494414808,0.0217375260017629,0.009631972825067
0.1,SCHEDULED_RHS,1.325,0.113130052252683,0.0693825537037523,0.00258613983229168,0.0223331589519038,0.00963255655463345
0.1,SCHEDULED_RHS,1.33,0.113141795830552,0.0693843399770401,0.00269930494051743,0.0229337822163345,0.00963314517478561
0.1,SCHEDULED_RHS,1.335,0.11315364901366,0.0693861405421242,0.00281548534126449,0.0235392082297601,0.00963373850170658
0.1,SCHEDULED_RHS,1.34,0.113165608877412,0.0693879548798401,0.0029347049026678,0.0241492676895128,0.00963433636947711
0.1,SCHEDULED_RHS,1.345,0.11317767247089,0.0693897821422381,0.00305698572136296,0.0247638362280895,0.00963493865621509
0.1,SCHEDULED_RHS,1.35,0.113189836817583,0.0693916218461938,0.00318235019263344,0.0253827362750947,0.00963554518789879
0.1,SCHEDULED_RHS,1.355,0.113202098916121,0.0693934735428038,0.00331082001337484,0.0260057839246848,0.00963615578429761
0.1,SCHEDULED_RHS,1.36,0.113214455741014,0.0693953364221629,0.00344241499423554,0.0266328449450022,0.00963677031386224
0.1,SCHEDULED_RHS,1.365,0.1132269042434,0.0693972098576464,0.00357715468411385,0.0272637577845618,0.00963738861826971
0.1,SCHEDULED_RHS,1.37,0.113239441351799,0.0693990934567905,0.00371505851588565,0.0278983264333608,0.00963801050542716
0.1,SCHEDULED_RHS,1.375,0.113252063972865,0.0694009864935615,0.00385614410170886,0.028536400853433,0.00963863582829505
0.1,SCHEDULED_RHS,1.38,0.113264768992156,0.0694028881940179,0.00400042808475079,0.0291778365987163,0.00963926444531399
0.1,SCHEDULED_RHS,1.385,0.113277553274899,0.0694047981751538,0.00414792744697564,0.0298224327577881,0.00963989615958766
0.1,SCHEDULED_RHS,1.39,0.113290413666763,0.0694067158198852,0.00429865763292232,0.0304700204918635,0.00964053080565142
0.1,SCHEDULED_RHS,1.395,0.113303346994639,0.0694086402786612,0.00445263255213712,0.0311204628652799,0.00964116824930618
0.1,SCHEDULED_RHS,1.4,0.113316350067422,0.0694105710763162,0.0046098663905208,0.0317735690092213,0.00964180830349754
0.1,SCHEDULED_RHS,1.405,0.113329419676798,0.0694125077078945,0.00477037239596231,0.0324291513976593,0.00964245078444707
0.1,SCHEDULED_RHS,1.41,0.113342552598037,0.069414449371153,0.00493416207493592,0.0330870637712941,0.00964309554881837
0.1,SCHEDULED_RHS,1.415,0.113355745590786,0.0694163953974745,0.0051012464789533,0.0337471402069038,0.00964374243400411
0.1,SCHEDULED_RHS,1.42,0.113368995399873,0.0694183453628995,0.00527163653276409,0.034409179468371,0.00964439124278975
0.1,SCHEDULED_RHS,1.425,0.113382298756105,0.0694202985932047,0.00544534154986984,0.0350730151210943,0.0096450418120668
0.1,SCHEDULED_RHS,1.43,0.113395652377078,0.0694222542638805,0.00562236953022682,0.0357385014423155,0.00964569399902468
0.1,SCHEDULED_RHS,1.435,0.113409052967986,0.0694242119064713,0.00580272867183543,0.0364054418233231,0.0096463476109838
0.1,SCHEDULED_RHS,1.44,0.113422497222433,0.0694261709823185,0.00598642609242799,0.0370736491643591,0.00964700246458347
0.1,SCHEDULED_RHS,1.445,0.113435981823252,0.0694281307107444,0.00617346731387242,0.0377429702533671,0.0096476584096735
0.1,SCHEDULED_RHS,1.45,0.113449503443318,0.0694300904023662,0.0063638572575436,0.038413238458654,0.00964831528295223
0.1,SCHEDULED_RHS,1.455,0.113463058746374,0.0694320496080013,0.00655760068458078,0.0390842522508361,0.00964897288691772
0.1,SCHEDULED_RHS,1.46,0.113476644387852,0.0694340076969831,0.00675470093540388,0.0397558368819784,0.00964963105031429
0.1,SCHEDULED_RHS,1.465,0.113490257015698,0.0694359638664428,0.00695515995758295,0.0404278414442185,0.00965028962524987
0.1,SCHEDULED_RHS,1.47,0.1135038932712,0.069437917545432,0.00715897951233269,0.0411000821695922,0.009650948431629
0.1,SCHEDULED_RHS,1.475,0.113517549789816,0.0694398682353315,0.00736616069608695,0.0417723650808028,0.00965160727935091
0.1,SCHEDULED_RHS,1.48,0.113531223202004,0.0694418152663724,0.00757670321152082,0.0424445205115163,0.00965226600213995
0.1,SCHEDULED_RHS,1.485,0.113544910134054,0.0694437578663597,0.00779060557294302,0.0431163934450502,0.00965292444807735
0.1,SCHEDULED_RHS,1.49,0.113558607208922,0.0694456955028507,0.00800786612911623,0.0437877951582575,0.00965358243221149
0.1,SCHEDULED_RHS,1.495,0.113572311047058,0.0694476276374446,0.00822848232841283,0.0444585380576612,0.00965423977069785
0.1,SCHEDULED_RHS,1.5,0.113586018267245,0.0694495536063154,0.00845245036169261,0.0451284526494238,0.00965489629742982
0.1,SCHEDULED_RHS,1.505,0.113599725487432,0.0694514726848279,0.0086797653557624,0.045797378460291,0.00965555185514111
0.1,SCHEDULED_RHS,1.51,0.113613429325568,0.0694533843241003,0.00891042208136988,0.0464651306280768,0.00965620626266391
0.1,SCHEDULED_RHS,1.515,0.113627126400436,0.069455287951031,0.00914441435626284,0.0471315282637939,0.00965685934272419
0.1,SCHEDULED_RHS,1.52,0.113640813332486,0.0694571829308687,0.00938173493434788,0.0477963998123823,0.00965751092719531
0.1,SCHEDULED_RHS,1.525,0.113654486744674,0.0694590686082355,0.00962237562892102,0.0484595773126433,0.0096581608514727
0.1,SCHEDULED_RHS,1.53,0.11366814326329,0.0694609444023544,0.00986632759915403,0.049120882987097,0.00965880894133165
0.1,SCHEDULED_RHS,1.535,0.113681779518792,0.0694628097066776,0.0101135810520682,0.0497801435085563,0.00965945502690881
0.1,SCHEDULED_RHS,1.54,0.113695392146638,0.0694646639181319,0.0103641253319809,0.0504371859260129,0.00966009893870952
0.1,SCHEDULED_RHS,1.545,0.113708977788116,0.0694665064533031,0.0106179489697948,0.0510918354394221,0.00966074050542699
0.1,SCHEDULED_RHS,1.55,0.113722533091172,0.0694683367018185,0.0108750395465512,0.0517439220590159,0.00966137956046861
0.1,SCHEDULED_RHS,1.555,0.113736054711238,0.0694701540260802,0.0111353836957456,0.0523932807061342,0.00966201594205473
0.1,SCHEDULED_RHS,1.56,0.113749539312057,0.0694719578571262,0.0113989673928328,0.0530397377131244,0.00966264947998833
0.1,SCHEDULED_RHS,1.565,0.113762983566504,0.0694737476858884,0.0116657759303285,0.0536831121248174,0.00966327999693055
0.1,SCHEDULED_RHS,1.57,0.113776384157412,0.0694755228747942,0.0119357933587081,0.0543232424164533,0.00966390733458458
0.1,SCHEDULED_RHS,1.575,0.113789737778385,0.0694772827576969,0.0122090027892637,0.0549599724164906,0.0096645313398999
0.1,SCHEDULED_RHS,1.58,0.113803041134617,0.0694790268020274,0.0124853868826382,0.0555931284271729,0.00966515184265
0.1,SCHEDULED_RHS,1.585,0.113816290943704,0.0694807545751377,0.0127649277497901,0.0562225240503285,0.00966576866016177
0.1,SCHEDULED_RHS,1.59,0.113829483936453,0.0694824654147515,0.0130476059722037,0.0568480068729702,0.0096663816430681
0.1,SCHEDULED_RHS,1.595,0.113842616857692,0.0694841586287829,0.0133334012042801,0.0574694302567416,0.00966699064766112
0.1,SCHEDULED_RHS,1.6,0.113855686467068,0.0694858337231871,0.013622292859078,0.0580866211631861,0.00966759550436046
0.1,SCHEDULED_RHS,1.605,0.113868689539851,0.0694874903427105,0.013914259933117,0.0586993885995728,0.00966819602599025
0.1,SCHEDULED_RHS,1.61,0.113881622867727,0.0694891278029787,0.0142092796143267,0.0593075898756581,0.00966879207271184
0.1,SCHEDULED_RHS,1.615,0.113894483259591,0.069490745391067,0.0145073281864585,0.0599110881385716,0.00966938351040729
0.1,SCHEDULED_RHS,1.62,0.113907267542334,0.0694923426544741,0.0148083818982625,0.0605097115506901,0.00966997017067305
0.1,SCHEDULED_RHS,1.625,0.113919972561625,0.0694939192987087,0.0151124166596143,0.0611032678404744,0.00967055186508001
0.1,SCHEDULED_RHS,1.63,0.113932595182691,0.0694954746181224,0.0154194063484119,0.0616916248789821,0.00967112846413976
0.1,SCHEDULED_RHS,1.635,0.11394513229109,0.0694970079308248,0.0157293241171868,0.0622746492089465,0.0096716998370621
0.1,SCHEDULED_RHS,1.64,0.113957580793476,0.0694985188497896,0.0160421432088385,0.0628521677508669,0.00967226581422641
0.1,SCHEDULED_RHS,1.645,0.113969937618369,0.0695000070602516,0.0163578362953713,0.0634239993532884,0.00967282621810146
0.1,SCHEDULED_RHS,1.65,0.113982199716906,0.0695014718095799,0.016676373961603,0.0639900270123128,0.0096733809340216
0.1,SCHEDULED_RHS,1.655,0.1139943640636,0.0695029125166249,0.0169977265346816,0.0645501117249427,0.00967392982576172
0.1,SCHEDULED_RHS,1.66,0.114006427657078,0.0695043289105403,0.0173218645029902,0.0651040729095769,0.00967447271634906
0.1,SCHEDULED_RHS,1.665,0.11401838752083,0.0695057205325443,0.0176487570342866,0.0656517589427317,0.00967500945719022
0.1,SCHEDULED_RHS,1.67,0.114030240703938,0.0695070866483763,0.017978371722762,0.0661930595948963,0.00967553994025859
0.1,SCHEDULED_RHS,1.675,0.114041984281807,0.0695084268411519,0.0183106763692212,0.0667278222191054,0.00967606401595774
0.1,SCHEDULED_RHS,1.68,0.114053615356885,0.0695097408940601,0.0186456386344414,0.0672558684012614,0.00967658150943909
0.1,SCHEDULED_RHS,1.685,0.114065131059377,0.0695110281291855,0.0189832240733943,0.0677770875382535,0.00967709231230987
0.1,SCHEDULED_RHS,1.69,0.114076528547957,0.0695122879744937,0.0193233978390855,0.0682913566847709,0.00967759630408176
0.1,SCHEDULED_RHS,1.695,0.114087805010466,0.0695135202154733,0.0196661254402288,0.0687985050117756,0.00967809331733964
0.1,SCHEDULED_RHS,1.7,0.114098957664603,0.0695147244214485,0.0200113710350962,0.0692983950070758,0.00967858321731942
0.1,SCHEDULED_RHS,1.705,0.11410998375862,0.0695158999065184,0.0203590973252149,0.0697909280479525,0.0096790659073693
0.1,SCHEDULED_RHS,1.71,0.114120880571992,0.069517046355442,0.0207092674344884,0.07027595591906,0.00967954124223593
0.1,SCHEDULED_RHS,1.715,0.114131645416094,0.0695181635582138,0.021061844121935,0.0707533184080305,0.00968000906490871
0.1,SCHEDULED_RHS,1.72,0.114142275634861,0.0695192508261705,0.0214167880482487,0.0712229259414965,0.00968046928760432
0.1,SCHEDULED_RHS,1.725,0.114152768605446,0.0695203077311557,0.0217740599953199,0.071684655078105,0.00968092178934834
0.1,SCHEDULED_RHS,1.73,0.114163121738865,0.069521334155578,0.0221336210212894,0.0721383414782615,0.00968136640908538
0.1,SCHEDULED_RHS,1.735,0.114173332480638,0.069522329531706,0.0224954301989771,0.0725838875458749,0.00968180305116978
0.1,SCHEDULED_RHS,1.74,0.114183398311418,0.0695232933310304,0.0228594460895774,0.0730211932539664,0.00968223161757352
0.1,SCHEDULED_RHS,1.745,0.11419331674761,0.0695242254331216,0.0232256278520817,0.0734501040194147,0.00968265195680274
0.1,SCHEDULED_RHS,1.75,0.114203085341989,0.069525125443761,0.0235939332158518,0.0738705071910601,0.00968306395845755
0.1,SCHEDULED_RHS,1.755,0.114212701684301,0.0695259927662399,0.0239643187061657,0.0742823220051516,0.00968346754338822
0.1,SCHEDULED_RHS,1.76,0.114222163401857,0.0695268272371253,0.0243367415530373,0.0746854097059853,0.009683862575612
0.1,SCHEDULED_RHS,1.765,0.11423146816012,0.069527628623612,0.0247111581979527,0.0750796446825852,0.00968424893202817
0.1,SCHEDULED_RHS,1.77,0.11424061366328,0.0695283963047297,0.0250875233546145,0.0754649595952834,0.00968462654664282
0.1,SCHEDULED_RHS,1.775,0.114249597654821,0.0695291300640656,0.0254657923884099,0.075841233295133,0.00968499530072808
0.1,SCHEDULED_RHS,1.78,0.114258417918078,0.0695298297932611,0.0258459204382295,0.0762083328015368,0.0096853550639609
0.1,SCHEDULED_RHS,1.785,0.114267072276782,0.0695304948877431,0.0262278606248325,0.0765661988016113,0.00968570577821373
0.1,SCHEDULED_RHS,1.79,0.1142755585956,0.0695311250831884,0.026611566562193,0.0769147273819133,0.00968604734164978
0.1,SCHEDULED_RHS,1.795,0.114283874780659,0.0695317203556084,0.0269969920663665,0.0772537841991117,0.0096863796226105
0.1,SCHEDULED_RHS,1.8,0.114292018780067,0.0695322801473315,0.0273840888572411,0.0775833139831814,0.00968670256693039
0.1,SCHEDULED_RHS,1.805,0.114299988584411,0.0695328041571942,0.0277728089322132,0.0779032288128079,0.0096870160884452
0.1,SCHEDULED_RHS,1.81,0.114307782227264,0.0695332924137926,0.028163104792773,0.0782133977920747,0.00968732005887489
0.1,SCHEDULED_RHS,1.815,0.114315397785659,0.0695337444237463,0.0285549269141748,0.0785137675411018,0.00968761442590636
0.1,SCHEDULED_RHS,1.82,0.114322833380572,0.0695341598610008,0.028948225818284,0.0788042647387943,0.00968789911768378
0.1,SCHEDULED_RHS,1.825,0.114330087177381,0.0695345387892096,0.0293429527462307,0.0790847647057138,0.00968817401201936
0.1,SCHEDULED_RHS,1.83,0.11433715738632,0.0695348807820049,0.0297390570443447,0.0793552158491799,0.00968843905835147
0.1,SCHEDULED_RHS,1.835,0.114344042262921,0.0695351855012498,0.0301364879058544,0.079615557910115,0.00968869419762529
0.1,SCHEDULED_RHS,1.84,0.114350740108444,0.0695354530379561,0.0305351953981765,0.0798656737792687,0.00968893931507191
0.1,SCHEDULED_RHS,1.845,0.114357249270295,0.0695356830272213,0.0309351278328104,0.0801055146923186,0.00968917436290155
0.1,SCHEDULED_RHS,1.85,0.114363568142437,0.0695358751309537,0.0313362332222076,0.080335031984637,0.00968939929342211
0.1,SCHEDULED_RHS,1.855,0.114369695165781,0.0695360294655707,0.0317384605667494,0.0805541166324559,0.0096896139997886
0.1,SCHEDULED_RHS,1.86,0.114375628828577,0.0695361457184648,0.032141757229196,0.080762724227105,0.00968981843847984
0.1,SCHEDULED_RHS,1.865,0.114381367666783,0.0695362235622891,0.0325460701875485,0.0809608164067477,0.00969001257190062
0.1,SCHEDULED_RHS,1.87,0.114386910264425,0.0695362631400122,0.0329513474937206,0.0811482922836131,0.00969019630117936
0.1,SCHEDULED_RHS,1.875,0.11439225525395,0.0695362641810098,0.0333575356469643,0.0813251134668729,0.00969036958869244
0.1,SCHEDULED_RHS,1.88,0.114397401316564,0.0695362263779469,0.0337645807353474,0.0814912507815109,0.00969053240584791
0.1,SCHEDULED_RHS,1.885,0.11440234718255,0.0695361499028516,0.0341724299873283,0.0816466113067733,0.00969068466158197
0.1,SCHEDULED_RHS,1.89,0.114407091631592,0.0695360345168959,0.0345810291265444,0.0817911642868232,0.00969082632575343
0.1,SCHEDULED_RHS,1.895,0.114411633493068,0.0695358799409068,0.0349903234945057,0.0819248887483539,0.00969095737780811
0.1,SCHEDULED_RHS,1.9,0.11441597164634,0.06953568637867,0.0354002596239081,0.0820476995141863,0.00969107773427107
0.1,SCHEDULED_RHS,1.905,0.114420105021035,0.0695354536137508,0.0358107825550257,0.0821595749422741,0.00969118737393274
0.1,SCHEDULED_RHS,1.91,0.114424032597304,0.0695351814025437,0.0362218370258834,0.0822605013534048,0.00969128628338729
0.1,SCHEDULED_RHS,1.915,0.114427753406076,0.0695348699826612,0.0366333690010672,0.0823504011517464,0.0096913743865896
0.1,SCHEDULED_RHS,1.92,0.114431266529298,0.0695345191518456,0.0370453229350278,0.0824292630919015,0.00969145167251901
0.1,SCHEDULED_RHS,1.925,0.11443457110016,0.0695341287090115,0.0374576431056641,0.0824970799172249,0.00969151813406388
0.1,SCHEDULED_RHS,1.93,0.114437666303307,0.0695336989264409,0.0378702750350052,0.0825537815961681,0.00969157370259222
0.1,SCHEDULED_RHS,1.935,0.114440551375044,0.0695332296093661,0.0382831626952479,0.0825993683183182,0.00969161837828981
0.1,SCHEDULED_RHS,1.94,0.114443225603524,0.0695327206058634,0.0386962500479542,0.0826338383936456,0.0096916521595004
0.1,SCHEDULED_RHS,1.945,0.11444568832892,0.0695321722220622,0.0391094822944572,0.0826571295448097,0.00969167498519124
0.1,SCHEDULED_RHS,1.95,0.114447938943592,0.0695315842658849,0.0395228030350825,0.082669254139331,0.00969168686748268
0.1,SCHEDULED_RHS,1.955,0.114449976892235,0.069530956640884,0.0399361560589381,0.0826702152155043,0.00969168780935229
0.1,SCHEDULED_RHS,1.96,0.114451801672014,0.0695302896842389,0.0403494863636212,0.082659958690817,0.00969167775779838
0.1,SCHEDULED_RHS,1.965,0.114453412832693,0.0695295832040292,0.0407627372956288,0.0826385095042745,0.00969165673726156
0.1,SCHEDULED_RHS,1.97,0.114454809976742,0.0695288371651168,0.0411758526148403,0.0826058746236402,0.00969162475457034
0.1,SCHEDULED_RHS,1.975,0.114455992759437,0.0695280519307731,0.0415887772263391,0.0825620088784706,0.00969158176545699
0.1,SCHEDULED_RHS,1.98,0.114456960888944,0.0695272273093377,0.0420014543492989,0.0825069497714601,0.00969152780667473
0.1,SCHEDULED_RHS,1.985,0.114457714126391,0.0695263633320776,0.0424138278558897,0.0824407074762536,0.00969146288819389
0.1,SCHEDULED_RHS,1.99,0.114458252285928,0.0695254603811904,0.0428258426637318,0.0823632467352375,0.00969138697546146
0.1,SCHEDULED_RHS,1.995,0.114458575234773,0.069524518268306,0.0432374420002246,0.0822746171640691,0.00969130011710156
0.1,SCHEDULED_RHS,2,0.114458682893242,0.0695235370951532,0.0436485699884442,0.0821748315368982,0.00969120232563305
0.1,SCHEDULED_RHS,2.005,0.114458575234773,0.069522517253581,0.04405917165744,0.0820638657789399,0.00969109357746227
0.1,SCHEDULED_RHS,2.01,0.114458252285928,0.0695214585646241,0.0444691903875962,0.0819417807032448,0.00969097393218695
0.1,SCHEDULED_RHS,2.015,0.114457714126391,0.069520361202892,0.0448785706865496,0.0818085912818862,0.00969084340447997
0.1,SCHEDULED_RHS,2.02,0.114456960888944,0.0695192255596511,0.0452872577906005,0.0816642859998868,0.00969070198305646
0.1,SCHEDULED_RHS,2.025,0.114455992759437,0.0695180514736116,0.0456951953840704,0.081508935618519,0.00969054973726357
0.1,SCHEDULED_RHS,2.03,0.114454809976742,0.069516839192555,0.0461023284860844,0.0813425571772903,0.00969038668380029
0.1,SCHEDULED_RHS,2.035,0.114453412832693,0.0695155890979927,0.0465086026386849,0.0811651529194144,0.009690212824865
0.1,SCHEDULED_RHS,2.04,0.114451801672014,0.0695143010548622,0.0469139619813859,0.0809768022368704,0.00969002823826307
0.1,SCHEDULED_RHS,2.045,0.114449976892235,0.0695129753826329,0.0473183521657474,0.0807775243288535,0.00968983294281002
0.1,SCHEDULED_RHS,2.05,0.114447938943592,0.0695116124455812,0.0477217191423505,0.0805673361274195,0.00968962695509952
0.1,SCHEDULED_RHS,2.055,0.11444568832892,0.0695102121431159,0.0481240076553641,0.0803463243530409,0.00968941036011899
0.1,SCHEDULED_RHS,2.06,0.114443225603524,0.0695087748631607,0.0485251641035569,0.0801145106760099,0.00968918317910565
0.1,SCHEDULED_RHS,2.065,0.114440551375044,0.0695073009475182,0.0489251349544967,0.0798719273029604,0.00968894544362251
0.1,SCHEDULED_RHS,2.07,0.114437666303307,0.0695057903373788,0.0493238657025179,0.0796186670847447,0.00968869724466484
0.1,SCHEDULED_RHS,2.075,0.11443457110016,0.0695042434843448,0.0497213036025344,0.0793547546643971,0.0096884386063832
0.1,SCHEDULED_RHS,2.08,0.114431266529298,0.0695026607050405,0.0501173957537851,0.0790802377228523,0.00968816957550566
0.1,SCHEDULED_RHS,2.085,0.114427753406076,0.0695010419883197,0.050512088540568,0.07879521421766,0.00968789024803213
0.1,SCHEDULED_RHS,2.09,0.114424032597304,0.0694993878434775,0.0509053301777495,0.0784997124099824,0.00968760065165899
0.1,SCHEDULED_RHS,2.095,0.114420105021035,0.0694976985618213,0.0512970685169677,0.0781937952646672,0.00968730084809278
0.1,SCHEDULED_RHS,2.1,0.11441597164634,0.0694959741839762,0.0516872509652577,0.0778775650460872,0.00968699093755417
0.1,SCHEDULED_RHS,2.105,0.114411633493068,0.0694942152701645,0.0520758267971238,0.0775510543622211,0.00968667095199949
0.1,SCHEDULED_RHS,2.11,0.114407091631592,0.0694924220885965,0.0524627447424713,0.0772143409112562,0.00968634096757418
0.1,SCHEDULED_RHS,2.115,0.11440234718255,0.0694905947338074,0.0528479533559653,0.0768675307163811,0.00968600108818261
0.1,SCHEDULED_RHS,2.12,0.114397401316564,0.0694887338098968,0.0532314030685125,0.076510661474968,0.00968565135076878
0.1,SCHEDULED_RHS,2.125,0.11439225525395,0.0694868395661527,0.0536130436178124,0.0761438247653334,0.00968529184508089
0.1,SCHEDULED_RHS,2.13,0.114386910264425,0.0694849121511376,0.0539928248227469,0.0757671300813776,0.00968492267842465
0.1,SCHEDULED_RHS,2.135,0.114381367666783,0.069482952206004,0.0543706983657188,0.07538062089478,0.00968454389340299
0.1,SCHEDULED_RHS,2.14,0.114375628828577,0.069480959966718,0.0547466151235553,0.0749844015837002,0.00968415559230812
0.1,SCHEDULED_RHS,2.145,0.114369695165781,0.0694789356340348,0.0551205262875815,0.0745785850753009,0.00968375788581044
0.1,SCHEDULED_RHS,2.15,0.114363568142437,0.0694768798800306,0.0554923848862529,0.0741632211771748,0.00968335082272214
0.1,SCHEDULED_RHS,2.155,0.114357249270295,0.0694747929338018,0.0558621430666887,0.073738425841702,0.00968293451667838
0.1,SCHEDULED_RHS,2.16,0.114350740108444,0.069472675044675,0.0562297534927572,0.073304315619966,0.00968250908190103
0.1,SCHEDULED_RHS,2.165,0.114344042262921,0.0694705269105826,0.0565951706338191,0.0728609470426242,0.00968207457379102
0.1,SCHEDULED_RHS,2.17,0.11433715738632,0.0694683487605322,0.0569583480364659,0.0724084463400434,0.00968163111605606
0.1,SCHEDULED_RHS,2.175,0.114330087177381,0.0694661408872416,0.0573192399295083,0.0719469340745782,0.00968117882684914
0.1,SCHEDULED_RHS,2.18,0.114322833380572,0.0694639040106944,0.0576778023187079,0.0714764736849922,0.00968071776834124
0.1,SCHEDULED_RHS,2.185,0.114315397785659,0.0694616383665415,0.0580339902759479,0.0709972003671027,0.00968024807302637
0.1,SCHEDULED_RHS,2.19,0.114307782227264,0.069459344284411,0.0583877596802072,0.070509239242833,0.00967976986352596
0.1,SCHEDULED_RHS,2.195,0.114299988584411,0.0694570225037723,0.0587390681694714,0.0700126606461655,0.00967928320876841
0.1,SCHEDULED_RHS,2.2,0.114292018780067,0.0694546732734533,0.0590878724626914,0.0695076074313938,0.00967878824875315
0.1,SCHEDULED_RHS,2.205,0.114283874780659,0.0694522969524748,0.0594341301676136,0.0689942099529315,0.00967828511122953
0.1,SCHEDULED_RHS,2.21,0.1142755585956,0.0694498942981722,0.0597778006494861,0.0684725452715824,0.00967777387171834
0.1,SCHEDULED_RHS,2.215,0.114267072276782,0.069447465579024,0.0601188423922421,0.0679427625801647,0.00967725467643087
0.1,SCHEDULED_RHS,2.22,0.114258417918078,0.0694450111751462,0.0604572148049039,0.0674049982276852,0.00967672765899127
0.1,SCHEDULED_RHS,2.225,0.114249597654821,0.0694425318604759,0.0607928790722485,0.0668593357622829,0.00967619290127801
0.1,SCHEDULED_RHS,2.23,0.11424061366328,0.0694400279299942,0.0611257955583338,0.0663059293212918,0.00967565055434808
0.1,SCHEDULED_RHS,2.235,0.11423146816012,0.0694374997760952,0.0614559255404287,0.0657449220638213,0.00967510075849965
0.1,SCHEDULED_RHS,2.24,0.114222163401857,0.069434948187534,0.0617832321095054,0.0651764038395459,0.00967454360178678
0.1,SCHEDULED_RHS,2.245,0.114212701684301,0.069432373493705,0.0621076776239368,0.0646005321670575,0.00967397923858015
0.1,SCHEDULED_RHS,2.25,0.114203085341989,0.0694297760902554,0.0624292252913915,0.0640174578413877,0.00967340781666125
0.1,SCHEDULED_RHS,2.255,0.11419331674761,0.0694271567773535,0.0627478401866037,0.0634272770385351,0.00967282943028404
0.1,SCHEDULED_RHS,2.26,0.114183398311418,0.0694245159285389,0.0630634867775815,0.0628301488189624,0.00967224423533026
0.1,SCHEDULED_RHS,2.265,0.114173332480638,0.06942185393394,0.063376130260898,0.0622262323857985,0.00967165238782146
0.1,SCHEDULED_RHS,2.27,0.114163121738865,0.0694191715989183,0.0636857377597551,0.0616156306466369,0.00967105398860867
0.1,SCHEDULED_RHS,2.275,0.114152768605446,0.069416469353251,0.0639922759696673,0.0609985020132182,0.00967044919293787
0.1,SCHEDULED_RHS,2.28,0.114142275634861,0.069413747573807,0.0642957121331068,0.0603750147062243,0.00966983816566795
0.1,SCHEDULED_RHS,2.285,0.114131645416094,0.0694110070610532,0.0645960154702492,0.0597452793007491,0.00966922101516422
0.1,SCHEDULED_RHS,2.29,0.114120880571992,0.0694082483152692,0.0648931550238023,0.0591094510456482,0.00966859789357298
0.1,SCHEDULED_RHS,2.295,0.11410998375862,0.0694054716947158,0.0651871001415148,0.0584677074345965,0.00966796897484079
0.1,SCHEDULED_RHS,2.3,0.114098957664603,0.06940267798047,0.0654778221710409,0.0578201682543167,0.00966733437636051
0.1,SCHEDULED_RHS,2.305,0.114087805010466,0.0693998677580655,0.0657652926185855,0.0571669829926016,0.0096666942446325
0.1,SCHEDULED_RHS,2.31,0.114076528547957,0.0693970413665336,0.0660494830057587,0.056508337988376,0.0096660487622718
0.1,SCHEDULED_RHS,2.315,0.114065131059377,0.0693941995491828,0.0663303668215842,0.0558443643194408,0.00966539805773672
0.1,SCHEDULED_RHS,2.32,0.114053615356885,0.0693913429877421,0.0666079181356784,0.0551752036394628,0.00966474226985004
0.1,SCHEDULED_RHS,2.325,0.114041984281807,0.0693884720099777,0.0668821107327141,0.0545010494770377,0.0096640815882728
0.1,SCHEDULED_RHS,2.33,0.114030240703938,0.0693855873015494,0.0671529202473114,0.0538220464802404,0.00966341615476237
0.1,SCHEDULED_RHS,2.335,0.11401838752083,0.0693826896390439,0.0674203233705355,0.0531383281197702,0.00966274610012212
0.1,SCHEDULED_RHS,2.34,0.114006427657078,0.0693797793616378,0.0676842962781662,0.0524500913651789,0.00966207161738526
0.1,SCHEDULED_RHS,2.345,0.1139943640636,0.0693768570813912,0.0679448167610539,0.0517574961467009,0.00966139286328592
0.1,SCHEDULED_RHS,2.35,0.113982199716906,0.0693739236411118,0.0682018641028083,0.0510606712538593,0.00966070996403984
0.1,SCHEDULED_RHS,2.355,0.113969937618369,0.0693709794384185,0.0684554170659518,0.0503598098917646,0.00966002310899104
0.1,SCHEDULED_RHS,2.36,0.113957580793476,0.0693680250030344,0.0687054556242169,0.0496550879541982,0.00965933247051815
0.1,SCHEDULED_RHS,2.365,0.11394513229109,0.0693650611834543,0.0689519615242564,0.0489466375538026,0.00965863817809364
0.1,SCHEDULED_RHS,2.37,0.113932595182691,0.0693620885018082,0.0691949163623038,0.0482346382228869,0.00965794040766194
0.1,SCHEDULED_RHS,2.375,0.113919972561625,0.0693591074053891,0.0694343023420489,0.0475192812682099,0.00965723934670668
0.1,SCHEDULED_RHS,2.38,0.113907267542334,0.0693561186828345,0.0696701035230117,0.0468007108308459,0.00965653513648834
0.1,SCHEDULED_RHS,2.385,0.113894483259591,0.0693531230226378,0.0699023045042582,0.0460790862787928,0.00965582793319005
0.1,SCHEDULED_RHS,2.39,0.113881622867727,0.0693501208191413,0.0701308898494672,0.0453546095898005,0.00965511793475315
0.1,SCHEDULED_RHS,2.395,0.113868689539851,0.0693471127520836,0.0703558458243252,0.0446274432975198,0.00965440530046313
0.1,SCHEDULED_RHS,2.4,0.113855686467068,0.0693440996473856,0.0705771599825083,0.0438977301214596,0.00965369017018736
0.1,SCHEDULED_RHS,2.405,0.113842616857692,0.0693410819305744,0.0707948195358,0.0431656702290173,0.00965297274009298
0.1,SCHEDULED_RHS,2.41,0.113829483936453,0.0693380601608191,0.071008812955059,0.0424314456180674,0.00965225318854076
0.1,SCHEDULED_RHS,2.415,0.113816290943704,0.0693350351675888,0.0712191303809747,0.0416952007174789,0.00965153165707324
0.1,SCHEDULED_RHS,2.42,0.113803041134617,0.0693320075472733,0.071425762121847,0.0409571135387523,0.00965080832014445
0.1,SCHEDULED_RHS,2.425,0.113789737778385,0.0693289777517443,0.0716286989216791,0.0402173830822861,0.00965008337277788
0.1,SCHEDULED_RHS,2.43,0.113776384157412,0.0693259464942924,0.0718279331768196,0.0394761718390981,0.00964935697421727
0.1,SCHEDULED_RHS,2.435,0.113762983566504,0.069322914568994,0.0720234583971531,0.0387336312810742,0.00964862927290742
0.1,SCHEDULED_RHS,2.44,0.113749539312057,0.0693198824211842,0.0722152679241612,0.0379899625672557,0.00964790046598732
0.1,SCHEDULED_RHS,2.445,0.113736054711238,0.0693168506220691,0.0724033563526726,0.0372453493281011,0.00964717073341768
0.1,SCHEDULED_RHS,2.45,0.113722533091172,0.0693138199672504,0.0725877198266039,0.0364999436590203,0.00964644022425438
0.1,SCHEDULED_RHS,2.455,0.113708977788116,0.0693107911024749,0.0727683549210582,0.0357539190065026,0.00964570910847767
0.1,SCHEDULED_RHS,2.46,0.113695392146638,0.0693077644892005,0.0729452585407517,0.0350074749755418,0.00964497758170356
0.1,SCHEDULED_RHS,2.465,0.113681779518792,0.0693047407747935,0.0731184290285322,0.0342607848842373,0.00964424581378647
0.1,SCHEDULED_RHS,2.47,0.11366814326329,0.0693017207557577,0.0732878660557086,0.0335140009000998,0.00964351395385295
0.1,SCHEDULED_RHS,2.475,0.113654486744674,0.0692987049815986,0.0734535694379441,0.0327673100254113,0.00964278218516814
0.1,SCHEDULED_RHS,2.48,0.113640813332486,0.0692956939641485,0.0736155397616883,0.0320209044142583,0.00964205069604603
0.1,SCHEDULED_RHS,2.485,0.113627126400436,0.0692926883755682,0.0737737789766606,0.031274953290005,0.00964131965232817
0.1,SCHEDULED_RHS,2.49,0.113613429325568,0.0692896889736516,0.0739282901723023,0.0305296134483122,0.00964058920767673
0.1,SCHEDULED_RHS,2.495,0.113599725487432,0.0692866962898566,0.0740790766443056,0.0297850733358853,0.00963985954677243
0.1,SCHEDULED_RHS,2.5,0.113586018267245,0.0692837108738629,0.0742261426254025,0.0290415183810531,0.00963913085133791
0.1,SCHEDULED_RHS,2.505,0.113572311047058,0.0692807333826038,0.0743694935510193,0.0282991183300378,0.00963840328772711
0.1,SCHEDULED_RHS,2.51,0.113558607208922,0.0692777645186392,0.0745091358744186,0.0275580359018566,0.00963767701540721
0.1,SCHEDULED_RHS,2.515,0.113544910134054,0.0692748048371888,0.0746450764879767,0.0268184540299341,0.00963695221365581
0.1,SCHEDULED_RHS,2.52,0.113531223202004,0.0692718549209759,0.074777323244475,0.026080551056733,0.00963622905725131
0.1,SCHEDULED_RHS,2.525,0.113517549789816,0.0692689153955497,0.0749058850013085,0.0253444985010507,0.00963550771428478
0.1,SCHEDULED_RHS,2.53,0.1135038932712,0.0692659868937688,0.0750307715133714,0.0246104660190873,0.00963478835102196
0.1,SCHEDULED_RHS,2.535,0.113490257015698,0.0692630700038841,0.0751519932751572,0.0238786286879851,0.00963407113904117
0.1,SCHEDULED_RHS,2.54,0.113476644387852,0.0692601653398301,0.0752695617282524,0.0231491569955207,0.00963335624542307
0.1,SCHEDULED_RHS,2.545,0.113463058746374,0.0692572734932552,0.0753834891152286,0.0224222235653251,0.00963264383934153
0.1,SCHEDULED_RHS,2.55,0.113449503443318,0.0692543950277366,0.075493788486638,0.0216980038965424,0.00963193409278843
0.1,SCHEDULED_RHS,2.555,0.113435981823252,0.0692515305366496,0.0756004736476875,0.0209765610787862,0.00963122706759258
0.1,SCHEDULED_RHS,2.56,0.113422497222433,0.0692486806269877,0.0757035591925245,0.0202581377736735,0.00963052300156614
0.1,SCHEDULED_RHS,2.565,0.113409052967986,0.0692458458524912,0.0758030606088101,0.0195429392632569,0.00962982209588872
0.1,SCHEDULED_RHS,2.57,0.113395652377078,0.0692430267223488,0.0758989942517693,0.0188311438351541,0.00962912452528496
0.1,SCHEDULED_RHS,2.575,0.113382298756105,0.0692402238906385,0.0759913776915211,0.0181229079197678,0.0096284304430591
0.1,SCHEDULED_RHS,2.58,0.113368995399873,0.0692374380321231,0.0760802294105299,0.0174183835628874,0.00962773999821836
0.1,SCHEDULED_RHS,2.585,0.113355745590786,0.0692346696696576,0.0761655682783273,0.0167177427958141,0.00962705335935611
0.1,SCHEDULED_RHS,2.59,0.113342552598037,0.0692319192182908,0.0762474136799517,0.0160211713343568,0.00962637070847674
0.1,SCHEDULED_RHS,2.595,0.113329419676798,0.069229187353534,0.0763257866124515,0.0153288163954741,0.00962569218985515
0.1,SCHEDULED_RHS,2.6,0.113316350067422,0.0692264747701975,0.0764007089571609,0.0146408207707047,0.00962501794342927
0.1,SCHEDULED_RHS,2.605,0.113303346994639,0.0692237819471891,0.0764722027703089,0.0139573560593025,0.00962434813736905
0.1,SCHEDULED_RHS,2.61,0.113290413666763,0.0692211092240541,0.0765402905099639,0.0132786117763946,0.00962368295740226
0.1,SCHEDULED_RHS,2.615,0.113277553274899,0.0692184572968162,0.0766049965134379,0.0126047251101262,0.00962302253797542
0.1,SCHEDULED_RHS,2.62,0.113264768992156,0.0692158268641248,0.0766663459311979,0.0119358309499482,0.00962236701128229
0.1,SCHEDULED_RHS,2.625,0.113252063972865,0.0692132183547498,0.0767243639050835,0.0112721004048275,0.00962171654501233
0.1,SCHEDULED_RHS,2.63,0.113239441351799,0.0692106320675241,0.0767790759844422,0.0106137209378918,0.00962107132288232
0.1,SCHEDULED_RHS,2.635,0.1132269042434,0.0692080687306448,0.0768305097927243,0.00996081713696917,0.00962043146699027
0.1,SCHEDULED_RHS,2.64,0.113214455741014,0.0692055289905517,0.076878693489212,0.00931352301178379,0.0096197971086678
0.1,SCHEDULED_RHS,2.645,0.113202098916121,0.0692030131921285,0.0769236551054989,0.00867201305556442,0.00961916841892098
0.1,SCHEDULED_RHS,2.65,0.113189836817583,0.0692005216903675,0.0769654234736757,0.00803645807096665,0.00961854556513909
0.1,SCHEDULED_RHS,2.655,0.11317767247089,0.0691980552440184,0.0770040293971687,0.00740696938720475,0.00961792865642648
0.1,SCHEDULED_RHS,2.66,0.113165608877412,0.0691956143800862,0.0770395037379364,0.00678368877448321,0.00961731783172017
0.1,SCHEDULED_RHS,2.665,0.11315364901366,0.0691931993338077,0.0770718772330067,0.00616679688982913,0.00961671326806684
0.1,SCHEDULED_RHS,2.67,0.113141795830552,0.0691908106432388,0.07710118226721,0.0055564290477097,0.0096161150980768
0.1,SCHEDULED_RHS,2.675,0.113130052252683,0.069188449000069,0.077127452417245,0.00495269628803996,0.00961552343057087
0.1,SCHEDULED_RHS,2.68,0.113118421177605,0.0691861147506212,0.0771507209487677,0.00435575597424176,0.00961493841976768
0.1,SCHEDULED_RHS,2.685,0.113106905475113,0.069183808150178,0.0771710215731789,0.00376577573620018,0.00961436022994711
0.1,SCHEDULED_RHS,2.69,0.113095507986532,0.0691815299145704,0.0771883900902293,0.0031828553244253,0.00961378895886622
0.1,SCHEDULED_RHS,2.695,0.113084231524024,0.0691792805349111,0.077202862324524,0.00260712358478088,0.00961322473279596
0.1,SCHEDULED_RHS,2.7,0.113073078869886,0.0691770601830312,0.0772144738372451,0.00203875180023871,0.00961266771959631
0.1,SCHEDULED_RHS,2.705,0.11306205277587,0.069174869396888,0.0772232619702196,0.0014778565972513,0.00961211803356301
0.1,SCHEDULED_RHS,2.71,0.113051155962498,0.0691727087959016,0.0772292649823081,0.000924540203735447,0.00961157577488102
0.1,SCHEDULED_RHS,2.715,0.113040391118396,0.0691705786070567,0.0772325206213746,0.000378957505404287,0.00961104109534073
0.1,SCHEDULED_RHS,2.72,0.113029760899629,0.0691684791364633,0.0772330675299836,-0.000158750770165028,0.00961051413285737
0.1,SCHEDULED_RHS,2.725,0.113019267929044,0.0691664110640113,0.0772309461171444,-0.00068849982160657,0.00960999497053761
0.1,SCHEDULED_RHS,2.73,0.113008914795625,0.0691643747135966,0.0772261963606239,-0.00121015748072395,0.00960948373790831
0.1,SCHEDULED_RHS,2.735,0.112998704053852,0.0691623702274804,0.0772188583235773,-0.00172356894466219,0.00960898058667871
0.1,SCHEDULED_RHS,2.74,0.112988638223072,0.069160398249812,0.0772089741912223,-0.00222865360827385,0.00960848559584309
0.1,SCHEDULED_RHS,2.745,0.11297871978688,0.0691584591977228,0.0771965860744135,-0.00272530188798292,0.00960799887279507
0.1,SCHEDULED_RHS,2.75,0.112968951192501,0.0691565531500697,0.077181735669749,-0.00321335950705404,0.00960752056872826
0.1,SCHEDULED_RHS,2.755,0.112959334850189,0.0691546806318232,0.0771644665991595,-0.00369273861263864,0.0096070507697398
0.1,SCHEDULED_RHS,2.76,0.112949873132633,0.0691528421392534,0.0771448229742697,-0.00416335057605721,0.00960658956268718
0.1,SCHEDULED_RHS,2.765,0.11294056837437,0.069151037748865,0.0771228482161135,-0.00462505065003072,0.009606137089425
0.1,SCHEDULED_RHS,2.77,0.11293142287121,0.0691492678396211,0.0770985872097912,-0.00507774028434405,0.00960569344653401
0.1,SCHEDULED_RHS,2.775,0.112922438879669,0.0691475329603226,0.0770720858937563,-0.0055213483815244,0.00960525870369082
0.1,SCHEDULED_RHS,2.78,0.112913618616412,0.0691458332112273,0.0770433893963198,-0.0059557437572586,0.00960483298945811
0.1,SCHEDULED_RHS,2.785,0.112904964257708,0.0691441688352371,0.077012543798703,-0.00638081889981024,0.00960441640919905
0.1,SCHEDULED_RHS,2.79,0.11289647793889,0.0691425404033867,0.0769795966774792,-0.00679651627405775,0.00960400901929897
0.1,SCHEDULED_RHS,2.795,0.112888161753831,0.0691409480462938,0.076944594789202,-0.00720271950844342,0.00960361093380379
0.1,SCHEDULED_RHS,2.8,0.112880017754423,0.0691393918944533,0.0769075853818813,-0.00759931578457795,0.00960322226327731
0.1,SCHEDULED_RHS,2.805,0.112872047950079,0.0691378725150279,0.0768686174906141,-0.0079862577308365,0.00960284305414444
0.1,SCHEDULED_RHS,2.81,0.112864254307226,0.0691363900654262,0.0768277393873553,-0.00836344357395191,0.00960247340614457
0.1,SCHEDULED_RHS,2.815,0.112856638748831,0.0691349445888664,0.07678499945885,-0.00873075902994636,0.00960211343127779
0.1,SCHEDULED_RHS,2.82,0.112849203153918,0.0691335366298776,0.0767404480379712,-0.00908816450810868,0.0096017631683436
0.1,SCHEDULED_RHS,2.825,0.112841949357109,0.0691321663643304,0.0766941347818526,-0.0094355719210224,0.00960142270366905
0.1,SCHEDULED_RHS,2.83,0.11283487914817,0.0691308337691879,0.0766461091726562,-0.00977286875467342,0.00960109214751962
0.1,SCHEDULED_RHS,2.835,0.112827994271568,0.0691295393553273,0.0765964227005955,-0.0101000218891478,0.00960077153235334
0.1,SCHEDULED_RHS,2.84,0.112821296426046,0.0691282833069528,0.0765451262694848,-0.0104169557311558,0.00960046093225282
0.1,SCHEDULED_RHS,2.845,0.112814787264194,0.0691270655500384,0.0764922703935818,-0.0107235619329682,0.00960016045340051
0.1,SCHEDULED_RHS,2.85,0.112808468392053,0.0691258865574204,0.076437907597237,-0.0110198134496411,0.00959987012230088
0.1,SCHEDULED_RHS,2.855,0.112802341368709,0.0691247465112145,0.0763820898889319,-0.0113056459238745,0.00959959000202509
0.1,SCHEDULED_RHS,2.86,0.112796407705913,0.0691236452963654,0.0763248687332467,-0.0115809567942371,0.00959932019308494
0.1,SCHEDULED_RHS,2.865,0.112790668867707,0.069122583348154,0.0762662975776941,-0.0118457253604891,0.00959906071576699
0.1,SCHEDULED_RHS,2.87,0.112785126270065,0.0691215608366252,0.0762064293923231,-0.0120998972801072,0.00959881162332775
0.1,SCHEDULED_RHS,2.875,0.11277978128054,0.0691205776115527,0.0761453164957066,-0.0123433767920478,0.00959857300961453
0.1,SCHEDULED_RHS,2.88,0.112774635217926,0.0691196340743305,0.0760830131548899,-0.0125761502359172,0.00959834488801475
0.1,SCHEDULED_RHS,2.885,0.11276968935194,0.0691187303734653,0.0760195731578036,-0.0127981721102461,0.00959812730312054
0.1,SCHEDULED_RHS,2.89,0.112764944902898,0.0691178663272529,0.0759550495721689,-0.0130093541361536,0.00959792034144658
0.1,SCHEDULED_RHS,2.895,0.112760403041422,0.069117042308039,0.0758894973824913,-0.013209690528452,0.00959772400866245
0.1,SCHEDULED_RHS,2.9,0.11275606488815,0.0691162584340081,0.0758229710510721,-0.0133991435238681,0.00959753834177674
0.1,SCHEDULED_RHS,2.905,0.112751931513455,0.0691155144949544,0.075755524286006,-0.0135776328801906,0.00959736341942807
0.1,SCHEDULED_RHS,2.91,0.112748003937186,0.0691148108388178,0.0756872126848972,-0.0137451614690427,0.00959719923880221
0.1,SCHEDULED_RHS,2.915,0.112744283128414,0.069114147545406,0.0756180912414804,-0.0139016982397777,0.00959704583032927
0.1,SCHEDULED_RHS,2.92,0.112740770005191,0.0691135243792898,0.0755482141948172,-0.0140471715580208,0.00959690326421205
0.1,SCHEDULED_RHS,2.925,0.11273746543433,0.0691129416675281,0.0754776376464542,-0.0141815935493739,0.00959677152856728
0.1,SCHEDULED_RHS,2.93,0.112734370231183,0.0691123994442458,0.075406416979509,-0.0143049389300121,0.0095966506481735
0.1,SCHEDULED_RHS,2.935,0.112731485159446,0.0691118974530851,0.075334606856368,-0.0144171453623301,0.00959654068412252
0.1,SCHEDULED_RHS,2.94,0.112728810930966,0.069111436001958,0.075262263766806,-0.0145182345430754,0.00959644161515121
0.1,SCHEDULED_RHS,2.945,0.11272634820557,0.0691110150728369,0.0751894433426825,-0.0146081861015137,0.0095963534612232
0.1,SCHEDULED_RHS,2.95,0.112724097590898,0.0691106343941514,0.0751162005653018,-0.0146869478606266,0.00959627627347278
0.1,SCHEDULED_RHS,2.955,0.112722059642255,0.0691102942541694,0.0750425921893308,-0.0147545510630298,0.00959621002128169
0.1,SCHEDULED_RHS,2.96,0.112720234862476,0.0691099945773899,0.0749686739573272,-0.0148109795335447,0.00959615472050187
0.1,SCHEDULED_RHS,2.965,0.112718623701797,0.0691097350838174,0.0748945010675794,-0.0148561922449311,0.00959611041134065
0.1,SCHEDULED_RHS,2.97,0.112717226557748,0.0691095160395936,0.0748201304096573,-0.0148902296525577,0.00959607705415114
0.1,SCHEDULED_RHS,2.975,0.112716043775053,0.069109337307711,0.0747456177020649,-0.0149130792152334,0.0095960546612239
0.1,SCHEDULED_RHS,2.98,0.112715075645546,0.0691091986072048,0.0746710182596453,-0.0149247121128369,0.0095960432608031
0.1,SCHEDULED_RHS,2.985,0.112714322408099,0.0691091001778808,0.0745963889712836,-0.0149251774091184,0.0095960428048055
0.1,SCHEDULED_RHS,2.99,0.112713784248562,0.0691090418051673,0.0745217852572419,-0.0149144638438194,0.00959605330426632
0.1,SCHEDULED_RHS,2.995,0.112713461299717,0.0691090232353105,0.0744472624895584,-0.0148925587581328,0.00959607477159141
0.1,SCHEDULED_RHS,3,0.112713353641248,0.0691090449693567,0.0743728807741652,-0.0148595620093772,0.00959610710891902
0.1,SCHEDULED_RHS,3.005,0.112713353641248,0.0691091045321683,0.0742986742730035,-0.0148235534322669,0.00959614239788532
0.1,SCHEDULED_RHS,3.01,0.112713353641248,0.0691091955712886,0.0742246366701092,-0.0147920483872248,0.00959617327332006
0.1,SCHEDULED_RHS,3.015,0.112713353641248,0.069109311580044,0.0741507477182066,-0.0147641246833565,0.00959620063898469
0.1,SCHEDULED_RHS,3.02,0.112713353641248,0.0691094471168603,0.0740769910250194,-0.0147390114093415,0.00959622525038429
0.1,SCHEDULED_RHS,3.025,0.112713353641248,0.0691095979783574,0.0740033539115816,-0.0147161130596984,0.00959624769112352
0.1,SCHEDULED_RHS,3.03,0.112713353641248,0.0691097610317145,0.0739298269095263,-0.0146949857871697,0.0095962683961796
0.1,SCHEDULED_RHS,3.035,0.112713353641248,0.0691099335823489,0.0738564018648095,-0.0146752478264549,0.00959628773968846
0.1,SCHEDULED_RHS,3.04,0.112713353641248,0.0691101135610888,0.0737830724990255,-0.0146566060096625,0.00959630600895921
0.1,SCHEDULED_RHS,3.045,0.112713353641248,0.0691102994673068,0.0737098342388676,-0.0146388477104065,0.00959632341236902
0.1,SCHEDULED_RHS,3.05,0.112713353641248,0.0691104899755014,0.0736366830362978,-0.0146217851111192,0.00959634013398202
0.1,SCHEDULED_RHS,3.055,0.112713353641248,0.0691106839861613,0.0735636155210831,-0.0146052624086508,0.00959635632648773
0.1,SCHEDULED_RHS,3.06,0.112713353641248,0.0691108807946107,0.0734906295071475,-0.0145891797333118,0.00959637208776001
0.1,SCHEDULED_RHS,3.065,0.112713353641248,0.0691110798068588,0.0734177231404259,-0.0145734528953501,0.00959638750030611
0.1,SCHEDULED_RHS,3.07,0.112713353641248,0.0691112804693037,0.0733448946880532,-0.0145580034266981,0.00959640264102597
0.1,SCHEDULED_RHS,3.075,0.112713353641248,0.0691114823515184,0.0732721427866301,-0.0145427703085819,0.00959641756971894
0.1,SCHEDULED_RHS,3.08,0.112713353641248,0.0691116852006283,0.0731994666052967,-0.0145277176748149,0.00959643232153444
0.1,SCHEDULED_RHS,3.085,0.112713353641248,0.0691118887840905,0.0731268653742392,-0.0145128125394756,0.00959644692879917
0.1,SCHEDULED_RHS,3.09,0.112713353641248,0.0691120928831736,0.0730543383651382,-0.0144980238732888,0.00959646142192233
0.1,SCHEDULED_RHS,3.095,0.112713353641248,0.0691122973300041,0.072981885002265,-0.0144833278516625,0.00959647582425237
0.1,SCHEDULED_RHS,3.1,0.112713353641248,0.0691125020281969,0.0729095049243512,-0.0144687107772619,0.00959649014921291
0.1,SCHEDULED_RHS,3.105,0.112713353641248,0.0691127068873962,0.0728371977882833,-0.0144541598069807,0.00959650440939037
0.1,SCHEDULED_RHS,3.11,0.112713353641248,0.0691129118226172,0.0727649632671266,-0.0144396628585657,0.00959651861662557
0.1,SCHEDULED_RHS,3.115,0.112713353641248,0.0691131167686632,0.0726928010933615,-0.0144252106530587,0.00959653278001202
0.1,SCHEDULED_RHS,3.12,0.112713353641248,0.0691133216881579,0.0726207110829724,-0.0144107978526833,0.00959654690478082
0.1,SCHEDULED_RHS,3.125,0.112713353641248,0.0691135265460695,0.0725486930590451,-0.0143964194517778,0.00959656099583761
0.1,SCHEDULED_RHS,3.13,0.112713353641248,0.0691137313094522,0.0724767468509944,-0.0143820707402931,0.00959657505779831
0.1,SCHEDULED_RHS,3.135,0.112713353641248,0.0691139359530597,0.0724048723113961,-0.014367748098902,0.00959658909420991
0.1,SCHEDULED_RHS,3.14,0.112713353641248,0.0691141404624752,0.072333069325375,-0.0143534494424991,0.00959660310711584
0.1,SCHEDULED_RHS,3.145,0.112713353641248,0.0691143448241923,0.072261337780857,-0.014339172814946,0.00959661709843317
0.1,SCHEDULED_RHS,3.15,0.112713353641248,0.069114549025513,0.0721896775682641,-0.0143249163746884,0.00959663106996662
0.1,SCHEDULED_RHS,3.155,0.112713353641248,0.0691147530567346,0.072118088587073,-0.014310678704561,0.00959664502310506
0.1,SCHEDULED_RHS,3.16,0.112713353641248,0.0691149569123733,0.0720465707494831,-0.014296458985072,0.00959665895865159
0.1,SCHEDULED_RHS,3.165,0.112713353641248,0.0691151605872975,0.0719751239688212,-0.0142822564466645,0.00959667287736039
0.1,SCHEDULED_RHS,3.17,0.112713353641248,0.0691153640766869,0.0719037481594191,-0.0142680703639257,0.00959668677994239
0.1,SCHEDULED_RHS,3.175,0.112713353641248,0.0691155673768864,0.0718324432391744,-0.0142539001765734,0.00959670066694665
0.1,SCHEDULED_RHS,3.18,0.112713353641248,0.0691157704858873,0.0717612091309926,-0.0142397455575818,0.00959671453869368
0.1,SCHEDULED_RHS,3.185,0.112713353641248,0.0691159734018161,0.0716900457582557,-0.0142256061991102,0.00959672839548517
0.1,SCHEDULED_RHS,3.19,0.112713353641248,0.0691161761229172,0.0716189530447702,-0.0142114818100758,0.00959674223760637
0.1,SCHEDULED_RHS,3.195,0.112713353641248,0.069116378647888,0.0715479309157724,-0.0141973721636273,0.00959675606527961
0.1,SCHEDULED_RHS,3.2,0.112713353641248,0.0691165809760715,0.0714769792985048,-0.0141832771243866,0.00959676987863755
0.1,SCHEDULED_RHS,3.205,0.112713353641248,0.0691167831068614,0.0714060981204326,-0.0141691965642021,0.0095967836778058
0.1,SCHEDULED_RHS,3.21,0.112713353641248,0.069116985039694,0.0713352873092199,-0.0141551303610079,0.00959679746290397
0.1,SCHEDULED_RHS,3.215,0.112713353641248,0.0691171867741817,0.0712645467931291,-0.0141410784177332,0.0095968112340272
0.1,SCHEDULED_RHS,3.22,0.112713353641248,0.0691173883101928,0.0711938765012607,-0.0141270406735998,0.00959682499123505
0.1,SCHEDULED_RHS,3.225,0.112713353641248,0.0691175896476136,0.0711232763628392,-0.0141130170703949,0.00959683873458457
0.1,SCHEDULED_RHS,3.23,0.112713353641248,0.0691177907863437,0.0710527463071995,-0.0140990075518648,0.00959685246413089
0.1,SCHEDULED_RHS,3.235,0.112713353641248,0.069117991726351,0.0709822862639519,-0.0140850120714653,0.00959686617991962
0.1,SCHEDULED_RHS,3.24,0.112713353641248,0.0691181924677079,0.0709118961630894,-0.0140710305974707,0.00959687988198185
0.1,SCHEDULED_RHS,3.245,0.112713353641248,0.0691183930104916,0.0708415759346906,-0.0140570630989227,0.00959689357034794
0.1,SCHEDULED_RHS,3.25,0.112713353641248,0.0691185933547816,0.0707713255089104,-0.0140431095451987,0.00959690724504787
0.1,SCHEDULED_RHS,3.255,0.112713353641248,0.0691187935006837,0.0707011448160527,-0.0140291699094597,0.00959692090610797
0.1,SCHEDULED_RHS,3.26,0.112713353641248,0.0691189934483491,0.0706310337866271,-0.0140152441713166,0.0095969345535482
0.1,SCHEDULED_RHS,3.265,0.112713353641248,0.069119193197929,0.0705609923512134,-0.0140013323104391,0.0095969481873885
0.1,SCHEDULED_RHS,3.27,0.112713353641248,0.0691193927495722,0.0704910204404544,-0.013987434306225,0.00959696180764905
0.1,SCHEDULED_RHS,3.275,0.112713353641248,0.0691195921034379,0.0704211179850925,-0.0139735501395251,0.00959697541434863
0.1,SCHEDULED_RHS,3.28,0.112713353641248,0.0691197912597073,0.070351284916007,-0.0139596797944002,0.00959698900750284
0.1,SCHEDULED_RHS,3.285,0.112713353641248,0.0691199902185598,0.0702815211641409,-0.013945823254689,0.00959700258712753
0.1,SCHEDULED_RHS,3.29,0.112713353641248,0.0691201889801711,0.070211826660495,-0.013931980503715,0.00959701615323905
0.1,SCHEDULED_RHS,3.295,0.112713353641248,0.0691203875447203,0.0701422013361506,-0.0139181515253703,0.00959702970585318
0.1,SCHEDULED_RHS,3.3,0.112713353641248,0.0691205859124,0.0700726451222983,-0.0139043363054672,0.00959704324498381
0.1,SCHEDULED_RHS,3.305,0.112713353641248,0.0691207840834002,0.0700031579501902,-0.0138905348295015,0.00959705677064518
0.1,SCHEDULED_RHS,3.31,0.112713353641248,0.0691209820579063,0.0699337397511341,-0.0138767470823691,0.00959707028285208
0.1,SCHEDULED_RHS,3.315,0.112713353641248,0.0691211798361049,0.0698643904565103,-0.0138629730491679,0.0095970837816191
0.1,SCHEDULED_RHS,3.32,0.112713353641248,0.0691213774181924,0.0697951099977976,-0.0138492127164263,0.00959709726695947
0.1,SCHEDULED_RHS,3.325,0.112713353641248,0.0691215748043626,0.0697258983065356,-0.0138354660703239,0.00959711073888671
0.1,SCHEDULED_RHS,3.33,0.112713353641248,0.069121771994804,0.069656755314318,-0.0138217330963926,0.00959712419741502
0.1,SCHEDULED_RHS,3.335,0.112713353641248,0.069121968989706,0.0695876809528085,-0.0138080137802454,0.00959713764255848
0.1,SCHEDULED_RHS,3.34,0.112713353641248,0.0691221657892657,0.0695186751537645,-0.0137943081087215,0.00959715107433001
0.1,SCHEDULED_RHS,3.345,0.112713353641248,0.0691223623936779,0.0694497378490034,-0.013780616068285,0.00959716449274285
0.1,SCHEDULED_RHS,3.35,0.112713353641248,0.0691225588031321,0.0693808689703968,-0.0137669376447604,0.00959717789781091
0.1,SCHEDULED_RHS,3.355,0.112713353641248,0.0691227550178179,0.0693120684498843,-0.0137532728239993,0.00959719128954804
0.1,SCHEDULED_RHS,3.36,0.112713353641248,0.0691229510379327,0.0692433362194975,-0.013739621592979,0.00959720466796702
0.1,SCHEDULED_RHS,3.365,0.112713353641248,0.0691231468636709,0.0691746722113277,-0.0137259839383255,0.00959721803308095
0.1,SCHEDULED_RHS,3.37,0.112713353641248,0.0691233424952219,0.06910607635752,-0.0137123598460036,0.00959723138490358
0.1,SCHEDULED_RHS,3.375,0.112713353641248,0.0691235379327752,0.0690375485902868,-0.0136987493019838,0.00959724472344867
0.1,SCHEDULED_RHS,3.38,0.112713353641248,0.0691237331765274,0.0689690888419316,-0.0136851522933448,0.00959725804872887
0.1,SCHEDULED_RHS,3.385,0.112713353641248,0.0691239282266726,0.0689006970448171,-0.0136715688067923,0.00959727136075722
0.1,SCHEDULED_RHS,3.39,0.112713353641248,0.0691241230833997,0.0688323731313596,-0.0136579988283838,0.00959728465954737
0.1,SCHEDULED_RHS,3.395,0.112713353641248,0.0691243177468975,0.0687641170340425,-0.0136444423441837,0.00959729794511299
0.1,SCHEDULED_RHS,3.4,0.112713353641248,0.0691245122173621,0.0686959286854394,-0.0136308993413259,0.00959731121746669
0.1,SCHEDULED_RHS,3.405,0.112713353641248,0.0691247064949867,0.0686278080181829,-0.0136173698065853,0.00959732447662142
0.1,SCHEDULED_RHS,3.41,0.112713353641248,0.0691249005799598,0.0685597549649592,-0.0136038537260941,0.00959733772259077
0.1,SCHEDULED_RHS,3.415,0.112713353641248,0.0691250944724693,0.068491769458521,-0.0135903510859769,0.00959735095538835
0.1,SCHEDULED_RHS,3.42,0.112713353641248,0.0691252881727107,0.0684238514317108,-0.0135768618734282,0.00959736417502671
0.1,SCHEDULED_RHS,3.425,0.112713353641248,0.0691254816808765,0.0683560008174299,-0.013563386075278,0.00959737738151874
0.1,SCHEDULED_RHS,3.43,0.112713353641248,0.0691256749971543,0.068288217548633,-0.0135499236777239,0.00959739057487799
0.1,SCHEDULED_RHS,3.435,0.112713353641248,0.0691258681217315,0.068220501558341,-0.0135364746669513,0.00959740375511797
0.1,SCHEDULED_RHS,3.44,0.112713353641248,0.0691260610548027,0.0681528527796641,-0.0135230390302059,0.00959741692225121
0.1,SCHEDULED_RHS,3.445,0.112713353641248,0.0691262537965596,0.0680852711457713,-0.0135096167543711,0.00959743007629054
0.1,SCHEDULED_RHS,3.45,0.112713353641248,0.0691264463471892,0.0680177565898843,-0.0134962078257033,0.00959744321724944
0.1,SCHEDULED_RHS,3.455,0.112713353641248,0.0691266387068782,0.0679503090452915,-0.013482812230448,0.00959745634514139
0.1,SCHEDULED_RHS,3.46,0.112713353641248,0.0691268308758203,0.0678829284453694,-0.0134694299558991,0.00959746945997884
0.1,SCHEDULED_RHS,3.465,0.112713353641248,0.0691270228542065,0.0678156147235536,-0.0134560609889949,0.00959748256177459
0.1,SCHEDULED_RHS,3.47,0.112713353641248,0.0691272146422232,0.067748367813332,-0.0134427053160486,0.00959749565054205
0.1,SCHEDULED_RHS,3.475,0.112713353641248,0.0691274062400561,0.0676811876482589,-0.0134293629233575,0.00959750872629466
0.1,SCHEDULED_RHS,3.48,0.112713353641248,0.0691275976478983,0.0676140741619766,-0.0134160337982721,0.00959752178904481
0.1,SCHEDULED_RHS,3.485,0.112713353641248,0.06912778886594,0.0675470272881857,-0.0134027179277769,0.00959753483880525
0.1,SCHEDULED_RHS,3.49,0.112713353641248,0.0691279798943668,0.0674800469606396,-0.0133894152982474,0.00959754787558934
0.1,SCHEDULED_RHS,3.495,0.112713353641248,0.0691281707333638,0.0674131331131574,-0.0133761258960376,0.00959756089941045
0.1,SCHEDULED_RHS,3.5,0.112713353641248,0.0691283613831233,0.0673462856796457,-0.013362849708539,0.00959757391028094
0.1,SCHEDULED_RHS,3.505,0.112713353641248,0.0691285518438347,0.0672795045940695,-0.0133495867228,0.0095975869082135
0.1,SCHEDULED_RHS,3.51,0.112713353641248,0.0691287421156828,0.0672127897904464,-0.0133363369252368,0.00959759989322144
0.1,SCHEDULED_RHS,3.515,0.112713353641248,0.0691289321988521,0.0671461412028591,-0.0133231003022729,0.00959761286531807
0.1,SCHEDULED_RHS,3.52,0.112713353641248,0.0691291220935341,0.0670795587654779,-0.0133098768413458,0.00959762582451569
0.1,SCHEDULED_RHS,3.525,0.112713353641248,0.0691293117999173,0.0670130424125309,-0.0132966665295502,0.00959763877082697
0.1,SCHEDULED_RHS,3.53,0.112713353641248,0.069129501318186,0.0669465920782987,-0.0132834693533663,0.00959765170426514
0.1,SCHEDULED_RHS,3.535,0.112713353641248,0.0691296906485239,0.0668802076971268,-0.0132702852992601,0.00959766462484346
0.1,SCHEDULED_RHS,3.54,0.112713353641248,0.0691298797911216,0.0668138892034478,-0.0132571143547278,0.00959767753257421
0.1,SCHEDULED_RHS,3.545,0.112713353641248,0.0691300687461671,0.0667476365317522,-0.0132439565069156,0.00959769042746996
0.1,SCHEDULED_RHS,3.55,0.112713353641248,0.0691302575138437,0.0666814496165822,-0.0132308117423534,0.00959770330954392
0.1,SCHEDULED_RHS,3.555,0.112713353641248,0.0691304460943345,0.0666153283925453,-0.013217680047573,0.0095977161788093
0.1,SCHEDULED_RHS,3.56,0.112713353641248,0.0691306344878293,0.0665492727943354,-0.0132045614101131,0.00959772903527829
0.1,SCHEDULED_RHS,3.565,0.112713353641248,0.0691308226945154,0.0664832827567038,-0.0131914558171626,0.00959774187896347
0.1,SCHEDULED_RHS,3.57,0.112713353641248,0.0691310107145754,0.066417358214454,-0.0131783632553191,0.00959775470987796
0.1,SCHEDULED_RHS,3.575,0.112713353641248,0.0691311985481916,0.0663514991024541,-0.013165283711162,0.00959776752803491
0.1,SCHEDULED_RHS,3.58,0.112713353641248,0.0691313861955531,0.0662857053556581,-0.01315221717228,0.00959778033344648
0.1,SCHEDULED_RHS,3.585,0.112713353641248,0.0691315736568464,0.0662199769090776,-0.0131391636259188,0.00959779312612519
0.1,SCHEDULED_RHS,3.59,0.112713353641248,0.0691317609322534,0.0661543136977757,-0.0131261230587256,0.00959780590608411
0.1,SCHEDULED_RHS,3.595,0.112713353641248,0.0691319480219558,0.0660887156568803,-0.0131130954573369,0.00959781867333634
0.1,SCHEDULED_RHS,3.6,0.112713353641248,0.0691321349261418,0.0660231827216045,-0.0131000808093855,0.009597831427894
0.1,SCHEDULED_RHS,3.605,0.112713353641248,0.0691323216449971,0.065957714827219,-0.0130870791021689,0.00959784416976954
0.1,SCHEDULED_RHS,3.61,0.112713353641248,0.069132508178703,0.0658923119090458,-0.0130740903223909,0.00959785689897598
0.1,SCHEDULED_RHS,3.615,0.112713353641248,0.0691326945274404,0.0658269739024712,-0.0130611144567414,0.00959786961552638
0.1,SCHEDULED_RHS,3.62,0.112713353641248,0.0691328806913969,0.0657617007429667,-0.0130481514929048,0.0095978823194328
0.1,SCHEDULED_RHS,3.625,0.112713353641248,0.0691330666707574,0.0656964923660607,-0.0130352014182282,0.00959789501070765
0.1,SCHEDULED_RHS,3.63,0.112713353641248,0.0691332524657024,0.0656313487073332,-0.01302226421946,0.0095979076893639
0.1,SCHEDULED_RHS,3.635,0.112713353641248,0.0691334380764121,0.0655662697024279,-0.0130093398833573,0.00959792035541454
0.1,SCHEDULED_RHS,3.64,0.112713353641248,0.0691336235030733,0.0655012552870736,-0.0129964283976491,0.0095979330088716
0.1,SCHEDULED_RHS,3.645,0.112713353641248,0.0691338087458703,0.0654363053970556,-0.0129835297497252,0.00959794564974742
0.1,SCHEDULED_RHS,3.65,0.112713353641248,0.0691339938049828,0.0653714199682106,-0.0129706439264012,0.00959795827805494
0.1,SCHEDULED_RHS,3.655,0.112713353641248,0.0691341786805904,0.0653065989364389,-0.0129577709144808,0.00959797089380708
0.1,SCHEDULED_RHS,3.66,0.112713353641248,0.0691343633728791,0.0652418422377253,-0.012944910701739,0.00959798349701583
0.1,SCHEDULED_RHS,3.665,0.112713353641248,0.0691345478820324,0.0651771498081109,-0.0129320632756187,0.00959799608769349
0.1,SCHEDULED_RHS,3.67,0.112713353641248,0.0691347322082294,0.0651125215836884,-0.0129192286229909,0.00959800866585293
0.1,SCHEDULED_RHS,3.675,0.112713353641248,0.0691349163516488,0.0650479575006135,-0.012906406730707,0.00959802123150704
0.1,SCHEDULED_RHS,3.68,0.112713353641248,0.069135100312476,0.0649834574951259,-0.01289359758659,0.00959803378466774
0.1,SCHEDULED_RHS,3.685,0.112713353641248,0.0691352840908937,0.0649190215035219,-0.0128808011781452,0.00959804632534728
0.1,SCHEDULED_RHS,3.69,0.112713353641248,0.0691354676870803,0.0648546494621486,-0.0128680174922806,0.0095980588535585
0.1,SCHEDULED_RHS,3.695,0.112713353641248,0.0691356511012139,0.0647903413074163,-0.0128552465159135,0.00959807136931421
0.1,SCHEDULED_RHS,3.7,0.112713353641248,0.0691358343334791,0.0647260969758188,-0.0128424882369149,0.0095980838726263
0.1,SCHEDULED_RHS,3.705,0.112713353641248,0.0691360173840579,0.064661916403906,-0.0128297426428272,0.00959809636350699
0.1,SCHEDULED_RHS,3.71,0.112713353641248,0.0691362002531279,0.064597799528279,-0.0128170097206226,0.00959810884196903
0.1,SCHEDULED_RHS,3.715,0.112713353641248,0.0691363829408666,0.0645337462856014,-0.0128042894572715,0.00959812130802519
0.1,SCHEDULED_RHS,3.72,0.112713353641248,0.0691365654474578,0.06446975661262,-0.0127915818406859,0.00959813376168733
0.1,SCHEDULED_RHS,3.725,0.112713353641248,0.0691367477730827,0.0644058304461377,-0.0127788868584631,0.0095981462029676
0.1,SCHEDULED_RHS,3.73,0.112713353641248,0.0691369299179184,0.064341967723008,-0.0127662044976251,0.00959815863187871
0.1,SCHEDULED_RHS,3.735,0.112713353641248,0.0691371118821416,0.0642781683801471,-0.0127535347451975,0.00959817104843339
0.1,SCHEDULED_RHS,3.74,0.112713353641248,0.0691372936659352,0.0642144323545538,-0.01274087758914,0.00959818345264342
0.1,SCHEDULED_RHS,3.745,0.112713353641248,0.06913747526948,0.0641507595832828,-0.0127282330170964,0.00959819584452093
0.1,SCHEDULED_RHS,3.75,0.112713353641248,0.0691376566929521,0.0640871500034392,-0.0127156010161471,0.00959820822407857
0.1,SCHEDULED_RHS,3.755,0.112713353641248,0.0691378379365277,0.0640236035521907,-0.0127029815733639,0.00959822059132901
0.1,SCHEDULED_RHS,3.76,0.112713353641248,0.0691380190003889,0.0639601201667871,-0.0126903746767582,0.009598232946284
0.1,SCHEDULED_RHS,3.765,0.112713353641248,0.0691381998847157,0.0638966997845338,-0.0126777803140197,0.0095982452889556
0.1,SCHEDULED_RHS,3.77,0.112713353641248,0.0691383805896837,0.0638333423427867,-0.0126651984722805,0.00959825761935643
0.1,SCHEDULED_RHS,3.775,0.112713353641248,0.0691385611154682,0.0637700477789638,-0.0126526291386746,0.0095982699374991
0.1,SCHEDULED_RHS,3.78,0.112713353641248,0.0691387414622507,0.0637068160305649,-0.0126400723012523,0.00959828224339531
0.1,SCHEDULED_RHS,3.785,0.112713353641248,0.0691389216302105,0.0636436470351452,-0.0126275279477497,0.00959829453705709
0.1,SCHEDULED_RHS,3.79,0.112713353641248,0.0691391016195223,0.0635805407303103,-0.0126149960653592,0.00959830681849698
0.1,SCHEDULED_RHS,3.795,0.112713353641248,0.069139281430361,0.0635174970537274,-0.0126024766412609,0.00959831908772755
0.1,SCHEDULED_RHS,3.8,0.112713353641248,0.0691394610629072,0.0634545159431456,-0.012589969663555,0.00959833134476046
0.1,SCHEDULED_RHS,3.805,0.112713353641248,0.0691396405173394,0.0633915973363687,-0.0125774751200254,0.00959834358960769
0.1,SCHEDULED_RHS,3.81,0.112713353641248,0.0691398197938319,0.0633287411712509,-0.0125649929979161,0.00959835582228173
0.1,SCHEDULED_RHS,3.815,0.112713353641248,0.0691399988925586,0.0632659473857081,-0.0125525232844605,0.0095983680427951
0.1,SCHEDULED_RHS,3.82,0.112713353641248,0.0691401778136996,0.063203215917737,-0.0125400659678032,0.00959838025115941
0.1,SCHEDULED_RHS,3.825,0.112713353641248,0.0691403565574327,0.0631405467053894,-0.0125276210357814,0.00959839244738659
0.1,SCHEDULED_RHS,3.83,0.112713353641248,0.0691405351239313,0.0630779396867672,-0.0125151884756889,0.00959840463148908
0.1,SCHEDULED_RHS,3.835,0.112713353641248,0.0691407135133687,0.0630153948000335,-0.0125027682748051,0.00959841680347936
0.1,SCHEDULED_RHS,3.84,0.112713353641248,0.0691408917259243,0.0629529119834322,-0.0124903604213316,0.00959842896336898
0.1,SCHEDULED_RHS,3.845,0.112713353641248,0.0691410697617752,0.0628904911752618,-0.0124779649031463,0.00959844111116982
0.1,SCHEDULED_RHS,3.85,0.112713353641248,0.0691412476210941,0.0628281323138709,-0.0124655817075965,0.0095984532468943
0.1,SCHEDULED_RHS,3.855,0.112713353641248,0.0691414253040537,0.0627658353376689,-0.0124532108220201,0.0095984653705548
0.1,SCHEDULED_RHS,3.86,0.112713353641248,0.0691416028108327,0.0627036001851458,-0.0124408522346524,0.00959847748216287
0.1,SCHEDULED_RHS,3.865,0.112713353641248,0.0691417801416072,0.0626414267948459,-0.0124285059334284,0.00959848958173033
0.1,SCHEDULED_RHS,3.87,0.112713353641248,0.0691419572965496,0.0625793151053635,-0.0124161719057412,0.00959850166926953
0.1,SCHEDULED_RHS,3.875,0.112713353641248,0.0691421342758317,0.0625172650553533,-0.012403850138984,0.00959851374479283
0.1,SCHEDULED_RHS,3.88,0.112713353641248,0.0691423110796314,0.0624552765835505,-0.0123915406214401,0.00959852580831171
0.1,SCHEDULED_RHS,3.885,0.112713353641248,0.0691424877081244,0.0623933496287441,-0.0123792433410852,0.00959853785983796
0.1,SCHEDULED_RHS,3.89,0.112713353641248,0.0691426641614821,0.062331484129773,-0.0123669582853729,0.00959854989938386
0.1,SCHEDULED_RHS,3.895,0.112713353641248,0.0691428404398758,0.0622696800255366,-0.0123546854417427,0.00959856192696173
0.1,SCHEDULED_RHS,3.9,0.112713353641248,0.0691430165434828,0.0622079372550138,-0.0123424247985238,0.00959857394258301
0.1,SCHEDULED_RHS,3.905,0.112713353641248,0.0691431924724778,0.0621462557572377,-0.01233017634374,0.00959858594625944
0.1,SCHEDULED_RHS,3.91,0.112713353641248,0.0691433682270317,0.0620846354712908,-0.0123179400648983,0.00959859793800325
0.1,SCHEDULED_RHS,3.915,0.112713353641248,0.0691435438073152,0.062023076336316,-0.0123057159494859,0.00959860991782671
0.1,SCHEDULED_RHS,3.92,0.112713353641248,0.0691437192135047,0.0619615782915352,-0.0122935039858838,0.0095986218857412
0.1,SCHEDULED_RHS,3.925,0.112713353641248,0.0691438944457743,0.0619001412762244,-0.0122813041621566,0.00959863384175843
0.1,SCHEDULED_RHS,3.93,0.112713353641248,0.0691440695042943,0.0618387652297089,-0.012269116465859,0.0095986457858906
0.1,SCHEDULED_RHS,3.935,0.112713353641248,0.0691442443892346,0.0617774500913739,-0.0122569408845425,0.00959865771814989
0.1,SCHEDULED_RHS,3.94,0.112713353641248,0.0691444191007709,0.0617161958006835,-0.0122447774066181,0.00959866963854767
0.1,SCHEDULED_RHS,3.945,0.112713353641248,0.0691445936390768,0.0616550022971556,-0.012232626020209,0.00959868154709557
0.1,SCHEDULED_RHS,3.95,0.112713353641248,0.0691447680043216,0.0615938695203572,-0.0122204867129163,0.00959869344380575
0.1,SCHEDULED_RHS,3.955,0.112713353641248,0.0691449421966748,0.061532797409915,-0.0122083594723428,0.00959870532869036
0.1,SCHEDULED_RHS,3.96,0.112713353641248,0.0691451162163113,0.0614717859055342,-0.0121962442869457,0.00959871720176071
0.1,SCHEDULED_RHS,3.965,0.112713353641248,0.069145290063404,0.0614108349469737,-0.0121841411448944,0.00959872906302839
0.1,SCHEDULED_RHS,3.97,0.112713353641248,0.0691454637381216,0.0613499444740411,-0.0121720500338416,0.00959874091250551
0.1,SCHEDULED_RHS,3.975,0.112713353641248,0.0691456372406328,0.0612891144266039,-0.0121599709414379,0.00959875275020416
0.1,SCHEDULED_RHS,3.98,0.112713353641248,0.0691458105711119,0.0612283447446073,-0.0121479038561887,0.00959876457613562
0.1,SCHEDULED_RHS,3.985,0.112713353641248,0.069145983729731,0.0611676353680501,-0.0121358487663095,0.00959877639031143
0.1,SCHEDULED_RHS,3.99,0.112713353641248,0.0691461567166584,0.0611069862369799,-0.0121238056595043,0.00959878819274363
0.1,SCHEDULED_RHS,3.995,0.112713353641248,0.0691463295320631,0.0610463972915073,-0.0121117745236479,0.00959879998344412
0.1,SCHEDULED_RHS,4,0.112713353641248,0.069146502176117,0.0609858684718113,-0.0120997553470303,0.00959881176242437
0.3,DIRECT,0,0.112713353641248,0.0693205226144619,0,0,0.00961066971108423
0.3,DIRECT,0.005,0.112713353641248,0.0693205226144619,0,0,0.00961066971108423
0.3,DIRECT,0.01,0.112713353641248,0.0693205226144619,0,0,0.00961066971108423
0.3,DIRECT,0.015,0.112713353641248,0.0693205226144619,0,0,0.00961066971108423
0.3,DIRECT,0.02,0.112713353641248,0.0693205226144619,0,0,0.00961066971108423
0.3,DIRECT,0.025,0.112713353641248,0.0693205226144619,0,0,0.00961066971108423
0.3,DIRECT,0.03,0.112713353641248,0.0693205226144619,0,0,0.00961066971108423
0.3,DIRECT,0.035,0.112713353641248,0.0693205226144619,0,0,0.00961066971108423
0.3,DIRECT,0.04,0.112713353641248,0.0693205226144619,0,0,0.00961066971108423
0.3,DIRECT,0.045,0.112713353641248,0.0693205226144619,0,0,0.00961066971108423
0.3,DIRECT,0.05,0.112713353641248,0.0693205226144619,0,0,0.00961066971108423
0.3,DIRECT,0.055,0.112713353641248,0.0693205226144619,0,0,0.00961066971108423
0.3,DIRECT,0.06,0.112713353641248,0.0693205226144619,0,0,0.00961066971108423
0.3,DIRECT,0.065,0.112713353641248,0.0693205226144619,0,0,0.00961066971108423
0.3,DIRECT,0.07,0.112713353641248,0.0693205226144619,0,0,0.00961066971108423
0.3,DIRECT,0.075,0.112713353641248,0.0693205226144619,0,0,0.00961066971108423
0.3,DIRECT,0.08,0.112713353641248,0.0693205226144619,0,0,0.00961066971108423
0.3,DIRECT,0.085,0.112713353641248,0.0693205226144619,0,0,0.00961066971108423
0.3,DIRECT,0.09,0.112713353641248,0.0693205226144619,0,0,0.00961066971108423
0.3,DIRECT,0.095,0.112713353641248,0.0693205226144619,0,0,0.00961066971108423
0.3,DIRECT,0.1,0.112713353641248,0.0693205226144619,0,0,0.00961066971108423
0.3,DIRECT,0.105,0.112713353641248,0.0693205226144619,0,0,0.00961066971108423
0.3,DIRECT,0.11,0.112713353641248,0.0693205226144619,0,0,0.00961066971108423
0.3,DIRECT,0.115,0.112713353641248,0.0693205226144619,0,0,0.00961066971108423
0.3,DIRECT,0.12,0.112713353641248,0.0693205226144619,0,0,0.00961066971108423
0.3,DIRECT,0.125,0.112713353641248,0.0693205226144619,0,0,0.00961066971108423
0.3,DIRECT,0.13,0.112713353641248,0.0693205226144619,0,0,0.00961066971108423
0.3,DIRECT,0.135,0.112713353641248,0.0693205226144619,0,0,0.00961066971108423
0.3,DIRECT,0.14,0.112713353641248,0.0693205226144619,0,0,0.00961066971108423
0.3,DIRECT,0.145,0.112713353641248,0.0693205226144619,0,0,0.00961066971108423
0.3,DIRECT,0.15,0.112713353641248,0.0693205226144619,0,0,0.00961066971108423
0.3,DIRECT,0.155,0.112713353641248,0.0693205226144619,0,0,0.00961066971108423
0.3,DIRECT,0.16,0.112713353641248,0.0693205226144619,0,0,0.00961066971108423
0.3,DIRECT,0.165,0.112713353641248,0.0693205226144619,0,0,0.00961066971108423
0.3,DIRECT,0.17,0.112713353641248,0.0693205226144619,0,0,0.00961066971108423
0.3,DIRECT,0.175,0.112713353641248,0.0693205226144619,0,0,0.00961066971108423
0.3,DIRECT,0.18,0.112713353641248,0.0693205226144619,0,0,0.00961066971108423
0.3,DIRECT,0.185,0.112713353641248,0.0693205226144619,0,0,0.00961066971108423
0.3,DIRECT,0.19,0.112713353641248,0.0693205226144619,0,0,0.00961066971108423
0.3,DIRECT,0.195,0.112713353641248,0.0693205226144619,0,0,0.00961066971108423
0.3,DIRECT,0.2,0.112713353641248,0.0693205226144619,0,0,0.00961066971108423
0.3,DIRECT,0.205,0.112713353641248,0.0693205226144619,0,0,0.00961066971108423
0.3,DIRECT,0.21,0.112713353641248,0.0693205226144619,0,0,0.00961066971108423
0.3,DIRECT,0.215,0.112713353641248,0.0693205226144619,0,0,0.00961066971108423
0.3,DIRECT,0.22,0.112713353641248,0.0693205226144619,0,0,0.00961066971108423
0.3,DIRECT,0.225,0.112713353641248,0.0693205226144619,0,0,0.00961066971108423
0.3,DIRECT,0.23,0.112713353641248,0.0693205226144619,0,0,0.00961066971108423
0.3,DIRECT,0.235,0.112713353641248,0.0693205226144619,0,0,0.00961066971108423
0.3,DIRECT,0.24,0.112713353641248,0.0693205226144619,0,0,0.00961066971108423
0.3,DIRECT,0.245,0.112713353641248,0.0693205226144619,0,0,0.00961066971108423
0.3,DIRECT,0.25,0.112713353641248,0.0693205226144619,0,0,0.00961066971108423
0.3,DIRECT,0.255,0.112713353641248,0.0693205226144619,0,0,0.00961066971108423
0.3,DIRECT,0.26,0.112713353641248,0.0693205226144619,0,0,0.00961066971108423
0.3,DIRECT,0.265,0.112713353641248,0.0693205226144619,0,0,0.00961066971108423
0.3,DIRECT,0.27,0.112713353641248,0.0693205226144619,0,0,0.00961066971108423
0.3,DIRECT,0.275,0.112713353641248,0.0693205226144619,0,0,0.00961066971108423
0.3,DIRECT,0.28,0.112713353641248,0.0693205226144619,0,0,0.00961066971108423
0.3,DIRECT,0.285,0.112713353641248,0.0693205226144619,0,0,0.00961066971108423
0.3,DIRECT,0.29,0.112713353641248,0.0693205226144619,0,0,0.00961066971108423
0.3,DIRECT,0.295,0.112713353641248,0.0693205226144619,0,0,0.00961066971108423
0.3,DIRECT,0.3,0.112713353641248,0.0693205226144619,0,0,0.00961066971108423
0.3,DIRECT,0.305,0.112713353641248,0.0693205226144619,0,0,0.00961066971108423
0.3,DIRECT,0.31,0.112713353641248,0.0693205226144619,0,0,0.00961066971108423
0.3,DIRECT,0.315,0.112713353641248,0.0693205226144619,0,0,0.00961066971108423
0.3,DIRECT,0.32,0.112713353641248,0.0693205226144619,0,0,0.00961066971108423
0.3,DIRECT,0.325,0.112713353641248,0.0693205226144619,0,0,0.00961066971108423
0.3,DIRECT,0.33,0.112713353641248,0.0693205226144619,0,0,0.00961066971108423
0.3,DIRECT,0.335,0.112713353641248,0.0693205226144619,0,0,0.00961066971108423
0.3,DIRECT,0.34,0.112713353641248,0.0693205226144619,0,0,0.00961066971108423
0.3,DIRECT,0.345,0.112713353641248,0.0693205226144619,0,0,0.00961066971108423
0.3,DIRECT,0.35,0.112713353641248,0.0693205226144619,0,0,0.00961066971108423
0.3,DIRECT,0.355,0.112713353641248,0.0693205226144619,0,0,0.00961066971108423
0.3,DIRECT,0.36,0.112713353641248,0.0693205226144619,0,0,0.00961066971108423
0.3,DIRECT,0.365,0.112713353641248,0.0693205226144619,0,0,0.00961066971108423
0.3,DIRECT,0.37,0.112713353641248,0.0693205226144619,0,0,0.00961066971108423
0.3,DIRECT,0.375,0.112713353641248,0.0693205226144619,0,0,0.00961066971108423
0.3,DIRECT,0.38,0.112713353641248,0.0693205226144619,0,0,0.00961066971108423
0.3,DIRECT,0.385,0.112713353641248,0.0693205226144619,0,0,0.00961066971108423
0.3,DIRECT,0.39,0.112713353641248,0.0693205226144619,0,0,0.00961066971108423
0.3,DIRECT,0.395,0.112713353641248,0.0693205226144619,0,0,0.00961066971108423
0.3,DIRECT,0.4,0.112713353641248,0.0693205226144619,0,0,0.00961066971108423
0.3,DIRECT,0.405,0.112713353641248,0.0693205226144619,0,0,0.00961066971108423
0.3,DIRECT,0.41,0.112713353641248,0.0693205226144619,0,0,0.00961066971108423
0.3,DIRECT,0.415,0.112713353641248,0.0693205226144619,0,0,0.00961066971108423
0.3,DIRECT,0.42,0.112713353641248,0.0693205226144619,0,0,0.00961066971108423
0.3,DIRECT,0.425,0.112713353641248,0.0693205226144619,0,0,0.00961066971108423
0.3,DIRECT,0.43,0.112713353641248,0.0693205226144619,0,0,0.00961066971108423
0.3,DIRECT,0.435,0.112713353641248,0.0693205226144619,0,0,0.00961066971108423
0.3,DIRECT,0.44,0.112713353641248,0.0693205226144619,0,0,0.00961066971108423
0.3,DIRECT,0.445,0.112713353641248,0.0693205226144619,0,0,0.00961066971108423
0.3,DIRECT,0.45,0.112713353641248,0.0693205226144619,0,0,0.00961066971108423
0.3,DIRECT,0.455,0.112713353641248,0.0693205226144619,0,0,0.00961066971108423
0.3,DIRECT,0.46,0.112713353641248,0.0693205226144619,0,0,0.00961066971108423
0.3,DIRECT,0.465,0.112713353641248,0.0693205226144619,0,0,0.00961066971108423
0.3,DIRECT,0.47,0.112713353641248,0.0693205226144619,0,0,0.00961066971108423
0.3,DIRECT,0.475,0.112713353641248,0.0693205226144619,0,0,0.00961066971108423
0.3,DIRECT,0.48,0.112713353641248,0.0693205226144619,0,0,0.00961066971108423
0.3,DIRECT,0.485,0.112713353641248,0.0693205226144619,0,0,0.00961066971108423
0.3,DIRECT,0.49,0.112713353641248,0.0693205226144619,0,0,0.00961066971108423
0.3,DIRECT,0.495,0.112713353641248,0.0693205226144619,0,0,0.00961066971108423
0.3,DIRECT,0.5,0.112713353641248,0.0693205226144619,0,0,0.00961066971108423
0.3,DIRECT,0.505,0.112713353641248,0.0693205226144619,0,0,0.00961066971108423
0.3,DIRECT,0.51,0.112713353641248,0.0693205226144619,0,0,0.00961066971108423
0.3,DIRECT,0.515,0.112713353641248,0.0693205226144619,0,0,0.00961066971108423
0.3,DIRECT,0.52,0.112713353641248,0.0693205226144619,0,0,0.00961066971108423
0.3,DIRECT,0.525,0.112713353641248,0.0693205226144619,0,0,0.00961066971108423
0.3,DIRECT,0.53,0.112713353641248,0.0693205226144619,0,0,0.00961066971108423
0.3,DIRECT,0.535,0.112713353641248,0.0693205226144619,0,0,0.00961066971108423
0.3,DIRECT,0.54,0.112713353641248,0.0693205226144619,0,0,0.00961066971108423
0.3,DIRECT,0.545,0.112713353641248,0.0693205226144619,0,0,0.00961066971108423
0.3,DIRECT,0.55,0.112713353641248,0.0693205226144619,0,0,0.00961066971108423
0.3,DIRECT,0.555,0.112713353641248,0.0693205226144619,0,0,0.00961066971108423
0.3,DIRECT,0.56,0.112713353641248,0.0693205226144619,0,0,0.00961066971108423
0.3,DIRECT,0.565,0.112713353641248,0.0693205226144619,0,0,0.00961066971108423
0.3,DIRECT,0.57,0.112713353641248,0.0693205226144619,0,0,0.00961066971108423
0.3,DIRECT,0.575,0.112713353641248,0.0693205226144619,0,0,0.00961066971108423
0.3,DIRECT,0.58,0.112713353641248,0.0693205226144619,0,0,0.00961066971108423
0.3,DIRECT,0.585,0.112713353641248,0.0693205226144619,0,0,0.00961066971108423
0.3,DIRECT,0.59,0.112713353641248,0.0693205226144619,0,0,0.00961066971108423
0.3,DIRECT,0.595,0.112713353641248,0.0693205226144619,0,0,0.00961066971108423
0.3,DIRECT,0.6,0.112713353641248,0.0693205226144619,0,0,0.00961066971108423
0.3,DIRECT,0.605,0.112713353641248,0.0693205226144619,0,0,0.00961066971108423
0.3,DIRECT,0.61,0.112713353641248,0.0693205226144619,0,0,0.00961066971108423
0.3,DIRECT,0.615,0.112713353641248,0.0693205226144619,0,0,0.00961066971108423
0.3,DIRECT,0.62,0.112713353641248,0.0693205226144619,0,0,0.00961066971108423
0.3,DIRECT,0.625,0.112713353641248,0.0693205226144619,0,0,0.00961066971108423
0.3,DIRECT,0.63,0.112713353641248,0.0693205226144619,0,0,0.00961066971108423
0.3,DIRECT,0.635,0.112713353641248,0.0693205226144619,0,0,0.00961066971108423
0.3,DIRECT,0.64,0.112713353641248,0.0693205226144619,0,0,0.00961066971108423
0.3,DIRECT,0.645,0.112713353641248,0.0693205226144619,0,0,0.00961066971108423
0.3,DIRECT,0.65,0.112713353641248,0.0693205226144619,0,0,0.00961066971108423
0.3,DIRECT,0.655,0.112713353641248,0.0693205226144619,0,0,0.00961066971108423
0.3,DIRECT,0.66,0.112713353641248,0.0693205226144619,0,0,0.00961066971108423
0.3,DIRECT,0.665,0.112713353641248,0.0693205226144619,0,0,0.00961066971108423
0.3,DIRECT,0.67,0.112713353641248,0.0693205226144619,0,0,0.00961066971108423
0.3,DIRECT,0.675,0.112713353641248,0.0693205226144619,0,0,0.00961066971108423
0.3,DIRECT,0.68,0.112713353641248,0.0693205226144619,0,0,0.00961066971108423
0.3,DIRECT,0.685,0.112713353641248,0.0693205226144619,0,0,0.00961066971108423
0.3,DIRECT,0.69,0.112713353641248,0.0693205226144619,0,0,0.00961066971108423
0.3,DIRECT,0.695,0.112713353641248,0.0693205226144619,0,0,0.00961066971108423
0.3,DIRECT,0.7,0.112713353641248,0.0693205226144619,0,0,0.00961066971108423
0.3,DIRECT,0.705,0.112713353641248,0.0693205226144619,0,0,0.00961066971108423
0.3,DIRECT,0.71,0.112713353641248,0.0693205226144619,0,0,0.00961066971108423
0.3,DIRECT,0.715,0.112713353641248,0.0693205226144619,0,0,0.00961066971108423
0.3,DIRECT,0.72,0.112713353641248,0.0693205226144619,0,0,0.00961066971108423
0.3,DIRECT,0.725,0.112713353641248,0.0693205226144619,0,0,0.00961066971108423
0.3,DIRECT,0.73,0.112713353641248,0.0693205226144619,0,0,0.00961066971108423
0.3,DIRECT,0.735,0.112713353641248,0.0693205226144619,0,0,0.00961066971108423
0.3,DIRECT,0.74,0.112713353641248,0.0693205226144619,0,0,0.00961066971108423
0.3,DIRECT,0.745,0.112713353641248,0.0693205226144619,0,0,0.00961066971108423
0.3,DIRECT,0.75,0.112713353641248,0.0693205226144619,0,0,0.00961066971108423
0.3,DIRECT,0.755,0.112713353641248,0.0693205226144619,0,0,0.00961066971108423
0.3,DIRECT,0.76,0.112713353641248,0.0693205226144619,0,0,0.00961066971108423
0.3,DIRECT,0.765,0.112713353641248,0.0693205226144619,0,0,0.00961066971108423
0.3,DIRECT,0.77,0.112713353641248,0.0693205226144619,0,0,0.00961066971108423
0.3,DIRECT,0.775,0.112713353641248,0.0693205226144619,0,0,0.00961066971108423
0.3,DIRECT,0.78,0.112713353641248,0.0693205226144619,0,0,0.00961066971108423
0.3,DIRECT,0.785,0.112713353641248,0.0693205226144619,0,0,0.00961066971108423
0.3,DIRECT,0.79,0.112713353641248,0.0693205226144619,0,0,0.00961066971108423
0.3,DIRECT,0.795,0.112713353641248,0.0693205226144619,0,0,0.00961066971108423
0.3,DIRECT,0.8,0.112713353641248,0.0693205226144619,0,0,0.00961066971108423
0.3,DIRECT,0.805,0.112713353641248,0.0693205226144619,0,0,0.00961066971108423
0.3,DIRECT,0.81,0.112713353641248,0.0693205226144619,0,0,0.00961066971108423
0.3,DIRECT,0.815,0.112713353641248,0.0693205226144619,0,0,0.00961066971108423
0.3,DIRECT,0.82,0.112713353641248,0.0693205226144619,0,0,0.00961066971108423
0.3,DIRECT,0.825,0.112713353641248,0.0693205226144619,0,0,0.00961066971108423
0.3,DIRECT,0.83,0.112713353641248,0.0693205226144619,0,0,0.00961066971108423
0.3,DIRECT,0.835,0.112713353641248,0.0693205226144619,0,0,0.00961066971108423
0.3,DIRECT,0.84,0.112713353641248,0.0693205226144619,0,0,0.00961066971108423
0.3,DIRECT,0.845,0.112713353641248,0.0693205226144619,0,0,0.00961066971108423
0.3,DIRECT,0.85,0.112713353641248,0.0693205226144619,0,0,0.00961066971108423
0.3,DIRECT,0.855,0.112713353641248,0.0693205226144619,0,0,0.00961066971108423
0.3,DIRECT,0.86,0.112713353641248,0.0693205226144619,0,0,0.00961066971108423
0.3,DIRECT,0.865,0.112713353641248,0.0693205226144619,0,0,0.00961066971108423
0.3,DIRECT,0.87,0.112713353641248,0.0693205226144619,0,0,0.00961066971108423
0.3,DIRECT,0.875,0.112713353641248,0.0693205226144619,0,0,0.00961066971108423
0.3,DIRECT,0.88,0.112713353641248,0.0693205226144619,0,0,0.00961066971108423
0.3,DIRECT,0.885,0.112713353641248,0.0693205226144619,0,0,0.00961066971108423
0.3,DIRECT,0.89,0.112713353641248,0.0693205226144619,0,0,0.00961066971108423
0.3,DIRECT,0.895,0.112713353641248,0.0693205226144619,0,0,0.00961066971108423
0.3,DIRECT,0.9,0.112713353641248,0.0693205226144619,0,0,0.00961066971108423
0.3,DIRECT,0.905,0.112713353641248,0.0693205226144619,0,0,0.00961066971108423
0.3,DIRECT,0.91,0.112713353641248,0.0693205226144619,0,0,0.00961066971108423
0.3,DIRECT,0.915,0.112713353641248,0.0693205226144619,0,0,0.00961066971108423
0.3,DIRECT,0.92,0.112713353641248,0.0693205226144619,0,0,0.00961066971108423
0.3,DIRECT,0.925,0.112713353641248,0.0693205226144619,0,0,0.00961066971108423
0.3,DIRECT,0.93,0.112713353641248,0.0693205226144619,0,0,0.00961066971108423
0.3,DIRECT,0.935,0.112713353641248,0.0693205226144619,0,0,0.00961066971108423
0.3,DIRECT,0.94,0.112713353641248,0.0693205226144619,0,0,0.00961066971108423
0.3,DIRECT,0.945,0.112713353641248,0.0693205226144619,0,0,0.00961066971108423
0.3,DIRECT,0.95,0.112713353641248,0.0693205226144619,0,0,0.00961066971108423
0.3,DIRECT,0.955,0.112713353641248,0.0693205226144619,0,0,0.00961066971108423
0.3,DIRECT,0.96,0.112713353641248,0.0693205226144619,0,0,0.00961066971108423
0.3,DIRECT,0.965,0.112713353641248,0.0693205226144619,0,0,0.00961066971108423
0.3,DIRECT,0.97,0.112713353641248,0.0693205226144619,0,0,0.00961066971108423
0.3,DIRECT,0.975,0.112713353641248,0.0693205226144619,0,0,0.00961066971108423
0.3,DIRECT,0.98,0.112713353641248,0.0693205226144619,0,0,0.00961066971108423
0.3,DIRECT,0.985,0.112713353641248,0.0693205226144619,0,0,0.00961066971108423
0.3,DIRECT,0.99,0.112713353641248,0.0693205226144619,0,0,0.00961066971108423
0.3,DIRECT,0.995,0.112713353641248,0.0693205226144619,0,0,0.00961066971108423
0.3,DIRECT,1,0.112713353641248,0.0693205225483354,-6.28730156832572e-10,9.62944923799114e-09,0.00961066972052124
0.3,DIRECT,1.005,0.112713676616656,0.0693205268968015,3.99659696454511e-08,2.4597391103498e-05,0.00961069381691055
0.3,DIRECT,1.01,0.112714645463189,0.0693205557303486,3.23020885779081e-07,9.60488319314834e-05,0.00961076384043522
0.3,DIRECT,1.015,0.112716259941801,0.0693206285071355,1.07387667589699e-06,0.000211488085923861,0.00961087697270177
0.3,DIRECT,1.02,0.112718519654142,0.0693207606073218,2.5069069585171e-06,0.000368604368992109,0.00961103094910583
0.3,DIRECT,1.025,0.112721424042662,0.0693209642489913,4.82620704643076e-06,0.000565492126856526,0.00961122390217451
0.3,DIRECT,1.03,0.112724972390747,0.0693212484355827,8.22590000037827e-06,0.000800762402894506,0.0096114544707087
0.3,DIRECT,1.035,0.112729163822895,0.0693216206337205,1.28953028139932e-05,0.00107318660225708,0.00961172145066632
0.3,DIRECT,1.04,0.112733997304933,0.0693220866415011,1.90182592643038e-05,0.00138175740329771,0.00961202385485646
0.3,DIRECT,1.045,0.112739471644271,0.0693226502352167,2.67720988838088e-05,0.00172574963331051,0.00961236097259859
0.3,DIRECT,1.05,0.112745585490198,0.0693233150865353,3.63333507373116e-05,0.00210444118085462,0.00961273209621224
0.3,DIRECT,1.055,0.112752337334214,0.0693240834251994,4.78736922891896e-05,0.00251730252794324,0.00961313670676155
0.3,DIRECT,1.06,0.112759725510402,0.0693249568823807,6.15624447020093e-05,0.00296387729906655,0.0096135743569914
0.3,DIRECT,1.065,0.112767748195842,0.0693259369738468,7.75679756534538e-05,0.00344371385638986,0.00961404460428969
0.3,DIRECT,1.07,0.112776403411054,0.0693270240729038,9.60545855117568e-05,0.00395651087606552,0.00961454715335434
0.3,DIRECT,1.075,0.112785689020495,0.0693282190004407,0.000117187234161585,0.00450189211074914,0.00961508163545712
0.3,DIRECT,1.08,0.112795602733079,0.0693295217015622,0.000141127532639323,0.00507959395924651,0.00961564779226473
0.3,DIRECT,1.085,0.112806142102745,0.0693309321517149,0.000168036425849426,0.00568933713565301,0.00961624535007265
0.3,DIRECT,1.09,0.112817304529063,0.0693324502911788,0.000198073948094668,0.00633083602180662,0.00961687402897063
0.3,DIRECT,1.095,0.11282908725787,0.0693340754077637,0.000231397343590736,0.00700389714597449,0.00961753363935335
0.3,DIRECT,1.1,0.112841487381955,0.0693358075032357,0.000268165873264228,0.00770845854633428,0.00961822412049728
0.3,DIRECT,1.105,0.112854501841771,0.0693376455307542,0.000308533523082662,0.00844381350111512,0.00961894477980405
0.3,DIRECT,1.11,0.112868127426197,0.069339588982588,0.000352655180722876,0.0092099565800261,0.00961969561195192
0.3,DIRECT,1.115,0.112882360773323,0.0693416370702684,0.000400684151228421,0.0100066498500073,0.00962047638376276
0.3,DIRECT,1.12,0.112897198371283,0.0693437888147861,0.000452772131273851,0.0108336715095447,0.00962128687786765
0.3,DIRECT,1.125,0.112912636559123,0.0693460436466625,0.000509070981135122,0.0116907309176,0.00962212680943384
0.3,DIRECT,1.13,0.1129286715277,0.069348400251606,0.000569729230456427,0.0125776322791982,0.00962299598657921
0.3,DIRECT,1.135,0.112945299320626,0.0693508580210383,0.000634896389398139,0.0134940691525482,0.00962389410898603
0.3,DIRECT,1.14,0.112962515835242,0.0693534157170185,0.000704718898902107,0.0144398137622961,0.00962482095343091
0.3,DIRECT,1.145,0.11298031682363,0.0693560723668676,0.000779342952399325,0.0154146708780711,0.00962577632858503
0.3,DIRECT,1.15,0.112998697893664,0.0693588270935329,0.000858914029589996,0.0164183870628207,0.00962675998607615
0.3,DIRECT,1.155,0.113017654510088,0.0693616784181148,0.000943573884662001,0.0174504104362594,0.00962777138505299
0.3,DIRECT,1.16,0.113037181995641,0.0693646255586118,0.00103346501824664,0.0185106073378893,0.00962881039452619
0.3,DIRECT,1.165,0.11305727553221,0.0693676670015443,0.00112872666055863,0.0195987377715596,0.00962987677929577
0.3,DIRECT,1.17,0.113077930162013,0.0693708017612846,0.00122949824211747,0.0207144769630538,0.00963097022107794
0.3,DIRECT,1.175,0.113099140788831,0.0693740286255061,0.00133591709326288,0.0218575224280677,0.00963209042343338
0.3,DIRECT,1.18,0.113120902179258,0.0693773461600466,0.00144811842990012,0.02302759338742,0.00963323711119412
0.3,DIRECT,1.185,0.113143208963997,0.0693807534338321,0.00156623748826737,0.024224328121857,0.00963440992986966
0.3,DIRECT,1.19,0.113166055639183,0.0693842487626262,0.00169040561779337,0.0254473469830376,0.00963560850739871
0.3,DIRECT,1.195,0.11318943656774,0.0693878311074286,0.00182075431240456,0.0266963994177463,0.00963683259823521
0.3,DIRECT,1.2,0.113213345980775,0.0693914990402241,0.00195741290044845,0.0279712793858007,0.00963808200045659
0.3,DIRECT,1.205,0.113237777978996,0.069395251186764,0.00210050924798594,0.0292715378425825,0.00963935627399211
0.3,DIRECT,1.21,0.113262726534175,0.0693990864105179,0.00225017003683954,0.0305967958065612,0.00964065504743399
0.3,DIRECT,1.215,0.113288185490629,0.0694030029449001,0.00240651837315039,0.0319467546791525,0.00964197802815096
0.3,DIRECT,1.22,0.113314148566741,0.069406999573552,0.0025696762617393,0.0333201506208471,0.00964332397756061
0.3,DIRECT,1.225,0.11334060935651,0.06941107406966,0.00273975799885797,0.0347165963448877,0.0096446925161159
0.3,DIRECT,1.23,0.113367561331133,0.0694152253902844,0.00291688490511383,0.036138625273594,0.00964608612661014
0.3,DIRECT,1.235,0.113394997840613,0.069419452984102,0.0031011815313673,0.0375837283221383,0.00964750235010114
0.3,DIRECT,1.24,0.113422912115402,0.0694237548138902,0.00329276029687778,0.0390516641066441,0.00964894095002895
0.3,DIRECT,1.245,0.113451297268071,0.0694281297020038,0.0034917354248266,0.0405419998358276,0.00965040150225135
0.3,DIRECT,1.25,0.113480146295007,0.0694325757916202,0.00369821716016757,0.0420543908783699,0.00965188366902429
0.3,DIRECT,1.255,0.113509452078145,0.0694370916675647,0.00391231516414888,0.0435884222421485,0.00965338704364903
0.3,DIRECT,1.26,0.113539207386721,0.069441675866471,0.00413413730278104,0.0451438989119293,0.0096549114350076
0.3,DIRECT,1.265,0.113569404879059,0.0694463266018567,0.00436378875681456,0.0467201491360161,0.00965645618477289
0.3,DIRECT,1.27,0.113600037104379,0.0694510423953079,0.00460137178582541,0.0483163027915019,0.00965802044021088
0.3,DIRECT,1.275,0.113631096504637,0.0694558212529387,0.00484698571528677,0.0499327274238048,0.00965960456152182
0.3,DIRECT,1.28,0.113662575416392,0.0694606619095141,0.00510073163778573,0.0515688859659704,0.00966120802237173
0.3,DIRECT,1.285,0.113694466072693,0.0694655627615105,0.00536270667083101,0.0532241939739642,0.00966283024999635
0.3,DIRECT,1.29,0.113726760604998,0.0694705219023791,0.00563300478761811,0.0548982368547044,0.009664470838088
0.3,DIRECT,1.295,0.113759451045114,0.0694755379150934,0.00591171870335511,0.0565903665530971,0.0096661291515426
0.3,DIRECT,1.3,0.113792529327164,0.0694806088905602,0.00619893858030536,0.0583005840993529,0.00966780519136977
0.3,DIRECT,1.305,0.113825987289577,0.0694857333081587,0.00649475330276272,0.0600282033282316,0.0096694982851169
0.3,DIRECT,1.31,0.113859816677102,0.0694909095433487,0.00679924903457566,0.0617728263843329,0.00967120804287949
0.3,DIRECT,1.315,0.113894009142843,0.069496135756936,0.00711251035143118,0.063534310737289,0.00967293432497557
0.3,DIRECT,1.32,0.11392855625032,0.0695014103462876,0.00743461784043169,0.0653111336901766,0.00967467563913844
0.3,DIRECT,1.325,0.113963449475554,0.0695067310946785,0.00776564753347444,0.0671033379180397,0.0096764320271903
0.3,DIRECT,1.33,0.113998680209161,0.0695120963431907,0.00810567657423669,0.0689109078757539,0.0096782034738967
0.3,DIRECT,1.335,0.114034239758485,0.0695175047310601,0.00845478173323574,0.0707334130553861,0.00967998955735314
0.3,DIRECT,1.34,0.114070119349741,0.0695229542546263,0.00881303514667065,0.0725703436707885,0.00968178977796128
0.3,DIRECT,1.345,0.114106310130175,0.0695284434705186,0.00918050800048729,0.0744209533814413,0.00968360340429578
0.3,DIRECT,1.35,0.114142803170255,0.0695339703635671,0.0095572663625004,0.0762844785523296,0.00968542968798243
0.3,DIRECT,1.355,0.114179589465868,0.0695395329078563,0.0099433739882133,0.0781607539819102,0.00968726846712115
0.3,DIRECT,1.36,0.114216659940546,0.0695451295938443,0.0103388942407642,0.0800492487995275,0.00968911922145043
0.3,DIRECT,1.365,0.114254005447706,0.0695507583334633,0.0107438864485534,0.0819496028340208,0.00969098159799692
0.3,DIRECT,1.37,0.1142916167729,0.0695564174506641,0.0111584087394547,0.0838612438334536,0.00969285503594482
0.3,DIRECT,1.375,0.114329484636099,0.0695621051585656,0.0115825158969523,0.0857833533557049,0.00969473873320809
0.3,DIRECT,1.38,0.114367599693972,0.0695678193050593,0.0120162594775648,0.0877158957449211,0.00969663265484345
0.3,DIRECT,1.385,0.114405952542201,0.0695735584476155,0.0124596914405362,0.0896584338710671,0.00969853637245666
0.3,DIRECT,1.39,0.114444533717794,0.069579320611449,0.0129128588386122,0.091609924566102,0.00970044886372679
0.3,DIRECT,1.395,0.114483333701422,0.0695851036747672,0.0133758053237395,0.0935700997403952,0.00970236986592183
0.3,DIRECT,1.4,0.11452234291977,0.0695909060124115,0.013848573618154,0.0955384863112467,0.00970429891541337
0.3,DIRECT,1.405,0.114561551747898,0.0695967256064859,0.0143312035140985,0.0975147317162897,0.0097062356666848
0.3,DIRECT,1.41,0.114600950511614,0.0696025606260239,0.0148237327119869,0.0994981921419704,0.0097081794887888
0.3,DIRECT,1.415,0.114640529489863,0.0696084094094034,0.0153261965766179,0.101488320734546,0.0097101298458002
0.3,DIRECT,1.42,0.114680278917123,0.0696142698006376,0.0158386265159572,0.103484699415267,0.00971208632799531
0.3,DIRECT,1.425,0.114720188985819,0.0696201400369586,0.0163610525158271,0.105486649554884,0.00971404827030689
0.3,DIRECT,1.43,0.114760249848738,0.0696260183427679,0.0168935016725506,0.107493714013701,0.00971601522473094
0.3,DIRECT,1.435,0.114800451621461,0.069631902549984,0.0174359975135908,0.10950541092066,0.00971798671902629
0.3,DIRECT,1.44,0.114840784384804,0.0696377909449838,0.0179885622725565,0.111521170512972,0.00971996219481657
0.3,DIRECT,1.445,0.114881238187259,0.0696436817255666,0.0185512153208692,0.113540488680776,0.00972194115806624
0.3,DIRECT,1.45,0.114921803047457,0.0696495728608039,0.0191239735734984,0.115563377579903,0.0097239236206882
0.3,DIRECT,1.455,0.114962468956625,0.0696554627058399,0.0197068521395249,0.117588394650944,0.00972590816895179
0.3,DIRECT,1.46,0.115003225881059,0.0696613492798899,0.0202998611223718,0.119615375787593,0.00972789464203025
0.3,DIRECT,1.465,0.115044063764597,0.0696672304514305,0.0209030084815944,0.121643826084458,0.00972988255490861
0.3,DIRECT,1.47,0.115084972531103,0.0696731045038476,0.021516300666273,0.123673191703551,0.009731871364817
0.3,DIRECT,1.475,0.115125942086951,0.0696789696170403,0.0221397411509686,0.125702933250921,0.00973386054314096
0.3,DIRECT,1.48,0.115166962323516,0.0696848237001986,0.0227733300237082,0.127732549540355,0.00973584959871019
0.3,DIRECT,1.485,0.115208023119668,0.0696906649439304,0.0234170651911731,0.129761500054826,0.00973783800180959
0.3,DIRECT,1.49,0.11524911434427,0.0696964915266068,0.0240709417644662,0.131788982662973,0.00973982496633793
0.3,DIRECT,1.495,0.115290225858677,0.0697023014767221,0.0247349525203,0.13381498006528,0.00974181047534142
0.3,DIRECT,1.5,0.115331347519239,0.0697080929582148,0.0254090877657577,0.135838720343262,0.00974379377232792
0.3,DIRECT,1.505,0.115372469179801,0.0697138642431064,0.0260933352598627,0.137859753022708,0.0097457744158257
0.3,DIRECT,1.51,0.115413580694209,0.0697196135142921,0.0267876805905986,0.139877780038729,0.00974775211372651
0.3,DIRECT,1.515,0.115454671918811,0.0697253386726149,0.0274921045094301,0.141891284407619,0.00974972537936271
0.3,DIRECT,1.52,0.115495732714963,0.0697310378577097,0.028206585484968,0.143900633590581,0.009751694572852
0.3,DIRECT,1.525,0.115536752951528,0.0697367093748763,0.0289311011708713,0.14590491055414,0.00975365879548728
0.3,DIRECT,1.53,0.115577722507375,0.069742351316081,0.0296656254360918,0.147903781184199,0.00975561771983154
0.3,DIRECT,1.535,0.115618631273881,0.0697479618368761,0.0304101297732086,0.149896877318326,0.00975757098507988
0.3,DIRECT,1.54,0.115659469157419,0.0697535391828572,0.0311645835812021,0.151883490303929,0.00975951789674169
0.3,DIRECT,1.545,0.115700226081853,0.0697590814997114,0.0319289530179451,0.153863103630188,0.00976145794862836
0.3,DIRECT,1.55,0.115740891991021,0.0697645870307007,0.0327032018962305,0.15583518976025,0.00976339062374553
0.3,DIRECT,1.555,0.115781456851219,0.0697700540810974,0.0334872914414274,0.157799166386292,0.00976531535142248
0.3,DIRECT,1.56,0.115821910653675,0.0697754806138596,0.0342811786966397,0.159753990826777,0.00976723110981507
0.3,DIRECT,1.565,0.115862243417017,0.0697808647241663,0.0350848189111028,0.161700399547112,0.00976913862067086
0.3,DIRECT,1.57,0.115902445189741,0.0697862048936094,0.0358981666141418,0.163637220282,0.0097710367351516
0.3,DIRECT,1.575,0.11594250605266,0.0697914997813867,0.03672117498378,0.165563881535071,0.00977292489318196
0.3,DIRECT,1.58,0.115982416121355,0.0697967469774497,0.0375537878688934,0.167479466636102,0.00977480219641084
0.3,DIRECT,1.585,0.116022165548616,0.0698019444825197,0.0383959489548411,0.169383765193416,0.00977666843865112
0.3,DIRECT,1.59,0.116061744526864,0.0698070913586221,0.0392476064835401,0.171277586728461,0.00977852441324642
0.3,DIRECT,1.595,0.11610114329058,0.069812186121341,0.0401087027683468,0.173158766170006,0.00978036799839323
0.3,DIRECT,1.6,0.116140352118708,0.0698172265553227,0.0409791733551136,0.175027326709468,0.0097821992168195
0.3,DIRECT,1.605,0.116179361337057,0.0698222110304962,0.0418589538634704,0.176882772368035,0.00978401758245826
0.3,DIRECT,1.61,0.116218161320685,0.0698271381469862,0.0427479782075668,0.178724576463729,0.00978582257915298
0.3,DIRECT,1.615,0.116256742496277,0.069832006021778,0.0436461769386045,0.180552549387031,0.00978761402108336
0.3,DIRECT,1.62,0.116295095344506,0.0698368130202116,0.0445534786315598,0.182365800482879,0.0097893910353936
0.3,DIRECT,1.625,0.11633321040238,0.0698415578374884,0.0454698100492769,0.184163936333739,0.00979115323652837
0.3,DIRECT,1.63,0.116371078265578,0.0698462383772647,0.0463950916671317,0.185945793025176,0.0097928994838334
0.3,DIRECT,1.635,0.116408689590773,0.0698508527702543,0.0473292423224744,0.187711889991633,0.00979463028636254
0.3,DIRECT,1.64,0.116446035097932,0.0698554002217474,0.0482721851809387,0.189462591973729,0.00979634600156727
0.3,DIRECT,1.645,0.116483105572611,0.0698598798759814,0.0492238452083762,0.191198817389317,0.00979804752951139
0.3,DIRECT,1.65,0.116519891868224,0.0698642903817124,0.0501841407289435,0.192916555633056,0.00979973093973921
0.3,DIRECT,1.655,0.116556384908303,0.0698686299410789,0.0511529801068924,0.194616155151193,0.00980139657373348
0.3,DIRECT,1.66,0.116592575688737,0.0698728968185452,0.052130273093933,0.196297933451987,0.00980304474265724
0.3,DIRECT,1.665,0.116628455279993,0.0698770896497584,0.0531159295962803,0.197961617264935,0.00980467517870114
0.3,DIRECT,1.67,0.116664014829318,0.0698812067423615,0.0541098515347825,0.199603631184381,0.00980628437791196
0.3,DIRECT,1.675,0.116699245562925,0.0698852454893287,0.0551119327104673,0.201225508690612,0.00980787384312427
0.3,DIRECT,1.68,0.116734138788158,0.0698892045000629,0.0561220729915663,0.202827340962083,0.00980944366369436
0.3,DIRECT,1.685,0.116768685895636,0.0698930827677144,0.0571401719547147,0.204408644912007,0.00981099336618966
0.3,DIRECT,1.69,0.116802878361377,0.0698968785320614,0.0581661240328475,0.205968739854331,0.00981252228352724
0.3,DIRECT,1.695,0.116836707748902,0.0699005906248831,0.0591998233100814,0.207507441721614,0.00981403023531815
0.3,DIRECT,1.7,0.116870165711315,0.0699042178926997,0.0602411622792056,0.20902435691157,0.00981551683582601
0.3,DIRECT,1.705,0.116903243993365,0.0699077587851585,0.0612900303479335,0.210519018328609,0.00981698162728986
0.3,DIRECT,1.71,0.116935934433481,0.0699112121250137,0.0623463139527349,0.21199057872955,0.00981842377939822
0.3,DIRECT,1.715,0.116968228965785,0.0699145765360841,0.063409898235248,0.213439172627595,0.00981984342397609
0.3,DIRECT,1.72,0.117000119622086,0.069917850653143,0.0644806665266326,0.214864205486517,0.00982123997836873
0.3,DIRECT,1.725,0.117031598533841,0.0699210334875429,0.0655585000076039,0.216265053350602,0.00982261283108981
0.3,DIRECT,1.73,0.1170626579341,0.0699241235076686,0.0666432771248896,0.217641763363059,0.00982396202834041
0.3,DIRECT,1.735,0.11709329015942,0.0699271197358907,0.0677348766565026,0.218993970765627,0.00982528721265177
0.3,DIRECT,1.74,0.117123487651757,0.0699300213793369,0.068833176540041,0.22032165121375,0.00982658836016583
0.3,DIRECT,1.745,0.117153242960334,0.0699328269988887,0.0699380503690828,0.221624268813382,0.00982786494569809
0.3,DIRECT,1.75,0.117182548743472,0.0699355364286662,0.0710493775084119,0.222902284704142,0.00982911742117255
0.3,DIRECT,1.755,0.117211397770408,0.0699381484970313,0.0721670297247294,0.224154188331346,0.0098303443062221
0.3,DIRECT,1.76,0.117239782923076,0.069940661902235,0.0732908752088481,0.225379672174858,0.00983154529947222
0.3,DIRECT,1.765,0.117267697197865,0.0699430758051343,0.0744207818296444,0.226578361752566,0.0098327200339246
0.3,DIRECT,1.77,0.117295133707345,0.0699453887097969,0.0755566135902344,0.227749851186575,0.00983386811181259
0.3,DIRECT,1.775,0.117322085681968,0.0699475997566229,0.0766982342318261,0.228893791581431,0.00983498919121322
0.3,DIRECT,1.78,0.117348546471738,0.0699497078722105,0.0778455054848511,0.230010031892565,0.00983608312410044
0.3,DIRECT,1.785,0.117374509547849,0.0699517118370059,0.0789982868691536,0.231097974528867,0.00983714932482567
0.3,DIRECT,1.79,0.117399968504303,0.0699536110477146,0.0801564379760566,0.232157604736813,0.00983818777893023
0.3,DIRECT,1.795,0.117424917059482,0.0699554042672508,0.0813198155023976,0.233188674645652,0.00983919824349692
0.3,DIRECT,1.8,0.117449349057704,0.0699570908633623,0.0824882764581205,0.234190861551436,0.00984018040227084
0.3,DIRECT,1.805,0.117473258470738,0.0699586700170064,0.0836616754176567,0.235163619413964,0.00984113372012409
0.3,DIRECT,1.81,0.117496639399296,0.0699601405149994,0.0848398634940812,0.236106819774337,0.00984205807116496
0.3,DIRECT,1.815,0.117519486074482,0.0699615020150913,0.0860226939886342,0.237020313140151,0.00984295330888856
0.3,DIRECT,1.82,0.117541792859221,0.0699627534562359,0.0872100167937325,0.237903770621642,0.00984381911097779
0.3,DIRECT,1.825,0.117563554249648,0.0699638941591046,0.0884016803417683,0.238756586339633,0.00984465488366164
0.3,DIRECT,1.83,0.117584764876466,0.0699649234423913,0.0895975322156704,0.239578986346526,0.00984546084847497
0.3,DIRECT,1.835,0.117605419506269,0.0699658404646001,0.0907974190570968,0.240370756981781,0.00984623679602712
0.3,DIRECT,1.84,0.117625513042837,0.0699666450515377,0.0920011881703995,0.241131602212677,0.00984698243620143
0.3,DIRECT,1.845,0.117645040528391,0.0699673362703347,0.0932086834024475,0.241861344805599,0.00984769759530619
0.3,DIRECT,1.85,0.117663997144815,0.0699679138192336,0.0944197494692828,0.242559895774725,0.00984838218613391
0.3,DIRECT,1.855,0.117682378214848,0.0699683772676861,0.095634230036699,0.243226978581394,0.00984903593767239
0.3,DIRECT,1.86,0.117700179203236,0.0699687258826066,0.0968519661970826,0.243862298538652,0.00984965856112383
0.3,DIRECT,1.865,0.117717395717852,0.0699689595350916,0.0980727996567167,0.244465612893718,0.00985024981858672
0.3,DIRECT,1.87,0.117734023510778,0.0699690773537391,0.0992965688898868,0.245036792073511,0.00985080958307744
0.3,DIRECT,1.875,0.117750058479355,0.0699690791835977,0.100523113529057,0.245575626206744,0.00985133764891884
0.3,DIRECT,1.88,0.117765496667195,0.069968964513169,0.101752271223158,0.246081963326558,0.00985183386718104
0.3,DIRECT,1.885,0.117780334265156,0.0699687329110312,0.10298387937384,0.246555946699962,0.00985229837826793
0.3,DIRECT,1.89,0.117794567612281,0.06996838439027,0.104217775935856,0.246997067122619,0.00985273068315135
0.3,DIRECT,1.895,0.117808193196707,0.0699679181971423,0.105453795185855,0.247405241376175,0.00985313070027601
0.3,DIRECT,1.9,0.117821207656524,0.0699673343855509,0.10669177302875,0.247780287540474,0.00985349825135731
0.3,DIRECT,1.905,0.117833607780608,0.0699666324263228,0.107931542904318,0.248122118569725,0.00985383325108904
0.3,DIRECT,1.91,0.117845390509415,0.0699658121001227,0.109172938482115,0.248430616336487,0.00985413558370445
0.3,DIRECT,1.915,0.117856552935733,0.0699648733945226,0.110415793391729,0.248705646201516,0.009854405117255
0.3,DIRECT,1.92,0.1178670923054,0.0699638157588366,0.11165993906125,0.248947162196018,0.00985464180669055
0.3,DIRECT,1.925,0.117877006017983,0.0699626394751856,0.112905208821943,0.249155013591626,0.00985484550429495
0.3,DIRECT,1.93,0.117886291627424,0.069961344069938,0.114151433240348,0.249329169087593,0.00985501617939298
0.3,DIRECT,1.935,0.117894946842637,0.0699599296088421,0.11539844400507,0.249469534084875,0.0098551537392761
0.3,DIRECT,1.94,0.117902969528076,0.0699583961322612,0.116646072288691,0.24957603040605,0.00985525810732924
0.3,DIRECT,1.945,0.117910357704265,0.0699567433014707,0.117894147748781,0.249648646221324,0.00985532927195899
0.3,DIRECT,1.95,0.117917109548281,0.069954971572917,0.119142502047768,0.249687270374872,0.00985536712423093
0.3,DIRECT,1.955,0.117923223394208,0.0699530805551796,0.120390964026128,0.249691924238734,0.00985537168508999
0.3,DIRECT,1.96,0.117928697733546,0.0699510705667209,0.121639364366927,0.249662541915669,0.00985534288995584
0.3,DIRECT,1.965,0.117933531215584,0.0699489417064986,0.122887532877728,0.249599101390727,0.00985528071725349
0.3,DIRECT,1.97,0.117937722647731,0.069946693844946,0.12413529851443,0.249501625803147,0.00985518518965975
0.3,DIRECT,1.975,0.117941270995816,0.0699443275886039,0.125382492282304,0.249370046306758,0.00985505623970431
0.3,DIRECT,1.98,0.117944175384336,0.0699418426421198,0.12662894233447,0.249204395635507,0.00985489389946693
0.3,DIRECT,1.985,0.117946435096677,0.0699392395375749,0.127874479261087,0.249004682968941,0.00985469817794374
0.3,DIRECT,1.99,0.117948049575289,0.0699365184607313,0.129118932670697,0.248770938572891,0.00985446910479569
0.3,DIRECT,1.995,0.117949018421823,0.0699336794746472,0.13036213185486,0.248503222902389,0.00985420673926968
0.3,DIRECT,2,0.117949341397231,0.0699307233347967,0.131603908239621,0.248201511558468,0.00985391105745433
0.3,DIRECT,2.005,0.117949018421823,0.069927649884206,0.132844090673207,0.247865921747792,0.009853582174214
0.3,DIRECT,2.01,0.117948049575289,0.0699244598477792,0.134082510791428,0.247496459038459,0.0098532200950055
0.3,DIRECT,2.015,0.117946435096677,0.0699211535276555,0.135318999187351,0.247093201449765,0.00985282489628898
0.3,DIRECT,2.02,0.117944175384336,0.0699177311403132,0.136553386461622,0.24665625184398,0.00985239667887104
0.3,DIRECT,2.025,0.117941270995816,0.0699141936000691,0.137785505582429,0.246185627326863,0.00985193545951561
0.3,DIRECT,2.03,0.117937722647731,0.0699105408769659,0.139015187062776,0.245681490946346,0.00985144139801219
0.3,DIRECT,2.035,0.117933531215584,0.0699067738459927,0.14024226448863,0.245143890684512,0.00985091454138398
0.3,DIRECT,2.04,0.117928697733546,0.069902892971263,0.141466570654653,0.244572945107889,0.00985035500582801
0.3,DIRECT,2.045,0.117923223394208,0.0698988985790197,0.142687938424179,0.243968804788107,0.00984976293890683
0.3,DIRECT,2.05,0.117917109548281,0.0698947917625008,0.143906203448791,0.243331524557622,0.0098491383943571
0.3,DIRECT,2.055,0.117910357704265,0.0698905726250726,0.145121199004022,0.242661311386685,0.00984848157501289
0.3,DIRECT,2.06,0.117902969528076,0.0698862421463836,0.146332761557485,0.241958260974016,0.00984779257466044
0.3,DIRECT,2.065,0.117894946842637,0.0698818010230825,0.147540727487323,0.241222558154028,0.00984707157444034
0.3,DIRECT,2.07,0.117886291627424,0.0698772497146442,0.148744933560944,0.24045463925183,0.009846319001958
0.3,DIRECT,2.075,0.117877006017983,0.0698725895501691,0.14994521983277,0.239654323472502,0.00984553468003159
0.3,DIRECT,2.08,0.1178670923054,0.0698678207736915,0.151141423496331,0.238821859085396,0.00984471885196892
0.3,DIRECT,2.085,0.117856552935733,0.0698629443894819,0.152333384774781,0.23795739916843,0.00984387166778876
0.3,DIRECT,2.09,0.117845390509415,0.0698579613492228,0.153520944670177,0.237061116134852,0.00984299329645875
0.3,DIRECT,2.095,0.117833607780608,0.0698528720441578,0.154703943295468,0.236133117279982,0.00984208384313
0.3,DIRECT,2.1,0.117821207656524,0.0698476777258687,0.155882223105154,0.235173481799523,0.00984114338541552
0.3,DIRECT,2.105,0.117808193196707,0.0698423789702384,0.157055627127089,0.234182984080181,0.00984017268222634
0.3,DIRECT,2.11,0.117794567612281,0.069836976845595,0.158224001017835,0.233161554696514,0.00983917166552445
0.3,DIRECT,2.115,0.117780334265156,0.0698314726407331,0.159387191548009,0.232109369593974,0.00983814050773912
0.3,DIRECT,2.12,0.117765496667195,0.0698258667809939,0.160545044090142,0.231026745500573,0.00983707951926876
0.3,DIRECT,2.125,0.117750058479355,0.0698201607552384,0.161697408281745,0.229913860378925,0.00983598887451947
0.3,DIRECT,2.13,0.117734023510778,0.069814355401749,0.162844133044003,0.228770995231006,0.00983486884887759
0.3,DIRECT,2.135,0.117717395717852,0.0698084514991363,0.163985067923636,0.227598166494166,0.00983371945845197
0.3,DIRECT,2.14,0.117700179203236,0.0698024505689591,0.165120065534416,0.226395797350101,0.00983254111796726
0.3,DIRECT,2.145,0.117682378214848,0.0697963531735764,0.16624897766941,0.225164299865682,0.0098313342312554
0.3,DIRECT,2.15,0.117663997144815,0.0697901607386863,0.167371660027697,0.223903916618253,0.00983009903604599
0.3,DIRECT,2.155,0.117645040528391,0.0697838745912925,0.168487969378999,0.222614914263145,0.00982883579366538
0.3,DIRECT,2.16,0.117625513042837,0.069777495436436,0.169597762053299,0.221297657831682,0.00982754486184997
0.3,DIRECT,2.165,0.117605419506269,0.0697710250539929,0.170700899010959,0.219952371034932,0.00982622645984009
0.3,DIRECT,2.17,0.117584764876466,0.0697644643367754,0.171797240053941,0.218579413145957,0.00982488093972892
0.3,DIRECT,2.175,0.117563554249648,0.0697578144301378,0.172886647251486,0.217179117963736,0.00982350862864467
0.3,DIRECT,2.18,0.117541792859221,0.0697510771180183,0.173968986124713,0.215751739173079,0.0098221097752024
0.3,DIRECT,2.185,0.117519486074482,0.0697442529800195,0.175044119372179,0.214297222989483,0.00982068432669247
0.3,DIRECT,2.19,0.117496639399296,0.0697373435491134,0.17611191410385,0.212816361771045,0.00981923305963814
0.3,DIRECT,2.195,0.117473258470738,0.0697303503742808,0.177172240146117,0.211309571963627,0.00981775638216284
0.3,DIRECT,2.2,0.117449349057704,0.0697232743248458,0.178224966814344,0.209777189744184,0.00981625462372523
0.3,DIRECT,2.205,0.117424917059482,0.0697161174999561,0.179269969595668,0.20821969238858,0.00981472825206308
0.3,DIRECT,2.21,0.117399968504303,0.0697088811049062,0.180307122884562,0.20663723467651,0.00981317741886291
0.3,DIRECT,2.215,0.117374509547849,0.069701566100441,0.181336300155825,0.205029480656414,0.00981160179488695
0.3,DIRECT,2.22,0.117348546471738,0.0696941737333343,0.18235737366986,0.203395781394901,0.00981000074417038
0.3,DIRECT,2.225,0.117322085681968,0.06968670481562,0.183370219237273,0.201738605547327,0.00980837668603389
0.3,DIRECT,2.23,0.117295133707345,0.0696791613486562,0.184374721206829,0.200058418124474,0.00980673007619529
0.3,DIRECT,2.235,0.117267697197865,0.0696715452679762,0.185370765282829,0.198355214737683,0.00980506091035361
0.3,DIRECT,2.24,0.117239782923076,0.069663857631625,0.186358235877235,0.196629461866495,0.00980336964566609
0.3,DIRECT,2.245,0.117211397770408,0.0696561005368451,0.187337022500695,0.194881487206313,0.0098016566032793
0.3,DIRECT,2.25,0.117182548743472,0.0696482754662864,0.1883070148323,0.193111713324797,0.00979992219731615
0.3,DIRECT,2.255,0.117153242960334,0.069640383668648,0.18926810392896,0.191320603657504,0.00979816688195069
0.3,DIRECT,2.26,0.117123487651757,0.0696324274213352,0.19022018631281,0.189508786558834,0.00979639127298002
0.3,DIRECT,2.265,0.11709329015942,0.0696244080666899,0.191163158309704,0.187676522886479,0.00979459562604874
0.3,DIRECT,2.27,0.1170626579341,0.0696163271694589,0.192096918852166,0.185824597593964,0.00979278071042353
0.3,DIRECT,2.275,0.117031598533841,0.0696081870204909,0.193021371284024,0.183952924608036,0.00979094644175126
0.3,DIRECT,2.28,0.117000119622086,0.0695999885274522,0.193936415341553,0.182061548156035,0.00978909286337542
0.3,DIRECT,2.285,0.116968228965785,0.0695917329975416,0.19484195214947,0.180150256978758,0.00978721976825868
0.3,DIRECT,2.29,0.116935934433481,0.0695834224432952,0.195737888516127,0.17822108630194,0.00978532915095397
0.3,DIRECT,2.295,0.116903243993365,0.0695750581927621,0.196624134043686,0.176274114781034,0.00978342108854486
0.3,DIRECT,2.3,0.116870165711315,0.0695666420453978,0.197500599623982,0.174309271101027,0.00978149551114152
0.3,DIRECT,2.305,0.116836707748902,0.0695581760048124,0.198367199206091,0.1723276416104,0.00977955348338238
0.3,DIRECT,2.31,0.116802878361377,0.0695496614592888,0.199223849527182,0.170329991701101,0.00977759575536347
0.3,DIRECT,2.315,0.116768685895636,0.0695411007221432,0.200070472716767,0.168316801019396,0.0097756227971456
0.3,DIRECT,2.32,0.116734138788158,0.0695324958685516,0.200906991698537,0.166288030151374,0.00977363457010252
0.3,DIRECT,2.325,0.116699245562925,0.0695238480529713,0.201733328240925,0.164244247044635,0.00977163163083172
0.3,DIRECT,2.33,0.116664014829318,0.0695151593801133,0.20254940938447,0.162185890439268,0.00976961440930533
0.3,DIRECT,2.335,0.116628455279993,0.0695064317490854,0.203355163936143,0.160113433103756,0.00976758336884381
0.3,DIRECT,2.34,0.116592575688737,0.0694976664233908,0.204150521350836,0.158027442340186,0.00976553906541206
0.3,DIRECT,2.345,0.116556384908303,0.0694888656474342,0.204935416774548,0.155928664865703,0.00976348223080449
0.3,DIRECT,2.35,0.116519891868224,0.0694800314555968,0.205709787636649,0.153817381520314,0.00976141314024869
0.3,DIRECT,2.355,0.116483105572611,0.0694711650755716,0.206473570511133,0.151693989976458,0.00975933218346984
0.3,DIRECT,2.36,0.116446035097932,0.0694622686710563,0.207226707242343,0.149558796749556,0.00975723966085782
0.3,DIRECT,2.365,0.116408689590773,0.0694533446957828,0.207969146235938,0.147414920525245,0.00975513862877313
0.3,DIRECT,2.37,0.116371078265578,0.0694443950971801,0.208700839089198,0.145260901496069,0.00975302765658173
0.3,DIRECT,2.375,0.11633321040238,0.0694354221413132,0.209421737939081,0.143097034557725,0.009750907033286
0.3,DIRECT,2.38,0.116295095344506,0.0694264273734629,0.210131791490585,0.140922703464948,0.00974877615495596
0.3,DIRECT,2.385,0.116256742496277,0.0694174120192269,0.210830951677754,0.138739788441331,0.00974663686424003
0.3,DIRECT,2.39,0.116218161320685,0.0694083780908987,0.211519175492556,0.136548466917258,0.00974448933502275
0.3,DIRECT,2.395,0.116179361337057,0.0693993276306255,0.212196422466796,0.134348824846001,0.00974233365153966
0.3,DIRECT,2.4,0.116140352118708,0.0693902619378109,0.212862652609381,0.132142001810887,0.00974017093060017
0.3,DIRECT,2.405,0.11610114329058,0.0693811830016838,0.213517830791693,0.129928371879714,0.00973800153879654
0.3,DIRECT,2.41,0.116061744526864,0.0693720930707155,0.214161924957365,0.127707895801979,0.00973582543766267
0.3,DIRECT,2.415,0.116022165548616,0.0693629929822797,0.214794897947674,0.125480628804949,0.00973364268132214
0.3,DIRECT,2.42,0.115982416121355,0.0693538840007119,0.215416715698386,0.123245873269221,0.00973145258609707
0.3,DIRECT,2.425,0.11594250605266,0.0693447682750215,0.21602735075098,0.121007020180905,0.00972925847520666
0.3,DIRECT,2.43,0.115902445189741,0.0693356474852128,0.216626778792683,0.118763262271608,0.00972705955751531
0.3,DIRECT,2.435,0.115862243417017,0.0693265232199814,0.217214977263424,0.116515728263918,0.00972485693918873
0.3,DIRECT,2.44,0.115821910653675,0.0693173979701486,0.217791930366626,0.114265096987832,0.00972265128549089
0.3,DIRECT,2.445,0.115781456851219,0.069308273899317,0.218357624320844,0.112011936188619,0.009720443152821
0.3,DIRECT,2.45,0.115740891991021,0.0692991525084609,0.218912045181083,0.109756281623918,0.0097182325762221
0.3,DIRECT,2.455,0.115700226081853,0.0692900360520719,0.219455185307212,0.107499799505062,0.00971602118860723
0.3,DIRECT,2.46,0.115659469157419,0.0692809270512283,0.219987041086217,0.105242229126045,0.00971380873448047
0.3,DIRECT,2.465,0.115618631273881,0.0692718270417993,0.220507607349754,0.102984154405226,0.00971159578609088
0.3,DIRECT,2.47,0.115577722507375,0.0692627378240152,0.221016882497712,0.100726121356708,0.0097093828785408
0.3,DIRECT,2.475,0.115536752951528,0.0692536616337907,0.221514868822501,0.0984686137385289,0.00970717048592063
0.3,DIRECT,2.48,0.115495732714963,0.069244600343133,0.222001570153737,0.0962118945409944,0.00970495886596497
0.3,DIRECT,2.485,0.115454671918811,0.0692355556856644,0.222476993626533,0.093957309857382,0.00970274933786619
0.3,DIRECT,2.49,0.115413580694209,0.0692265297020566,0.222941149811259,0.0917054312968748,0.0097005424618102
0.3,DIRECT,2.495,0.115372469179801,0.0692175245250571,0.22339405153528,0.089455723502267,0.00969833771313859
0.3,DIRECT,2.5,0.115331347519239,0.0692085416663244,0.22383571136206,0.0872087446467145,0.00969613563886975
0.3,DIRECT,2.505,0.115290225858677,0.0691995827741971,0.224266145499755,0.084965591237772,0.00969393731359816
0.3,DIRECT,2.51,0.11524911434427,0.0691906497917534,0.224685374019153,0.0827267076561622,0.00969174317282385
0.3,DIRECT,2.515,0.115208023119668,0.0691817446881583,0.225093419352648,0.0804923856047086,0.00968955350242012
0.3,DIRECT,2.52,0.115166962323516,0.0691728691566187,0.225490305882169,0.0782633752802244,0.00968736903759154
0.3,DIRECT,2.525,0.115125942086951,0.0691640251504368,0.225876062625898,0.0760404252513265,0.00968519051194701
0.3,DIRECT,2.53,0.115084972531103,0.069155214562071,0.226250720462023,0.0738238200630477,0.00968301820434508
0.3,DIRECT,2.535,0.115044063764597,0.0691464391946531,0.22661431231644,0.0716140821672795,0.00968085262679675
0.3,DIRECT,2.54,0.115003225881059,0.0691377008364554,0.226966873604248,0.0694117330346824,0.00967869429035139
0.3,DIRECT,2.545,0.114962468956625,0.0691290013840752,0.227308443014647,0.0672173640348657,0.00967654377456043
0.3,DIRECT,2.55,0.114921803047457,0.069120342794876,0.227639063348064,0.0650323410969733,0.00967440241805569
0.3,DIRECT,2.555,0.114881238187259,0.0691117271255791,0.227958781842402,0.0628568982651121,0.00967227045020404
0.3,DIRECT,2.56,0.114840784384804,0.0691031568315488,0.228267651428872,0.0606927167773677,0.00967014951864499
0.3,DIRECT,2.565,0.114800451621461,0.0690946339928803,0.228565724416271,0.0585381394250586,0.00966803799928822
0.3,DIRECT,2.57,0.114760249848738,0.0690861598520348,0.22885304947838,0.0563931271918037,0.00966593585389708
0.3,DIRECT,2.575,0.114720188985819,0.0690777352828126,0.229129675383982,0.0542592377480879,0.00966384460901289
0.3,DIRECT,2.58,0.114680278917123,0.0690693623150891,0.229395660018155,0.0521368269429683,0.00966176461337328
0.3,DIRECT,2.585,0.114640529489863,0.0690610428096792,0.229651061948104,0.0500259393628912,0.00965969591067364
0.3,DIRECT,2.59,0.114600950511614,0.0690527782046883,0.229895941487762,0.0479277347505569,0.0096576396374799
0.3,DIRECT,2.595,0.114561551747898,0.0690445698655885,0.230130362638785,0.0458424291318167,0.00965559600550074
0.3,DIRECT,2.6,0.11452234291977,0.069036419197372,0.230354386621769,0.043769158518808,0.00965356416801462
0.3,DIRECT,2.605,0.114483333701422,0.0690283272019103,0.230568072903793,0.041707706548884,0.00965154391298276
0.3,DIRECT,2.61,0.114444533717794,0.0690202952136005,0.230771489571338,0.0396613750004882,0.00964953847619945
0.3,DIRECT,2.615,0.114405952542201,0.0690123251969391,0.230964713755497,0.0376308668981871,0.00964754854663972
0.3,DIRECT,2.62,0.114367599693972,0.0690044192958311,0.231147821884357,0.0356149705861206,0.00964557293686196
0.3,DIRECT,2.625,0.114329484636099,0.0689965790961281,0.231320890016266,0.0336146821068617,0.00964361262300341
0.3,DIRECT,2.63,0.1142916167729,0.0689888058084125,0.231483997183992,0.0316310075793993,0.00964166859107632
0.3,DIRECT,2.635,0.114254005447706,0.0689811012611598,0.231637227599108,0.0296641877372963,0.00963974107700336
0.3,DIRECT,2.64,0.114216659940546,0.0689734674271866,0.231780666256647,0.0277141004545918,0.00963782996109916
0.3,DIRECT,2.645,0.114179589465868,0.068965905566615,0.231914398505358,0.0257815337981313,0.00963593601568152
0.3,DIRECT,2.65,0.114142803170255,0.0689584167632154,0.23203851211039,0.0238671359208453,0.0096340598759504
0.3,DIRECT,2.655,0.114106310130175,0.0689510030657463,0.232153099632421,0.0219712696200407,0.00963220189745281
0.3,DIRECT,2.66,0.114070119349741,0.0689436660945913,0.232258254905087,0.0200940445800626,0.00963036218768111
0.3,DIRECT,2.665,0.114034239758485,0.06893640680314,0.232354072391788,0.0182363053865888,0.00962854157434243
0.3,DIRECT,2.67,0.113998680209161,0.068929226881562,0.232440650303661,0.0163985152701525,0.00962674051140989
0.3,DIRECT,2.675,0.113963449475554,0.0689221283744831,0.232518091840711,0.0145813630210512,0.00962495967390872
0.3,DIRECT,2.68,0.11392855625032,0.0689151123648842,0.232586499450476,0.0127850605551245,0.00962319926951974
0.3,DIRECT,2.685,0.113894009142843,0.068908180357395,0.232645979332712,0.0110106474933342,0.00962146031708767
0.3,DIRECT,2.69,0.113859816677102,0.0689013342697748,0.232696640042605,0.00925714180492498,0.0096197418542071
0.3,DIRECT,2.695,0.113825987289577,0.0688945748427236,0.232738586886561,0.00752503218816614,0.00961804435980992
0.3,DIRECT,2.7,0.113792529327164,0.0688879028935662,0.232771927656109,0.00581511266956092,0.00961636861205448
0.3,DIRECT,2.705,0.113759451045114,0.0688813201935403,0.232796774859389,0.00412749311468197,0.00961471471861076
0.3,DIRECT,2.71,0.113726760604998,0.0688748278874309,0.232813242476392,0.00246330066537404,0.0096130837840953
0.3,DIRECT,2.715,0.113694466072693,0.0688684269735878,0.232821447161887,0.000822757599273416,0.00961147602634367
0.3,DIRECT,2.72,0.113662575416392,0.0688621192940635,0.232821508737459,-0.000794140360151019,0.00960989144116478
0.3,DIRECT,2.725,0.113631096504637,0.0688559058544461,0.232813545784479,-0.00238723844658573,0.00960833018023203
0.3,DIRECT,2.73,0.113600037104379,0.0688497871487538,0.232797676862658,-0.00395592365724973,0.00960679284429771
0.3,DIRECT,2.735,0.113569404879059,0.0688437650194794,0.232774027629308,-0.00549956595175694,0.00960528005081119
0.3,DIRECT,2.74,0.113539207386721,0.0688378406056584,0.232742723364339,-0.00701816249786447,0.00960379180254812
0.3,DIRECT,2.745,0.113509452078145,0.0688320143493454,0.232703888270743,-0.00851126603940244,0.00960232853782651
0.3,DIRECT,2.75,0.113480146295007,0.0688262880536136,0.232657653527071,-0.00997822545197202,0.00960089089475841
0.3,DIRECT,2.755,0.113451297268071,0.0688206628612331,0.232604150135713,-0.0114189979561488,0.00959947891526832
0.3,DIRECT,2.76,0.113422912115402,0.0688151391797407,0.232543507991892,-0.0128331700978439,0.0095980930045477
0.3,DIRECT,2.765,0.113394997840613,0.0688097186923969,0.232475862884605,-0.014220395403969,0.00959673350214555
0.3,DIRECT,2.77,0.113367561331133,0.068804402506809,0.232401351217686,-0.0155799566600514,0.00959540111094323
0.3,DIRECT,2.775,0.11334060935651,0.0687991909665226,0.232320107851717,-0.0169120837584362,0.00959409560564267
0.3,DIRECT,2.78,0.113314148566741,0.0687940861035226,0.23223227740247,-0.0182152004607019,0.00959281853098206
0.3,DIRECT,2.785,0.113288185490629,0.0687890889408591,0.232138001906594,-0.0194906110721718,0.00959156860872187
0.3,DIRECT,2.79,0.113262726534175,0.0687841994894354,0.232037418743755,-0.0207376062445288,0.00959034653403451
0.3,DIRECT,2.795,0.113237777978996,0.0687794192766842,0.231930672947497,-0.0219559583314037,0.00958915253001695
0.3,DIRECT,2.8,0.113213345980775,0.0687747488755306,0.231817907648557,-0.0231455331173116,0.00958798672820247
0.3,DIRECT,2.805,0.11318943656774,0.0687701885317493,0.231699266040347,-0.024305988332177,0.00958684946402107
0.3,DIRECT,2.81,0.113166055639183,0.0687657396544851,0.231574896408975,-0.0254370450305004,0.00958574101084367
0.3,DIRECT,2.815,0.113143208963997,0.0687614026875425,0.231444945861406,-0.0265383365392182,0.0095846617280156
0.3,DIRECT,2.82,0.113120902179258,0.068757178039916,0.2313095624947,-0.0276097711454053,0.00958361170541695
0.3,DIRECT,2.825,0.113099140788831,0.0687530669934645,0.231168897912044,-0.0286511974879193,0.00958259109138399
0.3,DIRECT,2.83,0.113077930162013,0.0687490696893493,0.231023101493953,-0.0296623827587084,0.00958160011407224
0.3,DIRECT,2.835,0.11305727553221,0.068745186567308,0.230872324214965,-0.0306432014103812,0.0095806388965201
0.3,DIRECT,2.84,0.113037181995641,0.0687414187645284,0.230716720622345,-0.0315933151783501,0.00957970777023213
0.3,DIRECT,2.845,0.113017654510088,0.0687377662643829,0.230556443149388,-0.0325124335572422,0.00957880701990812
0.3,DIRECT,2.85,0.112998697893664,0.0687342298091481,0.230391647682946,-0.0334003851697897,0.00957793681350047
0.3,DIRECT,2.855,0.11298031682363,0.0687308103084556,0.230222491386864,-0.0342572335128093,0.0095770970887813
0.3,DIRECT,2.86,0.112962515835242,0.0687275074719337,0.230049128248473,-0.0350826064051866,0.0095762882104939
0.3,DIRECT,2.865,0.112945299320626,0.0687243222391397,0.229871717718929,-0.0358762561819503,0.0095755104213538
0.3,DIRECT,2.87,0.1129286715277,0.0687212553274502,0.22969041994335,-0.0366377854681161,0.00957476411079467
0.3,DIRECT,2.875,0.112912636559123,0.0687183065751281,0.229505393420825,-0.0373672494647668,0.0095740492247186
0.3,DIRECT,2.88,0.112897198371283,0.0687154769990188,0.229316800603627,-0.0380645743203605,0.00957336583550124
0.3,DIRECT,2.885,0.112882360773323,0.0687127667371895,0.229124801271288,-0.0387300735895195,0.00957271363585417
0.3,DIRECT,2.89,0.112868127426197,0.0687101753679351,0.228929553263026,-0.0393634452694265,0.00957209292174488
0.3,DIRECT,2.895,0.112854501841771,0.0687077039048766,0.228731220766458,-0.0399641678793223,0.00957150420423261
0.3,DIRECT,2.9,0.112841487381955,0.068705352444422,0.228529967281085,-0.0405318239467789,0.00957094789244685
0.3,DIRECT,2.905,0.11282908725787,0.0687031210819,0.228325956402679,-0.0410668403730732,0.0095704235680177
0.3,DIRECT,2.91,0.112817304529063,0.0687010106099829,0.228119353673308,-0.0415689698307578,0.00956993147332991
0.3,DIRECT,2.915,0.112806142102745,0.0686990206664518,0.227910322367124,-0.0420379843168863,0.00956947183182992
0.3,DIRECT,2.92,0.112795602733079,0.0686971516179803,0.227699028625285,-0.0424738243787566,0.0095690447017823
0.3,DIRECT,2.925,0.112785689020495,0.0686954040364861,0.227485639665512,-0.0428764717631118,0.00956865010107553
0.3,DIRECT,2.93,0.112776403411054,0.0686937773527001,0.227270319755484,-0.0432457582462256,0.00956828819457147
0.3,DIRECT,2.935,0.112767748195842,0.0686922721656432,0.227053237109424,-0.0435816936505269,0.009567958972644
0.3,DIRECT,2.94,0.112759725510402,0.0686908886115501,0.226834558937313,-0.0438842342018493,0.00956766247819249
0.3,DIRECT,2.945,0.112752337334214,0.0686896261111354,0.22661445065374,-0.0441532466516943,0.00956739884180252
0.3,DIRECT,2.95,0.112745585490198,0.0686884853577414,0.226393081812345,-0.044388790652965,0.00956716800501334
0.3,DIRECT,2.955,0.112739471644271,0.0686874660246341,0.22617061916782,-0.0445907931410652,0.00956697003942938
0.3,DIRECT,2.96,0.112733997304933,0.0686865677571599,0.22594722962797,-0.0447591892551458,0.00956680500861528
0.3,DIRECT,2.965,0.112729163822895,0.068685791109925,0.22572308302467,-0.044894055439725,0.00956667283765423
0.3,DIRECT,2.97,0.112724972390747,0.0686851353723252,0.225498345532731,-0.0449953006096475,0.0095665736158111
0.3,DIRECT,2.975,0.112721424042662,0.0686846005305979,0.225273185563135,-0.0450629373494813,0.00956650733075281
0.3,DIRECT,2.98,0.112718519654142,0.0686841868153852,0.22504777237954,-0.045097003777645,0.00956647394512272
0.3,DIRECT,2.985,0.112716259941801,0.0686838933047773,0.22482227177744,-0.0450974613317996,0.00956647349671253
0.3,DIRECT,2.99,0.112714645463189,0.0686837202723667,0.224596853077164,-0.0450644073048654,0.00956650589017364
0.3,DIRECT,2.995,0.112713676616656,0.0686836674664584,0.224371683940388,-0.0449978764840218,0.0095665710914141
0.3,DIRECT,3,0.112713353641248,0.068683733954015,0.224146929257188,-0.0448978186076818,0.00956666914969104
0.3,DIRECT,3.005,0.112713353641248,0.0686839150752115,0.223922711889268,-0.0447889024914492,0.00956677588918101
0.3,DIRECT,3.01,0.112713353641248,0.0686841918846251,0.223699012891853,-0.0446937148518192,0.00956686917455013
0.3,DIRECT,3.015,0.112713353641248,0.0686845427553829,0.223475759268401,-0.0446091793173675,0.00956695202069029
0.3,DIRECT,3.02,0.112713353641248,0.0686849526015242,0.223252906955461,-0.0445331540525675,0.00956702652663368
0.3,DIRECT,3.025,0.112713353641248,0.0686854085134744,0.223030416906683,-0.0444638054120787,0.00956709448938127
0.3,DIRECT,3.03,0.112713353641248,0.0686859008189027,0.2228082598108,-0.0443997595271064,0.00956715725534587
0.3,DIRECT,3.035,0.112713353641248,0.0686864218727183,0.222586412453037,-0.0443399304520575,0.00956721588877109
0.3,DIRECT,3.04,0.112713353641248,0.0686869652126366,0.222364855175783,-0.0442834002319863,0.00956727128926706
0.3,DIRECT,3.045,0.112713353641248,0.0686875261732408,0.222143573725149,-0.044229506116281,0.0095673241063397
0.3,DIRECT,3.05,0.112713353641248,0.0686881010387361,0.221922556703176,-0.0441777202265961,0.00956737485731801
0.3,DIRECT,3.055,0.112713353641248,0.0686886865477015,0.221701794078551,-0.0441275792181646,0.00956742399628708
0.3,DIRECT,3.06,0.112713353641248,0.0686892803295848,0.221481278499194,-0.0440787462740424,0.00956747185333276
0.3,DIRECT,3.065,0.112713353641248,0.0686898806857162,0.221261004633724,-0.0440309800030452,0.00956751866502216
0.3,DIRECT,3.07,0.112713353641248,0.0686904860675549,0.221040967602472,-0.0439840603365269,0.00956756464702599
0.3,DIRECT,3.075,0.112713353641248,0.0686910951314029,0.220821163142037,-0.0439377962992413,0.00956760998650296
0.3,DIRECT,3.08,0.112713353641248,0.0686917070517468,0.220601588547411,-0.0438920705438335,0.00956765479845531
0.3,DIRECT,3.085,0.112713353641248,0.0686923211707789,0.220382241618016,-0.0438467895376231,0.00956769917454653
0.3,DIRECT,3.09,0.112713353641248,0.0686929368671165,0.220163120263157,-0.0438018648348972,0.00956774320145477
0.3,DIRECT,3.095,0.112713353641248,0.0686935536006273,0.219944222636802,-0.0437572195893878,0.0095677869544906
0.3,DIRECT,3.1,0.112713353641248,0.0686941710666216,0.219725547601134,-0.0437128103942097,0.00956783047619342
0.3,DIRECT,3.105,0.112713353641248,0.0686947890106876,0.219507094169758,-0.043668600983386,0.00956787380210447
0.3,DIRECT,3.11,0.112713353641248,0.0686954071913836,0.219288861395513,-0.0436245569332332,0.00956791696595948
0.3,DIRECT,3.115,0.112713353641248,0.0686960253988607,0.219070848426467,-0.0435806483072039,0.00956795999709674
0.3,DIRECT,3.12,0.112713353641248,0.0686966435149411,0.21885305468658,-0.0435368581886646,0.00956800291209482
0.3,DIRECT,3.125,0.112713353641248,0.0686972614410149,0.218635479658881,-0.0434931724402947,0.0095680457248085
0.3,DIRECT,3.13,0.112713353641248,0.0686978790834903,0.218418122841713,-0.0434495776376149,0.009568088448394
0.3,DIRECT,3.135,0.112713353641248,0.0686984963610507,0.21820098377056,-0.0434060620997005,0.00956813109429878
0.3,DIRECT,3.14,0.112713353641248,0.0686991132280989,0.217984062088536,-0.0433626192188452,0.00956817366899852
0.3,DIRECT,3.145,0.112713353641248,0.0686997296466543,0.217767357461889,-0.0433192434692913,0.00956821617790854
0.3,DIRECT,3.15,0.112713353641248,0.0687003455806605,0.217550869562872,-0.0432759295986553,0.00956825862617626
0.3,DIRECT,3.155,0.112713353641248,0.0687009609988188,0.21733459807827,-0.0432326730304577,0.00956830101828669
0.3,DIRECT,3.16,0.112713353641248,0.0687015758837751,0.217118542737024,-0.0431894711688265,0.00956834335678384
0.3,DIRECT,3.165,0.112713353641248,0.0687021902211416,0.216902703277216,-0.0431463218393304,0.00956838564379867
0.3,DIRECT,3.17,0.112713353641248,0.0687028039972503,0.216687079439314,-0.0431032229698989,0.00956842788136186
0.3,DIRECT,3.175,0.112713353641248,0.0687034172002662,0.216471670969524,-0.0430601727489321,0.00956847007124879
0.3,DIRECT,3.18,0.112713353641248,0.0687040298238244,0.216256477630718,-0.0430171701418622,0.00956851221447337
0.3,DIRECT,3.185,0.112713353641248,0.0687046418627163,0.21604149918947,-0.0429742142785052,0.00956855431188837
0.3,DIRECT,3.19,0.112713353641248,0.0687052533119853,0.21582673541333,-0.0429313043245632,0.00956859636431144
0.3,DIRECT,3.195,0.112713353641248,0.0687058641673693,0.215612186072161,-0.0428884395445142,0.00956863837246339
0.3,DIRECT,3.2,0.112713353641248,0.0687064744267781,0.215397850942574,-0.0428456195114748,0.00956868033676257
0.3,DIRECT,3.205,0.112713353641248,0.0687070840885739,0.215183729802764,-0.0428028438628996,0.00956872225756428
0.3,DIRECT,3.21,0.112713353641248,0.0687076931511884,0.214969822431354,-0.0427601122462669,0.00956876413521401
0.3,DIRECT,3.215,0.112713353641248,0.0687083016133052,0.214756128607944,-0.0427174243449819,0.00956880597002201
0.3,DIRECT,3.22,0.112713353641248,0.0687089094744963,0.214542648115026,-0.0426747799687153,0.00956884776217482
0.3,DIRECT,3.225,0.112713353641248,0.0687095167345115,0.214329380735847,-0.0426321789525606,0.00956888951183404
0.3,DIRECT,3.23,0.112713353641248,0.0687101233930998,0.214116326253869,-0.0425896211316008,0.0095689312191613
0.3,DIRECT,3.235,0.112713353641248,0.0687107294500899,0.213903484453014,-0.0425471063523997,0.00956897288430697
0.3,DIRECT,3.24,0.112713353641248,0.0687113349056988,0.213690855118591,-0.0425046345167726,0.00956901450736726
0.3,DIRECT,3.245,0.112713353641248,0.0687119397602149,0.213478438036341,-0.0424622055368218,0.00956905608842832
0.3,DIRECT,3.25,0.112713353641248,0.0687125440138983,0.21326623299214,-0.0424198193207506,0.00956909762758012
0.3,DIRECT,3.255,0.112713353641248,0.068713147667022,0.213054239772119,-0.0423774757787516,0.00956913912491066
0.3,DIRECT,3.26,0.112713353641248,0.0687137507200526,0.212842458163212,-0.0423351748485956,0.00956918058048093
0.3,DIRECT,3.265,0.112713353641248,0.0687143531734861,0.212630887952656,-0.0422929164724213,0.00956922199434764
0.3,DIRECT,3.27,0.112713353641248,0.0687149550277803,0.212419528927793,-0.0422507005870294,0.00956926336657272
0.3,DIRECT,3.275,0.112713353641248,0.06871555628338,0.212208380876143,-0.0422085271274977,0.00956930469721979
0.3,DIRECT,3.28,0.112713353641248,0.068716156940847,0.211997443585792,-0.0421663960456868,0.00956934598633604
0.3,DIRECT,3.285,0.112713353641248,0.0687167570007569,0.211786716845089,-0.0421243072955146,0.00956938723396662
0.3,DIRECT,3.29,0.112713353641248,0.0687173564636427,0.211576200442469,-0.0420822608250155,0.00956942844016247
0.3,DIRECT,3.295,0.112713353641248,0.0687179553300148,0.211365894166514,-0.0420402565791029,0.00956946960497756
0.3,DIRECT,3.3,0.112713353641248,0.0687185536004706,0.211155797806287,-0.0419982945152011,0.00956951072845363
0.3,DIRECT,3.305,0.112713353641248,0.0687191512756149,0.210945911151088,-0.0419563745919103,0.00956955181063124
0.3,DIRECT,3.31,0.112713353641248,0.0687197483560089,0.2107362339903,-0.0419144967617413,0.00956959285155693
0.3,DIRECT,3.315,0.112713353641248,0.068720344842187,0.210526766113443,-0.0418726609735849,0.0095696338512808
0.3,DIRECT,3.32,0.112713353641248,0.068720940734759,0.210317507310478,-0.0418308671871106,0.00956967480984237
0.3,DIRECT,3.325,0.112713353641248,0.0687215360343394,0.210108457371597,-0.0417891153628318,0.00956971572728033
0.3,DIRECT,3.33,0.112713353641248,0.0687221307414988,0.209899616087071,-0.0417474054551263,0.00956975660363939
0.3,DIRECT,3.335,0.112713353641248,0.0687227248567801,0.209690983247307,-0.0417057374145529,0.00956979743896802
0.3,DIRECT,3.34,0.112713353641248,0.068723318380796,0.209482558643132,-0.0416641112017615,0.00956983823330477
0.3,DIRECT,3.345,0.112713353641248,0.0687239113141634,0.209274342065603,-0.041622526778081,0.00956987898668753
0.3,DIRECT,3.35,0.112713353641248,0.0687245036574552,0.209066333305858,-0.0415809840987418,0.0095699196991602
0.3,DIRECT,3.355,0.112713353641248,0.068725095411216,0.208858532155162,-0.041539483115093,0.00956996037077043
0.3,DIRECT,3.36,0.112713353641248,0.0687256865760586,0.208650938405199,-0.0414980237882467,0.00957000100155636
0.3,DIRECT,3.365,0.112713353641248,0.0687262771525988,0.208443551847878,-0.0414566060799402,0.00957004159155546
0.3,DIRECT,3.37,0.112713353641248,0.0687268671414092,0.208236372275188,-0.0414152299458568,0.00957008214081118
0.3,DIRECT,3.375,0.112713353641248,0.068727456543034,0.208029399479247,-0.0413738953377738,0.00957012264937077
0.3,DIRECT,3.38,0.112713353641248,0.0687280453580841,0.207822633252586,-0.0413326022170839,0.00957016311727207
0.3,DIRECT,3.385,0.112713353641248,0.0687286335871737,0.207616073387958,-0.0412913505457748,0.00957020354455234
0.3,DIRECT,3.39,0.112713353641248,0.0687292212308736,0.207409719678198,-0.0412501402797965,0.00957024393125473
0.3,DIRECT,3.395,0.112713353641248,0.0687298082897268,0.207203571916268,-0.0412089713712618,0.00957028427742618
0.3,DIRECT,3.4,0.112713353641248,0.0687303947643417,0.206997629895542,-0.0411678437817411,0.00957032458310436
0.3,DIRECT,3.405,0.112713353641248,0.0687309806553305,0.206791893409613,-0.0411267574733998,0.00957036484832634
0.3,DIRECT,3.41,0.112713353641248,0.0687315659632619,0.206586362252157,-0.0410857124024346,0.00957040507313505
0.3,DIRECT,3.415,0.112713353641248,0.068732150688677,0.206381036216976,-0.0410447085211949,0.00957044525757718
0.3,DIRECT,3.42,0.112713353641248,0.0687327348321822,0.206175915098281,-0.041003745791425,0.00957048540169024
0.3,DIRECT,3.425,0.112713353641248,0.0687333183943867,0.205970998690503,-0.0409628241754376,0.00957052550551114
0.3,DIRECT,3.43,0.112713353641248,0.0687339013758575,0.205766286788154,-0.0409219436296393,0.00957056556908263
0.3,DIRECT,3.435,0.112713353641248,0.0687344837771336,0.205561779185872,-0.0408811041066102,0.00957060559245116
0.3,DIRECT,3.44,0.112713353641248,0.0687350655988189,0.205357475678703,-0.040840305568242,0.00957064557565408
0.3,DIRECT,3.445,0.112713353641248,0.0687356468415202,0.205153376061909,-0.040799547977004,0.00957068551872818
0.3,DIRECT,3.45,0.112713353641248,0.0687362275058022,0.204949480130836,-0.0407588312894909,0.00957072542171599
0.3,DIRECT,3.455,0.112713353641248,0.0687368075922021,0.204745787680956,-0.0407181554585012,0.00957076528466377
0.3,DIRECT,3.46,0.112713353641248,0.0687373871013211,0.204542298508144,-0.0406775204460832,0.00957080510760872
0.3,DIRECT,3.465,0.112713353641248,0.0687379660337636,0.204339012408492,-0.0406369262148463,0.00957084489058747
0.3,DIRECT,3.47,0.112713353641248,0.0687385443900921,0.204135929178175,-0.0405963727215628,0.0095708846336424
0.3,DIRECT,3.475,0.112713353641248,0.0687391221708417,0.203933048613494,-0.0405558599192659,0.00957092433681952
0.3,DIRECT,3.48,0.112713353641248,0.0687396993766112,0.203730370511151,-0.0405153877701352,0.00957096400015591
0.3,DIRECT,3.485,0.112713353641248,0.0687402760080026,0.203527894668064,-0.0404749562369311,0.00957100362368806
0.3,DIRECT,3.49,0.112713353641248,0.068740852065576,0.203325620881235,-0.0404345652766072,0.00957104320745815
0.3,DIRECT,3.495,0.112713353641248,0.0687414275498646,0.203123548947791,-0.040394214842415,0.009571082751512
0.3,DIRECT,3.5,0.112713353641248,0.0687420024614647,0.202921678665255,-0.0403539048966817,0.00957112225588654
0.3,DIRECT,3.505,0.112713353641248,0.0687425768009757,0.20272000983137,-0.0403136354022973,0.00957116172061812
0.3,DIRECT,3.51,0.112713353641248,0.0687431505689556,0.202518542243959,-0.0402734063164107,0.00957120114574874
0.3,DIRECT,3.515,0.112713353641248,0.0687437237660722,0.202317275701814,-0.0402332176121369,0.00957124053130476
0.3,DIRECT,3.52,0.112713353641248,0.0687442963929922,0.202116210004529,-0.040193069262914,0.00957127987731219
0.3,DIRECT,3.525,0.112713353641248,0.0687448684495953,0.201915344945186,-0.0401529611279265,0.00957131918390905
0.3,DIRECT,3.53,0.112713353641248,0.0687454399353389,0.2017146803105,-0.0401128930033394,0.0095713584512951
0.3,DIRECT,3.535,0.112713353641248,0.0687460108399251,0.201514215792045,-0.0400729271285822,0.00957139761847471
0.3,DIRECT,3.54,0.112713353641248,0.0687465811437812,0.201313950972286,-0.0400330072138182,0.00957143674061282
0.3,DIRECT,3.545,0.112713353641248,0.0687471508529401,0.201113885660553,-0.039993123350456,0.00957147582742
0.3,DIRECT,3.55,0.112713353641248,0.0687477199741329,0.20091401967535,-0.0399532763721187,0.00957151487807927
0.3,DIRECT,3.555,0.112713353641248,0.0687482885132568,0.200714352832883,-0.0399134669943173,0.00957155389188944
0.3,DIRECT,3.56,0.112713353641248,0.0687488564739346,0.200514884942731,-0.039873695610261,0.00957159286846514
0.3,DIRECT,3.565,0.112713353641248,0.0687494238592921,0.200315615813184,-0.0398339625428363,0.00957163180748995
0.3,DIRECT,3.57,0.112713353641248,0.068749990672285,0.200116545252226,-0.0397942680909296,0.00957167070867095
0.3,DIRECT,3.575,0.112713353641248,0.0687505569155284,0.19991767306702,-0.0397546125052717,0.00957170957176242
0.3,DIRECT,3.58,0.112713353641248,0.0687511225907889,0.199718999062386,-0.0397149959164249,0.0095717483966364
0.3,DIRECT,3.585,0.112713353641248,0.0687516876996416,0.199520523042771,-0.0396754184279207,0.00957178718319145
0.3,DIRECT,3.59,0.112713353641248,0.0687522522435708,0.199322244812553,-0.0396358801305681,0.00957182593133855
0.3,DIRECT,3.595,0.112713353641248,0.0687528162239127,0.199124164175865,-0.0395963810942597,0.00957186464100922
0.3,DIRECT,3.6,0.112713353641248,0.0687533796417097,0.198926280936165,-0.0395569213474012,0.00957190331217561
0.3,DIRECT,3.605,0.112713353641248,0.0687539424979316,0.198728594896891,-0.0395175009081896,0.00957194194481991
0.3,DIRECT,3.61,0.112713353641248,0.0687545047934886,0.198531105861505,-0.0394781197865335,0.00957198053893238
0.3,DIRECT,3.615,0.112713353641248,0.0687550665292177,0.198333813633453,-0.0394387779820491,0.00957201909451341
0.3,DIRECT,3.62,0.112713353641248,0.068755627705878,0.198136718016146,-0.0393994754834495,0.00957205761157407
0.3,DIRECT,3.625,0.112713353641248,0.068756188324202,0.197939818813118,-0.0393602122757883,0.00957209609012899
0.3,DIRECT,3.63,0.112713353641248,0.0687567483848752,0.197743115827963,-0.0393209883375931,0.00957213453019922
0.3,DIRECT,3.635,0.112713353641248,0.068757307888539,0.197546608864343,-0.0392818036412415,0.00957217293181184
0.3,DIRECT,3.64,0.112713353641248,0.0687578668358407,0.197350297726138,-0.0392426581600773,0.00957221129499296
0.3,DIRECT,3.645,0.112713353641248,0.0687584252274191,0.197154182217404,-0.0392035518663345,0.0095722496197698
0.3,DIRECT,3.65,0.112713353641248,0.0687589830638707,0.19695826214227,-0.0391644847264239,0.00957228790617527
0.3,DIRECT,3.655,0.112713353641248,0.0687595403457597,0.196762537304969,-0.0391254567022585,0.00957232615424671
0.3,DIRECT,3.66,0.112713353641248,0.0687600970736885,0.196567007510045,-0.0390864677612708,0.00957236436401602
0.3,DIRECT,3.665,0.112713353641248,0.0687606532482577,0.196371672562242,-0.0390475178707952,0.00957240253551522
0.3,DIRECT,3.67,0.112713353641248,0.0687612088700281,0.19617653226638,-0.0390086069926294,0.00957244066878175
0.3,DIRECT,3.675,0.112713353641248,0.0687617639395325,0.195981586427394,-0.0389697350847218,0.00957247876385682
0.3,DIRECT,3.68,0.112713353641248,0.0687623184573544,0.195786834850573,-0.0389309021123054,0.0095725168207745
0.3,DIRECT,3.685,0.112713353641248,0.0687628724240781,0.195592277341405,-0.0388921080408871,0.0095725548395686
0.3,DIRECT,3.69,0.112713353641248,0.0687634258402492,0.195397913705462,-0.0388533528305661,0.00957259282027822
0.3,DIRECT,3.695,0.112713353641248,0.0687639787063871,0.195203743748434,-0.0388146364378876,0.00957263076294594
0.3,DIRECT,3.7,0.112713353641248,0.0687645310230665,0.195009767276378,-0.0387759588273013,0.00957266866760662
0.3,DIRECT,3.705,0.112713353641248,0.0687650827908639,0.194815984095552,-0.0387373199636762,0.00957270653429466
0.3,DIRECT,3.71,0.112713353641248,0.0687656340103177,0.194622394012298,-0.0386987198065825,0.0095727443630497
0.3,DIRECT,3.715,0.112713353641248,0.068766184681941,0.19442899683308,-0.0386601583121173,0.00957278215391476
0.3,DIRECT,3.72,0.112713353641248,0.0687667348063034,0.19423579236473,-0.0386216354445192,0.0095728199069249
0.3,DIRECT,3.725,0.112713353641248,0.0687672843839771,0.194042780414284,-0.0385831511684973,0.00957285762211468
0.3,DIRECT,3.73,0.112713353641248,0.0687678334154964,0.193849960788861,-0.0385447054435009,0.00957289529952386
0.3,DIRECT,3.735,0.112713353641248,0.0687683819013707,0.193657333295703,-0.0385062982256006,0.00957293293919549
0.3,DIRECT,3.74,0.112713353641248,0.0687689298421663,0.193464897742419,-0.0384679294790207,0.00957297054116462
0.3,DIRECT,3.745,0.112713353641248,0.0687694772384522,0.193272653936821,-0.0384295991684862,0.00957300810546583
0.3,DIRECT,3.75,0.112713353641248,0.0687700240907598,0.193080601686808,-0.0383913072535229,0.00957304563213879
0.3,DIRECT,3.755,0.112713353641248,0.068770570399596,0.192888740800399,-0.0383530536902956,0.00957308312122644
0.3,DIRECT,3.76,0.112713353641248,0.0687711161655244,0.192697071085978,-0.0383148384431156,0.00957312057276377
0.3,DIRECT,3.765,0.112713353641248,0.0687716613891112,0.192505592352135,-0.0382766614767966,0.00957315798678527
0.3,DIRECT,3.77,0.112713353641248,0.0687722060708854,0.192314304407543,-0.0382385227509907,0.00957319536333046
0.3,DIRECT,3.775,0.112713353641248,0.0687727502113519,0.192123207060996,-0.038200422222026,0.00957323270244215
0.3,DIRECT,3.78,0.112713353641248,0.0687732938110716,0.191932300121653,-0.0381623598543328,0.00957327000415521
0.3,DIRECT,3.785,0.112713353641248,0.0687738368706084,0.191741583398878,-0.0381243356128333,0.009573307268504
0.3,DIRECT,3.79,0.112713353641248,0.0687743793904891,0.191551056702115,-0.0380863494573376,0.00957334449552791
0.3,DIRECT,3.795,0.112713353641248,0.0687749213712165,0.191360719840932,-0.0380484013443603,0.00957338168526957
0.3,DIRECT,3.8,0.112713353641248,0.0687754628133493,0.191170572625259,-0.038010491238456,0.0095734188377637
0.3,DIRECT,3.805,0.112713353641248,0.0687760037174488,0.19098061486523,-0.0379726191046714,0.00957345595304456
0.3,DIRECT,3.81,0.112713353641248,0.0687765440840398,0.190790846371058,-0.0379347849029852,0.00957349303115137
0.3,DIRECT,3.815,0.112713353641248,0.0687770839136232,0.190601266953083,-0.0378969885901039,0.00957353007212657
0.3,DIRECT,3.82,0.112713353641248,0.0687776232067552,0.190411876422002,-0.0378592301307084,0.00957356707600476
0.3,DIRECT,3.825,0.112713353641248,0.068778161963995,0.190222674588715,-0.0378215094899819,0.00957360404282006
0.3,DIRECT,3.83,0.112713353641248,0.0687787001858651,0.190033661264203,-0.0377838266280595,0.00957364097261155
0.3,DIRECT,3.835,0.112713353641248,0.0687792378728646,0.189844836259572,-0.0377461815018574,0.00957367786542145
0.3,DIRECT,3.84,0.112713353641248,0.0687797750255475,0.189656199386285,-0.0377085740761789,0.00957371472128424
0.3,DIRECT,3.845,0.112713353641248,0.0687803116444704,0.189467750456004,-0.0376710043163389,0.00957375154023393
0.3,DIRECT,3.85,0.112713353641248,0.068780847730154,0.189279489280476,-0.0376334721826463,0.0095737883223094
0.3,DIRECT,3.855,0.112713353641248,0.0687813832830954,0.18909141567157,-0.0375959776322023,0.00957382506755271
0.3,DIRECT,3.86,0.112713353641248,0.0687819183038463,0.188903529441509,-0.037558520629954,0.0095738617759982
0.3,DIRECT,3.865,0.112713353641248,0.068782452792961,0.188715830402718,-0.0375211011413388,0.00957389844767975
0.3,DIRECT,3.87,0.112713353641248,0.0687829867509582,0.188528318367703,-0.0374837191268416,0.00957393508263608
0.3,DIRECT,3.875,0.112713353641248,0.0687835201783331,0.188340993149094,-0.0374463745437534,0.00957397168090904
0.3,DIRECT,3.88,0.112713353641248,0.0687840530756351,0.188153854559874,-0.0374090673571512,0.00957400824253287
0.3,DIRECT,3.885,0.112713353641248,0.0687845854434162,0.187966902413223,-0.0373717975326144,0.00957404476754128
0.3,DIRECT,3.89,0.112713353641248,0.0687851172821931,0.187780136522407,-0.0373345650307773,0.00957408125597288
0.3,DIRECT,3.895,0.112713353641248,0.0687856485924591,0.187593556700812,-0.0372973698091386,0.00957411770786929
0.3,DIRECT,3.9,0.112713353641248,0.0687861793747613,0.187407162762176,-0.0372602118329137,0.00957415412326463
0.3,DIRECT,3.905,0.112713353641248,0.0687867096296496,0.187220954520435,-0.0372230910677871,0.0095741905021925
0.3,DIRECT,3.91,0.112713353641248,0.0687872393576384,0.187034931789608,-0.03718600747459,0.00957422684469131
0.3,DIRECT,3.915,0.112713353641248,0.0687877685592193,0.186849094383837,-0.0371489610109936,0.00957426315080253
0.3,DIRECT,3.92,0.112713353641248,0.0687882972349371,0.18666344211761,-0.0371119516423484,0.00957429942056012
0.3,DIRECT,3.925,0.112713353641248,0.0687888253853394,0.186477974805616,-0.0370749793344789,0.00957433565399757
0.3,DIRECT,3.93,0.112713353641248,0.0687893530109386,0.186292692262625,-0.0370380440483711,0.00957437185115312
0.3,DIRECT,3.935,0.112713353641248,0.0687898801122245,0.18610759430353,-0.0370011457418933,0.00957440801206805
0.3,DIRECT,3.94,0.112713353641248,0.0687904066897397,0.185922680743568,-0.0369642843805291,0.0095744441367762
0.3,DIRECT,3.945,0.112713353641248,0.0687909327440293,0.185737951398177,-0.0369274599302258,0.00957448022531094
0.3,DIRECT,3.95,0.112713353641248,0.0687914582756038,0.185553406082875,-0.0368906723521398,0.00957451627771033
0.3,DIRECT,3.955,0.112713353641248,0.0687919832849512,0.185369044613302,-0.0368539216043349,0.00957455229401546
0.3,DIRECT,3.96,0.112713353641248,0.0687925077726119,0.185184866805443,-0.0368172076524154,0.00957458827426006
0.3,DIRECT,3.965,0.112713353641248,0.0687930317391286,0.185000872475479,-0.0367805304624653,0.00957462421847736
0.3,DIRECT,3.97,0.112713353641248,0.06879355518501,0.184817061439674,-0.0367438899958046,0.00957466012670526
0.3,DIRECT,3.975,0.112713353641248,0.068794078110742,0.184633433514414,-0.0367072862106816,0.00957469599898468
0.3,DIRECT,3.98,0.112713353641248,0.068794600516863,0.184449988516427,-0.036670719072843,0.00957473183534919
0.3,DIRECT,3.985,0.112713353641248,0.0687951224039133,0.184266726262635,-0.03663418854849,0.00957476763583192
0.3,DIRECT,3.99,0.112713353641248,0.0687956437723996,0.184083646570045,-0.0365976945991093,0.0095748034004706
0.3,DIRECT,3.995,0.112713353641248,0.0687961646228135,0.183900749255806,-0.0365612371841646,0.00957483912930497
0.3,DIRECT,4,0.112713353641248,0.0687966849556869,0.183718034137374,-0.0365248162690026,0.00957487482236898
0.3,LUT,0,0.112713353641248,0.0693205226144619,0,0,0.00961066971108423
0.3,LUT,0.005,0.112713353641248,0.0693205226144619,0,0,0.00961066971108423
0.3,LUT,0.01,0.112713353641248,0.0693205226144619,0,0,0.00961066971108423
0.3,LUT,0.015,0.112713353641248,0.0693205226144619,0,0,0.00961066971108423
0.3,LUT,0.02,0.112713353641248,0.0693205226144619,0,0,0.00961066971108423
0.3,LUT,0.025,0.112713353641248,0.0693205226144619,0,0,0.00961066971108423
0.3,LUT,0.03,0.112713353641248,0.0693205226144619,0,0,0.00961066971108423
0.3,LUT,0.035,0.112713353641248,0.0693205226144619,0,0,0.00961066971108423
0.3,LUT,0.04,0.112713353641248,0.0693205226144619,0,0,0.00961066971108423
0.3,LUT,0.045,0.112713353641248,0.0693205226144619,0,0,0.00961066971108423
0.3,LUT,0.05,0.112713353641248,0.0693205226144619,0,0,0.00961066971108423
0.3,LUT,0.055,0.112713353641248,0.0693205226144619,0,0,0.00961066971108423
0.3,LUT,0.06,0.112713353641248,0.0693205226144619,0,0,0.00961066971108423
0.3,LUT,0.065,0.112713353641248,0.0693205226144619,0,0,0.00961066971108423
0.3,LUT,0.07,0.112713353641248,0.0693205226144619,0,0,0.00961066971108423
0.3,LUT,0.075,0.112713353641248,0.0693205226144619,0,0,0.00961066971108423
0.3,LUT,0.08,0.112713353641248,0.0693205226144619,0,0,0.00961066971108423
0.3,LUT,0.085,0.112713353641248,0.0693205226144619,0,0,0.00961066971108423
0.3,LUT,0.09,0.112713353641248,0.0693205226144619,0,0,0.00961066971108423
0.3,LUT,0.095,0.112713353641248,0.0693205226144619,0,0,0.00961066971108423
0.3,LUT,0.1,0.112713353641248,0.0693205226144619,0,0,0.00961066971108423
0.3,LUT,0.105,0.112713353641248,0.0693205226144619,0,0,0.00961066971108423
0.3,LUT,0.11,0.112713353641248,0.0693205226144619,0,0,0.00961066971108423
0.3,LUT,0.115,0.112713353641248,0.0693205226144619,0,0,0.00961066971108423
0.3,LUT,0.12,0.112713353641248,0.0693205226144619,0,0,0.00961066971108423
0.3,LUT,0.125,0.112713353641248,0.0693205226144619,0,0,0.00961066971108423
0.3,LUT,0.13,0.112713353641248,0.0693205226144619,0,0,0.00961066971108423
0.3,LUT,0.135,0.112713353641248,0.0693205226144619,0,0,0.00961066971108423
0.3,LUT,0.14,0.112713353641248,0.0693205226144619,0,0,0.00961066971108423
0.3,LUT,0.145,0.112713353641248,0.0693205226144619,0,0,0.00961066971108423
0.3,LUT,0.15,0.112713353641248,0.0693205226144619,0,0,0.00961066971108423
0.3,LUT,0.155,0.112713353641248,0.0693205226144619,0,0,0.00961066971108423
0.3,LUT,0.16,0.112713353641248,0.0693205226144619,0,0,0.00961066971108423
0.3,LUT,0.165,0.112713353641248,0.0693205226144619,0,0,0.00961066971108423
0.3,LUT,0.17,0.112713353641248,0.0693205226144619,0,0,0.00961066971108423
0.3,LUT,0.175,0.112713353641248,0.0693205226144619,0,0,0.00961066971108423
0.3,LUT,0.18,0.112713353641248,0.0693205226144619,0,0,0.00961066971108423
0.3,LUT,0.185,0.112713353641248,0.0693205226144619,0,0,0.00961066971108423
0.3,LUT,0.19,0.112713353641248,0.0693205226144619,0,0,0.00961066971108423
0.3,LUT,0.195,0.112713353641248,0.0693205226144619,0,0,0.00961066971108423
0.3,LUT,0.2,0.112713353641248,0.0693205226144619,0,0,0.00961066971108423
0.3,LUT,0.205,0.112713353641248,0.0693205226144619,0,0,0.00961066971108423
0.3,LUT,0.21,0.112713353641248,0.0693205226144619,0,0,0.00961066971108423
0.3,LUT,0.215,0.112713353641248,0.0693205226144619,0,0,0.00961066971108423
0.3,LUT,0.22,0.112713353641248,0.0693205226144619,0,0,0.00961066971108423
0.3,LUT,0.225,0.112713353641248,0.0693205226144619,0,0,0.00961066971108423
0.3,LUT,0.23,0.112713353641248,0.0693205226144619,0,0,0.00961066971108423
0.3,LUT,0.235,0.112713353641248,0.0693205226144619,0,0,0.00961066971108423
0.3,LUT,0.24,0.112713353641248,0.0693205226144619,0,0,0.00961066971108423
0.3,LUT,0.245,0.112713353641248,0.0693205226144619,0,0,0.00961066971108423
0.3,LUT,0.25,0.112713353641248,0.0693205226144619,0,0,0.00961066971108423
0.3,LUT,0.255,0.112713353641248,0.0693205226144619,0,0,0.00961066971108423
0.3,LUT,0.26,0.112713353641248,0.0693205226144619,0,0,0.00961066971108423
0.3,LUT,0.265,0.112713353641248,0.0693205226144619,0,0,0.00961066971108423
0.3,LUT,0.27,0.112713353641248,0.0693205226144619,0,0,0.00961066971108423
0.3,LUT,0.275,0.112713353641248,0.0693205226144619,0,0,0.00961066971108423
0.3,LUT,0.28,0.112713353641248,0.0693205226144619,0,0,0.00961066971108423
0.3,LUT,0.285,0.112713353641248,0.0693205226144619,0,0,0.00961066971108423
0.3,LUT,0.29,0.112713353641248,0.0693205226144619,0,0,0.00961066971108423
0.3,LUT,0.295,0.112713353641248,0.0693205226144619,0,0,0.00961066971108423
0.3,LUT,0.3,0.112713353641248,0.0693205226144619,0,0,0.00961066971108423
0.3,LUT,0.305,0.112713353641248,0.0693205226144619,0,0,0.00961066971108423
0.3,LUT,0.31,0.112713353641248,0.0693205226144619,0,0,0.00961066971108423
0.3,LUT,0.315,0.112713353641248,0.0693205226144619,0,0,0.00961066971108423
0.3,LUT,0.32,0.112713353641248,0.0693205226144619,0,0,0.00961066971108423
0.3,LUT,0.325,0.112713353641248,0.0693205226144619,0,0,0.00961066971108423
0.3,LUT,0.33,0.112713353641248,0.0693205226144619,0,0,0.00961066971108423
0.3,LUT,0.335,0.112713353641248,0.0693205226144619,0,0,0.00961066971108423
0.3,LUT,0.34,0.112713353641248,0.0693205226144619,0,0,0.00961066971108423
0.3,LUT,0.345,0.112713353641248,0.0693205226144619,0,0,0.00961066971108423
0.3,LUT,0.35,0.112713353641248,0.0693205226144619,0,0,0.00961066971108423
0.3,LUT,0.355,0.112713353641248,0.0693205226144619,0,0,0.00961066971108423
0.3,LUT,0.36,0.112713353641248,0.0693205226144619,0,0,0.00961066971108423
0.3,LUT,0.365,0.112713353641248,0.0693205226144619,0,0,0.00961066971108423
0.3,LUT,0.37,0.112713353641248,0.0693205226144619,0,0,0.00961066971108423
0.3,LUT,0.375,0.112713353641248,0.0693205226144619,0,0,0.00961066971108423
0.3,LUT,0.38,0.112713353641248,0.0693205226144619,0,0,0.00961066971108423
0.3,LUT,0.385,0.112713353641248,0.0693205226144619,0,0,0.00961066971108423
0.3,LUT,0.39,0.112713353641248,0.0693205226144619,0,0,0.00961066971108423
0.3,LUT,0.395,0.112713353641248,0.0693205226144619,0,0,0.00961066971108423
0.3,LUT,0.4,0.112713353641248,0.0693205226144619,0,0,0.00961066971108423
0.3,LUT,0.405,0.112713353641248,0.0693205226144619,0,0,0.00961066971108423
0.3,LUT,0.41,0.112713353641248,0.0693205226144619,0,0,0.00961066971108423
0.3,LUT,0.415,0.112713353641248,0.0693205226144619,0,0,0.00961066971108423
0.3,LUT,0.42,0.112713353641248,0.0693205226144619,0,0,0.00961066971108423
0.3,LUT,0.425,0.112713353641248,0.0693205226144619,0,0,0.00961066971108423
0.3,LUT,0.43,0.112713353641248,0.0693205226144619,0,0,0.00961066971108423
0.3,LUT,0.435,0.112713353641248,0.0693205226144619,0,0,0.00961066971108423
0.3,LUT,0.44,0.112713353641248,0.0693205226144619,0,0,0.00961066971108423
0.3,LUT,0.445,0.112713353641248,0.0693205226144619,0,0,0.00961066971108423
0.3,LUT,0.45,0.112713353641248,0.0693205226144619,0,0,0.00961066971108423
0.3,LUT,0.455,0.112713353641248,0.0693205226144619,0,0,0.00961066971108423
0.3,LUT,0.46,0.112713353641248,0.0693205226144619,0,0,0.00961066971108423
0.3,LUT,0.465,0.112713353641248,0.0693205226144619,0,0,0.00961066971108423
0.3,LUT,0.47,0.112713353641248,0.0693205226144619,0,0,0.00961066971108423
0.3,LUT,0.475,0.112713353641248,0.0693205226144619,0,0,0.00961066971108423
0.3,LUT,0.48,0.112713353641248,0.0693205226144619,0,0,0.00961066971108423
0.3,LUT,0.485,0.112713353641248,0.0693205226144619,0,0,0.00961066971108423
0.3,LUT,0.49,0.112713353641248,0.0693205226144619,0,0,0.00961066971108423
0.3,LUT,0.495,0.112713353641248,0.0693205226144619,0,0,0.00961066971108423
0.3,LUT,0.5,0.112713353641248,0.0693205226144619,0,0,0.00961066971108423
0.3,LUT,0.505,0.112713353641248,0.0693205226144619,0,0,0.00961066971108423
0.3,LUT,0.51,0.112713353641248,0.0693205226144619,0,0,0.00961066971108423
0.3,LUT,0.515,0.112713353641248,0.0693205226144619,0,0,0.00961066971108423
0.3,LUT,0.52,0.112713353641248,0.0693205226144619,0,0,0.00961066971108423
0.3,LUT,0.525,0.112713353641248,0.0693205226144619,0,0,0.00961066971108423
0.3,LUT,0.53,0.112713353641248,0.0693205226144619,0,0,0.00961066971108423
0.3,LUT,0.535,0.112713353641248,0.0693205226144619,0,0,0.00961066971108423
0.3,LUT,0.54,0.112713353641248,0.0693205226144619,0,0,0.00961066971108423
0.3,LUT,0.545,0.112713353641248,0.0693205226144619,0,0,0.00961066971108423
0.3,LUT,0.55,0.112713353641248,0.0693205226144619,0,0,0.00961066971108423
0.3,LUT,0.555,0.112713353641248,0.0693205226144619,0,0,0.00961066971108423
0.3,LUT,0.56,0.112713353641248,0.0693205226144619,0,0,0.00961066971108423
0.3,LUT,0.565,0.112713353641248,0.0693205226144619,0,0,0.00961066971108423
0.3,LUT,0.57,0.112713353641248,0.0693205226144619,0,0,0.00961066971108423
0.3,LUT,0.575,0.112713353641248,0.0693205226144619,0,0,0.00961066971108423
0.3,LUT,0.58,0.112713353641248,0.0693205226144619,0,0,0.00961066971108423
0.3,LUT,0.585,0.112713353641248,0.0693205226144619,0,0,0.00961066971108423
0.3,LUT,0.59,0.112713353641248,0.0693205226144619,0,0,0.00961066971108423
0.3,LUT,0.595,0.112713353641248,0.0693205226144619,0,0,0.00961066971108423
0.3,LUT,0.6,0.112713353641248,0.0693205226144619,0,0,0.00961066971108423
0.3,LUT,0.605,0.112713353641248,0.0693205226144619,0,0,0.00961066971108423
0.3,LUT,0.61,0.112713353641248,0.0693205226144619,0,0,0.00961066971108423
0.3,LUT,0.615,0.112713353641248,0.0693205226144619,0,0,0.00961066971108423
0.3,LUT,0.62,0.112713353641248,0.0693205226144619,0,0,0.00961066971108423
0.3,LUT,0.625,0.112713353641248,0.0693205226144619,0,0,0.00961066971108423
0.3,LUT,0.63,0.112713353641248,0.0693205226144619,0,0,0.00961066971108423
0.3,LUT,0.635,0.112713353641248,0.0693205226144619,0,0,0.00961066971108423
0.3,LUT,0.64,0.112713353641248,0.0693205226144619,0,0,0.00961066971108423
0.3,LUT,0.645,0.112713353641248,0.0693205226144619,0,0,0.00961066971108423
0.3,LUT,0.65,0.112713353641248,0.0693205226144619,0,0,0.00961066971108423
0.3,LUT,0.655,0.112713353641248,0.0693205226144619,0,0,0.00961066971108423
0.3,LUT,0.66,0.112713353641248,0.0693205226144619,0,0,0.00961066971108423
0.3,LUT,0.665,0.112713353641248,0.0693205226144619,0,0,0.00961066971108423
0.3,LUT,0.67,0.112713353641248,0.0693205226144619,0,0,0.00961066971108423
0.3,LUT,0.675,0.112713353641248,0.0693205226144619,0,0,0.00961066971108423
0.3,LUT,0.68,0.112713353641248,0.0693205226144619,0,0,0.00961066971108423
0.3,LUT,0.685,0.112713353641248,0.0693205226144619,0,0,0.00961066971108423
0.3,LUT,0.69,0.112713353641248,0.0693205226144619,0,0,0.00961066971108423
0.3,LUT,0.695,0.112713353641248,0.0693205226144619,0,0,0.00961066971108423
0.3,LUT,0.7,0.112713353641248,0.0693205226144619,0,0,0.00961066971108423
0.3,LUT,0.705,0.112713353641248,0.0693205226144619,0,0,0.00961066971108423
0.3,LUT,0.71,0.112713353641248,0.0693205226144619,0,0,0.00961066971108423
0.3,LUT,0.715,0.112713353641248,0.0693205226144619,0,0,0.00961066971108423
0.3,LUT,0.72,0.112713353641248,0.0693205226144619,0,0,0.00961066971108423
0.3,LUT,0.725,0.112713353641248,0.0693205226144619,0,0,0.00961066971108423
0.3,LUT,0.73,0.112713353641248,0.0693205226144619,0,0,0.00961066971108423
0.3,LUT,0.735,0.112713353641248,0.0693205226144619,0,0,0.00961066971108423
0.3,LUT,0.74,0.112713353641248,0.0693205226144619,0,0,0.00961066971108423
0.3,LUT,0.745,0.112713353641248,0.0693205226144619,0,0,0.00961066971108423
0.3,LUT,0.75,0.112713353641248,0.0693205226144619,0,0,0.00961066971108423
0.3,LUT,0.755,0.112713353641248,0.0693205226144619,0,0,0.00961066971108423
0.3,LUT,0.76,0.112713353641248,0.0693205226144619,0,0,0.00961066971108423
0.3,LUT,0.765,0.112713353641248,0.0693205226144619,0,0,0.00961066971108423
0.3,LUT,0.77,0.112713353641248,0.0693205226144619,0,0,0.00961066971108423
0.3,LUT,0.775,0.112713353641248,0.0693205226144619,0,0,0.00961066971108423
0.3,LUT,0.78,0.112713353641248,0.0693205226144619,0,0,0.00961066971108423
0.3,LUT,0.785,0.112713353641248,0.0693205226144619,0,0,0.00961066971108423
0.3,LUT,0.79,0.112713353641248,0.0693205226144619,0,0,0.00961066971108423
0.3,LUT,0.795,0.112713353641248,0.0693205226144619,0,0,0.00961066971108423
0.3,LUT,0.8,0.112713353641248,0.0693205226144619,0,0,0.00961066971108423
0.3,LUT,0.805,0.112713353641248,0.0693205226144619,0,0,0.00961066971108423
0.3,LUT,0.81,0.112713353641248,0.0693205226144619,0,0,0.00961066971108423
0.3,LUT,0.815,0.112713353641248,0.0693205226144619,0,0,0.00961066971108423
0.3,LUT,0.82,0.112713353641248,0.0693205226144619,0,0,0.00961066971108423
0.3,LUT,0.825,0.112713353641248,0.0693205226144619,0,0,0.00961066971108423
0.3,LUT,0.83,0.112713353641248,0.0693205226144619,0,0,0.00961066971108423
0.3,LUT,0.835,0.112713353641248,0.0693205226144619,0,0,0.00961066971108423
0.3,LUT,0.84,0.112713353641248,0.0693205226144619,0,0,0.00961066971108423
0.3,LUT,0.845,0.112713353641248,0.0693205226144619,0,0,0.00961066971108423
0.3,LUT,0.85,0.112713353641248,0.0693205226144619,0,0,0.00961066971108423
0.3,LUT,0.855,0.112713353641248,0.0693205226144619,0,0,0.00961066971108423
0.3,LUT,0.86,0.112713353641248,0.0693205226144619,0,0,0.00961066971108423
0.3,LUT,0.865,0.112713353641248,0.0693205226144619,0,0,0.00961066971108423
0.3,LUT,0.87,0.112713353641248,0.0693205226144619,0,0,0.00961066971108423
0.3,LUT,0.875,0.112713353641248,0.0693205226144619,0,0,0.00961066971108423
0.3,LUT,0.88,0.112713353641248,0.0693205226144619,0,0,0.00961066971108423
0.3,LUT,0.885,0.112713353641248,0.0693205226144619,0,0,0.00961066971108423
0.3,LUT,0.89,0.112713353641248,0.0693205226144619,0,0,0.00961066971108423
0.3,LUT,0.895,0.112713353641248,0.0693205226144619,0,0,0.00961066971108423
0.3,LUT,0.9,0.112713353641248,0.0693205226144619,0,0,0.00961066971108423
0.3,LUT,0.905,0.112713353641248,0.0693205226144619,0,0,0.00961066971108423
0.3,LUT,0.91,0.112713353641248,0.0693205226144619,0,0,0.00961066971108423
0.3,LUT,0.915,0.112713353641248,0.0693205226144619,0,0,0.00961066971108423
0.3,LUT,0.92,0.112713353641248,0.0693205226144619,0,0,0.00961066971108423
0.3,LUT,0.925,0.112713353641248,0.0693205226144619,0,0,0.00961066971108423
0.3,LUT,0.93,0.112713353641248,0.0693205226144619,0,0,0.00961066971108423
0.3,LUT,0.935,0.112713353641248,0.0693205226144619,0,0,0.00961066971108423
0.3,LUT,0.94,0.112713353641248,0.0693205226144619,0,0,0.00961066971108423
0.3,LUT,0.945,0.112713353641248,0.0693205226144619,0,0,0.00961066971108423
0.3,LUT,0.95,0.112713353641248,0.0693205226144619,0,0,0.00961066971108423
0.3,LUT,0.955,0.112713353641248,0.0693205226144619,0,0,0.00961066971108423
0.3,LUT,0.96,0.112713353641248,0.0693205226144619,0,0,0.00961066971108423
0.3,LUT,0.965,0.112713353641248,0.0693205226144619,0,0,0.00961066971108423
0.3,LUT,0.97,0.112713353641248,0.0693205226144619,0,0,0.00961066971108423
0.3,LUT,0.975,0.112713353641248,0.0693205226144619,0,0,0.00961066971108423
0.3,LUT,0.98,0.112713353641248,0.0693205226144619,0,0,0.00961066971108423
0.3,LUT,0.985,0.112713353641248,0.0693205226144619,0,0,0.00961066971108423
0.3,LUT,0.99,0.112713353641248,0.0693205226144619,0,0,0.00961066971108423
0.3,LUT,0.995,0.112713353641248,0.0693205226144619,0,0,0.00961066971108423
0.3,LUT,1,0.112713353641248,0.0693205225488778,-6.23661374689172e-10,9.53371603884534e-09,0.00961066972042742
0.3,LUT,1.005,0.112713676616656,0.0693205268949606,3.99492464465329e-08,2.45840627979277e-05,0.0096106938038486
0.3,LUT,1.01,0.112714645463189,0.0693205557134546,3.22857181550471e-07,9.60010038948411e-05,0.009610763793563
0.3,LUT,1.015,0.112716259941801,0.0693206284563179,1.07335973996366e-06,0.000211390402141021,0.00961087687697014
0.3,LUT,1.02,0.112718519654142,0.0693207604987527,2.50575735856257e-06,0.000368446179965787,0.00961103079407812
0.3,LUT,1.025,0.112721424042662,0.0693209640609984,4.8241294541804e-06,0.000565296945415739,0.00961122371089366
0.3,LUT,1.03,0.112724972390747,0.0693212481624065,8.22271743478551e-06,0.0008005121935728,0.00961145422549967
0.3,LUT,1.035,0.112729163822895,0.0693216202552418,1.28907049516046e-05,0.0010728712426733,0.00961172114160902
0.3,LUT,1.04,0.112733997304933,0.0693220861404954,1.90119179509189e-05,0.00138137519074277,0.00961202348028221
0.3,LUT,1.045,0.112739471644271,0.0693226495957765,2.67636789360686e-05,0.00172529959716528,0.00961236053155616
0.3,LUT,1.05,0.112745585490198,0.0693233142931567,3.63225074045385e-05,0.00210392319918462,0.00961273158858214
0.3,LUT,1.055,0.112752337334214,0.069324082468435,4.7860092429345e-05,0.00251671622793026,0.00961313613217841
0.3,LUT,1.06,0.112759725510402,0.0693249557496652,6.15457410231337e-05,0.00296322323622888,0.00961357371599963
0.3,LUT,1.065,0.112767748195842,0.0693259356581059,7.75478327616139e-05,0.00344299228301992,0.00961404389713655
0.3,LUT,1.07,0.112776403411054,0.0693270225677733,9.60306689925669e-05,0.00395572218030615,0.00961454638042022
0.3,LUT,1.075,0.112785689020495,0.0693282172984101,0.000117159203594443,0.00450103718792327,0.00961508079761944
0.3,LUT,1.08,0.112795602733079,0.069329519801959,0.000141095068136694,0.00507867290203379,0.00961564688961432
0.3,LUT,1.085,0.112806142102745,0.0693309300474096,0.000167999188120837,0.00568835113235977,0.00961624438377407
0.3,LUT,1.09,0.112817304529063,0.0693324479837002,0.000198031627625884,0.00632978521928607,0.0096168729991678
0.3,LUT,1.095,0.11282908725787,0.0693340728936468,0.000231349621370707,0.00700277149546835,0.00961753253619833
0.3,LUT,1.1,0.112841487381955,0.0693358046702683,0.000268111355910304,0.00770700879866126,0.00961822269972198
0.3,LUT,1.105,0.112854501841771,0.0693376423665562,0.000308471589059285,0.00844230370234555,0.00961894330017775
0.3,LUT,1.11,0.112868127426197,0.0693395855042706,0.000352585533965876,0.00920838543914471,0.00961969407220939
0.3,LUT,1.115,0.112882360773323,0.0693416333027057,0.000400606507686436,0.0100050150830633,0.0096204747816657
0.3,LUT,1.12,0.112897198371283,0.0693437847617101,0.000452686148061538,0.010831973880105,0.00962128521416437
0.3,LUT,1.125,0.112912636559123,0.0693460393225021,0.000508976350493765,0.0116889698549407,0.00962212508356501
0.3,LUT,1.13,0.1129286715277,0.0693483956680876,0.000569625642514086,0.0125758075841578,0.00962299419834966
0.3,LUT,1.135,0.112945299320626,0.0693508531799451,0.000634783508034572,0.0134921822250647,0.00962389225976771
0.3,LUT,1.14,0.112962515835242,0.0693534106376217,0.000704596455623489,0.0144378635559974,0.00962481904219836
0.3,LUT,1.145,0.11298031682363,0.0693560670224061,0.000779210392916157,0.0154125823816287,0.009625774281826
0.3,LUT,1.15,0.112998697893664,0.069358821423775,0.000858770305451297,0.0164160438652541,0.00962675768970605
0.3,LUT,1.155,0.113017654510088,0.0693616724091232,0.000943418339190645,0.0174480167720379,0.00962776903922478
0.3,LUT,1.16,0.113037181995641,0.069364619225655,0.00103329736033883,0.0185081635661266,0.0096288079995918
0.3,LUT,1.165,0.11305727553221,0.0693676603723946,0.00112854664616218,0.0195962424941261,0.00962987433388502
0.3,LUT,1.17,0.113077930162013,0.069370794860343,0.00122930562464035,0.0207119294455609,0.00963096772447113
0.3,LUT,1.175,0.113099140788831,0.0693740214678099,0.0013357116069882,0.0218549233897196,0.00963208787633533
0.3,LUT,1.18,0.113120902179258,0.0693773387616107,0.00144789982227911,0.0230249434802481,0.00963323451424383
0.3,LUT,1.185,0.113143208963997,0.0693807458079062,0.00156600550676824,0.0242216286317269,0.0096344072843273
0.3,LUT,1.19,0.113166055639183,0.0693842409390359,0.00169016018260656,0.025444712040958,0.00963560592511444
0.3,LUT,1.195,0.11318943656774,0.069387823161349,0.00182049583776745,0.0266938221906603,0.00963683007251253
0.3,LUT,1.2,0.113213345980775,0.0693914909963029,0.00195714142293319,0.0279686468712121,0.0096380794205513
0.3,LUT,1.205,0.113237777978996,0.0693952430342829,0.00210022448087087,0.0292688549705336,0.00963935364473573
0.3,LUT,1.21,0.113262726534175,0.0693990781445353,0.00224987173765301,0.0305940669115383,0.00964065237307437
0.3,LUT,1.215,0.113288185490629,0.0694029945672111,0.00240620635845556,0.0319439831749637,0.00964197531203369
0.3,LUT,1.22,0.113314148566741,0.0694069912532016,0.00256935192315103,0.0333181949505921,0.00964332206097331
0.3,LUT,1.225,0.11334060935651,0.0694110665312461,0.00273942840685192,0.0347163727573641,0.00964469229699664
0.3,LUT,1.23,0.113367561331133,0.0694152189944774,0.00291655480509805,0.036138141200853,0.00964608565221132
0.3,LUT,1.235,0.113394997840613,0.0694194473347954,0.00310084860357207,0.0375831025321371,0.0096475017368172
0.3,LUT,1.24,0.113422912115402,0.069423749733222,0.00329242392820405,0.0390509229845684,0.00964894022371777
0.3,LUT,1.245,0.113451297268071,0.0694281250544262,0.00349139509497654,0.0405411610493864,0.00965040068022757
0.3,LUT,1.25,0.113480146295007,0.0694325714861954,0.00369787245187142,0.0420534544409339,0.00965188275130102
0.3,LUT,1.255,0.113509452078145,0.0694370875850304,0.00391196555961571,0.0435874065620894,0.00965338604826676
0.3,LUT,1.26,0.113539207386721,0.0694416719123218,0.0041337820644195,0.0451425982912639,0.0096549101603791
0.3,LUT,1.265,0.113569404879059,0.0694463225884152,0.00436342632014717,0.0467186653092764,0.00965645473059958
0.3,LUT,1.27,0.113600037104379,0.069451038387851,0.00460100263473857,0.048315143400476,0.00965801930398962
0.3,LUT,1.275,0.113631096504637,0.0694558174196765,0.00484661129824113,0.0499316551755538,0.00965960351070184
0.3,LUT,1.28,0.113662575416392,0.0694606581646043,0.0051003516597039,0.0515677635900182,0.00966120692242582
0.3,LUT,1.285,0.113694466072693,0.0694655591092404,0.00536232100398862,0.0532230238114373,0.00966282910321885
0.3,LUT,1.29,0.113726760604998,0.0694705182899544,0.00563261316744188,0.0548970478450475,0.00966446967284002
0.3,LUT,1.295,0.113759451045114,0.0694755343992427,0.00591132181730615,0.0565893482992763,0.009666128153638
0.3,LUT,1.3,0.113792529327164,0.0694806055073434,0.00619853660672351,0.0582995192472069,0.00966780414779809
0.3,LUT,1.305,0.113825987289577,0.069485729967475,0.00649434585889076,0.0600271084254818,0.00966949721209515
0.3,LUT,1.31,0.113859816677102,0.0694909062535165,0.00679883605467452,0.061771640344995,0.00967120688054247
0.3,LUT,1.315,0.113894009142843,0.0694961323069598,0.00711208986252233,0.0635327087453295,0.0096729327549985
0.3,LUT,1.32,0.11392855625032,0.0695014067305332,0.00743418968039328,0.0653098080636116,0.00967467434000376
0.3,LUT,1.325,0.113963449475554,0.0695067276208992,0.00776521412588173,0.0671024985734672,0.00967643120461955
0.3,LUT,1.33,0.113998680209161,0.0695120931482714,0.00810523974971834,0.0689103246315632,0.00967820290230831
0.3,LUT,1.335,0.114034239758485,0.069517501817494,0.00845434179103174,0.0707327779588365,0.00967998893494864
0.3,LUT,1.34,0.114070119349741,0.0695229515145009,0.00881259131204141,0.0725694325499209,0.00968178888504865
0.3,LUT,1.345,0.114106310130175,0.0695284406887978,0.00918005870945074,0.0744197777532083,0.00968360225216181
0.3,LUT,1.35,0.114142803170255,0.0695339675527455,0.00955681130208469,0.0762833315897211,0.00968542856394122
0.3,LUT,1.355,0.114179589465868,0.0695395300587298,0.0099429132478874,0.0781596441435202,0.00968726737946225
0.3,LUT,1.36,0.114216659940546,0.0695451267270886,0.0103384279950145,0.0800481807669993,0.00968911817476192
0.3,LUT,1.365,0.114254005447706,0.0695507555070835,0.0107434148644167,0.0819484831810531,0.00969098050071958
0.3,LUT,1.37,0.1142916167729,0.0695564145781272,0.0111579314268429,0.0838600564524192,0.00969285387229291
0.3,LUT,1.375,0.114329484636099,0.0695621023240748,0.0115820334065274,0.08578237281273,0.00969473777226071
0.3,LUT,1.38,0.114367599693972,0.0695678165800681,0.0120157724205176,0.0877149782257352,0.00969663175566036
0.3,LUT,1.385,0.114405952542201,0.0695735557192935,0.0124591992059765,0.0896573390554529,0.00969853529952031
0.3,LUT,1.39,0.114444533717794,0.0695793179215107,0.0129123614211646,0.0916089455765032,0.00970044790430174
0.3,LUT,1.395,0.114483333701422,0.0695851010578431,0.0133753032909365,0.0935693284209869,0.0097023691100168
0.3,LUT,1.4,0.11452234291977,0.0695909035701523,0.0138480682147531,0.095537934565483,0.00970429837469393
0.3,LUT,1.405,0.114561551747898,0.0695967234651282,0.0143306957528442,0.0975142695869078,0.00970623521379081
0.3,LUT,1.41,0.114600950511614,0.0696025587316026,0.0148232228612946,0.0994978389045347,0.00970817914261061
0.3,LUT,1.415,0.114640529489863,0.069608407776169,0.0153256851772088,0.10148808645596,0.00971012961620354
0.3,LUT,1.42,0.114680278917123,0.0696142685037802,0.0158381142667879,0.103484524716857,0.00971208615678814
0.3,LUT,1.425,0.114720188985819,0.0696201390159142,0.0163605396981729,0.105486636297327,0.00971404825731428
0.3,LUT,1.43,0.114760249848738,0.0696260176534719,0.0168929891573931,0.107493868082353,0.00971601537572061
0.3,LUT,1.435,0.114800451621461,0.0696319022784791,0.0174354863030339,0.109505732836348,0.00971798703450868
0.3,LUT,1.44,0.114840784384804,0.0696377910010767,0.0179880524992461,0.111521421667476,0.00971996244095189
0.3,LUT,1.445,0.114881238187259,0.0696436820305763,0.0185507065589319,0.113540645227502,0.00972194131148446
0.3,LUT,1.45,0.114921803047457,0.0696495732465582,0.0191234642722682,0.115562935330029,0.00972392318727644
0.3,LUT,1.455,0.114962468956625,0.0696554628715781,0.0197063398757873,0.117587748709568,0.00972590753591918
0.3,LUT,1.46,0.115003225881059,0.0696613491847131,0.0202993450927135,0.119614533359803,0.0097278938164379
0.3,LUT,1.465,0.115044063764597,0.0696672300797296,0.0209024878591696,0.121642791241857,0.00972988154074675
0.3,LUT,1.47,0.115084972531103,0.0696731037436889,0.0215157743370977,0.123671982418278,0.0097318701796986
0.3,LUT,1.475,0.115125942086951,0.0696789684582289,0.0221392083163251,0.1257015533835,0.0097338591908494
0.3,LUT,1.48,0.115166962323516,0.069684822158351,0.0227727898954141,0.127730999708609,0.00973584807985094
0.3,LUT,1.485,0.115208023119668,0.0696906629623375,0.0234165170602345,0.129759791228031,0.00973783632713272
0.3,LUT,1.49,0.11524911434427,0.0696964891737305,0.0240703856872047,0.131787371960609,0.00973982338782453
0.3,LUT,1.495,0.115290225858677,0.069702298816051,0.0247343881542915,0.133813226156452,0.00974180875648346
0.3,LUT,1.5,0.115331347519239,0.0697080899172151,0.0254085141888782,0.135836838236502,0.00974379192783399
0.3,LUT,1.505,0.115372469179801,0.0697138607801391,0.0260927516741735,0.137857654696568,0.00974577235943341
0.3,LUT,1.51,0.115413580694209,0.0697196095480654,0.0267870853542706,0.139875145817705,0.00974774953214889
0.3,LUT,1.515,0.115454671918811,0.0697253342285268,0.0274914969063594,0.141888802467584,0.00974972294702283
0.3,LUT,1.52,0.115495732714963,0.0697310330403636,0.0282059659769286,0.143898087193332,0.00975169207734304
0.3,LUT,1.525,0.115536752951528,0.0697367042007373,0.028930469550311,0.145902464557164,0.00975365639837215
0.3,LUT,1.53,0.115577722507375,0.0697423458437766,0.0296649817095846,0.147901412841929,0.00975561539881924
0.3,LUT,1.535,0.115618631273881,0.0697479561242518,0.030409473947849,0.149894409578275,0.0097575685666562
0.3,LUT,1.54,0.115659469157419,0.0697535332262382,0.0311639151988568,0.151880930514778,0.00975951538810847
0.3,LUT,1.545,0.115700226081853,0.0697590752919036,0.0319282716324431,0.153860459886264,0.00976145535771814
0.3,LUT,1.55,0.115740891991021,0.0697645805638595,0.0327025070834445,0.15583247047139,0.0097633879588001
0.3,LUT,1.555,0.115781456851219,0.0697700473869994,0.0334865830609937,0.157796423531208,0.00976531266338179
0.3,LUT,1.56,0.115821910653675,0.0697754738335804,0.0342804576404932,0.159751822035405,0.00976722898436575
0.3,LUT,1.565,0.115862243417017,0.0697808579811482,0.0350840863021892,0.161698171536743,0.009769136437186
0.3,LUT,1.57,0.115902445189741,0.0697861982063159,0.035897422813126,0.163634938814173,0.0097710344992776
0.3,LUT,1.575,0.11594250605266,0.0697914930216772,0.0367204187464831,0.165561575140707,0.00977292263287957
0.3,LUT,1.58,0.115982416121355,0.0697967404094176,0.0375530215106089,0.167477610719569,0.00977480037758373
0.3,LUT,1.585,0.116022165548616,0.0698019384841845,0.0383951763357377,0.169382561117216,0.00977666725863769
0.3,LUT,1.59,0.116061744526864,0.0698070857884127,0.0392468271611732,0.171275885695751,0.00977852274620788
0.3,LUT,1.595,0.11610114329058,0.069812180761487,0.0401079150648383,0.173157062878968,0.00978036632914149
0.3,LUT,1.6,0.116140352118708,0.0698172213655999,0.0409783771650583,0.175025643240454,0.00978219756699365
0.3,LUT,1.605,0.116179361337057,0.0698222059713049,0.0418581492718483,0.176881124462474,0.00978401596748515
0.3,LUT,1.61,0.116218161320685,0.0698271332398156,0.0427471655441949,0.178722968178484,0.00978582100300839
0.3,LUT,1.615,0.116256742496277,0.0698320012412022,0.0436453558831786,0.180550724838994,0.00978761223299788
0.3,LUT,1.62,0.116295095344506,0.0698368082483713,0.0445526483128005,0.182363921624992,0.00978938919408361
0.3,LUT,1.625,0.11633321040238,0.0698415529843451,0.0454689697265661,0.184162027679525,0.00979115136601752
0.3,LUT,1.63,0.116371078265578,0.0698462336595227,0.0463942430402166,0.185944590403732,0.00979289830524566
0.3,LUT,1.635,0.116408689590773,0.0698508485203078,0.0473283888447333,0.187711158064873,0.00979462956906291
0.3,LUT,1.64,0.116446035097932,0.0698553963358142,0.0482713268677603,0.189461211178012,0.00979634464836596
0.3,LUT,1.645,0.116483105572611,0.069859875396702,0.049222973013486,0.191194304217049,0.00979804310653228
0.3,LUT,1.65,0.116519891868224,0.0698642839868751,0.0501832407887776,0.19290999910222,0.00979972451423689
0.3,LUT,1.655,0.116556384908303,0.0698686209372038,0.0511520429653787,0.194607787111169,0.00980138837292395
0.3,LUT,1.66,0.116592575688737,0.06987288455555,0.0521292884178346,0.196287240296783,0.00980303426319863
0.3,LUT,1.665,0.116628455279993,0.0698770732206548,0.0531148839145885,0.197947927706442,0.00980466176272064
0.3,LUT,1.67,0.116664014829318,0.0698811858292296,0.054108735463783,0.199589352369292,0.00980627038445082
0.3,LUT,1.675,0.116699245562925,0.0698852206634784,0.0551107449690747,0.201211111525209,0.00980785973367798
0.3,LUT,1.68,0.116734138788158,0.0698891762594288,0.0561208128375004,0.20281277406154,0.00980942938790498
0.3,LUT,1.685,0.116768685895636,0.0698930515404457,0.0571388383938781,0.204393861819925,0.00981097887852921
0.3,LUT,1.69,0.116802878361377,0.069896844767679,0.0581647167871535,0.20595399808151,0.00981250783636031
0.3,LUT,1.695,0.116836707748902,0.0699005546953941,0.0591983424512929,0.20749274445525,0.00981401583176824
0.3,LUT,1.7,0.116870165711315,0.0699041801750093,0.0602396079475882,0.209009657002891,0.00981550242968659
0.3,LUT,1.705,0.116903243993365,0.069907719528605,0.0612884021325209,0.210504374918365,0.0098169672765198
0.3,LUT,1.71,0.116935934433481,0.0699111717437553,0.0623446137342258,0.211976451849853,0.00981840993483613
0.3,LUT,1.715,0.116968228965785,0.0699145355002594,0.0634081284830027,0.213425493582946,0.00981983001829932
0.3,LUT,1.72,0.117000119622086,0.0699178093128958,0.0644788295681944,0.214851138013405,0.00982122717204159
0.3,LUT,1.725,0.117031598533841,0.0699209923260207,0.065556600022326,0.216252943034339,0.00982260096279128
0.3,LUT,1.73,0.1170626579341,0.0699240830351059,0.0666413189514611,0.217630567313346,0.00982395105603735
0.3,LUT,1.735,0.11709329015942,0.0699270802828211,0.0677328645268806,0.218983629703049,0.00982527707824941
0.3,LUT,1.74,0.117123487651757,0.0699299831556217,0.0688311137012143,0.220311724003615,0.00982657863134531
0.3,LUT,1.745,0.117153242960334,0.0699327901394096,0.0699359397342326,0.221614538380706,0.00982785540972254
0.3,LUT,1.75,0.117182548743472,0.0699355004210045,0.0710472160887071,0.222891671645884,0.00982910702021019
0.3,LUT,1.755,0.117211397770408,0.0699381128244445,0.0721648132980527,0.2241427836627,0.00983033312946923
0.3,LUT,1.76,0.117239782923076,0.0699406261040008,0.0732885998736631,0.225367554080737,0.00983153342355127
0.3,LUT,1.765,0.117267697197865,0.0699430395877791,0.0744184442426314,0.22656559156068,0.00983270751893769
0.3,LUT,1.77,0.117295133707345,0.0699453518905631,0.0755542109597519,0.227736615716553,0.00983385514084587
0.3,LUT,1.775,0.117322085681968,0.0699475622067426,0.076695764581712,0.228880274612472,0.00983497594437315
0.3,LUT,1.78,0.117348546471738,0.0699496696400371,0.0778429677045352,0.229996239568063,0.00983606960740765
0.3,LUT,1.785,0.117374509547849,0.069951672966177,0.0789956802985243,0.231084238791448,0.00983713586358911
0.3,LUT,1.79,0.117399968504303,0.0699535716623997,0.0801537627947846,0.232143912097772,0.00983817435993075
0.3,LUT,1.795,0.117424917059482,0.0699553645187684,0.0813170719974772,0.233175007155735,0.00983918484914397
0.3,LUT,1.8,0.117449349057704,0.0699570507845778,0.0824854645254609,0.234177217686849,0.00984016703107108
0.3,LUT,1.805,0.117473258470738,0.06995862976627,0.0836587956480897,0.235150240368959,0.00984112060845165
0.3,LUT,1.81,0.117496639399296,0.0699601003344728,0.0848369178633901,0.236093844555498,0.00984204535524844
0.3,LUT,1.815,0.117519486074482,0.0699614621014198,0.086019684425721,0.237007706106299,0.00984294095379906
0.3,LUT,1.82,0.117541792859221,0.0699627140089042,0.0872069451910508,0.237891606897286,0.0098438071903385
0.3,LUT,1.825,0.117563554249648,0.0699638554293688,0.0883985499256841,0.23874527942335,0.00984464380270761
0.3,LUT,1.83,0.117584764876466,0.0699648858082437,0.0895943472760168,0.239568457407751,0.00984545052995101
0.3,LUT,1.835,0.117605419506269,0.0699658041575898,0.0907941833093118,0.240360947390888,0.00984622718247529
0.3,LUT,1.84,0.117625513042837,0.0699666102337176,0.0919979050427986,0.241122462536334,0.00984697347917629
0.3,LUT,1.845,0.117645040528391,0.0699673030945147,0.0932053562012239,0.241852826428493,0.00984768924716398
0.3,LUT,1.85,0.117663997144815,0.0699678822990216,0.0944163808184448,0.242551803771148,0.00984837425584439
0.3,LUT,1.855,0.117682378214848,0.0699683473763627,0.0956308216947785,0.24321917546043,0.00984902829049233
0.3,LUT,1.86,0.117700179203236,0.0699686975240356,0.0968485195473517,0.243854781256264,0.00984965119407003
0.3,LUT,1.865,0.117717395717852,0.0699689326387967,0.098069316103804,0.244458374307282,0.0098502427246593
0.3,LUT,1.87,0.117734023510778,0.0699690518769405,0.0992930498722556,0.24502982449582,0.0098508027547428
0.3,LUT,1.875,0.117750058479355,0.069969055031757,0.100519560270265,0.245568924022706,0.00985133108067411
0.3,LUT,1.88,0.117765496667195,0.0699689416645364,0.101748685082165,0.246075510167058,0.00985182754298423
0.3,LUT,1.885,0.117780334265156,0.0699687112148822,0.10298026083346,0.246549449767411,0.00985229201117286
0.3,LUT,1.89,0.117794567612281,0.0699683636822907,0.104214124846966,0.246990543059301,0.00985272428946771
0.3,LUT,1.895,0.117808193196707,0.0699678983390931,0.105450111476108,0.247398705429664,0.00985312429494665
0.3,LUT,1.9,0.117821207656524,0.0699673152375686,0.106688056637703,0.247773777481532,0.00985349187139817
0.3,LUT,1.905,0.117833607780608,0.0699666139475018,0.107927794096169,0.248115637444098,0.009853826899485
0.3,LUT,1.91,0.117845390509415,0.0699657941813304,0.109169157302451,0.248424173299714,0.00985412926942808
0.3,LUT,1.915,0.117856552935733,0.06996485601039,0.1104119801135,0.248699238046322,0.00985439883716312
0.3,LUT,1.92,0.1178670923054,0.0699637988562119,0.111656093851045,0.24894078913257,0.00985463556098913
0.3,LUT,1.925,0.117877006017983,0.0699626229896571,0.112901331788626,0.249148676863815,0.00985483929420301
0.3,LUT,1.93,0.117886291627424,0.0699613280023637,0.114147524658921,0.249322860216243,0.00985500999660081
0.3,LUT,1.935,0.117894946842637,0.0699599138803816,0.11539450388569,0.249463255300732,0.00985514758596987
0.3,LUT,1.94,0.117902969528076,0.069958380751534,0.116642100870616,0.249569771056718,0.00985525197306942
0.3,LUT,1.945,0.117910357704265,0.0699567282230854,0.11789014507819,0.249642402764946,0.00985532315327452
0.3,LUT,1.95,0.117917109548281,0.0699549567572618,0.119138468154535,0.249681037897998,0.00985536101630654
0.3,LUT,1.955,0.117923223394208,0.0699530660069737,0.120386899035029,0.249685691064368,0.00985536557648205
0.3,LUT,1.96,0.117928697733546,0.069951056211985,0.121635268131948,0.249656306934476,0.00985533677957718
0.3,LUT,1.965,0.117933531215584,0.0699489275627976,0.122883405484825,0.249592850046023,0.00985527459083833
0.3,LUT,1.97,0.117937722647731,0.0699466798597997,0.124131139800008,0.24949535291673,0.00985517904213338
0.3,LUT,1.975,0.117941270995816,0.0699443137320213,0.12537830210348,0.2493637440132,0.00985505006335848
0.3,LUT,1.98,0.117944175384336,0.069941828924544,0.126624720707013,0.249198089489315,0.00985488771934547
0.3,LUT,1.985,0.117946435096677,0.069939225900101,0.127870226004302,0.248998367103489,0.00985469198829724
0.3,LUT,1.99,0.117948049575289,0.0699365049352845,0.129114647828056,0.248764593787859,0.00985446288680756
0.3,LUT,1.995,0.117949018421823,0.0699336660108678,0.130357815175608,0.24849684111186,0.00985420048501558
0.3,LUT,2,0.117949341397231,0.0699307099141891,0.131599559515982,0.248195079662972,0.00985390475409658
0.3,LUT,2.005,0.117949018421823,0.0699276365046299,0.132839709691712,0.247859423860115,0.00985357580618289
0.3,LUT,2.01,0.117948049575289,0.0699244464327029,0.134078097063003,0.247489889272426,0.00985321365653249
0.3,LUT,2.015,0.117946435096677,0.0699211400963884,0.135314552449994,0.247086539913125,0.00985281836787934
0.3,LUT,2.02,0.117944175384336,0.0699177176277045,0.136548906143794,0.246649490100497,0.00985239005225713
0.3,LUT,2.025,0.117941270995816,0.0699141799771629,0.137780991160035,0.246178751351588,0.00985192872095277
0.3,LUT,2.03,0.117937722647731,0.0699105271327203,0.13901063800234,0.245674483747113,0.00985143453084783
0.3,LUT,2.035,0.117933531215584,0.0699067598929389,0.140237679966881,0.245136745598748,0.00985090753908867
0.3,LUT,2.04,0.117928697733546,0.0699028788218513,0.141461950079511,0.244565640934777,0.00985034784762462
0.3,LUT,2.045,0.117923223394208,0.0698988841631116,0.142683280891629,0.243961331567208,0.00984975561503398
0.3,LUT,2.05,0.117917109548281,0.0698947770384196,0.143901508071685,0.243323867877606,0.00984913089069146
0.3,LUT,2.055,0.117910357704265,0.0698905575809679,0.145116464913584,0.242653452240376,0.00984847387292713
0.3,LUT,2.06,0.117902969528076,0.0698862266876525,0.146327987579578,0.241950191624426,0.00984778466657218
0.3,LUT,2.065,0.117894946842637,0.0698817851417161,0.147535912533593,0.241214221382162,0.00984706340427409
0.3,LUT,2.07,0.117886291627424,0.0698772332571708,0.148740075536098,0.24044575537603,0.00984631029562138
0.3,LUT,2.075,0.117877006017983,0.0698725723208332,0.14994031595874,0.239644882352586,0.00984552542758705
0.3,LUT,2.08,0.1178670923054,0.0698678026472569,0.151136471056992,0.23881184044304,0.0098447090335434
0.3,LUT,2.085,0.117856552935733,0.0698629251651611,0.152328380722249,0.237946793140992,0.00984386127371671
0.3,LUT,2.09,0.117845390509415,0.0698579409335708,0.153515886080622,0.237049897531463,0.00984298230205274
0.3,LUT,2.095,0.117833607780608,0.0698528503088536,0.154698827069597,0.23612142179622,0.00984207238137379
0.3,LUT,2.1,0.117821207656524,0.0698476547019577,0.155877047690063,0.235161497062739,0.00984113164018684
0.3,LUT,2.105,0.117808193196707,0.0698423546818283,0.157050390425077,0.234170389897159,0.00984016033973086
0.3,LUT,2.11,0.117794567612281,0.0698369511372687,0.158218699786493,0.233148362278737,0.00983915873674959
0.3,LUT,2.115,0.117780334265156,0.0698314454498865,0.159381822807235,0.232095548401281,0.00983812696275506
0.3,LUT,2.12,0.117765496667195,0.0698258380284468,0.160539604662304,0.231012267288632,0.00983706533039559
0.3,LUT,2.125,0.117750058479355,0.0698201303122291,0.161691894723485,0.229898703830752,0.00983597402086624
0.3,LUT,2.13,0.117734023510778,0.0698143232263616,0.16283854200802,0.228755126759744,0.00983485329752865
0.3,LUT,2.135,0.117717395717852,0.0698084175311065,0.163979396261456,0.227581839231179,0.00983370345747999
0.3,LUT,2.14,0.117700179203236,0.0698024148752637,0.165114311116099,0.226379029992062,0.00983252468569527
0.3,LUT,2.145,0.117682378214848,0.0697963158283256,0.166243138291292,0.225147051103551,0.00983131732719991
0.3,LUT,2.15,0.117663997144815,0.0697901217156235,0.167365733081451,0.223886158724556,0.00983008163303363
0.3,LUT,2.155,0.117645040528391,0.0697838339241409,0.168481952326298,0.222596611007988,0.00982881785619031
0.3,LUT,2.16,0.117625513042837,0.0697774531058827,0.169591652089854,0.221278780461359,0.00982752636173309
0.3,LUT,2.165,0.117605419506269,0.0697709810028198,0.170694693112122,0.219932896148082,0.00982620737414771
0.3,LUT,2.17,0.117584764876466,0.069764418572333,0.171790935278184,0.218559308248217,0.00982486123661606
0.3,LUT,2.175,0.117563554249648,0.0697577668763587,0.172880240300336,0.217158362382726,0.00982348828785207
0.3,LUT,2.18,0.117541792859221,0.0697510277340899,0.173962473684771,0.215730307317099,0.0098220887716498
0.3,LUT,2.185,0.117519486074482,0.0697442018576424,0.175037499234504,0.214275558087531,0.00982066309475118
0.3,LUT,2.19,0.117496639399296,0.069737290806482,0.176105184890162,0.212794419880101,0.00981921155624333
0.3,LUT,2.195,0.117473258470738,0.0697302961308066,0.177165400214096,0.211287208856836,0.00981773446596994
0.3,LUT,2.2,0.117449349057704,0.069723218651534,0.178218014292335,0.209754353695226,0.00981623224404164
0.3,LUT,2.205,0.117424917059482,0.0697160602816005,0.179262901174824,0.208196138240336,0.00981470516863101
0.3,LUT,2.21,0.117399968504303,0.0697088222031588,0.180299934491893,0.206612958780367,0.00981315362810666
0.3,LUT,2.215,0.117374509547849,0.0697015055680349,0.181328989573613,0.205005224978628,0.00981157802394501
0.3,LUT,2.22,0.117348546471738,0.0696941124099564,0.182349946185419,0.20337323088639,0.00980997864432088
0.3,LUT,2.225,0.117322085681968,0.0696866436577179,0.183362682659641,0.201717435398782,0.00980835593895865
0.3,LUT,2.23,0.117295133707345,0.0696791008675133,0.184367081076637,0.200038217433329,0.0098067102792034
0.3,LUT,2.235,0.117267697197865,0.0696714859472112,0.185363026469701,0.198335914712155,0.00980504199602805
0.3,LUT,2.24,0.117239782923076,0.0696637998035358,0.186350402839978,0.196611014684413,0.00980335156714038
0.3,LUT,2.245,0.117211397770408,0.0696560443363599,0.187329099112921,0.194863872675395,0.00980163934076471
0.3,LUT,2.25,0.117182548743472,0.0696482212004224,0.18829900548228,0.193094886629511,0.00979990570689274
0.3,LUT,2.255,0.117153242960334,0.0696403314568764,0.189260012408885,0.191304546170727,0.0097981511453636
0.3,LUT,2.26,0.117123487651757,0.0696323772324016,0.190212015577104,0.189493198067575,0.00979637599601584
0.3,LUT,2.265,0.11709329015942,0.0696243599303674,0.191154910603016,0.187661298759869,0.00979458070616759
0.3,LUT,2.27,0.1170626579341,0.0696162808447555,0.1920885948917,0.185809327465916,0.00979276574546026
0.3,LUT,2.275,0.117031598533841,0.0696081422108404,0.193012970782021,0.183937637573573,0.00979093146021944
0.3,LUT,2.28,0.117000119622086,0.0695999452523963,0.193927939767431,0.182046732349006,0.00978907834365381
0.3,LUT,2.285,0.116968228965785,0.0695916915074408,0.194833406467056,0.180137077464551,0.00978720685212952
0.3,LUT,2.29,0.116935934433481,0.0695833832225086,0.195729279816904,0.178209045109623,0.009785317350398
0.3,LUT,2.295,0.116903243993365,0.0695750215359433,0.196615467693924,0.17626317049478,0.00978341036297391
0.3,LUT,2.3,0.116870165711315,0.0695666081994148,0.197491882062104,0.174299908436399,0.00978148633558439
0.3,LUT,2.305,0.116836707748902,0.0695581454105599,0.198358438491941,0.172319656814148,0.00977954565815772
0.3,LUT,2.31,0.116802878361377,0.0695496343027399,0.199215051693495,0.170322969792942,0.00977758887378413
0.3,LUT,2.315,0.116768685895636,0.0695410767884037,0.200061641023725,0.168310297160724,0.00977561642326282
0.3,LUT,2.32,0.116734138788158,0.0695324750057144,0.200898128855948,0.166282062332149,0.00977362872154675
0.3,LUT,2.325,0.116699245562925,0.0695238301236624,0.201724437048485,0.164238831024262,0.00977162632304742
0.3,LUT,2.33,0.116664014829318,0.0695151441612885,0.202540492379001,0.162181053974786,0.00976960966949482
0.3,LUT,2.335,0.116628455279993,0.0695064192200643,0.203346224274685,0.160109175228582,0.00976757919605984
0.3,LUT,2.34,0.116592575688737,0.0694976565140358,0.204141561947778,0.158023769024247,0.00976553546550523
0.3,LUT,2.345,0.116556384908303,0.0694888581191933,0.204926439621108,0.155925292354736,0.00976347892569122
0.3,LUT,2.35,0.116519891868224,0.0694800261394144,0.205700794058503,0.153814202652132,0.00976141002490837
0.3,LUT,2.355,0.116483105572611,0.0694711618271198,0.206464561966797,0.151691081892519,0.00975932933350229
0.3,LUT,2.36,0.116446035097932,0.0694622672684342,0.207217685029661,0.149556398203959,0.00975723731024579
0.3,LUT,2.365,0.116408689590773,0.069453344614001,0.207960107628848,0.147410614390347,0.00975513440869388
0.3,LUT,2.37,0.116371078265578,0.0694443951452793,0.208691774081238,0.145254319731707,0.00975302120635017
0.3,LUT,2.375,0.11633321040238,0.0694354209112994,0.209412633528253,0.143087998407752,0.00975089817771831
0.3,LUT,2.38,0.116295095344506,0.0694264241470484,0.210122638213243,0.140912111513511,0.00974876577467861
0.3,LUT,2.385,0.116256742496277,0.0694174061672323,0.210821740201419,0.138727253263809,0.00974662457957086
0.3,LUT,2.39,0.116218161320685,0.0694083689378867,0.211509896074966,0.136533928601747,0.00974447508724716
0.3,LUT,2.395,0.116179361337057,0.0693993147900237,0.212187066087687,0.134332593474848,0.00974231774454317
0.3,LUT,2.4,0.116140352118708,0.0693902451000791,0.212853210246073,0.132123841214886,0.00974015313293329
0.3,LUT,2.405,0.11610114329058,0.0693811617138573,0.213508292563806,0.129908201002293,0.00973798177102256
0.3,LUT,2.41,0.116061744526864,0.0693720670228347,0.214152281295393,0.12768612686507,0.00973580410376551
0.3,LUT,2.415,0.116022165548616,0.0693629625400136,0.214785144701857,0.1254581988659,0.00973362069963258
0.3,LUT,2.42,0.115982416121355,0.0693538499623357,0.215406854226536,0.123224972671053,0.0097314321031854
0.3,LUT,2.425,0.11594250605266,0.0693447316485389,0.21601738592505,0.120986911761745,0.00972923876864275
0.3,LUT,2.43,0.115902445189741,0.069335609358918,0.216616716715231,0.118744565459126,0.00972704123434793
0.3,LUT,2.435,0.115862243417017,0.0693264846381241,0.217204825525325,0.116498514594458,0.00972484006952461
0.3,LUT,2.44,0.115821910653675,0.0693173596885489,0.217781695903183,0.114249247775561,0.00972263575301606
0.3,LUT,2.445,0.115781456851219,0.0693082365918454,0.21834731369859,0.111997271286988,0.00972042878098904
0.3,LUT,2.45,0.115740891991021,0.0692991168075493,0.218901665572668,0.109743179815879,0.00971821973624619
0.3,LUT,2.455,0.115700226081853,0.0692900022882114,0.219444742327581,0.107487498516218,0.00971600913344661
0.3,LUT,2.46,0.115659469157419,0.069280895333854,0.219976538473943,0.105230703385411,0.00971379743907516
0.3,LUT,2.465,0.115618631273881,0.0692717975302885,0.220497049066317,0.102973371255876,0.0097115852184366
0.3,LUT,2.47,0.115577722507375,0.0692627105770996,0.22100627217437,0.100716062470351,0.00970937302067553
0.3,LUT,2.475,0.115536752951528,0.0692536366562058,0.221504209983342,0.0984592685325261,0.00970716132747322
0.3,LUT,2.48,0.115495732714963,0.0692445777590802,0.221990866786459,0.0962035070875125,0.00970495064612995
0.3,LUT,2.485,0.115454671918811,0.069235535428539,0.222466248213508,0.0939493582644797,0.00970274154518132
0.3,LUT,2.49,0.115413580694209,0.0692265115424631,0.22293036356773,0.091697353591595,0.00970053454553324
0.3,LUT,2.495,0.115372469179801,0.0692175082833471,0.223383225734164,0.089447980097404,0.00969833012448124
0.3,LUT,2.5,0.115331347519239,0.0692085274159779,0.223824849020567,0.0872017823243798,0.00969612881568545
0.3,LUT,2.505,0.115290225858677,0.0691995705921191,0.22425525006263,0.0849593190253977,0.00969393116673236
0.3,LUT,2.51,0.11524911434427,0.0691906397157777,0.22467444890962,0.0827211112766726,0.0096917376882848
0.3,LUT,2.515,0.115208023119668,0.0691817368446531,0.225082468728399,0.080487656222223,0.00968954886755164
0.3,LUT,2.52,0.115166962323516,0.0691728637150433,0.225479334378065,0.0782594941195107,0.0096873652339936
0.3,LUT,2.525,0.115125942086951,0.0691640220946641,0.225865073456416,0.076037158216506,0.00968518731020201
0.3,LUT,2.53,0.115084972531103,0.0691552138254889,0.226239716419872,0.073821168495332,0.00968301560576743
0.3,LUT,2.535,0.115044063764597,0.0691464407577791,0.226603296383842,0.0716120408141112,0.00968085062623886
0.3,LUT,2.54,0.115003225881059,0.0691377046743566,0.22695584888626,0.0694102974375124,0.00967869288344381
0.3,LUT,2.545,0.114962468956625,0.0691290074569861,0.227297412374852,0.0672164432959992,0.009676542872222
0.3,LUT,2.55,0.114921803047457,0.0691203508675609,0.227628027541936,0.0650309967736398,0.00967440110059788
0.3,LUT,2.555,0.114881238187259,0.0691117365287558,0.227947737263172,0.0628544922594507,0.00967226809228102
0.3,LUT,2.56,0.114840784384804,0.0691031662724653,0.228256587625318,0.0606874306343972,0.00967014433814256
0.3,LUT,2.565,0.114800451621461,0.0690946420879306,0.22855462775872,0.0585302864263166,0.00966803030322717
0.3,LUT,2.57,0.114760249848738,0.0690861656500262,0.228841908412617,0.0563835744151486,0.0096659264920272
0.3,LUT,2.575,0.114720188985819,0.0690777383478191,0.229118482036224,0.054247845410444,0.0096638334443446
0.3,LUT,2.58,0.114680278917123,0.0690693620547999,0.229384405064733,0.0521235770125621,0.00966175162823515
0.3,LUT,2.585,0.114640529489863,0.069061038859482,0.229639737098729,0.0500112115709506,0.0096596814772082
0.3,LUT,2.59,0.114600950511614,0.0690527703432275,0.229884538726787,0.0479112582731833,0.0096576234902755
0.3,LUT,2.595,0.114561551747898,0.0690445576809709,0.230118871821811,0.0458242787112404,0.00965557821780594
0.3,LUT,2.6,0.11452234291977,0.0690364027940576,0.230342802968505,0.0437507234489196,0.00965354610135905
0.3,LUT,2.605,0.114483333701422,0.0690283077646863,0.230556401694137,0.0416910147629146,0.00965152755477258
0.3,LUT,2.61,0.114444533717794,0.0690202740284819,0.230759738034378,0.0396456608289864,0.00964952307606668
0.3,LUT,2.615,0.114405952542201,0.0690123026828388,0.230952883447661,0.0376152118889035,0.00964753320448684
0.3,LUT,2.62,0.114367599693972,0.0690043958058492,0.231135914738521,0.0356000732716097,0.00964555833726176
0.3,LUT,2.625,0.114329484636099,0.0689965552692833,0.231308910483503,0.033600673347431,0.00964359889420102
0.3,LUT,2.63,0.1142916167729,0.068988782215041,0.231471949449447,0.0316175375301686,0.00964165539021832
0.3,LUT,2.635,0.114254005447706,0.0689810780097361,0.231625113433997,0.0296511529017724,0.00963972830266156
0.3,LUT,2.64,0.114216659940546,0.0689734447834531,0.231768488854969,0.0277018917227814,0.00963781799635187
0.3,LUT,2.645,0.114179589465868,0.068965883980986,0.231902162387918,0.025770216506352,0.00963592492455934
0.3,LUT,2.65,0.114142803170255,0.0689583965412958,0.232026221492175,0.0238566544464316,0.00963404960394226
0.3,LUT,2.655,0.114106310130175,0.0689509844147853,0.232140758928128,0.0219615823050603,0.00963219240373328
0.3,LUT,2.66,0.114070119349741,0.0689436493275771,0.23224586902994,0.020085401323211,0.0096303537171548
0.3,LUT,2.665,0.114034239758485,0.0689363921872149,0.232341645908798,0.0182286212786238,0.00962853404379696
0.3,LUT,2.67,0.113998680209161,0.0689292145035323,0.232428187686447,0.0163916590211137,0.00962673379217907
0.3,LUT,2.675,0.113963449475554,0.0689221181961601,0.232505595889893,0.0145748655899567,0.00962495330632507
0.3,LUT,2.68,0.11392855625032,0.0689151042800561,0.232573971489991,0.0127787123279592,0.00962319304815826
0.3,LUT,2.685,0.113894009142843,0.0689081738659422,0.232633417879948,0.0110036489812533,0.00962145345843685
0.3,LUT,2.69,0.113859816677102,0.0689013289284163,0.232684043146775,0.00924999470404764,0.00961973484993694
0.3,LUT,2.695,0.113825987289577,0.0688945706035952,0.232725954941261,0.00751817916144759,0.00961803764373702
0.3,LUT,2.7,0.113792529327164,0.068887899726546,0.232759262070999,0.00580866623802301,0.00961636229445119
0.3,LUT,2.705,0.113759451045114,0.0688813182169608,0.232784078622263,0.00412175751962884,0.00961470909763829
0.3,LUT,2.71,0.113726760604998,0.0688748272994688,0.232800518593768,0.00245784438325636,0.00961307843685386
0.3,LUT,2.715,0.113694466072693,0.0688684276389506,0.232808696284157,0.000817388696678023,0.00961147076473552
0.3,LUT,2.72,0.113662575416392,0.0688621210434459,0.232808731364834,-0.000799318672198623,0.00960988636633833
0.3,LUT,2.725,0.113631096504637,0.0688559087811254,0.232800743800667,-0.00239191943676254,0.00960832559278877
0.3,LUT,2.73,0.113600037104379,0.0688497914065203,0.232784853308959,-0.00395996337709548,0.00960678888530935
0.3,LUT,2.735,0.113569404879059,0.068843770608954,0.232761184869434,-0.00550317047209425,0.00960527651832513
0.3,LUT,2.74,0.113539207386721,0.0688378476533431,0.232729864013482,-0.00702121000559153,0.00960378881594309
0.3,LUT,2.745,0.113509452078145,0.068832023006853,0.232691015682809,-0.00851364775244789,0.00960232620371064
0.3,LUT,2.75,0.113480146295007,0.0688262982639851,0.232644769969986,-0.00998021899290435,0.00960088894105725
0.3,LUT,2.755,0.113451297268071,0.0688206746396643,0.232591257562007,-0.0114206150041678,0.00959947733053608
0.3,LUT,2.76,0.113422912115402,0.068815152571361,0.232530608848221,-0.0128341963784706,0.0095980919987767
0.3,LUT,2.765,0.113394997840613,0.0688097336639351,0.23246295964782,-0.0142209178706505,0.00959673299012006
0.3,LUT,2.77,0.113367561331133,0.0688044190112702,0.232388445310475,-0.0155805318708975,0.00959540054722765
0.3,LUT,2.775,0.11334060935651,0.0687992089032817,0.232307200365385,-0.0169126388622782,0.00959409506163226
0.3,LUT,2.78,0.113314148566741,0.0687941048205788,0.232219364494104,-0.018217018470752,0.0095928167493039
0.3,LUT,2.785,0.113288185490629,0.0687891077283864,0.232125077371301,-0.0194933876689625,0.00959156588761378
0.3,LUT,2.79,0.113262726534175,0.0687842178747531,0.232024478034605,-0.0207413722561149,0.00959034284328451
0.3,LUT,2.795,0.113237777978996,0.0687794367309176,0.231917710670135,-0.0219607820748582,0.00958914780267325
0.3,LUT,2.8,0.113213345980775,0.068774765085515,0.23180491885396,-0.0231513408746817,0.00958798103650981
0.3,LUT,2.805,0.11318943656774,0.0687702031750649,0.231686245918225,-0.0243127048986782,0.0095868428816813
0.3,LUT,2.81,0.113166055639183,0.0687657524470785,0.231561840203993,-0.0254447129740996,0.00958573349613954
0.3,LUT,2.815,0.113143208963997,0.0687614134725183,0.231431848756003,-0.0265470905798413,0.00958465314891947
0.3,LUT,2.82,0.113120902179258,0.0687571865304834,0.23129641905138,-0.027619532833933,0.00958360213881018
0.3,LUT,2.825,0.113099140788831,0.0687530730054499,0.231155703152953,-0.0286619027078867,0.00958258060010171
0.3,LUT,2.83,0.113077930162013,0.0687490732247192,0.231009851178743,-0.0296739244327586,0.00958158880305194
0.3,LUT,2.835,0.11305727553221,0.0687451875741089,0.230859014623582,-0.0306553417860638,0.00958062699876287
0.3,LUT,2.84,0.113037181995641,0.0687414173146604,0.230703348767817,-0.0316060339809514,0.00957969530560752
0.3,LUT,2.845,0.113017654510088,0.0687377625270878,0.230543006469309,-0.0325257242232393,0.00957879399484848
0.3,LUT,2.85,0.112998697893664,0.068734223761814,0.230378143087226,-0.0334142137780891,0.00957792326124899
0.3,LUT,2.855,0.11298031682363,0.0687308020810583,0.230208916563309,-0.0342713879998922,0.00957708321716354
0.3,LUT,2.86,0.112962515835242,0.068727497349894,0.230035482256813,-0.035096974024901,0.00957627413000284
0.3,LUT,2.865,0.112945299320626,0.06872431031372,0.229857999148555,-0.0358908354608705,0.00957549613343343
0.3,LUT,2.87,0.1129286715277,0.0687212417555014,0.229676627264349,-0.0366528529147896,0.0095747493444623
0.3,LUT,2.875,0.112912636559123,0.0687182914016199,0.229491524358338,-0.0373827688625372,0.00957403401546711
0.3,LUT,2.88,0.112897198371283,0.0687154601705692,0.229302852627462,-0.0380805066265548,0.00957335022159306
0.3,LUT,2.885,0.112882360773323,0.0687127484931692,0.229110773621687,-0.0387459321743773,0.00957269809419406
0.3,LUT,2.89,0.112868127426197,0.0687101560926358,0.228915447553647,-0.0393788229677643,0.00957207785136104
0.3,LUT,2.895,0.112854501841771,0.0687076839598428,0.228717039189154,-0.0399791481614944,0.0095714895233228
0.3,LUT,2.9,0.112841487381955,0.0687053321356855,0.228515711142918,-0.0405467540985089,0.00957093326066566
0.3,LUT,2.905,0.11282908725787,0.0687031005065212,0.228311626237817,-0.0410814771682659,0.00957040922373048
0.3,LUT,2.91,0.112817304529063,0.0687009899691872,0.228104950958927,-0.0415833090815756,0.00956991742064081
0.3,LUT,2.915,0.112806142102745,0.0686990002062657,0.227895848730774,-0.0420520813415592,0.00956945801652622
0.3,LUT,2.92,0.112795602733079,0.0686971313776065,0.227684484966131,-0.0424877051990933,0.00956903109836221
0.3,LUT,2.925,0.112785689020495,0.0686953841260509,0.227471027035418,-0.0428901724855226,0.00956863667415421
0.3,LUT,2.93,0.112776403411054,0.0686937578747742,0.227255639116702,-0.0432593141223681,0.00956827490960176
0.3,LUT,2.935,0.112767748195842,0.0686922530741462,0.227038488908213,-0.0435951188453991,0.00956794581574397
0.3,LUT,2.94,0.112759725510402,0.0686908699830847,0.226819743919742,-0.0438975603568288,0.00956764941835309
0.3,LUT,2.945,0.112752337334214,0.0686896079422072,0.226599569257295,-0.0441664942387803,0.00956738585896089
0.3,LUT,2.95,0.112745585490198,0.0686884675869331,0.226378134229586,-0.0444019718856197,0.00956715508720008
0.3,LUT,2.955,0.112739471644271,0.0686874487175222,0.226155605903696,-0.0446039383764028,0.00956695715689405
0.3,LUT,2.96,0.112733997304933,0.0686865508323393,0.225932150676073,-0.0447723081254985,0.00956679215191805
0.3,LUT,2.965,0.112729163822895,0.0686857745233512,0.225707938419472,-0.0449071628330682,0.00956665999220465
0.3,LUT,2.97,0.112724972390747,0.0686851191695619,0.225483135511397,-0.0450084242948652,0.00956656075439522
0.3,LUT,2.975,0.112721424042662,0.0686845845886692,0.225257909763665,-0.0450760886910224,0.00956649444223331
0.3,LUT,2.98,0.112718519654142,0.06868417110694,0.225032430583885,-0.0451102364873002,0.0095664609768612
0.3,LUT,2.985,0.112716259941801,0.0686838778185444,0.224806863709821,-0.0451107855103139,0.00956646043881009
0.3,LUT,2.99,0.112714645463189,0.0686837048767861,0.224581378055564,-0.0450778159533058,0.00956649274948937
0.3,LUT,2.995,0.112713676616656,0.0686836521825644,0.224356141723133,-0.0450113843118221,0.00956655785353251
0.3,LUT,3,0.112713353641248,0.0686837188867428,0.224131320849528,-0.0449114530039978,0.00956665578777033
0.3,LUT,3.005,0.112713353641248,0.0686838998248472,0.223907033835518,-0.0448026018971124,0.00956676246355013
0.3,LUT,3.01,0.112713353641248,0.0686841766414372,0.223683266121244,-0.0447074898030309,0.00956685567488343
0.3,LUT,3.015,0.112713353641248,0.0686845274705121,0.22345994342936,-0.0446230098267613,0.00956693846657571
0.3,LUT,3.02,0.112713353641248,0.0686849372777773,0.223237021800037,-0.0445470300307438,0.00956701292795898
0.3,LUT,3.025,0.112713353641248,0.0686853931980881,0.223014462352274,-0.0444777253175506,0.00956708084765714
0.3,LUT,3.03,0.112713353641248,0.0686858854650626,0.222792235516147,-0.0444137101594624,0.00956714358350892
0.3,LUT,3.035,0.112713353641248,0.0686864065064491,0.222570318314718,-0.044353910273518,0.00956720218832837
0.3,LUT,3.04,0.112713353641248,0.0686869498706553,0.222348691138594,-0.0442974103460934,0.00956725755913707
0.3,LUT,3.045,0.112713353641248,0.0686875108200567,0.222127339528614,-0.0442435381956408,0.00956731035468342
0.3,LUT,3.05,0.112713353641248,0.0686880856912901,0.221906252253733,-0.0441917740283095,0.00956736108437349
0.3,LUT,3.055,0.112713353641248,0.0686886712511929,0.221685419375805,-0.044141659075704,0.00956741019780744
0.3,LUT,3.06,0.112713353641248,0.0686892650578929,0.221464833334535,-0.0440928468167439,0.00956745803458134
0.3,LUT,3.065,0.112713353641248,0.0686898654323961,0.221244488862097,-0.0440450989472723,0.00956750482823696
0.3,LUT,3.07,0.112713353641248,0.0686904708603319,0.221024381185564,-0.0439982005156363,0.00956755078943027
0.3,LUT,3.075,0.112713353641248,0.0686910799912976,0.220804506024927,-0.0439519598296929,0.00956759610602257
0.3,LUT,3.08,0.112713353641248,0.0686916919580679,0.220584860552218,-0.0439062537377719,0.00956764089870439
0.3,LUT,3.085,0.112713353641248,0.0686923061219264,0.2203654426263,-0.0438609915030295,0.00956768525639927
0.3,LUT,3.09,0.112713353641248,0.0686929218785337,0.220146250209565,-0.0438160872652915,0.00956772926325151
0.3,LUT,3.095,0.112713353641248,0.0686935386832779,0.219927281444103,-0.0437714636370323,0.00956777299510209
0.3,LUT,3.1,0.112713353641248,0.0686941562117166,0.219708535133769,-0.0437270744626588,0.00956781649718422
0.3,LUT,3.105,0.112713353641248,0.0686947742182885,0.219490010319663,-0.0436828847762207,0.00956785980376506
0.3,LUT,3.11,0.112713353641248,0.0686953924680917,0.219271706075137,-0.0436388611240037,0.00956790294762977
0.3,LUT,3.115,0.112713353641248,0.0686960107494525,0.219053621543566,-0.0435949733473837,0.00956794595833429
0.3,LUT,3.12,0.112713353641248,0.0686966289364478,0.218835756126203,-0.0435512034519352,0.00956798885351342
0.3,LUT,3.125,0.112713353641248,0.0686972469338786,0.21861810931684,-0.0435075378016077,0.00956803164653072
0.3,LUT,3.13,0.112713353641248,0.0686978646506666,0.218400680621878,-0.0434639633450882,0.00956807435017665
0.3,LUT,3.135,0.112713353641248,0.0686984820047526,0.218183469575039,-0.0434204683105346,0.00956811697598783
0.3,LUT,3.14,0.112713353641248,0.068699098947497,0.217966475810684,-0.0433770456669471,0.00956815953085473
0.3,LUT,3.145,0.112713353641248,0.0686997154422356,0.21774969899938,-0.0433336900822123,0.00956820202000291
0.3,LUT,3.15,0.112713353641248,0.0687003314538806,0.217533138816652,-0.0432903964479259,0.00956824444843869
0.3,LUT,3.155,0.112713353641248,0.0687009469508312,0.217316794948727,-0.0432471601504911,0.00956828682068346
0.3,LUT,3.16,0.112713353641248,0.0687015619145329,0.217100667121252,-0.0432039784271208,0.0095683291394448
0.3,LUT,3.165,0.112713353641248,0.0687021763311079,0.216884755074149,-0.0431608491785376,0.00956837140678003
0.3,LUT,3.17,0.112713353641248,0.068702790187264,0.216669058549321,-0.0431177703886707,0.00956841362466493
0.3,LUT,3.175,0.112713353641248,0.0687034034710428,0.2164535772929,-0.0430747402308,0.00956845579488972
0.3,LUT,3.18,0.112713353641248,0.0687040161756007,0.216238311066608,-0.0430317576038632,0.00956849791853345
0.3,LUT,3.185,0.112713353641248,0.0687046282959289,0.2160232596379,-0.0429888216672207,0.00956853999641996
0.3,LUT,3.19,0.112713353641248,0.0687052398272189,0.215808422775053,-0.0429459316087648,0.00956858202934514
0.3,LUT,3.195,0.112713353641248,0.0687058507651578,0.215593800248057,-0.0429030866868612,0.0095686240180358
0.3,LUT,3.2,0.112713353641248,0.0687064611074594,0.215379391833209,-0.0428602864474588,0.00956866596293691
0.3,LUT,3.205,0.112713353641248,0.0687070708525661,0.215165197309215,-0.0428175305399847,0.00956870786439203
0.3,LUT,3.21,0.112713353641248,0.0687076799989704,0.214951216455153,-0.0427748186211527,0.00956874972273761
0.3,LUT,3.215,0.112713353641248,0.0687082885453348,0.21473744905083,-0.0427321503718918,0.00956879153828632
0.3,LUT,3.22,0.112713353641248,0.0687088964911458,0.214523894878749,-0.0426895255901307,0.00956883331123621
0.3,LUT,3.225,0.112713353641248,0.0687095038361873,0.214310553722527,-0.0426469441161679,0.00956887504174378
0.3,LUT,3.23,0.112713353641248,0.0687101105802358,0.214097425365974,-0.0426044057893371,0.00956891672996649
0.3,LUT,3.235,0.112713353641248,0.0687107167231106,0.213884509593251,-0.0425619104552126,0.00956895837605568
0.3,LUT,3.24,0.112713353641248,0.0687113222649869,0.213671806189805,-0.0425194580099237,0.00956899998011314
0.3,LUT,3.245,0.112713353641248,0.0687119272061692,0.213459314941691,-0.0424770483681502,0.00956904154222249
0.3,LUT,3.25,0.112713353641248,0.0687125315469323,0.213247035635092,-0.0424346814404402,0.00956908306247139
0.3,LUT,3.255,0.112713353641248,0.0687131352875448,0.213034968056389,-0.0423923571365989,0.00956912454094824
0.3,LUT,3.26,0.112713353641248,0.0687137384284481,0.212823111992701,-0.0423500753910808,0.00956916597771726
0.3,LUT,3.265,0.112713353641248,0.0687143409701481,0.212611467231559,-0.0423078361476144,0.00956920737283362
0.3,LUT,3.27,0.112713353641248,0.068714942913112,0.212400033560594,-0.0422656393445742,0.0095692487263577
0.3,LUT,3.275,0.112713353641248,0.068715544257782,0.212188810767578,-0.0422234849169207,0.00956929003835323
0.3,LUT,3.28,0.112713353641248,0.0687161450047017,0.211977798640805,-0.042181372814122,0.00956933130886975
0.3,LUT,3.285,0.112713353641248,0.0687167451544537,0.211766996968903,-0.0421393029913002,0.00956937253795124
0.3,LUT,3.29,0.112713353641248,0.0687173447075787,0.211556405540591,-0.042097275397774,0.00956941372564736
0.3,LUT,3.295,0.112713353641248,0.0687179436645852,0.211346024144705,-0.0420552899784337,0.00956945487201212
0.3,LUT,3.3,0.112713353641248,0.0687185420260551,0.211135852570519,-0.0420133466886909,0.00956949597708921
0.3,LUT,3.305,0.112713353641248,0.0687191397925992,0.210925890607609,-0.0419714454881834,0.0095695370409182
0.3,LUT,3.31,0.112713353641248,0.0687197369647854,0.210716138045638,-0.0419295863306157,0.00956957806354446
0.3,LUT,3.315,0.112713353641248,0.0687203335431469,0.210506594674379,-0.0418877691648678,0.00956961904501808
0.3,LUT,3.32,0.112713353641248,0.0687209295282788,0.210297260284005,-0.0418459939487761,0.00956965998538038
0.3,LUT,3.325,0.112713353641248,0.0687215249208013,0.210088134664982,-0.0418042606438096,0.00956970088466912
0.3,LUT,3.33,0.112713353641248,0.0687221197212914,0.209879217607858,-0.0417625692054866,0.00956974174292791
0.3,LUT,3.335,0.112713353641248,0.0687227139302908,0.20967050890329,-0.0417209195843924,0.00956978256020516
0.3,LUT,3.34,0.112713353641248,0.0687233075483982,0.20946200834232,-0.0416793117393954,0.00956982333654118
0.3,LUT,3.345,0.112713353641248,0.0687239005762358,0.209253715716276,-0.0416377456327659,0.00956986407197295
0.3,LUT,3.35,0.112713353641248,0.068724493014383,0.209045630816568,-0.0415962212208409,0.00956990476654327
0.3,LUT,3.355,0.112713353641248,0.0687250848633831,0.208837753434714,-0.0415547384549999,0.00956994542029977
0.3,LUT,3.36,0.112713353641248,0.0687256761238351,0.20863008336261,-0.0415132972946139,0.00956998603328228
0.3,LUT,3.365,0.112713353641248,0.0687262667963602,0.208422620392432,-0.0414718977023458,0.00957002660552738
0.3,LUT,3.37,0.112713353641248,0.0687268568815372,0.208215364316444,-0.0414305396349661,0.00957006713707745
0.3,LUT,3.375,0.112713353641248,0.068727446379909,0.20800831492701,-0.0413892230442947,0.0095701076279797
0.3,LUT,3.38,0.112713353641248,0.0687280352920732,0.207801472016875,-0.0413479478899959,0.00957014807827365
0.3,LUT,3.385,0.112713353641248,0.0687286236186489,0.207594835379057,-0.0413067141349721,0.00957018848799568
0.3,LUT,3.39,0.112713353641248,0.0687292113602133,0.207388404806663,-0.0412655217362676,0.00957022885718786
0.3,LUT,3.395,0.112713353641248,0.0687297985173081,0.207182180092902,-0.0412243706460131,0.00957026918589713
0.3,LUT,3.4,0.112713353641248,0.0687303850905285,0.206976161031357,-0.0411832608240825,0.00957030947416279
0.3,LUT,3.405,0.112713353641248,0.0687309710804915,0.206770347415888,-0.0411421922335595,0.00957034972202103
0.3,LUT,3.41,0.112713353641248,0.0687315564877723,0.206564739040439,-0.0411011648316943,0.00957038992951374
0.3,LUT,3.415,0.112713353641248,0.0687321413129105,0.206359335699057,-0.0410601785708771,0.00957043009668759
0.3,LUT,3.42,0.112713353641248,0.0687327255564994,0.206154137186164,-0.0410192334111645,0.00957047022358171
0.3,LUT,3.425,0.112713353641248,0.0687333092191533,0.205949143296451,-0.040978329315779,0.00957051031023216
0.3,LUT,3.43,0.112713353641248,0.0687338923014452,0.2057443538247,-0.0409374662421804,0.00957055035668061
0.3,LUT,3.435,0.112713353641248,0.068734474803913,0.205539768565793,-0.0408966441429808,0.00957059036297352
0.3,LUT,3.44,0.112713353641248,0.0687350567271473,0.205335387314982,-0.0408558629784039,0.00957063032914986
0.3,LUT,3.445,0.112713353641248,0.0687356380717601,0.205131209867793,-0.0408151227118161,0.00957067025524553
0.3,LUT,3.45,0.112713353641248,0.0687362188383221,0.204927236019835,-0.0407744233008565,0.00957071014130205
0.3,LUT,3.455,0.112713353641248,0.0687367990273692,0.204723465566823,-0.0407337646983645,0.00957074998736564
0.3,LUT,3.46,0.112713353641248,0.0687373786394898,0.20451989830484,-0.040693146864724,0.00957078979347511
0.3,LUT,3.465,0.112713353641248,0.068737957675293,0.204316534030236,-0.0406525697634326,0.00957082955966625
0.3,LUT,3.47,0.112713353641248,0.0687385361353475,0.204113372539451,-0.0406120333523159,0.00957086928598039
0.3,LUT,3.475,0.112713353641248,0.0687391140201871,0.203910413629027,-0.0405715375844284,0.00957090897246352
0.3,LUT,3.48,0.112713353641248,0.0687396913303978,0.203707657095871,-0.0405310824203156,0.00957094861915433
0.3,LUT,3.485,0.112713353641248,0.0687402680665863,0.20350510273716,-0.0404906678236099,0.00957098822608845
0.3,LUT,3.49,0.112713353641248,0.0687408442293189,0.203302750350155,-0.0404502937523059,0.00957102779330704
0.3,LUT,3.495,0.112713353641248,0.0687414198191275,0.203100599732225,-0.040409960159689,0.00957106732085588
0.3,LUT,3.5,0.112713353641248,0.0687419948365957,0.202898650681097,-0.0403696670064484,0.00957110680877351
0.3,LUT,3.505,0.112713353641248,0.0687425692823276,0.20269690299477,-0.0403294142563553,0.00957114625709543
0.3,LUT,3.51,0.112713353641248,0.0687431431568872,0.202495356471327,-0.0402892018675818,0.00957118566586262
0.3,LUT,3.515,0.112713353641248,0.0687437164608046,0.202294010908955,-0.0402490297936247,0.00957122503512067
0.3,LUT,3.52,0.112713353641248,0.0687442891946609,0.202092866106202,-0.0402088979953348,0.00957126436490793
0.3,LUT,3.525,0.112713353641248,0.0687448613590576,0.201891921861884,-0.0401688064366095,0.0095713036552598
0.3,LUT,3.53,0.112713353641248,0.0687454329545566,0.201691177974901,-0.040128755075802,0.00957134290621708
0.3,LUT,3.535,0.112713353641248,0.068746003981686,0.201490634244259,-0.0400887438666171,0.00957138211782514
0.3,LUT,3.54,0.112713353641248,0.0687465744410244,0.201290290469319,-0.0400487727700689,0.00957142129012219
0.3,LUT,3.545,0.112713353641248,0.068747144333171,0.201090146449713,-0.0400088417501792,0.0095714604231435
0.3,LUT,3.55,0.112713353641248,0.0687477136586852,0.200890201985153,-0.0399689507654823,0.00957149951692969
0.3,LUT,3.555,0.112713353641248,0.0687482824180933,0.200690456875461,-0.0399290997698927,0.00957153857152594
0.3,LUT,3.56,0.112713353641248,0.0687488506119715,0.20049091092081,-0.039889288724579,0.00957157758697029
0.3,LUT,3.565,0.112713353641248,0.0687494182409165,0.20029156392164,-0.0398495175936908,0.00957161656329789
0.3,LUT,3.57,0.112713353641248,0.0687499853054856,0.200092415678478,-0.0398097863359439,0.00957165550054918
0.3,LUT,3.575,0.112713353641248,0.0687505518062028,0.199893465991953,-0.0397700949054602,0.00957169439876914
0.3,LUT,3.58,0.112713353641248,0.0687511177436423,0.199694714663049,-0.0397304432635579,0.00957173325799566
0.3,LUT,3.585,0.112713353641248,0.0687516831183981,0.199496161493013,-0.0396908313745303,0.00957177207826376
0.3,LUT,3.59,0.112713353641248,0.0687522479310253,0.199297806283177,-0.0396512591972513,0.00957181085961371
0.3,LUT,3.595,0.112713353641248,0.068752812182046,0.19909964883498,-0.0396117266860632,0.00957184960209029
0.3,LUT,3.6,0.112713353641248,0.068753375872032,0.198901688950211,-0.0395722338024349,0.00957188830573123
0.3,LUT,3.605,0.112713353641248,0.0687539390015749,0.19870392643092,-0.0395327805107897,0.00957192697057142
0.3,LUT,3.61,0.112713353641248,0.0687545015712274,0.198506361079244,-0.0394933667701753,0.00957196559665098
0.3,LUT,3.615,0.112713353641248,0.06875506358151,0.198308992697425,-0.0394539925351438,0.00957200418401445
0.3,LUT,3.62,0.112713353641248,0.0687556250329919,0.198111821088055,-0.0394146577673133,0.00957204273269946
0.3,LUT,3.625,0.112713353641248,0.0687561859262621,0.197914846053983,-0.0393753624312421,0.00957208124274072
0.3,LUT,3.63,0.112713353641248,0.0687567462618715,0.19771806739815,-0.0393361064861448,0.00957211971417822
0.3,LUT,3.635,0.112713353641248,0.0687573060403383,0.197521484923595,-0.0392968898867867,0.00957215814705628
0.3,LUT,3.64,0.112713353641248,0.0687578652622295,0.19732509843371,-0.0392577125949387,0.00957219654141237
0.3,LUT,3.645,0.112713353641248,0.0687584239281318,0.197128907732143,-0.039218574575278,0.0095722348972811
0.3,LUT,3.65,0.112713353641248,0.0687589820385936,0.19693291262263,-0.0391794757872059,0.00957227321470226
0.3,LUT,3.655,0.112713353641248,0.0687595395941313,0.19673711290901,-0.0391404161856777,0.00957231149372
0.3,LUT,3.66,0.112713353641248,0.0687600965953097,0.196541508395467,-0.0391013957326294,0.00957234973437163
0.3,LUT,3.665,0.112713353641248,0.0687606530427129,0.196346098886446,-0.0390624143928662,0.00957238793669162
0.3,LUT,3.67,0.112713353641248,0.0687612089368871,0.196150884186475,-0.0390234721259528,0.00957242610071961
0.3,LUT,3.675,0.112713353641248,0.068761764278347,0.195955864100189,-0.0389845688870594,0.00957246422649954
0.3,LUT,3.68,0.112713353641248,0.0687623190676548,0.195761038432563,-0.0389457046382642,0.00957250231406856
0.3,LUT,3.685,0.112713353641248,0.0687628733053922,0.195566406988833,-0.0389068793445055,0.00957254036346103
0.3,LUT,3.69,0.112713353641248,0.0687634269921035,0.195371969574318,-0.0388680929655187,0.00957257837471643
0.3,LUT,3.695,0.112713353641248,0.0687639801283012,0.195177725994443,-0.0388293454566764,0.00957261634787848
0.3,LUT,3.7,0.112713353641248,0.0687645327145453,0.194983676054973,-0.0387906367802096,0.0095726542829842
0.3,LUT,3.705,0.112713353641248,0.0687650847514151,0.19478981956193,-0.0387519669011844,0.00957269218006782
0.3,LUT,3.71,0.112713353641248,0.0687656362394527,0.194596156321423,-0.0387133357795015,0.00957273003916864
0.3,LUT,3.715,0.112713353641248,0.0687661871791686,0.194402686139662,-0.0386747433707431,0.00957276786033019
0.3,LUT,3.72,0.112713353641248,0.0687667375711207,0.1942094088232,-0.0386361896372911,0.00957280564358934
0.3,LUT,3.725,0.112713353641248,0.0687672874158857,0.194016324178841,-0.0385976745443291,0.0095728433889802
0.3,LUT,3.73,0.112713353641248,0.0687678367140035,0.193823432013479,-0.0385591980519386,0.00957288109654191
0.3,LUT,3.735,0.112713353641248,0.068768385465983,0.193630732134109,-0.0385207601158992,0.00957291876631779
0.3,LUT,3.74,0.112713353641248,0.0687689336723796,0.193438224348065,-0.0384823606987403,0.00957295639834457
0.3,LUT,3.745,0.112713353641248,0.0687694813337676,0.193245908462934,-0.0384439997657733,0.00957299399265624
0.3,LUT,3.75,0.112713353641248,0.0687700284506848,0.19305378428639,-0.0384056772772485,0.00957303154929176
0.3,LUT,3.755,0.112713353641248,0.068770575023638,0.192861851626208,-0.0383673931891444,0.00957306906829427
0.3,LUT,3.76,0.112713353641248,0.0687711210531806,0.192670110290503,-0.0383291474641414,0.00957310654970035
0.3,LUT,3.765,0.112713353641248,0.0687716665398844,0.192478560087639,-0.0382909400676859,0.00957314399354385
0.3,LUT,3.77,0.112713353641248,0.0687722114842851,0.192287200826067,-0.0382527709601845,0.00957318139986357
0.3,LUT,3.775,0.112713353641248,0.0687727558868876,0.192096032314343,-0.0382146400978201,0.00957321876870247
0.3,LUT,3.78,0.112713353641248,0.0687732997482429,0.191905054361354,-0.0381765474434204,0.00957325610009697
0.3,LUT,3.785,0.112713353641248,0.0687738430689206,0.19171426677624,-0.0381384929625579,0.00957329339408081
0.3,LUT,3.79,0.112713353641248,0.0687743858494541,0.191523669368227,-0.0381004766158064,0.00957333065069262
0.3,LUT,3.795,0.112713353641248,0.0687749280903465,0.191333261946644,-0.0380624983595474,0.00957336786997516
0.3,LUT,3.8,0.112713353641248,0.0687754697921466,0.191143044321153,-0.03802455815676,0.00957340505196471
0.3,LUT,3.805,0.112713353641248,0.0687760109554215,0.190953016301665,-0.0379866559731372,0.00957344219669488
0.3,LUT,3.81,0.112713353641248,0.0687765515807026,0.190763177698177,-0.0379487917694199,0.00957347930420415
0.3,LUT,3.815,0.112713353641248,0.0687770916684911,0.19057352832079,-0.0379109655021939,0.00957351637453507
0.3,LUT,3.82,0.112713353641248,0.0687776312193336,0.190384067979934,-0.0378731771345766,0.00957355340772378
0.3,LUT,3.825,0.112713353641248,0.0687781702337946,0.190194796486289,-0.0378354266323946,0.00957359040380378
0.3,LUT,3.83,0.112713353641248,0.0687787087124036,0.190005713650621,-0.0377977139565449,0.00957362736281338
0.3,LUT,3.835,0.112713353641248,0.0687792466556599,0.189816819283798,-0.0377600390638175,0.00957366428479493
0.3,LUT,3.84,0.112713353641248,0.0687797840641077,0.189628113197018,-0.0377224019174793,0.00957370116978444
0.3,LUT,3.845,0.112713353641248,0.0687803209383094,0.189439595201724,-0.0376848024834704,0.00957373801781527
0.3,LUT,3.85,0.112713353641248,0.0687808572787923,0.189251265109448,-0.037647240722869,0.00957377482892558
0.3,LUT,3.855,0.112713353641248,0.0687813930860536,0.189063122731824,-0.0376097165926446,0.00957381160315753
0.3,LUT,3.86,0.112713353641248,0.0687819283606357,0.188875167880811,-0.0375722300562167,0.00957384834054698
0.3,LUT,3.865,0.112713353641248,0.0687824631030984,0.188687400368617,-0.0375347810796534,0.00957388504112717
0.3,LUT,3.87,0.112713353641248,0.0687829973139668,0.188499820007533,-0.0374973696241856,0.00957392170493611
0.3,LUT,3.875,0.112713353641248,0.0687835309937365,0.188312426609957,-0.0374599956469961,0.00957395833201575
0.3,LUT,3.88,0.112713353641248,0.0687840641429475,0.188125219988607,-0.0374226591116358,0.00957399492240182
0.3,LUT,3.885,0.112713353641248,0.0687845967621574,0.187938199956449,-0.0373853599843024,0.00957403147612743
0.3,LUT,3.89,0.112713353641248,0.068785128851889,0.187751366326535,-0.0373480982263903,0.00957406799323043
0.3,LUT,3.895,0.112713353641248,0.0687856604126364,0.187564718912019,-0.0373108737952705,0.0095741044737526
0.3,LUT,3.9,0.112713353641248,0.068786191444937,0.187378257526378,-0.037273686654645,0.0095741409177295
0.3,LUT,3.905,0.112713353641248,0.0687867219493462,0.187191981983333,-0.0372365367708341,0.00957417732519414
0.3,LUT,3.91,0.112713353641248,0.0687872519263849,0.187005892096692,-0.0371994241053919,0.0095742136961842
0.3,LUT,3.915,0.112713353641248,0.0687877813765452,0.186819987680364,-0.0371623486158903,0.00957425003074125
0.3,LUT,3.92,0.112713353641248,0.0687883103003623,0.186634268548581,-0.0371253102661644,0.00957428632890075
0.3,LUT,3.925,0.112713353641248,0.0687888386983893,0.186448734515815,-0.0370883090226624,0.00957432259069558
0.3,LUT,3.93,0.112713353641248,0.0687893665711451,0.186263385396627,-0.0370513448471055,0.00957435881616324
0.3,LUT,3.935,0.112713353641248,0.0687898939191198,0.186078221005679,-0.0370144176972484,0.00957439500534513
0.3,LUT,3.94,0.112713353641248,0.0687904207428466,0.185893241157952,-0.0369775275370792,0.00957443115827656
0.3,LUT,3.945,0.112713353641248,0.0687909470428762,0.185708445668671,-0.0369406743331666,0.00957446727499028
0.3,LUT,3.95,0.112713353641248,0.0687914728197253,0.185523834353142,-0.0369038580473866,0.00957450335552365
0.3,LUT,3.955,0.112713353641248,0.0687919980738824,0.18533940702678,-0.0368670786376928,0.00957453939991789
0.3,LUT,3.96,0.112713353641248,0.0687925228058785,0.185155163505313,-0.0368303360682152,0.00957457540820814
0.3,LUT,3.965,0.112713353641248,0.0687930470162618,0.18497110360471,-0.0367936303056382,0.00957461138042705
0.3,LUT,3.97,0.112713353641248,0.0687935707055472,0.184787227141027,-0.0367569613120082,0.00957464731661183
0.3,LUT,3.975,0.112713353641248,0.0687940938742212,0.184603533930422,-0.0367203290454619,0.00957468321680349
0.3,LUT,3.98,0.112713353641248,0.0687946165228126,0.184420023789369,-0.036683733470273,0.00957471908103705
0.3,LUT,3.985,0.112713353641248,0.0687951386518675,0.184236696534579,-0.0366471745532522,0.00957475490934503
0.3,LUT,3.99,0.112713353641248,0.0687956602618986,0.184053551982853,-0.0366106522565985,0.00957479070176448
0.3,LUT,3.995,0.112713353641248,0.0687961813533954,0.183870589951107,-0.036574166539344,0.00957482645833556
0.3,LUT,4,0.112713353641248,0.0687967019268874,0.183687810256563,-0.0365377173662473,0.00957486217909278
0.3,SCHEDULED_RHS,0,0.112713353641248,0.0693205226144619,0,0,0.00961066971108423
0.3,SCHEDULED_RHS,0.005,0.112713353641248,0.0693205226144619,0,0,0.00961066971108423
0.3,SCHEDULED_RHS,0.01,0.112713353641248,0.0693205226144619,0,0,0.00961066971108423
0.3,SCHEDULED_RHS,0.015,0.112713353641248,0.0693205226144619,0,0,0.00961066971108423
0.3,SCHEDULED_RHS,0.02,0.112713353641248,0.0693205226144619,0,0,0.00961066971108423
0.3,SCHEDULED_RHS,0.025,0.112713353641248,0.0693205226144619,0,0,0.00961066971108423
0.3,SCHEDULED_RHS,0.03,0.112713353641248,0.0693205226144619,0,0,0.00961066971108423
0.3,SCHEDULED_RHS,0.035,0.112713353641248,0.0693205226144619,0,0,0.00961066971108423
0.3,SCHEDULED_RHS,0.04,0.112713353641248,0.0693205226144619,0,0,0.00961066971108423
0.3,SCHEDULED_RHS,0.045,0.112713353641248,0.0693205226144619,0,0,0.00961066971108423
0.3,SCHEDULED_RHS,0.05,0.112713353641248,0.0693205226144619,0,0,0.00961066971108423
0.3,SCHEDULED_RHS,0.055,0.112713353641248,0.0693205226144619,0,0,0.00961066971108423
0.3,SCHEDULED_RHS,0.06,0.112713353641248,0.0693205226144619,0,0,0.00961066971108423
0.3,SCHEDULED_RHS,0.065,0.112713353641248,0.0693205226144619,0,0,0.00961066971108423
0.3,SCHEDULED_RHS,0.07,0.112713353641248,0.0693205226144619,0,0,0.00961066971108423
0.3,SCHEDULED_RHS,0.075,0.112713353641248,0.0693205226144619,0,0,0.00961066971108423
0.3,SCHEDULED_RHS,0.08,0.112713353641248,0.0693205226144619,0,0,0.00961066971108423
0.3,SCHEDULED_RHS,0.085,0.112713353641248,0.0693205226144619,0,0,0.00961066971108423
0.3,SCHEDULED_RHS,0.09,0.112713353641248,0.0693205226144619,0,0,0.00961066971108423
0.3,SCHEDULED_RHS,0.095,0.112713353641248,0.0693205226144619,0,0,0.00961066971108423
0.3,SCHEDULED_RHS,0.1,0.112713353641248,0.0693205226144619,0,0,0.00961066971108423
0.3,SCHEDULED_RHS,0.105,0.112713353641248,0.0693205226144619,0,0,0.00961066971108423
0.3,SCHEDULED_RHS,0.11,0.112713353641248,0.0693205226144619,0,0,0.00961066971108423
0.3,SCHEDULED_RHS,0.115,0.112713353641248,0.0693205226144619,0,0,0.00961066971108423
0.3,SCHEDULED_RHS,0.12,0.112713353641248,0.0693205226144619,0,0,0.00961066971108423
0.3,SCHEDULED_RHS,0.125,0.112713353641248,0.0693205226144619,0,0,0.00961066971108423
0.3,SCHEDULED_RHS,0.13,0.112713353641248,0.0693205226144619,0,0,0.00961066971108423
0.3,SCHEDULED_RHS,0.135,0.112713353641248,0.0693205226144619,0,0,0.00961066971108423
0.3,SCHEDULED_RHS,0.14,0.112713353641248,0.0693205226144619,0,0,0.00961066971108423
0.3,SCHEDULED_RHS,0.145,0.112713353641248,0.0693205226144619,0,0,0.00961066971108423
0.3,SCHEDULED_RHS,0.15,0.112713353641248,0.0693205226144619,0,0,0.00961066971108423
0.3,SCHEDULED_RHS,0.155,0.112713353641248,0.0693205226144619,0,0,0.00961066971108423
0.3,SCHEDULED_RHS,0.16,0.112713353641248,0.0693205226144619,0,0,0.00961066971108423
0.3,SCHEDULED_RHS,0.165,0.112713353641248,0.0693205226144619,0,0,0.00961066971108423
0.3,SCHEDULED_RHS,0.17,0.112713353641248,0.0693205226144619,0,0,0.00961066971108423
0.3,SCHEDULED_RHS,0.175,0.112713353641248,0.0693205226144619,0,0,0.00961066971108423
0.3,SCHEDULED_RHS,0.18,0.112713353641248,0.0693205226144619,0,0,0.00961066971108423
0.3,SCHEDULED_RHS,0.185,0.112713353641248,0.0693205226144619,0,0,0.00961066971108423
0.3,SCHEDULED_RHS,0.19,0.112713353641248,0.0693205226144619,0,0,0.00961066971108423
0.3,SCHEDULED_RHS,0.195,0.112713353641248,0.0693205226144619,0,0,0.00961066971108423
0.3,SCHEDULED_RHS,0.2,0.112713353641248,0.0693205226144619,0,0,0.00961066971108423
0.3,SCHEDULED_RHS,0.205,0.112713353641248,0.0693205226144619,0,0,0.00961066971108423
0.3,SCHEDULED_RHS,0.21,0.112713353641248,0.0693205226144619,0,0,0.00961066971108423
0.3,SCHEDULED_RHS,0.215,0.112713353641248,0.0693205226144619,0,0,0.00961066971108423
0.3,SCHEDULED_RHS,0.22,0.112713353641248,0.0693205226144619,0,0,0.00961066971108423
0.3,SCHEDULED_RHS,0.225,0.112713353641248,0.0693205226144619,0,0,0.00961066971108423
0.3,SCHEDULED_RHS,0.23,0.112713353641248,0.0693205226144619,0,0,0.00961066971108423
0.3,SCHEDULED_RHS,0.235,0.112713353641248,0.0693205226144619,0,0,0.00961066971108423
0.3,SCHEDULED_RHS,0.24,0.112713353641248,0.0693205226144619,0,0,0.00961066971108423
0.3,SCHEDULED_RHS,0.245,0.112713353641248,0.0693205226144619,0,0,0.00961066971108423
0.3,SCHEDULED_RHS,0.25,0.112713353641248,0.0693205226144619,0,0,0.00961066971108423
0.3,SCHEDULED_RHS,0.255,0.112713353641248,0.0693205226144619,0,0,0.00961066971108423
0.3,SCHEDULED_RHS,0.26,0.112713353641248,0.0693205226144619,0,0,0.00961066971108423
0.3,SCHEDULED_RHS,0.265,0.112713353641248,0.0693205226144619,0,0,0.00961066971108423
0.3,SCHEDULED_RHS,0.27,0.112713353641248,0.0693205226144619,0,0,0.00961066971108423
0.3,SCHEDULED_RHS,0.275,0.112713353641248,0.0693205226144619,0,0,0.00961066971108423
0.3,SCHEDULED_RHS,0.28,0.112713353641248,0.0693205226144619,0,0,0.00961066971108423
0.3,SCHEDULED_RHS,0.285,0.112713353641248,0.0693205226144619,0,0,0.00961066971108423
0.3,SCHEDULED_RHS,0.29,0.112713353641248,0.0693205226144619,0,0,0.00961066971108423
0.3,SCHEDULED_RHS,0.295,0.112713353641248,0.0693205226144619,0,0,0.00961066971108423
0.3,SCHEDULED_RHS,0.3,0.112713353641248,0.0693205226144619,0,0,0.00961066971108423
0.3,SCHEDULED_RHS,0.305,0.112713353641248,0.0693205226144619,0,0,0.00961066971108423
0.3,SCHEDULED_RHS,0.31,0.112713353641248,0.0693205226144619,0,0,0.00961066971108423
0.3,SCHEDULED_RHS,0.315,0.112713353641248,0.0693205226144619,0,0,0.00961066971108423
0.3,SCHEDULED_RHS,0.32,0.112713353641248,0.0693205226144619,0,0,0.00961066971108423
0.3,SCHEDULED_RHS,0.325,0.112713353641248,0.0693205226144619,0,0,0.00961066971108423
0.3,SCHEDULED_RHS,0.33,0.112713353641248,0.0693205226144619,0,0,0.00961066971108423
0.3,SCHEDULED_RHS,0.335,0.112713353641248,0.0693205226144619,0,0,0.00961066971108423
0.3,SCHEDULED_RHS,0.34,0.112713353641248,0.0693205226144619,0,0,0.00961066971108423
0.3,SCHEDULED_RHS,0.345,0.112713353641248,0.0693205226144619,0,0,0.00961066971108423
0.3,SCHEDULED_RHS,0.35,0.112713353641248,0.0693205226144619,0,0,0.00961066971108423
0.3,SCHEDULED_RHS,0.355,0.112713353641248,0.0693205226144619,0,0,0.00961066971108423
0.3,SCHEDULED_RHS,0.36,0.112713353641248,0.0693205226144619,0,0,0.00961066971108423
0.3,SCHEDULED_RHS,0.365,0.112713353641248,0.0693205226144619,0,0,0.00961066971108423
0.3,SCHEDULED_RHS,0.37,0.112713353641248,0.0693205226144619,0,0,0.00961066971108423
0.3,SCHEDULED_RHS,0.375,0.112713353641248,0.0693205226144619,0,0,0.00961066971108423
0.3,SCHEDULED_RHS,0.38,0.112713353641248,0.0693205226144619,0,0,0.00961066971108423
0.3,SCHEDULED_RHS,0.385,0.112713353641248,0.0693205226144619,0,0,0.00961066971108423
0.3,SCHEDULED_RHS,0.39,0.112713353641248,0.0693205226144619,0,0,0.00961066971108423
0.3,SCHEDULED_RHS,0.395,0.112713353641248,0.0693205226144619,0,0,0.00961066971108423
0.3,SCHEDULED_RHS,0.4,0.112713353641248,0.0693205226144619,0,0,0.00961066971108423
0.3,SCHEDULED_RHS,0.405,0.112713353641248,0.0693205226144619,0,0,0.00961066971108423
0.3,SCHEDULED_RHS,0.41,0.112713353641248,0.0693205226144619,0,0,0.00961066971108423
0.3,SCHEDULED_RHS,0.415,0.112713353641248,0.0693205226144619,0,0,0.00961066971108423
0.3,SCHEDULED_RHS,0.42,0.112713353641248,0.0693205226144619,0,0,0.00961066971108423
0.3,SCHEDULED_RHS,0.425,0.112713353641248,0.0693205226144619,0,0,0.00961066971108423
0.3,SCHEDULED_RHS,0.43,0.112713353641248,0.0693205226144619,0,0,0.00961066971108423
0.3,SCHEDULED_RHS,0.435,0.112713353641248,0.0693205226144619,0,0,0.00961066971108423
0.3,SCHEDULED_RHS,0.44,0.112713353641248,0.0693205226144619,0,0,0.00961066971108423
0.3,SCHEDULED_RHS,0.445,0.112713353641248,0.0693205226144619,0,0,0.00961066971108423
0.3,SCHEDULED_RHS,0.45,0.112713353641248,0.0693205226144619,0,0,0.00961066971108423
0.3,SCHEDULED_RHS,0.455,0.112713353641248,0.0693205226144619,0,0,0.00961066971108423
0.3,SCHEDULED_RHS,0.46,0.112713353641248,0.0693205226144619,0,0,0.00961066971108423
0.3,SCHEDULED_RHS,0.465,0.112713353641248,0.0693205226144619,0,0,0.00961066971108423
0.3,SCHEDULED_RHS,0.47,0.112713353641248,0.0693205226144619,0,0,0.00961066971108423
0.3,SCHEDULED_RHS,0.475,0.112713353641248,0.0693205226144619,0,0,0.00961066971108423
0.3,SCHEDULED_RHS,0.48,0.112713353641248,0.0693205226144619,0,0,0.00961066971108423
0.3,SCHEDULED_RHS,0.485,0.112713353641248,0.0693205226144619,0,0,0.00961066971108423
0.3,SCHEDULED_RHS,0.49,0.112713353641248,0.0693205226144619,0,0,0.00961066971108423
0.3,SCHEDULED_RHS,0.495,0.112713353641248,0.0693205226144619,0,0,0.00961066971108423
0.3,SCHEDULED_RHS,0.5,0.112713353641248,0.0693205226144619,0,0,0.00961066971108423
0.3,SCHEDULED_RHS,0.505,0.112713353641248,0.0693205226144619,0,0,0.00961066971108423
0.3,SCHEDULED_RHS,0.51,0.112713353641248,0.0693205226144619,0,0,0.00961066971108423
0.3,SCHEDULED_RHS,0.515,0.112713353641248,0.0693205226144619,0,0,0.00961066971108423
0.3,SCHEDULED_RHS,0.52,0.112713353641248,0.0693205226144619,0,0,0.00961066971108423
0.3,SCHEDULED_RHS,0.525,0.112713353641248,0.0693205226144619,0,0,0.00961066971108423
0.3,SCHEDULED_RHS,0.53,0.112713353641248,0.0693205226144619,0,0,0.00961066971108423
0.3,SCHEDULED_RHS,0.535,0.112713353641248,0.0693205226144619,0,0,0.00961066971108423
0.3,SCHEDULED_RHS,0.54,0.112713353641248,0.0693205226144619,0,0,0.00961066971108423
0.3,SCHEDULED_RHS,0.545,0.112713353641248,0.0693205226144619,0,0,0.00961066971108423
0.3,SCHEDULED_RHS,0.55,0.112713353641248,0.0693205226144619,0,0,0.00961066971108423
0.3,SCHEDULED_RHS,0.555,0.112713353641248,0.0693205226144619,0,0,0.00961066971108423
0.3,SCHEDULED_RHS,0.56,0.112713353641248,0.0693205226144619,0,0,0.00961066971108423
0.3,SCHEDULED_RHS,0.565,0.112713353641248,0.0693205226144619,0,0,0.00961066971108423
0.3,SCHEDULED_RHS,0.57,0.112713353641248,0.0693205226144619,0,0,0.00961066971108423
0.3,SCHEDULED_RHS,0.575,0.112713353641248,0.0693205226144619,0,0,0.00961066971108423
0.3,SCHEDULED_RHS,0.58,0.112713353641248,0.0693205226144619,0,0,0.00961066971108423
0.3,SCHEDULED_RHS,0.585,0.112713353641248,0.0693205226144619,0,0,0.00961066971108423
0.3,SCHEDULED_RHS,0.59,0.112713353641248,0.0693205226144619,0,0,0.00961066971108423
0.3,SCHEDULED_RHS,0.595,0.112713353641248,0.0693205226144619,0,0,0.00961066971108423
0.3,SCHEDULED_RHS,0.6,0.112713353641248,0.0693205226144619,0,0,0.00961066971108423
0.3,SCHEDULED_RHS,0.605,0.112713353641248,0.0693205226144619,0,0,0.00961066971108423
0.3,SCHEDULED_RHS,0.61,0.112713353641248,0.0693205226144619,0,0,0.00961066971108423
0.3,SCHEDULED_RHS,0.615,0.112713353641248,0.0693205226144619,0,0,0.00961066971108423
0.3,SCHEDULED_RHS,0.62,0.112713353641248,0.0693205226144619,0,0,0.00961066971108423
0.3,SCHEDULED_RHS,0.625,0.112713353641248,0.0693205226144619,0,0,0.00961066971108423
0.3,SCHEDULED_RHS,0.63,0.112713353641248,0.0693205226144619,0,0,0.00961066971108423
0.3,SCHEDULED_RHS,0.635,0.112713353641248,0.0693205226144619,0,0,0.00961066971108423
0.3,SCHEDULED_RHS,0.64,0.112713353641248,0.0693205226144619,0,0,0.00961066971108423
0.3,SCHEDULED_RHS,0.645,0.112713353641248,0.0693205226144619,0,0,0.00961066971108423
0.3,SCHEDULED_RHS,0.65,0.112713353641248,0.0693205226144619,0,0,0.00961066971108423
0.3,SCHEDULED_RHS,0.655,0.112713353641248,0.0693205226144619,0,0,0.00961066971108423
0.3,SCHEDULED_RHS,0.66,0.112713353641248,0.0693205226144619,0,0,0.00961066971108423
0.3,SCHEDULED_RHS,0.665,0.112713353641248,0.0693205226144619,0,0,0.00961066971108423
0.3,SCHEDULED_RHS,0.67,0.112713353641248,0.0693205226144619,0,0,0.00961066971108423
0.3,SCHEDULED_RHS,0.675,0.112713353641248,0.0693205226144619,0,0,0.00961066971108423
0.3,SCHEDULED_RHS,0.68,0.112713353641248,0.0693205226144619,0,0,0.00961066971108423
0.3,SCHEDULED_RHS,0.685,0.112713353641248,0.0693205226144619,0,0,0.00961066971108423
0.3,SCHEDULED_RHS,0.69,0.112713353641248,0.0693205226144619,0,0,0.00961066971108423
0.3,SCHEDULED_RHS,0.695,0.112713353641248,0.0693205226144619,0,0,0.00961066971108423
0.3,SCHEDULED_RHS,0.7,0.112713353641248,0.0693205226144619,0,0,0.00961066971108423
0.3,SCHEDULED_RHS,0.705,0.112713353641248,0.0693205226144619,0,0,0.00961066971108423
0.3,SCHEDULED_RHS,0.71,0.112713353641248,0.0693205226144619,0,0,0.00961066971108423
0.3,SCHEDULED_RHS,0.715,0.112713353641248,0.0693205226144619,0,0,0.00961066971108423
0.3,SCHEDULED_RHS,0.72,0.112713353641248,0.0693205226144619,0,0,0.00961066971108423
0.3,SCHEDULED_RHS,0.725,0.112713353641248,0.0693205226144619,0,0,0.00961066971108423
0.3,SCHEDULED_RHS,0.73,0.112713353641248,0.0693205226144619,0,0,0.00961066971108423
0.3,SCHEDULED_RHS,0.735,0.112713353641248,0.0693205226144619,0,0,0.00961066971108423
0.3,SCHEDULED_RHS,0.74,0.112713353641248,0.0693205226144619,0,0,0.00961066971108423
0.3,SCHEDULED_RHS,0.745,0.112713353641248,0.0693205226144619,0,0,0.00961066971108423
0.3,SCHEDULED_RHS,0.75,0.112713353641248,0.0693205226144619,0,0,0.00961066971108423
0.3,SCHEDULED_RHS,0.755,0.112713353641248,0.0693205226144619,0,0,0.00961066971108423
0.3,SCHEDULED_RHS,0.76,0.112713353641248,0.0693205226144619,0,0,0.00961066971108423
0.3,SCHEDULED_RHS,0.765,0.112713353641248,0.0693205226144619,0,0,0.00961066971108423
0.3,SCHEDULED_RHS,0.77,0.112713353641248,0.0693205226144619,0,0,0.00961066971108423
0.3,SCHEDULED_RHS,0.775,0.112713353641248,0.0693205226144619,0,0,0.00961066971108423
0.3,SCHEDULED_RHS,0.78,0.112713353641248,0.0693205226144619,0,0,0.00961066971108423
0.3,SCHEDULED_RHS,0.785,0.112713353641248,0.0693205226144619,0,0,0.00961066971108423
0.3,SCHEDULED_RHS,0.79,0.112713353641248,0.0693205226144619,0,0,0.00961066971108423
0.3,SCHEDULED_RHS,0.795,0.112713353641248,0.0693205226144619,0,0,0.00961066971108423
0.3,SCHEDULED_RHS,0.8,0.112713353641248,0.0693205226144619,0,0,0.00961066971108423
0.3,SCHEDULED_RHS,0.805,0.112713353641248,0.0693205226144619,0,0,0.00961066971108423
0.3,SCHEDULED_RHS,0.81,0.112713353641248,0.0693205226144619,0,0,0.00961066971108423
0.3,SCHEDULED_RHS,0.815,0.112713353641248,0.0693205226144619,0,0,0.00961066971108423
0.3,SCHEDULED_RHS,0.82,0.112713353641248,0.0693205226144619,0,0,0.00961066971108423
0.3,SCHEDULED_RHS,0.825,0.112713353641248,0.0693205226144619,0,0,0.00961066971108423
0.3,SCHEDULED_RHS,0.83,0.112713353641248,0.0693205226144619,0,0,0.00961066971108423
0.3,SCHEDULED_RHS,0.835,0.112713353641248,0.0693205226144619,0,0,0.00961066971108423
0.3,SCHEDULED_RHS,0.84,0.112713353641248,0.0693205226144619,0,0,0.00961066971108423
0.3,SCHEDULED_RHS,0.845,0.112713353641248,0.0693205226144619,0,0,0.00961066971108423
0.3,SCHEDULED_RHS,0.85,0.112713353641248,0.0693205226144619,0,0,0.00961066971108423
0.3,SCHEDULED_RHS,0.855,0.112713353641248,0.0693205226144619,0,0,0.00961066971108423
0.3,SCHEDULED_RHS,0.86,0.112713353641248,0.0693205226144619,0,0,0.00961066971108423
0.3,SCHEDULED_RHS,0.865,0.112713353641248,0.0693205226144619,0,0,0.00961066971108423
0.3,SCHEDULED_RHS,0.87,0.112713353641248,0.0693205226144619,0,0,0.00961066971108423
0.3,SCHEDULED_RHS,0.875,0.112713353641248,0.0693205226144619,0,0,0.00961066971108423
0.3,SCHEDULED_RHS,0.88,0.112713353641248,0.0693205226144619,0,0,0.00961066971108423
0.3,SCHEDULED_RHS,0.885,0.112713353641248,0.0693205226144619,0,0,0.00961066971108423
0.3,SCHEDULED_RHS,0.89,0.112713353641248,0.0693205226144619,0,0,0.00961066971108423
0.3,SCHEDULED_RHS,0.895,0.112713353641248,0.0693205226144619,0,0,0.00961066971108423
0.3,SCHEDULED_RHS,0.9,0.112713353641248,0.0693205226144619,0,0,0.00961066971108423
0.3,SCHEDULED_RHS,0.905,0.112713353641248,0.0693205226144619,0,0,0.00961066971108423
0.3,SCHEDULED_RHS,0.91,0.112713353641248,0.0693205226144619,0,0,0.00961066971108423
0.3,SCHEDULED_RHS,0.915,0.112713353641248,0.0693205226144619,0,0,0.00961066971108423
0.3,SCHEDULED_RHS,0.92,0.112713353641248,0.0693205226144619,0,0,0.00961066971108423
0.3,SCHEDULED_RHS,0.925,0.112713353641248,0.0693205226144619,0,0,0.00961066971108423
0.3,SCHEDULED_RHS,0.93,0.112713353641248,0.0693205226144619,0,0,0.00961066971108423
0.3,SCHEDULED_RHS,0.935,0.112713353641248,0.0693205226144619,0,0,0.00961066971108423
0.3,SCHEDULED_RHS,0.94,0.112713353641248,0.0693205226144619,0,0,0.00961066971108423
0.3,SCHEDULED_RHS,0.945,0.112713353641248,0.0693205226144619,0,0,0.00961066971108423
0.3,SCHEDULED_RHS,0.95,0.112713353641248,0.0693205226144619,0,0,0.00961066971108423
0.3,SCHEDULED_RHS,0.955,0.112713353641248,0.0693205226144619,0,0,0.00961066971108423
0.3,SCHEDULED_RHS,0.96,0.112713353641248,0.0693205226144619,0,0,0.00961066971108423
0.3,SCHEDULED_RHS,0.965,0.112713353641248,0.0693205226144619,0,0,0.00961066971108423
0.3,SCHEDULED_RHS,0.97,0.112713353641248,0.0693205226144619,0,0,0.00961066971108423
0.3,SCHEDULED_RHS,0.975,0.112713353641248,0.0693205226144619,0,0,0.00961066971108423
0.3,SCHEDULED_RHS,0.98,0.112713353641248,0.0693205226144619,0,0,0.00961066971108423
0.3,SCHEDULED_RHS,0.985,0.112713353641248,0.0693205226144619,0,0,0.00961066971108423
0.3,SCHEDULED_RHS,0.99,0.112713353641248,0.0693205226144619,0,0,0.00961066971108423
0.3,SCHEDULED_RHS,0.995,0.112713353641248,0.0693205226144619,0,0,0.00961066971108423
0.3,SCHEDULED_RHS,1,0.112713353641248,0.0693205225484839,-6.27343109507797e-10,9.60323198739843e-09,0.00961066972049555
0.3,SCHEDULED_RHS,1.005,0.112713676616656,0.0693205268962987,3.99614017176932e-08,2.4593749829549e-05,0.00961069381334205
0.3,SCHEDULED_RHS,1.01,0.112714645463189,0.0693205557257288,3.22976121758563e-07,9.60357384354182e-05,0.00961076382760339
0.3,SCHEDULED_RHS,1.015,0.112716259941801,0.0693206284935304,1.07373801676828e-06,0.000211461203534213,0.00961087694635661
0.3,SCHEDULED_RHS,1.02,0.112718519654142,0.0693207605780881,2.50659648134448e-06,0.000368560608066559,0.00961103090621944
0.3,SCHEDULED_RHS,1.025,0.112721424042662,0.0693209641999429,4.82566149049445e-06,0.000565460072811774,0.00961122387076105
0.3,SCHEDULED_RHS,1.03,0.112724972390747,0.0693212483772468,8.22519216023936e-06,0.000800727393329481,0.00961145443639878
0.3,SCHEDULED_RHS,1.035,0.112729163822895,0.069321620563197,1.2894391796138e-05,0.00107314016625182,0.00961172140515831
0.3,SCHEDULED_RHS,1.04,0.112733997304933,0.0693220865544403,1.90170855570297e-05,0.00138169881294203,0.009612023797437
0.3,SCHEDULED_RHS,1.045,0.112739471644271,0.0693226501277534,2.67706001460053e-05,0.00172567808405333,0.0096123609024792
0.3,SCHEDULED_RHS,1.05,0.112745585490198,0.0693233149548861,3.63314600794626e-05,0.00210435585401569,0.00961273201259061
0.3,SCHEDULED_RHS,1.055,0.112752337334214,0.0693240832657904,4.78713388904157e-05,0.00251720253353938,0.00961313660876548
0.3,SCHEDULED_RHS,1.06,0.112759725510402,0.0693249566915085,6.155955260643e-05,0.00296376171301027,0.00961357424371526
0.3,SCHEDULED_RHS,1.065,0.112767748195842,0.0693259367480788,7.75644645540843e-05,0.00344358167157566,0.00961404447474651
0.3,SCHEDULED_RHS,1.07,0.112776403411054,0.0693270238087358,9.60503699523462e-05,0.00395636101878871,0.00961454700649188
0.3,SCHEDULED_RHS,1.075,0.112785689020495,0.0693282186941669,0.000117182222444182,0.00450172348866396,0.00961508147020485
0.3,SCHEDULED_RHS,1.08,0.112795602733079,0.0693295213499253,0.000141121628951767,0.00507940534572704,0.00961564760742055
0.3,SCHEDULED_RHS,1.085,0.112806142102745,0.0693309317506596,0.000168029526146607,0.00568912735899296,0.00961624514448826
0.3,SCHEDULED_RHS,1.09,0.112817304529063,0.0693324498379305,0.000198065949856755,0.00633060367950478,0.00961687380127156
0.3,SCHEDULED_RHS,1.095,0.11282908725787,0.0693340748981231,0.000231388137493015,0.00700363001765325,0.00961753337756344
0.3,SCHEDULED_RHS,1.1,0.112841487381955,0.0693358068226665,0.000268154264004974,0.00770790521423947,0.00961822357822321
0.3,SCHEDULED_RHS,1.105,0.112854501841771,0.0693376446600418,0.000308519064651811,0.00844323640659361,0.00961894421424244
0.3,SCHEDULED_RHS,1.11,0.112868127426197,0.0693395879387903,0.000352637764698806,0.00920935171189008,0.00961969501917172
0.3,SCHEDULED_RHS,1.115,0.112882360773323,0.0693416358687435,0.000400663643747202,0.0100060134430482,0.00962047576007403
0.3,SCHEDULED_RHS,1.12,0.112897198371283,0.0693437874580484,0.000452748354707747,0.0108330016078568,0.00962128622135357
0.3,SCHEDULED_RHS,1.125,0.112912636559123,0.0693460421417444,0.000509043765480403,0.0116900249703882,0.00962212611759459
0.3,SCHEDULED_RHS,1.13,0.1129286715277,0.0693483986031095,0.00056969839358306,0.0125768880619965,0.00962299525723477
0.3,SCHEDULED_RHS,1.135,0.112945299320626,0.0693508562279008,0.000634861726313106,0.0134932853125438,0.00962389334081062
0.3,SCHEDULED_RHS,1.14,0.112962515835242,0.0693534137864241,0.000704680233695433,0.0144389877896138,0.00962482014396481
0.3,SCHEDULED_RHS,1.145,0.11298031682363,0.0693560702710876,0.00077929984613947,0.0154137246722001,0.00962577540128855
0.3,SCHEDULED_RHS,1.15,0.112998697893664,0.0693588247606016,0.00085886550654439,0.0164172025824474,0.00962675882526694
0.3,SCHEDULED_RHS,1.155,0.113017654510088,0.0693616758294462,0.000943519370545594,0.0174491893026349,0.00962777018832303
0.3,SCHEDULED_RHS,1.16,0.113037181995641,0.0693646227232163,0.00103340428934368,0.0185093474392684,0.00962880915980592
0.3,SCHEDULED_RHS,1.165,0.11305727553221,0.0693676639349456,0.00112865951053316,0.0195974361230071,0.00962987550365991
0.3,SCHEDULED_RHS,1.17,0.113077930162013,0.0693707984867081,0.00122942448454104,0.0207131296334211,0.00963096890067392
0.3,SCHEDULED_RHS,1.175,0.113099140788831,0.0693740251435604,0.00133583647173801,0.0218561288139867,0.00963208905766988
0.3,SCHEDULED_RHS,1.18,0.113120902179258,0.0693773424845721,0.00144803072636098,0.0230261511158627,0.00963323569774554
0.3,SCHEDULED_RHS,1.185,0.113143208963997,0.069380749568616,0.00156614245232188,0.02422283644594,0.00963440846800403
0.3,SCHEDULED_RHS,1.19,0.113166055639183,0.0693842447270838,0.00169030315710231,0.0254459182089892,0.00963560710717789
0.3,SCHEDULED_RHS,1.195,0.11318943656774,0.0693878269746257,0.0018206448430583,0.0266950236894736,0.00963683125000008
0.3,SCHEDULED_RHS,1.2,0.113213345980775,0.0693914948192908,0.00195729640948733,0.0279698426282486,0.00963808059241181
0.3,SCHEDULED_RHS,1.205,0.113237777978996,0.0693952468667472,0.00210038543392734,0.0292700417948115,0.009639354807842
0.3,SCHEDULED_RHS,1.21,0.113262726534175,0.0693990819743572,0.00225003859655263,0.0305952433042194,0.00964065352595752
0.3,SCHEDULED_RHS,1.215,0.113288185490629,0.0694029983870956,0.0024063790657208,0.0319451470560832,0.00964197645265531
0.3,SCHEDULED_RHS,1.22,0.113314148566741,0.0694069950597548,0.00256953042317868,0.0333193436949841,0.0096433231867607
0.3,SCHEDULED_RHS,1.225,0.11334060935651,0.0694110703090796,0.00273961259750403,0.0347175055341733,0.00964469340713555
0.3,SCHEDULED_RHS,1.23,0.113367561331133,0.0694152227448594,0.00291674462412279,0.0361392548858319,0.00964608674363994
0.3,SCHEDULED_RHS,1.235,0.113394997840613,0.069419451044125,0.00310104393486123,0.0375841961616104,0.00964750280859111
0.3,SCHEDULED_RHS,1.24,0.113422912115402,0.0694237533975866,0.0032926246780037,0.0390519943477017,0.00964894127367033
0.3,SCHEDULED_RHS,1.245,0.113451297268071,0.0694281286674951,0.00349160113391425,0.0405422170554317,0.00965040171512994
0.3,SCHEDULED_RHS,1.25,0.113480146295007,0.0694325750519777,0.00369808381079873,0.0420545345585683,0.00965188380983312
0.3,SCHEDULED_RHS,1.255,0.113509452078145,0.0694370911286789,0.00391218237909123,0.0435885053315115,0.0096533871250779
0.3,SCHEDULED_RHS,1.26,0.113539207386721,0.0694416754383076,0.00413400441225856,0.0451437130579571,0.00965491125286782
0.3,SCHEDULED_RHS,1.265,0.113569404879059,0.069446326107319,0.00436365427507351,0.04671979248144,0.00965645583524585
0.3,SCHEDULED_RHS,1.27,0.113600037104379,0.0694510419068553,0.00460123625872443,0.0483162797048973,0.00965802041758565
0.3,SCHEDULED_RHS,1.275,0.113631096504637,0.0694558209339621,0.00484685060924379,0.0499327989566325,0.00965960463162511
0.3,SCHEDULED_RHS,1.28,0.113662575416392,0.0694606616841433,0.00510059671207369,0.0515689109651358,0.0096612080468713
0.3,SCHEDULED_RHS,1.285,0.113694466072693,0.0694655626264747,0.00536257179142681,0.0532241732381937,0.00966283022967497
0.3,SCHEDULED_RHS,1.29,0.113726760604998,0.0694705218061721,0.00563286970065345,0.0548981964459365,0.00966447079848677
0.3,SCHEDULED_RHS,1.295,0.113759451045114,0.0694755379150002,0.00591158409617389,0.0565904931224424,0.00966612927558253
0.3,SCHEDULED_RHS,1.3,0.113792529327164,0.0694806090102579,0.00619880458222982,0.0583006590751349,0.00966780526484721
0.3,SCHEDULED_RHS,1.305,0.113825987289577,0.0694857334628475,0.00649461952477497,0.0600282393990508,0.00966949832046687
0.3,SCHEDULED_RHS,1.31,0.113859816677102,0.0694909097304051,0.00679911534580021,0.061772760741464,0.00967120797854846
0.3,SCHEDULED_RHS,1.315,0.113894009142843,0.0694961357600392,0.00711237471873137,0.0635338159588219,0.00967293384008497
0.3,SCHEDULED_RHS,1.32,0.11392855625032,0.069501410159588,0.0074344800458702,0.0653108985768505,0.00967467540872372
0.3,SCHEDULED_RHS,1.325,0.113963449475554,0.069506731009193,0.00776550988301952,0.0671035710881167,0.00967643225570061
0.3,SCHEDULED_RHS,1.33,0.113998680209161,0.0695120964981318,0.0081055408251519,0.0689113750205106,0.00967820393170583
0.3,SCHEDULED_RHS,1.335,0.114034239758485,0.0695175051188804,0.00845464806189459,0.0707338036583298,0.00967998994015011
0.3,SCHEDULED_RHS,1.34,0.114070119349741,0.0695229547543353,0.00881290263211487,0.0725704313310782,0.00968178986386973
0.3,SCHEDULED_RHS,1.345,0.114106310130175,0.069528443868413,0.00918037496197789,0.0744207451642982,0.00968360320023974
0.3,SCHEDULED_RHS,1.35,0.114142803170255,0.0695339706537792,0.00955713229687787,0.0762842658139125,0.00968542947949547
0.3,SCHEDULED_RHS,1.355,0.114179589465868,0.0695395330778529,0.00994323882401683,0.0781605411260138,0.00968726825851906
0.3,SCHEDULED_RHS,1.36,0.114216659940546,0.0695451296580099,0.0103387579677786,0.0800490366668232,0.00968911901355708
0.3,SCHEDULED_RHS,1.365,0.114254005447706,0.0695507583296861,0.0107437489911519,0.0819492959973562,0.00969098129729221
0.3,SCHEDULED_RHS,1.37,0.1142916167729,0.0695564172933202,0.0111582695109984,0.083860821056458,0.00969285462161678
0.3,SCHEDULED_RHS,1.375,0.114329484636099,0.0695621049177222,0.0115823751898725,0.0857830860129294,0.00969473847120801
0.3,SCHEDULED_RHS,1.38,0.114367599693972,0.06956781903619,0.0120161176208175,0.0877156369914545,0.00969663240126103
0.3,SCHEDULED_RHS,1.385,0.114405952542201,0.0695735580372247,0.0124595475689388,0.0896579379981564,0.00969853588649349
0.3,SCHEDULED_RHS,1.39,0.114444533717794,0.0695793200803368,0.012912712613282,0.0916094820102948,0.00970044843001521
0.3,SCHEDULED_RHS,1.395,0.114483333701422,0.0695851030492305,0.0133756569962255,0.0935697977735206,0.00970236956998959
0.3,SCHEDULED_RHS,1.4,0.11452234291977,0.0695909053879906,0.0138484241047008,0.0955383317416114,0.00970429876393272
0.3,SCHEDULED_RHS,1.405,0.114561551747898,0.0695967250852861,0.0143310534243959,0.0975145919074727,0.00970623552966998
0.3,SCHEDULED_RHS,1.41,0.114600950511614,0.0696025601502534,0.0148235819506618,0.0994980806910899,0.0097081793795652
0.3,SCHEDULED_RHS,1.415,0.114640529489863,0.0696084089820783,0.0153260452776666,0.101488242872895,0.00971012976949457
0.3,SCHEDULED_RHS,1.42,0.114680278917123,0.0696142694722335,0.015838474908799,0.103484592722088,0.00971208622343433
0.3,SCHEDULED_RHS,1.425,0.114720188985819,0.0696201397444751,0.016360900456041,0.105486609551413,0.00971404823110287
0.3,SCHEDULED_RHS,1.43,0.114760249848738,0.0696260181270134,0.0168933495450121,0.107493741847689,0.00971601525200868
0.3,SCHEDULED_RHS,1.435,0.114800451621461,0.0696319024731634,0.017435845780378,0.10950550350864,0.00971798680976396
0.3,SCHEDULED_RHS,1.44,0.114840784384804,0.0696377909769587,0.0179884111711047,0.111521358720472,0.00971996237926285
0.3,SCHEDULED_RHS,1.445,0.114881238187259,0.0696436819117817,0.018551065341224,0.113540759106924,0.00972194142308807
0.3,SCHEDULED_RHS,1.45,0.114921803047457,0.0696495731297384,0.019123824030924,0.11556321469171,0.00972392346105524
0.3,SCHEDULED_RHS,1.455,0.114962468956625,0.0696554628471234,0.0197067014326268,0.117588183051705,0.00972590796158124
0.3,SCHEDULED_RHS,1.46,0.115003225881059,0.0696613493158487,0.0202997092039321,0.119615115963629,0.00972789438739872
0.3,SCHEDULED_RHS,1.465,0.115044063764597,0.0696672304095735,0.0209028552294779,0.121643518097921,0.00972988225307701
0.3,SCHEDULED_RHS,1.47,0.115084972531103,0.0696731043227887,0.0215161457006649,0.123672848394113,0.0097318710283684
0.3,SCHEDULED_RHS,1.475,0.115125942086951,0.0696789693191597,0.0221395843604999,0.12570255583212,0.00973386017326466
0.3,SCHEDULED_RHS,1.48,0.115166962323516,0.0696848233199723,0.022773171274152,0.127732137795665,0.00973584919519398
0.3,SCHEDULED_RHS,1.485,0.115208023119668,0.0696906644548497,0.0234169044679584,0.129761062427175,0.00973783757292767
0.3,SCHEDULED_RHS,1.49,0.11524911434427,0.0696964910167745,0.024070779792747,0.131788775184965,0.00973982476300625
0.3,SCHEDULED_RHS,1.495,0.115290225858677,0.0697023010164981,0.0247347895948151,0.133814762014207,0.00974181026164797
0.3,SCHEDULED_RHS,1.5,0.115331347519239,0.0697080924914923,0.0254089236360912,0.13583850587662,0.00974379356214728
0.3,SCHEDULED_RHS,1.505,0.115372469179801,0.0697138637423711,0.0260931697979978,0.137859453538056,0.00974577412232608
0.3,SCHEDULED_RHS,1.51,0.115413580694209,0.069719612903086,0.0267875128021696,0.139877076505012,0.00974775142425252
0.3,SCHEDULED_RHS,1.515,0.115454671918811,0.0697253379805215,0.027491934329169,0.141890865622679,0.00974972496894695
0.3,SCHEDULED_RHS,1.52,0.115495732714963,0.0697310371995348,0.0282064140478603,0.143900282514426,0.0097516942287919
0.3,SCHEDULED_RHS,1.525,0.115536752951528,0.0697367087731792,0.0289309289346239,0.145904792248334,0.00975365867954575
0.3,SCHEDULED_RHS,1.53,0.115577722507375,0.0697423508308183,0.0296654530624675,0.147903873689614,0.00975561781048829
0.3,SCHEDULED_RHS,1.535,0.115618631273881,0.0697479615322211,0.0304099579496964,0.149897003571448,0.0097575711088099
0.3,SCHEDULED_RHS,1.54,0.115659469157419,0.0697535390525922,0.0311644124843326,0.15188364801104,0.00975951805129712
0.3,SCHEDULED_RHS,1.545,0.115700226081853,0.0697590815335777,0.0319287828060953,0.153863297364159,0.00976145813849066
0.3,SCHEDULED_RHS,1.55,0.115740891991021,0.0697645872198505,0.0327030327476777,0.155835427076463,0.00976339085631911
0.3,SCHEDULED_RHS,1.555,0.115781456851219,0.0697700544557379,0.0334871238195787,0.157799498400715,0.00976531567680179
0.3,SCHEDULED_RHS,1.56,0.115821910653675,0.0697754813002743,0.034281014053482,0.159755016042501,0.00976723211454244
0.3,SCHEDULED_RHS,1.565,0.115862243417017,0.0697808658432971,0.0350846589631502,0.161701483688176,0.00976913968314598
0.3,SCHEDULED_RHS,1.57,0.115902445189741,0.0697862064720177,0.0358980123427368,0.16363836654441,0.00977103785850661
0.3,SCHEDULED_RHS,1.575,0.11594250605266,0.0697915016868327,0.0367210257242651,0.16556511755566,0.00977292610450138
0.3,SCHEDULED_RHS,1.58,0.115982416121355,0.0697967494557521,0.0375536464699117,0.167481268785012,0.00977480396254483
0.3,SCHEDULED_RHS,1.585,0.116022165548616,0.06980194790946,0.0383958198532323,0.169386333416869,0.00977667095555009
0.3,SCHEDULED_RHS,1.59,0.116061744526864,0.0698070956031075,0.0392474898453935,0.171279768974717,0.00977852655188174
0.3,SCHEDULED_RHS,1.595,0.11610114329058,0.0698121909512862,0.0401085974447385,0.173161057324494,0.00978037024376031
0.3,SCHEDULED_RHS,1.6,0.116140352118708,0.0698172319193346,0.040979079774033,0.175029748458215,0.00978220159017098
0.3,SCHEDULED_RHS,1.605,0.116179361337057,0.0698222168937126,0.0418588726844257,0.176885337744666,0.00978402009656731
0.3,SCHEDULED_RHS,1.61,0.116218161320685,0.0698271445280993,0.0427479103054237,0.178727287862381,0.00978582523636588
0.3,SCHEDULED_RHS,1.615,0.116256742496277,0.0698320128790724,0.0436461224920771,0.180555151054678,0.00978761657075817
0.3,SCHEDULED_RHS,1.62,0.116295095344506,0.0698368202361163,0.0445534373111863,0.182368452083907,0.0097893936340039
0.3,SCHEDULED_RHS,1.625,0.11633321040238,0.0698415653234882,0.0454697816521171,0.184166659913645,0.00979115590567909
0.3,SCHEDULED_RHS,1.63,0.116371078265578,0.0698462463325513,0.046395078367261,0.185949324549563,0.00979290294478229
0.3,SCHEDULED_RHS,1.635,0.116408689590773,0.069850861525349,0.0473292480871649,0.187715991975329,0.00979463430637044
0.3,SCHEDULED_RHS,1.64,0.116446035097932,0.0698554096748365,0.0482722105425624,0.189466142169818,0.00979634948081472
0.3,SCHEDULED_RHS,1.645,0.116483105572611,0.0698598890522004,0.0492238815724206,0.191199332292467,0.00979804803412449
0.3,SCHEDULED_RHS,1.65,0.116519891868224,0.0698642979566425,0.050184174721701,0.192915122041086,0.00979972953479675
0.3,SCHEDULED_RHS,1.655,0.116556384908303,0.0698686352218024,0.0511530027616478,0.194613002322372,0.00980139348391214
0.3,SCHEDULED_RHS,1.66,0.116592575688737,0.0698728991378244,0.0521302745065194,0.196292547636562,0.00980303946447426
0.3,SCHEDULED_RHS,1.665,0.116628455279993,0.0698770880995928,0.053115896764927,0.197953324710683,0.00980466705186884
0.3,SCHEDULED_RHS,1.67,0.116664014829318,0.0698812010022412,0.0541097755313501,0.199594836830986,0.00980627575930869
0.3,SCHEDULED_RHS,1.675,0.116699245562925,0.0698852361146321,0.0551118126621059,0.201216683071017,0.00980786519387963
0.3,SCHEDULED_RHS,1.68,0.116734138788158,0.0698891919901585,0.0561219086076155,0.202818429854753,0.00980943493067041
0.3,SCHEDULED_RHS,1.685,0.116768685895636,0.0698930675426474,0.0571399626553944,0.20439960041359,0.00981098450244037
0.3,SCHEDULED_RHS,1.69,0.116802878361377,0.0698968610285692,0.0581658699328491,0.205959818644903,0.00981251354060308
0.3,SCHEDULED_RHS,1.695,0.116836707748902,0.0699005712181509,0.0591995249128155,0.207498643929023,0.00981402161334441
0.3,SCHEDULED_RHS,1.7,0.116870165711315,0.0699041969461538,0.0602408200984338,0.209015634718357,0.00981550828794083
0.3,SCHEDULED_RHS,1.705,0.116903243993365,0.0699077365399283,0.061289644354314,0.210510429435358,0.00981697321004073
0.3,SCHEDULED_RHS,1.71,0.116935934433481,0.069911188997428,0.0623458864306636,0.211982580324173,0.00981841594083639
0.3,SCHEDULED_RHS,1.715,0.116968228965785,0.0699145529802574,0.0634094319957254,0.213431695762383,0.00981983609653175
0.3,SCHEDULED_RHS,1.72,0.117000119622086,0.0699178270163556,0.0644801642703783,0.214857411793535,0.00982123332044381
0.3,SCHEDULED_RHS,1.725,0.117031598533841,0.0699210102499472,0.065557966278156,0.216259286415532,0.00982260717940363
0.3,SCHEDULED_RHS,1.73,0.1170626579341,0.0699241011652838,0.0666427170845875,0.217636979887908,0.00982395734046028
0.3,SCHEDULED_RHS,1.735,0.11709329015942,0.0699270986212859,0.0677342949015483,0.21899010882281,0.00982528342788767
0.3,SCHEDULED_RHS,1.74,0.117123487651757,0.0699300016909634,0.0688325766338562,0.220318269002544,0.00982658504554618
0.3,SCHEDULED_RHS,1.745,0.117153242960334,0.0699328088637862,0.0699374355452942,0.22162114810434,0.00982786188735463
0.3,SCHEDULED_RHS,1.75,0.117182548743472,0.0699355193359789,0.0710487451189482,0.222898343712345,0.00982911355893922
0.3,SCHEDULED_RHS,1.755,0.117211397770408,0.0699381319155492,0.0721663758339526,0.224149518012076,0.00983033972923649
0.3,SCHEDULED_RHS,1.76,0.117239782923076,0.0699406453705374,0.073290196236278,0.225374348763776,0.00983154008244646
0.3,SCHEDULED_RHS,1.765,0.117267697197865,0.0699430590240712,0.0744200747312714,0.226572445451463,0.00983271423585739
0.3,SCHEDULED_RHS,1.77,0.117295133707345,0.0699453714862732,0.075555875854401,0.227743528389587,0.00983386191537308
0.3,SCHEDULED_RHS,1.775,0.117322085681968,0.069947581964554,0.076697464194882,0.228887243913814,0.00983498277439699
0.3,SCHEDULED_RHS,1.78,0.117348546471738,0.0699496895475369,0.0778447022983063,0.230003265574824,0.00983607649300369
0.3,SCHEDULED_RHS,1.785,0.117374509547849,0.069951693021052,0.0789974501602279,0.231091320222452,0.00983714280350177
0.3,SCHEDULED_RHS,1.79,0.117399968504303,0.0699535918625402,0.0801555682068559,0.232151047786918,0.00983818135301723
0.3,SCHEDULED_RHS,1.795,0.117424917059482,0.069955384853696,0.0813189132135049,0.233182197190279,0.00983919189548978
0.3,SCHEDULED_RHS,1.8,0.117449349057704,0.0699570712574091,0.0824873418350368,0.234184460357916,0.00984017412900151
0.3,SCHEDULED_RHS,1.805,0.117473258470738,0.0699586503667808,0.0836607092972099,0.235157535979596,0.00984112775826368
0.3,SCHEDULED_RHS,1.81,0.117496639399296,0.0699601210604943,0.0848388681190578,0.236101192358193,0.00984205255620951
0.3,SCHEDULED_RHS,1.815,0.117519486074482,0.0699614829524783,0.0860216715563673,0.237015105276926,0.0098429482051015
0.3,SCHEDULED_RHS,1.82,0.117541792859221,0.0699627349759115,0.0872089694374279,0.23789905792353,0.00984381449246025
0.3,SCHEDULED_RHS,1.825,0.117563554249648,0.0699638765161214,0.0884006115644701,0.238752781115107,0.00984465115448234
0.3,SCHEDULED_RHS,1.83,0.117584764876466,0.0699649070062812,0.0895964465456042,0.239576010452554,0.00984545793205253
0.3,SCHEDULED_RHS,1.835,0.117605419506269,0.0699658254662512,0.0907963204704486,0.240368551482661,0.00984623463460364
0.3,SCHEDULED_RHS,1.84,0.117625513042837,0.0699666316531635,0.0920000803573039,0.241130117432268,0.00984698098109351
0.3,SCHEDULED_RHS,1.845,0.117645040528391,0.0699673246179407,0.0932075699104159,0.241860532981651,0.00984769679970608
0.3,SCHEDULED_RHS,1.85,0.117663997144815,0.0699679039311781,0.0944186331978893,0.242559561365248,0.00984838185840741
0.3,SCHEDULED_RHS,1.855,0.117682378214848,0.0699683691103274,0.0956331129859774,0.243226985284517,0.00984903594424156
0.3,SCHEDULED_RHS,1.86,0.117700179203236,0.0699687193616458,0.0968508500193647,0.243862643391402,0.0098496588990849
0.3,SCHEDULED_RHS,1.865,0.117717395717852,0.0699689545800894,0.0980716860215265,0.244466289280604,0.00985025048145641
0.3,SCHEDULED_RHS,1.87,0.117734023510778,0.0699690739182156,0.0992954594922429,0.245037793486308,0.00985081056447757
0.3,SCHEDULED_RHS,1.875,0.117750058479355,0.0699690771786508,0.100522009879222,0.245576947074024,0.00985133894338934
0.3,SCHEDULED_RHS,1.88,0.117765496667195,0.0699689639119033,0.101751174938188,0.246083589004687,0.00985183546037092
0.3,SCHEDULED_RHS,1.885,0.117780334265156,0.06996873356753,0.10298279122823,0.246557584862037,0.00985229998369228
0.3,SCHEDULED_RHS,1.89,0.117794567612281,0.0699683861375851,0.104216696042956,0.246998736136128,0.00985273231881058
0.3,SCHEDULED_RHS,1.895,0.117808193196707,0.0699679209040236,0.105452723817131,0.247406956961596,0.00985313238157643
0.3,SCHEDULED_RHS,1.9,0.117821207656524,0.0699673379723408,0.106690710943762,0.247782313042856,0.00985350023638119
0.3,SCHEDULED_RHS,1.905,0.117833607780608,0.0699666369608551,0.107930491828804,0.248124468694661,0.00985383555424807
0.3,SCHEDULED_RHS,1.91,0.117845390509415,0.0699658175599647,0.109171899880395,0.248433284009856,0.0098541381980659
0.3,SCHEDULED_RHS,1.915,0.117856552935733,0.0699648798313172,0.110414768913463,0.248708612965062,0.00985440802472947
0.3,SCHEDULED_RHS,1.92,0.1178670923054,0.069963823172213,0.111658930164049,0.248950415976743,0.00985464499544633
0.3,SCHEDULED_RHS,1.925,0.117877006017983,0.069962647835952,0.112904216837393,0.249158545449051,0.00985484896557022
0.3,SCHEDULED_RHS,1.93,0.117886291627424,0.0699613534116236,0.114150459641801,0.249332960273888,0.00985501989481458
0.3,SCHEDULED_RHS,1.935,0.117894946842637,0.0699599398648977,0.115397489921948,0.249473579025553,0.00985515770338096
0.3,SCHEDULED_RHS,1.94,0.117902969528076,0.0699584073277434,0.116645139071575,0.249580309657341,0.00985526230106214
0.3,SCHEDULED_RHS,1.945,0.117910357704265,0.0699567553943883,0.117893236495529,0.249653148836396,0.00985533368459188
0.3,SCHEDULED_RHS,1.95,0.117917109548281,0.0699549845214454,0.119141613799871,0.249691984452181,0.0098553717441001
0.3,SCHEDULED_RHS,1.955,0.117923223394208,0.0699530943656586,0.12039009990752,0.249696830119271,0.00985537649292931
0.3,SCHEDULED_RHS,1.96,0.117928697733546,0.0699510851505497,0.121638525156672,0.249667632399824,0.00985534787870958
0.3,SCHEDULED_RHS,1.965,0.117933531215584,0.069948957078118,0.12288671959369,0.249604353804553,0.00985528586470083
0.3,SCHEDULED_RHS,1.97,0.117937722647731,0.0699467099359692,0.124134511858868,0.249507028210552,0.00985519048410313
0.3,SCHEDULED_RHS,1.975,0.117941270995816,0.0699443443530669,0.12538173294743,0.249375583729394,0.00985506166646472
0.3,SCHEDULED_RHS,1.98,0.117944175384336,0.0699418600792152,0.126628211154327,0.249210085398737,0.0098548994755235
0.3,SCHEDULED_RHS,1.985,0.117946435096677,0.0699392575617977,0.12787377679468,0.249010512761746,0.00985470389123147
0.3,SCHEDULED_RHS,1.99,0.117948049575289,0.0699365370926007,0.129118259712044,0.248776880209418,0.00985447492769201
0.3,SCHEDULED_RHS,1.995,0.117949018421823,0.0699336986380377,0.13036148882601,0.248509260910767,0.00985421265661192
0.3,SCHEDULED_RHS,2,0.117949341397231,0.0699307429884794,0.131603295577088,0.24820762467958,0.00985391704840821
0.3,SCHEDULED_RHS,2.005,0.117949018421823,0.0699276700078648,0.132843508783671,0.247872084856944,0.00985358821415694
0.3,SCHEDULED_RHS,2.01,0.117948049575289,0.069924480330915,0.134081959719222,0.247502658883775,0.00985322617095046
0.3,SCHEDULED_RHS,2.015,0.117946435096677,0.06992117437335,0.135318479215558,0.247099407892909,0.00985283097869991
0.3,SCHEDULED_RHS,2.02,0.117944175384336,0.0699177522513278,0.136552897474914,0.246662448038519,0.00985240275123818
0.3,SCHEDULED_RHS,2.025,0.117941270995816,0.0699142149194872,0.137785047481045,0.246191789937093,0.0098519414989696
0.3,SCHEDULED_RHS,2.03,0.117937722647731,0.0699105623712116,0.139014759709511,0.245687592495134,0.00985144737762502
0.3,SCHEDULED_RHS,2.035,0.117933531215584,0.0699067953877107,0.1402418673587,0.245149916145918,0.00985092044642999
0.3,SCHEDULED_RHS,2.04,0.117928697733546,0.0699029145529688,0.141466203466355,0.244578861758523,0.00985036080423777
0.3,SCHEDULED_RHS,2.045,0.117923223394208,0.0698989200941974,0.142687600487075,0.243974593093359,0.00984976861153612
0.3,SCHEDULED_RHS,2.05,0.117917109548281,0.0698948131359031,0.143905894047403,0.243337159854052,0.00984914391703536
0.3,SCHEDULED_RHS,2.055,0.117910357704265,0.0698905938197305,0.145120917416127,0.242666762851469,0.00984848691753327
0.3,SCHEDULED_RHS,2.06,0.117902969528076,0.0698862630225425,0.146332506643945,0.241963511587647,0.00984779772034356
0.3,SCHEDULED_RHS,2.065,0.117894946842637,0.0698818215492935,0.147540498206066,0.241227538054005,0.00984707645481987
0.3,SCHEDULED_RHS,2.07,0.117886291627424,0.0698772696986408,0.148744727763807,0.24045905794366,0.00984632333234481
0.3,SCHEDULED_RHS,2.075,0.117877006017983,0.0698726087560434,0.149945034629096,0.23965815995607,0.00984553843984523
0.3,SCHEDULED_RHS,2.08,0.1178670923054,0.069867839049981,0.151141256043096,0.238825079936266,0.00984472200845293
0.3,SCHEDULED_RHS,2.085,0.117856552935733,0.0698629614859156,0.152333231771012,0.237959984401245,0.00984387420135717
0.3,SCHEDULED_RHS,2.09,0.117845390509415,0.0698579771447435,0.153520802945539,0.237063027111526,0.00984299516924565
0.3,SCHEDULED_RHS,2.095,0.117833607780608,0.0698528863713356,0.154703809411621,0.236134477577172,0.00984208517624243
0.3,SCHEDULED_RHS,2.1,0.117821207656524,0.0698476905686723,0.155882095090095,0.235174467855487,0.00984114435176572
0.3,SCHEDULED_RHS,2.105,0.117808193196707,0.0698423903418516,0.157055502603605,0.234183308495105,0.00984017300015801
0.3,SCHEDULED_RHS,2.11,0.117794567612281,0.0698369866532936,0.158223877309861,0.233161595353787,0.00983917170536921
0.3,SCHEDULED_RHS,2.115,0.117780334265156,0.0698314809859008,0.159387067243676,0.232109080794499,0.00983814022471114
0.3,SCHEDULED_RHS,2.12,0.117765496667195,0.0698258737180772,0.160544917502252,0.231026088150131,0.00983707887505508
0.3,SCHEDULED_RHS,2.125,0.117750058479355,0.0698201662487788,0.161697277365406,0.229912808097302,0.0098359878432671
0.3,SCHEDULED_RHS,2.13,0.117734023510778,0.0698143595037215,0.162843995880591,0.228769509329682,0.00983486739267115
0.3,SCHEDULED_RHS,2.135,0.117717395717852,0.0698084542145922,0.163984922737448,0.227596499055855,0.00983371782433646
0.3,SCHEDULED_RHS,2.14,0.117700179203236,0.069802452023391,0.165119911576126,0.226393967074811,0.00983253932426897
0.3,SCHEDULED_RHS,2.145,0.117682378214848,0.0697963534994488,0.166248814144988,0.225162265457538,0.00983133223750374
0.3,SCHEDULED_RHS,2.15,0.117663997144815,0.0697901599422447,0.167371485690494,0.223901654057432,0.00983009681870115
0.3,SCHEDULED_RHS,2.155,0.117645040528391,0.0697838727535434,0.168487783125033,0.222612388986239,0.00982883331885469
0.3,SCHEDULED_RHS,2.16,0.117625513042837,0.0697774925717026,0.169597562501932,0.221294844644593,0.00982754210488282
0.3,SCHEDULED_RHS,2.165,0.117605419506269,0.0697710211262742,0.170700684552944,0.219949251908837,0.00982622340304794
0.3,SCHEDULED_RHS,2.17,0.117584764876466,0.0697644593934984,0.17179700924874,0.218575958276261,0.00982487755390282
0.3,SCHEDULED_RHS,2.175,0.117563554249648,0.0697578084120619,0.172886398262169,0.217175312627267,0.00982350489935568
0.3,SCHEDULED_RHS,2.18,0.117541792859221,0.0697510700091595,0.173968717151766,0.215747562641711,0.00982210568213663
0.3,SCHEDULED_RHS,2.185,0.117519486074482,0.0697442449026083,0.175043829767545,0.214293122478189,0.00982068030812755
0.3,SCHEDULED_RHS,2.19,0.117496639399296,0.0697373346291418,0.176111604011595,0.212812300531297,0.00981922907955994
0.3,SCHEDULED_RHS,2.195,0.117473258470738,0.0697303407627722,0.177171909545875,0.211305409594285,0.00981775230297607
0.3,SCHEDULED_RHS,2.2,0.117449349057704,0.0697232641127987,0.178224615451717,0.20977287989329,0.00981625040000424
0.3,SCHEDULED_RHS,2.205,0.117424917059482,0.0697161065796634,0.179269595770276,0.208214997047447,0.00981472365055565
0.3,SCHEDULED_RHS,2.21,0.117399968504303,0.0697088693715028,0.180306724238185,0.206632153605826,0.00981317243933452
0.3,SCHEDULED_RHS,2.215,0.117374509547849,0.0697015536171288,0.181335876146243,0.205024762394263,0.00981159717091657
0.3,SCHEDULED_RHS,2.22,0.117348546471738,0.069694161354264,0.182356931299443,0.203393116899157,0.00980999813292306
0.3,SCHEDULED_RHS,2.225,0.117322085681968,0.0696866935272062,0.183369768105235,0.201737673700825,0.00980837577280981
0.3,SCHEDULED_RHS,2.23,0.117295133707345,0.0696791516648855,0.184374268591002,0.200058815495053,0.00980673046562464
0.3,SCHEDULED_RHS,2.235,0.117267697197865,0.0696715376974202,0.185370317883361,0.198356876824795,0.00980506253922487
0.3,SCHEDULED_RHS,2.24,0.117239782923076,0.0696638525291249,0.186357800004766,0.19663234532125,0.00980337247149665
0.3,SCHEDULED_RHS,2.245,0.117211397770408,0.0696560980371813,0.18733660384003,0.194885579455182,0.00980166061374692
0.3,SCHEDULED_RHS,2.25,0.117182548743472,0.0696482759075923,0.188306619702581,0.193116972666237,0.00979992735155266
0.3,SCHEDULED_RHS,2.255,0.117153242960334,0.0696403871856046,0.189267738033366,0.19132701665435,0.00979817316678746
0.3,SCHEDULED_RHS,2.26,0.117123487651757,0.0696324339838495,0.190219854500477,0.189516060115878,0.00979639840117919
0.3,SCHEDULED_RHS,2.265,0.11709329015942,0.0696244177376844,0.191162864841219,0.18768455482879,0.00979460349747728
0.3,SCHEDULED_RHS,2.27,0.1170626579341,0.0696163397161633,0.19209666641256,0.185832983360685,0.0097927889286055
0.3,SCHEDULED_RHS,2.275,0.117031598533841,0.0696082021519022,0.193021161569565,0.183961699409915,0.00979095504119375
0.3,SCHEDULED_RHS,2.28,0.117000119622086,0.06960000629499,0.193936251909168,0.182071202333839,0.00978910232462
0.3,SCHEDULED_RHS,2.285,0.116968228965785,0.0695917536532695,0.194841841985138,0.180161961898786,0.00978723123926258
0.3,SCHEDULED_RHS,2.29,0.116935934433481,0.0695834464834295,0.195737840786316,0.178234348775966,0.00978534214838505
0.3,SCHEDULED_RHS,2.295,0.116903243993365,0.0695750859402614,0.196624156262616,0.176288895623106,0.00978343557400026
0.3,SCHEDULED_RHS,2.3,0.116870165711315,0.0695666737433166,0.197500700305041,0.174326061628204,0.00978151196611962
0.3,SCHEDULED_RHS,2.305,0.116836707748902,0.0695582121120332,0.198367388570055,0.172346241481625,0.00977957171154582
0.3,SCHEDULED_RHS,2.31,0.116802878361377,0.0695497021857046,0.199224135807869,0.170349988253742,0.00977761535229645
0.3,SCHEDULED_RHS,2.315,0.116768685895636,0.0695411458452478,0.200070861302238,0.168337756020614,0.00977564333337311
0.3,SCHEDULED_RHS,2.32,0.116734138788158,0.0695325452579572,0.20090748753262,0.166309963945023,0.00977365606556185
0.3,SCHEDULED_RHS,2.325,0.116699245562925,0.0695239015917139,0.201733936374721,0.164267177623991,0.00977165410315657
0.3,SCHEDULED_RHS,2.33,0.116664014829318,0.0695152168347295,0.20255013453303,0.162209851978785,0.00976963789198719
0.3,SCHEDULED_RHS,2.335,0.116628455279993,0.0695064931218526,0.203356011551676,0.160138426179063,0.00976760786244681
0.3,SCHEDULED_RHS,2.34,0.116592575688737,0.0694977316621127,0.204151496646653,0.158053474878383,0.00976556457770487
0.3,SCHEDULED_RHS,2.345,0.116556384908303,0.0694889345008101,0.204936523965871,0.155955459223801,0.00976350848969267
0.3,SCHEDULED_RHS,2.35,0.116519891868224,0.0694801037771223,0.20571103039375,0.153844831483333,0.0097614400416399
0.3,SCHEDULED_RHS,2.355,0.116483105572611,0.0694712407376048,0.2064749526362,0.15172217415234,0.00975935980440109
0.3,SCHEDULED_RHS,2.36,0.116446035097932,0.0694623474369396,0.207228232297503,0.149587959604585,0.00975726824090988
0.3,SCHEDULED_RHS,2.365,0.116408689590773,0.0694534260605334,0.20797081387609,0.147442645546764,0.00975516579972596
0.3,SCHEDULED_RHS,2.37,0.116371078265578,0.0694444778867462,0.208702641693876,0.145286821372538,0.0097530530584643
0.3,SCHEDULED_RHS,2.375,0.11633321040238,0.0694355049320382,0.209423664807252,0.143120975646692,0.009750930495926
0.3,SCHEDULED_RHS,2.38,0.116295095344506,0.0694265094617025,0.21013383556043,0.140945564995551,0.00974879855961196
0.3,SCHEDULED_RHS,2.385,0.116256742496277,0.0694174927938675,0.21083310604066,0.138761182814495,0.00974665783105889
0.3,SCHEDULED_RHS,2.39,0.116218161320685,0.0694084568618475,0.211521432742332,0.136568338427475,0.00974450880941221
0.3,SCHEDULED_RHS,2.395,0.116179361337057,0.0693994040170166,0.212198775987777,0.13436748472156,0.00974235193850828
0.3,SCHEDULED_RHS,2.4,0.116140352118708,0.0693903356505395,0.212865095836614,0.132159212606888,0.00974018779744826
0.3,SCHEDULED_RHS,2.405,0.11610114329058,0.0693812535768545,0.2135203562164,0.129944055423124,0.00973801690891331
0.3,SCHEDULED_RHS,2.41,0.116061744526864,0.0693721601911884,0.21416452539799,0.127722466485064,0.00973583971715899
0.3,SCHEDULED_RHS,2.415,0.116022165548616,0.0693630570367833,0.214797571738802,0.125495021252959,0.00973365678614531
0.3,SCHEDULED_RHS,2.42,0.115982416121355,0.0693539457817675,0.215419466601311,0.123262279157585,0.00973146866412314
0.3,SCHEDULED_RHS,2.425,0.11594250605266,0.0693448287719536,0.216030186005181,0.121024705310761,0.00972927580690931
0.3,SCHEDULED_RHS,2.43,0.115902445189741,0.0693357078079374,0.216629706991325,0.11878284304246,0.00972707874697566
0.3,SCHEDULED_RHS,2.435,0.115862243417017,0.0693265844134223,0.217218008428193,0.116537275803584,0.00972487805611314
0.3,SCHEDULED_RHS,2.44,0.115821910653675,0.0693174607657777,0.217795073789187,0.114288495510214,0.00972267421640719
0.3,SCHEDULED_RHS,2.445,0.115781456851219,0.0693083389826975,0.218360889030906,0.112037003107947,0.00972046771879229
0.3,SCHEDULED_RHS,2.45,0.115740891991021,0.069299220519923,0.218915440803243,0.109783393459566,0.00971825914624322
0.3,SCHEDULED_RHS,2.455,0.115700226081853,0.0692901073037583,0.219458719827992,0.107528195153085,0.00971604901678448
0.3,SCHEDULED_RHS,2.46,0.115659469157419,0.0692810016476016,0.219990720696832,0.105271882059645,0.00971383779481716
0.3,SCHEDULED_RHS,2.465,0.115618631273881,0.0692719051345401,0.220511438269152,0.103014976335285,0.0097116259920623
0.3,SCHEDULED_RHS,2.47,0.115577722507375,0.0692628193881463,0.221020869992219,0.100757920262335,0.00970941404196349
0.3,SCHEDULED_RHS,2.475,0.115536752951528,0.0692537465551845,0.22151901771612,0.0985013925405411,0.00970720260965704
0.3,SCHEDULED_RHS,2.48,0.115495732714963,0.0692446886744816,0.222005885816422,0.0962459039973922,0.00970499219576184
0.3,SCHEDULED_RHS,2.485,0.115454671918811,0.0692356472999786,0.222481479950002,0.0939920329474351,0.00970278336703516
0.3,SCHEDULED_RHS,2.49,0.115413580694209,0.06922662430331,0.222945809390405,0.0917403116254096,0.00970057664507533
0.3,SCHEDULED_RHS,2.495,0.115372469179801,0.0692176218732113,0.223398887028746,0.0894912260627265,0.00969837250620069
0.3,SCHEDULED_RHS,2.5,0.115331347519239,0.0692086418102196,0.223840727267413,0.0872453155560962,0.00969617147893044
0.3,SCHEDULED_RHS,2.505,0.115290225858677,0.0691996857617844,0.2242713467171,0.085003139253196,0.00969397411123798
0.3,SCHEDULED_RHS,2.51,0.11524911434427,0.0691907556232622,0.22469076538768,0.0827652192893833,0.00969178091482412
0.3,SCHEDULED_RHS,2.515,0.115208023119668,0.0691818534575247,0.225099006446801,0.0805320519477633,0.00968959237605401
0.3,SCHEDULED_RHS,2.52,0.115166962323516,0.0691729810172171,0.225496094787997,0.0783041749846412,0.00968740902193721
0.3,SCHEDULED_RHS,2.525,0.115125942086951,0.0691641400672142,0.225882057985808,0.0760821218673406,0.00968523137528001
0.3,SCHEDULED_RHS,2.53,0.115084972531103,0.0691553324470252,0.226256926473466,0.0738664127621966,0.00968305994585351
0.3,SCHEDULED_RHS,2.535,0.115044063764597,0.0691465600101135,0.226620733359463,0.0716575629158793,0.00968089523860747
0.3,SCHEDULED_RHS,2.54,0.115003225881059,0.0691378245359896,0.226973514154995,0.0694560948921765,0.00967873776566255
0.3,SCHEDULED_RHS,2.545,0.114962468956625,0.0691291279099928,0.227315307301043,0.0672625129713076,0.00967658802122121
0.3,SCHEDULED_RHS,2.55,0.114921803047457,0.0691204719004571,0.227646153491208,0.0650773344616393,0.0096744465122537
0.3,SCHEDULED_RHS,2.555,0.114881238187259,0.0691118581326817,0.227966095590824,0.0629010931909839,0.0096723137619196
0.3,SCHEDULED_RHS,2.56,0.114840784384804,0.0691032884159591,0.228275179599845,0.0607342930930557,0.0096701902640818
0.3,SCHEDULED_RHS,2.565,0.114800451621461,0.0690947647506384,0.22857345466182,0.0585774070211276,0.00966807648214385
0.3,SCHEDULED_RHS,2.57,0.114760249848738,0.0690862888276584,0.228860971554013,0.0564309473190914,0.00966597291821076
0.3,SCHEDULED_RHS,2.575,0.114720188985819,0.0690778620388229,0.229137782714111,0.0542954641881757,0.0096638801114883
0.3,SCHEDULED_RHS,2.58,0.114680278917123,0.0690694862162596,0.229403944432079,0.0521714409635194,0.00966179853565243
0.3,SCHEDULED_RHS,2.585,0.114640529489863,0.0690611634673589,0.229659516342486,0.0500593172649886,0.00965972862153746
0.3,SCHEDULED_RHS,2.59,0.114600950511614,0.0690528953993841,0.229904559089473,0.0479595984545806,0.00965767086440603
0.3,SCHEDULED_RHS,2.595,0.114561551747898,0.0690446831875172,0.230139134525496,0.0458728458425544,0.00965562581435092
0.3,SCHEDULED_RHS,2.6,0.11452234291977,0.0690365287004409,0.230363309054036,0.0437995173604371,0.00965359392015217
0.3,SCHEDULED_RHS,2.605,0.114483333701422,0.0690284340461435,0.230577152254962,0.0417400316024228,0.0096515755920386
0.3,SCHEDULED_RHS,2.61,0.114444533717794,0.0690204006923514,0.23078073423643,0.0396948920341096,0.00964957132341433
0.3,SCHEDULED_RHS,2.615,0.114405952542201,0.0690124297191605,0.230974126382389,0.0376646511028884,0.00964758165568643
0.3,SCHEDULED_RHS,2.62,0.114367599693972,0.0690045231642925,0.231157405350392,0.0356497198310972,0.00964560699166316
0.3,SCHEDULED_RHS,2.625,0.114329484636099,0.0689966829342506,0.231330649795064,0.0336505216239793,0.00964364774628828
0.3,SCHEDULED_RHS,2.63,0.1142916167729,0.0689889102005452,0.231493938547292,0.031667577497771,0.0096417044301658
0.3,SCHEDULED_RHS,2.635,0.114254005447706,0.0689812062734324,0.231647353210817,0.029701382351881,0.00963977752830485
0.3,SCHEDULED_RHS,2.64,0.114216659940546,0.0689735732892954,0.231790980194251,0.0277523075845245,0.00963786740468147
0.3,SCHEDULED_RHS,2.645,0.114179589465868,0.0689660127315868,0.231924906262312,0.0258208101223829,0.00963597450709091
0.3,SCHEDULED_RHS,2.65,0.114142803170255,0.0689585255285273,0.232049218816847,0.0239074184506478,0.0096340993534569
0.3,SCHEDULED_RHS,2.655,0.114106310130175,0.0689511135855561,0.232164010454863,0.0220125157039828,0.00963224231925736
0.3,SCHEDULED_RHS,2.66,0.114070119349741,0.0689437786692542,0.232269375603282,0.0201364973712952,0.0096304037920776
0.3,SCHEDULED_RHS,2.665,0.114034239758485,0.0689365217103069,0.232365408416016,0.0182798697454771,0.00962858426809253
0.3,SCHEDULED_RHS,2.67,0.113998680209161,0.0689293441539281,0.232452206792875,0.0164430587540636,0.00962678416471776
0.3,SCHEDULED_RHS,2.675,0.113963449475554,0.0689222479478578,0.232529872315014,0.0146264115027215,0.00962500382212226
0.3,SCHEDULED_RHS,2.68,0.11392855625032,0.0689152341473303,0.232598506046005,0.0128303934756868,0.00962324369648782
0.3,SCHEDULED_RHS,2.685,0.113894009142843,0.0689083038044278,0.232658211175255,0.0110554625843555,0.00962150423657474
0.3,SCHEDULED_RHS,2.69,0.113859816677102,0.0689014589006969,0.232709095779371,0.00930193708447469,0.00961978575427861
0.3,SCHEDULED_RHS,2.695,0.113825987289577,0.06889470062041,0.232751267624268,0.00757023972327708,0.00961808866389831
0.3,SCHEDULED_RHS,2.7,0.113792529327164,0.0688880297571579,0.232784835365176,0.00586084008436671,0.00961641342563307
0.3,SCHEDULED_RHS,2.705,0.113759451045114,0.0688814482145696,0.232809913008239,0.00417404212808137,0.00961476033736876
0.3,SCHEDULED_RHS,2.71,0.113726760604998,0.068874957268941,0.232826614676912,0.00251022986614835,0.00961312977544285
0.3,SCHEDULED_RHS,2.715,0.113694466072693,0.0688685575624804,0.232835054573514,0.000869868192053147,0.0096115221954582
0.3,SCHEDULED_RHS,2.72,0.113662575416392,0.0688622508670402,0.232835352228674,-0.000746746799842768,0.0096099378875919
0.3,SCHEDULED_RHS,2.725,0.113631096504637,0.0688560385054117,0.232827627740144,-0.00233926456611577,0.00960837719538195
0.3,SCHEDULED_RHS,2.73,0.113600037104379,0.068849921021402,0.23281200076436,-0.00390723354971456,0.0096068405613613
0.3,SCHEDULED_RHS,2.735,0.113569404879059,0.0688439000564099,0.23278859610492,-0.00545036683879019,0.00960532826670803
0.3,SCHEDULED_RHS,2.74,0.113539207386721,0.0688379769319125,0.232757539431434,-0.00696834170498484,0.00960384062770096
0.3,SCHEDULED_RHS,2.745,0.113509452078145,0.068832152110564,0.23271895564576,-0.00846072345866133,0.0096023780703427
0.3,SCHEDULED_RHS,2.75,0.113480146295007,0.068826427132957,0.23267297464716,-0.00992723963311803,0.00960094086165485
0.3,SCHEDULED_RHS,2.755,0.113451297268071,0.06882080326636,0.232619727207308,-0.0113675888531617,0.00959952929698981
0.3,SCHEDULED_RHS,2.76,0.113422912115402,0.0688152807490871,0.232559341823275,-0.0127820497493722,0.00959814310328526
0.3,SCHEDULED_RHS,2.765,0.113394997840613,0.0688098608275507,0.232491950808773,-0.0141697531121583,0.00959678313238013
0.3,SCHEDULED_RHS,2.77,0.113367561331133,0.0688045447667933,0.232417689993981,-0.0155302775477182,0.00959544979724693
0.3,SCHEDULED_RHS,2.775,0.11334060935651,0.0687993329439621,0.232336694222076,-0.0168632357727621,0.0095941434774293
0.3,SCHEDULED_RHS,2.78,0.113314148566741,0.0687942268623754,0.232249103291147,-0.0181684102277639,0.00959286438613896
0.3,SCHEDULED_RHS,2.785,0.113288185490629,0.068789227619521,0.232155057323325,-0.0194455363403669,0.00959161278266095
0.3,SCHEDULED_RHS,2.79,0.113262726534175,0.0687843354842125,0.232054695472387,-0.0206942427582764,0.0095903890309263
0.3,SCHEDULED_RHS,2.795,0.113237777978996,0.0687795519206925,0.231948161954543,-0.0219143379566855,0.0095891933186323
0.3,SCHEDULED_RHS,2.8,0.113213345980775,0.068774877828039,0.231835600730847,-0.0231055611110094,0.0095880259013911
0.3,SCHEDULED_RHS,2.805,0.11318943656774,0.0687703134177509,0.231717155114592,-0.0242675648453616,0.00958688711963648
0.3,SCHEDULED_RHS,2.81,0.113166055639183,0.0687658601304455,0.23159297347945,-0.0254001866584836,0.00958577713262221
0.3,SCHEDULED_RHS,2.815,0.113143208963997,0.0687615186346141,0.231463203219078,-0.0265031656924801,0.00958469619599309
0.3,SCHEDULED_RHS,2.82,0.113120902179258,0.068757289148358,0.231327991685466,-0.0275761883534145,0.00958364461707605
0.3,SCHEDULED_RHS,2.825,0.113099140788831,0.0687531730656642,0.231187491025414,-0.0286191186393339,0.00958262252915514
0.3,SCHEDULED_RHS,2.83,0.113077930162013,0.0687491707992644,0.231041851671842,-0.0296316927993576,0.00958163019071031
0.3,SCHEDULED_RHS,2.835,0.11305727553221,0.0687452826476988,0.230891224916787,-0.0306136421644307,0.00958066786504143
0.3,SCHEDULED_RHS,2.84,0.113037181995641,0.0687415099048706,0.230735766196567,-0.0315648503249246,0.00957973566623175
0.3,SCHEDULED_RHS,2.845,0.113017654510088,0.0687378527202703,0.230575628635909,-0.0324850502116778,0.00957883385601319
0.3,SCHEDULED_RHS,2.85,0.112998697893664,0.0687343115426264,0.230410967348715,-0.033374028576338,0.00957796264337248
0.3,SCHEDULED_RHS,2.855,0.11298031682363,0.0687308874917349,0.230241940508603,-0.0342316787088315,0.00957712213288714
0.3,SCHEDULED_RHS,2.86,0.112962515835242,0.0687275804761839,0.230068703667459,-0.0350577339485127,0.00957631258588876
0.3,SCHEDULED_RHS,2.865,0.112945299320626,0.068724391140914,0.229891415565004,-0.0358520435337759,0.00957553415012605
0.3,SCHEDULED_RHS,2.87,0.1129286715277,0.0687213203483552,0.229710236526173,-0.03661449917964,0.00957478693172
0.3,SCHEDULED_RHS,2.875,0.112912636559123,0.0687183678312749,0.229525324387468,-0.0373448443433606,0.00957407118208647
0.3,SCHEDULED_RHS,2.88,0.112897198371283,0.0687155344291477,0.229336841169314,-0.0380429909891014,0.00957338698750197
0.3,SCHEDULED_RHS,2.885,0.112882360773323,0.0687128206677838,0.229144948768744,-0.0387088184753246,0.00957273446619708
0.3,SCHEDULED_RHS,2.89,0.112868127426197,0.0687102262251143,0.228949807326365,-0.0393420979340551,0.00957211384246597
0.3,SCHEDULED_RHS,2.895,0.112854501841771,0.0687077520593288,0.228751581570676,-0.0399427937199714,0.00957152515124162
0.3,SCHEDULED_RHS,2.9,0.112841487381955,0.0687053983046705,0.228550434459805,-0.0405107654221002,0.00957096853012896
0.3,SCHEDULED_RHS,2.905,0.11282908725787,0.0687031647567045,0.228346528607707,-0.0410458366269086,0.00957044415201602
0.3,SCHEDULED_RHS,2.91,0.112817304529063,0.0687010523324307,0.228140030621416,-0.0415480017588354,0.00956995202236691
0.3,SCHEDULED_RHS,2.915,0.112806142102745,0.0686990607867121,0.22793110420642,-0.0420171026604539,0.00956949229617839
0.3,SCHEDULED_RHS,2.92,0.112795602733079,0.0686971901683803,0.227719914505195,-0.0424530348652148,0.00956906507582931
0.3,SCHEDULED_RHS,2.925,0.112785689020495,0.0686954411830672,0.227506629138686,-0.0428557990140952,0.00956867036069148
0.3,SCHEDULED_RHS,2.93,0.112776403411054,0.0686938132878626,0.227291412451153,-0.0432252309879182,0.00956830831160427
0.3,SCHEDULED_RHS,2.935,0.112767748195842,0.0686923068321597,0.227074431899816,-0.04356130517486,0.00956797895366765
0.3,SCHEDULED_RHS,2.94,0.112759725510402,0.0686909221674118,0.226855855334795,-0.0438640083801527,0.00956768229981271
0.3,SCHEDULED_RHS,2.945,0.112752337334214,0.0686896586101743,0.226635847854211,-0.04413319295017,0.0095674184947423
0.3,SCHEDULED_RHS,2.95,0.112745585490198,0.0686885167399675,0.226414578660206,-0.0443689022846918,0.00956718749592396
0.3,SCHEDULED_RHS,2.955,0.112739471644271,0.0686874964582927,0.226192215186824,-0.0445710958897312,0.00956698934304242
0.3,SCHEDULED_RHS,2.96,0.112733997304933,0.0686865971765384,0.225968923632818,-0.044739676001317,0.0095668241319079
0.3,SCHEDULED_RHS,2.965,0.112729163822895,0.0686858194985208,0.225744873967422,-0.044874725932365,0.00956669178087245
0.3,SCHEDULED_RHS,2.97,0.112724972390747,0.0686851628814638,0.225520232866146,-0.0449761787243812,0.00956659235555643
0.3,SCHEDULED_RHS,2.975,0.112721424042662,0.0686846270281848,0.225295167857884,-0.0450440143641622,0.0095665258755731
0.3,SCHEDULED_RHS,2.98,0.112718519654142,0.0686842123293386,0.225069848604394,-0.0450783224229703,0.00956649225314121
0.3,SCHEDULED_RHS,2.985,0.112716259941801,0.0686839179121748,0.224844441005674,-0.0450790256298621,0.00956649156398751
0.3,SCHEDULED_RHS,2.99,0.112714645463189,0.068683743827357,0.224619113728082,-0.0450461896525276,0.00956652374375662
0.3,SCHEDULED_RHS,2.995,0.112713676616656,0.0686836900741636,0.224394035229759,-0.0449798849847234,0.00956658872336358
0.3,SCHEDULED_RHS,3,0.112713353641248,0.0686837559045418,0.224169372911195,-0.0448800891020387,0.00956668652488265
0.3,SCHEDULED_RHS,3.005,0.112713353641248,0.0686839357965615,0.223945242273185,-0.0447713287879008,0.00956679311168415
0.3,SCHEDULED_RHS,3.01,0.112713353641248,0.068684211653663,0.223721630490313,-0.0446763011991358,0.00956688624020092
0.3,SCHEDULED_RHS,3.015,0.112713353641248,0.0686845615731087,0.223498463516532,-0.0445918985413272,0.00956696895611991
0.3,SCHEDULED_RHS,3.02,0.112713353641248,0.0686849705126999,0.22327569722047,-0.0445159904827808,0.00956704334719934
0.3,SCHEDULED_RHS,3.025,0.112713353641248,0.0686854256430824,0.223053292863356,-0.0444467594260107,0.00956711119471306
0.3,SCHEDULED_RHS,3.03,0.112713353641248,0.0686859171145686,0.222831220651715,-0.044382809886498,0.00956717386625761
0.3,SCHEDULED_RHS,3.035,0.112713353641248,0.0686864373995125,0.222609457763216,-0.0443230753305848,0.00956723240705261
0.3,SCHEDULED_RHS,3.04,0.112713353641248,0.0686869800622859,0.222387984654104,-0.0442666439249191,0.00956728771070892
0.3,SCHEDULED_RHS,3.045,0.112713353641248,0.0686875403004983,0.222166786683943,-0.0442128352079898,0.00956734044408943
0.3,SCHEDULED_RHS,3.05,0.112713353641248,0.0686881144829429,0.221945852728515,-0.0441611346335531,0.00956739111145747
0.3,SCHEDULED_RHS,3.055,0.112713353641248,0.0686886994020212,0.221725172935567,-0.0441110876657529,0.00956744015826526
0.3,SCHEDULED_RHS,3.06,0.112713353641248,0.0686892925621872,0.221504739590717,-0.0440623406414211,0.0095674879311082
0.3,SCHEDULED_RHS,3.065,0.112713353641248,0.0686898922895913,0.221284547446594,-0.0440146563027106,0.00956753466250269
0.3,SCHEDULED_RHS,3.07,0.112713353641248,0.0686904970948001,0.221064591809704,-0.0439678235171233,0.00956758055936185
0.3,SCHEDULED_RHS,3.075,0.112713353641248,0.0686911056298952,0.220844868411634,-0.0439216511999394,0.0095676258089517
0.3,SCHEDULED_RHS,3.08,0.112713353641248,0.0686917169900493,0.22062537431438,-0.0438760110368452,0.00956767053702224
0.3,SCHEDULED_RHS,3.085,0.112713353641248,0.0686923305482228,0.220406107414103,-0.0438308140663342,0.00956771483075716
0.3,SCHEDULED_RHS,3.09,0.112713353641248,0.0686929457121815,0.220187065711681,-0.0437859762576966,0.00956775877250785
0.3,SCHEDULED_RHS,3.095,0.112713353641248,0.0686935619382532,0.219968247354014,-0.0437414204598596,0.00956780243788356
0.3,SCHEDULED_RHS,3.1,0.112713353641248,0.0686941788837702,0.219749651091648,-0.0436970979971143,0.00956784587458725
0.3,SCHEDULED_RHS,3.105,0.112713353641248,0.0686947963089129,0.219531275984109,-0.0436529747637593,0.00956788911604303
0.3,SCHEDULED_RHS,3.11,0.112713353641248,0.0686954139833981,0.219313121119778,-0.0436090180052435,0.00956793219435088
0.3,SCHEDULED_RHS,3.115,0.112713353641248,0.0686960316958294,0.219095185643962,-0.0435651976426943,0.00956797513898856
0.3,SCHEDULED_RHS,3.12,0.112713353641248,0.0686966493131244,0.218877468937292,-0.0435214946917242,0.00956801796856106
0.3,SCHEDULED_RHS,3.125,0.112713353641248,0.0686972667422814,0.218659970500946,-0.043477895846058,0.00956806069610875
0.3,SCHEDULED_RHS,3.13,0.112713353641248,0.0686978838939854,0.218442689847394,-0.0434343883218382,0.00956810333415999
0.3,SCHEDULED_RHS,3.135,0.112713353641248,0.0686985006862507,0.218225626511331,-0.0433909603736389,0.00956814589422549
0.3,SCHEDULED_RHS,3.14,0.112713353641248,0.0686991170676207,0.218008780119324,-0.0433476045810597,0.00956818838357736
0.3,SCHEDULED_RHS,3.145,0.112713353641248,0.0686997330022728,0.217792150345095,-0.0433043157386148,0.00956823080731706
0.3,SCHEDULED_RHS,3.15,0.112713353641248,0.0687003484557933,0.217575736866819,-0.043261088840552,0.0095682731703503
0.3,SCHEDULED_RHS,3.155,0.112713353641248,0.0687009633965968,0.217359539371383,-0.0432179192819024,0.00956831547719002
0.3,SCHEDULED_RHS,3.16,0.112713353641248,0.0687015778050158,0.217143557581674,-0.0431748041461724,0.00956835773069444
0.3,SCHEDULED_RHS,3.165,0.112713353641248,0.0687021916674955,0.216927791239147,-0.0431317413829557,0.00956839993287297
0.3,SCHEDULED_RHS,3.17,0.112713353641248,0.0687028049710029,0.216712240087048,-0.0430887290159188,0.00956844208566246
0.3,SCHEDULED_RHS,3.175,0.112713353641248,0.0687034177035807,0.216496903872073,-0.0430457652212173,0.00956848419085031
0.3,SCHEDULED_RHS,3.18,0.112713353641248,0.0687040298579406,0.216281782355153,-0.0430028488365828,0.00956852624957556
0.3,SCHEDULED_RHS,3.185,0.112713353641248,0.0687046414291984,0.216066875304658,-0.0429599790404787,0.00956856826264331
0.3,SCHEDULED_RHS,3.19,0.112713353641248,0.068705252412647,0.215852182489708,-0.0429171550365339,0.00956861023083404
0.3,SCHEDULED_RHS,3.195,0.112713353641248,0.068705862803972,0.215637703680824,-0.0428743760842067,0.00956865215487349
0.3,SCHEDULED_RHS,3.2,0.112713353641248,0.068706472600705,0.215423438654285,-0.0428316417045345,0.00956869403523103
0.3,SCHEDULED_RHS,3.205,0.112713353641248,0.0687070818013372,0.215209387189473,-0.0427889515546642,0.00956873587224269
0.3,SCHEDULED_RHS,3.21,0.112713353641248,0.0687076904044022,0.214995549066116,-0.0427463052978876,0.00956877766623842
0.3,SCHEDULED_RHS,3.215,0.112713353641248,0.0687082984085615,0.214781924064543,-0.0427037026157002,0.00956881941753038
0.3,SCHEDULED_RHS,3.22,0.112713353641248,0.0687089058132219,0.214568511967541,-0.0426611432953852,0.00956886112632704
0.3,SCHEDULED_RHS,3.225,0.112713353641248,0.0687095126181877,0.214355312559307,-0.042618627180584,0.00956890279278161
0.3,SCHEDULED_RHS,3.23,0.112713353641248,0.0687101188232533,0.21414232562423,-0.0425761541137248,0.00956894441704853
0.3,SCHEDULED_RHS,3.235,0.112713353641248,0.0687107244282375,0.213929550946985,-0.0425337239408119,0.00956898599927872
0.3,SCHEDULED_RHS,3.24,0.112713353641248,0.0687113294332765,0.213716988313422,-0.0424913365529189,0.00956902753957892
0.3,SCHEDULED_RHS,3.245,0.112713353641248,0.0687119338386839,0.213504637510138,-0.0424489918664097,0.0095690690380311
0.3,SCHEDULED_RHS,3.25,0.112713353641248,0.0687125376447438,0.213292498323862,-0.0424066897935855,0.0095691104947212
0.3,SCHEDULED_RHS,3.255,0.112713353641248,0.0687131408517246,0.213080570541491,-0.0423644302446569,0.00956915190973722
0.3,SCHEDULED_RHS,3.26,0.112713353641248,0.0687137434600449,0.212868853950588,-0.0423222131512269,0.0095691932831462
0.3,SCHEDULED_RHS,3.265,0.112713353641248,0.0687143454702151,0.212657348339211,-0.0422800384580597,0.00956923461500225
0.3,SCHEDULED_RHS,3.27,0.112713353641248,0.0687149468827085,0.212446053495524,-0.0422379061047859,0.00956927590536456
0.3,SCHEDULED_RHS,3.275,0.112713353641248,0.0687155476979675,0.21223496920781,-0.0421958160267497,0.00956931715429647
0.3,SCHEDULED_RHS,3.28,0.112713353641248,0.0687161479165189,0.212024095264825,-0.0421537681714526,0.00956935836184943
0.3,SCHEDULED_RHS,3.285,0.112713353641248,0.0687167475389484,0.211813431455717,-0.0421117624947982,0.00956939952806668
0.3,SCHEDULED_RHS,3.29,0.112713353641248,0.0687173465658014,0.211602977569727,-0.0420697989471606,0.00956944065299683
0.3,SCHEDULED_RHS,3.295,0.112713353641248,0.0687179449975867,0.211392733396204,-0.0420278774738225,0.00956948173669351
0.3,SCHEDULED_RHS,3.3,0.112713353641248,0.0687185428348721,0.211182698724886,-0.0419859980285722,0.00956952277920201
0.3,SCHEDULED_RHS,3.305,0.112713353641248,0.0687191400782706,0.210972873345865,-0.0419441605717363,0.00956956378056121
0.3,SCHEDULED_RHS,3.31,0.112713353641248,0.0687197367283546,0.210763257049322,-0.0419023650579895,0.00956960474081553
0.3,SCHEDULED_RHS,3.315,0.112713353641248,0.0687203327856573,0.210553849625538,-0.0418606114366096,0.00956964566001467
0.3,SCHEDULED_RHS,3.32,0.112713353641248,0.0687209282507609,0.210344650865153,-0.0418188996639444,0.00956968653820143
0.3,SCHEDULED_RHS,3.325,0.112713353641248,0.0687215231242877,0.210135660559144,-0.0417772297021237,0.00956972737541291
0.3,SCHEDULED_RHS,3.33,0.112713353641248,0.0687221174068189,0.209926878498575,-0.0417356015075949,0.00956976817169179
0.3,SCHEDULED_RHS,3.335,0.112713353641248,0.068722711098896,0.209718304474607,-0.0416940150313394,0.00956980892708611
0.3,SCHEDULED_RHS,3.34,0.112713353641248,0.0687233042011057,0.209509938278749,-0.0416524702308028,0.00956984964163758
0.3,SCHEDULED_RHS,3.345,0.112713353641248,0.0687238967140719,0.209301779702834,-0.0416109670688947,0.00956989031538255
0.3,SCHEDULED_RHS,3.35,0.112713353641248,0.0687244886383778,0.209093828538787,-0.0415695055028635,0.0095699309483629
0.3,SCHEDULED_RHS,3.355,0.112713353641248,0.0687250799745673,0.208886084578627,-0.0415280854844866,0.00956997154062592
0.3,SCHEDULED_RHS,3.36,0.112713353641248,0.0687256707232268,0.208678547614713,-0.0414867069717406,0.00957001209221276
0.3,SCHEDULED_RHS,3.365,0.112713353641248,0.0687262608849797,0.208471217439728,-0.0414453699279225,0.00957005260315941
0.3,SCHEDULED_RHS,3.37,0.112713353641248,0.0687268504604084,0.208264093846443,-0.0414040743107016,0.00957009307350735
0.3,SCHEDULED_RHS,3.375,0.112713353641248,0.0687274394500564,0.208057176627723,-0.0413628200722922,0.00957013350330341
0.3,SCHEDULED_RHS,3.38,0.112713353641248,0.0687280278545087,0.207850465576772,-0.0413216071709854,0.00957017389258847
0.3,SCHEDULED_RHS,3.385,0.112713353641248,0.0687286156743867,0.207643960487113,-0.0412804355703091,0.00957021424139826
0.3,SCHEDULED_RHS,3.39,0.112713353641248,0.0687292029102713,0.207437661152357,-0.0412393052281974,0.00957025454977402
0.3,SCHEDULED_RHS,3.395,0.112713353641248,0.0687297895627043,0.207231567366212,-0.0411982160971736,0.00957029481776227
0.3,SCHEDULED_RHS,3.4,0.112713353641248,0.0687303756322691,0.207025678922718,-0.0411571681357543,0.00957033504540367
0.3,SCHEDULED_RHS,3.405,0.112713353641248,0.0687309611195845,0.206819995616233,-0.0411161613076363,0.00957037523273379
0.3,SCHEDULED_RHS,3.41,0.112713353641248,0.0687315460252294,0.206614517241207,-0.0410751955709667,0.00957041537979366
0.3,SCHEDULED_RHS,3.415,0.112713353641248,0.0687321303497438,0.206409243592182,-0.0410342708785159,0.00957045548662954
0.3,SCHEDULED_RHS,3.42,0.112713353641248,0.0687327140937089,0.206204174464033,-0.040993387188994,0.00957049555328193
0.3,SCHEDULED_RHS,3.425,0.112713353641248,0.068733297257741,0.205999309651949,-0.04095254446624,0.00957053557978623
0.3,SCHEDULED_RHS,3.43,0.112713353641248,0.0687338798424168,0.205794648951213,-0.0409117426685892,0.00957057556618331
0.3,SCHEDULED_RHS,3.435,0.112713353641248,0.0687344618482744,0.205590192157198,-0.0408709817490447,0.0095706155125192
0.3,SCHEDULED_RHS,3.44,0.112713353641248,0.0687350432758927,0.20538593906561,-0.0408302616664962,0.0095706554188342
0.3,SCHEDULED_RHS,3.445,0.112713353641248,0.0687356241258854,0.205181889472467,-0.0407895823849103,0.00957069528516362
0.3,SCHEDULED_RHS,3.45,0.112713353641248,0.068736204398827,0.204978043173879,-0.0407489438628055,0.00957073511154811
0.3,SCHEDULED_RHS,3.455,0.112713353641248,0.0687367840952536,0.204774399966049,-0.040708346053405,0.00957077489803352
0.3,SCHEDULED_RHS,3.46,0.112713353641248,0.0687373632157417,0.204570959645508,-0.0406677889157656,0.00957081464465997
0.3,SCHEDULED_RHS,3.465,0.112713353641248,0.0687379417609025,0.204367722009101,-0.0406272724139907,0.00957085435146264
0.3,SCHEDULED_RHS,3.47,0.112713353641248,0.0687385197313083,0.204164686853762,-0.040586796506771,0.00957089401848201
0.3,SCHEDULED_RHS,3.475,0.112713353641248,0.0687390971274931,0.203961853976517,-0.040546361147543,0.00957093364576372
0.3,SCHEDULED_RHS,3.48,0.112713353641248,0.0687396739500312,0.203759223174724,-0.0405059662955409,0.00957097323334772
0.3,SCHEDULED_RHS,3.485,0.112713353641248,0.0687402501995312,0.203556794246046,-0.0404656119149909,0.00957101278126907
0.3,SCHEDULED_RHS,3.49,0.112713353641248,0.0687408258765629,0.20335456698824,-0.0404252979647577,0.00957105228956807
0.3,SCHEDULED_RHS,3.495,0.112713353641248,0.0687414009816587,0.203152541199155,-0.0403850243984891,0.00957109175829017
0.3,SCHEDULED_RHS,3.5,0.112713353641248,0.0687419755153902,0.202950716676967,-0.0403447911755865,0.00957113118747513
0.3,SCHEDULED_RHS,3.505,0.112713353641248,0.0687425494783637,0.202749093220157,-0.0403045982604091,0.00957117057715789
0.3,SCHEDULED_RHS,3.51,0.112713353641248,0.0687431228711467,0.202547670627301,-0.0402644456119869,0.00957120992737861
0.3,SCHEDULED_RHS,3.515,0.112713353641248,0.0687436956942694,0.202346448697066,-0.0402243331841881,0.00957124923818249
0.3,SCHEDULED_RHS,3.52,0.112713353641248,0.0687442679483015,0.202145427228443,-0.0401842609365719,0.00957128850960917
0.3,SCHEDULED_RHS,3.525,0.112713353641248,0.0687448396338464,0.20194460602073,-0.0401442288336309,0.00957132774169344
0.3,SCHEDULED_RHS,3.53,0.112713353641248,0.0687454107514693,0.201743984873316,-0.0401042368345603,0.0095713669344753
0.3,SCHEDULED_RHS,3.535,0.112713353641248,0.0687459813016987,0.201543563585684,-0.0400642848934414,0.00957140608799973
0.3,SCHEDULED_RHS,3.54,0.112713353641248,0.0687465512851018,0.201343341957636,-0.0400243729700041,0.00957144520230621
0.3,SCHEDULED_RHS,3.545,0.112713353641248,0.0687471207022795,0.201143319789284,-0.0399845010288598,0.00957148427742943
0.3,SCHEDULED_RHS,3.55,0.112713353641248,0.068747689553795,0.200943496880827,-0.0399446690293814,0.00957152331340919
0.3,SCHEDULED_RHS,3.555,0.112713353641248,0.0687482578401744,0.200743873032559,-0.0399048769258528,0.0095715623102903
0.3,SCHEDULED_RHS,3.56,0.112713353641248,0.0687488255619828,0.200544448045094,-0.0398651246781743,0.00957160126811205
0.3,SCHEDULED_RHS,3.565,0.112713353641248,0.0687493927198186,0.200345221719348,-0.0398254122510799,0.00957164018690902
0.3,SCHEDULED_RHS,3.57,0.112713353641248,0.0687499593142426,0.200146193856331,-0.0397857396041115,0.00957167906672084
0.3,SCHEDULED_RHS,3.575,0.112713353641248,0.0687505253457792,0.199947364257144,-0.0397461066917639,0.00957171790759211
0.3,SCHEDULED_RHS,3.58,0.112713353641248,0.0687510908149911,0.199748732723208,-0.0397065134740995,0.00957175670956197
0.3,SCHEDULED_RHS,3.585,0.112713353641248,0.0687516557224742,0.199550299056243,-0.0396669599159853,0.00957179547266486
0.3,SCHEDULED_RHS,3.59,0.112713353641248,0.068752220068787,0.199352063058064,-0.0396274459771195,0.00957183419694027
0.3,SCHEDULED_RHS,3.595,0.112713353641248,0.068752783854452,0.199154024530576,-0.0395879716122156,0.00957187288243258
0.3,SCHEDULED_RHS,3.6,0.112713353641248,0.0687533470800295,0.198956183276003,-0.0395485367814921,0.00957191152918077
0.3,SCHEDULED_RHS,3.605,0.112713353641248,0.068753909746113,0.198758539096869,-0.0395091414499387,0.00957195013721917
0.3,SCHEDULED_RHS,3.61,0.112713353641248,0.0687544718532588,0.198561091795787,-0.0394697855774346,0.00957198870658708
0.3,SCHEDULED_RHS,3.615,0.112713353641248,0.0687550334019873,0.198363841175465,-0.0394304691188889,0.0095720272373287
0.3,SCHEDULED_RHS,3.62,0.112713353641248,0.0687555943928568,0.198166787038926,-0.039391192034687,0.00957206572948285
0.3,SCHEDULED_RHS,3.625,0.112713353641248,0.0687561548264581,0.197969929189493,-0.0393519542899448,0.00957210418308371
0.3,SCHEDULED_RHS,3.63,0.112713353641248,0.0687567147033454,0.197773267430575,-0.0393127558447048,0.00957214259817045
0.3,SCHEDULED_RHS,3.635,0.112713353641248,0.068757274024037,0.197576801565681,-0.0392735966540787,0.00957218097478706
0.3,SCHEDULED_RHS,3.64,0.112713353641248,0.0687578327890891,0.197380531398629,-0.0392344766786188,0.00957221931297219
0.3,SCHEDULED_RHS,3.645,0.112713353641248,0.0687583909990899,0.197184456733535,-0.0391953958835689,0.00957225761275992
0.3,SCHEDULED_RHS,3.65,0.112713353641248,0.0687589486545914,0.196988577374606,-0.0391563542291298,0.00957229587418923
0.3,SCHEDULED_RHS,3.655,0.112713353641248,0.06875950575611,0.196792893126143,-0.0391173516706296,0.00957233409730392
0.3,SCHEDULED_RHS,3.66,0.112713353641248,0.0687600623041997,0.196597403792758,-0.0390783881687682,0.00957237228214249
0.3,SCHEDULED_RHS,3.665,0.112713353641248,0.0687606182994462,0.19640210917936,-0.0390394636889209,0.00957241042873888
0.3,SCHEDULED_RHS,3.67,0.112713353641248,0.0687611737423993,0.196207009090945,-0.0390005781914571,0.00957244853713192
0.3,SCHEDULED_RHS,3.675,0.112713353641248,0.0687617286335735,0.196012103332608,-0.0389617316318969,0.00957248660736522
0.3,SCHEDULED_RHS,3.68,0.112713353641248,0.0687622829735204,0.195817391709749,-0.0389229239711142,0.00957252463947711
0.3,SCHEDULED_RHS,3.685,0.112713353641248,0.0687628367628234,0.195622874028064,-0.0388841551745998,0.00957256263350141
0.3,SCHEDULED_RHS,3.69,0.112713353641248,0.06876339000203,0.195428550093341,-0.0388454252028918,0.00957260058947679
0.3,SCHEDULED_RHS,3.695,0.112713353641248,0.0687639426916529,0.19523441971146,-0.0388067340117111,0.00957263850744666
0.3,SCHEDULED_RHS,3.7,0.112713353641248,0.0687644948322414,0.195040482688609,-0.0387680815620914,0.00957267638744919
0.3,SCHEDULED_RHS,3.705,0.112713353641248,0.0687650464243765,0.194846738831269,-0.0387294678196515,0.00957271422951808
0.3,SCHEDULED_RHS,3.71,0.112713353641248,0.0687655974686034,0.194653187946012,-0.0386908927450822,0.00957275203369186
0.3,SCHEDULED_RHS,3.715,0.112713353641248,0.068766147965433,0.194459829839503,-0.0386523562943175,0.0095727898000137
0.3,SCHEDULED_RHS,3.72,0.112713353641248,0.0687666979154124,0.194266664318714,-0.0386138584285458,0.00957282752852165
0.3,SCHEDULED_RHS,3.725,0.112713353641248,0.06876724731912,0.194073691190909,-0.0385753991135065,0.00957286521924929
0.3,SCHEDULED_RHS,3.73,0.112713353641248,0.068767796177099,0.193880910263439,-0.0385369783100629,0.00957290287223496
0.3,SCHEDULED_RHS,3.735,0.112713353641248,0.0687683444898582,0.193688321343753,-0.0384985959743389,0.00957294048752167
0.3,SCHEDULED_RHS,3.74,0.112713353641248,0.0687688922579427,0.193495924239602,-0.0384602520676882,0.00957297806514728
0.3,SCHEDULED_RHS,3.745,0.112713353641248,0.0687694394819283,0.193303718759027,-0.038421946555971,0.00957301560514527
0.3,SCHEDULED_RHS,3.75,0.112713353641248,0.0687699861623561,0.193111704710161,-0.0383836794002139,0.00957305310755381
0.3,SCHEDULED_RHS,3.755,0.112713353641248,0.0687705322997332,0.192919881901228,-0.0383454505567382,0.00957309057241573
0.3,SCHEDULED_RHS,3.76,0.112713353641248,0.0687710778946021,0.192728250140759,-0.0383072599870573,0.00957312799976873
0.3,SCHEDULED_RHS,3.765,0.112713353641248,0.0687716229475365,0.192536809237568,-0.0382691076571522,0.00957316538964615
0.3,SCHEDULED_RHS,3.77,0.112713353641248,0.0687721674590752,0.192345559000564,-0.0382309935282112,0.00957320274208603
0.3,SCHEDULED_RHS,3.775,0.112713353641248,0.0687727114297233,0.192154499238747,-0.0381929175567546,0.00957324005713098
0.3,SCHEDULED_RHS,3.78,0.112713353641248,0.0687732548600215,0.19196362976142,-0.0381548797044555,0.00957327733481857
0.3,SCHEDULED_RHS,3.785,0.112713353641248,0.0687737977505407,0.191772950378171,-0.0381168799374176,0.00957331457518201
0.3,SCHEDULED_RHS,3.79,0.112713353641248,0.0687743401018177,0.191582460898679,-0.0380789182169892,0.00957335177825917
0.3,SCHEDULED_RHS,3.795,0.112713353641248,0.0687748819143557,0.191392161132718,-0.0380409944998874,0.00957338894409249
0.3,SCHEDULED_RHS,3.8,0.112713353641248,0.0687754231886931,0.191202050890361,-0.0380031087479384,0.00957342607271936
0.3,SCHEDULED_RHS,3.805,0.112713353641248,0.0687759639253986,0.191012129981964,-0.037965260927372,0.00957346316417289
0.3,SCHEDULED_RHS,3.81,0.112713353641248,0.0687765041250068,0.190822398217977,-0.037927450999689,0.00957350021849081
0.3,SCHEDULED_RHS,3.815,0.112713353641248,0.0687770437880189,0.19063285540894,-0.0378896789218182,0.00957353723571531
0.3,SCHEDULED_RHS,3.82,0.112713353641248,0.0687775829149713,0.190443501365695,-0.0378519446557313,0.00957357421588368
0.3,SCHEDULED_RHS,3.825,0.112713353641248,0.0687781215064303,0.190254335899364,-0.0378142481677823,0.00957361115902889
0.3,SCHEDULED_RHS,3.83,0.112713353641248,0.0687786595629281,0.190065358821161,-0.037776589419634,0.00957364806518851
0.3,SCHEDULED_RHS,3.835,0.112713353641248,0.0687791970849644,0.189876569942395,-0.0377389683683997,0.00957368493440456
0.3,SCHEDULED_RHS,3.84,0.112713353641248,0.0687797340730732,0.189687969074668,-0.03770138497622,0.00957372176671415
0.3,SCHEDULED_RHS,3.845,0.112713353641248,0.0687802705278185,0.189499556029868,-0.0376638392095607,0.00957375856215015
0.3,SCHEDULED_RHS,3.85,0.112713353641248,0.0687808064497304,0.189311330619971,-0.0376263310302498,0.00957379532074996
0.3,SCHEDULED_RHS,3.855,0.112713353641248,0.0687813418393066,0.189123292657046,-0.0375888603955907,0.00957383204255542
0.3,SCHEDULED_RHS,3.86,0.112713353641248,0.068781876697079,0.18893544195346,-0.0375514272678821,0.00957386872760349
0.3,SCHEDULED_RHS,3.865,0.112713353641248,0.0687824110236093,0.188747778321857,-0.0375140316137124,0.00957390537592691
0.3,SCHEDULED_RHS,3.87,0.112713353641248,0.0687829448194255,0.188560301574974,-0.0374766733950604,0.00957394198756294
0.3,SCHEDULED_RHS,3.875,0.112713353641248,0.0687834780850234,0.188373011525639,-0.0374393525694305,0.00957397856255322
0.3,SCHEDULED_RHS,3.88,0.112713353641248,0.0687840108209328,0.188185907986977,-0.0374020690992687,0.00957401510093457
0.3,SCHEDULED_RHS,3.885,0.112713353641248,0.0687845430277128,0.187998990772389,-0.037364822951286,0.0095740516027396
0.3,SCHEDULED_RHS,3.89,0.112713353641248,0.0687850747058896,0.187812259695367,-0.0373276140876211,0.00957408806800541
0.3,SCHEDULED_RHS,3.895,0.112713353641248,0.068785605855957,0.187625714569497,-0.0372904424659701,0.00957412449677347
0.3,SCHEDULED_RHS,3.9,0.112713353641248,0.0687861364784426,0.187439355208657,-0.0372533080489283,0.00957416088908044
0.3,SCHEDULED_RHS,3.905,0.112713353641248,0.0687866665739034,0.187253181427001,-0.03721621080334,0.0095741972449588
0.3,SCHEDULED_RHS,3.91,0.112713353641248,0.0687871961428633,0.187067193038776,-0.0371791506914825,0.00957423356444553
0.3,SCHEDULED_RHS,3.915,0.112713353641248,0.0687877251858142,0.186881389858321,-0.037142127671256,0.00957426984758188
0.3,SCHEDULED_RHS,3.92,0.112713353641248,0.0687882537032819,0.186695771700264,-0.0371051417054051,0.00957430609440437
0.3,SCHEDULED_RHS,3.925,0.112713353641248,0.0687887816958206,0.186510338379511,-0.0370681927608878,0.00957434230494537
0.3,SCHEDULED_RHS,3.93,0.112713353641248,0.0687893091639524,0.186325089711058,-0.0370312808001518,0.00957437847924169
0.3,SCHEDULED_RHS,3.935,0.112713353641248,0.0687898361081673,0.186140025509993,-0.0369944057812734,0.00957441461733442
0.3,SCHEDULED_RHS,3.94,0.112713353641248,0.0687903625289889,0.185955145591695,-0.0369575676671605,0.0095744507192599
0.3,SCHEDULED_RHS,3.945,0.112713353641248,0.0687908884269693,0.185770449771816,-0.0369207664248794,0.00957448678505041
0.3,SCHEDULED_RHS,3.95,0.112713353641248,0.0687914138026282,0.185585937866098,-0.036884002017036,0.0095745228147426
0.3,SCHEDULED_RHS,3.955,0.112713353641248,0.0687919386564541,0.185401609690377,-0.0368472744019055,0.00957455880837736
0.3,SCHEDULED_RHS,3.96,0.112713353641248,0.0687924629889683,0.185217465060778,-0.0368105835425379,0.00957459476599089
0.3,SCHEDULED_RHS,3.965,0.112713353641248,0.0687929868007205,0.185033503793695,-0.0367739294061238,0.00957463068761536
0.3,SCHEDULED_RHS,3.97,0.112713353641248,0.0687935100922285,0.184849725705615,-0.0367373119554255,0.00957466657328726
0.3,SCHEDULED_RHS,3.975,0.112713353641248,0.0687940328639789,0.184666130613119,-0.0367007311488941,0.00957470242304731
0.3,SCHEDULED_RHS,3.98,0.112713353641248,0.0687945551164909,0.184482718333073,-0.0366641869497464,0.00957473823693155
0.3,SCHEDULED_RHS,3.985,0.112713353641248,0.0687950768503119,0.184299488682612,-0.0366276793252815,0.00957477401497202
0.3,SCHEDULED_RHS,3.99,0.112713353641248,0.0687955980659577,0.184116441478965,-0.0365912082384163,0.00957480975720509
0.3,SCHEDULED_RHS,3.995,0.112713353641248,0.0687961187639162,0.183933576539463,-0.0365547736482643,0.0095748454636708
0.3,SCHEDULED_RHS,4,0.112713353641248,0.068796638944711,0.183750893681729,-0.0365183755190959,0.00957488113440419
